dataset_id,collection_id,title,cell_count,n_donors,n_cell_types,assays,tissues,diseases,n_dev_stages,n_stages_numeric_years,age_min,age_max,age_span,dev_stages_sample,h5ad_url,h5ad_bytes,immune_like
3faad104-2ab8-4434-816d-474d8d2641db,dde06e0f-ab3b-46be-96a2-a8082383c4a1,Single-cell eQTL mapping identifies cell type specific genetic control of autoimmune disease,1248980,981,29,10x 3' v2,blood,normal,78,78,19.0,97.0,78.0,19-year-old stage; 20-year-old stage; 21-year-old stage; 22-year-old stage; 23-year-old stage; 24-year-old stage; 25-year-old stage; 26-year-old stage; 27-year-old stage; 28-year-old stage; 29-year-old stage; 30-year-old stage,https://datasets.cellxgene.cziscience.com/1e44db10-b572-46cc-adae-dcc7acd44ca6.h5ad,4434273970,True
c838aec3-03ef-4398-b882-0e3912abfff0,ced320a1-29f3-47c1-a735-513c7084d508,"AIDA Phase 1 Data Freeze v2: Chinese, Indian, Japanese, Korean, Malay, and Thai donors in Japan, Singapore, South Korea, Thailand, and India",1265624,625,32,10x 5' v2,blood,normal,55,55,19.0,77.0,58.0,19-year-old stage; 21-year-old stage; 22-year-old stage; 23-year-old stage; 24-year-old stage; 25-year-old stage; 26-year-old stage; 27-year-old stage; 28-year-old stage; 29-year-old stage; 30-year-old stage; 31-year-old stage,https://datasets.cellxgene.cziscience.com/f89a12c2-7a3b-415b-ab87-bbc550fe17f4.h5ad,14244656399,True
05a8c945-bc12-414f-960d-a31943bbcdd1,3a844375-60ea-474b-adf1-98e76928baee,The single-cell Colorectal Cancer Atlas -- core atlas,3790266,588,43,10x 3' v1; 10x 3' v2; 10x 3' v3; 10x 5' transcription profiling; 10x 5' v1; 10x 5' v2; BD Rhapsody Whole Transcriptome Analysis; Fluidigm C1-based SMARTer library preparation; GEXSCOPE technology; Smart-seq2; TruDrop,ascending colon; blood; caecum; caecum epithelium; colon; colonic epithelium; colorectal mucosa; colorectum; descending colon; hepatic cecum; hepatic flexure of colon; left colon; liver; lymph node; m,colon adenocarcinoma; colon adenocarcinoma || mucinous adenocarcinoma; colon adenoma; colon adenoma || colorectal tubulo,69,60,26.0,91.0,65.0,26-year-old stage; 29-year-old stage; 30-year-old stage; 31-year-old stage; 33-year-old stage; 34-year-old stage; 35-year-old stage; 36-year-old stage; 37-year-old stage; 38-year-old stage; 40-year-old stage; 41-year-old stage,https://datasets.cellxgene.cziscience.com/4a8b9568-965e-46b8-a427-baab6bf018e5.h5ad,30875155333,True
b0e547f0-462b-4f81-b31b-5b0a5d96f537,ced320a1-29f3-47c1-a735-513c7084d508,"AIDA Phase 1 Data Freeze v1: Chinese, Indian, Japanese, Korean, and Malay donors in Japan, Singapore, and South Korea",1058909,508,33,10x 5' v2,blood,normal,54,54,19.0,75.0,56.0,19-year-old stage; 21-year-old stage; 22-year-old stage; 23-year-old stage; 24-year-old stage; 25-year-old stage; 26-year-old stage; 27-year-old stage; 28-year-old stage; 29-year-old stage; 30-year-old stage; 31-year-old stage,https://datasets.cellxgene.cziscience.com/c51e913d-832a-44a1-8f43-d20c51a1799f.h5ad,10547314784,True
1e6a6ef9-7ec9-4c90-bbfb-2ad3c3165fd1,edb893ee-4066-4128-9aec-5eb2b03f8287,The single-cell lung cancer atlas (LuCA) -- extended atlas,1283972,318,33,10x 3' v1; 10x 3' v2; 10x 3' v3; 10x 5' v1; BD Rhapsody Whole Transcriptome Analysis; Drop-seq; GEXSCOPE technology; Smart-seq2; inDrop,adrenal tissue; brain; liver; lung; lymph node; pleural effusion,chronic obstructive pulmonary disease; lung adenocarcinoma; non-small cell lung carcinoma; normal; squamous cell lung ca,58,57,20.0,90.0,70.0,20-year-old stage; 21-year-old stage; 22-year-old stage; 23-year-old stage; 25-year-old stage; 26-year-old stage; 28-year-old stage; 29-year-old stage; 31-year-old stage; 32-year-old stage; 35-year-old stage; 36-year-old stage,https://datasets.cellxgene.cziscience.com/33165751-ae33-4a65-94ee-52d9bc38f97e.h5ad,17616543376,True
232f6a5a-a04c-4758-a6e8-88ab2e3a6e69,edb893ee-4066-4128-9aec-5eb2b03f8287,The single-cell lung cancer atlas (LuCA) -- core atlas,892296,298,33,10x 3' v1; 10x 3' v2; 10x 3' v3; 10x 5' v1; BD Rhapsody Whole Transcriptome Analysis; Drop-seq; GEXSCOPE technology; Smart-seq2; inDrop,adrenal tissue; brain; liver; lung; lymph node; pleural effusion,chronic obstructive pulmonary disease; lung adenocarcinoma; non-small cell lung carcinoma; normal; squamous cell lung ca,57,56,20.0,86.0,66.0,20-year-old stage; 21-year-old stage; 22-year-old stage; 23-year-old stage; 25-year-old stage; 26-year-old stage; 28-year-old stage; 29-year-old stage; 31-year-old stage; 32-year-old stage; 35-year-old stage; 36-year-old stage,https://datasets.cellxgene.cziscience.com/46e0287b-9a33-4e83-99f3-8c044131bfdc.h5ad,12897440967,True
218acb0f-9f2f-4f76-b90b-15a4b7c7f629,436154da-bcf1-4130-9c8b-120ff9a888f2,multiplexed scRNA-seq of 1.2 million PBMCs from adult lupus samples,1263676,261,11,10x 3' v2,blood,normal; systemic lupus erythematosus,55,55,20.0,83.0,63.0,20-year-old stage; 21-year-old stage; 22-year-old stage; 23-year-old stage; 24-year-old stage; 25-year-old stage; 26-year-old stage; 27-year-old stage; 28-year-old stage; 29-year-old stage; 30-year-old stage; 31-year-old stage,https://datasets.cellxgene.cziscience.com/c55dc602-d168-4d15-acc1-5de4f2f5d551.h5ad,12218105530,True
ff4235bb-1cdf-4dcf-a13a-dc4f32244400,60a2676d-9f37-46cc-9b02-c7370a53be9c,All cells,3758514,234,37,10x gene expression flex,blood,cytomegalovirus infection; normal,51,51,40.0,89.0,49.0,40-year-old stage; 41-year-old stage; 42-year-old stage; 43-year-old stage; 44-year-old stage; 45-year-old stage; 46-year-old stage; 47-year-old stage; 48-year-old stage; 49-year-old stage; 50-year-old stage; 51-year-old stage,https://datasets.cellxgene.cziscience.com/924554e2-d893-4015-be86-017e96fab55b.h5ad,40120421985,True
c0ee763d-fc9e-44e1-bd1f-bebcde1240d9,60a2676d-9f37-46cc-9b02-c7370a53be9c,Monocyte and dendritic cells,389187,234,6,10x gene expression flex,blood,cytomegalovirus infection; normal,51,51,40.0,89.0,49.0,40-year-old stage; 41-year-old stage; 42-year-old stage; 43-year-old stage; 44-year-old stage; 45-year-old stage; 46-year-old stage; 47-year-old stage; 48-year-old stage; 49-year-old stage; 50-year-old stage; 51-year-old stage,https://datasets.cellxgene.cziscience.com/6f7a06a8-6d30-4cbc-8102-a2af2b31967c.h5ad,5760043343,True
b287b8e5-7ee2-428c-8f5f-7c4c8e1baeed,60a2676d-9f37-46cc-9b02-c7370a53be9c,B and plasma cells,455893,234,5,10x gene expression flex,blood,cytomegalovirus infection; normal,51,51,40.0,89.0,49.0,40-year-old stage; 41-year-old stage; 42-year-old stage; 43-year-old stage; 44-year-old stage; 45-year-old stage; 46-year-old stage; 47-year-old stage; 48-year-old stage; 49-year-old stage; 50-year-old stage; 51-year-old stage,https://datasets.cellxgene.cziscience.com/a3d8cef9-0194-4953-be3a-930adfadb139.h5ad,5019121721,True
95498b77-1bec-4298-8745-c24af1069917,60a2676d-9f37-46cc-9b02-c7370a53be9c,Other cell types,9354,234,5,10x gene expression flex,blood,cytomegalovirus infection; normal,51,51,40.0,89.0,49.0,40-year-old stage; 41-year-old stage; 42-year-old stage; 43-year-old stage; 44-year-old stage; 45-year-old stage; 46-year-old stage; 47-year-old stage; 48-year-old stage; 49-year-old stage; 50-year-old stage; 51-year-old stage,https://datasets.cellxgene.cziscience.com/a3f06617-e433-4f73-8fed-24ff53408504.h5ad,92718657,True
946dc63a-760c-4a6c-9ed1-aa2f640d5183,60a2676d-9f37-46cc-9b02-c7370a53be9c,NK cells and ILCs,560959,234,4,10x gene expression flex,blood,cytomegalovirus infection; normal,51,51,40.0,89.0,49.0,40-year-old stage; 41-year-old stage; 42-year-old stage; 43-year-old stage; 44-year-old stage; 45-year-old stage; 46-year-old stage; 47-year-old stage; 48-year-old stage; 49-year-old stage; 50-year-old stage; 51-year-old stage,https://datasets.cellxgene.cziscience.com/f0bc2082-70fa-4ae6-94b6-026c865e02a1.h5ad,6796495429,True
4934091f-85d6-4a82-8915-6812aea23cb9,60a2676d-9f37-46cc-9b02-c7370a53be9c,CD4 memory and Treg cells,854753,234,8,10x gene expression flex,blood,cytomegalovirus infection; normal,51,51,40.0,89.0,49.0,40-year-old stage; 41-year-old stage; 42-year-old stage; 43-year-old stage; 44-year-old stage; 45-year-old stage; 46-year-old stage; 47-year-old stage; 48-year-old stage; 49-year-old stage; 50-year-old stage; 51-year-old stage,https://datasets.cellxgene.cziscience.com/729a2a8d-f457-4709-b2ba-731616abb516.h5ad,10542988427,True
43507e2f-a9d7-40da-bb3c-f1946f71a267,60a2676d-9f37-46cc-9b02-c7370a53be9c,"CD8 T, gdT, MAIT, and dnT cells",717559,234,8,10x gene expression flex,blood,cytomegalovirus infection; normal,51,51,40.0,89.0,49.0,40-year-old stage; 41-year-old stage; 42-year-old stage; 43-year-old stage; 44-year-old stage; 45-year-old stage; 46-year-old stage; 47-year-old stage; 48-year-old stage; 49-year-old stage; 50-year-old stage; 51-year-old stage,https://datasets.cellxgene.cziscience.com/ca5b6b79-5e4f-46eb-b034-a58cac6282cd.h5ad,8701032017,True
4568ebb2-468c-4381-9ce7-81cd97abcd22,071b706a-7ea7-47a4-bddf-6457725839fc,All Cells,748679,210,14,10x 3' v1; 10x 3' v2; 10x 3' v3; 10x 5' v1; 10x 5' v2; 10x transcription profiling; SORT-seq; Seq-Well; Smart-seq2,bone marrow,myeloid leukemia; normal,80,78,0.16666666666666666,85.0,84.83333333333333,1-year-old stage; 10-year-old stage; 11-year-old stage; 12-year-old stage; 13-year-old stage; 14-year-old stage; 15-year-old stage; 16-year-old stage; 17-year-old stage; 18-month-old stage; 19-month-old stage; 19-year-old stage,https://datasets.cellxgene.cziscience.com/538e5e8b-3400-4b23-b380-17a152949c63.h5ad,6398033772,True
ca7d95ac-53aa-4a94-8c76-300c608ce6a0,d1e0e64d-6d2a-4a3e-b7f4-43ed909a9d9c,All cells from human PBMC samples collected in Indonesia,462034,199,13,10x 5' v2,blood,normal,41,41,18.0,60.0,42.0,18-year-old stage; 19-year-old stage; 20-year-old stage; 21-year-old stage; 22-year-old stage; 23-year-old stage; 24-year-old stage; 25-year-old stage; 26-year-old stage; 27-year-old stage; 28-year-old stage; 29-year-old stage,https://datasets.cellxgene.cziscience.com/6a322de5-4cc6-43f5-b35d-6f0c246fb297.h5ad,3855510491,True
b3875c91-55a6-4187-af6f-486505de025d,d1e0e64d-6d2a-4a3e-b7f4-43ed909a9d9c,Myeloid cells from human PBMC samples collected in Indonesia,71492,199,8,10x 5' v2,blood,normal,41,41,18.0,60.0,42.0,18-year-old stage; 19-year-old stage; 20-year-old stage; 21-year-old stage; 22-year-old stage; 23-year-old stage; 24-year-old stage; 25-year-old stage; 26-year-old stage; 27-year-old stage; 28-year-old stage; 29-year-old stage,https://datasets.cellxgene.cziscience.com/770a441b-b903-4d22-8873-09b1abfd797a.h5ad,793739031,True
55ec1734-60b6-496e-87ad-6f2f44229422,d1e0e64d-6d2a-4a3e-b7f4-43ed909a9d9c,Lymphocytes from human PBMC samples collected in Indonesia,389095,199,16,10x 5' v2,blood,normal,41,41,18.0,60.0,42.0,18-year-old stage; 19-year-old stage; 20-year-old stage; 21-year-old stage; 22-year-old stage; 23-year-old stage; 24-year-old stage; 25-year-old stage; 26-year-old stage; 27-year-old stage; 28-year-old stage; 29-year-old stage,https://datasets.cellxgene.cziscience.com/ef8a4400-b2f9-4724-8f19-b94c76c53f8a.h5ad,3075445404,True
9dbab10c-118d-496b-966a-67f1763a6b7d,0a839c4b-10d0-4d64-9272-684c49a2c8ba,Large-scale single-cell analysis reveals critical immune characteristics of COVID-19 patients,1462702,196,18,10x 3' v3; 10x 5' v2,blood; lung; saliva,COVID-19; normal,65,64,6.0,92.0,86.0,15-year-old stage; 16-year-old stage; 19-year-old stage; 20-year-old stage; 25-year-old stage; 26-year-old stage; 27-year-old stage; 28-year-old stage; 29-year-old stage; 30-year-old stage; 31-year-old stage; 32-year-old stage,https://datasets.cellxgene.cziscience.com/481a2da9-2e61-424a-87e4-171e940006a4.h5ad,13970529362,True
d9f3a82c-24bb-4277-b715-8ec92a33dd32,5542eeb0-96ef-4ab9-95ea-eb6abc178461,human cHSPCs - Illumina,495763,132,9,10x 3' v3,blood,hematologic disorder; myelodysplastic syndrome; myelodysplastic/myeloproliferative disease; normal,54,54,26.0,94.0,68.0,26-year-old stage; 27-year-old stage; 31-year-old stage; 32-year-old stage; 34-year-old stage; 37-year-old stage; 39-year-old stage; 40-year-old stage; 41-year-old stage; 43-year-old stage; 45-year-old stage; 46-year-old stage,https://datasets.cellxgene.cziscience.com/7cbae627-b2a7-4f72-ae28-49afaf35b7a7.h5ad,1384431254,True
b617ee1b-f8c8-4de9-b82b-e803ab93550d,3f7c572c-cd73-4b51-a313-207c7f20f188,A multi-tissue single-cell tumor microenvironment atlas,391963,132,11,10x 3' v1; 10x 3' v2; 10x 3' v3; 10x 5' v2; Smart-seq2; inDrop,blood; breast; colorectum; liver; lung; ovary; skin epidermis; uvea,breast apocrine carcinoma; breast cancer; cecum adenocarcinoma; colon adenocarcinoma; colorectal adenocarcinoma; invasiv,48,42,25.0,86.0,61.0,25-year-old stage; 27-year-old stage; 37-year-old stage; 38-year-old stage; 41-year-old stage; 42-year-old stage; 43-year-old stage; 44-year-old stage; 45-year-old stage; 46-year-old stage; 47-year-old stage; 51-year-old stage,https://datasets.cellxgene.cziscience.com/1b76227b-c731-4807-9487-ad5e4d24e0d0.h5ad,2606540453,True
c7775e88-49bf-4ba2-a03b-93f00447c958,ddfad306-714d-4cc0-9985-d9072820c530,Single-cell multi-omics analysis of the immune response in COVID-19,647366,120,46,10x 3' transcription profiling,blood,COVID-19; normal; respiratory system disorder,46,39,21.0,92.0,71.0,21-year-old stage; 25-year-old stage; 26-year-old stage; 30-year-old stage; 31-year-old stage; 38-year-old stage; 39-year-old stage; 40-year-old stage; 44-year-old stage; 46-year-old stage; 47-year-old stage; 49-year-old stage,https://datasets.cellxgene.cziscience.com/fe2e847c-1602-4f1b-86a4-112e4dc7a8e3.h5ad,7058204031,True
ed78c6b7-cb40-4ebc-b55f-40bc99ba1b5d,77f9d7e9-5675-49c3-abed-ce02f39eef1b,Human Immune Health Atlas B and Plasma cells,160632,108,5,10x 3' v3,blood,cytomegalovirus infection; normal,25,25,11.0,65.0,54.0,11-year-old stage; 12-year-old stage; 25-year-old stage; 26-year-old stage; 27-year-old stage; 28-year-old stage; 29-year-old stage; 30-year-old stage; 31-year-old stage; 32-year-old stage; 33-year-old stage; 34-year-old stage,https://datasets.cellxgene.cziscience.com/b6986a7f-981e-4e04-93ed-57f444749b8b.h5ad,1199390735,True
e522d2cd-7927-4e59-a4ed-064009569279,77f9d7e9-5675-49c3-abed-ce02f39eef1b,Human Immune Health Atlas,1821725,108,38,10x 3' v3,blood,cytomegalovirus infection; normal,25,25,11.0,65.0,54.0,11-year-old stage; 12-year-old stage; 25-year-old stage; 26-year-old stage; 27-year-old stage; 28-year-old stage; 29-year-old stage; 30-year-old stage; 31-year-old stage; 32-year-old stage; 33-year-old stage; 34-year-old stage,https://datasets.cellxgene.cziscience.com/c1ce03ce-4b71-4b8d-b695-c3cec99cdfc2.h5ad,11527725872,True
e12eb8a9-5e8b-4b59-90c8-77d29a811c00,77f9d7e9-5675-49c3-abed-ce02f39eef1b,Human Immune Health Atlas CD4 T cells,743615,108,10,10x 3' v3,blood,cytomegalovirus infection; normal,25,25,11.0,65.0,54.0,11-year-old stage; 12-year-old stage; 25-year-old stage; 26-year-old stage; 27-year-old stage; 28-year-old stage; 29-year-old stage; 30-year-old stage; 31-year-old stage; 32-year-old stage; 33-year-old stage; 34-year-old stage,https://datasets.cellxgene.cziscience.com/21242fc7-faf3-41a9-a7d0-b3689b381cf0.h5ad,5627202419,True
dade16db-a38b-41f5-95c8-7ec0238d17fc,77f9d7e9-5675-49c3-abed-ce02f39eef1b,Human Immune Health Atlas DCs,23287,108,4,10x 3' v3,blood,cytomegalovirus infection; normal,25,25,11.0,65.0,54.0,11-year-old stage; 12-year-old stage; 25-year-old stage; 26-year-old stage; 27-year-old stage; 28-year-old stage; 29-year-old stage; 30-year-old stage; 31-year-old stage; 32-year-old stage; 33-year-old stage; 34-year-old stage,https://datasets.cellxgene.cziscience.com/4f925e42-3e42-4e2d-8394-4e88bf9a0ff2.h5ad,347259294,True
b90d4a42-714c-4590-b548-6e75e6c081e8,77f9d7e9-5675-49c3-abed-ce02f39eef1b,Human Immune Health Atlas CD8 T cells,406730,108,7,10x 3' v3,blood,cytomegalovirus infection; normal,25,25,11.0,65.0,54.0,11-year-old stage; 12-year-old stage; 25-year-old stage; 26-year-old stage; 27-year-old stage; 28-year-old stage; 29-year-old stage; 30-year-old stage; 31-year-old stage; 32-year-old stage; 33-year-old stage; 34-year-old stage,https://datasets.cellxgene.cziscience.com/3f63935d-f0e3-40c1-bd0a-dc51a18ded91.h5ad,3141679623,True
81ffdcd6-3f04-40bc-8bb0-9748f4ffe576,77f9d7e9-5675-49c3-abed-ce02f39eef1b,Human Immune Health Atlas Other cells,10937,108,5,10x 3' v3,blood,cytomegalovirus infection; normal,25,25,11.0,65.0,54.0,11-year-old stage; 12-year-old stage; 25-year-old stage; 26-year-old stage; 27-year-old stage; 28-year-old stage; 29-year-old stage; 30-year-old stage; 31-year-old stage; 32-year-old stage; 33-year-old stage; 34-year-old stage,https://datasets.cellxgene.cziscience.com/70dd5115-cec8-49ad-a2fb-f985067b193f.h5ad,59053452,True
514329cb-2f22-4e7b-b789-75ea1a1e0067,77f9d7e9-5675-49c3-abed-ce02f39eef1b,Human Immune Health Atlas NK cells and ILCs,148605,108,4,10x 3' v3,blood,cytomegalovirus infection; normal,25,25,11.0,65.0,54.0,11-year-old stage; 12-year-old stage; 25-year-old stage; 26-year-old stage; 27-year-old stage; 28-year-old stage; 29-year-old stage; 30-year-old stage; 31-year-old stage; 32-year-old stage; 33-year-old stage; 34-year-old stage,https://datasets.cellxgene.cziscience.com/6e3efab0-6f7d-4c2e-be29-3690ad9bf762.h5ad,1195917456,True
24905cd6-203f-4a02-ae7b-cfb4464b2000,77f9d7e9-5675-49c3-abed-ce02f39eef1b,Human Immune Health Atlas Monocytes,327919,108,3,10x 3' v3,blood,cytomegalovirus infection; normal,25,25,11.0,65.0,54.0,11-year-old stage; 12-year-old stage; 25-year-old stage; 26-year-old stage; 27-year-old stage; 28-year-old stage; 29-year-old stage; 30-year-old stage; 31-year-old stage; 32-year-old stage; 33-year-old stage; 34-year-old stage,https://datasets.cellxgene.cziscience.com/61da72ba-9073-417c-af14-612d9faef6d0.h5ad,3611822236,True
4a5b00e0-1ba3-4fd4-af89-d3512eb20720,5542eeb0-96ef-4ab9-95ea-eb6abc178461,human cHSPCs - Ultima,516121,107,9,10x 3' v3,blood,hematologic disorder; myelodysplastic syndrome; myelodysplastic/myeloproliferative disease; normal,56,56,23.0,93.0,70.0,23-year-old stage; 25-year-old stage; 26-year-old stage; 28-year-old stage; 30-year-old stage; 31-year-old stage; 32-year-old stage; 33-year-old stage; 34-year-old stage; 36-year-old stage; 37-year-old stage; 38-year-old stage,https://datasets.cellxgene.cziscience.com/24402055-3e47-463a-a9b0-6e04edd04ae2.h5ad,1706963580,True
d6505c89-c43d-4c28-8c4f-7351a5fd5528,4c6eaf5c-6d57-4c76-b1e9-60df8c655f1e,snRNA-seq of human retina - all cells,3177310,104,31,10x 3' v3,fovea centralis; macula lutea; macula lutea proper; peripheral region of retina,normal,54,50,3.0,90.0,87.0,10-year-old stage; 11-year-old stage; 15-year-old stage; 16-year-old stage; 17-year-old stage; 18-year-old stage; 21-year-old stage; 24-year-old stage; 25-year-old stage; 27-year-old stage; 3-year-old stage; 30-year-old stage,https://datasets.cellxgene.cziscience.com/25f1558d-c1f8-49f8-addc-b778d8cbd4aa.h5ad,37673332249,True
975fd2d3-1982-47a1-9ef7-8cde3345f219,4c6eaf5c-6d57-4c76-b1e9-60df8c655f1e,snRNA-seq of human retina - bipolar cell subset,691008,104,13,10x 3' v3,fovea centralis; macula lutea; macula lutea proper; peripheral region of retina,normal,54,50,3.0,90.0,87.0,10-year-old stage; 11-year-old stage; 15-year-old stage; 16-year-old stage; 17-year-old stage; 18-year-old stage; 21-year-old stage; 24-year-old stage; 25-year-old stage; 27-year-old stage; 3-year-old stage; 30-year-old stage,https://datasets.cellxgene.cziscience.com/6c9f72ef-bc79-4a98-a323-d26252cf5dab.h5ad,6990850926,True
8c0a3574-b0ad-4e4f-b5d3-d1a743b00d4a,4c6eaf5c-6d57-4c76-b1e9-60df8c655f1e,snRNA-seq of human retina - amacrine cell subset,571579,104,4,10x 3' v3,fovea centralis; macula lutea; macula lutea proper; peripheral region of retina,normal,54,50,3.0,90.0,87.0,10-year-old stage; 11-year-old stage; 15-year-old stage; 16-year-old stage; 17-year-old stage; 18-year-old stage; 21-year-old stage; 24-year-old stage; 25-year-old stage; 27-year-old stage; 3-year-old stage; 30-year-old stage,https://datasets.cellxgene.cziscience.com/7710a02a-55b2-4a81-a3d4-aba6b217386e.h5ad,7758244648,True
95ce06a0-7de9-4ab2-bcd1-a6625f55e7e3,4c6eaf5c-6d57-4c76-b1e9-60df8c655f1e,snRNA-seq of human retina - retinal ganglion cell subset,372816,103,5,10x 3' v3,fovea centralis; macula lutea; macula lutea proper; peripheral region of retina,normal,54,50,3.0,90.0,87.0,10-year-old stage; 11-year-old stage; 15-year-old stage; 16-year-old stage; 17-year-old stage; 18-year-old stage; 21-year-old stage; 24-year-old stage; 25-year-old stage; 27-year-old stage; 3-year-old stage; 30-year-old stage,https://datasets.cellxgene.cziscience.com/3a22048d-c63a-4117-9945-ccf96c063ac3.h5ad,7337437943,True
7be23e52-e357-45d6-861f-31166913104e,f11cb29c-b546-4738-9bd8-66ea621a7bd5,Extended - Neural cells,23904,101,7,10x 3' v1; 10x 3' v2; 10x 3' v3; 10x 5' transcription profiling; 10x 5' v2,ascending colon; body of stomach; buccal mucosa; caecum; colon; colonic mucosa; descending colon; duodenum; esophagus; gingiva; ileum; intestine; jejunum; labial gland; mesenteric lymph node; periodon,Crohn disease; colorectal cancer; gastric cancer; normal; ulcerative colitis,62,39,0.16666666666666666,86.0,85.83333333333333,10-year-old stage; 10th week post-fertilization stage; 11-year-old stage; 11th week post-fertilization stage; 12-year-old stage; 12th week post-fertilization stage; 13-year-old stage; 13th week post-fertilization stage; 14-year-old stage; 15th week post-fertilization stage; 16th week post-fertilization stage; 17th week post-fertilization stage,https://datasets.cellxgene.cziscience.com/02f1646e-52ca-4b4a-aec2-f4469f216cea.h5ad,256873319,True
547b47fa-d4e4-439e-bace-5b3b0f45fa23,4c6eaf5c-6d57-4c76-b1e9-60df8c655f1e,snRNA-seq of human retina - retinal ganglion cell subset - refined clustering,345257,101,5,10x 3' v3,fovea centralis; macula lutea; macula lutea proper; peripheral region of retina,normal,53,49,3.0,90.0,87.0,10-year-old stage; 11-year-old stage; 15-year-old stage; 16-year-old stage; 17-year-old stage; 18-year-old stage; 21-year-old stage; 25-year-old stage; 27-year-old stage; 3-year-old stage; 30-year-old stage; 32-year-old stage,https://datasets.cellxgene.cziscience.com/e4c0ab7b-35da-4d47-a285-f25db28c1624.h5ad,6585832537,True
07574da2-6bd3-4708-a04d-27d95c009f4e,f11cb29c-b546-4738-9bd8-66ea621a7bd5,Extended - Small intestine (adult/pediatric)- 18485genes,221900,99,12,10x 3' v1; 10x 3' v2; 10x 3' v3; 10x 5' transcription profiling; 10x 5' v1; 10x 5' v2,duodenal epithelium; duodenum; epithelium of small intestine; ileal epithelium; ileum; ileum lamina propria; jejunum; lamina propria of small intestine; mesenteric lymph node; small intestine,Crohn disease; celiac disease; normal,30,23,4.0,87.0,83.0,10-year-old stage; 11-year-old stage; 12-year-old stage; 13-year-old stage; 14-year-old stage; 18-year-old stage; 20-year-old stage; 22-year-old stage; 25-year-old stage; 29-year-old stage; 31-year-old stage; 36-year-old stage,https://datasets.cellxgene.cziscience.com/4f59842b-967c-4106-bbd0-aae9cb2ead5e.h5ad,1377515722,True
789ad837-9bf5-436c-9b60-9f1153546e4c,3a518635-c062-4c66-a9bd-c4581a5e3c63,altra all samples,2029864,89,38,10x 3' v3,blood,cytomegalovirus infection; cytomegalovirus infection || rheumatoid arthritis; normal; rheumatoid arthritis,50,50,21.0,78.0,57.0,21-year-old stage; 22-year-old stage; 23-year-old stage; 24-year-old stage; 28-year-old stage; 31-year-old stage; 32-year-old stage; 33-year-old stage; 34-year-old stage; 35-year-old stage; 36-year-old stage; 37-year-old stage,https://datasets.cellxgene.cziscience.com/498b1730-9e9e-4901-87ad-2532d94ebe90.h5ad,18060779704,True
01ad3cd7-3929-4654-84c0-6db05bd5fd59,7d7cabfd-1d1f-40af-96b7-26a0825a306d,Type I interferon autoantibodies are associated with systemic immune alterations in patients with COVID-19,600929,80,11,10x 5' transcription profiling,blood,COVID-19; normal; respiratory system disorder,43,42,25.0,86.0,61.0,25-year-old stage; 31-year-old stage; 33-year-old stage; 34-year-old stage; 35-year-old stage; 37-year-old stage; 38-year-old stage; 39-year-old stage; 41-year-old stage; 42-year-old stage; 43-year-old stage; 44-year-old stage,https://datasets.cellxgene.cziscience.com/d8c1db06-c05d-4412-ae76-1c500ac6a025.h5ad,6309922729,True
96a3f64b-0ee9-40d8-91e9-813ce38261c9,b9fc3d70-5a72-4479-a046-c2cc1ab19efc,COVID-19 Immune Altas: Integration of 5 public COVID-19 PBMC single-cell datasets,239696,78,29,10x 3' v2; 10x 3' v3; Seq-Well,blood,COVID-19; normal,33,26,27.0,84.0,57.0,27-year-old stage; 29-year-old stage; 36-year-old stage; 37-year-old stage; 38-year-old stage; 39-year-old stage; 46-year-old stage; 47-year-old stage; 48-year-old stage; 49-year-old stage; 53-year-old stage; 54-year-old stage,https://datasets.cellxgene.cziscience.com/904c928e-b671-41b2-9354-7256e7dd68fa.h5ad,1788214939,True
2a498ace-872a-4935-984b-1afa70fd9886,03f821b4-87be-4ff4-b65a-b5fc00061da7,PBMC,422220,75,30,10x 5' v1,blood,COVID-19; normal; post-COVID-19 disorder,17,10,25.0,92.0,67.0,25-year-old stage; 39-year-old stage; 52-year-old stage; 56-year-old stage; 66-year-old stage; 70-year-old stage; 73-year-old stage; 76-year-old stage; 80-year-old stage; 92-year-old stage; adult stage; child stage (1-4 yo),https://datasets.cellxgene.cziscience.com/4554d5bf-9182-47af-8caf-6b2c93513829.h5ad,4427829665,True
fe067858-1282-46ea-9553-b8cd19167266,be2285ed-d27d-4249-97a2-9b23ea924413,A single-cell atlas identifies oncogenic transcriptional programs and immune escape mechanisms in CTCL (blood),532152,66,8,10x 5' transcription profiling; 10x 5' v1; 10x 5' v2,blood; mesenteric lymph node; thoracic lymph node,Sezary syndrome; mycosis fungoides; normal,44,42,21.0,86.0,65.0,21-year-old stage; 22-year-old stage; 28-year-old stage; 29-year-old stage; 30-year-old stage; 31-year-old stage; 32-year-old stage; 34-year-old stage; 38-year-old stage; 39-year-old stage; 40-year-old stage; 44-year-old stage,https://datasets.cellxgene.cziscience.com/296a7df6-3505-418a-9762-4fe844bc90bc.h5ad,3383094202,True
d86edd6a-4b5d-437a-ad80-1fd976a5e23a,854c0855-23ad-4362-8b77-6b1639e7a9fc,Blood,335916,65,24,10x 3' v2; 10x 3' v3; 10x 5' v1; 10x 5' v2,blood,normal,37,32,21.0,73.0,52.0,21-year-old stage; 22-year-old stage; 26-year-old stage; 27-year-old stage; 28-year-old stage; 29-year-old stage; 30-year-old stage; 32-year-old stage; 33-year-old stage; 34-year-old stage; 35-year-old stage; 37-year-old stage,https://datasets.cellxgene.cziscience.com/e1ce4d49-a850-4167-a18c-9e9e68bbfe66.h5ad,2416003445,True
d9b4bc69-ed90-4f5f-99b2-61b0681ba436,b9fc3d70-5a72-4479-a046-c2cc1ab19efc,B Cell/Plasmablast Sub_clusters of COVID-19 Immune Altas: Integration of 5 public COVID-19 PBMC single-cell datasets,20000,63,6,10x 3' v2; 10x 3' v3; Seq-Well,blood,COVID-19; normal,33,26,27.0,84.0,57.0,27-year-old stage; 29-year-old stage; 36-year-old stage; 37-year-old stage; 38-year-old stage; 39-year-old stage; 46-year-old stage; 47-year-old stage; 48-year-old stage; 49-year-old stage; 53-year-old stage; 54-year-old stage,https://datasets.cellxgene.cziscience.com/eb8ba365-1e59-4535-92f2-2ee48af9e973.h5ad,153970220,True
bc2a7b3d-f04e-477e-96c9-9d5367d5425c,b9fc3d70-5a72-4479-a046-c2cc1ab19efc,T Cell and NK Cell Subtypes of COVID-19 Immune Altas: Integration of 5 public COVID-19 PBMC single-cell datasets,109995,59,14,10x 3' v2; 10x 3' v3; Seq-Well,blood,COVID-19; normal,32,26,27.0,84.0,57.0,27-year-old stage; 29-year-old stage; 36-year-old stage; 37-year-old stage; 38-year-old stage; 39-year-old stage; 46-year-old stage; 47-year-old stage; 48-year-old stage; 49-year-old stage; 53-year-old stage; 54-year-old stage,https://datasets.cellxgene.cziscience.com/60866b71-24b0-49a3-a860-698065f1a044.h5ad,779036126,True
e404d417-56e4-40a5-b3c6-69e9f92d8cbd,4c6eaf5c-6d57-4c76-b1e9-60df8c655f1e,snRNA-seq of human retina - retinal ganglion cell subset - excluding midget cells,20587,55,3,10x 3' v3,fovea centralis; macula lutea; macula lutea proper; peripheral region of retina,normal,36,32,21.0,90.0,69.0,21-year-old stage; 27-year-old stage; 30-year-old stage; 32-year-old stage; 34-year-old stage; 43-year-old stage; 47-year-old stage; 52-year-old stage; 60-79 year-old stage; 60-year-old stage; 62-year-old stage; 63-year-old stage,https://datasets.cellxgene.cziscience.com/6b6c4c49-8c20-48ca-a4af-e3d6ea6279d4.h5ad,482211227,True
6d50d513-c158-4b0f-b1df-b54c8572163b,f11cb29c-b546-4738-9bd8-66ea621a7bd5,Extended - Small intestine (adult/pediatric),72356,49,12,10x 3' v1; 10x 3' v2; 10x 5' transcription profiling; 10x 5' v1; 10x 5' v2,duodenal epithelium; duodenum; epithelium of small intestine; ileal epithelium; ileum; ileum lamina propria; jejunum; lamina propria of small intestine; mesenteric lymph node; small intestine,Crohn disease; normal,21,15,4.0,87.0,83.0,10-year-old stage; 11-year-old stage; 12-year-old stage; 13-year-old stage; 14-year-old stage; 31-year-old stage; 4-year-old stage; 45-year-old stage; 50-year-old stage; 52-year-old stage; 6-year-old stage; 60-year-old stage,https://datasets.cellxgene.cziscience.com/d6ec8574-622e-4bbd-b630-ea81ee7570e3.h5ad,573254196,True
30cd5311-6c09-46c9-94f1-71fe4b91813c,ed9185e3-5b82-40c7-9824-b2141590c7f0,Time-resolved Systems Immunology Reveals a Late Juncture Linked to Fatal COVID-19: Innate Cells,125117,46,10,10x 5' v1,blood,COVID-19; normal,32,32,24.0,84.0,60.0,24-year-old stage; 30-year-old stage; 32-year-old stage; 35-year-old stage; 37-year-old stage; 40-year-old stage; 45-year-old stage; 47-year-old stage; 49-year-old stage; 50-year-old stage; 51-year-old stage; 52-year-old stage,https://datasets.cellxgene.cziscience.com/60cc18b6-07c0-4fd5-8ae2-c1e8c0461731.h5ad,971636085,True
21d3e683-80a4-4d9b-bc89-ebb2df513dde,ed9185e3-5b82-40c7-9824-b2141590c7f0,Time-resolved Systems Immunology Reveals a Late Juncture Linked to Fatal COVID-19: Adaptive Cells,246964,46,14,10x 5' v1,blood,COVID-19; normal,32,32,24.0,84.0,60.0,24-year-old stage; 30-year-old stage; 32-year-old stage; 35-year-old stage; 37-year-old stage; 40-year-old stage; 45-year-old stage; 47-year-old stage; 49-year-old stage; 50-year-old stage; 51-year-old stage; 52-year-old stage,https://datasets.cellxgene.cziscience.com/3c83c0d9-af52-4f4b-96cf-a4d20ebdfb63.h5ad,1738950879,True
cd2f23c1-aef1-48ae-8eb4-0bcf124e567d,f6c50495-3361-40ed-a819-fb9644396ed9,A (Balanced) Bone Marrow Reference Map of Hematopoietic Development,263159,45,40,10x 3' v2; 10x 3' v3,bone marrow,normal,29,26,19.0,84.0,65.0,19-year-old stage; 24-year-old stage; 26-year-old stage; 28-year-old stage; 29-year-old stage; 30-year-old stage; 31-year-old stage; 32-year-old stage; 35-year-old stage; 36-year-old stage; 39-year-old stage; 41-year-old stage,https://datasets.cellxgene.cziscience.com/4d7b34ed-d725-43eb-865f-87be6a467323.h5ad,2829048029,True
f64e1be1-de15-4d27-8da4-82225cd4c035,62e8f058-9c37-48bc-9200-e767f318a8ec,Immune cells,73047,42,6,10x 3' transcription profiling; 10x 3' v2; 10x 3' v3,adrenal gland; axilla; bone spine; brain; liver; lung; lymph node; pleural effusion,lung adenocarcinoma; normal; small cell lung carcinoma,26,25,44.0,85.0,41.0,44-year-old stage; 47-year-old stage; 55-year-old stage; 57-year-old stage; 62-year-old stage; 64-year-old stage; 65-year-old stage; 67-year-old stage; 68-year-old stage; 69-year-old stage; 70-year-old stage; 71-year-old stage,https://datasets.cellxgene.cziscience.com/5deb79e5-fdd2-45f2-89cd-f291403cc572.h5ad,3006537786,True
e9175006-8978-4417-939f-819855eab80e,62e8f058-9c37-48bc-9200-e767f318a8ec,Myeloid cells,14072,42,4,10x 3' transcription profiling; 10x 3' v2; 10x 3' v3,adrenal gland; axilla; bone spine; brain; liver; lung; lymph node; pleural effusion,lung adenocarcinoma; normal; small cell lung carcinoma,26,25,44.0,85.0,41.0,44-year-old stage; 47-year-old stage; 55-year-old stage; 57-year-old stage; 62-year-old stage; 64-year-old stage; 65-year-old stage; 67-year-old stage; 68-year-old stage; 69-year-old stage; 70-year-old stage; 71-year-old stage,https://datasets.cellxgene.cziscience.com/38504daf-b825-48ea-b277-033b64d5babb.h5ad,649943595,True
d4cfefa0-3a35-44eb-b848-d7a725b481e7,62e8f058-9c37-48bc-9200-e767f318a8ec,NSCLC epithelial cells,9778,42,10,10x 3' transcription profiling; 10x 3' v2; 10x 3' v3,adrenal gland; axilla; bone spine; brain; liver; lung; lymph node; pleural effusion,lung adenocarcinoma; normal; small cell lung carcinoma,26,25,44.0,85.0,41.0,44-year-old stage; 47-year-old stage; 55-year-old stage; 57-year-old stage; 62-year-old stage; 64-year-old stage; 65-year-old stage; 67-year-old stage; 68-year-old stage; 69-year-old stage; 70-year-old stage; 71-year-old stage,https://datasets.cellxgene.cziscience.com/25f2c5ad-3426-42be-9a3c-2aacf189b9aa.h5ad,444987283,True
a6858c10-c52a-4a1d-bc12-a90dbd51ca66,62e8f058-9c37-48bc-9200-e767f318a8ec,Epithelial cells,64091,42,10,10x 3' transcription profiling; 10x 3' v2; 10x 3' v3,adrenal gland; axilla; bone spine; brain; liver; lung; lymph node; pleural effusion,lung adenocarcinoma; normal; small cell lung carcinoma,26,25,44.0,85.0,41.0,44-year-old stage; 47-year-old stage; 55-year-old stage; 57-year-old stage; 62-year-old stage; 64-year-old stage; 65-year-old stage; 67-year-old stage; 68-year-old stage; 69-year-old stage; 70-year-old stage; 71-year-old stage,https://datasets.cellxgene.cziscience.com/cfbc234a-7812-4b82-af81-ec6df4b65e04.h5ad,3835314338,True
576f193c-75d0-4a11-bd25-8676587e6dc2,62e8f058-9c37-48bc-9200-e767f318a8ec,Combined samples,147137,42,11,10x 3' transcription profiling; 10x 3' v2; 10x 3' v3,adrenal gland; axilla; bone spine; brain; liver; lung; lymph node; pleural effusion,lung adenocarcinoma; normal; small cell lung carcinoma,26,25,44.0,85.0,41.0,44-year-old stage; 47-year-old stage; 55-year-old stage; 57-year-old stage; 62-year-old stage; 64-year-old stage; 65-year-old stage; 67-year-old stage; 68-year-old stage; 69-year-old stage; 70-year-old stage; 71-year-old stage,https://datasets.cellxgene.cziscience.com/a9d92e38-9a6e-401b-8484-74bb15122341.h5ad,1463737857,True
486486d4-9462-43e5-9249-eb43fa5a49a6,62e8f058-9c37-48bc-9200-e767f318a8ec,T cells,46140,42,6,10x 3' transcription profiling; 10x 3' v2; 10x 3' v3,adrenal gland; axilla; bone spine; brain; liver; lung; lymph node; pleural effusion,lung adenocarcinoma; normal; small cell lung carcinoma,26,25,44.0,85.0,41.0,44-year-old stage; 47-year-old stage; 55-year-old stage; 57-year-old stage; 62-year-old stage; 64-year-old stage; 65-year-old stage; 67-year-old stage; 68-year-old stage; 69-year-old stage; 70-year-old stage; 71-year-old stage,https://datasets.cellxgene.cziscience.com/6fde3ad9-c2dc-4bea-bcb1-100192dd5877.h5ad,1848340942,True
d224c8e0-c28e-4360-9e42-b3977cd83f9f,62e8f058-9c37-48bc-9200-e767f318a8ec,Mesenchymal cells,8030,41,3,10x 3' transcription profiling; 10x 3' v2; 10x 3' v3,adrenal gland; axilla; bone spine; brain; liver; lung; lymph node; pleural effusion,lung adenocarcinoma; normal; small cell lung carcinoma,26,25,44.0,85.0,41.0,44-year-old stage; 47-year-old stage; 55-year-old stage; 57-year-old stage; 62-year-old stage; 64-year-old stage; 65-year-old stage; 67-year-old stage; 68-year-old stage; 69-year-old stage; 70-year-old stage; 71-year-old stage,https://datasets.cellxgene.cziscience.com/c54035d5-a021-4bd0-9496-e9ec0cf9dcc8.h5ad,332890824,True
71dfd52f-106b-40f4-a66d-c7dab1142e95,3a518635-c062-4c66-a9bd-c4581a5e3c63,altra HC1 subjects,394174,31,38,10x 3' v3,blood,cytomegalovirus infection; normal,26,26,23.0,78.0,55.0,23-year-old stage; 24-year-old stage; 28-year-old stage; 34-year-old stage; 36-year-old stage; 37-year-old stage; 41-year-old stage; 44-year-old stage; 45-year-old stage; 46-year-old stage; 51-year-old stage; 54-year-old stage,https://datasets.cellxgene.cziscience.com/98cd420a-5bf6-4919-a5c2-8d01bd77e00b.h5ad,3656478287,True
40cca468-a415-498e-b25c-77875760eaa0,3a518635-c062-4c66-a9bd-c4581a5e3c63,altra ARI-NONC subjects,508300,31,38,10x 3' v3,blood,cytomegalovirus infection; normal,22,22,28.0,78.0,50.0,28-year-old stage; 32-year-old stage; 33-year-old stage; 39-year-old stage; 40-year-old stage; 43-year-old stage; 50-year-old stage; 51-year-old stage; 52-year-old stage; 55-year-old stage; 58-year-old stage; 61-year-old stage,https://datasets.cellxgene.cziscience.com/cf709600-e5d5-4e7f-8da1-746cba2b1b7a.h5ad,4378881799,True
cdbff22b-a287-460d-afae-7b497e403491,0391c84c-d57d-4741-9277-e4d58f9a3d0c,Bone Marrow Reference,117308,31,12,10x 3' v2; 10x 3' v3,bone marrow cavity,follicular lymphoma; normal; osteoarthritis; primary central nervous system lymphoma,17,16,19.0,77.0,58.0,19-year-old stage; 21-year-old stage; 22-year-old stage; 25-year-old stage; 31-year-old stage; 32-year-old stage; 45-year-old stage; 52-year-old stage; 53-year-old stage; 57-year-old stage; 58-year-old stage; 61-year-old stage,https://datasets.cellxgene.cziscience.com/b6037d0f-c415-45f7-8d01-0e69407fba9c.h5ad,645050714,True
e3da8320-0b3c-4bae-ad55-a89eb59ca870,cc431242-35ea-41e1-a100-41e0dec2665b,Immune aging project - innate lymphoid cell subset,130414,24,6,10x 3' v3; 10x 5' v2,blood; bone marrow; epithelial lining fluid; inguinal lymph node; jejunal epithelium; jejunum lamina propria; lung; mesenteric lymph node; spleen; thoracic lymph node,normal,17,12,20.0,75.0,55.0,20-year-old stage; 23-year-old stage; 25-year-old stage; 27-year-old stage; 33-year-old stage; 48-year-old stage; 56-year-old stage; 64-year-old stage; 67-year-old stage; 68-year-old stage; 73-year-old stage; 75-year-old stage,https://datasets.cellxgene.cziscience.com/644ba356-40ca-4c75-a491-a8c1b3e47a11.h5ad,1184337617,True
960ecd06-e7c2-463d-9a5b-6832994376c6,cc431242-35ea-41e1-a100-41e0dec2665b,Immune aging project - t cell subset,610429,24,17,10x 3' v3; 10x 5' v2,blood; bone marrow; epithelial lining fluid; inguinal lymph node; jejunal epithelium; jejunum lamina propria; lung; mesenteric lymph node; spleen; thoracic lymph node,normal,17,12,20.0,75.0,55.0,20-year-old stage; 23-year-old stage; 25-year-old stage; 27-year-old stage; 33-year-old stage; 48-year-old stage; 56-year-old stage; 64-year-old stage; 67-year-old stage; 68-year-old stage; 73-year-old stage; 75-year-old stage,https://datasets.cellxgene.cziscience.com/f7a60ae3-282c-4a49-bf14-e8c6433fdb43.h5ad,5465441237,True
3f766409-fcd6-4553-99e8-259bc24a6be6,cc431242-35ea-41e1-a100-41e0dec2665b,Immune aging project - b cell subset,272162,24,7,10x 3' v3; 10x 5' v2,blood; bone marrow; epithelial lining fluid; inguinal lymph node; jejunal epithelium; jejunum lamina propria; lung; mesenteric lymph node; spleen; thoracic lymph node,normal,17,12,20.0,75.0,55.0,20-year-old stage; 23-year-old stage; 25-year-old stage; 27-year-old stage; 33-year-old stage; 48-year-old stage; 56-year-old stage; 64-year-old stage; 67-year-old stage; 68-year-old stage; 73-year-old stage; 75-year-old stage,https://datasets.cellxgene.cziscience.com/eb33715b-4b80-471f-b2d8-d5189e6d33a3.h5ad,2655416182,True
1b350d0a-4535-4879-beb6-1142f3f94947,cc431242-35ea-41e1-a100-41e0dec2665b,Immune aging project - all cells,1281499,24,31,10x 3' v3; 10x 5' v2,blood; bone marrow; colonic epithelium; epithelial lining fluid; inguinal lymph node; jejunal epithelium; jejunum lamina propria; lamina propria of mucosa of colon; liver; lung; mesenteric lymph node;,normal,17,12,20.0,75.0,55.0,20-year-old stage; 23-year-old stage; 25-year-old stage; 27-year-old stage; 33-year-old stage; 48-year-old stage; 56-year-old stage; 64-year-old stage; 67-year-old stage; 68-year-old stage; 73-year-old stage; 75-year-old stage,https://datasets.cellxgene.cziscience.com/589324ee-ce60-4295-843f-29a52894a522.h5ad,12689317573,True
11ae668a-88c2-4d86-ba08-524fe576a882,cc431242-35ea-41e1-a100-41e0dec2665b,Immune aging project - myeloid cell subset,225268,24,5,10x 3' v3; 10x 5' v2,blood; bone marrow; epithelial lining fluid; inguinal lymph node; jejunal epithelium; jejunum lamina propria; lung; mesenteric lymph node; spleen; thoracic lymph node,normal,17,12,20.0,75.0,55.0,20-year-old stage; 23-year-old stage; 25-year-old stage; 27-year-old stage; 33-year-old stage; 48-year-old stage; 56-year-old stage; 64-year-old stage; 67-year-old stage; 68-year-old stage; 73-year-old stage; 75-year-old stage,https://datasets.cellxgene.cziscience.com/4fd4c4f7-3501-4c00-b15d-e2ea3e1b4792.h5ad,2971978651,True
19e46756-9100-4e01-8b0e-23b557558a4c,0aab20b3-c30c-4606-bd2e-d20dae739c45,Single Cell Sequencing of Human PBMCs in Clonal Hematopoeisis of Indeterminant Potential,66985,24,9,10x 3' v3,blood,clonal hematopoiesis; normal,21,21,39.0,91.0,52.0,39-year-old stage; 48-year-old stage; 50-year-old stage; 58-year-old stage; 60-year-old stage; 61-year-old stage; 65-year-old stage; 67-year-old stage; 68-year-old stage; 70-year-old stage; 71-year-old stage; 73-year-old stage,https://datasets.cellxgene.cziscience.com/cede8227-2c85-4f93-ab0a-73efc6b45f17.h5ad,356508678,True
53d208b0-2cfd-4366-9866-c3c6114081bc,e5f58829-1a66-40b5-a624-9046778e74f5,Tabula Sapiens - All Cells,1136218,24,180,10x 3' v3; 10x 5' v2; Smart-seq2; Smart-seq3,abdominal aorta; adipose tissue; anterior part of tongue; anterior segment of eyeball; aorta; ascending colon; bladder organ; blood; bone marrow; brown adipose tissue; buccal mucosa; cardiac atrium; c,normal,19,19,22.0,74.0,52.0,22-year-old stage; 26-year-old stage; 33-year-old stage; 36-year-old stage; 37-year-old stage; 38-year-old stage; 40-year-old stage; 42-year-old stage; 45-year-old stage; 46-year-old stage; 55-year-old stage; 56-year-old stage,https://datasets.cellxgene.cziscience.com/1c88f927-bcbb-4bb1-9881-281842945a2d.h5ad,45013733785,True
c5d88abe-f23a-45fa-a534-788985e93dad,e5f58829-1a66-40b5-a624-9046778e74f5,Tabula Sapiens - Immune,592317,24,45,10x 3' v3; 10x 5' v2; Smart-seq2; Smart-seq3,abdominal aorta; adipose tissue; anterior part of tongue; anterior segment of eyeball; aorta; ascending colon; bladder organ; blood; bone marrow; brown adipose tissue; buccal mucosa; cardiac atrium; c,normal,19,19,22.0,74.0,52.0,22-year-old stage; 26-year-old stage; 33-year-old stage; 36-year-old stage; 37-year-old stage; 38-year-old stage; 40-year-old stage; 42-year-old stage; 45-year-old stage; 46-year-old stage; 55-year-old stage; 56-year-old stage,https://datasets.cellxgene.cziscience.com/78b60b70-129a-4a6d-b15f-825b241eec66.h5ad,19773784766,True
a68b64d8-aee3-4947-81b7-36b8fe5a44d2,e5f58829-1a66-40b5-a624-9046778e74f5,Tabula Sapiens - Stromal,232684,22,39,10x 3' v3; 10x 5' v2; Smart-seq2; Smart-seq3,abdominal aorta; adipose tissue; anterior part of tongue; anterior segment of eyeball; aorta; ascending colon; bladder organ; bone marrow; brown adipose tissue; buccal mucosa; cardiac atrium; cardiac ,normal,17,17,26.0,74.0,48.0,26-year-old stage; 33-year-old stage; 36-year-old stage; 37-year-old stage; 38-year-old stage; 40-year-old stage; 45-year-old stage; 46-year-old stage; 55-year-old stage; 56-year-old stage; 57-year-old stage; 59-year-old stage,https://datasets.cellxgene.cziscience.com/2776ea76-6919-458a-b82a-bba8bb6ce5a9.h5ad,10060140924,True
5a11f879-d1ef-458a-910c-9b0bdfca5ebf,e5f58829-1a66-40b5-a624-9046778e74f5,Tabula Sapiens - Endothelium,73195,21,11,10x 3' v3; 10x 5' v2; Smart-seq2; Smart-seq3,abdominal aorta; adipose tissue; anterior part of tongue; anterior segment of eyeball; aorta; ascending colon; bladder organ; bone marrow; brown adipose tissue; buccal mucosa; cardiac atrium; cardiac ,normal,17,17,26.0,74.0,48.0,26-year-old stage; 33-year-old stage; 36-year-old stage; 37-year-old stage; 38-year-old stage; 40-year-old stage; 45-year-old stage; 46-year-old stage; 55-year-old stage; 56-year-old stage; 57-year-old stage; 59-year-old stage,https://datasets.cellxgene.cziscience.com/00ad3c95-bdab-4c75-ba4d-44f7545db691.h5ad,3034368000,True
be41a86a-b606-4b1c-8055-32f334898775,4c6eaf5c-6d57-4c76-b1e9-60df8c655f1e,scRNA-seq of human retina - all cells,265767,20,18,10x 3' v2; 10x 3' v3,chorioretinal region; fovea centralis; macula lutea proper; peripheral region of retina; retinal neural layer,normal,16,15,42.0,89.0,47.0,42-year-old stage; 53-year-old stage; 54-year-old stage; 60-year-old stage; 64-year-old stage; 65-year-old stage; 68-year-old stage; 69-year-old stage; 71-year-old stage; 74-year-old stage; 78-year-old stage; 80-year-old stage,https://datasets.cellxgene.cziscience.com/9847a0f8-18a0-411c-bff9-827a607e7fcf.h5ad,2539032977,True
459dc9de-9ab8-4e4d-ac44-182595b1c18b,4c6eaf5c-6d57-4c76-b1e9-60df8c655f1e,scRNA-seq of human retina - bipolar cell subclass,72788,20,13,10x 3' v2; 10x 3' v3,chorioretinal region; fovea centralis; macula lutea proper; peripheral region of retina; retinal neural layer,normal,16,15,42.0,89.0,47.0,42-year-old stage; 53-year-old stage; 54-year-old stage; 60-year-old stage; 64-year-old stage; 65-year-old stage; 68-year-old stage; 69-year-old stage; 71-year-old stage; 74-year-old stage; 78-year-old stage; 80-year-old stage,https://datasets.cellxgene.cziscience.com/a11a14b3-13ea-4c22-a961-45a377091fea.h5ad,631438805,True
9f1a899f-05a0-44c5-8aa9-39df61ae4324,7855daa4-3f34-4aae-b65a-87720c02e7cd,Transcriptome of human posterior ocular segment,139978,19,16,10x 3' v3,cranial nerve II; macula lutea; optic disc; peripheral region of retina; pigmented layer of retina; sclera,normal,13,13,30.0,77.0,47.0,30-year-old stage; 33-year-old stage; 47-year-old stage; 50-year-old stage; 53-year-old stage; 65-year-old stage; 67-year-old stage; 69-year-old stage; 71-year-old stage; 72-year-old stage; 74-year-old stage; 76-year-old stage,https://datasets.cellxgene.cziscience.com/bcd39ae8-da6a-4c50-8764-057d54b3bc9c.h5ad,1660638605,True
3c75a463-6a87-4132-83a8-c3002624394d,bf325905-5e8e-42e3-933d-9a9053e9af80,Activated PBMCs - Expanded cohort CITE-seq,95064,18,24,10x 5' v1,blood,common variable immunodeficiency; normal,12,12,22.0,66.0,44.0,22-year-old stage; 28-year-old stage; 31-year-old stage; 33-year-old stage; 34-year-old stage; 36-year-old stage; 37-year-old stage; 42-year-old stage; 50-year-old stage; 52-year-old stage; 55-year-old stage; 66-year-old stage,https://datasets.cellxgene.cziscience.com/db2fbc4e-2764-4bee-bb4e-bc0a1cd41439.h5ad,753906957,True
a20e2f2a-e171-450a-8ddc-8935c2977ad6,854c0855-23ad-4362-8b77-6b1639e7a9fc,Bone_marrow,66613,17,38,10x 3' v3; 10x 5' transcription profiling; 10x 5' v1; 10x 5' v2; Smart-seq2,bone marrow,normal,10,7,17.0,61.0,44.0,17-year-old stage; 22-year-old stage; 30-year-old stage; 31-year-old stage; 42-year-old stage; 59-year-old stage; 61-year-old stage; eighth decade stage; seventh decade stage; sixth decade stage,https://datasets.cellxgene.cziscience.com/4ce47ed6-f41f-4c35-8120-75bbb3f55004.h5ad,637229214,True
de2c780c-1747-40bd-9ccf-9588ec186cee,4f889ffc-d4bc-4748-905b-8eb9db47a2ed,Immunophenotyping of COVID-19 and influenza highlights the role of type I interferons in development of severe COVID-19,59572,17,14,10x 3' v3,blood,COVID-19; influenza; normal,14,14,38.0,82.0,44.0,38-year-old stage; 46-year-old stage; 54-year-old stage; 56-year-old stage; 61-year-old stage; 62-year-old stage; 63-year-old stage; 67-year-old stage; 68-year-old stage; 70-year-old stage; 73-year-old stage; 75-year-old stage,https://datasets.cellxgene.cziscience.com/5e491a70-a1ea-4469-9ffa-9ddff0ec3910.h5ad,278355800,True
6d06c94d-25ff-4d7b-9a09-659289dd4621,3a518635-c062-4c66-a9bd-c4581a5e3c63,altra ARI-CONV subjects,977608,16,38,10x 3' v3,blood,cytomegalovirus infection; normal,31,31,21.0,76.0,55.0,21-year-old stage; 22-year-old stage; 23-year-old stage; 31-year-old stage; 32-year-old stage; 33-year-old stage; 34-year-old stage; 35-year-old stage; 36-year-old stage; 42-year-old stage; 43-year-old stage; 44-year-old stage,https://datasets.cellxgene.cziscience.com/99c01a0c-9acb-48b9-8dde-f5ec7c8c271b.h5ad,8565939469,True
b3a5a10f-b1cb-4e8e-abce-bf345448625b,93eebe82-d8c3-41bc-a906-63b5b5f24a9d,15 leukemic bone marrow donors,31586,15,38,BD Rhapsody Targeted mRNA,bone marrow,acute myeloid leukemia; acute promyelocytic leukemia,14,14,32.0,78.0,46.0,32-year-old stage; 44-year-old stage; 45-year-old stage; 46-year-old stage; 51-year-old stage; 54-year-old stage; 55-year-old stage; 56-year-old stage; 61-year-old stage; 62-year-old stage; 66-year-old stage; 70-year-old stage,https://datasets.cellxgene.cziscience.com/221e87a6-c54c-4757-8918-36c231ebd382.h5ad,27467295,True
9ea768a2-87ab-46b6-a73d-c4e915f25af3,120e86b4-1195-48c5-845b-b98054105eec,Mature kidney dataset: full,40268,13,29,10x 3' v2,cortex of kidney; kidney; kidney blood vessel; renal medulla; renal pelvis,normal,12,12,1.5833333333333333,72.0,70.41666666666667,12-year-old stage; 19-month-old stage; 2-year-old stage; 4-year-old stage; 44-year-old stage; 49-year-old stage; 53-year-old stage; 63-year-old stage; 64-year-old stage; 67-year-old stage; 70-year-old stage; 72-year-old stage,https://datasets.cellxgene.cziscience.com/c171ca0b-5e46-4260-9dc2-c03486499308.h5ad,191551036,True
2fc9c59f-3cfd-48d9-9b23-e369ea31bff3,120e86b4-1195-48c5-845b-b98054105eec,Mature kidney dataset: non PT parenchyma,4620,13,17,10x 3' v2,cortex of kidney; kidney; kidney blood vessel; renal medulla; renal pelvis,normal,12,12,1.5833333333333333,72.0,70.41666666666667,12-year-old stage; 19-month-old stage; 2-year-old stage; 4-year-old stage; 44-year-old stage; 49-year-old stage; 53-year-old stage; 63-year-old stage; 64-year-old stage; 67-year-old stage; 70-year-old stage; 72-year-old stage,https://datasets.cellxgene.cziscience.com/0ba0c399-e569-4d00-8b8a-3889a7034aa8.h5ad,38427139,True
20d87640-4be8-487f-93d4-dce38378d00f,120e86b4-1195-48c5-845b-b98054105eec,Mature kidney dataset: immune,7803,13,12,10x 3' v2,cortex of kidney; kidney; kidney blood vessel; renal medulla; renal pelvis,normal,12,12,1.5833333333333333,72.0,70.41666666666667,12-year-old stage; 19-month-old stage; 2-year-old stage; 4-year-old stage; 44-year-old stage; 49-year-old stage; 53-year-old stage; 63-year-old stage; 64-year-old stage; 67-year-old stage; 70-year-old stage; 72-year-old stage,https://datasets.cellxgene.cziscience.com/281f6735-10c8-492e-be93-ccdc5b3d0170.h5ad,44087625,True
105c7dad-0468-4628-a5be-2bb42c6a8ae4,125eef58-0f61-4963-9b08-53e851ab65fb,mature,40268,13,26,10x 3' v2,cortex of kidney; kidney; kidney blood vessel; renal medulla; renal pelvis,normal,12,12,1.5833333333333333,72.0,70.41666666666667,12-year-old stage; 19-month-old stage; 2-year-old stage; 4-year-old stage; 44-year-old stage; 49-year-old stage; 53-year-old stage; 63-year-old stage; 64-year-old stage; 67-year-old stage; 70-year-old stage; 72-year-old stage,https://datasets.cellxgene.cziscience.com/b3831acc-a883-4564-b90f-18e53c6e7232.h5ad,231809772,True
055ca631-6ffb-40de-815e-b931e10718c0,b9fc3d70-5a72-4479-a046-c2cc1ab19efc,Individual Single-Cell RNA-seq PBMC Data from Wilk et al.,41305,13,26,Seq-Well,blood,COVID-19; normal,10,5,36.0,80.0,44.0,36-year-old stage; 37-year-old stage; 48-year-old stage; 49-year-old stage; 80 year-old and over stage; fifth decade stage; fourth decade stage; seventh decade stage; sixth decade stage; third decade stage,https://datasets.cellxgene.cziscience.com/b99d7006-3c5f-4c80-bbd9-3bd4b842b782.h5ad,201047155,True
456e8b9b-f872-488b-871d-94534090a865,a72afd53-ab92-4511-88da-252fb0e26b9a,Single-cell atlas of peripheral immune response to SARS-CoV-2 infection,44721,13,19,Seq-Well,blood,COVID-19; normal,10,5,36.0,80.0,44.0,36-year-old stage; 37-year-old stage; 48-year-old stage; 49-year-old stage; 80 year-old and over stage; fifth decade stage; fourth decade stage; seventh decade stage; sixth decade stage; third decade stage,https://datasets.cellxgene.cziscience.com/8d7fad46-2f37-4aa0-ac9d-babbc36efb6f.h5ad,217094236,True
4c4cd77c-8fee-4836-9145-16562a8782fe,b9fc3d70-5a72-4479-a046-c2cc1ab19efc,Individual Single-Cell RNA-seq PBMC Data from Lee et al.,43512,12,24,10x 3' v3,blood,COVID-19; normal,9,9,38.0,82.0,44.0,38-year-old stage; 46-year-old stage; 54-year-old stage; 61-year-old stage; 62-year-old stage; 63-year-old stage; 67-year-old stage; 73-year-old stage; 82-year-old stage,https://datasets.cellxgene.cziscience.com/a26c0d2d-65e7-4b9b-a314-a75c807a7c1e.h5ad,433002643,True
59b69042-47c2-47fd-ad03-d21beb99818f,b9fc3d70-5a72-4479-a046-c2cc1ab19efc,Individual Single-Cell RNA-seq PBMC Data from Arunachalam et al.,49139,12,25,10x 3' v3,blood,COVID-19; normal,11,11,38.0,84.0,46.0,38-year-old stage; 47-year-old stage; 48-year-old stage; 53-year-old stage; 59-year-old stage; 60-year-old stage; 68-year-old stage; 70-year-old stage; 75-year-old stage; 80 year-old and over stage; 84-year-old stage,https://datasets.cellxgene.cziscience.com/b2c1ffb4-a99e-4f15-86df-00ac4d8411a9.h5ad,507585452,True
37a17b78-4864-4a42-b67b-31c00962795a,84ce6837-548d-4a1f-919f-0bc0d9a3952f,MSSM_Cohort,4140453,1042,25,10x 3' v3,dorsolateral prefrontal cortex,Lewy body dementia; Parkinson disease; amyotrophic lateral sclerosis; argyrophilic grain disease; brain neoplasm; dement,62,62,19.0,89.0,70.0,19-year-old stage; 20-year-old stage; 24-year-old stage; 25-year-old stage; 27-year-old stage; 28-year-old stage; 31-year-old stage; 32-year-old stage; 35-year-old stage; 36-year-old stage; 38-year-old stage; 39-year-old stage,https://datasets.cellxgene.cziscience.com/0e853475-e298-4b09-881a-ed0b60d5a8c9.h5ad,36092176654,False
9f222629-9e39-47d0-b83f-e08d610c7479,6f6d381a-7701-4781-935c-db10d30de293,An integrated cell atlas of the human lung in health and disease (full),2282447,484,51,10x 3' v1; 10x 3' v2; 10x 3' v3; 10x 5' transcription profiling; 10x 5' v1; 10x 5' v2; Drop-seq; Seq-Well,lung; lung parenchyma; nose; respiratory airway,COVID-19; chronic obstructive pulmonary disease; chronic rhinitis; cystic fibrosis; hypersensitivity pneumonitis; inters,80,74,0.08333333333333333,86.0,85.91666666666667,1-month-old stage; 10-year-old stage; 11-month-old stage; 12-month-old stage; 12-year-old stage; 14-year-old stage; 15-year-old stage; 16-year-old stage; 18-year-old stage; 2-year-old stage; 20-year-old stage; 21-year-old stage,https://datasets.cellxgene.cziscience.com/5f863718-02a6-46cb-83e7-52be988b915b.h5ad,21860171922,False
19053a82-9c89-4fb8-bd19-d7b1800b0b7b,f11cb29c-b546-4738-9bd8-66ea621a7bd5,Extended+ - 18485 genes,1596200,308,92,10x 3' v1; 10x 3' v2; 10x 3' v3; 10x 5' transcription profiling; 10x 5' v1; 10x 5' v2,ascending colon; body of stomach; buccal mucosa; caecum; caecum epithelium; cecum mucosa; colon; colonic epithelium; colonic mucosa; descending colon; duodenal epithelium; duodenum; epithelium of esop,Crohn disease; celiac disease; colorectal cancer; gastric cancer; inflammatory bowel disease; normal; ulcerative colitis,95,66,0.16666666666666666,87.0,86.83333333333333,10-year-old stage; 10th week post-fertilization stage; 11-year-old stage; 11th week post-fertilization stage; 12-year-old stage; 12th week post-fertilization stage; 13-year-old stage; 13th week post-fertilization stage; 14-year-old stage; 15th week post-fertilization stage; 16th week post-fertilization stage; 17th week post-fertilization stage,https://datasets.cellxgene.cziscience.com/757945c8-a916-431d-aceb-1afbc80a7c55.h5ad,11576820874,False
5c97eeeb-7e52-44b3-b010-b832b1f5424c,84ce6837-548d-4a1f-919f-0bc0d9a3952f,HBCC_Cohort,1486324,300,25,10x 3' v3,dorsolateral prefrontal cortex,atherosclerosis; atherosclerosis || tardive dyskinesia || schizoaffective bipolar disorder; bipolar I disorder; bipolar ,79,78,0.08333333333333333,85.0,84.91666666666667,1-month-old stage; 10-year-old stage; 12-year-old stage; 13-year-old stage; 14-year-old stage; 15-year-old stage; 16-year-old stage; 17-year-old stage; 18-year-old stage; 19-year-old stage; 2-month-old stage; 2-year-old stage,https://datasets.cellxgene.cziscience.com/d27fb144-f105-46c2-b36f-f51421f74e4e.h5ad,14150526668,False
4442d412-91cb-4261-acca-8adf5fa04c11,84ce6837-548d-4a1f-919f-0bc0d9a3952f,Aging_Cohort,1332155,291,25,10x 3' v3,dorsolateral prefrontal cortex,atherosclerosis; normal; type 1 diabetes mellitus; type 1 diabetes mellitus || atherosclerosis; type 2 diabetes mellitus,85,84,0.08333333333333333,89.0,88.91666666666667,1-month-old stage; 10-year-old stage; 12-year-old stage; 13-year-old stage; 14-year-old stage; 15-year-old stage; 16-year-old stage; 17-year-old stage; 18-year-old stage; 19-year-old stage; 2-month-old stage; 2-year-old stage,https://datasets.cellxgene.cziscience.com/13e8f1dd-962f-47b7-9cf7-c71d2b21b8a5.h5ad,12421671635,False
55003f67-c494-46f1-83fb-902745646379,48259aa8-f168-4bf5-b797-af8e88da6637,Integrated HBCA,2122065,287,26,10x 3' v1; 10x 3' v2; 10x 3' v3,breast,normal; preneoplastic lesion,47,44,19.0,69.0,50.0,19-year-old stage; 20-year-old stage; 21-year-old stage; 22-year-old stage; 23-year-old stage; 24-year-old stage; 25-year-old stage; 26-year-old stage; 27-year-old stage; 28-year-old stage; 29-year-old stage; 30-year-old stage,https://datasets.cellxgene.cziscience.com/3b82d7c6-0048-44bf-a2e7-442b7acc1c09.h5ad,19351694183,False
56c4912d-2bae-4b64-98f2-af8a84389208,999f2a15-3d7e-440b-96ae-2c806799c08c,Extended GBmap,1135677,240,18,10x 3' v2; 10x 3' v3; 10x 5' v1; BD Rhapsody Whole Transcriptome Analysis; CEL-seq2; Drop-seq; STRT-seq; Smart-seq2; microwell-seq,basal ganglion; brain; forebrain; frontal lobe; left frontal lobe; left parietal lobe; left temporal lobe; occipital lobe; parietal lobe; right frontal lobe; right occipital lobe; right parietal lobe;,glioblastoma,42,40,21.0,83.0,62.0,21-year-old stage; 24-year-old stage; 33-year-old stage; 34-year-old stage; 35-year-old stage; 36-year-old stage; 42-year-old stage; 44-year-old stage; 45-year-old stage; 46-year-old stage; 48-year-old stage; 50-year-old stage,https://datasets.cellxgene.cziscience.com/230c8701-7291-4dd5-bf36-688490c681ee.h5ad,11224714727,False
e6aaf5a4-16e9-4ea6-9733-4eafd4e473d3,f11cb29c-b546-4738-9bd8-66ea621a7bd5,Extended - All genes,1358573,233,92,10x 3' v1; 10x 3' v2; 10x 3' v3; 10x 5' transcription profiling; 10x 5' v1; 10x 5' v2,ascending colon; body of stomach; buccal mucosa; caecum; colon; colonic epithelium; colonic mucosa; descending colon; duodenal epithelium; duodenum; epithelium of esophagus; epithelium of rectum; epit,Crohn disease; colorectal cancer; gastric cancer; inflammatory bowel disease; normal; ulcerative colitis,91,62,0.16666666666666666,87.0,86.83333333333333,10-year-old stage; 10th week post-fertilization stage; 11-year-old stage; 11th week post-fertilization stage; 12-year-old stage; 12th week post-fertilization stage; 13-year-old stage; 13th week post-fertilization stage; 14-year-old stage; 15th week post-fertilization stage; 16th week post-fertilization stage; 17th week post-fertilization stage,https://datasets.cellxgene.cziscience.com/8b6c3914-0505-40a5-a241-a9390759f7ac.h5ad,10747313948,False
dc6b1e06-3880-43f6-8de8-ef9cb5e7ef5e,f11cb29c-b546-4738-9bd8-66ea621a7bd5,Extended - T and NK cells,262642,227,14,10x 3' v1; 10x 3' v2; 10x 3' v3; 10x 5' transcription profiling; 10x 5' v1; 10x 5' v2,ascending colon; body of stomach; buccal mucosa; caecum; colon; colonic epithelium; colonic mucosa; descending colon; duodenal epithelium; duodenum; epithelium of esophagus; epithelium of rectum; epit,Crohn disease; colorectal cancer; gastric cancer; inflammatory bowel disease; normal; ulcerative colitis,88,62,0.16666666666666666,87.0,86.83333333333333,10-year-old stage; 10th week post-fertilization stage; 11-year-old stage; 11th week post-fertilization stage; 12-year-old stage; 12th week post-fertilization stage; 13-year-old stage; 13th week post-fertilization stage; 14-year-old stage; 15th week post-fertilization stage; 16th week post-fertilization stage; 17th week post-fertilization stage,https://datasets.cellxgene.cziscience.com/a7d8cf9b-2825-42ea-99f3-e96c9aee23c7.h5ad,1471467552,False
7ff0197b-d175-49bf-b4fa-150fe0995d93,9c9d04c4-8899-417f-bb6f-6107dcadf14f,Single-nucleus RNA-seq of the Adult Human Kidney (Version 2.0),1388643,223,63,10x 3' v3; 10x multiome,cortex of kidney; kidney; renal medulla; renal papilla,acute kidney injury; chronic kidney disease; normal,24,16,14.0,76.0,62.0,14-year-old stage; 29-year-old stage; 36-year-old stage; 43-year-old stage; 45-year-old stage; 49-year-old stage; 54-year-old stage; 56-year-old stage; 57-year-old stage; 59-year-old stage; 63-year-old stage; 64-year-old stage,https://datasets.cellxgene.cziscience.com/06b8d9c2-0bde-48bd-88d9-730993fc95e2.h5ad,13818560828,False
9c235282-2b6f-4f74-8f16-7d3ac1b51371,f11cb29c-b546-4738-9bd8-66ea621a7bd5,Extended - Myeloid cells,50570,223,12,10x 3' v1; 10x 3' v2; 10x 3' v3; 10x 5' transcription profiling; 10x 5' v1; 10x 5' v2,ascending colon; body of stomach; buccal mucosa; caecum; colon; colonic epithelium; colonic mucosa; descending colon; duodenal epithelium; duodenum; epithelium of esophagus; epithelium of rectum; epit,Crohn disease; colorectal cancer; gastric cancer; inflammatory bowel disease; normal; ulcerative colitis,91,62,0.16666666666666666,87.0,86.83333333333333,10-year-old stage; 10th week post-fertilization stage; 11-year-old stage; 11th week post-fertilization stage; 12-year-old stage; 12th week post-fertilization stage; 13-year-old stage; 13th week post-fertilization stage; 14-year-old stage; 15th week post-fertilization stage; 16th week post-fertilization stage; 17th week post-fertilization stage,https://datasets.cellxgene.cziscience.com/21862555-9e6e-41fb-8ff7-63f4acb042ba.h5ad,375940652,False
40a0ade8-6067-4e22-9224-4d3c5e9bfc0d,f11cb29c-b546-4738-9bd8-66ea621a7bd5,Extended - Myeloid_with_neutrophils,52404,223,15,10x 3' v1; 10x 3' v2; 10x 3' v3; 10x 5' transcription profiling; 10x 5' v1; 10x 5' v2,ascending colon; body of stomach; buccal mucosa; caecum; colon; colonic epithelium; colonic mucosa; descending colon; duodenal epithelium; duodenum; epithelium of esophagus; epithelium of rectum; epit,Crohn disease; colorectal cancer; gastric cancer; inflammatory bowel disease; normal; ulcerative colitis,91,62,0.16666666666666666,87.0,86.83333333333333,10-year-old stage; 10th week post-fertilization stage; 11-year-old stage; 11th week post-fertilization stage; 12-year-old stage; 12th week post-fertilization stage; 13-year-old stage; 13th week post-fertilization stage; 14-year-old stage; 15th week post-fertilization stage; 16th week post-fertilization stage; 17th week post-fertilization stage,https://datasets.cellxgene.cziscience.com/48ecc234-7073-4de9-8be6-1c2f08d4c146.h5ad,373174144,False
1d54fb17-90d5-47ca-ad8d-22ab63cb5c1f,f11cb29c-b546-4738-9bd8-66ea621a7bd5,Extended - B and B plasma cells,250094,207,9,10x 3' v1; 10x 3' v2; 10x 3' v3; 10x 5' transcription profiling; 10x 5' v1; 10x 5' v2,ascending colon; body of stomach; buccal mucosa; caecum; colon; colonic epithelium; colonic mucosa; descending colon; duodenal epithelium; duodenum; epithelium of esophagus; epithelium of rectum; epit,Crohn disease; colorectal cancer; gastric cancer; inflammatory bowel disease; normal; ulcerative colitis,82,60,0.16666666666666666,86.0,85.83333333333333,10-year-old stage; 10th week post-fertilization stage; 11-year-old stage; 11th week post-fertilization stage; 12-year-old stage; 12th week post-fertilization stage; 13-year-old stage; 13th week post-fertilization stage; 14-year-old stage; 15th week post-fertilization stage; 16th week post-fertilization stage; 17th week post-fertilization stage,https://datasets.cellxgene.cziscience.com/667d05a8-e1f3-412c-820d-d39592e0cd55.h5ad,1377870638,False
16c13603-a36e-467a-a8e8-3d118f2eef45,8b35aa1f-6bcf-4a51-abc3-a3f336a44ae6,Crownlands Gateway — Olfactory + Respiratory Single-Cell Atlas (v1),4028275,202,31,10x Flex Apex; 10x GEM-X Flex v1,olfactory epithelium,Alzheimer disease; Parkinson disease; normal,61,60,20.0,90.0,70.0,20-year-old stage; 21-year-old stage; 22-year-old stage; 23-year-old stage; 24-year-old stage; 25-year-old stage; 26-year-old stage; 27-year-old stage; 28-year-old stage; 30-year-old stage; 31-year-old stage; 32-year-old stage,https://datasets.cellxgene.cziscience.com/1ff1c9c1-c51a-41ad-a980-f6502ecbe949.h5ad,27651769850,False
278eac3f-a5a4-4d0a-9d83-0ca7efc67e16,f11cb29c-b546-4738-9bd8-66ea621a7bd5,Extended - Endothelial cells,60411,195,5,10x 3' v1; 10x 3' v2; 10x 3' v3; 10x 5' transcription profiling; 10x 5' v1; 10x 5' v2,ascending colon; body of stomach; buccal mucosa; caecum; colon; colonic epithelium; colonic mucosa; descending colon; duodenum; epithelium of esophagus; esophagus; gingiva; ileal epithelium; ileum; il,Crohn disease; colorectal cancer; gastric cancer; inflammatory bowel disease; normal; ulcerative colitis,84,56,0.16666666666666666,87.0,86.83333333333333,10th week post-fertilization stage; 11-year-old stage; 11th week post-fertilization stage; 12-year-old stage; 12th week post-fertilization stage; 13-year-old stage; 13th week post-fertilization stage; 14-year-old stage; 15th week post-fertilization stage; 16th week post-fertilization stage; 17th week post-fertilization stage; 18th week post-fertilization stage,https://datasets.cellxgene.cziscience.com/01db6084-3cff-4537-b52f-139dc9df50a5.h5ad,561859722,False
bb0818d3-474e-44f4-a82a-169f3c62c94c,f11cb29c-b546-4738-9bd8-66ea621a7bd5,Healthy reference,1077238,185,92,10x 3' v1; 10x 3' v2; 10x 3' v3; 10x 5' transcription profiling; 10x 5' v1; 10x 5' v2,ascending colon; body of stomach; buccal mucosa; caecum; colon; colonic epithelium; colonic mucosa; descending colon; duodenal epithelium; duodenum; epithelium of esophagus; epithelium of rectum; epit,normal,85,56,0.16666666666666666,87.0,86.83333333333333,10-year-old stage; 10th week post-fertilization stage; 11th week post-fertilization stage; 12-year-old stage; 12th week post-fertilization stage; 13th week post-fertilization stage; 15th week post-fertilization stage; 16th week post-fertilization stage; 17th week post-fertilization stage; 18th week post-fertilization stage; 19th week post-fertilization stage; 2-month-old stage,https://datasets.cellxgene.cziscience.com/b801706d-6345-4af2-b3fe-8e30e0e6150b.h5ad,9399907175,False
ef7bb7f0-234d-459f-b613-b37cc7a4c70f,f11cb29c-b546-4738-9bd8-66ea621a7bd5,Extended - Mesenchymal (adult/pediatric),77050,184,9,10x 3' v1; 10x 3' v2; 10x 3' v3; 10x 5' transcription profiling; 10x 5' v1; 10x 5' v2,ascending colon; body of stomach; buccal mucosa; caecum; colon; colonic epithelium; colonic mucosa; descending colon; duodenum; epithelium of esophagus; epithelium of rectum; epithelium of stomach; es,Crohn disease; colorectal cancer; gastric cancer; inflammatory bowel disease; normal; ulcerative colitis,70,59,2.0,87.0,85.0,10-year-old stage; 11-year-old stage; 12-year-old stage; 13-year-old stage; 14-year-old stage; 2-year-old stage; 21-year-old stage; 22-year-old stage; 23-year-old stage; 24-year-old stage; 26-year-old stage; 28-year-old stage,https://datasets.cellxgene.cziscience.com/e43f0ac0-a426-4471-8c4f-a9f99d612357.h5ad,616340547,False
7b20c613-9add-43d1-87e9-defd3d9b9f8c,61e422dd-c9cd-460e-9b91-72d9517348ef,Integrated cancer cell-specific single-cell RNA-seq datasets of immune checkpoint blockade-treated patients,355941,167,31,10x 3' v2; 10x 3' v3; 10x 5' transcription profiling; Smart-seq2,arm skin; brain; breast; kidney; liver; nose skin; skin of body; skin of calf; skin of cheek; skin of external ear; skin of forehead; skin of knee; skin of neck; skin of scalp,HER2 positive breast carcinoma; basal cell carcinoma; estrogen-receptor positive breast cancer; hepatocellular carcinoma,41,30,37.0,86.0,49.0,37-year-old stage; 41-year-old stage; 43-year-old stage; 47-year-old stage; 52-year-old stage; 54-year-old stage; 57-year-old stage; 58-year-old stage; 60-79 year-old stage; 60-year-old stage; 61-year-old stage; 62-year-old stage,https://datasets.cellxgene.cziscience.com/c1d02236-6709-4feb-b7d6-30e2a203e8d1.h5ad,3063741325,False
de5416ef-bbfa-41f3-99d4-01a3554173f5,9432ae97-4803-4b9f-8f64-2b41e42ad3cb,Global Atlas,621200,138,29,10x 3' v2; 10x 3' v3; 10x 5' transcription profiling; 10x 5' v1; 10x 5' v2,breast,HER2 positive breast carcinoma; breast apocrine carcinoma; breast cancer; breast carcinoma; breast mucinous carcinoma; e,54,43,25.0,88.0,63.0,25-year-old stage; 29-year-old stage; 30-year-old stage; 32-year-old stage; 34-year-old stage; 35-year-old stage; 36-year-old stage; 37-year-old stage; 38-year-old stage; 41-year-old stage; 42-year-old stage; 43-year-old stage,https://datasets.cellxgene.cziscience.com/0fbf6fa3-8463-46ab-bda8-9703848b58db.h5ad,5168188774,False
5a9cfb44-494a-4540-8db8-7143b1bb5a6f,9432ae97-4803-4b9f-8f64-2b41e42ad3cb,Immune Compartment,274555,138,18,10x 3' v2; 10x 3' v3; 10x 5' transcription profiling; 10x 5' v1; 10x 5' v2,breast,HER2 positive breast carcinoma; breast apocrine carcinoma; breast cancer; breast carcinoma; breast mucinous carcinoma; e,54,43,25.0,88.0,63.0,25-year-old stage; 29-year-old stage; 30-year-old stage; 32-year-old stage; 34-year-old stage; 35-year-old stage; 36-year-old stage; 37-year-old stage; 38-year-old stage; 41-year-old stage; 42-year-old stage; 43-year-old stage,https://datasets.cellxgene.cziscience.com/904474b2-0029-4b3d-8cd5-1c8349e9462b.h5ad,1790125862,False
75011e96-ba37-4977-a539-fbf9f66a5e37,9432ae97-4803-4b9f-8f64-2b41e42ad3cb,Stromal Compartment,104032,131,10,10x 3' v2; 10x 3' v3; 10x 5' transcription profiling; 10x 5' v1; 10x 5' v2,breast,HER2 positive breast carcinoma; breast apocrine carcinoma; breast cancer; breast carcinoma; breast mucinous carcinoma; e,51,40,25.0,88.0,63.0,25-year-old stage; 29-year-old stage; 30-year-old stage; 32-year-old stage; 35-year-old stage; 36-year-old stage; 38-year-old stage; 41-year-old stage; 42-year-old stage; 43-year-old stage; 45-year-old stage; 46-year-old stage,https://datasets.cellxgene.cziscience.com/b5f2ee00-64c6-434c-8fee-3578fc9fea05.h5ad,986040674,False
f14bc322-1322-4184-8d16-409557525ea5,07e12576-b41b-4350-adfc-059bfc4328ea,Single-cell RNA-seq analysis of Interstitial Lung Disease (ILD) subtypes,471905,119,33,10x 5' v1; 10x 5' v2,lung,anthracosis; hypersensitivity pneumonitis; interstitial lung disease; lymphoid interstitial pneumonia; non-specific inte,45,44,15.0,74.0,59.0,15-year-old stage; 17-year-old stage; 19-year-old stage; 25-year-old stage; 27-year-old stage; 29-year-old stage; 30-year-old stage; 31-year-old stage; 34-year-old stage; 35-year-old stage; 36-year-old stage; 38-year-old stage,https://datasets.cellxgene.cziscience.com/c3d9262e-0dc5-4eca-bf20-56e6d96d0306.h5ad,4549440003,False
ef3055e1-0cad-40a3-961d-7110a323dc4f,059202e1-1f1b-483f-9151-f3a25a380c39,HLiCA - human liver all cells,524699,110,38,10x 3' v2; 10x 3' v3; 10x 5' v1,caudate lobe of liver; left lobe of liver; liver; right lobe of liver,normal,49,38,21.0,80.0,59.0,21-year-old stage; 26-year-old stage; 28-year-old stage; 32-year-old stage; 33-year-old stage; 37-year-old stage; 39-year-old stage; 41-year-old stage; 44-year-old stage; 45-year-old stage; 46-year-old stage; 48-year-old stage,https://datasets.cellxgene.cziscience.com/05955131-98d8-4be1-b419-efb690a4e258.h5ad,5718629476,False
c888b684-6c51-431f-972a-6c963044cef0,999f2a15-3d7e-440b-96ae-2c806799c08c,Core GBmap,338564,110,17,10x 3' v2; 10x 3' v3; 10x 5' v1; BD Rhapsody Whole Transcriptome Analysis; CEL-seq2; STRT-seq; Smart-seq2; microwell-seq,brain; forebrain; frontal lobe; left frontal lobe; left parietal lobe; left temporal lobe; right frontal lobe; right parietal lobe; right temporal lobe; temporal lobe; temporoparietal junction,glioblastoma,40,38,21.0,83.0,62.0,21-year-old stage; 33-year-old stage; 34-year-old stage; 36-year-old stage; 42-year-old stage; 44-year-old stage; 45-year-old stage; 46-year-old stage; 48-year-old stage; 50-year-old stage; 51-year-old stage; 52-year-old stage,https://datasets.cellxgene.cziscience.com/861acfd8-25f0-418b-a445-aa96da232827.h5ad,8127057404,False
375f79e2-4ae4-4016-8e5e-8b15f8cc7a41,059202e1-1f1b-483f-9151-f3a25a380c39,HLiCA - human liver endothelial cells,86530,107,8,10x 3' v2; 10x 3' v3; 10x 5' v1,caudate lobe of liver; left lobe of liver; liver; right lobe of liver,normal,47,36,21.0,80.0,59.0,21-year-old stage; 26-year-old stage; 28-year-old stage; 32-year-old stage; 33-year-old stage; 37-year-old stage; 39-year-old stage; 41-year-old stage; 44-year-old stage; 45-year-old stage; 46-year-old stage; 48-year-old stage,https://datasets.cellxgene.cziscience.com/ef880836-ca89-4258-8f86-1668c7415efa.h5ad,1042930052,False
066943a2-fdac-4b29-b348-40cede398e4e,6f6d381a-7701-4781-935c-db10d30de293,An integrated cell atlas of the human lung in health and disease (core),584944,107,50,10x 3' v1; 10x 3' v2; 10x 3' v3; 10x 5' v1; 10x 5' v2,lung parenchyma; nose; respiratory airway,normal,50,45,10.0,76.0,66.0,10-year-old stage; 15-year-old stage; 18-year-old stage; 21-year-old stage; 22-year-old stage; 23-year-old stage; 24-year-old stage; 25-year-old stage; 26-year-old stage; 27-year-old stage; 29-year-old stage; 30-year-old stage,https://datasets.cellxgene.cziscience.com/688185ad-11c2-4172-a53a-f4f1f4076860.h5ad,5873612847,False
f72958f5-7f42-4ebb-98da-445b0c6de516,2f75d249-1bec-459b-bf2b-b86221097ced,Human - Lung v2 (HLCA),584884,107,22,10x 3' v1; 10x 3' v2; 10x 3' v3; 10x 5' v1; 10x 5' v2,lung parenchyma; nose; respiratory airway,normal,48,47,10.0,76.0,66.0,10-year-old stage; 15-year-old stage; 18-year-old stage; 21-year-old stage; 22-year-old stage; 23-year-old stage; 24-year-old stage; 25-year-old stage; 26-year-old stage; 27-year-old stage; 29-year-old stage; 30-year-old stage,https://datasets.cellxgene.cziscience.com/2c01a563-73dd-47a1-8fc4-d1779364bedf.h5ad,5583941505,False
024f5d59-750b-4bf2-8937-51cd4b8b8e32,059202e1-1f1b-483f-9151-f3a25a380c39,HLiCA - human liver lymphocyte cells,103347,106,11,10x 3' v2; 10x 3' v3; 10x 5' v1,caudate lobe of liver; left lobe of liver; liver; right lobe of liver,normal,46,35,21.0,80.0,59.0,21-year-old stage; 26-year-old stage; 28-year-old stage; 32-year-old stage; 33-year-old stage; 37-year-old stage; 39-year-old stage; 41-year-old stage; 44-year-old stage; 45-year-old stage; 46-year-old stage; 48-year-old stage,https://datasets.cellxgene.cziscience.com/50279847-aeeb-46c0-817d-45042ba8997e.h5ad,981987262,False
1a38e762-2465-418f-b81c-6a4bce261c34,bacccb91-066d-4453-b70e-59de0b4598cd,Single-cell analysis of prenatal and postnatal human cortical development,709372,106,6,10x 3' v2; 10x 3' v3; 10x multiome,caudal ganglionic eminence; cerebral cortex; cingulate cortex; frontal cortex; ganglionic eminence; insular cortex; lateral ganglionic eminence; medial ganglionic eminence; primary motor cortex; tempo,normal,40,32,0.08333333333333333,54.0,53.916666666666664,1-month-old stage; 1-year-old stage; 10-year-old stage; 12-year-old stage; 13-year-old stage; 14-year-old stage; 15-year-old stage; 16-year-old stage; 17-year-old stage; 19-year-old stage; 2-month-old stage; 2-year-old stage,https://datasets.cellxgene.cziscience.com/2001fbc7-de84-4e84-9a76-4290bcd65415.h5ad,5976097241,False
98b68224-956d-45dd-9eca-538747578af8,be2285ed-d27d-4249-97a2-9b23ea924413,A single-cell atlas identifies oncogenic transcriptional programs and immune escape mechanisms in CTCL,1533956,105,10,10x 3' v2; 10x 3' v3; 10x 5' transcription profiling; 10x 5' v1; 10x 5' v2; 10x GEM-X Flex v1,dermis; skin epidermis; skin of body,Sezary syndrome; mycosis fungoides; normal; primary cutaneous aggressive epidermotropic CD8+ T-cell lymphoma,46,45,15.0,90.0,75.0,15-year-old stage; 24-year-old stage; 26-year-old stage; 31-year-old stage; 35-year-old stage; 36-year-old stage; 37-year-old stage; 38-year-old stage; 39-year-old stage; 40-year-old stage; 42-year-old stage; 44-year-old stage,https://datasets.cellxgene.cziscience.com/81036f88-1a43-46ea-a800-659ea37ce815.h5ad,9570293425,False
4bf585ea-0d0d-483c-a3c9-36f44a5b1adf,059202e1-1f1b-483f-9151-f3a25a380c39,HLiCA - human liver myeloid cells,65575,105,11,10x 3' v2; 10x 3' v3; 10x 5' v1,caudate lobe of liver; left lobe of liver; liver; right lobe of liver,normal,46,35,21.0,80.0,59.0,21-year-old stage; 26-year-old stage; 28-year-old stage; 32-year-old stage; 33-year-old stage; 37-year-old stage; 39-year-old stage; 41-year-old stage; 44-year-old stage; 45-year-old stage; 46-year-old stage; 48-year-old stage,https://datasets.cellxgene.cziscience.com/9c16200d-6087-4d8e-a211-413d4f991144.h5ad,836484385,False
eb499fd8-7000-419f-8854-926b9b61b11f,f86d6317-7215-409e-bfda-3f4ded3dadaa,Human CellCards Multi-Study CellRef 1.0 Atlas,347970,104,47,10x 3' v2; 10x 3' v3; 10x 5' v1,lung,normal,54,54,10.0,80.0,70.0,10-year-old stage; 12-year-old stage; 13-year-old stage; 17-year-old stage; 20-year-old stage; 21-year-old stage; 22-year-old stage; 23-year-old stage; 24-year-old stage; 25-year-old stage; 26-year-old stage; 27-year-old stage,https://datasets.cellxgene.cziscience.com/d6184057-2178-4946-b9b1-dc56543a77aa.h5ad,4157915829,False
2db80173-2bbb-499c-9161-dff672eb12e9,059202e1-1f1b-483f-9151-f3a25a380c39,HLiCA- human liver cholangiocyte cells,8811,97,3,10x 3' v2; 10x 3' v3; 10x 5' v1,caudate lobe of liver; left lobe of liver; liver; right lobe of liver,normal,42,31,21.0,80.0,59.0,21-year-old stage; 26-year-old stage; 32-year-old stage; 33-year-old stage; 37-year-old stage; 39-year-old stage; 41-year-old stage; 44-year-old stage; 45-year-old stage; 46-year-old stage; 48-year-old stage; 49-year-old stage,https://datasets.cellxgene.cziscience.com/1d29777b-80c4-44ed-a6b2-e5431c074c34.h5ad,101481570,False
d3cb449b-c2b1-4b50-a7f1-21203535fe61,d5d0df8f-4eee-49d8-a221-a288f50a1590,Parkinson's disease,2096155,97,11,10x 3' v3,dorsal motor nucleus of vagus nerve; medial globus pallidus; prefrontal cortex; primary motor cortex; primary visual cortex,Parkinson disease; normal,33,33,57.0,102.0,45.0,101-year-old stage; 102-year-old stage; 57-year-old stage; 62-year-old stage; 64-year-old stage; 65-year-old stage; 66-year-old stage; 67-year-old stage; 68-year-old stage; 69-year-old stage; 70-year-old stage; 71-year-old stage,https://datasets.cellxgene.cziscience.com/0270e5e5-ce1d-4165-828e-699210189a92.h5ad,30547659019,False
2a6eb5f1-8ccc-4781-9ac8-294e671243ef,059202e1-1f1b-483f-9151-f3a25a380c39,HLiCA - human liver hepatocyte cells,228368,96,4,10x 3' v2; 10x 3' v3; 10x 5' v1,caudate lobe of liver; left lobe of liver; liver; right lobe of liver,normal,44,33,21.0,80.0,59.0,21-year-old stage; 26-year-old stage; 32-year-old stage; 33-year-old stage; 37-year-old stage; 39-year-old stage; 41-year-old stage; 44-year-old stage; 45-year-old stage; 46-year-old stage; 48-year-old stage; 49-year-old stage,https://datasets.cellxgene.cziscience.com/eb7c9548-e248-4dcf-ba1f-195531bde8c8.h5ad,2315332319,False
199febfe-32c1-4cf7-9bd9-745206458d06,059202e1-1f1b-483f-9151-f3a25a380c39,HLiCA - human liver mesenchyme cells,31278,94,3,10x 3' v2; 10x 3' v3; 10x 5' v1,caudate lobe of liver; left lobe of liver; liver; right lobe of liver,normal,42,31,21.0,80.0,59.0,21-year-old stage; 26-year-old stage; 32-year-old stage; 33-year-old stage; 37-year-old stage; 39-year-old stage; 41-year-old stage; 44-year-old stage; 45-year-old stage; 48-year-old stage; 49-year-old stage; 50-year-old stage,https://datasets.cellxgene.cziscience.com/ffeb8e55-1cfb-4371-9c10-e708fc23bb6f.h5ad,392736882,False
c2876b1b-06d8-4d96-a56b-5304f815b99a,1ca90a2d-2943-483d-b678-b809bf464c30,Whole Taxonomy - MTG: Seattle Alzheimer's Disease Atlas (SEA-AD),1378211,89,18,10x 3' v3; 10x multiome,middle temporal gyrus,dementia; normal,24,24,29.0,89.0,60.0,29-year-old stage; 42-year-old stage; 43-year-old stage; 50-year-old stage; 60-year-old stage; 65-year-old stage; 68-year-old stage; 69-year-old stage; 70-year-old stage; 72-year-old stage; 75-year-old stage; 77-year-old stage,https://datasets.cellxgene.cziscience.com/732b4aa7-e441-4196-b05e-127433425613.h5ad,50775398656,False
3c364ffe-d599-44d5-a77f-6c5fd7038cf6,05e3d0fc-c9dd-4f14-9163-2b242b3bb5c2,snRNA-seq of human optic nerve and optic nerve head - all cells,959629,83,52,10x 3' v3,cranial nerve II; optic disc,normal,47,46,3.0,90.0,87.0,10-year-old stage; 11-year-old stage; 15-year-old stage; 16-year-old stage; 17-year-old stage; 18-year-old stage; 21-year-old stage; 25-year-old stage; 27-year-old stage; 3-year-old stage; 30-year-old stage; 32-year-old stage,https://datasets.cellxgene.cziscience.com/b27057d6-a6a0-40e8-a4ba-5373a03746d2.h5ad,9317415100,False
6f7fd0f1-a2ed-4ff1-80d3-33dde731cbc3,1ca90a2d-2943-483d-b678-b809bf464c30,Whole Taxonomy - DLPFC: Seattle Alzheimer's Disease Atlas (SEA-AD),1395601,83,18,10x 3' v3; 10x multiome,dorsolateral prefrontal cortex,dementia; normal,21,21,29.0,89.0,60.0,29-year-old stage; 42-year-old stage; 50-year-old stage; 68-year-old stage; 69-year-old stage; 70-year-old stage; 72-year-old stage; 75-year-old stage; 77-year-old stage; 78-year-old stage; 80 year-old and over stage; 80-year-old stage,https://datasets.cellxgene.cziscience.com/c2b49431-9288-4d94-8ca5-f6723b72217e.h5ad,53187995660,False
374edd6c-e163-461d-a036-d0dbbca7e8db,05e3d0fc-c9dd-4f14-9163-2b242b3bb5c2,snRNA-seq of human optic nerve and optic nerve head - endothelial cells,34934,82,4,10x 3' v3,cranial nerve II; optic disc,normal,47,46,3.0,90.0,87.0,10-year-old stage; 11-year-old stage; 15-year-old stage; 16-year-old stage; 17-year-old stage; 18-year-old stage; 21-year-old stage; 25-year-old stage; 27-year-old stage; 3-year-old stage; 30-year-old stage; 32-year-old stage,https://datasets.cellxgene.cziscience.com/3fb07a35-931f-46ff-aeb4-187123c1ef40.h5ad,298430158,False
a12ccb9b-4fbe-457d-8590-ac78053259ef,0f528c8a-a25c-4840-8fa3-d156fa11086f,Single-nucleus RNA-seq of the Adult Human Kidney (Version 1.5),304989,80,26,10x 3' v3,cortex of kidney; kidney; renal medulla; renal papilla,acute kidney injury; chronic kidney disease; normal,16,10,14.0,76.0,62.0,14-year-old stage; 29-year-old stage; 45-year-old stage; 54-year-old stage; 57-year-old stage; 59-year-old stage; 63-year-old stage; 66-year-old stage; 69-year-old stage; 76-year-old stage; eighth decade stage; fifth decade stage,https://datasets.cellxgene.cziscience.com/02d5db96-d67e-45f2-b556-b6bd99753665.h5ad,3034341738,False
8ef06ea4-8d0f-4303-a652-7d4604402b1f,0f7d022a-46c7-4e64-be4c-e34adbb78089,"scRNA-seq of human ocular surface: cornea, limbus, sclera – fetal data included",815769,74,20,10x 3' v2; 10x 3' v3; 10x multiome,cornea; corneal endothelium; corneal epithelium; corneo-scleral junction; ocular surface region; sclera; substantia propria of cornea; tunica fibrosa of eyeball,normal,50,36,1.0,90.0,89.0,1-year-old stage; 10-year-old stage; 11-year-old stage; 11th week post-fertilization stage; 13-year-old stage; 13th week post-fertilization stage; 14th week post-fertilization stage; 15th week post-fertilization stage; 16-year-old stage; 17th week post-fertilization stage; 18th week post-fertilization stage; 19th week post-fertilization stage,https://datasets.cellxgene.cziscience.com/30127f02-d0b9-4b56-bf4c-e5b77e4989bd.h5ad,10293731327,False
edc8d3fe-153c-4e3d-8be0-2108d30f8d70,03f821b4-87be-4ff4-b65a-b5fc00061da7,Airway,236977,74,40,10x 5' v1; 10x 5' v2,bronchus; nasal cavity; trachea,COVID-19; normal,14,7,25.0,76.0,51.0,25-year-old stage; 39-year-old stage; 52-year-old stage; 56-year-old stage; 70-year-old stage; 73-year-old stage; 76-year-old stage; adult stage; child stage (1-4 yo); juvenile stage (5-14 yo); late adult stage; newborn stage (0-28 days),https://datasets.cellxgene.cziscience.com/f9efb73e-f116-46b5-a775-d4233e758024.h5ad,3573361310,False
72955cdb-bd92-4135-aa52-21f33f9640db,db70986c-7d91-49fe-a399-a4730be394ac,plaque atlas,259116,73,12,10x 3' v2; 10x 3' v3,carotid artery segment; coronary artery; femoral artery,atherosclerosis,23,22,46.0,89.0,43.0,46-year-old stage; 54-year-old stage; 58-year-old stage; 59-year-old stage; 62-year-old stage; 64-year-old stage; 65-year-old stage; 66-year-old stage; 67-year-old stage; 71-year-old stage; 74-year-old stage; 75-year-old stage,https://datasets.cellxgene.cziscience.com/ad9f52c0-054b-4dc5-944c-46c376a544cf.h5ad,3056522616,False
978a566a-dc27-478d-b306-26daba116c1f,0cbf8ef8-87bd-4b51-8521-ec3f68183e11,snRNA-seq of human ocular anterior segment: trabecular meshwork and ciliary body,1102250,70,15,10x 3' v3,ciliary body; eye trabecular meshwork; uvea,normal,43,43,15.0,85.0,70.0,15-year-old stage; 16-year-old stage; 17-year-old stage; 18-year-old stage; 20-year-old stage; 21-year-old stage; 24-year-old stage; 27-year-old stage; 30-year-old stage; 34-year-old stage; 43-year-old stage; 44-year-old stage,https://datasets.cellxgene.cziscience.com/aa6ebee3-68cc-41b4-80b2-5ef5c3317e14.h5ad,9663215939,False
7bb64315-9e5a-41b9-9235-59acf9642a3e,a18474f4-ff1e-4864-af69-270b956cee5b,UMAP of Cancer Data integration,293823,70,31,10x 3' v2; 10x 3' v3; 10x 5' v1,ascending colon epithelium; body of stomach; cardia of stomach; duodenum; epithelium of rectum; esophagogastric junction; ileal epithelium; lower esophagus; submucosal esophageal gland,Barrett esophagus; gastric cancer; gastric intestinal metaplasia; gastritis; normal,39,38,27.0,88.0,61.0,27-year-old stage; 29-year-old stage; 34-year-old stage; 36-year-old stage; 41-year-old stage; 42-year-old stage; 43-year-old stage; 45-year-old stage; 48-year-old stage; 50-year-old stage; 51-year-old stage; 53-year-old stage,https://datasets.cellxgene.cziscience.com/36f88b68-b0c5-43eb-9dba-a620ed6b21aa.h5ad,2600015378,False
0b75c598-0893-4216-afe8-5414cab7739d,bcb61471-2a44-4d00-a0af-ff085512674c,Integrated Single-nucleus and Single-cell RNA-seq of the Adult Human Kidney,304652,67,26,10x 3' v3,cortex of kidney; kidney; renal medulla; renal papilla,acute kidney injury; chronic kidney disease; normal,33,27,14.0,76.0,62.0,14-year-old stage; 29-year-old stage; 30-year-old stage; 31-year-old stage; 35-year-old stage; 36-year-old stage; 39-year-old stage; 40-year-old stage; 41-year-old stage; 42-year-old stage; 43-year-old stage; 45-year-old stage,https://datasets.cellxgene.cziscience.com/4cd166f1-ef51-4137-869d-0a3688bc2bc8.h5ad,2959305098,False
cb252df6-6e49-4553-abd1-495a00006fb1,065ad318-59fd-4f8c-b4b1-66caa7665409,Oral and Craniofacial Atlas,246103,65,10,10x 3' v2; 10x 3' v3,buccal mucosa; dental pulp; gingiva; hard palate; minor salivary gland; molar dental pulp; mucosa of dorsum of tongue; mucosa of lip; parotid gland; periodontium; soft palate; sublingual gland; subman,normal,30,26,20.0,69.0,49.0,20-year-old stage; 21-year-old stage; 22-year-old stage; 24-year-old stage; 26-year-old stage; 28-year-old stage; 29-year-old stage; 30-year-old stage; 31-year-old stage; 32-year-old stage; 33-year-old stage; 34-year-old stage,https://datasets.cellxgene.cziscience.com/b7765f4e-e102-4b45-a08b-c5e00c560833.h5ad,1597858805,False
0d3807bf-97f0-4ec5-9611-15ada507f0df,f11cb29c-b546-4738-9bd8-66ea621a7bd5,Extended - Stomach,70090,62,13,10x 3' v2; 10x 5' transcription profiling; 10x 5' v2,body of stomach; pyloric antrum; pylorus; stomach,gastric cancer; normal,30,26,31.0,80.0,49.0,15th week post-fertilization stage; 17th week post-fertilization stage; 31-year-old stage; 41-year-old stage; 43-year-old stage; 44-year-old stage; 45-year-old stage; 46-year-old stage; 48-year-old stage; 51-year-old stage; 54-year-old stage; 55-year-old stage,https://datasets.cellxgene.cziscience.com/c10345ad-7e42-4a1b-ae78-d4d1547b8d06.h5ad,517898741,False
f89af62b-4059-4fb9-8bc0-e8e189c4c340,4d82bd8e-8827-410b-8fc7-685b7dd92585,Stromal cells,15438,62,11,10x 3' v2; 10x 3' v3,colorectum,colon adenocarcinoma; normal,35,35,35.0,91.0,56.0,35-year-old stage; 36-year-old stage; 42-year-old stage; 45-year-old stage; 47-year-old stage; 48-year-old stage; 49-year-old stage; 50-year-old stage; 51-year-old stage; 52-year-old stage; 53-year-old stage; 55-year-old stage,https://datasets.cellxgene.cziscience.com/3e97852a-0caf-4e9b-9355-9d5f408b4fcb.h5ad,176252181,False
9bf9dd7d-e23e-49ee-95cc-11df3bd61769,4d82bd8e-8827-410b-8fc7-685b7dd92585,Immune cells,182548,62,24,10x 3' v2; 10x 3' v3,colorectum,colon adenocarcinoma; normal,35,35,35.0,91.0,56.0,35-year-old stage; 36-year-old stage; 42-year-old stage; 45-year-old stage; 47-year-old stage; 48-year-old stage; 49-year-old stage; 50-year-old stage; 51-year-old stage; 52-year-old stage; 53-year-old stage; 55-year-old stage,https://datasets.cellxgene.cziscience.com/47da51f1-f4a7-442e-9397-d7d8dd7fb86c.h5ad,1159690366,False
81c2d711-7fd5-48f0-bc74-57229f3c9554,4d82bd8e-8827-410b-8fc7-685b7dd92585,Epithelial cells,168295,62,9,10x 3' v2; 10x 3' v3,colorectum,colon adenocarcinoma; normal,35,35,35.0,91.0,56.0,35-year-old stage; 36-year-old stage; 42-year-old stage; 45-year-old stage; 47-year-old stage; 48-year-old stage; 49-year-old stage; 50-year-old stage; 51-year-old stage; 52-year-old stage; 53-year-old stage; 55-year-old stage,https://datasets.cellxgene.cziscience.com/b70f801b-8e7a-4bc4-a2c9-ce293688ed37.h5ad,2395987117,False
7674f8f4-7200-4f08-8412-eb114016a66f,4d82bd8e-8827-410b-8fc7-685b7dd92585,"T, NK, ILC cells",76965,62,13,10x 3' v2; 10x 3' v3,colorectum,colon adenocarcinoma; normal,35,35,35.0,91.0,56.0,35-year-old stage; 36-year-old stage; 42-year-old stage; 45-year-old stage; 47-year-old stage; 48-year-old stage; 49-year-old stage; 50-year-old stage; 51-year-old stage; 52-year-old stage; 53-year-old stage; 55-year-old stage,https://datasets.cellxgene.cziscience.com/8a3ea2bf-70e2-4b60-964d-e7b3f9ad75b3.h5ad,396310178,False
1e517707-295a-408d-809c-5b1ed4dbeda4,4d82bd8e-8827-410b-8fc7-685b7dd92585,Myeloid cells,42114,62,7,10x 3' v2; 10x 3' v3,colorectum,colon adenocarcinoma; normal,35,35,35.0,91.0,56.0,35-year-old stage; 36-year-old stage; 42-year-old stage; 45-year-old stage; 47-year-old stage; 48-year-old stage; 49-year-old stage; 50-year-old stage; 51-year-old stage; 52-year-old stage; 53-year-old stage; 55-year-old stage,https://datasets.cellxgene.cziscience.com/dcd32c8a-a83d-4e5d-9997-f0c0a23db4c7.h5ad,379932928,False
16023185-de21-4c0d-a9c8-73abdd52d142,4d82bd8e-8827-410b-8fc7-685b7dd92585,All Cells,370115,62,45,10x 3' v2; 10x 3' v3,colorectum,colon adenocarcinoma; normal,35,35,35.0,91.0,56.0,35-year-old stage; 36-year-old stage; 42-year-old stage; 45-year-old stage; 47-year-old stage; 48-year-old stage; 49-year-old stage; 50-year-old stage; 51-year-old stage; 52-year-old stage; 53-year-old stage; 55-year-old stage,https://datasets.cellxgene.cziscience.com/3d1f3641-5755-47e2-b797-10317d33fe32.h5ad,3759292109,False
f95d8919-1f2a-405f-8776-bfecc0ab0f3f,854c0855-23ad-4362-8b77-6b1639e7a9fc,Kidney,194504,62,29,10x 3' v2; 10x 3' v3; 10x 5' v1,cortex of kidney; kidney; renal medulla; renal papilla; renal pelvis,normal,39,37,29.0,76.0,47.0,29-year-old stage; 30-year-old stage; 31-year-old stage; 35-year-old stage; 39-year-old stage; 40-year-old stage; 41-year-old stage; 42-year-old stage; 43-year-old stage; 44-year-old stage; 45-year-old stage; 46-year-old stage,https://datasets.cellxgene.cziscience.com/386349d9-bd94-48c9-813d-129602c1939d.h5ad,1425143821,False
763d1d88-b38d-4ab0-b00f-72df816b4b08,f11cb29c-b546-4738-9bd8-66ea621a7bd5,Extended - Large Intestine (adult/pediatric),96675,61,9,10x 3' v2; 10x 3' v3; 10x 5' transcription profiling; 10x 5' v1; 10x 5' v2,ascending colon; caecum; colon; colonic epithelium; colonic mucosa; descending colon; epithelium of rectum; lamina propria of mucosa of colon; rectosigmoid junction; rectum; sigmoid colon; transverse ,colorectal cancer; inflammatory bowel disease; normal; ulcerative colitis,31,23,2.0,86.0,84.0,2-year-old stage; 23-year-old stage; 29-year-old stage; 30-year-old stage; 31-year-old stage; 33-year-old stage; 35-year-old stage; 44-year-old stage; 5-year-old stage; 50-year-old stage; 51-year-old stage; 52-year-old stage,https://datasets.cellxgene.cziscience.com/681f6f1b-f9b6-4d1d-8588-97fedad51f7a.h5ad,861209355,False
5ed90bc0-12f3-4354-b314-0ce0dbb96458,48c15b0c-6039-4e0f-9668-b6b3c0b830ad,scRNA-seq of human of the human retinal pigment epithelium and the choroid,182151,60,18,10x 3' v2; 10x 3' v3; 10x 5' v2,chorioretinal region; eyeball of camera-type eye; optic choroid; pigmented layer of retina,normal,39,26,0.08333333333333333,90.0,89.91666666666667,1-month-old stage; 10th week post-fertilization stage; 11-year-old stage; 11th week post-fertilization stage; 12th week post-fertilization stage; 13th week post-fertilization stage; 15th week post-fertilization stage; 16th week post-fertilization stage; 17th week post-fertilization stage; 19th week post-fertilization stage; 21st week post-fertilization stage; 22nd week post-fertilization stage,https://datasets.cellxgene.cziscience.com/68493594-1bde-4b8b-8916-473a10caf035.h5ad,2778527352,False
d7f5d8d0-6150-48d7-b094-c34286ad11a1,de379e5f-52d0-498c-9801-0f850823c847,HNOCA Extended: The Human Neural Organoid Atlas,1920454,55,61,10x 3' v2; 10x 3' v3; 10x multiome; BD Rhapsody Whole Transcriptome Analysis; Drop-seq; Quartz-seq; SPLiT-seq; Smart-seq2,arcuate nucleus of hypothalamus; brain; cerebellum; cerebral cortex; choroid plexus; dorsal plus ventral thalamus; hindbrain; midbrain tectum; midbrain tegmentum; telencephalon; ventral part of telenc,normal,18,10,4.0,63.0,59.0,22-year-old stage; 25-year-old stage; 27-year-old stage; 30-year-old stage; 36-year-old stage; 4-year-old stage; 48-year-old stage; 55-year-old stage; 58-year-old stage; 63-year-old stage; blastula stage; fifth decade stage,https://datasets.cellxgene.cziscience.com/a0866f01-2a0e-4984-8a93-e5e829685e75.h5ad,20088621029,False
be35c935-ee4f-475c-9d3c-97630d59a735,48259aa8-f168-4bf5-b797-af8e88da6637,HBCA - stroma,416825,55,9,10x 3' v3,breast,normal,33,33,19.0,65.0,46.0,19-year-old stage; 20-year-old stage; 21-year-old stage; 23-year-old stage; 24-year-old stage; 25-year-old stage; 27-year-old stage; 28-year-old stage; 29-year-old stage; 30-year-old stage; 31-year-old stage; 33-year-old stage,https://datasets.cellxgene.cziscience.com/5bfb270a-9e69-4f52-8872-bd19ac44fbe3.h5ad,3485434018,False
975e13b6-bec1-4eed-b46a-9be1f1357373,48259aa8-f168-4bf5-b797-af8e88da6637,HBCA - epithelial,352496,55,5,10x 3' v3,breast,normal,33,33,19.0,65.0,46.0,19-year-old stage; 20-year-old stage; 21-year-old stage; 23-year-old stage; 24-year-old stage; 25-year-old stage; 27-year-old stage; 28-year-old stage; 29-year-old stage; 30-year-old stage; 31-year-old stage; 33-year-old stage,https://datasets.cellxgene.cziscience.com/5f7a4238-88af-4984-aa28-9c68f8902470.h5ad,4513946508,False
24ec2dc5-3573-4d66-a9e1-25b7dcf43e27,48259aa8-f168-4bf5-b797-af8e88da6637,HBCA - immune,25382,55,15,10x 3' v3,breast,normal,33,33,19.0,65.0,46.0,19-year-old stage; 20-year-old stage; 21-year-old stage; 23-year-old stage; 24-year-old stage; 25-year-old stage; 27-year-old stage; 28-year-old stage; 29-year-old stage; 30-year-old stage; 31-year-old stage; 33-year-old stage,https://datasets.cellxgene.cziscience.com/ef77cde8-9a2a-4362-ab08-510d2ec80f60.h5ad,148450519,False
0ba636a1-4754-4786-a8be-7ab3cf760fd6,48259aa8-f168-4bf5-b797-af8e88da6637,HBCA - global,803283,55,25,10x 3' v3,breast,normal,33,33,19.0,65.0,46.0,19-year-old stage; 20-year-old stage; 21-year-old stage; 23-year-old stage; 24-year-old stage; 25-year-old stage; 27-year-old stage; 28-year-old stage; 29-year-old stage; 30-year-old stage; 31-year-old stage; 33-year-old stage,https://datasets.cellxgene.cziscience.com/ed8cdda6-9985-4a62-933a-eee60b11cb18.h5ad,8336712858,False
ea2943a9-f722-40ff-9189-2cfc23e9f36a,48c15b0c-6039-4e0f-9668-b6b3c0b830ad,snRNA-seq of human of the human retinal pigment epithelium and the choroid - Schwann cells,21625,52,3,10x 3' v3; 10x 5' v2,chorioretinal region,normal,31,30,10.0,90.0,80.0,10-year-old stage; 11-year-old stage; 16-year-old stage; 17-year-old stage; 21-year-old stage; 25-year-old stage; 27-year-old stage; 30-year-old stage; 32-year-old stage; 34-year-old stage; 43-year-old stage; 46-year-old stage,https://datasets.cellxgene.cziscience.com/05750780-34b4-4ba0-a5a2-77e8585ad953.h5ad,125692978,False
647f6028-4173-4188-9db6-f94e0a65e967,48c15b0c-6039-4e0f-9668-b6b3c0b830ad,snRNA-seq of human of the human retinal pigment epithelium and the choroid - endothelial cells,99457,52,5,10x 3' v3; 10x 5' v2,chorioretinal region,normal,31,30,10.0,90.0,80.0,10-year-old stage; 11-year-old stage; 16-year-old stage; 17-year-old stage; 21-year-old stage; 25-year-old stage; 27-year-old stage; 30-year-old stage; 32-year-old stage; 34-year-old stage; 43-year-old stage; 46-year-old stage,https://datasets.cellxgene.cziscience.com/fcf71676-322b-483a-a536-1b5fc61cb476.h5ad,773419826,False
53d9dafe-deb9-40b2-8bb4-38774fc8fc02,48c15b0c-6039-4e0f-9668-b6b3c0b830ad,snRNA-seq of human of the human retinal pigment epithelium and the choroid - all cells,566546,52,28,10x 3' v3; 10x 5' v2,chorioretinal region,normal,31,30,10.0,90.0,80.0,10-year-old stage; 11-year-old stage; 16-year-old stage; 17-year-old stage; 21-year-old stage; 25-year-old stage; 27-year-old stage; 30-year-old stage; 32-year-old stage; 34-year-old stage; 43-year-old stage; 46-year-old stage,https://datasets.cellxgene.cziscience.com/00ad64f9-ff32-445d-a51b-05e499fa3491.h5ad,4966942389,False
46f6fd9d-1bef-4ac7-a26a-b074e105b475,48c15b0c-6039-4e0f-9668-b6b3c0b830ad,snRNA-seq of human of the human retinal pigment epithelium and the choroid - stromal cells,212984,52,4,10x 3' v3; 10x 5' v2,chorioretinal region,normal,31,30,10.0,90.0,80.0,10-year-old stage; 11-year-old stage; 16-year-old stage; 17-year-old stage; 21-year-old stage; 25-year-old stage; 27-year-old stage; 30-year-old stage; 32-year-old stage; 34-year-old stage; 43-year-old stage; 46-year-old stage,https://datasets.cellxgene.cziscience.com/2c6ef9b1-9961-474d-ac4f-6a59296d5993.h5ad,1996441257,False
1a9f3b38-b86d-416d-bbdc-9058ad3ff42d,48c15b0c-6039-4e0f-9668-b6b3c0b830ad,snRNA-seq of human of the human retinal pigment epithelium and the choroid - v1,715619,52,21,10x 3' v3; 10x 5' v2,chorioretinal region,normal,31,30,10.0,90.0,80.0,10-year-old stage; 11-year-old stage; 16-year-old stage; 17-year-old stage; 21-year-old stage; 25-year-old stage; 27-year-old stage; 30-year-old stage; 32-year-old stage; 34-year-old stage; 43-year-old stage; 46-year-old stage,https://datasets.cellxgene.cziscience.com/79fa1bd5-eccd-43d3-a3f8-b1f3f6971b9e.h5ad,5712023760,False
d45130d1-5588-40f0-90f4-2a7f69312b97,48c15b0c-6039-4e0f-9668-b6b3c0b830ad,snRNA-seq of human of the human retinal pigment epithelium and the choroid - Immune cells,101471,51,16,10x 3' v3; 10x 5' v2,chorioretinal region,normal,31,30,10.0,90.0,80.0,10-year-old stage; 11-year-old stage; 16-year-old stage; 17-year-old stage; 21-year-old stage; 25-year-old stage; 27-year-old stage; 30-year-old stage; 32-year-old stage; 34-year-old stage; 43-year-old stage; 46-year-old stage,https://datasets.cellxgene.cziscience.com/dbe1eee7-7964-480c-9086-a944b750b541.h5ad,715692191,False
61adb974-beea-432e-9b4f-677d9cb22ece,0f7d022a-46c7-4e64-be4c-e34adbb78089,"scRNA-seq of human ocular surface: cornea, limbus, sclera - all cells",577857,50,19,10x 3' v2; 10x 3' v3,cornea; corneal endothelium; corneal epithelium; corneo-scleral junction; ocular surface region; sclera; substantia propria of cornea; tunica fibrosa of eyeball,normal,39,36,1.0,90.0,89.0,1-year-old stage; 10-year-old stage; 11-year-old stage; 13-year-old stage; 16-year-old stage; 2-year-old stage; 22-year-old stage; 25-year-old stage; 27-year-old stage; 32-year-old stage; 33-year-old stage; 34-year-old stage,https://datasets.cellxgene.cziscience.com/2153e987-eff9-4ad1-b7e5-75a48d39afa4.h5ad,7199875064,False
364bd0c7-f7fd-48ed-99c1-ae26872b1042,854c0855-23ad-4362-8b77-6b1639e7a9fc,Heart,931012,50,19,10x 3' v2; 10x 3' v3; 10x 5' v1,apex of heart; heart left ventricle; heart right ventricle; interventricular septum; left cardiac atrium; right cardiac atrium,normal,28,24,20.0,75.0,55.0,20-year-old stage; 21-year-old stage; 27-year-old stage; 35-year-old stage; 39-year-old stage; 44-year-old stage; 46-year-old stage; 47-year-old stage; 48-year-old stage; 51-year-old stage; 52-year-old stage; 54-year-old stage,https://datasets.cellxgene.cziscience.com/5be599c4-a77a-42eb-bd4e-be8210b05339.h5ad,6449336820,False
e51bae9a-c747-4b64-904a-4da7cda218ab,58e85c2f-d52e-4c19-8393-b854b84d516e,Integrated transcriptomes of the 14 pancreatic islet cell types,245878,48,12,10x 3' v2; 10x 3' v3,islet of Langerhans,normal; prediabetes syndrome; type 2 diabetes mellitus,28,28,21.0,66.0,45.0,21-year-old stage; 25-year-old stage; 26-year-old stage; 30-year-old stage; 32-year-old stage; 34-year-old stage; 35-year-old stage; 37-year-old stage; 38-year-old stage; 40-year-old stage; 42-year-old stage; 45-year-old stage,https://datasets.cellxgene.cziscience.com/464a2c70-ebab-48c2-818d-be44c0a9c29e.h5ad,5868428962,False
3a805b8d-c9d8-4c9b-881f-0eefa635974d,de379e5f-52d0-498c-9801-0f850823c847,The Human Neural Organoid Atlas,1767346,46,61,10x 3' v2; 10x 3' v3; 10x multiome; BD Rhapsody Whole Transcriptome Analysis; Drop-seq; Quartz-seq; SPLiT-seq; Smart-seq2,arcuate nucleus of hypothalamus; brain; cerebellum; cerebral cortex; choroid plexus; dorsal plus ventral thalamus; hindbrain; midbrain tectum; midbrain tegmentum; telencephalon; ventral part of telenc,normal,18,10,4.0,63.0,59.0,22-year-old stage; 25-year-old stage; 27-year-old stage; 30-year-old stage; 36-year-old stage; 4-year-old stage; 48-year-old stage; 55-year-old stage; 58-year-old stage; 63-year-old stage; blastula stage; fifth decade stage,https://datasets.cellxgene.cziscience.com/127a3c9a-7bcb-4362-a73e-e60fd67f5bae.h5ad,18777180012,False
cff99df2-4904-44f7-9173-ff837f95606e,0d35c0fd-ef0b-4b70-bce6-645a4660e5fa,all cells,424528,46,7,10x 3' v2; 10x 3' v3; Drop-seq,Brodmann (1909) area 17; Brodmann (1909) area 7; Brodmann (1909) area 9,Alzheimer disease; normal,28,28,52.0,111.0,59.0,111-year-old stage; 52-year-old stage; 57-year-old stage; 58-year-old stage; 61-year-old stage; 62-year-old stage; 66-year-old stage; 67-year-old stage; 68-year-old stage; 70-year-old stage; 71-year-old stage; 73-year-old stage,https://datasets.cellxgene.cziscience.com/7bfa165b-b3af-4f84-9a89-ca22d3e093f3.h5ad,6472596259,False
714e6bc2-d81d-4a5b-97de-818bf6ff3a1d,bc7397a3-ea49-4d57-84b8-80bd6885d4c4,Immune HNSCC Atlas,134385,44,14,10x 3' v2; 10x 3' v3; 10x 5' transcription profiling,alveolar ridge of mandible; buccal mucosa; gingiva of lower jaw; hypopharynx; larynx; mandible; mouth floor; oral cavity; oropharynx; tongue,head and neck squamous cell carcinoma,29,29,18.0,80.0,62.0,18-year-old stage; 32-year-old stage; 35-year-old stage; 43-year-old stage; 45-year-old stage; 48-year-old stage; 50-year-old stage; 51-year-old stage; 53-year-old stage; 54-year-old stage; 55-year-old stage; 56-year-old stage,https://datasets.cellxgene.cziscience.com/377e8ef1-6f2f-4091-bc27-9bc01959b8eb.h5ad,4008132984,False
60acb72d-4935-4bb2-80b4-3700a6a527f8,bc7397a3-ea49-4d57-84b8-80bd6885d4c4,Global HPV-negative HNSCC Atlas,227816,44,20,10x 3' v2; 10x 3' v3; 10x 5' transcription profiling,alveolar ridge of mandible; buccal mucosa; gingiva of lower jaw; hypopharynx; larynx; mandible; mouth floor; oral cavity; oropharynx; tongue,head and neck squamous cell carcinoma,29,29,18.0,80.0,62.0,18-year-old stage; 32-year-old stage; 35-year-old stage; 43-year-old stage; 45-year-old stage; 48-year-old stage; 50-year-old stage; 51-year-old stage; 53-year-old stage; 54-year-old stage; 55-year-old stage; 56-year-old stage,https://datasets.cellxgene.cziscience.com/8b58da42-48ca-4615-90f2-0a3c25687da1.h5ad,7340263435,False
493a8b60-d676-44d1-b022-d14c1ad0b36c,854c0855-23ad-4362-8b77-6b1639e7a9fc,Lung,318426,43,43,10x 3' v2; 10x 5' transcription profiling,bronchus; lower lobe of left lung; lung; lung parenchyma; upper lobe of left lung,normal,30,26,20.0,75.0,55.0,20-year-old stage; 21-year-old stage; 22-year-old stage; 23-year-old stage; 25-year-old stage; 29-year-old stage; 31-year-old stage; 32-year-old stage; 35-year-old stage; 37-year-old stage; 41-year-old stage; 46-year-old stage,https://datasets.cellxgene.cziscience.com/06f0f972-8b12-497a-b731-1d44674f1c5e.h5ad,3026412040,False
e5233a94-9e43-418c-8209-6f1400c31530,a18474f4-ff1e-4864-af69-270b956cee5b,UMAP of all data,146583,43,31,10x 3' v2; 10x 3' v3,ascending colon epithelium; body of stomach; cardia of stomach; duodenum; epithelium of rectum; esophagogastric junction; ileal epithelium; lower esophagus; submucosal esophageal gland,Barrett esophagus; gastric intestinal metaplasia; gastritis; normal,28,27,27.0,83.0,56.0,27-year-old stage; 29-year-old stage; 34-year-old stage; 41-year-old stage; 42-year-old stage; 43-year-old stage; 45-year-old stage; 48-year-old stage; 50-year-old stage; 51-year-old stage; 53-year-old stage; 54-year-old stage,https://datasets.cellxgene.cziscience.com/09f67fa6-3e89-4f02-b72b-45a10972b6f7.h5ad,1325313329,False
fe7aae33-6f7c-41a5-8d29-9996a9ddf1ab,328d71f0-0ed7-4518-966f-be6bd0797324,All cells from human cardiac tissue with myocarditis and healthy controls,205596,42,9,10x 3' v2; 10x 3' v3,apex of heart; heart left ventricle,myocarditis; normal,23,18,19.0,70.0,51.0,19-year-old stage; 21-year-old stage; 24-year-old stage; 25-year-old stage; 26-year-old stage; 27-year-old stage; 28-year-old stage; 29-year-old stage; 30-year-old stage; 31-year-old stage; 32-year-old stage; 38-year-old stage,https://datasets.cellxgene.cziscience.com/5ca4319d-488f-444d-b383-e909fe0783d4.h5ad,5723614499,False
de916989-3523-4eed-a8e6-6999540f27d4,328d71f0-0ed7-4518-966f-be6bd0797324,Vascular associated cells from human cardiac tissue with myocarditis and healthy controls,58054,42,3,10x 3' v2; 10x 3' v3,apex of heart; heart left ventricle,myocarditis; normal,23,18,19.0,70.0,51.0,19-year-old stage; 21-year-old stage; 24-year-old stage; 25-year-old stage; 26-year-old stage; 27-year-old stage; 28-year-old stage; 29-year-old stage; 30-year-old stage; 31-year-old stage; 32-year-old stage; 38-year-old stage,https://datasets.cellxgene.cziscience.com/e2238922-38a8-487b-8180-48e26ed87417.h5ad,1117276745,False
a49167b8-fe43-4b8f-ac37-d9c2af16f116,328d71f0-0ed7-4518-966f-be6bd0797324,Myeloid cells from human cardiac tissue with myocarditis and healthy controls,10363,42,5,10x 3' v2; 10x 3' v3,apex of heart; heart left ventricle,myocarditis; normal,23,18,19.0,70.0,51.0,19-year-old stage; 21-year-old stage; 24-year-old stage; 25-year-old stage; 26-year-old stage; 27-year-old stage; 28-year-old stage; 29-year-old stage; 30-year-old stage; 31-year-old stage; 32-year-old stage; 38-year-old stage,https://datasets.cellxgene.cziscience.com/b794afca-13fc-46ce-98fd-316d8207ed17.h5ad,281261641,False
02474d5c-7faa-4567-80f8-56abc0a1df62,328d71f0-0ed7-4518-966f-be6bd0797324,Lymphocytes from human cardiac tissue with myocarditis and healthy controls,4016,42,13,10x 3' v2; 10x 3' v3,apex of heart; heart left ventricle,myocarditis; normal,23,18,19.0,70.0,51.0,19-year-old stage; 21-year-old stage; 24-year-old stage; 25-year-old stage; 26-year-old stage; 27-year-old stage; 28-year-old stage; 29-year-old stage; 30-year-old stage; 31-year-old stage; 32-year-old stage; 38-year-old stage,https://datasets.cellxgene.cziscience.com/3056e501-1f69-4cd6-bc1e-af6ee7ec4c5e.h5ad,160140297,False
94423ec1-21f8-40e8-b5c9-c3ea82350ca4,a18474f4-ff1e-4864-af69-270b956cee5b,UMAP of Myeloid cells,3282,42,5,10x 3' v2; 10x 3' v3,ascending colon epithelium; body of stomach; cardia of stomach; duodenum; epithelium of rectum; esophagogastric junction; ileal epithelium; lower esophagus; submucosal esophageal gland,Barrett esophagus; gastric intestinal metaplasia; gastritis; normal,27,26,27.0,83.0,56.0,27-year-old stage; 29-year-old stage; 34-year-old stage; 41-year-old stage; 42-year-old stage; 43-year-old stage; 45-year-old stage; 48-year-old stage; 50-year-old stage; 51-year-old stage; 53-year-old stage; 54-year-old stage,https://datasets.cellxgene.cziscience.com/28e3e26c-c376-42fc-a1ac-34ed37b784d7.h5ad,19511011,False
773b9b2e-70c8-40be-8cbb-e7b5abab360d,a18474f4-ff1e-4864-af69-270b956cee5b,UMAP of Columnar cells,79522,42,10,10x 3' v2; 10x 3' v3,ascending colon epithelium; body of stomach; cardia of stomach; duodenum; epithelium of rectum; esophagogastric junction; ileal epithelium; lower esophagus,Barrett esophagus; gastric intestinal metaplasia; gastritis; normal,27,26,29.0,83.0,54.0,29-year-old stage; 34-year-old stage; 41-year-old stage; 42-year-old stage; 43-year-old stage; 45-year-old stage; 48-year-old stage; 50-year-old stage; 51-year-old stage; 53-year-old stage; 54-year-old stage; 55-year-old stage,https://datasets.cellxgene.cziscience.com/43a87424-6fd3-4036-8ff1-1bc82983d499.h5ad,802936542,False
63bb6359-3945-4658-92eb-3072419953e4,a18474f4-ff1e-4864-af69-270b956cee5b,UMAP of T-Cells cells,14970,41,7,10x 3' v2; 10x 3' v3,ascending colon epithelium; body of stomach; cardia of stomach; duodenum; epithelium of rectum; esophagogastric junction; ileal epithelium; lower esophagus; submucosal esophageal gland,Barrett esophagus; gastric intestinal metaplasia; gastritis; normal,26,25,27.0,83.0,56.0,27-year-old stage; 29-year-old stage; 34-year-old stage; 41-year-old stage; 42-year-old stage; 43-year-old stage; 45-year-old stage; 48-year-old stage; 50-year-old stage; 51-year-old stage; 53-year-old stage; 55-year-old stage,https://datasets.cellxgene.cziscience.com/40d6476f-6f10-4baa-9a60-93f751e6f0af.h5ad,65490738,False
03d5794d-cde9-4769-a1a9-b3899d2b1d87,a18474f4-ff1e-4864-af69-270b956cee5b,UMAP of Plasma and B-Cells cells,9015,40,4,10x 3' v2; 10x 3' v3,ascending colon epithelium; body of stomach; cardia of stomach; duodenum; epithelium of rectum; esophagogastric junction; lower esophagus; submucosal esophageal gland,Barrett esophagus; gastric intestinal metaplasia; gastritis; normal,26,25,27.0,83.0,56.0,27-year-old stage; 29-year-old stage; 34-year-old stage; 41-year-old stage; 42-year-old stage; 43-year-old stage; 45-year-old stage; 48-year-old stage; 50-year-old stage; 51-year-old stage; 53-year-old stage; 54-year-old stage,https://datasets.cellxgene.cziscience.com/b3ec86d4-50db-487c-8a52-c90949062007.h5ad,45563684,False
faed4f71-6b50-4fc7-bd1c-8f385dccfdce,a18474f4-ff1e-4864-af69-270b956cee5b,UMAP of Endothelial cells,3951,39,3,10x 3' v2; 10x 3' v3,ascending colon epithelium; body of stomach; cardia of stomach; duodenum; epithelium of rectum; esophagogastric junction; lower esophagus; submucosal esophageal gland,Barrett esophagus; gastric intestinal metaplasia; gastritis; normal,25,24,27.0,83.0,56.0,27-year-old stage; 29-year-old stage; 34-year-old stage; 41-year-old stage; 43-year-old stage; 45-year-old stage; 48-year-old stage; 50-year-old stage; 51-year-old stage; 53-year-old stage; 54-year-old stage; 55-year-old stage,https://datasets.cellxgene.cziscience.com/3e0b5d2e-65cb-4f27-9938-51195ef46cea.h5ad,30822014,False
624d92e2-d006-4241-9fd8-03535f850301,bc7397a3-ea49-4d57-84b8-80bd6885d4c4,NonImmune HNSCC Atlas,93431,37,6,10x 3' v2; 10x 3' v3; 10x 5' transcription profiling,alveolar ridge of mandible; buccal mucosa; gingiva of lower jaw; hypopharynx; larynx; mandible; mouth floor; oral cavity; oropharynx; tongue,head and neck squamous cell carcinoma,24,24,18.0,80.0,62.0,18-year-old stage; 32-year-old stage; 35-year-old stage; 51-year-old stage; 53-year-old stage; 54-year-old stage; 55-year-old stage; 56-year-old stage; 57-year-old stage; 58-year-old stage; 61-year-old stage; 62-year-old stage,https://datasets.cellxgene.cziscience.com/be2f74ea-f487-4650-8c03-080798c2872c.h5ad,3336228901,False
1d89d081-f43d-401a-be76-bd6ef9259f4e,854c0855-23ad-4362-8b77-6b1639e7a9fc,Liver,259678,36,26,10x 3' v2; 10x 3' v3; CEL-seq2,caudate lobe of liver; liver,normal,27,24,21.0,77.0,56.0,21-year-old stage; 26-year-old stage; 28-year-old stage; 34-year-old stage; 41-year-old stage; 44-year-old stage; 45-year-old stage; 46-year-old stage; 49-year-old stage; 52-year-old stage; 53-year-old stage; 55-year-old stage,https://datasets.cellxgene.cziscience.com/78760442-8f3a-491e-b4c8-23027f9f8e19.h5ad,1875534453,False
8560f809-5794-484e-9152-b63efa91d134,0cbf8ef8-87bd-4b51-8521-ec3f68183e11,scRNA-seq of human ocular anterior segment: trabecular meshwork and ciliary body,332995,35,15,10x 3' v2; 10x 3' v3; 10x 5' v2,ciliary body; eye trabecular meshwork,normal,28,27,1.0,85.0,84.0,1-year-old stage; 11-year-old stage; 16-year-old stage; 2-year-old stage; 21-year-old stage; 27-year-old stage; 32-year-old stage; 34-year-old stage; 43-year-old stage; 45-year-old stage; 51-year-old stage; 55-year-old stage,https://datasets.cellxgene.cziscience.com/95d527ff-21f6-4124-86b6-feed8ac2e4bd.h5ad,3291729206,False
14363b6e-3428-45b0-8704-10fd5d6316df,34f12de7-c5e5-4813-a136-832677f98ac8,Epithelial bcc and normal_scRNAseq,9841,35,5,10x 3' v1; 10x 3' v2; 10x 3' v3,arm skin; nose skin; scalp; skin of abdomen; skin of cheek; skin of external ear; skin of forehead; skin of temple,basal cell carcinoma; normal,24,24,23.0,91.0,68.0,23-year-old stage; 24-year-old stage; 25-year-old stage; 27-year-old stage; 39-year-old stage; 51-year-old stage; 53-year-old stage; 54-year-old stage; 56-year-old stage; 59-year-old stage; 62-year-old stage; 63-year-old stage,https://datasets.cellxgene.cziscience.com/0f8c8bcc-5554-4a92-bce4-de26b7285b63.h5ad,92920285,False
9fcb0b73-c734-40a5-be9c-ace7eea401c9,71f4bccf-53d4-4c12-9e80-e73bfb89e398,An Integrated Single Cell Meta-atlas of Human Periodontitis,105918,34,27,10x 3' v2; 10x 3' v3,gingiva,gingivitis; normal; periodontitis,22,20,21.0,61.0,40.0,21-year-old stage; 22-year-old stage; 24-year-old stage; 26-year-old stage; 28-year-old stage; 29-year-old stage; 30-year-old stage; 31-year-old stage; 32-year-old stage; 34-year-old stage; 35-year-old stage; 37-year-old stage,https://datasets.cellxgene.cziscience.com/171607d7-dcc2-4993-9deb-bbc62cf13273.h5ad,705007195,False
e7c5ba7e-4be0-4696-af50-a07d0dc7aac5,34f12de7-c5e5-4813-a136-832677f98ac8,BCC and Normal - scRNA-seq data,152189,33,25,10x 3' v1; 10x 3' v2; 10x 3' v3,arm skin; nose skin; skin of abdomen; skin of cheek; skin of external ear; skin of forehead; skin of temple,basal cell carcinoma; normal,24,24,23.0,91.0,68.0,23-year-old stage; 24-year-old stage; 25-year-old stage; 27-year-old stage; 39-year-old stage; 51-year-old stage; 53-year-old stage; 54-year-old stage; 56-year-old stage; 59-year-old stage; 62-year-old stage; 63-year-old stage,https://datasets.cellxgene.cziscience.com/82515193-f68f-49f1-923e-d10a2b798b42.h5ad,1006054297,False
15d374d6-0dfd-4d8e-ade7-81f73dc921ee,854c0855-23ad-4362-8b77-6b1639e7a9fc,Skeletal_muscle,201575,32,19,10x 3' v2; 10x 3' v3; 10x 5' transcription profiling; 10x 5' v1; Smart-seq2,"muscle of abdomen; muscle of pelvic diaphragm; muscle tissue; rectus abdominis muscle; skeletal muscle organ, vertebrate",normal,22,21,19.0,90.0,71.0,19-year-old stage; 20-year-old stage; 21-year-old stage; 22-year-old stage; 38-year-old stage; 43-year-old stage; 54-year-old stage; 59-year-old stage; 61-year-old stage; 62-year-old stage; 70-year-old stage; 71-year-old stage,https://datasets.cellxgene.cziscience.com/1cb67ec8-c9e3-4d4a-ba23-a1a8ef3f8450.h5ad,1443090454,False
829a3cd1-a466-49f1-b2e9-d3f6b7f392e2,1cbfb478-2c7f-4d15-b522-9f74e9fe52a8,progressive_plasticity_during_crc_metastasis_epithelial,47107,29,9,10x 3' v3,caecum; chest wall; descending colon; hepatic flexure of colon; liver; lung; peritoneum; rectum; sigmoid colon; transverse colon,colorectal cancer; normal,23,23,35.0,78.0,43.0,35-year-old stage; 37-year-old stage; 39-year-old stage; 40-year-old stage; 41-year-old stage; 44-year-old stage; 45-year-old stage; 48-year-old stage; 49-year-old stage; 50-year-old stage; 52-year-old stage; 53-year-old stage,https://datasets.cellxgene.cziscience.com/81bd8922-b69a-45ea-9b2a-032c480c0e37.h5ad,749863732,False
07854d9c-5375-4a9b-ac34-fa919d3c3686,bcb61471-2a44-4d00-a0af-ff085512674c,Single-nucleus RNA-seq of the Adult Human Kidney (Version 1.0),172847,29,26,10x 3' v3,cortex of kidney; renal medulla; renal papilla,acute kidney injury; chronic kidney disease; normal,15,10,14.0,76.0,62.0,14-year-old stage; 29-year-old stage; 45-year-old stage; 54-year-old stage; 57-year-old stage; 59-year-old stage; 63-year-old stage; 66-year-old stage; 69-year-old stage; 76-year-old stage; eighth decade stage; fourth decade stage,https://datasets.cellxgene.cziscience.com/5dc03d39-ac5f-49e1-8630-a64d2e6e293b.h5ad,1567520311,False
a22a3aeb-5e68-4084-8a45-94b42015adf8,065ad318-59fd-4f8c-b4b1-66caa7665409,Mucosal Atlas,87000,28,22,10x 3' v2; 10x 3' v3,buccal mucosa; gingiva; hard palate; mucosa of lip; soft palate,normal,17,15,21.0,65.0,44.0,21-year-old stage; 22-year-old stage; 24-year-old stage; 28-year-old stage; 31-year-old stage; 32-year-old stage; 33-year-old stage; 34-year-old stage; 35-year-old stage; 39-year-old stage; 51-year-old stage; 56-year-old stage,https://datasets.cellxgene.cziscience.com/072148e6-b563-44cf-a1b2-8162fa4b107c.h5ad,542015789,False
5ee552f5-834c-4766-92c8-5a09dfd45767,1cbfb478-2c7f-4d15-b522-9f74e9fe52a8,progressive_plasticity_during_crc_metastasis_non-tumor_epithelial,21026,27,9,10x 3' v3,caecum; descending colon; hepatic flexure of colon; rectum; sigmoid colon; transverse colon,colorectal cancer; normal,22,22,35.0,78.0,43.0,35-year-old stage; 37-year-old stage; 39-year-old stage; 40-year-old stage; 41-year-old stage; 44-year-old stage; 45-year-old stage; 49-year-old stage; 50-year-old stage; 52-year-old stage; 53-year-old stage; 55-year-old stage,https://datasets.cellxgene.cziscience.com/f20aae78-a32b-4914-8a98-7478c48324d3.h5ad,309674476,False
8058d760-09e6-4bdd-86a1-36917ffca3ef,0f7d022a-46c7-4e64-be4c-e34adbb78089,"snRNA-seq of human ocular surface: cornea, limbus, sclera",147484,27,17,10x 3' v3,cornea; corneo-scleral junction; sclera,normal,18,18,24.0,83.0,59.0,24-year-old stage; 30-year-old stage; 33-year-old stage; 44-year-old stage; 46-year-old stage; 47-year-old stage; 50-year-old stage; 57-year-old stage; 58-year-old stage; 60-year-old stage; 62-year-old stage; 65-year-old stage,https://datasets.cellxgene.cziscience.com/9ddcf89a-1329-46a6-b476-d8d3de1f7051.h5ad,1696863705,False
8a95341f-f023-4bff-a1d5-52c7003ab65a,065ad318-59fd-4f8c-b4b1-66caa7665409,Mucosal Immune Atlas,23064,27,9,10x 3' v2; 10x 3' v3,buccal mucosa; gingiva; hard palate; soft palate,normal,18,16,21.0,61.0,40.0,21-year-old stage; 22-year-old stage; 24-year-old stage; 26-year-old stage; 28-year-old stage; 29-year-old stage; 30-year-old stage; 31-year-old stage; 32-year-old stage; 33-year-old stage; 34-year-old stage; 35-year-old stage,https://datasets.cellxgene.cziscience.com/3167bdd1-92d3-49aa-b528-aa3c3d14618c.h5ad,119578968,False
bab7432a-5cfe-45ea-928c-422d03c45cdd,72d37bc9-76cc-442d-9131-da0e273862db,snRNA-seq data for human cerebella from 9-12 developmental stages,180956,27,25,10x 3' v2; 10x 3' v3,cerebellar cortex; cerebellum; cerebellum vermis lobule; dentate nucleus; hemisphere part of cerebellar posterior lobe,acute myocardial infarction; congenital heart disease; heart failure; normal,16,8,0.5,52.0,51.5,11th week post-fertilization stage; 17th week post-fertilization stage; 20th week post-fertilization stage; 3-year-old stage; 42-year-old stage; 44-year-old stage; 46-year-old stage; 52-year-old stage; 6-month-old stage; 7-month-old stage; 9-month-old stage; 9th week post-fertilization stage,https://datasets.cellxgene.cziscience.com/30626c44-7a90-40ed-8f54-116bfaebc857.h5ad,840038932,False
9fddb063-056d-4202-8b8a-4b0ee531d3ce,dea97145-f712-431c-a223-6b5f565f362a,A single-cell and spatially-resolved atlas of human breast cancers,100064,26,18,10x 3' v2; 10x 3' v3; 10x 5' v1,breast,breast carcinoma; invasive ductal breast carcinoma; invasive lobular breast carcinoma,20,20,35.0,88.0,53.0,35-year-old stage; 41-year-old stage; 42-year-old stage; 43-year-old stage; 47-year-old stage; 49-year-old stage; 50-year-old stage; 52-year-old stage; 54-year-old stage; 55-year-old stage; 57-year-old stage; 58-year-old stage,https://datasets.cellxgene.cziscience.com/22a27631-aecf-463b-86c6-a8334a2f2cf2.h5ad,843892052,False
933497dc-7592-4532-9056-b9941547b3ac,dea97145-f712-431c-a223-6b5f565f362a,A single-cell and spatially-resolved atlas of human breast cancers - T_cells,35214,26,5,10x 3' v2; 10x 3' v3; 10x 5' v1,breast,breast carcinoma; invasive ductal breast carcinoma; invasive lobular breast carcinoma,20,20,35.0,88.0,53.0,35-year-old stage; 41-year-old stage; 42-year-old stage; 43-year-old stage; 47-year-old stage; 49-year-old stage; 50-year-old stage; 52-year-old stage; 54-year-old stage; 55-year-old stage; 57-year-old stage; 58-year-old stage,https://datasets.cellxgene.cziscience.com/fff5d349-6bf8-4a6d-8124-486e2c9daf20.h5ad,171558793,False
4cdd25a4-f4fa-4c13-b8a9-80cf28511d46,dea97145-f712-431c-a223-6b5f565f362a,A single-cell and spatially-resolved atlas of human breast cancers - Stromal,19601,26,4,10x 3' v2; 10x 3' v3; 10x 5' v1,breast,breast carcinoma; invasive ductal breast carcinoma; invasive lobular breast carcinoma,20,20,35.0,88.0,53.0,35-year-old stage; 41-year-old stage; 42-year-old stage; 43-year-old stage; 47-year-old stage; 49-year-old stage; 50-year-old stage; 52-year-old stage; 54-year-old stage; 55-year-old stage; 57-year-old stage; 58-year-old stage,https://datasets.cellxgene.cziscience.com/0e60d1bf-5366-47ba-a01c-7011dade6b76.h5ad,178446400,False
11a3244a-6b2f-43ca-95a5-d2cd95c482d2,dea97145-f712-431c-a223-6b5f565f362a,A single-cell and spatially-resolved atlas of human breast cancers - Myeloid,9675,26,3,10x 3' v2; 10x 3' v3; 10x 5' v1,breast,breast carcinoma; invasive ductal breast carcinoma; invasive lobular breast carcinoma,20,20,35.0,88.0,53.0,35-year-old stage; 41-year-old stage; 42-year-old stage; 43-year-old stage; 47-year-old stage; 49-year-old stage; 50-year-old stage; 52-year-old stage; 54-year-old stage; 55-year-old stage; 57-year-old stage; 58-year-old stage,https://datasets.cellxgene.cziscience.com/27a4cfeb-fc26-4b46-8320-d84e17d1004b.h5ad,98371843,False
2d9f953c-940f-43d4-b9cc-7ea371cefb4c,f11cb29c-b546-4738-9bd8-66ea621a7bd5,Healthy - Oral mucosa,4494,25,4,10x 3' v2; 10x 3' v3,buccal mucosa; gingiva; periodontium,normal,16,14,21.0,61.0,40.0,21-year-old stage; 22-year-old stage; 23-year-old stage; 24-year-old stage; 28-year-old stage; 31-year-old stage; 32-year-old stage; 33-year-old stage; 35-year-old stage; 37-year-old stage; 39-year-old stage; 51-year-old stage,https://datasets.cellxgene.cziscience.com/21746196-77d9-4b10-84d3-f1bbf126626b.h5ad,68531087,False
df1edb87-e512-43ae-b5f4-cb179cfc2bb4,21bbfaec-6958-46bc-b1cd-1535752f6304,scRNA-seq for GZMK+CD8+ T cells Target A Specific Acinar Cell Type in Sjögren’s Disease,94227,25,19,10x 3' v2; 10x 3' v3,labial gland,Sjogren syndrome; normal,19,19,35.0,75.0,40.0,35-year-old stage; 38-year-old stage; 39-year-old stage; 40-year-old stage; 43-year-old stage; 45-year-old stage; 47-year-old stage; 48-year-old stage; 50-year-old stage; 51-year-old stage; 53-year-old stage; 54-year-old stage,https://datasets.cellxgene.cziscience.com/06e91d29-15e6-4590-9462-7ac166c445e9.h5ad,438722541,False
0c774045-26a7-40f8-9b07-6742d3c771c0,be21c2d1-2392-47d0-96fb-c625d115e0dc,Single cell RNA sequencing of CD19 CAR T-cell infusion products,133405,24,12,10x 5' v1,T cell,B-cell non-Hodgkin lymphoma,19,19,24.0,74.0,50.0,24-year-old stage; 28-year-old stage; 38-year-old stage; 42-year-old stage; 44-year-old stage; 48-year-old stage; 52-year-old stage; 54-year-old stage; 57-year-old stage; 58-year-old stage; 59-year-old stage; 60-year-old stage,https://datasets.cellxgene.cziscience.com/25735b46-c216-43fb-8cae-5b890090b714.h5ad,1687426497,False
ca46ffe6-0a26-4d8d-82fa-81722daf1102,fe0e718d-2ee9-42cc-894b-0b490f437dfd,A Single-Cell Atlas of Human White Adipose Tissue,166149,22,16,10x 3' v3; Drop-seq,omental fat pad; subcutaneous adipose tissue,normal,15,15,24.0,73.0,49.0,24-year-old stage; 29-year-old stage; 35-year-old stage; 36-year-old stage; 41-year-old stage; 49-year-old stage; 51-year-old stage; 53-year-old stage; 54-year-old stage; 57-year-old stage; 58-year-old stage; 59-year-old stage,https://datasets.cellxgene.cziscience.com/dba721a5-b215-450a-bda5-0ad3ff5f9665.h5ad,1324873289,False
97a17473-e2b1-4f31-a544-44a60773e2dd,e5f58829-1a66-40b5-a624-9046778e74f5,Tabula Sapiens - Epithelium,228032,22,74,10x 3' v3; 10x 5' v2; Smart-seq2,anterior part of tongue; anterior segment of eyeball; ascending colon; bladder organ; buccal mucosa; cardiac atrium; cardiac ventricle; chorioretinal region; conjunctiva; cornea; cortex of kidney; cri,normal,17,17,26.0,74.0,48.0,26-year-old stage; 33-year-old stage; 36-year-old stage; 37-year-old stage; 38-year-old stage; 40-year-old stage; 45-year-old stage; 46-year-old stage; 55-year-old stage; 56-year-old stage; 57-year-old stage; 59-year-old stage,https://datasets.cellxgene.cziscience.com/1536d673-07ba-4f84-abd1-7e08c21a8c30.h5ad,11603985730,False
2a156c92-c62f-4a51-b340-9df09caa589c,fe0e718d-2ee9-42cc-894b-0b490f437dfd,A Single-Cell Atlas of Human White Adipose Tissue - Human immune cells,34268,21,8,10x 3' v3; Drop-seq,omental fat pad; subcutaneous adipose tissue,normal,15,15,24.0,73.0,49.0,24-year-old stage; 29-year-old stage; 35-year-old stage; 36-year-old stage; 41-year-old stage; 49-year-old stage; 51-year-old stage; 53-year-old stage; 54-year-old stage; 57-year-old stage; 58-year-old stage; 59-year-old stage,https://datasets.cellxgene.cziscience.com/d34cb071-d048-4e5a-b8e9-4417d89474ab.h5ad,245858919,False
31f657dc-1875-4c4b-a5ca-ce63b3ef3a82,854c0855-23ad-4362-8b77-6b1639e7a9fc,Pancreas,121916,20,9,10x 3' v2; 10x 3' v3; CEL-seq2,islet of Langerhans; pancreas,normal,15,15,22.0,77.0,55.0,22-year-old stage; 23-year-old stage; 24-year-old stage; 30-year-old stage; 35-year-old stage; 39-year-old stage; 46-year-old stage; 48-year-old stage; 53-year-old stage; 54-year-old stage; 59-year-old stage; 61-year-old stage,https://datasets.cellxgene.cziscience.com/30747cff-bc75-41f1-8d64-e6144075ff5a.h5ad,959554022,False
c05e6940-729c-47bd-a2a6-6ce3730c4919,9d63fcf1-5ca0-4006-8d8f-872f3327dbe9,white matter - all cells,45528,20,15,10x 3' v3,Brodmann (1909) area 4; cervical spinal cord white matter; white matter of cerebellum,normal,13,13,34.0,74.0,40.0,34-year-old stage; 37-year-old stage; 39-year-old stage; 40-year-old stage; 42-year-old stage; 44-year-old stage; 45-year-old stage; 61-year-old stage; 63-year-old stage; 71-year-old stage; 72-year-old stage; 73-year-old stage,https://datasets.cellxgene.cziscience.com/a08ce2b5-813f-4596-832b-088f02efb55d.h5ad,434458874,False
894573ad-498f-47ee-9bec-ad0880147eea,9d63fcf1-5ca0-4006-8d8f-872f3327dbe9,white matter - neurons,10734,20,4,10x 3' v3,Brodmann (1909) area 4; cervical spinal cord white matter; white matter of cerebellum,normal,13,13,34.0,74.0,40.0,34-year-old stage; 37-year-old stage; 39-year-old stage; 40-year-old stage; 42-year-old stage; 44-year-old stage; 45-year-old stage; 61-year-old stage; 63-year-old stage; 71-year-old stage; 72-year-old stage; 73-year-old stage,https://datasets.cellxgene.cziscience.com/76367bc0-b279-45e0-bb3b-f17d61c5e7f0.h5ad,115547626,False
3d044b52-140a-4528-bf0d-a2dbef9e1f40,9d63fcf1-5ca0-4006-8d8f-872f3327dbe9,white matter - vascular cells,4880,20,4,10x 3' v3,Brodmann (1909) area 4; cervical spinal cord white matter; white matter of cerebellum,normal,13,13,34.0,74.0,40.0,34-year-old stage; 37-year-old stage; 39-year-old stage; 40-year-old stage; 42-year-old stage; 44-year-old stage; 45-year-old stage; 61-year-old stage; 63-year-old stage; 71-year-old stage; 72-year-old stage; 73-year-old stage,https://datasets.cellxgene.cziscience.com/c2efb6e2-78cf-4b5c-86c9-b9464a054f38.h5ad,53647625,False
12194ced-8086-458e-84a8-e2ab935d8db1,9d63fcf1-5ca0-4006-8d8f-872f3327dbe9,white matter - oligodendroglia,21968,20,3,10x 3' v3,Brodmann (1909) area 4; cervical spinal cord white matter; white matter of cerebellum,normal,13,13,34.0,74.0,40.0,34-year-old stage; 37-year-old stage; 39-year-old stage; 40-year-old stage; 42-year-old stage; 44-year-old stage; 45-year-old stage; 61-year-old stage; 63-year-old stage; 71-year-old stage; 72-year-old stage; 73-year-old stage,https://datasets.cellxgene.cziscience.com/5519d4d4-61f4-4831-9992-c55ccc8c1452.h5ad,215115449,False
84cfa5aa-a0d1-415e-ac47-eb66c9cf8170,ff69f0ee-fef6-4895-9f48-6c64a68c8289,Healthy and IFALD pediatric and adult human liver tissue,81001,19,19,10x 3' v2; 10x 3' v3; 10x 5' v1; 10x 5' v2,caudate lobe of liver; left lobe of liver; liver; right lobe of liver,intestinal failure–associated liver disease; normal,10,3,26.0,69.0,43.0,15-19 year-old; 26-year-old stage; 57-year-old stage; 69-year-old stage; child stage (1-4 yo); juvenile stage (5-14 yo); late adult stage; nursing stage (0-11 months); prime adult stage; young adult stage,https://datasets.cellxgene.cziscience.com/91a9f46f-2272-4f6b-9e08-7aae2debba87.h5ad,1668181764,False
cda48edf-331d-4ada-96ea-104ccb3147dd,fe0e718d-2ee9-42cc-894b-0b490f437dfd,A Single-Cell Atlas of Human White Adipose Tissue - Human vascular cells,22734,19,4,10x 3' v3; Drop-seq,omental fat pad; subcutaneous adipose tissue,normal,14,14,24.0,73.0,49.0,24-year-old stage; 29-year-old stage; 35-year-old stage; 36-year-old stage; 41-year-old stage; 49-year-old stage; 51-year-old stage; 53-year-old stage; 57-year-old stage; 58-year-old stage; 59-year-old stage; 68-year-old stage,https://datasets.cellxgene.cziscience.com/07eb26c9-5c25-4acc-8fd9-3f84556ac514.h5ad,161209956,False
9d8e5dca-03a3-457d-b7fb-844c75735c83,6b701826-37bb-4356-9792-ff41fc4c3161,Human abdominal subcutaneous and intraabdominal white adipose tissue - 22 integrated samples,65668,19,17,10x 3' v3,subcutaneous abdominal adipose tissue; visceral abdominal adipose tissue,normal,14,14,18.0,66.0,48.0,18-year-old stage; 21-year-old stage; 26-year-old stage; 27-year-old stage; 28-year-old stage; 35-year-old stage; 37-year-old stage; 41-year-old stage; 47-year-old stage; 51-year-old stage; 53-year-old stage; 54-year-old stage,https://datasets.cellxgene.cziscience.com/a2f61ea6-e115-4304-a674-0ce025e98788.h5ad,992937884,False
e84f2780-51e8-4cfa-8aa0-13bbfef677c7,74e10dc4-cbb2-4605-a189-8a1cd8e44d8c,All cells from human liver dataset,167598,19,14,10x 3' v2; 10x 3' v3,liver,normal,16,15,28.0,77.0,49.0,28-year-old stage; 33-year-old stage; 46-year-old stage; 49-year-old stage; 53-year-old stage; 55-year-old stage; 58-year-old stage; 64-year-old stage; 66-year-old stage; 67-year-old stage; 68-year-old stage; 72-year-old stage,https://datasets.cellxgene.cziscience.com/a2ebec68-7e59-4c44-a88f-c9ef87139d2e.h5ad,1026110286,False
b03e4ef8-4e6b-47f4-84a7-e8ed033d08cd,74e10dc4-cbb2-4605-a189-8a1cd8e44d8c,Lymphoid cells from human liver dataset,105790,19,11,10x 3' v2; 10x 3' v3,liver,normal,16,15,28.0,77.0,49.0,28-year-old stage; 33-year-old stage; 46-year-old stage; 49-year-old stage; 53-year-old stage; 55-year-old stage; 58-year-old stage; 64-year-old stage; 66-year-old stage; 67-year-old stage; 68-year-old stage; 72-year-old stage,https://datasets.cellxgene.cziscience.com/f70edcee-38a7-403f-94ca-b4bbb8e61bf3.h5ad,537908600,False
9bfecd44-e6b5-4072-9b64-cb7f0a117f88,7c7bd6c2-925b-4034-baab-620ef1b760e1,IBD and HC 10x Single-cell transcriptomics data,46700,18,5,10x 3' v2; 10x 3' v3,mucosa of ascending colon; mucosa of descending colon; mucosa of rectum; mucosa of sigmoid colon; mucosa of transverse colon,Crohn disease; normal; ulcerative colitis,16,16,21.0,68.0,47.0,21-year-old stage; 22-year-old stage; 23-year-old stage; 33-year-old stage; 43-year-old stage; 45-year-old stage; 46-year-old stage; 48-year-old stage; 49-year-old stage; 51-year-old stage; 56-year-old stage; 61-year-old stage,https://datasets.cellxgene.cziscience.com/5e75dd8f-5c5f-4056-ade2-117748429022.h5ad,183688176,False
b0ef440b-e303-4ad2-ada8-ce13336280ba,5e143645-177c-45b6-952d-48770e29a54b,Multi-modal skin atlas identifies a multicellular immune-stromal community associated with altered cornification and specific T cell expansion in atopic dermatitis (Atopic Dermatitis Atlas),280518,17,27,10x 3' v2; 10x 3' v3,skin of body,atopic eczema; normal,5,4,21.0,61.0,40.0,21-year-old stage; 27-year-old stage; 29-year-old stage; 61-year-old stage; adult stage,https://datasets.cellxgene.cziscience.com/e046218f-6a66-46f9-a91c-7f26b4ee00c2.h5ad,2464545875,False
b61a921b-7fa3-4b42-b455-aaaf32447920,4f30b962-d49b-4624-a233-64f048cf8632,A Unique Cellular Organization of Human Distal Airways and Its Disarray in Chronic Obstructive Pulmonary Disease,115788,17,44,10x 3' v2; 10x 3' v3,bronchus; segmental bronchus; terminal bronchus,chronic obstructive pulmonary disease; normal,16,16,11.0,67.0,56.0,11-year-old stage; 12-year-old stage; 20-year-old stage; 24-year-old stage; 32-year-old stage; 37-year-old stage; 39-year-old stage; 41-year-old stage; 56-year-old stage; 57-year-old stage; 58-year-old stage; 61-year-old stage,https://datasets.cellxgene.cziscience.com/a8e4f394-d141-4755-9a35-790c734d1dab.h5ad,1234325771,False
74014ef8-d2d0-4cbc-8ba2-037f30753ffd,854c0855-23ad-4362-8b77-6b1639e7a9fc,Hippocampus,676845,17,15,10x 3' v2; 10x 3' v3,hippocampal formation,normal,13,13,24.0,79.0,55.0,24-year-old stage; 26-year-old stage; 29-year-old stage; 37-year-old stage; 40-year-old stage; 42-year-old stage; 44-year-old stage; 48-year-old stage; 50-year-old stage; 51-year-old stage; 54-year-old stage; 60-year-old stage,https://datasets.cellxgene.cziscience.com/1ac0e7df-bfa9-4ae3-b930-7b77b16fcea8.h5ad,9373178308,False
0436a180-cb44-47ba-8ffa-807b7a468469,380ade76-e561-49a8-afb2-0f10b39c2c72,Fallopian tube samples from pre- and post-menopausal humans,131218,17,12,10x 3' v3; Drop-seq,ampulla of fallopian tube; fimbria of fallopian tube,normal,14,14,32.0,72.0,40.0,32-year-old stage; 37-year-old stage; 40-year-old stage; 42-year-old stage; 43-year-old stage; 44-year-old stage; 47-year-old stage; 48-year-old stage; 55-year-old stage; 61-year-old stage; 62-year-old stage; 65-year-old stage,https://datasets.cellxgene.cziscience.com/fb14bb6c-8b8d-4fc7-8983-4b8d9bce9afa.h5ad,1645703919,False
92594117-6e7c-47bd-bd6b-65c52cea167b,ad10cef8-9c6c-488f-9b50-d252d49b6837,Context-aware single-cell multiomics approach identifies cell-type-specific lung cancer susceptibility genes.,116778,16,22,10x multiome,lung,normal,13,13,31.0,72.0,41.0,31-year-old stage; 35-year-old stage; 40-year-old stage; 44-year-old stage; 50-year-old stage; 51-year-old stage; 60-year-old stage; 61-year-old stage; 62-year-old stage; 66-year-old stage; 68-year-old stage; 71-year-old stage,https://datasets.cellxgene.cziscience.com/a1e971da-5c35-46fd-acc3-b742735ec7d9.h5ad,1494890484,False
120cbe1a-9434-4e23-84bd-f570ac32300c,ff69f0ee-fef6-4895-9f48-6c64a68c8289,Healthy pediatric and adult human liver tissue,69032,16,19,10x 3' v2; 10x 3' v3; 10x 5' v1; 10x 5' v2,caudate lobe of liver; right lobe of liver,normal,9,3,26.0,69.0,43.0,15-19 year-old; 26-year-old stage; 57-year-old stage; 69-year-old stage; child stage (1-4 yo); juvenile stage (5-14 yo); late adult stage; prime adult stage; young adult stage,https://datasets.cellxgene.cziscience.com/500364df-df28-4e3c-85a7-6f702ed1a0d9.h5ad,1398941696,False
8fbed309-d3d4-441b-b3ff-e2dcbcec2d35,dc4cd1f7-667a-4c29-ae77-9401b9700d7f,Anomalous Epithelial Variations and Ectopic Inflammatory Response in Chronic Obstructive Pulmonary Disease,57918,16,21,10x 3' v3,lung parenchyma,chronic obstructive pulmonary disease; normal,15,15,33.0,81.0,48.0,33-year-old stage; 51-year-old stage; 56-year-old stage; 58-year-old stage; 61-year-old stage; 62-year-old stage; 64-year-old stage; 65-year-old stage; 67-year-old stage; 71-year-old stage; 72-year-old stage; 76-year-old stage,https://datasets.cellxgene.cziscience.com/6eedf808-fb04-4c0c-a788-26e63bc51d92.h5ad,848746348,False
9a64bf99-ebe5-4276-93a8-bee9dff1cd47,99f1515b-46a2-4bc4-94c3-f62659dc1eb4,Single-Cell RNA Sequencing of Breast Tissues: Cell Subtypes and Cancer Risk Factors,52681,16,6,10x 3' v2,breast,normal,14,13,25.0,65.0,40.0,25-year-old stage; 31-year-old stage; 33-year-old stage; 35-year-old stage; 36-year-old stage; 39-year-old stage; 41-year-old stage; 50-year-old stage; 52-year-old stage; 53-year-old stage; 55-year-old stage; 57-year-old stage,https://datasets.cellxgene.cziscience.com/af5464b2-fd5c-45e1-aae9-daddfd9f3aea.h5ad,468402729,False
771c7f5e-01c9-4faf-ab7f-ee8a7cf9d285,065ad318-59fd-4f8c-b4b1-66caa7665409,Gland Atlas,50240,15,19,10x 3' v3,minor salivary gland; parotid gland; submandibular gland,normal,14,12,24.0,69.0,45.0,24-year-old stage; 26-year-old stage; 28-year-old stage; 34-year-old stage; 39-year-old stage; 40-year-old stage; 48-year-old stage; 53-year-old stage; 56-year-old stage; 59-year-old stage; 62-year-old stage; 69-year-old stage,https://datasets.cellxgene.cziscience.com/c85332d2-7fde-4d7f-8f34-b9d5080abd30.h5ad,259423182,False
d1cbed97-d88f-4954-8925-13302fe30b39,74e10dc4-cbb2-4605-a189-8a1cd8e44d8c,CD45 negative cells from human liver dataset,15481,15,8,10x 3' v2; 10x 3' v3,liver,normal,14,13,28.0,77.0,49.0,28-year-old stage; 33-year-old stage; 46-year-old stage; 49-year-old stage; 55-year-old stage; 58-year-old stage; 64-year-old stage; 66-year-old stage; 67-year-old stage; 68-year-old stage; 72-year-old stage; 75-year-old stage,https://datasets.cellxgene.cziscience.com/b3773f9d-db5e-420d-a27e-479edd2d43b3.h5ad,194091886,False
dfdf1ae2-d624-4004-9353-f18b902f6bca,74e10dc4-cbb2-4605-a189-8a1cd8e44d8c,Myeloid cells from human liver dataset,40821,14,7,10x 3' v2; 10x 3' v3,liver,normal,11,10,28.0,77.0,49.0,28-year-old stage; 46-year-old stage; 49-year-old stage; 53-year-old stage; 55-year-old stage; 66-year-old stage; 72-year-old stage; 73-year-old stage; 75-year-old stage; 77-year-old stage; adult stage,https://datasets.cellxgene.cziscience.com/6da1a5a2-9a57-40e9-bb22-003ef183661c.h5ad,281129732,False
93325b5c-19bb-4481-aeda-738209650945,065ad318-59fd-4f8c-b4b1-66caa7665409,Buccal and Labial Atlas,29478,12,19,10x 3' v3,buccal mucosa; mucosa of lip,normal,8,8,22.0,65.0,43.0,22-year-old stage; 24-year-old stage; 28-year-old stage; 33-year-old stage; 39-year-old stage; 56-year-old stage; 61-year-old stage; 65-year-old stage,https://datasets.cellxgene.cziscience.com/0e0d41d5-5403-4aac-a140-c1a4f6fb11c7.h5ad,200222783,False
55ca4411-8c7d-4aef-a572-50852e030c05,1a3b0b02-e68d-4855-9ec8-c5b13703f052,ALL- Cells of gingivo-buccal oral squamous cell carcinoma,28186,12,7,10x 3' v3,oral cavity,oral cavity squamous cell carcinoma,11,11,36.0,76.0,40.0,36-year-old stage; 38-year-old stage; 46-year-old stage; 49-year-old stage; 50-year-old stage; 55-year-old stage; 60-year-old stage; 62-year-old stage; 65-year-old stage; 70-year-old stage; 76-year-old stage,https://datasets.cellxgene.cziscience.com/986e3fb7-b087-442a-8a30-9fe94d28873f.h5ad,205465152,False
429d21fd-bb9a-4abf-922b-c15138524bdd,9f29fcd0-7075-4420-bd61-e2ec1aebad89,scRNA-seq of lung biopsies from six human lung transplant cases,108613,12,13,10x 3' v3,lingula of left lung; lower lobe of right lung; middle lobe of right lung; upper lobe of left lung; upper lobe of right lung,normal,11,11,19.0,71.0,52.0,19-year-old stage; 28-year-old stage; 36-year-old stage; 37-year-old stage; 43-year-old stage; 51-year-old stage; 55-year-old stage; 64-year-old stage; 65-year-old stage; 66-year-old stage; 71-year-old stage,https://datasets.cellxgene.cziscience.com/5734e8c9-de71-45c3-b88e-5b45e6232652.h5ad,1125870877,False
ecce9688-66ea-4600-98f7-84aed7421c01,cae8bad0-39e9-4771-85a7-822b0e06de9f,Subpallial germinal zones and the developing human entorhinal cortex,124917,12,10,10x 3' v3,entorhinal cortex; ganglionic eminence,normal,11,9,0.08333333333333333,79.0,78.91666666666667,1-month-old stage; 13-year-old stage; 2-month-old stage; 2-year-old stage; 21st week post-fertilization stage; 27-year-old stage; 3-year-old stage; 50-year-old stage; 51-year-old stage; 79-year-old stage; newborn stage (0-28 days),https://datasets.cellxgene.cziscience.com/690cd774-112b-489d-af6c-8fd8aa2de80b.h5ad,2346936500,False
72822932-10f6-466f-baf3-a2c1d89364bc,cae8bad0-39e9-4771-85a7-822b0e06de9f,Interneuron maturation in the human entorhinal cortex,20470,12,9,10x 3' v3,entorhinal cortex; ganglionic eminence,normal,11,9,0.08333333333333333,79.0,78.91666666666667,1-month-old stage; 13-year-old stage; 2-month-old stage; 2-year-old stage; 21st week post-fertilization stage; 27-year-old stage; 3-year-old stage; 50-year-old stage; 51-year-old stage; 79-year-old stage; newborn stage (0-28 days),https://datasets.cellxgene.cziscience.com/08996e18-e97e-4da6-bb27-af5eb4456e85.h5ad,374376361,False
944dedde-03e5-456d-996d-7250f7247b85,3b8b7fec-ed65-4483-9579-9f98f5a93a74,Helmsley_gut_cell_adult,25641,11,13,10x 3' v3,right colon,normal,8,8,18.0,58.0,40.0,18-year-old stage; 21-year-old stage; 38-year-old stage; 50-year-old stage; 51-year-old stage; 52-year-old stage; 55-year-old stage; 58-year-old stage,https://datasets.cellxgene.cziscience.com/517c552c-48ff-4f15-9f23-55a70f3f054b.h5ad,327833371,False
a2c833f7-b7f1-4f4d-ad31-cae478b601b7,d0941303-7ce3-4422-9249-cf31eb98c480,Human HYPOMAP single-nucleus data,433369,11,8,10x 3' v3,hypothalamus,normal,11,11,29.0,94.0,65.0,29-year-old stage; 42-year-old stage; 50-year-old stage; 59-year-old stage; 63-year-old stage; 67-year-old stage; 83-year-old stage; 88-year-old stage; 91-year-old stage; 92-year-old stage; 94-year-old stage,https://datasets.cellxgene.cziscience.com/af06d70d-a2bc-43c1-8378-bc545bc8ee2c.h5ad,5231283640,False
56a4bc14-9407-45fd-8786-f7f6fc87c9dd,f406a653-c079-4bf9-aab6-85846c27571d,Postnatal human brain development: RNA,101924,10,11,10x multiome,anterior cingulate cortex; caudate nucleus; dorsolateral prefrontal cortex; hippocampal formation,normal,8,7,4.0,62.0,58.0,14-year-old stage; 20-year-old stage; 39-year-old stage; 4-year-old stage; 6-year-old stage; 61-year-old stage; 62-year-old stage; infant stage,https://datasets.cellxgene.cziscience.com/e6ef2a07-1b8e-49a8-a771-15b81971eac7.h5ad,1197926797,False
f6dafdd1-d746-407e-8019-4470e02d4cbd,c1241244-b22d-483d-875b-75699efb9f3c,B cells,3699,10,5,10x 3' v2; 10x 3' v3; 10x 5' transcription profiling,bronchus; lower lobe of left lung; lung; trachea; upper lobe of left lung,normal,9,7,29.0,75.0,46.0,29-year-old stage; 35-year-old stage; 58-year-old stage; 59-year-old stage; 64-year-old stage; 66-year-old stage; 75-year-old stage; seventh decade stage; sixth decade stage,https://datasets.cellxgene.cziscience.com/4da5f8b6-4a2a-471e-8b0c-31b087f4d258.h5ad,36008025,False
e871881f-b42d-4500-906d-0972a14ba47d,c1241244-b22d-483d-875b-75699efb9f3c,Fibroblasts,20515,10,9,10x 3' v2; 10x 3' v3; 10x 5' transcription profiling,bronchus; lower lobe of left lung; lung; trachea; upper lobe of left lung,normal,9,7,29.0,75.0,46.0,29-year-old stage; 35-year-old stage; 58-year-old stage; 59-year-old stage; 64-year-old stage; 66-year-old stage; 75-year-old stage; seventh decade stage; sixth decade stage,https://datasets.cellxgene.cziscience.com/460b3fe9-f623-4299-a745-78beba61c3d8.h5ad,240272482,False
e22c2ab4-c025-4804-b7a3-0b0ebd48c87a,c1241244-b22d-483d-875b-75699efb9f3c,Smooth muscle cells,5156,10,4,10x 3' v2; 10x 3' v3; 10x 5' transcription profiling,bronchus; lower lobe of left lung; lung; trachea; upper lobe of left lung,normal,9,7,29.0,75.0,46.0,29-year-old stage; 35-year-old stage; 58-year-old stage; 59-year-old stage; 64-year-old stage; 66-year-old stage; 75-year-old stage; seventh decade stage; sixth decade stage,https://datasets.cellxgene.cziscience.com/8447d059-e889-4c46-8b6d-a877efa665aa.h5ad,50313500,False
b3d060c6-bbd7-4db0-9ef7-9df42475875a,c1241244-b22d-483d-875b-75699efb9f3c,Lymphoid cells,37502,10,10,10x 3' v2; 10x 3' v3; 10x 5' transcription profiling,bronchus; lower lobe of left lung; lung; trachea; upper lobe of left lung,normal,9,7,29.0,75.0,46.0,29-year-old stage; 35-year-old stage; 58-year-old stage; 59-year-old stage; 64-year-old stage; 66-year-old stage; 75-year-old stage; seventh decade stage; sixth decade stage,https://datasets.cellxgene.cziscience.com/079576a1-f346-401e-b66c-553ccf5cfbdd.h5ad,140041887,False
4ebcbeeb-2208-4d30-acb2-8142a5201814,c1241244-b22d-483d-875b-75699efb9f3c,Vascular endothelial cells,20855,10,4,10x 3' v2; 10x 3' v3; 10x 5' transcription profiling,bronchus; lower lobe of left lung; lung; trachea; upper lobe of left lung,normal,9,7,29.0,75.0,46.0,29-year-old stage; 35-year-old stage; 58-year-old stage; 59-year-old stage; 64-year-old stage; 66-year-old stage; 75-year-old stage; seventh decade stage; sixth decade stage,https://datasets.cellxgene.cziscience.com/e2fe9206-4d7b-4d5d-9a46-cd401949b9f4.h5ad,192002585,False
2d85960a-2ba8-4f54-9aec-537fae839f5d,c1241244-b22d-483d-875b-75699efb9f3c,Myeloid cells,40634,10,9,10x 3' v2; 10x 3' v3; 10x 5' transcription profiling,bronchus; lower lobe of left lung; lung; trachea; upper lobe of left lung,normal,9,7,29.0,75.0,46.0,29-year-old stage; 35-year-old stage; 58-year-old stage; 59-year-old stage; 64-year-old stage; 66-year-old stage; 75-year-old stage; seventh decade stage; sixth decade stage,https://datasets.cellxgene.cziscience.com/e255b510-e54e-4910-87b4-a405e0d28294.h5ad,477427458,False
0e9d47fb-89b1-42d8-b426-2c7630b5f5fa,c1241244-b22d-483d-875b-75699efb9f3c,Airway epithelial cells,29505,10,12,10x 3' v2; 10x 3' v3; 10x 5' transcription profiling,bronchus; lower lobe of left lung; lung; trachea; upper lobe of left lung,normal,9,7,29.0,75.0,46.0,29-year-old stage; 35-year-old stage; 58-year-old stage; 59-year-old stage; 64-year-old stage; 66-year-old stage; 75-year-old stage; seventh decade stage; sixth decade stage,https://datasets.cellxgene.cziscience.com/75c9f3f8-9506-4b3e-98e1-2f38b1aecb32.h5ad,441055069,False
093d3bfe-6f0f-4ac0-a7a1-829f94d0a49f,c1241244-b22d-483d-875b-75699efb9f3c,All cells and nuclei,193108,10,60,10x 3' v2; 10x 3' v3; 10x 5' transcription profiling,bronchus; lower lobe of left lung; lung; trachea; upper lobe of left lung,normal,9,7,29.0,75.0,46.0,29-year-old stage; 35-year-old stage; 58-year-old stage; 59-year-old stage; 64-year-old stage; 66-year-old stage; 75-year-old stage; seventh decade stage; sixth decade stage,https://datasets.cellxgene.cziscience.com/dea9f35e-1be6-4240-919d-7eb2f471cbe9.h5ad,2014564880,False
