donor,age,pool,sex,age_c,n_cells,prop_B_intermediate,prop_B_memory,prop_B_naive,prop_CD14_Mono,prop_CD16_Mono,prop_CD4_CTL,prop_CD4_Naive,prop_CD4_TCM,prop_CD4_TEM,prop_CD8_Naive,prop_CD8_TCM,prop_CD8_TEM,prop_MAIT,prop_NK,prop_Treg,prop_gdT,prop_other_PBMC,clr_B_intermediate,clr_B_memory,clr_B_naive,clr_CD14_Mono,clr_CD16_Mono,clr_CD4_CTL,clr_CD4_Naive,clr_CD4_TCM,clr_CD4_TEM,clr_CD8_Naive,clr_CD8_TCM,clr_CD8_TEM,clr_MAIT,clr_NK,clr_Treg,clr_gdT,clr_other_PBMC
1000_1001,73.0,13,female,11.357142857142854,1401,0.009992862241256246,0.014275517487508922,0.07423269093504639,0.052105638829407566,0.007137758743754461,0.005710206995003569,0.14132762312633834,0.4011420413990007,0.030692362598144184,0.03354746609564597,0.014275517487508922,0.039257673090649536,0.009992862241256246,0.1206281227694504,0.015703069236259814,0.017130620985010708,0.01284796573875803,-1.0001411717019693,-0.653864934984135,0.974897250276368,0.6229955850902931,-1.3229145639650204,-1.5342236576322268,1.6164992789987473,2.6581013129500777,0.09847111696614075,0.1864398899120978,-0.653864934984135,0.34209319962389095,-1.0001411717019693,1.4585631056920074,-0.5607745119181233,-0.47561670357781605,-0.7565190890442182
1001_1002,57.0,13,female,-4.642857142857146,1536,0.021484375,0.009765625,0.044270833333333336,0.026041666666666668,0.015625,0.001953125,0.2630208333333333,0.2565104166666667,0.044921875,0.036458333333333336,0.014973958333333334,0.08072916666666667,0.0013020833333333333,0.12955729166666666,0.022135416666666668,0.01953125,0.01171875,-0.19184652473865338,-0.9625519396444733,0.5234417816985055,-0.002089989457180419,-0.5047188460189926,-2.450628995074306,2.299259772928872,2.2742271767162547,0.5379347890010724,0.33084867458272127,-0.5463915424195611,1.1209137523350883,-2.787101231695519,1.5924222727602442,-0.16243263953235987,-0.28566527995630775,-0.7856212314853948
1002_1003,73.0,13,male,11.357142857142854,1358,0.013254786450662739,0.005154639175257732,0.06921944035346098,0.0625920471281296,0.04639175257731959,0.0029455081001472753,0.2547864506627393,0.3011782032400589,0.004418262150220913,0.025036818851251842,0.004418262150220913,0.061855670103092786,0.0022091310751104565,0.10088365243004419,0.014727540500736377,0.009572901325478646,0.021354933726067747,-0.5147547926455496,-1.4176225041875639,1.1160743097698682,1.015990851212886,0.7185143811688173,-1.9284481279535552,2.4153572939001293,2.582411378563295,-1.5607233478282372,0.10843379930748531,-1.5607233478282372,1.004226009633299,-2.179762556234461,1.4910983923767969,-0.4121006385854664,-0.8298358392854452,-0.04813526138405466
1003_1004,58.0,13,female,-3.642857142857146,1619,0.008647313156269302,0.02285361334156887,0.05744286596664608,0.011117974058060531,0.012970969734403953,0.006176652254478073,0.3458925262507721,0.2557134033353922,0.019147621988882025,0.05744286596664608,0.013588634959851761,0.08400247066090179,0.009882643607164917,0.06856084002470661,0.012353304508956145,0.005558987029030266,0.008647313156269302,-1.0323567254036008,-0.08216444185376437,0.8314560614645119,-0.7887346427458506,-0.6384524396965126,-1.355130117666652,2.622323867682085,2.32056759974522,-0.2565178289985419,0.8314560614645119,-0.5929900656197549,1.2098192397948853,-0.9031449939235947,1.007519216070044,-0.6860804886857665,-1.4552135762236342,-1.0323567254036008
1004_1005,74.0,13,female,12.357142857142854,1350,0.023703703703703703,0.034074074074074076,0.047407407407407405,0.028888888888888888,0.013333333333333334,0.002962962962962963,0.1837037037037037,0.1874074074074074,0.028888888888888888,0.08074074074074074,0.00962962962962963,0.09407407407407407,0.02,0.17185185185185184,0.017777777777777778,0.035555555555555556,0.02,-0.37857423514309385,-0.020362011885475262,0.30685089932294085,-0.1835136525717096,-0.9420435923945067,-2.3557369277025115,1.6556285210578976,1.675549498552452,-0.1835136525717096,0.8361102247777694,-1.2571246390344024,0.9883020401196951,-0.5456283198062604,1.5890759005486252,-0.6611412069281046,0.021749473464651725,-0.5456283198062604
1005_1006,66.0,14,male,3.857142857142854,910,0.035164835164835165,0.00989010989010989,0.04285714285714286,0.03956043956043956,0.002197802197802198,0.001098901098901099,0.2934065934065934,0.2879120879120879,0.016483516483516484,0.03626373626373627,0.02857142857142857,0.02857142857142857,0.00989010989010989,0.12307692307692308,0.00989010989010989,0.012087912087912088,0.023076923076923078,0.36183520540106784,-0.8681130853281287,0.5568957879724521,0.47790737665382155,-2.2031141520604693,-2.71393977582646,2.4697146824014373,2.4508461980970546,-0.3785648600094227,0.39214055489639676,0.15773984905755256,0.15773984905755256,-0.8681130853281287,1.6035483377098507,-0.8681130853281287,-0.6770578485654193,-0.05135194880100702
1006_1007,73.0,14,male,10.857142857142854,642,0.01557632398753894,0.012461059190031152,0.09345794392523364,0.00778816199376947,0.0,0.00778816199376947,0.32087227414330216,0.2554517133956386,0.01557632398753894,0.03582554517133956,0.006230529595015576,0.07320872274143302,0.00778816199376947,0.11526479750778816,0.01557632398753894,0.00778816199376947,0.009345794392523364,-0.2698188782646316,-0.481127971931838,1.4814492296086867,-0.9164460431896844,-3.314341315988054,-0.9164460431896844,2.709106276972978,2.4817164347773177,-0.2698188782646316,0.5358062857220038,-1.117116738651835,1.2395355756124862,-0.9164460431896844,1.6896049899574046,-0.2698188782646316,-0.9164460431896844,-0.7493919585265179
1007_1008,75.0,14,female,12.857142857142854,1092,0.018315018315018316,0.00641025641025641,0.021062271062271064,0.004578754578754579,0.0,0.06593406593406594,0.07692307692307693,0.21703296703296704,0.048534798534798536,0.00641025641025641,0.015567765567765568,0.3782051282051282,0.00641025641025641,0.08882783882783883,0.011904761904761904,0.027472527472527472,0.00641025641025641,-0.09168998545547247,-1.09721185105757,0.04488554955027846,-1.4073667793614097,-3.8052620521597804,1.1714716902607942,1.324636662763293,2.358052751874861,0.8675667823021258,-1.09721185105757,-0.24991399067036646,2.9125426428639107,-1.09721185105757,1.4677375064039664,-0.5094251861554513,0.30561181201353094,-1.09721185105757
1008_1009,71.0,15,male,9.692307692307693,2681,0.015665796344647518,0.035434539350988434,0.03953748601268184,0.00969787392763894,0.008951883625512868,0.005967922417008579,0.2651995524058187,0.24468481909735174,0.017903767251025736,0.02834763148079075,0.008578888474449832,0.13054830287206268,0.006713912719134651,0.13577023498694518,0.015665796344647518,0.008951883625512868,0.02237970906378217,-0.5100597569955236,0.29956241456079,0.40858115222358515,-0.9824190999337179,-1.0608907153752134,-1.4562034520193596,2.3078115846040124,2.227358860816956,-0.3780000349824575,0.07772690790659542,-1.102563411775781,1.5997968735487502,-1.3417931008416155,1.6389627185228182,-0.5100597569955236,-1.0608907153752134,-0.15692046788909897
1009_1010,72.0,15,female,10.692307692307693,1114,0.03052064631956912,0.010771992818671455,0.03231597845601436,0.004488330341113106,0.0026929982046678637,0.00807899461400359,0.43177737881508077,0.20825852782764812,0.012567324955116697,0.02872531418312388,0.012567324955116697,0.03590664272890485,0.010771992818671455,0.118491921005386,0.017055655296229804,0.019748653500897665,0.01526032315978456,0.28284868566759513,-0.7323819940614635,0.33920162221872685,-1.5533625461312939,-2.005347669874351,-1.0068188397632234,2.9187955928684612,2.1907795866576922,-0.58396198894319,0.2231294509659727,-0.58396198894319,0.4431913357427746,-0.7323819940614635,1.628472007056558,-0.28769617280001736,-0.14459532915934448,-0.3959097574402506
1010_1011,71.0,15,female,9.692307692307693,1322,0.031013615733736764,0.01664145234493192,0.04462934947049924,0.0030257186081694403,0.0037821482602118004,0.024205748865355523,0.2745839636913767,0.24659606656580937,0.01361573373676248,0.0113464447806354,0.018910741301059002,0.0907715582450832,0.0015128593040847202,0.1777609682299546,0.02042360060514372,0.00680786686838124,0.014372163388804841,0.319676206747066,-0.2925019112792122,0.6799590920619978,-1.9019398237133127,-1.7012691282511612,0.0752228688461054,2.489762076483988,2.382412728226899,-0.48824648840530704,-0.6651771965643856,-0.1673387683252061,1.3856325324411234,-2.4897264886154313,2.055693692966886,-0.09183121581706111,-1.1547254218830916,-0.43560275491988554
1011_1012,67.0,15,female,5.692307692307693,1235,0.014574898785425101,0.027530364372469637,0.1659919028340081,0.0,0.0016194331983805667,0.010526315789473684,0.0680161943319838,0.28825910931174087,0.058299595141700404,0.005668016194331984,0.013765182186234818,0.1522267206477733,0.0024291497975708503,0.15465587044534412,0.010526315789473684,0.008906882591093117,0.01700404858299595,-0.255383621110878,0.3678049708421569,2.1522916807411323,-3.866301533755102,-2.2568636213210023,-0.5704646677507728,1.2635971811679712,2.7031798866591936,1.1104322086654723,-1.1582513326528923,-0.3109534722656888,2.0659436536929086,-1.9203913846997893,2.0817334554255438,-0.5704646677507728,-0.7308073178259522,-0.10510141806153994
1012_1013,70.0,15,female,8.692307692307693,1063,0.03857008466603951,0.011288805268109126,0.09501411100658513,0.0028222013170272815,0.0009407337723424271,0.010348071495766699,0.053621825023518345,0.21636876763875823,0.034807149576669805,0.0018814675446848542,0.016933207902163686,0.3029162746942615,0.007525870178739417,0.16745061147695203,0.01317027281279398,0.01317027281279398,0.01317027281279398,0.6053582485069064,-0.5946065344214904,1.4997236197520962,-1.867572210234378,-2.7148700706215814,-0.6779881433605417,0.9314497690735588,2.319915683706957,0.5040057542466192,-2.204044446855591,-0.20256444664546658,2.655767957506081,-0.9802690152334752,2.064253422489948,-0.44618652930321767,-0.44618652930321767,-0.44618652930321767
1014_1015,70.0,15,female,8.692307692307693,1091,0.01008249312557287,0.015582034830430797,0.152153987167736,0.002749770852428964,0.0036663611365719525,0.0018331805682859762,0.24197983501374887,0.21814848762603117,0.01008249312557287,0.002749770852428964,0.01008249312557287,0.06416131989000917,0.017415215398716773,0.19431714023831348,0.02474793767186068,0.0036663611365719525,0.026581118240146653,-0.6205920677056467,-0.2007382221453824,2.0520562063456476,-1.810176134579483,-1.5588617062985772,-2.146648371200696,2.514902148223503,2.411430207253545,-0.6205920677056467,-1.810176134579483,-0.6205920677056467,1.192673606743372,-0.09252463750515005,2.296002885289621,0.2512469015976748,-1.5588617062985772,0.32145116027092335
1015_1016,67.0,16,male,-0.5714285714285694,1224,0.015522875816993464,0.011437908496732025,0.06290849673202614,0.027777777777777776,0.017973856209150325,0.0196078431372549,0.3374183006535948,0.20751633986928106,0.02042483660130719,0.008169934640522876,0.0032679738562091504,0.12418300653594772,0.004901960784313725,0.0457516339869281,0.05065359477124183,0.0392156862745098,0.0032679738562091504,-0.4978263239171157,-0.7940921400602883,0.8820371468724844,0.07271853455049726,-0.35472548027644235,-0.2695676719361355,2.556416724976929,2.071060046503761,-0.22956233732243625,-1.1168655323233394,-1.9641633927105429,1.5589238065606494,-1.5964386125852257,0.5659998486655784,0.6669257672555391,0.41332300845662084,-1.9641633927105429
1016_1017,68.0,16,male,0.4285714285714306,1485,0.04983164983164983,0.03367003367003367,0.014141414141414142,0.027609427609427608,0.022895622895622896,0.013468013468013467,0.11447811447811448,0.18451178451178452,0.04107744107744108,0.028956228956228958,0.012121212121212121,0.336026936026936,0.00404040404040404,0.05185185185185185,0.020875420875420877,0.02558922558922559,0.018855218855218854,0.4262464181718224,0.03742062906762289,-0.8164997720800744,-0.15885927997703853,-0.3435933831763771,-0.8641278210693284,1.2541825895098802,1.730398553735894,0.23448446759878072,-0.11179176911905264,-0.9667819751294124,2.329054890874917,-2.0127505303121,0.46572522914561,-0.43456516138210377,-0.23389446591995267,-0.5346486199390865
1018_1019,68.0,16,female,0.4285714285714306,1393,0.029432878679109833,0.02799712849964106,0.09404163675520459,0.03948312993539124,0.00574300071787509,0.002871500358937545,0.21033740129217515,0.2132089016511127,0.03589375448671931,0.02297200287150036,0.00933237616654702,0.048815506101938265,0.007178750897343862,0.17372577171572146,0.04953338119167265,0.007178750897343862,0.022254127781765973,-0.005872618379624939,-0.05526537370920126,1.1474408060015415,0.28481697513611115,-1.5914998821200066,-2.2274886488400036,1.9503115936518738,1.963848179369407,0.19040729066503648,-0.2503259562805855,-1.1288763601718936,0.49526769965190187,-1.3801907884528002,1.7594356647612603,0.5097607069544692,-1.3801907884528002,-0.2815784997846902
1019_1020,69.0,16,male,1.4285714285714306,1430,0.0013986013986013986,0.002097902097902098,0.0034965034965034965,0.004195804195804196,0.01888111888111888,0.03496503496503497,0.3,0.16923076923076924,0.006993006993006993,0.006993006993006993,0.002797202797202797,0.213986013986014,0.0013986013986013986,0.1839160839160839,0.02027972027972028,0.016783216783216783,0.012587412587412588,-2.169509894101199,-1.833037657479986,-1.3810525337369288,-1.2139984490737632,0.22838537869717124,0.8361727103059597,2.9768211154489554,2.4052010844021834,-0.7344253688118769,-0.7344253688118769,-1.5817232291990804,2.6394171294009117,-2.169509894101199,2.4882527420060625,0.29858963737041977,0.11287249157532653,-0.1680298938910756
101_101,71.0,41,female,9.785714285714285,1397,0.031496062992125984,0.02791696492483894,0.06513958482462419,0.021474588403722263,0.005010737294201861,0.02219040801717967,0.21975662133142448,0.29133858267716534,0.05153901216893343,0.002863278453829635,0.0021474588403722263,0.09663564781675017,0.0,0.1145311381531854,0.03364352183249821,0.005010737294201861,0.009305654974946313,0.4177168450683797,0.2985283278032611,1.1385666281776605,0.03995433950955096,-1.3628693235615499,0.07221520172777218,2.3507027431427576,2.6322685885771024,0.9058142177568143,-1.8736949473275413,-2.125009375608447,1.5311992962159406,-4.07091952466376,1.7005215984662558,0.4829573669367808,-1.3628693235615499,-0.7750826586594313
1020_1021,80.0,16,female,12.42857142857143,822,0.006082725060827251,0.019464720194647202,0.11435523114355231,0.027980535279805353,0.004866180048661801,0.012165450121654502,0.0681265206812652,0.15693430656934307,0.010948905109489052,0.012165450121654502,0.009732360097323601,0.31873479318734793,0.0,0.19343065693430658,0.0170316301703163,0.0036496350364963502,0.024330900243309004,-1.1544460518236717,-0.0558337631555621,1.6894056904376002,0.2978062770880161,-1.3551167472858232,-0.5078188868986189,1.1750464940902985,2.0044867370774955,-0.6079023454556021,-0.5078188868986189,-0.7191279805658262,2.7110569379695812,-3.5523413246220423,2.2128497781628025,-0.18504549463556774,-1.6064311755667289,0.16123074208226562
1021_1022,75.0,16,female,7.428571428571431,1499,0.0200133422281521,0.047364909939959975,0.0266844563042028,0.0133422281521014,0.00266844563042028,0.009339559706470981,0.1827885256837892,0.33689126084056037,0.030020013342228154,0.00600400266844563,0.00600400266844563,0.1887925283522348,0.00066711140760507,0.07271514342895263,0.03402268178785857,0.00600400266844563,0.01667778519012675,-0.04864543999405102,0.803325326092545,0.2349298505050763,-0.44594723746305487,-1.9622947268311428,-0.7922234741808882,2.148579137342168,2.7591759148531088,0.3513402023494878,-1.2150803250009217,-1.2150803250009217,2.1808399995603898,-3.060907015499253,1.2295524256491386,0.4752096840622735,-1.2150803250009217,-0.22769367144303665
1022_1023,68.0,16,female,0.4285714285714306,1054,0.0028462998102466793,0.010436432637571158,0.036053130929791274,0.0028462998102466793,0.006641366223908918,0.010436432637571158,0.3178368121442125,0.1650853889943074,0.018026565464895637,0.029411764705882353,0.0028462998102466793,0.1157495256166983,0.007590132827324478,0.22770398481973433,0.03225806451612903,0.003795066413662239,0.010436432637571158,-1.783988442488495,-0.594404375614658,0.613906830309876,-1.783988442488495,-1.021848390441598,-0.594404375614658,2.778870545427874,2.125173330658619,-0.0663369454141618,0.4132361348477245,-1.783988442488495,1.7713596190009189,-0.8966852474875924,2.445968678561953,0.5042079130534511,-1.5326740142075885,-0.594404375614658
1023_1024,60.0,16,female,-7.571428571428569,876,0.0365296803652968,0.045662100456621,0.11757990867579908,0.00684931506849315,0.003424657534246575,0.0045662100456621,0.2465753424657534,0.16552511415525115,0.010273972602739725,0.02968036529680365,0.007990867579908675,0.05593607305936073,0.0045662100456621,0.21689497716894976,0.0136986301369863,0.014840182648401826,0.019406392694063926,0.3636998613285356,0.5837617461053375,1.5220313846982676,-1.245738051105565,-1.8647772595117877,-1.613462831230882,2.2600503194353885,1.862635858604391,-0.8662484294006609,0.15960450498502032,-1.1026372074648916,0.7844324415674886,-1.613462831230882,2.1321119665595996,-0.5918115836989011,-0.5148505425627721,-0.2553393470776877
1024_1025,70.0,17,female,3.142857142857139,1416,0.02824858757062147,0.052259887005649715,0.03884180790960452,0.05649717514124294,0.059322033898305086,0.026129943502824857,0.05014124293785311,0.25,0.08615819209039548,0.009180790960451978,0.00847457627118644,0.17372881355932204,0.0346045197740113,0.05790960451977401,0.01765536723163842,0.025423728813559324,0.025423728813559324,-0.3463571351324046,0.26314001614061544,-0.0312760884925094,0.3405980751796194,0.3890924251182297,-0.4233181762685332,0.22203834045506365,1.823049236727284,0.7604519207398837,-1.4449694238005142,-1.5219304649366432,1.4597028842378466,-0.14568643967025352,0.365139184095737,-0.808980657080518,-0.45034684865645236,-0.45034684865645236
1025_1026,57.0,17,female,-9.857142857142861,1577,0.032974001268230815,0.04311984781230184,0.04946100190234623,0.08814204185161699,0.03868103994927077,0.0019023462270133164,0.16930881420418517,0.29105897273303744,0.025364616360177554,0.032339885859226376,0.011414077362079899,0.04185161699429296,0.030437539632213063,0.11223842739378567,0.014584654407102092,0.0025364616360177552,0.014584654407102092,0.06573446960823359,0.33175504527883515,0.4680199247990182,1.0429859012720755,0.22395847482312758,-2.642315731493977,1.6940408663467166,2.235060241806397,-0.19377672587685124,0.046503107680345934,-0.9773079679050656,0.3021232476724638,-0.013514902045907107,1.283891908926126,-0.738078278839231,-2.3910013032130704,-0.738078278839231
1026_1027,75.0,17,female,8.142857142857139,1451,0.03997243280496209,0.03239145416953825,0.019986216402481046,0.051688490696071676,0.043418332184700204,0.007580978635423846,0.19710544452102,0.21502412129565818,0.019297036526533425,0.07167470709855273,0.01171605789110958,0.0647829083390765,0.006202618883528601,0.17229496898690558,0.010337698139214336,0.019297036526533425,0.01722949689869056,0.17796354905648792,-0.030333494140727613,-0.5066729418355487,0.4330694510736559,0.25997670071732326,-1.4487161698121187,1.7666753309734713,1.8535412639951332,-0.5411591179067181,0.758123866223543,-1.0288623242518544,0.6575366293183742,-1.6397714065748281,1.6323957153435966,-1.150223181256122,-0.5411591179067181,-0.6523847530169422
1027_1028,70.0,17,female,3.142857142857139,1190,0.0067226890756302525,0.01764705882352941,0.052100840336134456,0.11008403361344538,0.03529411764705882,0.010084033613445379,0.15378151260504203,0.16218487394957984,0.024369747899159664,0.03277310924369748,0.010084033613445379,0.13781512605042018,0.004201680672268907,0.10084033613445378,0.013445378151260505,0.11008403361344538,0.018487394957983194,-1.5632648920251144,-0.6352781203877678,0.4318355012209709,1.1756757960964341,0.046173020408986076,-1.1776024112131296,1.5088836119732398,1.5619464569484514,-0.3189407921756109,-0.027030383614309095,-1.1776024112131296,1.3995795146840417,-1.99858296328296,1.0883186974093246,-0.8999706746148499,1.1756757960964341,-0.5898157463110105
1028_1029,72.0,17,female,5.142857142857139,1049,0.02001906577693041,0.0219256434699714,0.07816968541468065,0.020972354623450904,0.005719733079122974,0.01334604385128694,0.30219256434699715,0.14489990467111535,0.019065776930409915,0.0219256434699714,0.011439466158245948,0.18303145853193517,0.00667302192564347,0.0877025738798856,0.008579599618684462,0.019065776930409915,0.03527168732125834,-0.3723223347288238,-0.28337484871232776,0.9724230234781941,-0.3268599606520666,-1.56857309296085,-0.7662266204359125,2.320102548470305,1.5867893261850252,-0.4199503837180787,-0.28337484871232776,-0.9146466255541861,1.8197208838653978,-1.4254722493201766,1.0868333746559382,-1.189083471255946,-0.4199503837180787,0.18396566311392393
1029_1030,72.0,17,female,5.142857142857139,977,0.008188331627430911,0.007164790174002047,0.017400204708290685,0.01023541453428864,0.0040941658137154556,0.0,0.503582395087001,0.19140225179119755,0.009211873080859774,0.042988741044012284,0.0030706243602865915,0.03172978505629478,0.0040941658137154556,0.11668372569089049,0.01330603889457523,0.00511770726714432,0.03172978505629478,-0.5845439998283881,-0.7097071427823947,0.1375907176048088,-0.3732349061611817,-1.2205327665483852,-3.4177573438846043,3.4748842972874843,2.5091686820858063,-0.473318364718164,1.024893912605712,-1.4718471948292908,0.7253773825069283,-1.2205327665483852,2.0159646596696352,-0.12192047788027516,-1.0198620710862336,0.7253773825069283
102_102,23.0,41,female,-38.214285714285715,1456,0.011675824175824176,0.025412087912087912,0.03983516483516483,0.06043956043956044,0.026785714285714284,0.0260989010989011,0.16552197802197802,0.13804945054945056,0.03502747252747253,0.046703296703296704,0.004120879120879121,0.18475274725274726,0.014423076923076924,0.11607142857142858,0.02403846153846154,0.061126373626373624,0.019917582417582416,-1.16391926348749,-0.40177921144059336,0.042906609820851926,0.4568824075969249,-0.34981947250988243,-0.37546190312322025,1.4607493286756685,1.2796692369697789,-0.08453833674726807,0.20071360085122114,-2.1543179675153676,1.5704482459320932,-0.958067209283342,1.1067327824035464,-0.4565874479355885,0.468118480863851,-0.6417298810711847
1030_1031,60.0,17,male,-6.857142857142861,1294,0.023956723338485315,0.02009273570324575,0.008500772797527048,0.061051004636785165,0.0285935085007728,0.0030911901081916537,0.09969088098918083,0.3315301391035549,0.03863987635239567,0.07109737248840804,0.023183925811437404,0.13292117465224113,0.0030911901081916537,0.10123647604327667,0.011591962905718702,0.02472952086553323,0.017001545595054096,-0.21683262239897916,-0.3896754352383902,-1.2244731328613625,0.7089368534297193,-0.04247923525420161,-2.162742771454293,1.1968607129090256,2.395801573193743,0.2551531680507475,0.8603884762878127,-0.24909348461720082,1.483577068240848,-2.162742771454293,1.2121866833872526,-0.9259801443053659,-0.18558007889487493,-0.5533048590201926
1031_1032,72.0,17,female,5.142857142857139,1198,0.014190317195325543,0.01335559265442404,0.012520868113522538,0.07929883138564274,0.014190317195325543,0.035058430717863104,0.3096828046744574,0.15859766277128548,0.024207011686143573,0.041736227045075125,0.009181969949916527,0.17863105175292154,0.00667779632721202,0.04257095158597663,0.015025041736227046,0.021702838063439065,0.02337228714524207,-0.7547356747007488,-0.813576174723682,-0.8760965317050156,0.9421896918564681,-0.7547356747007488,0.1325675203001544,2.3006123085275973,1.6327156389365387,-0.23254629228444257,0.3050367806510974,-1.1745895202610122,1.751373182737855,-1.4768703921339457,0.3246452520394736,-0.6991658235459379,-0.3397918226380403,-0.267032468355612
1032_1033,59.0,17,male,-7.857142857142861,1465,0.00955631399317406,0.021160409556313993,0.020477815699658702,0.09283276450511946,0.048464163822525594,0.024573378839590442,0.11467576791808874,0.34197952218430033,0.027303754266211604,0.00955631399317406,0.020477815699658702,0.05802047781569966,0.0020477815699658703,0.16928327645051194,0.010238907849829351,0.011604095563139932,0.017747440273037544,-1.0646643915119007,-0.28882549510684186,-0.3210863573250635,1.1775115736865853,0.5308844087615325,-0.14150078034998348,1.3881227088539871,2.478790566463561,-0.037511066825935746,-1.0646643915119007,-0.3210863573250635,0.7097033350042854,-2.486050072443061,1.7766298045982543,-0.9979730170132282,-0.8766121600089605,-0.4616683079462529
1033_1034,61.0,17,female,-5.857142857142861,1253,0.010375099760574621,0.010375099760574621,0.02154828411811652,0.05107741420590583,0.0031923383878691143,0.02314445331205108,0.4932162809257781,0.11652035115722266,0.015163607342378291,0.047086991221069435,0.0111731843575419,0.09497206703910614,0.0007980845969672786,0.04549082202713488,0.018355945730247406,0.007980845969672785,0.029529130087789304,-0.7557128643141771,-0.7557128643141771,-0.04421654508603545,0.8082626740431658,-1.854325152982287,0.02598771358721308,3.0688946420739813,1.6286228786985606,-0.3879880841888599,0.727573762793023,-0.6842539003320325,1.424913821613004,-2.952937441650397,0.6933823980447436,-0.20140212860844775,-1.0070272925950836,0.26593838321780394
1034_1035,64.0,18,female,-2.142857142857139,1588,0.009445843828715366,0.015113350125944584,0.006297229219143577,0.04785894206549118,0.052267002518891686,0.001889168765743073,0.11083123425692695,0.3255667506297229,0.023299748110831235,0.033375314861460954,0.039672544080604534,0.1845088161209068,0.00818639798488665,0.10831234256926953,0.009445843828715366,0.0069269521410579345,0.01700251889168766,-0.9894846383844906,-0.53165154475901,-1.3789494051462134,0.6069660785227988,0.6945219695471185,-2.4775616938143235,1.44299621406366,2.518684862829833,-0.10598372933332634,0.24935699159226932,0.4207152435889543,1.9515529769584596,-1.1276349768653078,1.4200725741617228,-0.9894846383844906,-1.2879776269404872,-0.41613865763716573
1035_1036,70.0,18,female,3.857142857142861,1306,0.019908116385911178,0.032924961715160794,0.01914241960183767,0.07350689127105667,0.02450229709035222,0.013782542113323124,0.14777947932618682,0.23660030627871362,0.023736600306278714,0.016079632465543645,0.01225114854517611,0.11332312404287902,0.007656967840735069,0.18376722817764166,0.018376722817764167,0.026033690658499236,0.030627871362940276,-0.5378193340745803,-0.04220312897211853,-0.5762856149023765,0.7545789412781834,-0.333723977731065,-0.8971933349824779,1.4503134454030797,1.919994025057894,-0.36497652123516966,-0.7469111319331398,-1.011603686160222,1.1856208911759976,-1.4635888099032792,1.6677560224790589,-0.6162909495160758,-0.27400474302944255,-0.11366209295426355
1036_1037,78.0,18,female,11.857142857142861,1260,0.0031746031746031746,0.01507936507936508,0.05238095238095238,0.022222222222222223,0.014285714285714285,0.03333333333333333,0.173015873015873,0.08888888888888889,0.011111111111111112,0.009523809523809525,0.002380952380952381,0.3253968253968254,0.007936507936507936,0.18333333333333332,0.010317460317460317,0.023809523809523808,0.023809523809523808,-1.937259445339059,-0.47092237654563185,0.7558651055464751,-0.09143275484072833,-0.5235661100310542,0.3081672338150381,1.9454491724203118,1.2816163795291415,-0.7671881926888044,-0.915608197807078,-2.1885738736199647,2.5760390867771497,-1.0899615849518556,2.003243031410956,-0.838647156670949,-0.023610158501967238,-0.023610158501967238
1037_1038,58.0,18,male,-8.142857142857139,1374,0.011644832605531296,0.013100436681222707,0.03857350800582242,0.019650655021834062,0.016739446870451237,0.001455604075691412,0.24818049490538574,0.24745269286754004,0.028384279475982533,0.06695778748180495,0.008733624454148471,0.04512372634643377,0.006550218340611353,0.21251819505094613,0.005094614264919942,0.011644832605531296,0.018195050946142648,-0.7027075935380318,-0.5882972423602877,0.4736136794573942,-0.1918819697720413,-0.34906755329445316,-2.589777242570412,2.327279704566278,2.324347151145,0.17023269746250946,1.0211406700738128,-0.9803393301363115,0.629098582297789,-1.2547761758380713,2.1723966922273443,-1.491164953902302,-0.7027075935380318,-0.2673895222801863
1038_1039,61.0,18,female,-5.142857142857139,1217,0.015612161051766639,0.043549712407559574,0.04437140509449466,0.007395234182415777,0.0024650780608052587,0.004108463434675432,0.29663105998356615,0.20706655710764174,0.027115858668857847,0.04026294165981923,0.016433853738701727,0.17748562037797863,0.004108463434675432,0.07477403451109285,0.013968775677896467,0.010682004930156122,0.013968775677896467,-0.43773171234860353,0.571535475983656,0.5900545237508936,-1.1568543793118096,-2.1553832094229373,-1.70339808567988,2.4821158636805145,2.1232650707971095,0.1033992609127159,0.49382649165633996,-0.3877212917739419,1.9694443695242396,-1.70339808567988,1.1081927943631706,-0.5459452969888368,-0.8054564924739207,-0.5459452969888368
1039_1040,75.0,18,female,8.857142857142861,942,0.018046709129511677,0.012738853503184714,0.021231422505307854,0.044585987261146494,0.013800424628450107,0.006369426751592357,0.346072186836518,0.208067940552017,0.012738853503184714,0.006369426751592357,0.0074309978768577496,0.06475583864118896,0.0021231422505307855,0.16560509554140126,0.021231422505307854,0.024416135881104035,0.024416135881104035,-0.287015955338048,-0.623488191959261,-0.1287919501231536,0.6002872396628551,-0.5465271508231329,-1.2774146593659248,2.63921311244897,2.1314455950418,-0.623488191959261,-1.2774146593659248,-1.1343138157252515,0.969820338544956,-2.2329261043933615,1.9038391737126918,-0.1287919501231536,0.0077835848825968945,0.0077835848825968945
1040_1041,72.0,18,female,5.857142857142861,1331,0.014274981217129978,0.022539444027047332,0.056348610067618335,0.029301277235161533,0.012772351615326822,0.015026296018031555,0.22238918106686703,0.2126220886551465,0.018031555221637866,0.04658151765589782,0.012021036814425245,0.20510894064613072,0.009767092411720512,0.07738542449286251,0.021036814425244178,0.006010518407212622,0.018782870022539443,-0.7548720793815473,-0.30755986133788227,0.5988461113037307,-0.048985873044172124,-0.8630856640217797,-0.7048616588068857,1.9667606734865317,1.9219255782165585,-0.5266134274005667,0.40988001179110745,-0.9219261640447138,1.8860150769107875,-1.1225968595068645,0.9142850677541756,-0.37538245767664336,-1.5852203814549775,-0.4866080927868679
1041_1042,72.0,19,female,-1.4166666666666714,1385,0.01227436823104693,0.023104693140794223,0.04043321299638989,0.01227436823104693,0.001444043321299639,0.017328519855595668,0.4296028880866426,0.15379061371841155,0.01660649819494585,0.03393501805054152,0.004332129963898917,0.11191335740072202,0.0036101083032490976,0.10108303249097472,0.01516245487364621,0.010830324909747292,0.01227436823104693,-0.5710410027145323,0.047998205691691,0.6009987545083941,-0.5710410027145323,-2.5169511517698457,-0.23456876609331934,2.956159505151354,1.9303949490246783,-0.2762414624938878,0.4274878273965945,-1.56143970674241,1.6134038479752877,-1.7284937914055756,1.5119656051297996,-0.3651889485103843,-0.6924018597188,-0.5710410027145323
1042_1043,57.0,19,female,-16.41666666666667,1531,0.011103853690398433,0.006531678641410843,0.07511430437622468,0.024820378837361202,0.013716525146962769,0.022860875244937948,0.23709993468321358,0.18876551273677336,0.026779882429784456,0.07315480078380143,0.006531678641410843,0.16525146962769433,0.009797517962116264,0.06923579359895493,0.013063357282821686,0.041149575440888306,0.015022860875244938,-1.0135556535584014,-1.5243812773243919,0.8735139954739783,-0.22509829319413122,-0.8077035993542525,-0.30622383800649944,2.020022762485705,1.7923987625251805,-0.15006310725121708,0.8471966871566052,-1.5243812773243919,1.6596072885433681,-1.1349165105626682,0.7923884506616101,-0.8553316483435074,0.2752833714107763,-0.718756113337756
1043_1044,71.0,24,male,-3.642857142857139,1080,0.012962962962962963,0.010185185185185186,0.03981481481481482,0.022222222222222223,0.005555555555555556,0.03796296296296296,0.18703703703703703,0.10648148148148148,0.004629629629629629,0.009259259259259259,0.000925925925925926,0.4074074074074074,0.000925925925925926,0.12407407407407407,0.002777777777777778,0.012037037037037037,0.01574074074074074,-0.28582885092601984,-0.5176304649833439,0.8127834377420902,0.23869561719813293,-1.0881753234509572,0.7657159268841043,2.3507623861940457,1.7892930296092997,-1.2552294081141229,-0.6086022431890701,-2.5545123922443835,3.127932945023686,-2.5545123922443835,1.9415866986893455,-1.70721453185718,-0.3572878149081644,-0.09777661942307958
1044_1045,65.0,24,female,-9.642857142857139,1099,0.028207461328480437,0.0373066424021838,0.034576888080072796,0.012738853503184714,0.004549590536851683,0.003639672429481347,0.21383075523202913,0.14194722474977253,0.010009099181073703,0.017288444040036398,0.00272975432211101,0.1637852593266606,0.0009099181073703367,0.2629663330300273,0.003639672429481347,0.020018198362147407,0.04185623293903549,0.29610513717580655,0.5718110185808718,0.49677583263795766,-0.47973375922925277,-1.4491343164173558,-1.6498050118795073,2.3078285048006917,1.899173601324427,-0.7115353732865768,-0.18346794308608017,-1.901119440160413,2.0418483691171545,-2.7484173005476165,2.5142728883572687,-1.6498050118795073,-0.040367099445406396,0.6855699039375298
1045_1046,67.0,24,female,-7.642857142857139,1276,0.0109717868338558,0.011755485893416929,0.07288401253918496,0.001567398119122257,0.0,0.019592476489028215,0.304858934169279,0.12225705329153605,0.034482758620689655,0.014106583072100314,0.006269592476489028,0.19670846394984326,0.003134796238244514,0.13949843260188088,0.006269592476489028,0.03213166144200627,0.023510971786833857,-0.5485344879293996,-0.48184311343072705,1.315278298938713,-2.3063924054817737,-3.9158303179158733,0.015995314808451955,2.7421807279548744,1.8303728726242796,0.5728060518162663,-0.3049124052716494,-1.082616973859658,2.3047598521838655,-1.7186057405796542,1.9619054638637654,-1.082616973859658,0.5030102898807245,0.19504354625743758
1046_1047,62.0,24,female,-12.642857142857139,1127,0.01419698314108252,0.011535048802129548,0.06743566992014197,0.008873114463176575,0.0008873114463176575,0.0026619343389529724,0.30168589174800353,0.33717834960070986,0.029281277728482696,0.08429458740017746,0.02129547471162378,0.05323868677905945,0.0,0.044365572315882874,0.013309671694764862,0.00354924578527063,0.006211180124223602,-0.16049139613534802,-0.36116209159749957,1.3734389637906066,-0.6124765198784052,-2.5583866689337187,-1.7110888085465152,2.8665633485476834,2.9776344002598574,0.5476936617891375,1.5952744704448012,0.23482134050879777,1.1387915879949122,-3.6569989576018287,0.9581215592394305,-0.22301175311668242,-1.4597743802656096,-0.9489487564996182
1047_1048,71.0,24,female,-3.642857142857139,1590,0.005031446540880503,0.018238993710691823,0.04150943396226415,0.005031446540880503,0.005031446540880503,0.0018867924528301887,0.4339622641509434,0.3031446540880503,0.04905660377358491,0.005660377358490566,0.0031446540880503146,0.018867924528301886,0.0025157232704402514,0.06792452830188679,0.024528301886792454,0.006918238993710692,0.007547169811320755,-1.0683467591042062,0.17597734074529692,0.9887890250613309,-1.0683467591042062,-1.0683467591042062,-1.955649954105109,3.3290030502488692,2.9705679981785633,1.1546857021878854,-0.9571211239939821,-1.5036648303620517,0.20931376101288857,-1.7043355258242032,1.478337250380037,0.4678877493065987,-0.7660658872312727,-0.6826842782922222
1048_1049,64.0,24,female,-10.642857142857139,1470,0.044897959183673466,0.017687074829931974,0.015646258503401362,0.029931972789115645,0.00816326530612245,0.01292517006802721,0.20680272108843537,0.1251700680272109,0.04557823129251701,0.07210884353741497,0.008843537414965987,0.20612244897959184,0.012244897959183673,0.1619047619047619,0.011564625850340135,0.012244897959183673,0.00816326530612245,0.388055822356435,-0.5320013923131968,-0.6521457041552599,-0.013656936133179087,-1.2834174809971182,-0.8387316597356729,1.909524961844578,1.4085033381752083,0.40298147257311046,0.8589988598441063,-1.20645643986099,1.9062354851941794,-0.8913753932210944,1.6652231850230224,-0.9469452443759052,-0.8913753932210944,-1.2834174809971182
1049_1050,61.0,25,female,2.0,1258,0.0047694753577106515,0.014308426073131956,0.06836248012718601,0.01192368839427663,0.022257551669316374,0.0246422893481717,0.3918918918918919,0.08028616852146264,0.007154213036565978,0.015103338632750398,0.0023847376788553257,0.10015898251192369,0.003179650238473768,0.19952305246422894,0.0047694753577106515,0.030206677265500796,0.019077901430842606,-1.462279946640272,-0.41631139145758445,1.1260622903959696,-0.593242099616663,0.01582196373274103,0.11590542228972378,2.867440735331672,1.2859766749399784,-1.082790324935369,-0.36366765797216294,-2.081319155046496,1.506160184625711,-1.8300047267655901,2.19336086599793,-1.462279946640272,0.3165761177518749,-0.13540900599118233
104_104,57.0,42,female,-2.7142857142857153,1069,0.03648269410664172,0.03086997193638915,0.04677268475210477,0.0009354536950420954,0.0009354536950420954,0.01683816651075772,0.20673526660430308,0.13564078578110383,0.028999064546304958,0.050514499532273154,0.00841908325537886,0.2226379794200187,0.009354536950420954,0.14967259120673526,0.03086997193638915,0.011225444340505144,0.013096351730589336,0.3507677095452064,0.1860124764691511,0.5964403739194446,-2.9200678542537055,-2.9200678542537055,-0.40776223027759073,2.074889627123321,1.6546431242496777,0.12445458346971794,0.6726677393073288,-1.0742411637553744,2.148836347966526,-0.9741577051983921,1.7527609802082011,0.1860124764691511,-0.7998043180536145,-0.6513843129353409
1050_1051,57.0,25,male,-2.0,820,0.036585365853658534,0.013414634146341463,0.026829268292682926,0.05975609756097561,0.025609756097560974,0.006097560975609756,0.2280487804878049,0.08658536585365853,0.007317073170731708,0.023170731707317073,0.003658536585365854,0.10609756097560975,0.0012195121951219512,0.2817073170731707,0.0024390243902439024,0.06951219512195123,0.02195121951219512,0.3910002825559258,-0.5843793656882355,0.0867889081529345,0.8752462685172047,0.04132653407617681,-1.3219783088190153,2.2070524443530255,1.2429710486425218,-1.1549242241558488,-0.05631193548773883,-1.7739634325620726,1.4449123923061284,-2.621261292949276,2.4178534724688485,-2.1104356691832855,1.0250585467458646,-0.10895566897316078
1051_1052,63.0,25,female,4.0,1566,0.01532567049808429,0.02554278416347382,0.04533844189016603,0.02362707535121328,0.0019157088122605363,0.005108556832694764,0.20753512132822477,0.35759897828863346,0.040229885057471264,0.04725415070242656,0.017879948914431672,0.031928480204342274,0.005108556832694764,0.13665389527458494,0.010855683269476373,0.0031928480204342275,0.02490421455938697,-0.43581960670057596,0.06680924986123626,0.635204725448705,-0.010151791274892297,-2.3817297557558894,-1.4944265607549867,2.150869737397367,2.6943365182609575,0.5165471816473888,0.6763064011342568,-0.2845886369766526,0.2874806120300568,-1.4944265607549867,1.7338170141168143,-0.7722918433217889,-1.9297446320128322,0.04180794765581908
1052_1053,75.0,25,male,16.0,1226,0.03181076672104405,0.013866231647634585,0.024469820554649267,0.01631321370309951,0.011419249592169658,0.0065252854812398045,0.08482871125611746,0.18107667210440456,0.022838499184339316,0.005709624796084829,0.013050570962479609,0.30587275693311583,0.004078303425774877,0.2030995106035889,0.011419249592169658,0.04567699836867863,0.01794453507340946,0.20644657351442142,-0.6076532174631866,-0.05212741477928873,-0.4494292122482926,-0.7957054489661259,-1.3297879348963844,1.1793329730122109,1.9350730032136398,-0.11995001111805026,-1.45495107785039,-0.6664937174861199,2.4584043728115343,-1.7651060061542299,2.0496048167989187,-0.7957054489661259,0.5643865397597403,-0.3563387891822809
1053_1054,62.0,25,female,3.0,1497,0.007348029392117568,0.01068804275217101,0.035404141616566465,0.006012024048096192,0.002004008016032064,0.013360053440213761,0.22444889779559118,0.26920507682030725,0.02738810955243821,0.05143620574482298,0.01068804275217101,0.24849699398797595,0.0033400133600534404,0.0614562458249833,0.015364061456245824,0.006012024048096192,0.007348029392117568,-0.9959357960674673,-0.6349224505301363,0.5413988224652893,-1.1869910328301767,-2.1855198629413035,-0.417857945292309,2.380315317648111,2.561893656273332,0.28741059579998085,0.9119951049226298,-0.6349224505301363,2.4819542063829427,-1.7335347391982463,1.0889258130817079,-0.28128241028655854,-1.1869910328301767,-0.9959357960674673
1054_1055,75.0,25,female,16.0,1187,0.02443133951137321,0.011794439764111205,0.009267059814658803,0.03454085930918281,0.006739679865206402,0.04717775905644482,0.14069081718618365,0.09519797809604044,0.02358887952822241,0.005897219882055603,0.006739679865206402,0.5054759898904801,0.0016849199663016006,0.06823925863521482,0.0008424599831508003,0.0016849199663016006,0.016006739679865205,0.3393683612446221,-0.370873252674623,-0.602674866731947,0.6806715251355007,-0.9049557386048805,0.9892187360512437,2.0759614491639695,1.6867809348203058,0.3048821851734531,-1.030118881558887,-0.9049557386048805,3.3527407394188864,-2.128731170226996,1.3555811181456652,-2.6395567939929876,-2.128731170226996,-0.07460743653145041
1055_1056,71.0,25,female,12.0,1123,0.024933214603739984,0.026714158504007122,0.0213713268032057,0.0017809439002671415,0.016918967052537846,0.008904719501335707,0.3045414069456812,0.05609973285841496,0.0026714158504007124,0.034728406055209264,0.006233303650934996,0.08281389136242208,0.0008904719501335708,0.3686553873552983,0.0017809439002671415,0.027604630454140695,0.013357079252003561,0.33735818208632695,0.40518077842508804,0.1861272123624036,-2.0962551733141224,-0.04213143961857657,-0.6611706480248003,2.8237257525140023,1.1384940007103683,-1.7597829366929094,0.6637547667187986,-0.9976428846460133,1.5254155311063635,-2.607080797080113,3.0145270693870723,-2.0962551733141224,0.4374416406433097,-0.2717058812630766
1056_1057,68.0,25,male,9.0,1184,0.018581081081081082,0.02364864864864865,0.05827702702702703,0.03462837837837838,0.016891891891891893,0.0033783783783783786,0.12331081081081081,0.1883445945945946,0.030405405405405407,0.016891891891891893,0.008445945945945946,0.10641891891891891,0.01266891891891892,0.3032094594594595,0.021114864864864864,0.013513513513513514,0.02027027027027027,-0.4763081946423031,-0.23991941657807248,0.6515032487180692,0.13586992338397508,-0.5693986177083152,-2.085746107076403,1.3972019246044445,1.819587910200946,0.0074887567357682094,-0.5693986177083152,-1.2384482466891997,1.2504188043148976,-0.8489834799274769,2.294890673308424,-0.351145051688297,-0.7864631229461425,-0.3911503863019963
1057_1058,71.0,25,male,12.0,1437,0.011134307585247043,0.016005567153792623,0.019485038274182326,0.0020876826722338203,0.009046624913013222,0.010438413361169102,0.1475295755045233,0.4175365344467641,0.024356297842727904,0.015309672929714684,0.060542797494780795,0.08977035490605428,0.0006958942240779402,0.12456506610995129,0.020180932498260265,0.0041753653444676405,0.027139874739039668,-0.6207433429444396,-0.2671033027008609,-0.07419963657636952,-2.171340755355606,-0.8214140384065902,-0.6832636999257731,1.9348382645134972,2.9736589176690638,0.14542897263039567,-0.3105884146405997,1.0475350695125942,1.439577157288618,-3.0186386157428102,1.7660714840773593,-0.039713460505200526,-1.552301546949383,0.2521969480561017
1058_1059,60.0,26,male,2.07692307692308,1000,0.031,0.034,0.029,0.008,0.0,0.0,0.19,0.322,0.019,0.069,0.016,0.063,0.004,0.163,0.025,0.003,0.024,0.4728104460278644,0.563782224233591,0.40721316354205106,-0.837110936307452,-3.670324280363668,-3.670324280363668,2.272475094763032,2.7989260364321042,-0.0067626342340219026,1.2641496527670233,-0.17381671889718842,1.1738628060949226,-1.473099703027449,2.119635890533585,0.2615013523606571,-1.7244141313083556,0.22149601774695826
1059_1060,70.0,26,male,12.07692307692308,1167,0.004284490145672665,0.010282776349614395,0.054841473864610114,0.015424164524421594,0.016281062553556127,0.011139674378748929,0.14738646101113967,0.12339331619537275,0.00856898029134533,0.005141388174807198,0.003427592116538132,0.3059125964010283,0.004284490145672665,0.21422450728363324,0.00856898029134533,0.04884318766066838,0.017994858611825194,-1.5492227273680355,-0.7282421752982051,0.9126944041952663,-0.33620008752218133,-0.28355635403675894,-0.6512811341620761,1.8964264168649543,1.7193086879460266,-0.9025955624429827,-1.382168642704869,-1.7498934228301861,2.6251645425276022,-1.5492227273680355,2.2694881009184593,-0.9025955624429827,0.7978141281968445,-0.1859178844728433
105_105,31.0,42,female,-28.714285714285715,2084,0.014395393474088292,0.033109404990403074,0.032149712092130515,0.021593090211132437,0.0028790786948176585,0.0033589251439539347,0.28790786948176583,0.30950095969289826,0.025911708253358926,0.07869481765834933,0.015355086372360844,0.04894433781190019,0.00527831094049904,0.05758157389635317,0.03982725527831094,0.010076775431861805,0.013435700575815739,-0.5665321994233299,0.2570678695340507,0.2278687148417884,-0.16654655707979105,-2.112456706135104,-1.9693558624944307,2.4135037584833423,2.4857663272500012,0.013941818632502656,1.1186516871687306,-0.5030187937010036,0.6456039155417672,-1.5419118476674916,0.807390869894014,0.4405877488201142,-0.9162059479030784,-0.634354795762091
1060_1061,59.0,26,female,1.0769230769230802,1178,0.01867572156196944,0.02037351443123939,0.07979626485568761,0.01867572156196944,0.011035653650254669,0.0933786078098472,0.04923599320882852,0.11969439728353141,0.019524617996604415,0.0025466893039049238,0.0050933786078098476,0.3531409168081494,0.019524617996604415,0.14770797962648557,0.010186757215619695,0.022071307300509338,0.00933786078098472,-0.3677160350137805,-0.28255822667347363,1.067368490275542,-0.3677160350137805,-0.878541658779771,1.2237841767336528,0.5877954100136558,1.4710683728591376,-0.32423092307404167,-2.2284683757287866,-1.6094291673225638,2.5506551173827425,-0.32423092307404167,1.680693397418327,-0.9555026999158991,-0.20408661123197858,-1.0388843088549504
1061_1062,62.0,26,female,4.07692307692308,936,0.008547008547008548,0.027777777777777776,0.172008547008547,0.01282051282051282,0.0202991452991453,0.00641025641025641,0.07905982905982906,0.21367521367521367,0.021367521367521368,0.004273504273504274,0.007478632478632479,0.30235042735042733,0.009615384615384616,0.0876068376068376,0.011752136752136752,0.0010683760683760685,0.013888888888888888,-0.9059623097721072,0.23111625972379812,2.038476669394333,-0.5202998289601233,-0.07561400769867754,-1.174226296366787,1.2647706521171354,2.2547857734782455,-0.025603587124015892,-1.5419510764921043,-1.0311254527261138,2.6011836498994283,-0.7947366746618831,1.366769820072257,-0.6036814378991737,-2.6405633651602143,-0.4433387878239943
1062_1063,59.0,27,female,-7.5,990,0.01616161616161616,0.01616161616161616,0.0696969696969697,0.00404040404040404,0.00202020202020202,0.05555555555555555,0.3525252525252525,0.17373737373737375,0.011111111111111112,0.024242424242424242,0.00404040404040404,0.12222222222222222,0.00202020202020202,0.11717171717171718,0.00808080808080808,0.00404040404040404,0.01717171717171717,-0.22118301441644084,-0.22118301441644084,1.2167833572477704,-1.5204659985467024,-2.108252663448821,0.9918396254294128,2.831960166350889,2.1258538411484382,-0.5821963599537718,0.17412972222770495,-1.5204659985467024,1.7753708674576272,-2.108252663448821,1.733347877682779,-0.8844772318267053,-1.5204659985467024,-0.16234251439350755
1063_1064,77.0,26,male,19.07692307692308,1175,0.033191489361702124,0.01276595744680851,0.020425531914893616,0.017872340425531916,0.001702127659574468,0.000851063829787234,0.24,0.34297872340425534,0.04170212765957447,0.005957446808510639,0.010212765957446808,0.08680851063829788,0.003404255319148936,0.12085106382978723,0.030638297872340424,0.01872340425531915,0.011914893617021277,0.46628064981828965,-0.4691799981635856,-0.011346904538105385,-0.14196708695516902,-2.2937292902146313,-2.8045549139806227,2.433658528497709,2.7901564656212168,0.6919526474858579,-1.1951170015465222,-0.6842913777805308,1.4198427764896762,-1.7059426253125127,1.7493219776199185,0.3872922384996591,-0.09650471287841222,-0.5358713726622581
1064_1065,70.0,26,male,12.07692307692308,1181,0.01947502116850127,0.021168501270110076,0.03302286198137172,0.03048264182895851,0.002540220152413209,0.000846740050804403,0.2455546147332769,0.3039796782387807,0.021168501270110076,0.011854360711261643,0.017781541066892465,0.12531752751905165,0.014394580863674851,0.10922946655376799,0.009314140558848433,0.014394580863674851,0.01947502116850127,-0.1990426806352832,-0.11736464962101589,0.3202575701216799,0.24126915880304933,-2.103280133290028,-2.9505779936772316,2.3155604745065697,2.528671075375705,-0.11736464962101589,-0.6818944523588679,-0.2879901666517788,1.6445418564573577,-0.49384222085592766,1.5076377793541962,-0.9136960664161919,-0.49384222085592766,-0.1990426806352832
1065_1066,65.0,26,female,7.07692307692308,1157,0.007778738115816767,0.03111495246326707,0.07605877268798616,0.015557476231633534,0.000864304235090752,0.001728608470181504,0.24027657735522903,0.2843560933448574,0.020743301642178046,0.03025064822817632,0.013828867761452032,0.05790838375108038,0.014693171996542784,0.13915298184961106,0.023336214347450302,0.019878997407087293,0.02247191011235955,-1.129699882088174,0.21632057989377618,1.102010871319214,-0.4632209486103904,-2.975526572586505,-2.4647009488205147,2.248426378672669,2.4165846732478924,-0.1823185631439883,0.18854101578670024,-0.5776312997881345,0.8311359171838144,-0.5187907997652013,1.7035134619680414,-0.06680567602214404,-0.22399125954455634,-0.10384694770249325
1066_1067,71.0,36,female,12.333333333333336,972,0.00205761316872428,0.00720164609053498,0.040123456790123455,0.00102880658436214,0.0030864197530864196,0.01131687242798354,0.5185185185185185,0.18621399176954734,0.006172839506172839,0.015432098765432098,0.00411522633744856,0.1111111111111111,0.00411522633744856,0.056584362139917695,0.013374485596707819,0.013374485596707819,0.006172839506172839,-1.7621801366962808,-0.6635678480281708,0.9978298033366402,-2.2730057604622713,-1.4257079000750679,-0.23612383320123165,3.5450969712232276,2.5227847851344696,-0.8066686916688441,0.06236915535476495,-1.1743934717941622,2.0082793044100784,-1.1743934717941622,1.337912152181953,-0.0757811831260522,-0.0757811831260522,-0.8066686916688441
1068_1069,72.0,44,female,-6.538461538461533,1549,0.005810200129115558,0.001936733376371853,0.015493867010974823,0.020012911555842477,0.012265978050355068,0.001936733376371853,0.21368624919302776,0.1988379599741769,0.012265978050355068,0.0071013557133634605,0.001936733376371853,0.4325371207230471,0.001936733376371853,0.04131697869593286,0.018076178179470628,0.0032278889606197547,0.011620400258231117,-0.8355694833682676,-1.8340983134793944,0.111811835575919,0.36312626385682467,-0.1164468164050616,-1.8340983134793944,2.7167665276511546,2.64486056137068,-0.1164468164050616,-0.6445142466055582,-1.8340983134793944,3.421162420746971,-1.8340983134793944,1.079803941826964,0.26304280529984236,-1.3821131897363372,-0.1690905498904831
106_106,80.0,46,male,0.7692307692307736,1394,0.10114777618364419,0.07675753228120516,0.03945480631276901,0.035868005738880916,0.04447632711621234,0.027977044476327116,0.0703012912482066,0.17073170731707318,0.02654232424677188,0.006456241032998565,0.007173601147776184,0.17647058823529413,0.00430416068866571,0.16284074605451937,0.020086083213773313,0.020086083213773313,0.009325681492109038,1.0828961720035362,0.8080873024879613,0.1469794756726328,0.052569791201558136,0.26576301166259997,-0.19310287317268005,0.7206530030982874,1.6049657652486398,-0.24506261210339098,-1.6181117464732608,-1.5180282879162785,1.6379584484029888,-1.9976013681781648,1.557746693311249,-0.5194994578051513,-0.5194994578051513,-1.266713859635372
1070_1071,71.0,36,female,12.333333333333336,1271,0.040912667191188044,0.045633359559402044,0.05114083398898505,0.023603461841070025,0.007867820613690008,0.05428796223446106,0.1974822974036192,0.2037765538945712,0.03068450039339103,0.025963808025177025,0.007081038552321007,0.15184893784421716,0.022029897718332022,0.07946498819826908,0.015735641227380016,0.010228166797797011,0.03225806451612903,0.11777171322309599,0.22598529786332877,0.3390086862667241,-0.4253147727611162,-1.4916661992110045,0.3982852961962644,1.6844015331653117,1.715715246231461,-0.16674078446740603,-0.33149601754346136,-1.5917496577679868,1.4222360560953544,-0.49313736909987727,0.7770173421073601,-0.82261657023012,-1.2403517709300989,-0.11734802913782927
1071_1072,73.0,35,female,13.230769230769234,1136,0.014084507042253521,0.011443661971830986,0.05721830985915493,0.0008802816901408451,0.0,0.016725352112676055,0.4198943661971831,0.12940140845070422,0.007922535211267605,0.014964788732394365,0.00528169014084507,0.12588028169014084,0.00528169014084507,0.11795774647887323,0.045774647887323945,0.009683098591549295,0.017605633802816902,-0.23086351888773304,-0.4315342143498846,1.147826242846938,-2.6287587916861037,-3.7273710803542137,-0.06380943422456742,3.1343402601265167,1.9596042759856065,-0.7829321011877735,-0.17202301886479976,-1.1624217228926765,1.9321111354054077,-1.1624217228926765,1.8673402992476258,0.9265892698033098,-0.591876864425064,-0.013799013649905767
1072_1073,59.0,34,female,-2.0,1028,0.019455252918287938,0.02821011673151751,0.014591439688715954,0.07392996108949416,0.0048638132295719845,0.02529182879377432,0.23735408560311283,0.14105058365758755,0.027237354085603113,0.04571984435797665,0.011673151750972763,0.188715953307393,0.0009727626459143969,0.09241245136186771,0.01848249027237354,0.02237354085603113,0.047665369649805445,-0.44692826988952916,-0.0829628926881174,-0.7265131321086904,0.8699375847985986,-1.762605063795466,-0.19020842304171515,2.031862152881035,1.5128229305776555,-0.11744906875928685,0.3933765550067041,-0.9416245117256365,1.8030790070246094,-3.0618880479257276,1.0917730914527928,-0.49693869046419037,-0.31035273488377824,0.4346195135407531
1073_1074,68.0,34,male,7.0,1321,0.012869038607115822,0.013626040878122634,0.022710068130204392,0.04769114307342922,0.015897047691143074,0.004542013626040878,0.09386828160484481,0.24375473126419378,0.041635124905374715,0.00757002271006813,0.018925056775170326,0.22710068130204392,0.001514004542013626,0.2142316426949281,0.012112036336109008,0.005299015897047691,0.016654049962149888,-0.5905148965092493,-0.5349450453544384,-0.03498909382535187,0.698324128459928,-0.3846628423051004,-1.580913600537126,1.3715899384660446,2.3233873587971097,0.5636672433136711,-1.1013405202752398,-0.21403732527433705,2.2527319765365443,-2.5364250455645627,2.194496345729089,-0.6493553965321825,-1.4378127568964527,-0.3392004682283436
1074_1075,69.0,47,female,9.0,1437,0.006263048016701462,0.025748086290883786,0.013221990257480862,0.007654836464857342,0.025052192066805846,0.0048712595685455815,0.054279749478079335,0.32498260264439804,0.04244954766875435,0.009742519137091163,0.012526096033402923,0.29993041057759223,0.006263048016701462,0.10647181628392484,0.012526096033402923,0.04244954766875435,0.0055671537926235215,-1.2576022008078054,0.11544693356206448,-0.5384795338445993,-1.066546964045096,0.08841826117414531,-1.493990978872036,0.854204625374062,2.638505349314441,0.6101431753981714,-0.834745349987772,-0.5911232673300217,2.558373511109182,-1.2576022008078054,1.5248065676129512,-0.5911232673300217,0.6101431753981714,-1.3688278359180295
1075_1076,57.0,47,female,-3.0,1335,0.02397003745318352,0.01947565543071161,0.00749063670411985,0.02696629213483146,0.0044943820224719105,0.006741573033707865,0.1445692883895131,0.30711610486891383,0.035955056179775284,0.14232209737827714,0.01348314606741573,0.12808988764044943,0.00749063670411985,0.09288389513108614,0.009737827715355805,0.010486891385767791,0.018726591760299626,-0.10685329350279016,-0.310948649846305,-1.236718125675004,0.009218877749963994,-1.7162912059368902,-1.3368015842319863,1.6771841296313548,2.429282546054001,0.29347041510495586,1.6615588117282738,-0.6703226507542026,1.556489883767513,-1.236718125675004,1.2362123330662804,-0.9854036973940983,-0.9139447334119528,-0.34941493067410123
1076_1077,73.0,47,male,13.0,1078,0.014842300556586271,0.029684601113172542,0.04359925788497217,0.00927643784786642,0.0018552875695732839,0.0055658627087198514,0.10204081632653061,0.3534322820037106,0.06029684601113173,0.008348794063079777,0.03153988868274583,0.1725417439703154,0.0037105751391465678,0.11317254174397032,0.029684601113172542,0.00463821892393321,0.015769944341372914,-0.46117107277216496,0.21670863565699205,0.596198257361896,-0.9131561965152222,-2.3482407218045442,-1.3927292767771084,1.4404840672791077,2.679579397045812,0.9175186889625069,-1.0132396550722045,0.2764278703586145,1.9638997854051707,-1.7604540569024256,1.5435795763060822,0.21670863565699205,-1.559783361440274,-0.4023305727492308
1077_1078,61.0,56,male,8.307692307692307,1097,0.013673655423883319,0.009115770282588878,0.09571558796718323,0.16317228805834094,0.037374658158614404,0.0018231540565177757,0.04649042844120328,0.14858705560619873,0.010938924339106655,0.016408386508659983,0.007292616226071103,0.03646308113035551,0.015496809480401094,0.31814038286235186,0.023701002734731084,0.010938924339106655,0.044667274384685506,-0.6903304703413085,-1.0797952371030313,1.227540458649612,1.7590047136618243,0.29452293297014354,-2.5148797623923542,0.5104113134031811,1.6656424960707987,-0.9054418499582537,-0.5133997621822299,-1.2911043307702386,0.27013147984598396,-0.5689696133370408,2.4253330674073554,-0.15402576127433276,-0.9054418499582537,0.47080217530813506
1078_1079,65.0,57,male,-2.5,1220,0.022950819672131147,0.01639344262295082,0.029508196721311476,0.08114754098360656,0.012295081967213115,0.004098360655737705,0.26311475409836066,0.25163934426229506,0.036065573770491806,0.08360655737704918,0.006557377049180328,0.054098360655737705,0.004918032786885246,0.09098360655737706,0.01721311475409836,0.005737704918032787,0.019672131147540985,-0.1880332989134481,-0.5175125000436909,0.05937487440039302,1.0622202579764943,-0.7970973622628517,-1.8331892939496273,2.235060157489621,2.1905377010585196,0.2575518029841417,1.09192541239041,-1.3978712226917818,0.6592645614737558,-1.6661352092864616,1.1760872047121205,-0.469884451054436,-1.5230343656457883,-0.33926426863737147
1079_1080,77.0,57,female,9.5,1291,0.012393493415956624,0.044151820294345466,0.05034856700232378,0.05112316034082107,0.041828040278853604,0.009295120061967466,0.12083656080557707,0.29821843532145625,0.043377226955848176,0.016266460108443067,0.005422153369481022,0.10611928737412858,0.0038729666924864447,0.12316034082106894,0.031758326878388844,0.011618900077459334,0.030209140201394268,-0.9452496553547034,0.3031749115420661,0.43344010637996755,0.4485919114005701,0.24959066540795982,-1.222881391952983,1.3044459737189693,2.2059311567421456,0.28563060189115674,-0.6805571011276212,-1.7337070157189736,1.1750138808453876,-2.0438619440228134,1.3234338859636607,-0.02291660902458581,-1.0077700123360378,-0.07230936435416258
107_107,85.0,46,male,5.769230769230774,908,0.00881057268722467,0.011013215859030838,0.011013215859030838,0.00881057268722467,0.005506607929515419,0.005506607929515419,0.31607929515418504,0.2577092511013216,0.02643171806167401,0.030837004405286344,0.006607929515418502,0.09911894273127753,0.0011013215859030838,0.1145374449339207,0.0605726872246696,0.007709251101321586,0.028634361233480177,-0.8481614635715342,-0.6368523699043278,-0.6368523699043278,-0.8481614635715342,-1.2834795348293797,-1.2834795348293797,2.6729952331695994,2.469227960818529,0.21044549048287609,0.36167646020679944,-1.116425450166214,1.5171222236380753,-2.5827625189596413,1.66095944433706,1.0281553936845835,-0.9733246065255408,0.28891710592437114
1080_1081,71.0,57,female,3.5,1447,0.0359364201796821,0.019350380096751902,0.0331720801658604,0.08500345542501728,0.031098825155494125,0.0359364201796821,0.09536973047684866,0.23358673116793366,0.04837595024187975,0.0165860400829302,0.0165860400829302,0.16931582584657912,0.00138217000691085,0.12785072563925362,0.019350380096751902,0.0110573600552868,0.020041465100207326,0.05636032477283859,-0.5545487575501347,-0.02288904688130211,0.9117883112432925,-0.08674051886783474,0.05636032477283859,1.0264174808026536,1.9200712475275903,0.3511598649934835,-0.705779727274058,-0.705779727274058,1.5988441024098359,-2.9881621129505844,1.3186020372227505,-0.5545487575501347,-1.1010924639182043,-0.5200625814789652
1081_1082,73.0,57,male,5.5,1222,0.008183306055646482,0.011456628477905073,0.027004909983633387,0.07692307692307693,0.019639934533551555,0.07610474631751228,0.07037643207855974,0.20949263502454993,0.027004909983633387,0.0032733224222585926,0.012274959083469721,0.32978723404255317,0.0016366612111292963,0.04582651391162029,0.014729950900163666,0.04746317512274959,0.018821603927986905,-1.1592450626633433,-0.8364716704002921,0.0009251190041998925,1.0379795146728763,-0.31194720227613937,1.0273411164678201,0.9495240941110126,2.0365083447840036,0.0009251190041998925,-2.0065429230505467,-0.7697802959016196,2.4895561678831823,-2.594329587952666,0.5236203183255741,-0.5928495877425419,0.55840643441099,-0.35361989867670784
108_108,67.0,46,female,-12.230769230769226,1036,0.011583011583011582,0.015444015444015444,0.04054054054054054,0.0028957528957528956,0.0019305019305019305,0.0019305019305019305,0.2876447876447876,0.2924710424710425,0.023166023166023165,0.008687258687258687,0.011583011583011582,0.03474903474903475,0.0028957528957528956,0.16891891891891891,0.06467181467181467,0.003861003861003861,0.02702702702702703,-0.45295406105089686,-0.17532232445261808,0.7708213705712188,-1.7259197368637844,-2.0623919734849974,-2.0623919734849974,2.7200872274735044,2.7366989051404005,0.2199904121915286,-0.7273909067526576,-0.45295406105089686,0.6186295552292931,-1.7259197368637844,2.1889563375467675,1.2334448925193313,-1.4746053085828787,0.3712213819154524
109_109,84.0,46,male,4.769230769230774,1756,0.02562642369020501,0.012528473804100227,0.010250569476082005,0.02334851936218679,0.00968109339407745,0.014806378132118452,0.05353075170842825,0.208997722095672,0.07517084282460136,0.003416856492027335,0.011389521640091117,0.25569476082004555,0.004555808656036446,0.1958997722095672,0.025056947608200455,0.05694760820045558,0.013097949886104784,-0.04117671614414142,-0.745373732890672,-0.9411183100167668,-0.13319561486439335,-0.9966881611715777,-0.5817443091088692,0.689710792398651,2.0478342765518454,1.0276936033252309,-1.9870868651994544,-0.8384641559566837,2.249246811810629,-1.7188228786047755,1.983205048352667,-0.06339985292885153,0.7512686853980846,-0.7018886209509323
10_10,78.0,68,female,22.230769230769234,848,0.01061320754716981,0.027122641509433963,0.07193396226415094,0.014150943396226415,0.003537735849056604,0.007075471698113208,0.31014150943396224,0.2511792452830189,0.01768867924528302,0.01650943396226415,0.0047169811320754715,0.09198113207547169,0.0,0.11320754716981132,0.045990566037735846,0.003537735849056604,0.01061320754716981,-0.5989569864896636,0.3067516360539546,1.2687883897163132,-0.3245201407879037,-1.5974858166007904,-0.9784466081945675,2.723804582885258,2.5133880475725205,-0.10940876117095755,-0.17610013566963012,-1.3461713883198847,1.5128498396922039,-3.543395965656104,1.7192942232487813,0.8260518868109172,-1.5974858166007904,-0.5989569864896636
110_110,84.0,46,female,4.769230769230774,1372,0.007288629737609329,0.011661807580174927,0.04081632653061224,0.027696793002915453,0.028425655976676383,0.01020408163265306,0.12026239067055394,0.35276967930029157,0.026239067055393587,0.013848396501457727,0.01239067055393586,0.08090379008746355,0.002186588921282799,0.19825072886297376,0.04008746355685131,0.016763848396501458,0.01020408163265306,-1.256510527360827,-0.8045254036177698,0.4263548536280908,0.042772456769434086,0.06841488738277146,-0.9337371350977759,1.5010854102928133,2.5752316468065164,-0.010573523935858642,-0.6374713189546033,-0.7456849035948365,1.1061388063758688,-2.355122816028937,1.9997528295789941,0.4084972362280843,-0.45088536337419116,-0.9337371350977759
111_111,69.0,46,female,-10.230769230769226,1541,0.007787151200519144,0.011031797534068787,0.02465931213497729,0.04218040233614536,0.0136275146009085,0.0136275146009085,0.07462686567164178,0.32965606748864373,0.040882543802725504,0.007787151200519144,0.012978585334198572,0.31148604802076574,0.0025957170668397143,0.07657365347177157,0.02336145360155743,0.003893575600259572,0.003244646333549643,-0.9838215366759746,-0.6473493000547617,0.1411080603095085,0.672499961656976,-0.4414972458506128,-0.4414972458506128,1.2397203489776185,2.7219150345043848,0.641489724914416,-0.9838215366759746,-0.48912529483986766,2.6652770474261174,-2.0054727842079556,1.2653627795909559,0.08776207960421578,-1.6377480040826384,-1.804802088745805
112_112,81.0,44,female,2.461538461538467,1374,0.010917030567685589,0.023289665211062592,0.08369723435225619,0.09024745269286755,0.018922852983988356,0.019650655021834062,0.21761280931586607,0.21470160116448325,0.020378457059679767,0.010189228529839884,0.00363901018922853,0.04148471615720524,0.005822416302765648,0.17467248908296942,0.03784570596797671,0.005822416302765648,0.021106259097525473,-0.9454195041582363,-0.2050194387477453,1.0630110018784111,1.1380461878213253,-0.4091147950912606,-0.3720735234109114,2.015854889472067,2.002409308762716,-0.3363554408088323,-1.012110878656908,-1.9815114358450119,0.36552541971986763,-1.5461933645871664,1.7964605614623788,0.27455364151414097,-1.5461933645871664,-0.30186926473766285
113_113,67.0,54,male,10.285714285714285,1402,0.11269614835948645,0.02710413694721826,0.02710413694721826,0.06276747503566334,0.02211126961483595,0.05135520684736091,0.0920114122681883,0.16119828815977175,0.03566333808844508,0.018544935805991442,0.029957203994293864,0.15977175463623394,0.0042796005706134095,0.15620542082738945,0.014978601997146932,0.011412268188302425,0.012838801711840228,1.107818718517275,-0.30727763350632165,-0.30727763350632165,0.5250666772138235,-0.5079483289684728,0.3256506870605689,0.905745006339532,1.4648090701230285,-0.03596253851874609,-0.6807911418078838,-0.2084317988696891,1.4559398323822488,-2.086133697898469,1.4334163577151657,-0.8898829396664434,-1.1545754938935255,-1.0401651427157814
114_114,72.0,46,female,-7.230769230769226,1519,0.004608294930875576,0.02304147465437788,0.07307439104674128,0.026333113890717578,0.009874917709019092,0.009216589861751152,0.17774851876234365,0.27583936800526665,0.03620803159973667,0.05200789993416721,0.003949967083607637,0.12047399605003292,0.01184990125082291,0.10862409479921001,0.037524687294272545,0.008558262014483212,0.02106649111257406,-1.790549927450412,-0.23592025151130658,0.9085716429074968,-0.10415097388018335,-1.0646129240674762,-1.131304298566148,1.7948191502938595,2.2336105779145843,0.21093007275971187,0.5703040736676095,-1.9336507710910853,1.4067617195019482,-0.8876822159083977,1.3035182468244408,0.24633199981062814,-1.2027632625482934,-0.3242128586569848
116_116,77.0,46,female,-2.2307692307692264,1276,0.012539184952978056,0.014890282131661442,0.019592476489028215,0.007836990595611285,0.0054858934169279,0.041536050156739814,0.07053291536050156,0.25940438871473354,0.052507836990595615,0.012539184952978056,0.006269592476489028,0.3487460815047022,0.004702194357366771,0.0877742946708464,0.016457680250783698,0.028996865203761754,0.01018808777429467,-0.6561679268506833,-0.48911384218751675,-0.22084985559283776,-1.1081530505937405,-1.4446252872149534,0.5201533461447427,1.0458215429486621,2.3440995018686994,0.7525992901212661,-0.6561679268506833,-1.3194621442609478,2.639668939153646,-1.5877261308556267,1.2634249138872566,-0.3914753726236011,0.16481262521914708,-0.8568386223128339
117_117,91.0,46,male,11.769230769230774,1026,0.04093567251461988,0.007797270955165692,0.01364522417153996,0.003898635477582846,0.0,0.018518518518518517,0.3469785575048733,0.2787524366471735,0.015594541910331383,0.008771929824561403,0.004873294346978557,0.08869395711500974,0.003898635477582846,0.0935672514619883,0.04191033138401559,0.010721247563352826,0.021442495126705652,0.7755558830787996,-0.8338820293553004,-0.2997995434250429,-1.4698707960752975,-3.6670953734115166,-0.0035337272818702914,2.9023860470027794,2.6837903433032224,-0.1705878119450368,-0.7226563942450763,-1.269200100613146,1.5423907794299043,-1.4698707960752975,1.5955948154933686,0.7988127452430671,-0.5316011574823669,0.13956711635880303
119_119,38.0,63,male,-21.357142857142854,1178,0.03225806451612903,0.031409168081494056,0.02037351443123939,0.022920203735144314,0.00933786078098472,0.003395585738539898,0.13582342954159593,0.2937181663837012,0.0636672325976231,0.10696095076400679,0.01697792869269949,0.0899830220713073,0.03225806451612903,0.08064516129032258,0.014431239388794566,0.02037351443123939,0.025466893039049237,-0.06709408202562317,-0.09341139034299673,-0.5190792057686804,-0.4035663186468361,-1.2754052879501572,-2.2136749265430877,1.360541619250709,2.1301304953105964,0.6063803329356174,1.122489984848213,-0.6973274371749989,0.9503926618301182,-0.06709408202562317,0.8413739241673226,-0.8555514423898938,-0.5190792057686804,-0.30002563970599594
11_11,81.0,68,male,25.230769230769234,889,0.010123734533183352,0.015748031496062992,0.16985376827896512,0.007874015748031496,0.006749156355455568,0.003374578177727784,0.3172103487064117,0.22947131608548932,0.01124859392575928,0.00562429696287964,0.0044994375703037125,0.04499437570303712,0.0,0.10236220472440945,0.05511811023622047,0.007874015748031496,0.007874015748031496,-0.517309024197175,-0.09445217337714151,2.2519848021457536,-0.7536978022614056,-0.8967986459020789,-1.5158378543083018,2.8750777277828257,2.5519671526791865,-0.41722556564019264,-1.0638527305652445,-1.264523426027396,0.9327011513088235,-3.461748003363615,1.7477381494778057,1.1333718467709746,-0.7536978022614056,-0.7536978022614056
120_120,46.0,63,male,-13.357142857142854,850,0.02235294117647059,0.03294117647058824,0.029411764705882353,0.009411764705882352,0.0058823529411764705,0.0,0.47058823529411764,0.20823529411764705,0.004705882352941176,0.05176470588235294,0.001176470588235294,0.03294117647058824,0.0035294117647058825,0.08,0.02235294117647059,0.009411764705882352,0.015294117647058824,0.2568820382042616,0.6363716599091656,0.525146024798941,-0.573466263869169,-1.0087843351270145,-3.406679607925385,3.2791813391429745,2.465438181550031,-1.2094550305891651,1.081956761806755,-2.308067319257275,0.6363716599091656,-1.4607694588700717,1.51330131790274,0.2568820382042616,-0.573466263869169,-0.11084274192105603
121_121,71.0,63,male,11.642857142857146,1080,0.026851851851851852,0.019444444444444445,0.05555555555555555,0.020370370370370372,0.012037037037037037,0.009259259259259259,0.2490740740740741,0.21388888888888888,0.04814814814814815,0.020370370370370372,0.011111111111111112,0.17777777777777778,0.013888888888888888,0.08611111111111111,0.027777777777777776,0.000925925925925926,0.007407407407407408,-0.013611370271370493,-0.32994869848352737,0.7046417314196511,-0.28448632440677013,-0.7953119481727606,-1.0466263764536663,2.1985667567319074,2.0465782399091443,0.5628115359804333,-0.28448632440677013,-0.8722729893088887,1.8620945201106944,-0.6571616096919435,1.139959802677497,0.0197250499962216,-2.9925365255089798,-1.2579354701208736
122_122,67.0,63,female,7.642857142857146,958,0.012526096033402923,0.016701461377870562,0.1544885177453027,0.054279749478079335,0.019832985386221295,0.0041753653444676405,0.10647181628392484,0.22129436325678498,0.028183716075156576,0.03444676409185804,0.010438413361169102,0.0407098121085595,0.020876826722338204,0.21920668058455114,0.026096033402922755,0.017745302713987474,0.012526096033402923,-0.9215483963733346,-0.643916659775055,1.553307917561164,0.5135361289159879,-0.47686257511188934,-1.9431996439053165,1.1825857578968724,1.911664947682881,-0.13309103600906447,0.06426839814943053,-1.095901783518113,0.22902363122548586,-0.4268521545372277,1.902208612440846,-0.20859858851720992,-0.5850761597521217,-0.9215483963733346
123_123,50.0,63,male,-9.357142857142854,1048,0.09446564885496184,0.025763358778625955,0.02480916030534351,0.01431297709923664,0.0057251908396946565,0.0009541984732824427,0.18797709923664122,0.26908396946564883,0.04103053435114504,0.0868320610687023,0.009541984732824428,0.11164122137404581,0.01049618320610687,0.07824427480916031,0.016221374045801526,0.013358778625954198,0.009541984732824428,1.2302284416324882,-0.0557431978595333,-0.09278446953988251,-0.6290891786068578,-1.4981270256304677,-2.964464094423895,1.9158093818091175,2.2737493480544364,0.40283173556257923,1.1464097697494164,-1.0185539453685815,1.396509131052155,-0.9275821671628544,1.0428690908085763,-0.507728321602591,-0.6957805531055303,-1.0185539453685815
124_124,71.0,65,female,10.916666666666664,772,0.0,0.0051813471502590676,0.025906735751295335,0.01683937823834197,0.011658031088082901,0.012953367875647668,0.4533678756476684,0.12694300518134716,0.0038860103626943004,0.03756476683937824,0.0012953367875647669,0.08290155440414508,0.011658031088082901,0.16321243523316062,0.012953367875647668,0.023316062176165803,0.010362694300518135,-3.3517447641774085,-1.1545201868411885,0.36182730252689943,-0.055907898173079396,-0.40730578501096826,-0.30722232645398506,3.2007631228571816,1.9314589645605804,-1.405834615122095,0.7257926797283112,-2.2531324755092985,1.5080676401842639,-0.40730578501096826,2.181644724550112,-0.30722232645398506,0.25917314846681627,-0.5185314201211924
125_125,74.0,63,female,14.642857142857146,1222,0.009819967266775777,0.007364975450081833,0.08183306055646482,0.0016366612111292963,0.0032733224222585926,0.008183306055646482,0.4582651391162029,0.12929623567921442,0.014729950900163666,0.05564648117839607,0.0024549918166939444,0.06710310965630115,0.0016366612111292963,0.11374795417348608,0.031914893617021274,0.0008183306055646482,0.012274959083469721,-0.47666148912243944,-0.7510983348241993,1.6077675940684357,-2.08609940155654,-1.4983127366544204,-0.651014876267217,3.32643910908152,2.0633644598866407,-0.08461940134641566,1.224443611837485,-1.749627164935327,1.4104081599099407,-2.08609940155654,1.9356744678307258,0.6739105384763815,-2.5969250253225304,-0.2615501095054933
126_126,65.0,63,male,5.642857142857146,1015,0.03645320197044335,0.006896551724137931,0.034482758620689655,0.033497536945812804,0.020689655172413793,0.0,0.2620689655172414,0.31231527093596056,0.019704433497536946,0.017733990147783252,0.003940886699507389,0.0374384236453202,0.01083743842364532,0.11822660098522167,0.033497536945812804,0.012807881773399015,0.03940886699507389,0.41008370834445973,-1.1993542040896408,0.3552754718494646,0.32670209940540884,-0.146204289498288,-3.9074044051918504,2.371117018973994,2.5462205937008413,-0.1938323384875429,-0.2964864925476265,-1.7101798278556313,0.4364010166618333,-0.7719101892627007,1.5773925282988044,0.32670209940540884,-0.6115675391875213,0.4870447494805883
127_127,85.0,63,female,25.642857142857146,944,0.007415254237288136,0.013771186440677966,0.025423728813559324,0.0031779661016949155,0.0,0.0,0.5720338983050848,0.1885593220338983,0.005296610169491525,0.03283898305084746,0.0,0.03283898305084746,0.011652542372881356,0.037076271186440676,0.037076271186440676,0.012711864406779662,0.020127118644067795,-0.46444693303204776,0.12333973187007086,0.7193231639763686,-1.2265869850789448,-3.1724971341342583,-3.1724971341342583,3.8131446835049503,2.7052386476453814,-0.7746018613358876,0.9706375922572748,-3.1724971341342583,0.9706375922572748,-0.03700291820510859,1.0901827429070576,1.0901827429070576,0.04637869073394274,0.4910645119953885
128_128,37.0,63,male,-22.357142857142854,1013,0.018756169792694965,0.005923000987166831,0.045409674234945706,0.004935834155972359,0.0029615004935834156,0.0,0.33267522211253703,0.16189536031589338,0.019743336623889437,0.10266535044422508,0.004935834155972359,0.16189536031589338,0.005923000987166831,0.09871668311944719,0.014807502467917079,0.005923000987166831,0.012833168805528134,0.026586740486087113,-1.072025548182023,0.8956245875096966,-1.2390796328451885,-1.6910647565882457,-3.636974905643559,2.8777377852289705,2.1590828451218127,0.07659716106074876,1.7053593463212517,-1.2390796328451885,2.1590828451218127,-1.072025548182023,1.6663300024155165,-0.20298770115841291,-1.072025548182023,-0.34113803963923006
129_129,35.0,63,male,-24.357142857142854,1062,0.02071563088512241,0.018832391713747645,0.07909604519774012,0.004708097928436911,0.002824858757062147,0.002824858757062147,0.275894538606403,0.16760828625235405,0.009416195856873822,0.13559322033898305,0.009416195856873822,0.1534839924670433,0.004708097928436911,0.07721280602636535,0.0160075329566855,0.014124293785310734,0.007532956685499058,-0.07948048288266252,-0.17257090594867464,1.2437557422700913,-1.4882476998546115,-1.9402328235976687,-1.9402328235976687,2.488881847175114,1.9915928091266568,-0.8416205349295596,1.7802837154594502,-0.8416205349295596,1.903817198244271,-1.4882476998546115,1.2198025012475986,-0.3307949111635682,-0.45215576816783587,-1.052929628596766
12_12,52.0,70,female,-8.666666666666664,1794,0.01282051282051282,0.051839464882943144,0.03455964325529543,0.01560758082497213,0.004459308807134894,0.008361204013377926,0.17279821627647715,0.2391304347826087,0.016164994425863992,0.04292084726867335,0.021739130434782608,0.2157190635451505,0.008361204013377926,0.09364548494983277,0.021181716833890748,0.021739130434782608,0.0189520624303233,-0.8411244649112004,0.5398365502333271,0.13704167068104178,-0.6482207987867095,-1.8580587225650436,-1.2572848621361135,1.7400590153122193,2.0644968553629957,-0.61373462271554,0.3521530502979875,-0.3218242141542378,1.9615909627320876,-1.2572848621361135,1.1288108637311023,-0.3474666447675756,-0.3218242141542378,-0.45716556202400005
130_130,72.0,63,male,12.642857142857146,1233,0.004866180048661801,0.008110300081103,0.009732360097323601,0.008921330089213302,0.016220600162206,0.0016220600162206002,0.38361719383617193,0.1711273317112733,0.009732360097323601,0.0202757502027575,0.004866180048661801,0.1516626115166261,0.0040551500405515,0.15896188158961883,0.0202757502027575,0.014598540145985401,0.0113544201135442,-1.2651591242090636,-0.7855860439471773,-0.6112326568023998,-0.6946142657414502,-0.11653641496629286,-2.2206705692365003,3.023190611515478,2.2172636973756776,-0.6112326568023998,0.10171715105372536,-1.2651591242090636,2.0968175442998103,-1.4322132088722301,2.143701130198661,0.10171715105372536,-0.21919056902637601,-0.4628126516841262
131_131,67.0,63,female,7.642857142857146,760,0.014473684210526316,0.015789473684210527,0.07763157894736843,0.021052631578947368,0.006578947368421052,0.0013157894736842105,0.26710526315789473,0.3144736842105263,0.019736842105263157,0.035526315789473684,0.006578947368421052,0.07368421052631578,0.003947368421052632,0.0881578947368421,0.031578947368421054,0.005263157894736842,0.017105263157894738,-0.4591935834748857,-0.37581197453583437,1.1844356937074942,-0.0981802379375547,-1.1967925266056647,-2.4960755107359254,2.4141253860385596,2.57701279800688,-0.1607005949188891,0.4126453858284358,-1.1967925266056647,1.1327000193083054,-1.648777650348722,1.3105869790343943,0.29713249870659153,-1.3974632220678154,-0.29885093339970625
132_132,62.0,63,female,2.642857142857146,917,0.015267175572519083,0.019629225736095966,0.09051254089422028,0.011995637949836423,0.008724100327153763,0.007633587786259542,0.3238822246455834,0.18102508178844057,0.04471101417666303,0.05779716466739367,0.008724100327153763,0.05125408942202835,0.010905125408942203,0.12213740458015267,0.03271537622682661,0.0021810250817884407,0.010905125408942203,-0.5546974608273518,-0.3110753781696016,1.1960005216029295,-0.7864990748846759,-1.0887799467576094,-1.213943089711616,2.466568114731804,1.886149199166618,0.49684731698277185,0.7508355436480803,-1.0887799467576094,0.6318836007867148,-0.877470853090403,1.4941071113905942,0.18888057335948538,-2.312555378379726,-0.877470853090403
133_133,62.0,63,male,2.642857142857146,666,0.0045045045045045045,0.009009009009009009,0.03003003003003003,0.10960960960960961,0.025525525525525526,0.0,0.05105105105105105,0.24774774774774774,0.04954954954954955,0.03153153153153153,0.012012012012012012,0.13213213213213212,0.0015015015015015015,0.2072072072072072,0.04054054054054054,0.015015015015015015,0.03303303303303303,-1.6048451933423253,-0.9858059849361025,0.16281672430666871,1.4396772443810972,0.004592719091774722,-3.550755342397639,0.6833511621996204,2.251363032979424,0.6539372769933269,0.2104447732959236,-0.7175419983414226,1.62539439017619,-2.4521430537295297,2.0732621637896997,0.45657784283483194,-0.5062329046742162,0.25590714737268083
134_134,73.0,59,female,6.833333333333329,948,0.006329113924050633,0.008438818565400843,0.046413502109704644,0.00949367088607595,0.0,0.015822784810126583,0.229957805907173,0.2974683544303797,0.011603375527426161,0.02531645569620253,0.010548523206751054,0.0981012658227848,0.0010548523206751054,0.20147679324894516,0.015822784810126583,0.014767932489451477,0.007383966244725738,-0.9962806580198693,-0.7280166714251894,0.927406354250734,-0.6167910363149653,-3.5612300154814056,-0.12724281099625934,2.5187031796141843,2.7755957156650353,-0.42573579955225593,0.33059028262922086,-0.516707577757983,1.6698786013731808,-2.4626177268132956,2.38680497369924,-0.12724281099625934,-0.1939341854949319,-0.853179814379196
137_137,87.0,59,female,20.83333333333333,1461,0.00889801505817933,0.01779603011635866,0.01026694045174538,0.0054757015742642025,0.004106776180698152,0.05065023956194387,0.28815879534565364,0.2724161533196441,0.0054757015742642025,0.04996577686516085,0.015058179329226557,0.10882956878850103,0.0034223134839151265,0.11088295687885011,0.013004791238877482,0.017111567419575632,0.018480492813141684,-0.9218094322839967,-0.2473543847362043,-0.7836590938031796,-1.3844329542321097,-1.6526969408267886,0.7863000076571334,2.5193206597135296,2.4632083805018894,-1.3844329542321097,0.7727862884904106,-0.4109838085180062,1.547544804496519,-1.8197510254899552,1.5661788840414115,-0.5540846521586795,-0.28582066556399965,-0.21031311305585465
138_138,64.0,59,male,-2.1666666666666714,1271,0.03540519276160504,0.07081038552321008,0.023603461841070025,0.0023603461841070024,0.0015735641227380016,0.003933910306845004,0.12431156569630213,0.3768686073957514,0.03619197482297404,0.007867820613690008,0.016522423288749016,0.17073170731707318,0.0007867820613690008,0.10621557828481511,0.0055074744295830055,0.007867820613690008,0.00944138473642801,0.6588527867577283,1.3464903115067037,0.25886714441418945,-1.906096570703809,-2.242568807325022,-1.4541114469607517,1.9068950541181588,3.0138843551243166,0.6805927733941339,-0.8074842820356989,-0.09080660406555952,2.2233393113295623,-2.7533944310910123,1.7501121011205791,-1.1439565186569118,-0.8074842820356989,-0.6331308948909213
139_139,79.0,59,female,12.833333333333329,786,0.019083969465648856,0.021628498727735368,0.039440203562340966,0.007633587786259542,0.002544529262086514,0.03689567430025445,0.08396946564885496,0.23027989821882952,0.021628498727735368,0.019083969465648856,0.006361323155216285,0.3104325699745547,0.003816793893129771,0.15521628498727735,0.015267175572519083,0.015267175572519083,0.011450381679389313,-0.24707742406807398,-0.12571656706380674,0.4620700978383123,-1.1161152710916835,-2.07162671611912,0.39647281535249945,1.2092844996685335,2.21333820571163,-0.12571656706380674,-0.24707742406807398,-1.28316935575485,2.5112978609216516,-1.7351544794979072,1.8201935819915067,-0.4621888036850197,-0.4621888036850197,-0.7366256493867795
13_13,50.0,70,female,-10.666666666666664,1250,0.0344,0.0216,0.0576,0.0432,0.016,0.0096,0.1776,0.288,0.0584,0.0088,0.0168,0.1112,0.0144,0.076,0.0408,0.0152,0.0104,0.011311543311186334,-0.44726339011092664,0.5221371670771768,0.23675130688574653,-0.7410245086390894,-1.2357207504751964,1.643477706822843,2.126042561941552,0.5358360114353391,-1.3191023594142477,-0.6933964596498345,1.176615206477968,-0.8436786626991726,0.7976768527032325,0.1801324128862385,-0.7910349292137511,-1.1587597093390682
140_140,60.0,59,male,-6.166666666666671,1101,0.006357856494096276,0.009082652134423252,0.02633969118982743,0.007266121707538601,0.0036330608537693005,0.01725703905540418,0.10172570390554042,0.4087193460490463,0.018165304268846504,0.01725703905540418,0.006357856494096276,0.13533151680290645,0.0018165304268846503,0.2052679382379655,0.010899182561307902,0.006357856494096276,0.018165304268846504,-1.0504892652498432,-0.7140170286286303,0.31899797755366643,-0.9253261222958367,-1.5613148890158337,-0.09497782022240653,1.6575609358523673,3.044965791256285,-0.04496739964774532,-0.09497782022240653,-1.0504892652498432,1.9419041070386336,-2.1491015539179523,2.357352659130981,-0.5396636414838518,-1.0504892652498432,-0.04496739964774532
141_141,36.0,59,female,-30.16666666666667,1173,0.011082693947144074,0.03324808184143223,0.01619778346121057,0.0008525149190110827,0.0,0.011935208866155157,0.19607843137254902,0.319693094629156,0.05456095481670929,0.07246376811594203,0.028132992327365727,0.1278772378516624,0.015345268542199489,0.06734867860187553,0.011082693947144074,0.005967604433077579,0.028132992327365727,-0.6660007119005242,0.40761027456216814,-0.29827593177520706,-2.8632252892367434,-3.9618375779048534,-0.5945417479183797,2.171560465091795,2.6595680738592815,0.8979748264568186,1.1798259785978065,0.24285504148611237,1.745272686844022,-0.35091966526062945,1.1070666243153782,-0.6660007119005242,-1.2537873768026437,0.24285504148611237
142_142,67.0,59,female,0.8333333333333286,1091,0.012832263978001834,0.02474793767186068,0.01466544454628781,0.01924839596700275,0.01008249312557287,0.0036663611365719525,0.09165902841429881,0.17048579285059579,0.010999083409715857,0.034830430797433545,0.013748854262144821,0.16681943171402383,0.0036663611365719525,0.32722273143904673,0.011915673693858845,0.0614115490375802,0.021998166819431713,-0.6885243865264901,-0.04848703128049259,-0.5593126550464831,-0.2946201008194014,-0.9203260005838141,-1.8585956391767446,1.247484691546112,1.865758203130852,-0.8369443916447628,0.28798520534072036,-0.6218330120278175,1.844077137069528,-1.8585956391767446,2.5164623261810437,-0.7599833505086346,0.8494545619254659,-0.16399991840233685
144_144,44.0,60,male,-2.9285714285714306,955,0.016753926701570682,0.039790575916230364,0.03769633507853403,0.007329842931937173,0.0020942408376963353,0.0031413612565445027,0.16544502617801046,0.2848167539267016,0.033507853403141365,0.06701570680628273,0.01780104712041885,0.13507853403141362,0.009424083769633508,0.14450261780104712,0.015706806282722512,0.012565445026178011,0.007329842931937173,-0.4169985425838907,0.4302993178033132,0.3769533370980205,-1.2054559029481609,-2.30406819161627,-1.967595954995057,1.84539566982691,2.3872796906128735,0.26088116584526677,0.9463063003113015,-0.3581580425609565,1.6433219576491673,-0.9690671248839302,1.7105114021369678,-0.4795188995652242,-0.6946302791821695,-1.2054559029481609
145_145,87.0,60,male,40.07142857142857,767,0.02216427640156454,0.018252933507170794,0.028683181225554105,0.010430247718383311,0.009126466753585397,0.00651890482398957,0.31290743155149936,0.20860495436766624,0.027379400260756193,0.007822685788787484,0.01564537157757497,0.11342894393741851,0.002607561929595828,0.17340286831812254,0.02346805736636245,0.005215123859191656,0.014341590612777053,-0.060293593871147966,-0.24834582537408778,0.19102083440975814,-0.7824283113043458,-0.9075914542583514,-1.2177463825621913,2.5602256147451996,2.1557994677694543,0.1455584603330009,-1.0506922978990247,-0.3967658304923609,1.5491443185629525,-2.0062037429264614,1.971607003039688,-0.0047237427163371315,-1.418417078024342,-0.48014743943141225
146_146,63.0,60,male,16.07142857142857,691,0.02170767004341534,0.015918958031837915,0.02604920405209841,0.01881331403762663,0.008683068017366137,0.004341534008683068,0.1476121562952243,0.28509406657018815,0.03328509406657019,0.004341534008683068,0.005788712011577424,0.14037626628075253,0.002894356005788712,0.24746743849493488,0.017366136034732273,0.002894356005788712,0.017366136034732273,0.019303012834846367,-0.2791899757211498,0.19623372099392444,-0.11884732564597078,-0.8497348341887632,-1.468774042594987,1.9083257874881083,2.564201573250822,0.43546341005975897,-1.468774042594987,-1.2174596143140803,1.858315366913447,-1.8052462792161998,2.42304625551564,-0.19580836678209934,-1.8052462792161998,-0.19580836678209934
147_147,54.0,60,female,7.071428571428569,845,0.014201183431952662,0.016568047337278107,0.020118343195266272,0.01301775147928994,0.008284023668639054,0.015384615384615385,0.27455621301775146,0.12662721893491125,0.01893491124260355,0.028402366863905324,0.010650887573964497,0.31952662721893493,0.005917159763313609,0.08047337278106509,0.020118343195266272,0.01893491124260355,0.008284023668639054,-0.5750973853300003,-0.42667738021172674,-0.23862514870878737,-0.6584789942690517,-1.0859230090959908,-0.4981363441938722,2.3480641953891555,1.5766648179294616,-0.2974656487317211,0.09784708791242558,-0.8495342310317611,2.4994460686482807,-1.3960779373998307,1.1260077156299237,-0.23862514870878737,-0.2974656487317211,-1.0859230090959908
148_148,62.0,60,male,15.07142857142857,879,0.006825938566552901,0.06029579067121729,0.030716723549488054,0.007963594994311717,0.0034129692832764505,0.004550625711035267,0.23321956769055746,0.2901023890784983,0.02844141069397042,0.02844141069397042,0.020477815699658702,0.12059158134243458,0.013651877133105802,0.10352673492605233,0.019340159271899887,0.009101251422070534,0.019340159271899887,-1.2914854600617907,0.8163940169385788,0.15089836770914333,-1.1483846164211173,-1.9105246684680144,-1.6592102401871078,2.162158396972907,2.379934772680377,0.07539081520099833,0.07539081520099833,-0.24551690487910305,1.5048573481860976,-0.6375589926551268,1.3530513353180935,-0.3010867560339139,-1.0232214734671117,-0.3010867560339139
149_149,59.0,60,female,12.07142857142857,1139,0.012291483757682178,0.016681299385425813,0.019315188762071993,0.006145741878841089,0.00877963125548727,0.000877963125548727,0.2054433713784021,0.3678665496049166,0.038630377524143986,0.03775241439859526,0.007023705004389816,0.08604038630377524,0.014047410008779631,0.10886742756804214,0.016681299385425813,0.02897278314310799,0.024582967515364356,-0.6661009888818161,-0.3698351727386444,-0.22673432909797064,-1.3253466177660802,-0.9888743811448673,-2.9347845302001807,2.117205949577989,2.6988138875989156,0.4552395508638494,0.432511299786293,-1.2001834748120745,1.2498069098696982,-0.53688925740181,1.4840560775964171,-0.3698351727386444,0.17129580052267546,0.009654448966259555
150_150,31.0,60,female,-15.92857142857143,1064,0.011278195488721804,0.013157894736842105,0.03477443609022556,0.002819548872180451,0.002819548872180451,0.0018796992481203006,0.3298872180451128,0.2462406015037594,0.020676691729323307,0.05733082706766917,0.016917293233082706,0.13533834586466165,0.0018796992481203006,0.07424812030075188,0.03665413533834586,0.004699248120300752,0.009398496240601503,-0.5228931314188898,-0.37447312630061624,0.5757191572492197,-1.7958588072317774,-1.7958588072317774,-2.1323310438529903,2.8135879355235742,2.521629306304533,0.06489353348322924,1.0704153990853267,-0.13085104364286604,1.9246577318253415,-2.1323310438529903,1.3271352459331407,0.6276788961799307,-1.3438736834887202,-0.6972465185636674
151_151,19.0,60,female,-27.92857142857143,1104,0.014492753623188406,0.02717391304347826,0.035326086956521736,0.004528985507246377,0.0009057971014492754,0.004528985507246377,0.33242753623188404,0.23007246376811594,0.018115942028985508,0.14402173913043478,0.02355072463768116,0.044384057971014496,0.007246376811594203,0.06068840579710145,0.014492753623188406,0.01177536231884058,0.026268115942028984,-0.46561570648540584,0.14875059622142484,0.407324584515135,-1.5642279951535158,-2.8635109792837765,-1.5642279951535158,2.63774723126095,2.270324748598636,-0.24855120124757857,1.803067834832958,0.008168645600235447,0.6329965821827037,-1.1289099238956704,0.9431515104865431,-0.46561570648540584,-0.6662864019475574,0.11541417595383319
152_152,68.0,60,male,21.07142857142857,892,0.020179372197309416,0.021300448430493273,0.03699551569506727,0.0011210762331838565,0.0033632286995515697,0.0033632286995515697,0.1412556053811659,0.4047085201793722,0.02466367713004484,0.03139013452914798,0.01569506726457399,0.15134529147982062,0.005605381165919282,0.08744394618834081,0.032511210762331835,0.010089686098654708,0.008968609865470852,-0.07819165968377328,-0.025547926198351334,0.5155830470629685,-2.5904972836598876,-1.7431994232726842,-1.7431994232726842,1.8442799163995225,2.894299649830767,0.11755291744232199,0.35394169550655263,-0.32181374234152393,1.9130092485517032,-1.291214299529627,1.3671362330203105,0.38842787157772163,-0.7446705931615574,-0.8558962282717815
153_153,46.0,60,female,-0.9285714285714306,988,0.008097165991902834,0.013157894736842105,0.13360323886639677,0.005060728744939271,0.0020242914979757085,0.0010121457489878543,0.36639676113360325,0.25708502024291496,0.011133603238866396,0.04048582995951417,0.011133603238866396,0.012145748987854251,0.003036437246963563,0.0931174089068826,0.02631578947368421,0.00708502024291498,0.009109311740890687,-0.7142399301029538,-0.2516164081548409,2.0322765518270525,-1.1495580013607993,-1.9380153617250695,-2.44884098549106,3.0387183806955047,2.684994742391353,-0.4119590582300203,0.8469958805132687,-0.4119590582300203,-0.328577449290969,-1.6015431251038565,1.6729025509191549,0.42283863939295196,-0.8394030730569595,-0.6030142949927297
154_154,67.0,58,male,14.57142857142857,1143,0.003499562554680665,0.008748906386701663,0.045494313210848646,0.02712160979877515,0.007874015748031496,0.02099737532808399,0.19247594050743658,0.25984251968503935,0.020122484689413824,0.04111986001749781,0.017497812773403325,0.17235345581802275,0.008748906386701663,0.10061242344706911,0.012248468941382326,0.045494313210848646,0.015748031496062992,-2.0126756706536466,-1.1653778102664423,0.4440601021676578,-0.06676552159833271,-1.2654612688234255,-0.3180799498792388,1.8791446274569803,2.178661157555764,-0.3597526462798073,0.3439766436106755,-0.4963281812855578,1.7689855169112563,-1.1653778102664423,1.232517462531928,-0.8426044180033911,0.4440601021676578,-0.5989823353456409
155_155,56.0,58,male,3.5714285714285694,1094,0.015539305301645339,0.021937842778793418,0.09323583180987204,0.010968921389396709,0.002742230347349177,0.0009140767824497258,0.18281535648994515,0.4040219378427788,0.02102376599634369,0.051188299817184646,0.024680073126142597,0.06672760511882998,0.003656307129798903,0.07586837294332724,0.009140767824497258,0.0018281535648994515,0.013711151736745886,-0.25592210383257585,0.0805501327886371,1.5117398138164186,-0.5923943404537888,-1.8653600162666764,-2.71265787665388,2.1826912619845795,2.97431747968594,0.038877436388069064,0.916117653390351,0.19606301991048136,1.1791624214567467,-1.6140455879857698,1.3067236470947656,-0.7667477275985664,-2.2018322528878893,-0.37728296083684354
156_156,73.0,58,female,20.57142857142857,1188,0.02356902356902357,0.027777777777777776,0.050505050505050504,0.01430976430976431,0.005050505050505051,0.009259259259259259,0.1388888888888889,0.26851851851851855,0.04040404040404041,0.010942760942760943,0.01936026936026936,0.20033670033670034,0.004208754208754209,0.15656565656565657,0.017676767676767676,0.005892255892255892,0.006734006734006734,-0.07880156674528793,0.08283978481112797,0.6739377110169031,-0.5665047730904247,-1.5569034771183015,-0.9863586186506881,1.6802655407972247,2.338051619797697,0.4528581439235446,-0.8260159685755086,-0.2717052328697793,2.045663656308503,-1.723957561781467,1.7997255850639775,-0.3606527188862758,-1.4138026334776281,-1.2886394905236225
158_158,59.0,65,male,-1.0833333333333357,976,0.017418032786885244,0.01639344262295082,0.02151639344262295,0.007172131147540984,0.01331967213114754,0.017418032786885244,0.17827868852459017,0.29098360655737704,0.0430327868852459,0.012295081967213115,0.012295081967213115,0.20491803278688525,0.011270491803278689,0.10860655737704918,0.012295081967213115,0.01639344262295082,0.01639344262295082,-0.4537275200721851,-0.5125680200951184,-0.24787546586803666,-1.3010253804593885,-0.7132387155572699,-0.4537275200721851,1.8459963406408282,2.334804852564732,0.4335756749287176,-0.790199756693398,-0.790199756693398,1.9848858457449703,-0.8735813656324494,1.352216584147826,-0.790199756693398,-0.5125680200951184,-0.5125680200951184
159_159,63.0,65,male,2.9166666666666643,1328,0.01581325301204819,0.04141566265060241,0.04743975903614458,0.009789156626506024,0.021837349397590362,0.0030120481927710845,0.2063253012048193,0.24623493975903615,0.01957831325301205,0.07605421686746988,0.02033132530120482,0.1016566265060241,0.007530120481927711,0.1408132530120482,0.018072289156626505,0.0037650602409638554,0.02033132530120482,-0.5823114776239038,0.3660186079948682,0.5006754931411255,-1.0476747273131366,-0.26597414941174646,-2.1462870159812466,1.964586848192065,2.141123642317786,-0.37321967976534376,0.9696943857243214,-0.336178408084995,1.2586072275622349,-1.2989891555940432,1.583414432652945,-0.45169129520683926,-1.945616320519095,-0.336178408084995
15_15,67.0,71,female,4.25,1105,0.02081447963800905,0.03800904977375565,0.1420814479638009,0.0751131221719457,0.02171945701357466,0.0027149321266968325,0.12669683257918551,0.2235294117647059,0.019004524886877826,0.02986425339366516,0.00904977375565611,0.1330316742081448,0.0,0.10588235294117647,0.015384615384615385,0.009954751131221719,0.027149321266968326,-0.25589359672493783,0.33661005805531996,1.6465314403906366,1.0119526139817583,-0.2142209003243698,-2.1601310493796837,1.5323134708987491,2.0985165641336936,-0.3448410827414343,0.09865142095596946,-1.0615187607115737,1.5809341579048235,-4.106041198434996,1.3535443157091622,-0.5506931369455832,-0.9705469825058466,0.004832665738314645
160_160,60.0,65,female,-0.0833333333333357,985,0.005076142131979695,0.016243654822335026,0.030456852791878174,0.012182741116751269,0.003045685279187817,0.005076142131979695,0.36751269035532996,0.20913705583756345,0.017258883248730966,0.048730964467005075,0.018274111675126905,0.07309644670050762,0.018274111675126905,0.12588832487309645,0.02131979695431472,0.006091370558375634,0.02233502538071066,-1.4936618248526705,-0.3950495361845605,0.21931676652227017,-0.6726812727828402,-1.9456469485957277,-1.4936618248526705,2.694614557203634,2.131890495309992,-0.33620903616162723,0.6831538808523421,-0.2806391850068164,1.0851766447695335,-0.2806391850068164,1.6258957988136666,-0.13035698195747836,-1.326607740189504,-0.08489460788072112
161_161,33.0,65,female,-27.083333333333336,1006,0.02286282306163022,0.02186878727634195,0.011928429423459244,0.013916500994035786,0.014910536779324055,0.015904572564612324,0.2117296222664016,0.19284294234592445,0.02385685884691849,0.06759443339960239,0.03876739562624255,0.1610337972166998,0.013916500994035786,0.1441351888667992,0.015904572564612324,0.009940357852882704,0.018886679920477135,-0.35009503772210504,-0.39358014966184385,-0.9813668145639625,-0.8329468094456898,-0.7662554349470172,-0.7037350779656828,1.8565413737964611,1.7633367041862829,-0.308422341321537,0.7197382863959616,0.16920521303485803,1.583582542897574,-0.8329468094456898,1.473080627739329,-0.7037350779656828,-1.155720201708741,-0.5366809933025172
163_163,56.0,57,female,-11.5,1096,0.012773722627737226,0.014598540145985401,0.06751824817518248,0.14416058394160583,0.017335766423357664,0.002737226277372263,0.19251824817518248,0.270985401459854,0.02645985401459854,0.024635036496350366,0.035583941605839414,0.055656934306569344,0.004562043795620438,0.08667883211678833,0.020072992700729927,0.0018248175182481751,0.021897810218978103,-0.7442717634953047,-0.6150600320152986,0.8923787124636804,1.647334180395502,-0.44800594735213206,-2.165657444426465,1.9358045855644992,2.276993812063851,-0.0340301495760591,-0.10423440824930763,0.2578802589852427,0.7006167618906387,-1.7136723206834077,1.140705834564851,-0.3049051037114592,-2.5021296810476787,-0.2197472953711519
164_165,41.0,58,female,-11.42857142857143,973,0.023638232271325797,0.03391572456320658,0.07297019527235354,0.03699897225077081,0.011305241521068859,0.0,0.18910585817060638,0.27029804727646456,0.02774922918807811,0.08530318602261049,0.019527235354573486,0.025693730729701953,0.0020554984583761563,0.13771839671120248,0.014388489208633094,0.006166495375128468,0.04316546762589928,-0.08640508731922569,0.26813993036168204,1.0262919412306233,0.3539067521191068,-0.801058473100134,-3.9365526890292846,1.974243955011243,2.3306478595120783,0.0707804962031866,1.1814411233874709,-0.2729910428996378,-0.004727056304958399,-2.327114776595184,1.658158690572555,-0.56925685904281,-1.3716033315677474,0.5060985674610321
165_166,61.0,58,female,8.57142857142857,770,0.00909090909090909,0.005194805194805195,0.07402597402597402,0.0987012987012987,0.012987012987012988,0.0012987012987012987,0.06493506493506493,0.06233766233766234,0.007792207792207792,0.014285714285714285,0.0025974025974025974,0.08441558441558442,0.0,0.5051948051948052,0.0012987012987012987,0.006493506493506494,0.04935064935064935,-0.5094212040829156,-1.020246827848907,1.527460723178124,1.8129665162073096,-0.17294896746170263,-2.118859116517016,1.3976491116561336,1.3572395733182567,-0.6525220477235889,-0.08197718925597641,-1.6080334927510256,1.6577259180160255,-3.217471405185126,3.440539640685622,-2.118859116517016,-0.8195761323867554,1.126334016668558
166_167,34.0,58,female,-18.42857142857143,1141,0.03242769500438212,0.019281332164767746,0.09290096406660824,0.024539877300613498,0.007011393514460999,0.0035056967572304996,0.22787028921998248,0.1866783523225241,0.028921998247151623,0.23838737949167396,0.0026292725679228747,0.04820333041191937,0.010517090271691499,0.03418054338299737,0.014022787028921999,0.017528483786152498,0.011393514460999123,0.19239252829176756,-0.3184330954742234,1.236196580464882,-0.08204431740999274,-1.2918822411883268,-1.9278710079083239,2.130654456508824,1.9316884279840816,0.07959703414642316,2.1756902094187014,-2.1791854361892296,0.5844346160677913,-0.906219760376342,0.2443522672224785,-0.6285880237780623,-0.41152351854023506,-0.8292587192402139
167_168,58.0,58,female,5.571428571428569,1076,0.03717472118959108,0.039962825278810406,0.09386617100371747,0.031598513011152414,0.022304832713754646,0.0,0.18587360594795538,0.2815985130111524,0.05018587360594796,0.023234200743494422,0.006505576208178439,0.0362453531598513,0.023234200743494422,0.12732342007434944,0.01486988847583643,0.008364312267657992,0.017657992565055763,0.2735222864889715,0.3449812504711165,1.19227911085832,0.11317963641379203,-0.22910657007284074,-4.120926868183467,1.873034559123102,2.287601922876031,0.5704210140456767,-0.18910123545914148,-1.4128766670812571,0.2485209842835543,-0.18910123545914148,1.495844229483104,-0.624419306716987,-1.1764878890170265,-0.45736522205382046
168_169,79.0,58,male,26.57142857142857,796,0.008793969849246231,0.011306532663316583,0.02763819095477387,0.11055276381909548,0.026381909547738693,0.017587939698492462,0.05025125628140704,0.12814070351758794,0.028894472361809045,0.020100502512562814,0.010050251256281407,0.30904522613065327,0.002512562814070352,0.20728643216080403,0.007537688442211055,0.018844221105527637,0.01507537688442211,-1.0855382011333874,-0.8491494230691568,0.013074087534722167,1.3825613303382314,-0.03238828654203507,-0.4262925722491233,0.6008607524368412,1.5294215769028106,0.056559199474460975,-0.2970808407691172,-0.9603750581793817,2.4069207718070924,-2.1841504898014974,2.0085299731414654,-1.2286390447740607,-0.3596011977504512,-0.5747125773673969
169_170,20.0,58,male,-32.42857142857143,1362,0.032305433186490456,0.014684287812041116,0.0565345080763583,0.020558002936857563,0.003671071953010279,0.0,0.19016152716593246,0.19016152716593246,0.015418502202643172,0.144640234948605,0.008076358296622614,0.07195301027900147,0.013215859030837005,0.19676945668135096,0.011013215859030838,0.016152716593245228,0.014684287812041116,0.3003828724559585,-0.4746814305718736,0.8551716196430652,-0.1452022294416313,-1.790358224477811,-4.188253497276182,2.0636503858897073,2.0636503858897073,-0.42705338158261874,1.7906322676249404,-1.052759281347032,1.094950231461807,-0.5773355846319568,2.0977445972326834,-0.7542662927910353,-0.38159100750586195,-0.4746814305718736
16_16,45.0,71,female,-17.75,1382,0.02894356005788712,0.02604920405209841,0.060781476121562955,0.03256150506512301,0.012301013024602027,0.0361794500723589,0.2995658465991317,0.20332850940665703,0.03256150506512301,0.029667149059334298,0.023154848046309694,0.12011577424023155,0.010130246020260492,0.05426917510853835,0.01447178002894356,0.007959479015918957,0.007959479015918957,-0.12502150523461575,-0.22901121875866348,0.6104280550160186,-0.008611153390204684,-0.9641225984176409,0.0956498569342048,2.2007494952282403,1.8138089682326355,-0.008611153390204684,-0.10063005211045661,-0.34508339001141763,1.288671830073389,-1.1521748299205812,0.49780917690786985,-0.8058985932027469,-1.3839764439779052,-1.3839764439779052
170_171,43.0,58,female,-9.42857142857143,1102,0.019056261343012703,0.019056261343012703,0.06352087114337568,0.016333938294010888,0.007259528130671506,0.0,0.20054446460980035,0.2813067150635209,0.04446460980036298,0.060798548094373864,0.02631578947368421,0.09800362976406533,0.029038112522686024,0.08711433756805807,0.019056261343012703,0.009074410163339383,0.019056261343012703,-0.3800952833872975,-0.3800952833872975,0.8074644912973086,-0.5303774864366351,-1.3080820550246437,-4.14129539908086,1.9522743709642758,2.290035682852619,0.4538244510537299,0.7639793793575698,-0.06375795517514016,1.2386019544595999,0.03309187081477738,1.1213947898240257,-0.3800952833872975,-1.0967729613574364,-0.3800952833872975
171_172,62.0,58,female,9.57142857142857,1516,0.01978891820580475,0.032321899736147755,0.06398416886543536,0.017150395778364115,0.004617414248021108,0.023746701846965697,0.10883905013192612,0.316622691292876,0.048153034300791556,0.051451187335092345,0.029683377308707123,0.1695250659630607,0.0079155672823219,0.05343007915567282,0.027704485488126648,0.017150395778364115,0.0079155672823219,-0.49877539658639236,-0.014529410625113481,0.6633502978040435,-0.6393573472075817,-1.9015990596574937,-0.3191898196113123,1.1924691146173596,2.258325148210589,0.38078332601903275,0.4465965445886044,-0.09878975424285352,1.6345176399040326,-1.3907734358915032,0.48410094004705906,-0.16699800426938705,-0.6393573472075817,-1.3907734358915032
172_173,23.0,58,female,-29.42857142857143,1170,0.023931623931623933,0.039316239316239315,0.03418803418803419,0.02905982905982906,0.005128205128205128,0.004273504273504274,0.14273504273504273,0.2264957264957265,0.04188034188034188,0.08717948717948718,0.017948717948717947,0.12222222222222222,0.01282051282051282,0.14871794871794872,0.011965811965811967,0.020512820512820513,0.03162393162393162,-0.3369733870261311,0.15257483829257446,0.014424499811757308,-0.14591815026342214,-1.8150752973991446,-1.9821293820623112,1.4341058769643849,1.8947373663812574,0.2150951952739084,0.9429853242777266,-0.618824539167119,1.2794575608989396,-0.9460374503755355,1.4750472673417458,-1.0127288248742072,-0.4882043567500549,-0.06253654132437125
173_174,68.0,58,male,15.57142857142857,1162,0.010327022375215147,0.00774526678141136,0.025817555938037865,0.01549053356282272,0.006024096385542169,0.004302925989672977,0.10499139414802065,0.2874354561101549,0.018072289156626505,0.010327022375215147,0.004302925989672977,0.08175559380378658,0.02323580034423408,0.35542168674698793,0.013769363166953529,0.010327022375215147,0.020654044750430294,-0.7199877358102675,-0.9944245815120274,0.17201030349484325,-0.32794564803424375,-1.230813359576258,-1.5409682878800979,1.5623946498662589,2.5669204994497603,-0.17766344498490572,-0.7199877358102675,-1.5409682878800979,1.3134098673681618,0.06846962455400307,2.7789411343452235,-0.44235599921198787,-0.7199877358102675,-0.04704326256784164
175_176,49.0,58,female,-3.4285714285714306,801,0.09737827715355805,0.07990012484394507,0.039950062421972535,0.018726591760299626,0.00749063670411985,0.0012484394506866417,0.10736579275905118,0.19350811485642946,0.04369538077403246,0.10237203495630462,0.024968789013732832,0.06367041198501873,0.012484394506866416,0.1348314606741573,0.009987515605493134,0.03245942571785269,0.0299625468164794,1.0022604765391248,0.805827075552489,0.12040194108645386,-0.6199981243240371,-1.4890359713476462,-2.9553730401410734,1.099306265688596,1.685807583370051,0.20869454823213207,1.0519601450913973,-0.34041326210487544,0.5807436594204525,-1.00946289108576,1.3259120247312763,-1.2207719847529672,-0.08369341525706142,-0.16216503069855648
176_177,27.0,60,female,-19.92857142857143,1142,0.0446584938704028,0.03940455341506129,0.047285464098073555,0.002626970227670753,0.0008756567425569177,0.0070052539404553416,0.26444833625218916,0.21628721541155868,0.0297723292469352,0.12259194395796848,0.010507880910683012,0.11558669001751314,0.005253940455341506,0.05253940455341506,0.017513134851138354,0.01926444833625219,0.0043782837127845885,0.6185881096136647,0.49471862790087906,0.6752070036131728,-2.0702307295606577,-2.917528589947861,-1.182927534559755,2.3890875794148707,2.188416883952719,0.21796562598128855,1.6222137907177747,-0.7972650537477701,1.5635889473702513,-1.451191521154434,0.7796496669807702,-0.3025688119116632,-0.20947838884565106,-1.6182456058176005
177_178,19.0,60,male,-27.92857142857143,1339,0.018670649738610903,0.016430171769977596,0.07692307692307693,0.0014936519790888724,0.0007468259895444362,0.0022404779686333084,0.32038834951456313,0.19118745332337567,0.019417475728155338,0.14936519790888722,0.021657953696788648,0.01717699775952203,0.00597460791635549,0.12098581030619865,0.02912621359223301,0.0037341299477221808,0.004480955937266617,0.016385548685506457,-0.1087775942684992,1.41727870922655,-2.306002171604719,-2.8168277953707097,-1.9695299349835063,2.840328837945436,2.3248357611319506,0.0548518295133027,2.07852134326775,0.16209735986690044,-0.06529248232876039,-1.0822267399826035,1.8683850982909185,0.45400776842820223,-1.5175448112404482,-1.3504907265772825
178_179,47.0,60,male,0.0714285714285694,976,0.005122950819672131,0.010245901639344262,0.05122950819672131,0.0020491803278688526,0.0030737704918032786,0.004098360655737705,0.2848360655737705,0.2827868852459016,0.02663934426229508,0.06352459016393443,0.007172131147540984,0.022540983606557378,0.006147540983606557,0.1915983606557377,0.02151639344262295,0.005122950819672131,0.012295081967213115,-1.22746937697559,-0.5808422120505381,0.989755867067299,-2.01592673733986,-1.6794545007186472,-1.4281400724377415,2.697200590153323,2.6899933517483743,0.3449272637781613,1.2029490875283404,-0.9173144486717502,0.18129783999635896,-1.0604152923124235,2.3015613761964504,0.13583546591960172,-1.22746937697559,-0.40648882490575966
179_180,31.0,60,female,-15.92857142857143,1316,0.012917933130699088,0.016717325227963525,0.044832826747720364,0.001519756838905775,0.0007598784194528875,0.0007598784194528875,0.43617021276595747,0.1717325227963526,0.019756838905775075,0.20972644376899696,0.007598784194528876,0.0182370820668693,0.005319148936170213,0.034954407294832825,0.0121580547112462,0.00303951367781155,0.003799392097264438,-0.07198168523049375,0.1793327430504119,1.151793746391622,-2.017891834285807,-2.5287174580517977,-2.5287174580517977,3.419317531128848,2.4885623787631266,0.34296216683221425,2.6880282548024272,-0.5828073089964851,0.26449055139071875,-0.9192795456176981,0.9052697464333481,-0.13082218525342704,-1.4301051693836886,-1.229434473921537
17_17,70.0,71,male,7.25,1343,0.03201787043931496,0.022338049143708117,0.07967237527922562,0.06999255398361877,0.028294862248696945,0.0029784065524944155,0.06999255398361877,0.15562174236783322,0.03276247207743857,0.017870439314966492,0.0029784065524944155,0.21072226358897989,0.007446016381236039,0.21518987341772153,0.010424422933730455,0.02308265078183172,0.018615040953090096,0.06732361197856163,-0.2877106425027107,0.9720535214516408,0.8431625083836205,-0.05477908482233795,-2.201359929339803,0.8431625083836205,1.6392864132461158,0.09005186305611801,-0.5067642085653952,-2.201359929339803,1.94177479705173,-1.3540620689525986,1.9627179708969733,-1.0312886766895484,-0.2554497802844895,-0.46675887395169635
180_181,68.0,61,female,12.230769230769234,1790,0.006145251396648044,0.0111731843575419,0.021787709497206705,0.005027932960893855,0.00782122905027933,0.0016759776536312849,0.4044692737430168,0.20837988826815643,0.012290502793296089,0.029608938547486034,0.008379888268156424,0.03687150837988827,0.0067039106145251395,0.1770949720670391,0.030167597765363128,0.018435754189944135,0.013966480446927373,-1.1395085979418305,-0.5614307471666722,0.09444503859604136,-1.3305638347045399,-0.9077069838845064,-2.3290926648156667,3.0036261284497026,2.3410623712618372,-0.4683403241006605,0.3978260205909261,-0.8410156093858339,0.615346314350774,-1.0561269890027791,2.1786221850217116,0.41634506835816376,-0.07031019448001397,-0.34317718114665396
181_182,66.0,62,female,12.07142857142857,1266,0.052132701421800945,0.04818325434439179,0.02132701421800948,0.015007898894154818,0.005529225908372828,0.026856240126382307,0.16113744075829384,0.2772511848341232,0.038704581358609796,0.04818325434439179,0.016587677725118485,0.16903633491311215,0.018167456556082148,0.04660347551342812,0.030805687203791468,0.011058451816745656,0.013428120063191154,0.41764435484514717,0.33947958199581096,-0.4653715881441354,-0.8091431272469602,-1.764654572274396,-0.2385982687793473,1.5410103826661954,2.0826521184340585,0.12241507675798324,0.33947958199581096,-0.7115046576830446,1.5887521455514104,-0.6225571716665477,0.30641871973492263,-0.10325692090958505,-1.1054089433901328,-0.9173567118871926
182_183,70.0,65,male,9.916666666666664,858,0.006993006993006993,0.01048951048951049,0.12354312354312354,0.011655011655011656,0.0011655011655011655,0.005827505827505828,0.2097902097902098,0.20512820512820512,0.016317016317016316,0.038461538461538464,0.013986013986013986,0.16433566433566432,0.002331002331002331,0.15384615384615385,0.006993006993006993,0.01282051282051282,0.016317016317016316,-1.0738903384490426,-0.6944007167441386,1.7224524697988461,-0.5943172581871563,-2.5402274072424698,-1.2409444231122082,2.2500382624223016,2.2276283610227177,-0.2715438659241052,0.5658529234803868,-0.41996387104237876,2.006607201732659,-2.0294017834764784,1.9408901300756431,-1.0738903384490426,-0.5033454799814292,-0.2715438659241052
183_184,65.0,65,female,4.916666666666664,1576,0.006979695431472081,0.011421319796954314,0.05901015228426396,0.010786802030456852,0.0019035532994923859,0.008248730964467006,0.1751269035532995,0.30647208121827413,0.015228426395939087,0.09898477157360407,0.08375634517766498,0.12563451776649745,0.0031725888324873096,0.03616751269035533,0.031091370558375634,0.0038071065989847717,0.022208121827411168,-1.2016492193694326,-0.7262255226543584,0.8939651815560041,-0.7817953738091692,-2.3912332862432697,-1.0413065692942531,1.9782145662237522,2.537055060154712,-0.44532313718795624,1.4090597552415707,1.2425863906876398,1.646792845388608,-1.9392481625002116,0.4077886930646675,0.25797641483600753,-1.772194077837046,-0.07446355825726725
184_185,83.0,65,male,22.916666666666664,834,0.004796163069544364,0.0035971223021582736,0.022781774580335732,0.03237410071942446,0.025179856115107913,0.0035971223021582736,0.4304556354916067,0.17026378896882494,0.0035971223021582736,0.02038369304556355,0.0035971223021582736,0.026378896882494004,0.005995203836930456,0.21942446043165467,0.011990407673860911,0.007194244604316547,0.008393285371702638,-1.1925460301345279,-1.4438604584154335,0.2737910386588993,0.6175625777617242,0.3714295082228154,-1.4438604584154335,3.1880907502502995,2.262718572797904,-1.4438604584154335,0.16557745401866653,-1.4438604584154335,0.41689188229957264,-0.9918753346723763,2.515591240583823,-0.3452481697473244,-0.8248212500092107,-0.6817204063685365
185_186,62.0,64,male,6.071428571428569,1368,0.01023391812865497,0.010964912280701754,0.0445906432748538,0.021198830409356724,0.033625730994152045,0.0007309941520467836,0.07748538011695906,0.42543859649122806,0.0489766081871345,0.01023391812865497,0.029239766081871343,0.09137426900584796,0.0021929824561403508,0.1527777777777778,0.01608187134502924,0.016812865497076022,0.00804093567251462,-0.7922655362427289,-0.7255741617440563,0.6526229891432145,-0.08202392232348332,0.3730381269240528,-3.0609490775610935,1.201730799480222,2.900914999770598,0.7457134122092266,-0.7922655362427289,0.23488778844323566,1.365891572902581,-2.21365121717389,1.8783095536929346,-0.35289887645888296,-0.30941376451914415,-1.024067150300053
186_187,28.0,64,female,-27.92857142857143,1250,0.0496,0.0328,0.0496,0.0208,0.0104,0.0032,0.1752,0.1936,0.0232,0.1368,0.0128,0.1176,0.0344,0.1,0.0176,0.0176,0.0048,0.41208691689212307,0.002613787386419819,0.41208691689212307,-0.44593490685805603,-1.1203899544058489,-2.219002243073959,1.6682725926649935,1.7679220705273053,-0.33868937650445874,1.421503626755762,-0.9197192589436973,1.2707485359296418,0.0496812982444057,1.109226118721606,-0.6095643306398584,-0.6095643306398584,-1.8512774629486408
187_188,26.0,64,male,-29.92857142857143,891,0.014590347923681257,0.03591470258136925,0.010101010101010102,0.006734006734006734,0.005611672278338945,0.002244668911335578,0.20987654320987653,0.1537598204264871,0.007856341189674524,0.1335578002244669,0.019079685746352413,0.09988776655443322,0.005611672278338945,0.20763187429854096,0.013468013468013467,0.050505050505050504,0.02356902356902357,-0.5431586154218895,0.33539178846941864,-0.8945565022597775,-1.2740461239646814,-1.441100208627848,-2.229557568992118,2.087930544544193,1.7777756162403533,-1.130945280324008,1.6374680705052924,-0.28364741993680465,1.3483903244145368,-1.441100208627848,2.077206581181217,-0.6201196565580176,0.671864025090632,-0.07779536573265577
188_189,46.0,64,male,-9.92857142857143,523,0.01338432122370937,0.02676864244741874,0.3575525812619503,0.0,0.009560229445506692,0.0,0.028680688336520075,0.18738049713193117,0.0038240917782026767,0.0019120458891013384,0.01338432122370937,0.05162523900573614,0.0,0.25239005736137665,0.009560229445506692,0.02676864244741874,0.017208413001912046,-0.046664608218672576,0.6125810206655915,3.1722112166495284,-2.754714809320882,-0.3568195365225115,-2.754714809320882,0.6792723951642641,2.5284889194171063,-1.1452768968867817,-1.6561025206527722,-0.046664608218672576,1.2526183759115885,-2.754714809320882,2.82501501666534,-0.3568195365225115,0.6125810206655915,0.18972416984555807
189_190,68.0,64,female,12.07142857142857,724,0.0055248618784530384,0.04281767955801105,0.03591160220994475,0.0027624309392265192,0.0055248618784530384,0.0,0.2058011049723757,0.4046961325966851,0.019337016574585635,0.026243093922651933,0.026243093922651933,0.04281767955801105,0.0055248618784530384,0.12016574585635359,0.029005524861878452,0.006906077348066298,0.020718232044198894,-1.2136830163780807,0.7322271326772323,0.5593843198378217,-1.8014696812802002,-1.2136830163780807,-3.4109075937143,2.289535979676386,2.964117226113796,-0.04361176372782616,0.252654052415346,0.252654052415346,0.7322271326772323,-1.2136830163780807,1.7538783802092137,0.3502925219792621,-1.01301232091593,0.02307961077084597
18_18,80.0,71,female,17.25,974,0.014373716632443531,0.011293634496919919,0.006160164271047228,0.10061601642710473,0.019507186858316223,0.013347022587268994,0.09137577002053388,0.13449691991786447,0.01026694045174538,0.009240246406570842,0.004106776180698152,0.3162217659137577,0.0,0.2135523613963039,0.013347022587268994,0.019507186858316223,0.022587268993839837,-0.36682674201953924,-0.5986283560768633,-1.1691732145444758,1.5490811567319756,-0.0705609258763662,-0.4382857060016838,1.453263233834742,1.8380314601717518,-0.6896001342825895,-0.7896835928395727,-1.5368979946697938,2.6907464518993747,-3.734122572006013,2.2989636497927886,-0.4382857060016838,-0.0705609258763662,0.07253991776430668
190_191,61.0,65,male,0.9166666666666643,1355,0.00959409594095941,0.014760147601476014,0.023616236162361623,0.0014760147601476014,0.0051660516605166054,0.037638376383763834,0.26420664206642064,0.23394833948339483,0.026568265682656828,0.05166051660516605,0.006642066420664207,0.2066420664206642,0.007380073800738007,0.07675276752767528,0.011808118081180811,0.007380073800738007,0.014760147601476014,-0.8406073760933577,-0.42287217539337885,0.037943027797950446,-2.5270063296635863,-1.4283940409954763,0.49828474613194906,2.438631598501934,2.317180756795005,0.1540151990507046,0.8123156482804816,-1.1920052629312465,2.19327666342501,-1.0919218043742633,1.2058900098671246,-0.6399366806312061,-1.0919218043742633,-0.42287217539337885
191_192,55.0,65,female,-5.083333333333336,1254,0.007177033492822967,0.011164274322169059,0.03668261562998405,0.005582137161084529,0.003987240829346092,0.005582137161084529,0.361244019138756,0.2751196172248804,0.01594896331738437,0.03987240829346093,0.006379585326953748,0.06379585326953748,0.0215311004784689,0.11084529505582137,0.014354066985645933,0.014354066985645933,0.006379585326953748,-1.0522384726086478,-0.6293816217886143,0.5359220413781673,-1.2886272506728784,-1.5987821789767174,-1.2886272506728784,2.813464998340048,2.5414623719925817,-0.283105385070781,0.6184430650661712,-1.1634641077188728,1.0847269132093746,0.010655733457382244,1.6345343300462774,-0.38575953913086414,-0.38575953913086414,-1.1634641077188728
192_193,58.0,77,female,1.142857142857146,1174,0.014480408858603067,0.020442930153321975,0.05110732538330494,0.011073253833049404,0.008517887563884156,0.0017035775127768314,0.3023850085178876,0.3228279386712095,0.009369676320272573,0.06473594548551959,0.009369676320272573,0.013628620102214651,0.004258943781942078,0.12350936967632027,0.017035775127768313,0.011073253833049404,0.014480408858603067,-0.3755542783601533,-0.03908204173893992,0.8648882057471745,-0.6350654738452373,-0.8863799021261438,-2.321464427415466,2.6357700899536742,2.7010994375460635,-0.7954081239204167,1.099535581542869,-0.7954081239204167,-0.4343947783830866,-1.5330070670511957,1.742420927321926,-0.21733027314525843,-0.6350654738452373,-0.3755542783601533
193_194,63.0,77,female,6.142857142857146,332,0.012048192771084338,0.015060240963855422,0.015060240963855422,0.0,0.0,0.006024096385542169,0.10240963855421686,0.4036144578313253,0.05421686746987952,0.009036144578313253,0.015060240963855422,0.29819277108433734,0.0030120481927710845,0.02710843373493976,0.012048192771084338,0.015060240963855422,0.012048192771084338,-0.3036398211398943,-0.10296912567774275,-0.10296912567774275,-2.5008643984761134,-2.5008643984761134,-0.8914264860420138,1.7332421061211458,3.0938469811257256,1.1100535141681105,-0.5549542494208008,-0.10296912567774275,2.792440426248379,-1.4022521098080043,0.44357458069032685,-0.3036398211398943,-0.10296912567774275,-0.3036398211398943
194_195,46.0,77,female,-10.857142857142854,1323,0.013605442176870748,0.015873015873015872,0.03325774754346183,0.0015117157974300832,0.0045351473922902496,0.0030234315948601664,0.40060468631897206,0.31141345427059713,0.016628873771730914,0.08994708994708994,0.0030234315948601664,0.030990173847316706,0.0,0.037037037037037035,0.013605442176870748,0.018140589569160998,0.006802721088435374,-0.08650591306995103,0.063776289979387,0.7912125440179647,-2.0879859132800753,-1.1324744682526386,-1.5001992483779558,3.269543312899808,3.017959560620506,0.10923866405614469,1.7790397262173352,-1.5001992483779558,0.7214167820824224,-3.697423825714175,0.8976960244204144,-0.08650591306995103,0.19439647239645153,-0.7529848465477347
196_197,72.0,77,male,15.142857142857146,893,0.011198208286674132,0.013437849944008958,0.07502799552071669,0.005599104143337066,0.04927211646136618,0.0033594624860022394,0.1444568868980963,0.3650615901455767,0.01791713325867861,0.011198208286674132,0.006718924972004479,0.08734602463605823,0.0033594624860022394,0.17581187010078386,0.007838745800671893,0.0022396416573348264,0.020156774916013438,-0.5924560328444048,-0.4181026456996273,1.2682963078706013,-1.2390831977694576,0.8516578991643118,-1.6910683215125148,1.9198495911317097,2.844598658708603,-0.14047090910134763,-0.5924560328444048,-1.0720291131062911,1.4192673347804803,-1.6910683215125148,2.115594168257805,-0.9289282694656178,-2.027540558133728,-0.02606055792360351
197_198,60.0,77,male,3.142857142857146,1244,0.03054662379421222,0.017684887459807074,0.07154340836012862,0.002411575562700965,0.0040192926045016075,0.00964630225080386,0.11816720257234727,0.18890675241157556,0.03456591639871383,0.0747588424437299,0.0040192926045016075,0.1977491961414791,0.00964630225080386,0.21141479099678456,0.00964630225080386,0.008842443729903537,0.006430868167202572,0.24313193037390501,-0.29401100170945904,1.0867123143609763,-2.154763342424465,-1.702778218681408,-0.8817976666115777,1.586301864860041,2.054184602536639,0.36523462717480504,1.1304351253748077,-1.702778218681408,2.0998356825629116,-0.8817976666115777,2.1665270570615833,-0.8817976666115777,-0.965179275550629,-1.2674601474235625
198_199,27.0,77,female,-29.857142857142854,1835,0.027247956403269755,0.03596730245231607,0.14059945504087193,0.0016348773841961854,0.0027247956403269754,0.008174386920980926,0.2735694822888283,0.21634877384196186,0.016893732970027248,0.0991825613079019,0.006539509536784741,0.026158038147138966,0.006539509536784741,0.0893732970027248,0.009264305177111716,0.02125340599455041,0.018528610354223433,0.1367178722182789,0.4119464835987734,1.7696402298854488,-2.532492495567667,-2.0805073718246097,-1.044415440137834,2.4343401758701955,2.1999394700313513,-0.33526791823144775,1.4214947089595111,-1.2595268197547793,0.0963083338804025,-1.2595268197547793,1.3176551061423916,-0.9230545831335664,-0.10895479215595882,-0.2442961400257211
199_200,63.0,77,female,6.142857142857146,1327,0.015825169555388093,0.019593067068575734,0.04747550866616428,0.0037678975131876413,0.0,0.16880180859080632,0.05576488319517709,0.26752072343632255,0.045968349660889224,0.019593067068575734,0.012057272042200452,0.22230595327807084,0.01808590806330068,0.045968349660889224,0.01281085154483798,0.03918613413715147,0.0052750565184626974,-0.4113515976019029,-0.20225979974334374,0.6716353731631259,-1.774656440497095,-4.172551713295466,1.9344711744467888,0.8313945926499935,2.3941207165077754,0.6396326420769518,-0.20225979974334374,-0.676044151828985,2.209264304110633,-0.2807314151848388,0.6396326420769518,-0.6172036518060517,0.4814086368620578,-1.4645015121932552
19_19,74.0,71,female,11.25,1312,0.011432926829268292,0.028201219512195123,0.07164634146341463,0.08689024390243902,0.01753048780487805,0.014481707317073171,0.11204268292682927,0.32926829268292684,0.024390243902439025,0.007621951219512195,0.012195121951219513,0.1722560975609756,0.0022865853658536584,0.057926829268292686,0.019054878048780487,0.01676829268292683,0.01600609756097561,-0.9011718632178702,-0.0176709541667055,0.9065879473566265,1.0985629358512234,-0.4850114659929572,-0.6715974215733693,1.3518162886368037,2.4275704392288633,-0.16077179780737882,-1.290636629979593,-0.8386515062365358,1.7807330577800178,-2.389248918647703,0.6952788536894192,-0.40333343497869034,-0.528496577932696,-0.5739589520094537
1_1,65.0,64,female,9.07142857142857,1164,0.006013745704467354,0.006872852233676976,0.1211340206185567,0.011168384879725086,0.00859106529209622,0.019759450171821305,0.19072164948453607,0.18470790378006874,0.005154639175257732,0.024054982817869417,0.003436426116838488,0.21649484536082475,0.0,0.15463917525773196,0.01288659793814433,0.024054982817869417,0.010309278350515464,-1.1246542464235505,-0.999491103469544,1.8127424501174776,-0.536867581521431,-0.7881820098023375,0.017443154184298315,2.26536983464048,2.2334036425779877,-1.2677550900642238,0.21034682030879015,-1.635479870189541,2.3918539817495996,-3.83270444752576,2.056173510807121,-0.39871724304061384,0.21034682030879015,-0.6138286226575591
200_201,53.0,77,male,-3.857142857142854,1105,0.015384615384615385,0.01085972850678733,0.07058823529411765,0.0027149321266968325,0.0,0.0027149321266968325,0.27239819004524884,0.37918552036199094,0.03619909502262444,0.058823529411764705,0.005429864253393665,0.019909502262443438,0.0018099547511312218,0.0832579185520362,0.011764705882352941,0.013574660633484163,0.015384615384615385,-0.06892500248750899,-0.40539723910872194,1.4319727413713856,-1.6783629149216095,-3.624273063976922,-1.6783629149216095,2.777644132750263,3.107937642490284,0.7701760906955166,1.2509242592242291,-1.0593237065153858,0.18238942579339756,-2.0148351515428216,1.5960827611014023,-0.32843619797259294,-0.1902858594917758,-0.06892500248750899
201_202,39.0,77,male,-17.857142857142854,869,0.02531645569620253,0.03452243958573072,0.06789413118527042,0.006904487917146145,0.009205983889528193,0.006904487917146145,0.22669735327963175,0.36018411967779057,0.02761795166858458,0.06444188722669736,0.00805523590333717,0.08745684695051784,0.0,0.04372842347525892,0.011507479861910242,0.011507479861910242,0.00805523590333717,0.12559184569450554,0.42980322009749683,1.098052849035715,-1.1161212866142778,-0.8478573000195979,-1.1161212866142778,2.2978151208253075,2.7598758965571064,0.21074965403481238,1.0463171746365263,-0.9730204429736045,1.3493672773166212,-3.681070644075814,0.6627347777778696,-0.6365482063523915,-0.6365482063523915,-0.9730204429736045
202_203,49.0,77,female,-7.857142857142854,1587,0.02205419029615627,0.03465658475110271,0.06994328922495274,0.00630119722747322,0.000630119722747322,0.052930056710775046,0.18777567737870196,0.3673597983616887,0.037177063642092,0.06553245116572148,0.010081915563957152,0.07687460617517328,0.003780718336483932,0.04221802142407057,0.00945179584120983,0.007561436672967864,0.005671077504725898,-0.048689164036027854,0.39816116023499104,1.0958027303827755,-1.2668466033539203,-3.2127567524092338,0.8185296738457302,2.080548072315259,2.7508225912092126,0.4677544520341863,1.0309652108874676,-0.8148614796108631,1.1898891694673837,-1.7464196836158066,0.5939057373610863,-0.8773818365921975,-1.0924932162091427,-1.3669300619109026
203_204,59.0,77,male,2.142857142857146,1236,0.013754045307443365,0.019417475728155338,0.16990291262135923,0.003236245954692557,0.0016181229773462784,0.0040453074433656954,0.18284789644012944,0.34061488673139156,0.020226537216828478,0.07362459546925566,0.015372168284789644,0.07281553398058252,0.0,0.054207119741100325,0.012135922330097087,0.010517799352750809,0.0056634304207119745,-0.2619306180592522,0.07454161856196073,2.225354154133716,-1.6200541022124462,-2.2078407671145657,-1.4193834067502955,2.298613445934368,2.9196882784531897,0.11454695317566,1.3922074732927552,-0.15371703341901988,1.38121835171716,-3.817278679548666,1.0879960988897635,-0.3832914750635199,-0.521441813544337,-1.1092284784464557
204_205,60.0,77,male,3.142857142857146,1547,0.010342598577892695,0.008403361344537815,0.02262443438914027,0.0019392372333548805,0.001292824822236587,0.003232062055591467,0.30510665804783454,0.4796380090497738,0.014221073044602456,0.031027795733678087,0.007110536522301228,0.04201680672268908,0.0006464124111182935,0.05429864253393665,0.010342598577892695,0.004524886877828055,0.003232062055591467,-0.1732366540566197,-0.37390734951877125,0.5929356615182155,-1.723834066467787,-2.060306303089,-1.2718489427247297,3.1814407119706427,3.6334258357137,0.13691827424722014,0.9049667629802829,-0.5342499995939498,1.2054531076780517,-2.5711319268549904,1.4601544993999735,-0.1732366540566197,-0.9616940144208899,-1.2718489427247297
206_207,63.0,69,female,4.75,1676,0.007756563245823389,0.03281622911694511,0.03758949880668258,0.020883054892601432,0.017303102625298328,0.03699284009546539,0.17124105011933174,0.24045346062052506,0.06145584725536993,0.0513126491646778,0.003579952267303103,0.10083532219570406,0.017899761336515514,0.13484486873508353,0.03341288782816229,0.021479713603818614,0.010143198090692125,-1.4537337272135251,-0.04004039190551989,0.09461649324073695,-0.4868907161765388,-0.6720331493121345,0.07874314408444683,1.6047994475794962,1.9437530750520946,0.583148200047515,0.4037210012799246,-2.184621235756317,1.0764295141625961,-0.6386967290445429,1.3663215322651796,-0.02218277450551387,-0.4591111520694633,-1.1942225317284403
207_208,39.0,69,male,-19.25,1337,0.01795063575168287,0.02243829468960359,0.01795063575168287,0.020942408376963352,0.02468212415856395,0.028421839940164548,0.0912490650710546,0.15482423335826478,0.02916978309648467,0.0381451009723261,0.01795063575168287,0.3777112939416604,0.01720269259536275,0.087509349289454,0.014958863126402393,0.01720269259536275,0.02169035153328347,-0.624725765786506,-0.4056721997238215,-0.624725765786506,-0.4734947960625826,-0.3118534445061667,-0.17274064204344874,0.9847121466475941,1.5117324563335655,-0.14709821143011137,0.11818292433250299,-0.624725765786506,2.4021491551233387,-0.6663984621870744,0.9430394502470265,-0.8029739971928249,-0.6663984621870744,-0.43900861999141316
208_209,72.0,69,female,13.75,1250,0.0256,0.0344,0.0304,0.0616,0.0176,0.0136,0.1112,0.2416,0.0368,0.0424,0.0144,0.1664,0.0048,0.144,0.0184,0.0136,0.0232,-0.3086874126568855,-0.017166563897939024,-0.1392692606988386,0.560350434366724,-0.6764121927822031,-0.9277266210631088,1.1481370992688427,1.9221537754783187,0.049524810600733105,0.1897541519093835,-0.8721567699082979,1.5500115392462788,-1.9181253250909855,1.4058032757803582,-0.6329270808424643,-0.9277266210631088,-0.40553723864680347
209_210,93.0,69,male,34.75,1162,0.006024096385542169,0.012908777969018933,0.010327022375215147,0.050774526678141134,0.02323580034423408,0.0189328743545611,0.10499139414802065,0.0981067125645439,0.00774526678141136,0.035283993115318414,0.0017211703958691911,0.1919104991394148,0.012048192771084338,0.3640275387263339,0.018072289156626505,0.029259896729776247,0.014629948364888123,-1.3874756761388678,-0.6615386727559311,-0.8766500523728773,0.6835976158704513,-0.08819269200860669,-0.28886338747075824,1.405732333303649,1.3381961263131616,-1.1510868980746372,0.32331473055551996,-2.486087964806978,2.007032717372491,-0.7282300472546037,2.6461748174109765,-0.3343257615475155,0.13858062735618182,-0.5401778157516643
210_211,46.0,70,male,-14.666666666666664,1703,0.012331180270111567,0.005871990604815032,0.08103347034644745,0.029359953024075163,0.012918379330593071,0.015267175572519083,0.2196124486200822,0.2178508514386377,0.017615971814445096,0.037580739870816206,0.004697592483852026,0.1996476805637111,0.0035231943628890195,0.09864944216089254,0.02759835584263065,0.009982384028185555,0.0064591896652965355,-0.7098859656933025,-1.426563643663442,1.1529314248004736,0.14403443545439476,-0.6644235916165449,-0.500794167834743,2.1476529021303543,2.1396099633308943,-0.360212217213554,0.388726322974807,-1.6378727373306483,2.052476224762647,-1.9061367239253282,1.3489968489654967,0.08279081021367585,-0.9157380198974514,-1.3355918654577157
211_212,53.0,69,female,-5.25,1235,0.004048582995951417,0.021052631578947368,0.06396761133603239,0.029959514170040485,0.004048582995951417,0.0024291497975708503,0.08825910931174089,0.4121457489878543,0.04291497975708502,0.025101214574898785,0.015384615384615385,0.05263157894736842,0.021052631578947368,0.15951417004048582,0.022672064777327937,0.008097165991902834,0.026720647773279354,-1.7791753284125922,-0.20677868765884044,0.8918336010092691,0.14041751232534816,-1.7791753284125922,-2.2311604521556494,1.2120011286055385,2.7495064320117626,0.4957582332509438,-0.033935874819429834,-0.5135089550813157,0.6981267219901892,-0.20677868765884044,1.8018151636901596,-0.13401933337641214,-1.1325481634875394,0.02762201818000376
212_213,93.0,69,female,34.75,1162,0.018072289156626505,0.02495697074010327,0.043029259896729774,0.029259896729776247,0.013769363166953529,0.01549053356282272,0.1746987951807229,0.21084337349397592,0.029259896729776247,0.019793459552495698,0.008605851979345954,0.1514629948364888,0.014629948364888123,0.19535283993115318,0.022375215146299483,0.0051635111876075735,0.02323580034423408,-0.5455123493673883,-0.22917502115523147,0.30840805178030894,-0.07260596046369105,-0.8102049035944705,-0.6957945524167264,1.7021007203816443,1.8897316627335699,-0.07260596046369105,-0.45656486335089186,-1.2621900273375277,1.559755591872346,-0.7513644035715372,1.8135849538899997,-0.33642055150882877,-1.741763107599414,-0.29937927982847956
213_214,86.0,69,male,27.75,1502,0.003328894806924101,0.013981358189081226,0.0426098535286285,0.02596537949400799,0.009320905459387484,0.011984021304926764,0.11984021304926765,0.1617842876165113,0.009320905459387484,0.02862849533954727,0.003328894806924101,0.11451398135818908,0.006657789613848202,0.40346205059920104,0.020639147802929428,0.012649800266311585,0.011984021304926764,-1.8421837707116562,-0.4788789278164649,0.6197333608516451,0.1293688089569942,-0.8727832135235531,-0.6291611308658029,1.6487989148228537,1.9481850795725628,-0.8727832135235531,0.22582907514455686,-1.8421837707116562,1.603465373521333,-1.1955566057866043,2.860772865434023,-0.09694431711849427,-0.5765173973803805,-0.6291611308658029
214_215,69.0,69,female,10.75,1314,0.01598173515981735,0.030441400304414,0.06621004566210045,0.02359208523592085,0.0060882800608828,0.0167427701674277,0.21537290715372906,0.2465753424657534,0.04337899543378995,0.0380517503805175,0.015220700152207,0.11035007610350075,0.0091324200913242,0.091324200913242,0.04794520547945205,0.0106544901065449,0.01293759512937595,-0.7174286807954418,-0.08417964181656545,0.6861571774345094,-0.33549407009747156,-1.6454154524327884,-0.671966306718685,1.8617305072387476,1.9968039202150856,0.2663033318742456,0.1364917203522551,-0.7650567297846966,1.1946944706824882,-1.2597529716208036,1.0061681370016506,0.3655582899695866,-1.1113329665025309,-0.9232807349995906
215_216,60.0,70,female,-0.6666666666666643,2047,0.025891548607718612,0.029311187103077674,0.04201270151441133,0.013678553981436248,0.01172447484123107,0.03321934538348803,0.1968734733756717,0.20224719101123595,0.03957010258915486,0.07669760625305325,0.008304836345872008,0.13043478260869565,0.008304836345872008,0.13825109916951636,0.02149487054225696,0.008793356130923302,0.013190034196384953,-0.24345585792508162,-0.12049414679024695,0.237006902110791,-0.873233424552438,-1.0244643942763614,0.003696233441136787,1.7770389758829608,1.803935462748307,0.1774655084197745,0.8362879464386452,-1.3609366308975743,1.3659820545090184,-1.3609366308975743,1.424074611340764,-0.4276483226548482,-1.3053667797427635,-0.9089515071545171
217_218,73.0,70,female,12.333333333333336,1479,0.018255578093306288,0.02434077079107505,0.10006761325219743,0.04732927653820149,0.020960108181203516,0.027045300878972278,0.0872210953346856,0.2319134550371873,0.021636240703177823,0.02028397565922921,0.009465855307640297,0.11223799864773495,0.0074374577417173765,0.20148749154834347,0.02231237322515213,0.03110209601081812,0.016903313049357674,-0.6529173688365733,-0.36979111292065303,1.0334815847336554,0.288509336309124,-0.5171158276775119,-0.26580139939660574,0.8965775076304934,1.8720837381533049,-0.4858632841734072,-0.5493766898957331,-1.2929547240825703,1.1478919359113995,-1.5247563381398943,1.7316665593235576,-0.45555793467807826,-0.1276510609157886,-0.7284249213447187
219_220,67.0,70,male,6.333333333333336,1813,0.024820739106453393,0.020959735245449532,0.09321566464423607,0.028681742967457253,0.024269167126309985,0.010479867622724766,0.2151130722559294,0.24986210700496414,0.015995587424158852,0.02206287920573635,0.009376723662437948,0.15609487038058467,0.006067291781577496,0.07115278543849972,0.03088803088803089,0.014892443463872035,0.006067291781577496,-0.1884212266021552,-0.3554753112653217,1.1267193742614445,-0.04532038296148233,-0.21064436338686576,-1.035719086989359,1.9612944167206805,2.1108617169961312,-0.6217432892132857,-0.3048315784465667,-1.1439326716295914,1.6410785706087467,-1.5637865171898557,0.8575473285805324,0.02810708559333497,-0.6919475478865342,-1.5637865171898557
220_221,66.0,70,female,5.333333333333336,924,0.016233766233766232,0.02922077922077922,0.09415584415584416,0.06168831168831169,0.023809523809523808,0.010822510822510822,0.15800865800865802,0.29329004329004327,0.015151515151515152,0.03463203463203463,0.024891774891774892,0.050865800865800864,0.010822510822510822,0.12121212121212122,0.022727272727272728,0.004329004329004329,0.02813852813852814,-0.7139276418767113,-0.1405816611293873,1.016871127561656,0.5970172820013921,-0.3412523565915384,-1.103392408638435,1.5322577626552094,2.1491944735720776,-0.7806190163753839,0.02647242353377921,-0.29776724465179916,0.40596204523868273,-1.103392408638435,1.268185555842562,-0.38671473066829565,-1.9506902690256385,-0.17762293280973607
221_222,84.0,70,male,23.333333333333336,1669,0.01378070701018574,0.01078490113840623,0.06051527860994608,0.046734571599760334,0.033553025763930495,0.02037147992810066,0.07968843618933494,0.18514080287597365,0.02156980227681246,0.008987417615338526,0.023367285799880167,0.07369682444577591,0.01078490113840623,0.35769922109047336,0.028759736369083282,0.013181545835829839,0.011384062312762133,-0.8058760970711498,-1.0451057861369843,0.6571822802605785,0.40022210656709944,0.07136411993113168,-0.42191719418394946,0.931224959619041,1.7720815739033873,-0.36556425763281775,-1.2220364942960629,-0.2865758463141872,0.8533646378467683,-1.0451057861369843,2.4298777655844024,-0.08131272027782588,-0.8493612090108886,-0.992462052651562
222_223,48.0,70,female,-12.666666666666664,1995,0.019548872180451128,0.016541353383458645,0.08721804511278196,0.02606516290726817,0.006516290726817042,0.008521303258145364,0.256140350877193,0.24310776942355888,0.03258145363408521,0.07067669172932331,0.009022556390977444,0.0406015037593985,0.005513784461152882,0.12581453634085213,0.031578947368421054,0.009523809523809525,0.011027568922305764,-0.3740219621587113,-0.5387771952347666,1.1116021075766946,-0.08950946446820929,-1.4476329486214032,-1.1881217531363193,2.1870249513258937,2.134856653665592,0.13172750857541882,0.9019770830175049,-1.1325519019815085,0.3502803861810295,-1.6079755986965827,1.4771203554740064,0.10071727183285883,-1.079908168496086,-0.9368073248554127
223_224,71.0,68,male,15.230769230769234,1336,0.009730538922155689,0.008233532934131737,0.027694610778443114,0.033682634730538924,0.0187125748502994,0.004491017964071856,0.17664670658682635,0.2619760479041916,0.06287425149700598,0.006736526946107785,0.009730538922155689,0.19910179640718562,0.0037425149700598802,0.13622754491017963,0.015718562874251496,0.010479041916167664,0.014221556886227544,-0.8927868498868032,-1.0531294999619827,0.12886439764517776,0.3222357906257174,-0.2567980831668071,-1.623674358429596,1.9704716726008005,2.3638841711434573,0.9412749990319407,-1.244184736724692,-0.8927868498868032,2.089897708274712,-1.7907284430927617,1.7112736376913589,-0.4274236001975704,-0.8213278859046587,-0.5250620697614861
224_225,85.0,68,male,29.230769230769234,1350,0.005185185185185185,0.008888888888888889,0.08074074074074074,0.02,0.014814814814814815,0.005925925925925926,0.26666666666666666,0.3118518518518518,0.02666666666666667,0.013333333333333334,0.012592592592592593,0.11851851851851852,0.013333333333333334,0.06,0.02666666666666667,0.003703703703703704,0.011111111111111112,-1.4827085646249452,-0.9718829408589547,1.1983129640893453,-0.1834255804946845,-0.4771866990228477,-1.3575454216709395,2.389880371557794,2.5462081922747,0.09970067542123573,-0.5798408530829309,-0.6354107042377417,1.5806823574028606,-0.5798408530829309,0.9029914350796071,0.09970067542123573,-1.792863492928785,-0.7567715612420094
225_226,32.0,68,male,-23.769230769230766,1088,0.011029411764705883,0.05330882352941176,0.07352941176470588,0.006433823529411764,0.001838235294117647,0.0009191176470588235,0.24816176470588236,0.25183823529411764,0.025735294117647058,0.10661764705882353,0.022058823529411766,0.09650735294117647,0.009191176470588236,0.03768382352941176,0.02297794117647059,0.017463235294117647,0.014705882352941176,-0.8030711331340497,0.7402269767955052,1.059457406982212,-1.313896756900041,-2.41250904556815,-2.9233346693341407,2.271472320844231,2.28615148350728,0.021104309832299606,1.42909149556345,-0.1301266598916242,1.3299111754738155,-0.9774245202788281,0.39689364979434716,-0.09012132527792494,-0.35838531187260436,-0.5254393965357709
226_227,77.0,68,female,21.230769230769234,1203,0.2942643391521197,0.032418952618453865,0.43474646716541976,0.0016625103906899418,0.0016625103906899418,0.0024937655860349127,0.0914380714879468,0.05236907730673317,0.007481296758104738,0.0008312551953449709,0.0008312551953449709,0.02660016625103907,0.0,0.03574397339983375,0.014131338320864505,0.0033250207813798837,0.0,3.456287589141066,1.2618799150759599,3.846116273479475,-1.4981300249569616,-1.4981300249569616,-1.1616577883357486,2.2905947641266913,1.7366191490675296,-0.16312895822462092,-2.008955648722952,-2.008955648722952,1.0668193325045756,-3.107567937391062,1.358340181263522,0.4477801240983519,-0.9103433600548421,-3.107567937391062
229_230,27.0,68,male,-28.769230769230766,851,0.01527614571092832,0.011750881316098707,0.055229142185663924,0.0023501762632197414,0.012925969447708578,0.005875440658049354,0.17156286721504113,0.19153936545240893,0.01880141010575793,0.24206815511163338,0.0282021151586369,0.08225616921269095,0.007050528789659225,0.08930669800235018,0.024676850763807285,0.0199764982373678,0.021151586368977675,-0.6094916685840066,-0.8608060968649132,0.648548357012205,-2.2958906221542352,-0.7698343186591861,-1.507433261789965,1.7748440744287315,1.8846316363089173,-0.4088209731218555,2.118119058372697,-0.013508236477709268,1.0434313557898323,-1.3403791771267994,1.1251093868040996,-0.14412841889477335,-0.3499804730989222,-0.2944106219441114
230_231,60.0,68,female,4.2307692307692335,850,0.00823529411764706,0.011764705882352941,0.09647058823529411,0.002352941176470588,0.001176470588235294,0.02588235294117647,0.24352941176470588,0.32,0.03058823529411765,0.012941176470588235,0.01647058823529412,0.12,0.001176470588235294,0.05764705882352941,0.027058823529411764,0.002352941176470588,0.02235294117647059,-0.8399066433786926,-0.5034344067574796,1.5579886294196776,-1.9385189320468026,-2.449344555812793,0.258705645289417,2.4803216757497957,2.7528289501823413,0.4223350690712193,-0.4124626285517534,-0.1806610144944285,1.7750531346575054,-2.449344555812793,1.0471630056536871,0.3021907572291558,-1.9385189320468026,0.11560480164874365
231_232,40.0,68,female,-15.769230769230766,650,0.009230769230769232,0.04153846153846154,0.06769230769230769,0.004615384615384616,0.003076923076923077,0.006153846153846154,0.22923076923076924,0.2753846153846154,0.027692307692307693,0.036923076923076927,0.023076923076923078,0.14,0.004615384615384616,0.06,0.024615384615384615,0.033846153846153845,0.012307692307692308,-1.0230042000694932,0.4193796277014412,0.9006828122011101,-1.642043408475717,-1.97851564509693,-1.3907289801948104,2.1124900158596565,2.295368830957249,0.02296435511319439,0.3038667405795965,-0.15396635304588369,1.621532595310391,-1.642043408475717,0.7814942949359915,-0.09144599606454973,0.21870893223928967,-0.7547402134748142
232_233,24.0,68,male,-31.769230769230766,1372,0.021137026239067054,0.043731778425655975,0.027696793002915453,0.016763848396501458,0.02040816326530612,0.002186588921282799,0.16472303206997085,0.25072886297376096,0.029154518950437316,0.15379008746355685,0.01967930029154519,0.04227405247813411,0.00510204081632653,0.14504373177842567,0.018950437317784258,0.00510204081632653,0.033527696793002916,-0.3240306446825967,0.39422245700842495,-0.05776266673463226,-0.5514204868782575,-0.3585168207537661,-2.4556579395330034,1.7143240368947177,2.1336731824253423,-0.007118933915877257,1.6458040904579618,-0.3942349033558452,0.3606058462094399,-1.6935178874861063,1.5873933283015473,-0.4312761750361944,-1.6935178874861063,0.13103140456493945
233_234,67.0,68,female,11.230769230769234,1155,0.004329004329004329,0.01904761904761905,0.15411255411255412,0.023376623376623377,0.012121212121212121,0.007792207792207792,0.15930735930735931,0.3255411255411255,0.01471861471861472,0.03463203463203463,0.01471861471861472,0.05974025974025974,0.004329004329004329,0.10303030303030303,0.03463203463203463,0.01471861471861472,0.013852813852813853,-1.7607227403612944,-0.351955523389345,1.7191177686199743,-0.1512848279271939,-0.7913221831731905,-1.214179033993224,1.7521786308808625,2.465447214640229,-0.6032699516702511,0.23583114151277407,-0.6032699516702511,0.7758559199710269,-1.7607227403612944,1.317845538771846,0.23583114151277407,-0.6032699516702511,-0.6621104516931844
236_237,51.0,68,male,-4.7692307692307665,1241,0.009669621273166801,0.052377115229653506,0.0443190975020145,0.032232070910556,0.009669621273166801,0.0024174053182917004,0.23529411764705882,0.30781627719580984,0.018533440773569703,0.09186140209508462,0.016116035455278,0.0821917808219178,0.0016116035455278,0.05962933118452861,0.018533440773569703,0.0024174053182917004,0.015310233682514102,-0.8851113178034238,0.7712101805295268,0.6055430586407091,0.2904620120008139,-0.8851113178034238,-2.1580769936163113,2.2676247045602316,2.535888691154911,-0.25383954096156636,1.3297348608826147,-0.39041507596731684,1.2190228364667832,-2.4945492302375243,0.899959163273834,-0.25383954096156636,-2.1580769936163113,-0.4404254965419785
237_238,25.0,69,male,-33.25,835,0.017964071856287425,0.022754491017964073,0.07784431137724551,0.005988023952095809,0.0,0.004790419161676647,0.24311377245508983,0.11017964071856287,0.05269461077844311,0.08622754491017964,0.016766467065868262,0.07425149700598803,0.027544910179640718,0.14850299401197606,0.02155688622754491,0.06706586826347305,0.022754491017964073,-0.49704118313684864,-0.2674667414923486,0.9441689355791567,-1.5331331148236242,-3.931028387621995,-1.7338038102857758,2.0777847978206,1.28932743745633,0.5576079821101447,1.0457053547985793,-0.5637325576355212,0.8972853496803062,-0.08088078591193648,1.5864245088427127,-0.32011047497777056,0.7963594310903455,-0.2674667414923486
238_239,39.0,69,female,-19.25,1082,0.0073937153419593345,0.022181146025878003,0.07948243992606285,0.005545286506469501,0.0046210720887245845,0.0027726432532347504,0.39648798521256934,0.13031423290203328,0.03234750462107209,0.0822550831792976,0.009242144177449169,0.0822550831792976,0.015711645101663587,0.06839186691312385,0.02865064695009242,0.018484288354898338,0.013863216266173753,-1.209154781065516,-0.15054782701110536,1.110923469376047,-1.477418767660195,-1.6444728523233616,-2.096457976066419,2.713400796862523,1.6030787725215054,0.2203117519195832,1.145017680719023,-0.9978456873983088,1.145017680719023,-0.4870200636323183,0.9615781808237269,0.10076660126980075,-0.3287960584174243,-0.608380920636586
239_240,39.0,69,male,-19.25,923,0.0065005417118093175,0.009750812567713976,0.0552546045503792,0.013001083423618635,0.005417118093174431,0.018418201516793065,0.35752979414951247,0.180931744312026,0.01733477789815818,0.09967497291440953,0.013001083423618635,0.05308775731310943,0.01733477789815818,0.06500541711809317,0.04008667388949079,0.02925243770314193,0.018418201516793065,-1.4543122533948964,-1.0748226316899925,0.6154673773732027,-0.8003857859882326,-1.621366338058063,-0.4639135493670197,2.474492228995253,1.794868920968633,-0.522754049389953,1.2010942142218917,-0.8003857859882326,0.5758582392781566,-0.522754049389953,0.7765289347403077,0.29822650267987694,-0.011928425623962458,-0.4639135493670197
23_23,42.0,71,male,-20.75,994,0.04527162977867203,0.030181086519114688,0.03219315895372234,0.09758551307847083,0.01710261569416499,0.01006036217303823,0.12877263581488935,0.1619718309859155,0.022132796780684104,0.047283702213279676,0.0030181086519114686,0.20724346076458752,0.009054325955734407,0.13380281690140844,0.014084507042253521,0.02716297786720322,0.013078470824949699,0.30334363894876537,-0.09664200339477347,-0.03312859767244758,1.065483690995662,-0.6521678060786709,-1.1629934298446614,1.3415602173271353,1.570136455654572,-0.40085337779776475,0.3463610240324564,-2.2616057185127714,1.8159317253929483,-1.2630768884016446,1.3797327908321648,-0.8402200375816102,-0.20018268233561365,-0.9116790015637557
240_241,68.0,77,female,11.142857142857146,815,0.0036809815950920245,0.014723926380368098,0.04171779141104295,0.0,0.00245398773006135,0.001226993865030675,0.20122699386503068,0.2441717791411043,0.0392638036809816,0.11901840490797547,0.020858895705521473,0.18773006134969325,0.0049079754601227,0.09938650306748466,0.0036809815950920245,0.0049079754601227,0.011042944785276074,-1.407036496151461,-0.13407082033857343,0.8811598593904852,-3.3529466452067744,-1.743508732772674,-2.2543343565386644,2.4431111055585975,2.6360147716830893,0.8214406246888628,1.9200529133569724,0.20240141628263952,2.373901102380423,-1.1557220678705553,1.7408035555999883,-1.407036496151461,-1.1557220678705553,-0.40850766604033417
241_242,79.0,77,female,22.142857142857146,1313,0.016755521706016754,0.031226199543031227,0.10967250571210967,0.0015232292460015233,0.002284843869002285,0.04265041888804265,0.11271896420411272,0.30616907844630614,0.055597867479055596,0.008377760853008377,0.010662604722010662,0.15613099771515612,0.0015232292460015233,0.1188118811881188,0.007616146230007616,0.005331302361005331,0.012947448591012947,-0.23655031802863613,0.37562779999764206,1.6232138803134761,-2.4337748953648553,-2.0973026587436423,0.6841750109133846,1.6505193310037436,2.6476294696196074,0.9472197789797803,-0.9077185918698061,-0.6759169778124821,1.9753804066972787,-2.4337748953648553,1.7029903827411972,-0.9986903700755332,-1.3351626066967461,-0.4878647463095418
242_243,82.0,67,female,18.230769230769234,1056,0.02462121212121212,0.00946969696969697,0.019886363636363636,0.002840909090909091,0.002840909090909091,0.022727272727272728,0.3626893939393939,0.2803030303030303,0.019886363636363636,0.015151515151515152,0.005681818181818182,0.13541666666666666,0.000946969696969697,0.052083333333333336,0.027462121212121212,0.011363636363636364,0.006628787878787879,0.2713459445054678,-0.6544235313232312,0.06225414664690865,-1.7530358199913403,-1.7530358199913403,0.19287432906397273,2.9435408323206023,2.686248429951071,0.06225414664690865,-0.20243840758017395,-1.1339966115851174,1.9605362467129672,-2.6003336803785446,1.0105842322656802,0.3785914748590655,-0.4800701441784536,-0.9908957679444441
243_244,59.0,67,female,-4.7692307692307665,1290,0.024806201550387597,0.017054263565891473,0.07674418604651163,0.004651162790697674,0.008527131782945736,0.011627906976744186,0.12403100775193798,0.1325581395348837,0.021705426356589147,0.1930232558139535,0.03488372093023256,0.26124031007751936,0.011627906976744186,0.046511627906976744,0.010852713178294573,0.010852713178294573,0.009302325581395349,-0.14810871413146431,-0.5158334942567819,0.9708088406973907,-1.7575466265655653,-1.1870017680979519,-0.8885087795419553,1.4489451391029142,1.5152344631388384,-0.2794447161925513,1.890110111724417,0.18836352248974864,2.192216706845428,-0.8885087795419553,0.47329456156963934,-0.9552001540406279,-0.9552001540406279,-1.1036201591589005
244_245,79.0,67,female,15.230769230769234,1153,0.18386816999132696,0.013009540329575022,0.026019080659150044,0.0008673026886383347,0.005203816131830009,0.0745880312228968,0.09800520381613183,0.21769297484822203,0.028620988725065046,0.006071118820468344,0.009540329575021683,0.1448395490026019,0.0026019080659150044,0.15351257588898526,0.013009540329575022,0.015611448395490026,0.006938421509106678,2.0745681316447016,-0.5435338327945689,0.13335282689359618,-2.878908748611605,-1.412571679818178,1.1757705572180641,1.4474289802016878,2.2430691328200245,0.227171582111251,-1.2694708361775047,-0.8420268213505655,1.8366094945453515,-2.0316108882244017,1.8945967521957008,-0.5435338327945689,-0.3666031246354904,-1.144307693223499
245_246,58.0,67,female,-5.7692307692307665,1319,0.02880970432145565,0.02880970432145565,0.1281273692191054,0.000758150113722517,0.0,0.000758150113722517,0.332827899924185,0.33965125094768767,0.009855951478392721,0.04245640636846096,0.008339651250947688,0.029567854435178165,0.0,0.01288855193328279,0.027293404094010616,0.001516300227445034,0.008339651250947688,0.90806526466063,0.90806526466063,2.3902599501873962,-2.337127868524944,-3.435740157193054,-2.337127868524944,3.3430447404921226,3.363315704865742,-0.13990329118872502,1.2916476615192867,-0.30024594126390447,0.9337076952739674,-3.435740157193054,0.11960790429635981,0.8547192839553373,-1.8263022447589536,-0.30024594126390447
246_247,28.0,69,female,-30.25,1057,0.008514664143803218,0.01608325449385052,0.08703878902554399,0.023651844843897825,0.01229895931882687,0.002838221381267739,0.20245979186376536,0.20056764427625354,0.03595080416272469,0.11825922421948912,0.008514664143803218,0.08420056764427625,0.019867549668874173,0.12204351939451277,0.027436140018921477,0.015137180700094607,0.015137180700094607,-1.2553801673979734,-0.6444710850749997,1.0205366785139112,-0.26799351384008796,-0.9039822805600846,-2.2539089975091002,1.8616377723636033,1.852270022360003,0.14398627528927,1.3256337925673702,-1.2553801673979734,0.9875666592763412,-0.4386190308708513,1.3570089151351241,-0.12228170265869442,-0.703311585097933,-0.703311585097933
247_248,77.0,67,male,13.230769230769234,1261,0.004758128469468675,0.0031720856463124504,0.01823949246629659,0.0031720856463124504,0.0007930214115781126,0.011102299762093577,0.3584456780333069,0.31800158604282314,0.008723235527359239,0.022997620935765267,0.004758128469468675,0.10864393338620143,0.0015860428231562252,0.09754163362410785,0.012688342585249802,0.010309278350515464,0.01506740681998414,-1.0668876029955712,-1.4346123831208883,0.21831064125295097,-1.4346123831208883,-2.5332246717889984,-0.26454113047063377,3.1760979832428182,3.056517753489654,-0.4963427445279578,0.4457004834486118,-1.0668876029955712,1.9849341372094638,-2.022399048023007,1.8775513761708695,-0.13532939899062768,-0.33600009445277834,0.03172468567253883
248_249,69.0,67,male,5.2307692307692335,827,0.07013301088270858,0.006045949214026602,0.03385731559854897,0.007255139056831923,0.032648125755743655,0.0012091898428053204,0.10519951632406288,0.26844014510278114,0.012091898428053204,0.03506650544135429,0.016928657799274487,0.20435308343409916,0.0,0.14026602176541716,0.007255139056831923,0.053204353083434096,0.006045949214026602,1.1530709444779697,-1.2112077175214164,0.4339482775147636,-1.04415363285825,0.3982301949126841,-2.510490701651677,1.5556829836037274,2.488971291846454,-0.5645805525963636,0.46843445358593305,-0.2418071603333125,2.2168971170606637,-3.609102990319786,1.841935463245914,-1.04415363285825,0.8795333794123534,-1.2112077175214164
24_24,77.0,72,male,18.916666666666664,1175,0.01446808510638298,0.01872340425531915,0.01957446808510638,0.07574468085106383,0.03404255319148936,0.006808510638297872,0.12936170212765957,0.2297872340425532,0.02297872340425532,0.009361702127659575,0.01446808510638298,0.2153191489361702,0.006808510638297872,0.15319148936170213,0.030638297872340424,0.00425531914893617,0.01446808510638298,-0.6525000595141504,-0.4011856312332447,-0.3577005192935059,0.9795376848371906,0.18660103366887437,-1.3746347769473481,1.512463655603847,2.0855711578429172,-0.20051493577109358,-1.0723539050744146,-0.6525000595141504,2.0206628825876187,-1.3746347769473481,1.6810298373293164,0.08261132014482664,-1.8099528482051936,-0.6525000595141504
250_251,63.0,67,male,-0.7692307692307665,1113,0.012578616352201259,0.022461814914645103,0.03863432165318958,0.004492362982929021,0.0008984725965858042,0.0071877807726864335,0.28751123090745734,0.24618149146451032,0.008086253369272238,0.0664869721473495,0.0035938903863432167,0.030548068283917342,0.012578616352201259,0.1958670260557053,0.026954177897574125,0.0026954177897574125,0.03324348607367475,-0.46018039967297586,0.10434940306487572,0.6384318889951337,-1.4295809568610798,-2.7288639409913404,-0.9942628856032334,2.6355532272612203,2.480622211850081,-0.8830372504930093,1.1764700762860092,-1.6302516523232304,0.4066302749378097,-0.46018039967297586,2.2524569654361404,0.28339763451386135,-1.881566080604137,0.49001188387686057
251_252,35.0,67,male,-28.769230769230766,1401,0.019271948608137045,0.009992862241256246,0.06423982869379015,0.004996431120628123,0.0035688793718772305,0.022840827980014276,0.25624553890078516,0.17844396859386152,0.014989293361884369,0.03497501784439686,0.007137758743754461,0.1812990720913633,0.019271948608137045,0.1270521056388294,0.008565310492505354,0.02926481084939329,0.017844396859386154,-0.3300684442728361,-0.9701057995188331,0.8610954017605188,-1.6293514284030963,-1.9395063567069362,-0.16301435960967003,2.2404597282157397,1.879204471579558,-0.5762015138117449,0.25771822062928296,-1.2928791917818843,1.8950463870452159,-0.3300684442728361,1.540334152274332,-1.1185258046371058,0.08143897829129099,-0.40557599678098155
252_253,29.0,67,male,-34.76923076923077,1437,0.009742519137091163,0.009046624913013222,0.027139874739039668,0.0055671537926235215,0.0020876826722338203,0.0006958942240779402,0.38552540013917885,0.16562282533054976,0.008350730688935281,0.09603340292275574,0.0027835768963117608,0.081419624217119,0.009046624913013222,0.13430758524704245,0.022964509394572025,0.018789144050104383,0.020876826722338204,-0.6424636675925233,-0.7139226315746678,0.3596883548880241,-1.1765461535227808,-2.0638493485236835,-2.911147208910888,3.0014544897713695,2.157756993309344,-0.7908836727107968,1.6142580086083411,-1.8125349202427778,1.4498260165651615,-0.7139226315746678,1.9486651954507845,0.19493312181196876,-0.0024263123465266823,0.10111436659431394
255_256,54.0,67,female,-9.769230769230766,1572,0.013994910941475827,0.021628498727735368,0.035623409669211195,0.002544529262086514,0.003816793893129771,0.011450381679389313,0.3059796437659033,0.1825699745547074,0.06424936386768448,0.054707379134860054,0.008905852417302799,0.1475826972010178,0.009541984732824428,0.089058524173028,0.031806615776081425,0.004452926208651399,0.012086513994910942,-0.5698420490604317,-0.1423980342334925,0.35088327988158863,-2.179279961494532,-1.811555181369215,-0.7655866261865274,2.4935488729673736,1.9778655019665985,0.9367014402110354,0.7767870556670271,-1.0092087088442776,1.7655328667566044,-0.9425173343456059,1.2618501305029937,0.2386159780105075,-1.6684543377285417,-0.712942892701105
256_257,52.0,71,male,-10.75,1206,0.017412935323383085,0.01990049751243781,0.024875621890547265,0.087893864013267,0.013266998341625208,0.003316749585406302,0.15754560530679934,0.1691542288557214,0.03814262023217247,0.13018242122719734,0.012437810945273632,0.1011608623548922,0.003316749585406302,0.16500829187396351,0.02321724709784411,0.01990049751243781,0.013266998341625208,-0.5690008126773569,-0.43838063026029284,-0.2193270641976084,1.0310912373385057,-0.8336933669044391,-2.1329763510346997,1.6125984467557815,1.6835142276718822,0.20239856478233653,1.4223717104547133,-0.8962137238857735,1.1710572821738077,-2.1329763510346997,1.658760488518944,-0.2871496605363695,-0.43838063026029284,-0.8336933669044391
257_258,68.0,71,female,5.25,1458,0.008916323731138546,0.01440329218106996,0.043209876543209874,0.0541838134430727,0.030864197530864196,0.0013717421124828531,0.1748971193415638,0.3340192043895748,0.03566529492455418,0.029492455418381344,0.012345679012345678,0.11728395061728394,0.0006858710562414266,0.09122085048010974,0.03566529492455418,0.006172839506172839,0.009602194787379973,-0.9647105272621586,-0.49934727757292574,0.5836396931921035,0.8083568089537438,0.25031211325036207,-2.651109480832387,1.9758221969372167,2.6218900777313596,0.3934129568910354,0.20536072538809602,-0.6496294806222638,1.5771830538994522,-3.1619351045983786,1.326701265133762,0.3934129568910354,-1.3161084141000474,-0.893251563280014
258_259,68.0,71,male,5.25,1173,0.01875532821824382,0.00937766410912191,0.06820119352088662,0.05541346973572037,0.023870417732310314,0.0,0.0937766410912191,0.1577152600170503,0.023017902813299233,0.005115089514066497,0.005115089514066497,0.04603580562659847,0.004262574595055414,0.4373401534526854,0.0247229326513214,0.004262574595055414,0.023017902813299233,-0.06979707451750361,-0.7409653483586736,1.2049448006966395,0.9987377589133279,0.1665917035467266,-3.8764595642878232,1.5217031372299292,2.0397424983196117,0.1308736209446475,-1.311510206826287,-1.311510206826287,0.8148883179413202,-1.4785642914894526,3.0579376456407346,0.20107787961789603,-1.4785642914894526,0.1308736209446475
259_260,45.0,71,female,-17.75,1247,0.023255813953488372,0.024859663191659984,0.024057738572574178,0.07137129109863673,0.0032076984763432237,0.00801924619085806,0.2285485164394547,0.27586206896551724,0.042502004811547714,0.03608660785886127,0.00801924619085806,0.07137129109863673,0.022453889334402566,0.10104250200481155,0.024057738572574178,0.01764234161988773,0.01764234161988773,-0.296553469086021,-0.23095618660020767,-0.2632170488184289,0.8132948928490147,-2.1768663356555207,-1.3295684752683172,1.97329829666427,2.161150358021918,0.298737921470166,0.13676859352510995,-1.3295684752683172,0.8132948928490147,-0.33103964515719,1.15929857573578,-0.2632170488184289,-0.5674284232214202,-0.5674284232214202
25_25,64.0,59,male,-2.1666666666666714,1198,0.015859766277128547,0.037562604340567615,0.08180300500834725,0.004173622704507512,0.00333889816360601,0.00667779632721202,0.1994991652754591,0.25542570951585974,0.020868113522537562,0.02587646076794658,0.01001669449081803,0.17445742904841402,0.00667779632721202,0.0993322203672788,0.015025041736227046,0.028380634390651086,0.015025041736227046,-0.487811879676356,0.3594859807108475,1.1318302029319858,-1.7534782530076325,-1.9541489484697832,-1.318160181749786,2.0203270716049126,2.266991410130209,-0.21954789308167655,-0.008238799414470144,-0.9324977009378022,1.8864973941161352,-1.318160181749786,1.3250900261255079,-0.5404556131617784,0.08273297879125696,-0.5404556131617784
260_261,76.0,71,male,13.25,1612,0.013647642679900745,0.016749379652605458,0.04156327543424317,0.05272952853598015,0.04404466501240695,0.0012406947890818859,0.20037220843672457,0.24069478908188585,0.017369727047146403,0.031017369727047148,0.011786600496277916,0.03163771712158809,0.0012406947890818859,0.25930521091811415,0.024193548387096774,0.0,0.01240694789081886,-0.36626383485535374,-0.1655931393932022,0.7323484538127563,0.9687372318769865,0.789918305634234,-2.563488412191573,2.2994199698752276,2.482514025741974,-0.1298750567911231,0.4421941922155863,-0.5093646784960271,0.4618026636039625,-2.563488412191573,2.556897745863802,0.19652152784134813,-4.172926324625673,-0.4593542579213654
262_263,66.0,71,female,3.25,1352,0.005177514792899409,0.004437869822485207,0.03106508875739645,0.03920118343195266,0.021449704142011833,0.008136094674556213,0.34393491124260356,0.25443786982248523,0.022189349112426034,0.016272189349112426,0.0014792899408284023,0.10059171597633136,0.0007396449704142012,0.09171597633136094,0.036242603550295856,0.006656804733727811,0.016272189349112426,-1.2961700590982859,-1.4392709027389592,0.43843099628982074,0.6686085742614107,0.07331718370522378,-0.8687260442713458,2.8320390170765712,2.5310210108131628,0.10665360397281543,-0.19755777043017586,-2.394782347766395,1.6052515349844643,-2.9056079715323855,1.513232636264212,0.5908995899340943,-1.0597812810340552,-0.19755777043017586
263_264,77.0,72,male,18.916666666666664,1283,0.021823850350740453,0.014809041309431021,0.013250194855806703,0.07950116913484022,0.0646921278254092,0.003897116134060795,0.20966484801247076,0.27435697583788,0.019485580670303974,0.00857365549493375,0.003897116134060795,0.04988308651597818,0.006235385814497272,0.18160561184723303,0.034294621979735,0.000779423226812159,0.013250194855806703,-0.03906286516290214,-0.4185524868678061,-0.5267660715080384,1.2408958461409556,1.0358796794193026,-1.6842188601990817,2.2076014379115447,2.476083669814816,-0.15028850027312668,-0.9466199170683027,-1.6842188601990817,0.7776982713642195,-1.2489007889412362,2.0642151246714446,0.40652223673468724,-2.9835018443293424,-0.5267660715080384
264_265,59.0,72,male,0.9166666666666643,1223,0.006541291905151268,0.017988552739165987,0.05560098119378577,0.07113654946852004,0.024529844644317254,0.004905968928863451,0.011447260834014717,0.18070318887980377,0.07113654946852004,0.01553556827473426,0.08912510220768602,0.3205233033524121,0.0008176614881439084,0.08094848732624693,0.012264922322158627,0.004088307440719542,0.032706459525756335,-1.3057680305464454,-0.33231888483234195,0.780999551225463,1.0258045993208524,-0.028107510429350224,-1.5740320171411253,-0.7716855446161879,1.9545883954424739,1.0258045993208524,-0.4754197284730153,1.2500903552138394,2.526702343179747,-3.0403690859345525,1.1543234501218307,-0.7049941701175153,-1.741086101804291,0.2554677800697771
266_267,49.0,72,male,-9.083333333333336,1064,0.022556390977443608,0.011278195488721804,0.002819548872180451,0.05451127819548872,0.017857142857142856,0.0018796992481203006,0.24718045112781956,0.22274436090225563,0.021616541353383457,0.05357142857142857,0.007518796992481203,0.07894736842105263,0.0009398496240601503,0.21710526315789475,0.008458646616541353,0.004699248120300752,0.02631578947368421,0.08580784107662964,-0.5871366321657963,-1.8601023079786838,0.956161477763759,-0.14245081090435097,-2.1965745445998968,2.461188091507365,2.357302347000644,0.04413514467606161,0.9389196713292529,-0.9727991129777811,1.3238862578890762,-2.7074001683658873,2.331714597052237,-0.861573477867557,-1.4081171842356266,0.237038810800553
267_268,61.0,72,female,2.9166666666666643,1290,0.017054263565891473,0.05116279069767442,0.043410852713178294,0.08294573643410853,0.017829457364341085,0.023255813953488372,0.09922480620155039,0.2527131782945736,0.05116279069767442,0.01937984496124031,0.007751937984496124,0.18914728682170542,0.005426356589147287,0.09922480620155039,0.01627906976744186,0.008527131782945736,0.015503875968992248,-0.647053070074147,0.43663356837728706,0.27367225886787416,0.9169224682831962,-0.6035679581344082,-0.3428416956711553,1.095360525050753,2.0278615694319644,0.43663356837728706,-0.5218899271201409,-1.4091931221210432,1.7386469296304055,-1.745665358742257,1.095360525050753,-0.6925154441509038,-1.318221343915317,-0.7401434931401587
269_270,76.0,72,male,17.916666666666664,918,0.00980392156862745,0.0196078431372549,0.017429193899782137,0.19389978213507625,0.02178649237472767,0.002178649237472767,0.07516339869281045,0.2647058823529412,0.018518518518518517,0.0010893246187363835,0.013071895424836602,0.03376906318082789,0.0032679738562091504,0.28540305010893247,0.02287581699346405,0.002178649237472767,0.015250544662309368,-0.6637116938680769,0.0027672396097071505,-0.11164311156803741,2.2695851087451215,0.10542139366979031,-1.9987127606004167,1.3263232600961743,2.5801134500480725,-0.052802611545103684,-2.509538384366408,-0.3892748481663162,0.5349840533570154,-1.6622405239792037,2.6552475895571064,0.1530494426590452,-1.9987127606004167,-0.2408548430480435
270_271,64.0,72,female,5.916666666666664,1436,0.027855153203342618,0.025069637883008356,0.04596100278551532,0.029944289693593314,0.006267409470752089,0.012534818941504178,0.24373259052924792,0.1796657381615599,0.04247910863509749,0.05362116991643454,0.010445682451253482,0.08495821727019498,0.033426183844011144,0.1511142061281337,0.03203342618384401,0.003481894150417827,0.017409470752089137,-0.17615706836523248,-0.2801467818892802,0.31974290518408255,-0.10469810438308746,-1.6261672438712305,-0.9596883103934468,1.981901663996919,1.677436651470758,0.24157813233474634,0.4728188938815756,-1.1366190185525245,0.9306519875070558,0.004104755465711651,1.504739808051013,-0.03800672988441489,-2.1727109502393,-0.6387805903133454
271_272,20.0,72,female,-38.083333333333336,1136,0.029049295774647887,0.03873239436619718,0.10123239436619719,0.029049295774647887,0.002640845070422535,0.002640845070422535,0.17869718309859156,0.20862676056338028,0.028169014084507043,0.1857394366197183,0.028169014084507043,0.05369718309859155,0.007922535211267605,0.05985915492957746,0.011443661971830986,0.013204225352112676,0.02112676056338028,-0.036412260281291076,0.24753149005988284,1.2013128308495364,-0.036412260281291076,-2.295194730616944,-2.295194730616944,1.767708305770338,1.9222099243623842,-0.06671760977662,1.806267299374021,-0.06671760977662,0.5710794757001603,-1.296665900505817,0.6788760461558678,-0.9452680136679281,-0.807117675187111,-0.34928458156163034
272_273,54.0,72,female,-4.083333333333336,1010,0.0029702970297029703,0.006930693069306931,0.023762376237623763,0.0801980198019802,0.1198019801980198,0.0,0.18118811881188118,0.12772277227722773,0.007920792079207921,0.06336633663366337,0.01782178217821782,0.033663366336633666,0.0,0.29405940594059404,0.01881188118811881,0.0049504950495049506,0.016831683168316833,-1.7092780129324519,-0.9471379608855548,0.2366321361228616,1.4385620388189975,1.8378732813527838,-3.6551881619877653,2.2501736860668053,1.901639899711773,-0.8219748179315491,1.204624242373907,-0.04427024934354051,0.5789183426094944,-3.6551881619877653,2.733373243557865,0.008373484141881438,-1.2572928891893946,-0.09984010049835135
273_274,63.0,72,female,4.916666666666664,966,0.011387163561076604,0.007246376811594203,0.11283643892339544,0.055900621118012424,0.034161490683229816,0.003105590062111801,0.20600414078674947,0.22567287784679088,0.042443064182194616,0.014492753623188406,0.018633540372670808,0.06728778467908902,0.008281573498964804,0.15424430641821946,0.016563146997929608,0.004140786749482402,0.017598343685300208,-0.8761793252988621,-1.3036233401258022,1.3773981885884887,0.6796743410011317,0.19301907816295394,-2.0657633921726983,1.9772878756618515,2.068259653867578,0.40716706656858603,-0.6443777112415381,-0.40075562858378744,0.8635237819731394,-1.1784601971717956,1.6887700321626744,-0.515165979761532,-1.8144489638917927,-0.4563254797385987
274_275,66.0,72,male,7.916666666666664,1200,0.01,0.0125,0.028333333333333332,0.04583333333333333,0.03,0.0033333333333333335,0.2758333333333333,0.18416666666666667,0.024166666666666666,0.014166666666666666,0.0025,0.056666666666666664,0.016666666666666666,0.2475,0.025833333333333333,0.0025,0.02,-0.8550243951355943,-0.639913015518649,0.16020628459346442,0.6356299813085391,0.21655922114459614,-1.8766756426675753,2.4228747701820676,2.019669550041341,0.0036372239019244468,-0.5185521585143813,-2.127990070948482,0.8460807058243298,-0.3603281532994873,2.314661185541835,0.06923450638773776,-2.127990070948482,-0.18207992189316835
275_276,31.0,72,male,-27.083333333333336,1313,0.039603960396039604,0.08453922315308454,0.04036557501904037,0.0297029702970297,0.007616146230007616,0.00456968773800457,0.11957349581111958,0.27037319116527037,0.024371667936024372,0.09977151561309977,0.015232292460015232,0.10357958872810358,0.010662604722010662,0.09748667174409749,0.02361005331302361,0.007616146230007616,0.021325209444021324,0.16873733938374214,0.9219487606863379,0.18760582368812484,-0.11577515830675944,-1.4407005730503584,-1.9202736533122446,1.2673496280518517,2.08144941902946,-0.31083574087814414,1.0869310214039833,-0.771650944069473,1.1242487844111784,-1.1179271807873072,1.0638530741214387,-0.34208828438224836,-1.4407005730503584,-0.4421717429392311
276_277,65.0,56,female,12.307692307692307,1194,0.010050251256281407,0.01675041876046901,0.03098827470686767,0.06448911222780569,0.023450586264656615,0.01340033500837521,0.11892797319932999,0.17587939698492464,0.05108877721943048,0.04020100502512563,0.01256281407035176,0.17587939698492464,0.04773869346733668,0.16331658291457288,0.019262981574539362,0.018425460636515914,0.017587939698492462,-1.2824893064756822,-0.7877930646395752,-0.1838770178075726,0.5420599855753636,-0.4583138635093329,-1.0048575698774025,1.1511240489247676,1.5412677023384984,0.31081922402853435,0.07334584715949966,-1.067377926858737,1.5412677023384984,0.24356699701936702,1.4673424286414827,-0.6512175296338243,-0.6947026415735631,-0.7401650156503203
278_279,45.0,62,male,-8.92857142857143,1072,0.0065298507462686565,0.012126865671641791,0.033582089552238806,0.005597014925373134,0.0046641791044776115,0.007462686567164179,0.31902985074626866,0.2080223880597015,0.03824626865671642,0.06716417910447761,0.01585820895522388,0.10354477611940298,0.009328358208955223,0.09421641791044776,0.03824626865671642,0.02332089552238806,0.013059701492537313,-1.3599595980675643,-0.7721729331654457,0.2224496419786166,-1.5030604417082376,-1.6701145263714041,-1.2347964551135586,2.461409039092451,2.0345487954437944,0.3508308086268235,0.9087239432508003,-0.5126617376803608,1.3391619722903445,-1.0234873614463513,1.2451961798720128,0.3508308086268235,-0.13618416644544862,-0.7007139691833002
279_280,73.0,62,female,19.07142857142857,914,0.0350109409190372,0.022975929978118162,0.0175054704595186,0.0010940919037199124,0.002188183807439825,0.01312910284463895,0.2538293216630197,0.1389496717724289,0.038293216630196934,0.17067833698030635,0.0175054704595186,0.1323851203501094,0.015317286652078774,0.07221006564551423,0.020787746170678335,0.019693654266958426,0.028446389496717725,0.20125842126654359,-0.21192873293553127,-0.476621287162613,-2.8745165599609837,-2.363690936194993,-0.7542530237608926,2.1689085569582627,1.5681346965293326,0.2895510284122218,1.7730743419110595,-0.476621287162613,1.519932594711455,-0.60583301864262,0.9172202795926601,-0.30956720249944736,-0.3622109359848693,-0.0028369350769716917
27_27,73.0,59,female,6.833333333333329,1275,0.007058823529411765,0.00784313725490196,0.01647058823529412,0.004705882352941176,0.007058823529411765,0.25254901960784315,0.11215686274509803,0.2,0.0203921568627451,0.018823529411764704,0.006274509803921568,0.1952941176470588,0.000784313725490196,0.07607843137254902,0.01568627450980392,0.05411764705882353,0.004705882352941176,-1.0624546001258763,-0.9623711415688931,-0.24569346359875377,-1.4419442218307794,-1.0624546001258763,2.462356737503456,1.6525886364673048,2.229476010911388,-0.03660166574019463,-0.11507328118168969,-1.1736802352361004,2.205712516459202,-2.9082812906242066,1.2661059792714302,-0.29332151258800865,0.9275803538383753,-1.4419442218307794
280_281,25.0,62,female,-28.92857142857143,1104,0.010869565217391304,0.009963768115942028,0.07336956521739131,0.007246376811594203,0.0009057971014492754,0.002717391304347826,0.3858695652173913,0.151268115942029,0.019021739130434784,0.1539855072463768,0.014492753623188406,0.04528985507246377,0.009963768115942028,0.07155797101449275,0.019021739130434784,0.017210144927536232,0.007246376811594203,-0.6667612514855703,-0.7501428604246216,1.208113124452991,-1.0524237322975551,-2.7870247876856613,-1.9397269272984579,2.863122471137908,1.9284934554712951,-0.12443696066020893,1.9462454009297456,-0.38912951488729064,0.7294834404874884,-0.7501428604246216,1.1832671258664602,-0.12443696066020893,-0.22207543022412501,-1.0524237322975551
281_282,53.0,62,female,-0.9285714285714306,834,0.009592326139088728,0.02997601918465228,0.04316546762589928,0.0,0.0,0.017985611510791366,0.27218225419664266,0.2434052757793765,0.026378896882494004,0.03117505995203837,0.026378896882494004,0.16666666666666666,0.005995203836930456,0.06474820143884892,0.03836930455635491,0.009592326139088728,0.014388489208633094,-0.7637951556831548,0.33481713298495475,0.69345094140902,-3.597008499739371,-3.597008499739371,-0.1630212952542247,2.5232889192115797,2.411804685703224,0.20965399003094864,0.373283413812751,0.20965399003094864,2.034203282081995,-1.1991132269410003,1.094339382489773,0.5773787701562663,-0.7637951556831548,-0.37813267487116997
282_283,40.0,62,male,-13.92857142857143,996,0.02208835341365462,0.04116465863453815,0.07530120481927711,0.006024096385542169,0.002008032128514056,0.004016064257028112,0.15461847389558234,0.14357429718875503,0.05421686746987952,0.0893574297188755,0.023092369477911646,0.12449799196787148,0.010040160642570281,0.19176706827309237,0.009036144578313253,0.020080321285140562,0.029116465863453816,-0.309905650064755,0.3022724679615232,0.9007116969798497,-1.551618782373538,-2.5071302274009746,-1.919343562498855,1.6167731370626708,1.5429140759245463,0.5747797423940693,1.0708176660056803,-0.2664205381250162,1.4008847566296327,-1.0720457021116516,1.8314668493455715,-1.172129160668634,-0.40299607313076713,-0.039030695929355375
283_284,47.0,62,male,-6.928571428571431,1009,0.007928642220019821,0.018830525272547076,0.08325074331020813,0.0009910802775024777,0.0,0.013875123885034688,0.2319127849355798,0.2616451932606541,0.057482656095143705,0.11000991080277503,0.02180376610505451,0.07036669970267592,0.007928642220019821,0.07036669970267592,0.027750247770069375,0.005946481665014866,0.009910802775024777,-0.9845282375727158,-0.15417993549928477,1.312157133294142,-2.719129292960822,-3.817741581628931,-0.45044575164245737,2.332861186817348,2.453246850229368,0.9444323531688248,1.5894301898311873,-0.011079091858611445,1.145103048630976,-0.9845282375727158,1.145103048630976,0.22530968620561875,-1.2527922241673948,-0.7732191439055085
284_285,30.0,62,male,-23.92857142857143,1280,0.02421875,0.02265625,0.034375,0.01015625,0.0,0.0171875,0.25390625,0.1578125,0.0140625,0.1796875,0.00625,0.0796875,0.00546875,0.15625,0.015625,0.0140625,0.00859375,0.0633265082949972,-0.002270774190816116,0.40882815163560426,-0.7839713520922063,-4.079808218096535,-0.27314572832621575,2.3987014241120335,1.9240788490100036,-0.4688903054523115,2.053589824900113,-1.2465948740403192,1.2432017610418726,-1.3717580169943258,1.9141532092100337,-0.3662361513922274,-0.4688903054523115,-0.9443140021673857
286_287,44.0,56,male,-8.692307692307693,910,0.017582417582417582,0.01978021978021978,0.04395604395604396,0.15494505494505495,0.05384615384615385,0.001098901098901099,0.1021978021978022,0.12087912087912088,0.00989010989010989,0.10659340659340659,0.00989010989010989,0.08571428571428572,0.014285714285714285,0.1956043956043956,0.012087912087912088,0.016483516483516484,0.035164835164835165,-0.5979565352358875,-0.4835461840581434,0.2999850579700709,1.55098280094087,0.500655753432222,-2.995851808034258,1.136644520152219,1.3036986048153851,-1.150025117535927,1.178535461861379,-1.150025117535927,0.9617817086459404,-0.7986272306980391,1.7832716850772714,-0.9589698807732177,-0.6604768922172211,0.07992317319326947
287_288,79.0,57,female,11.5,1104,0.018115942028985508,0.01177536231884058,0.1068840579710145,0.03804347826086957,0.020833333333333332,0.006340579710144928,0.14221014492753623,0.28894927536231885,0.028985507246376812,0.008152173913043478,0.016304347826086956,0.12952898550724637,0.006340579710144928,0.11231884057971014,0.04076086956521739,0.006340579710144928,0.018115942028985508,-0.47689890245485334,-0.8946341031548322,1.2775891719759698,0.2521802873311554,-0.34032336744910285,-1.4824207680569508,1.5621016696664718,2.2694334852183733,-0.016083699263524043,-1.246031989992721,-0.5795530565149365,1.4690112466004601,-1.4824207680569508,1.3269819273055465,0.3203885373576889,-1.4824207680569508,-0.47689890245485334
288_289,80.0,61,male,24.230769230769234,1135,0.007048458149779736,0.016740088105726872,0.10837004405286343,0.007048458149779736,0.0026431718061674008,0.000881057268722467,0.3312775330396476,0.2599118942731278,0.01145374449339207,0.04140969162995595,0.007048458149779736,0.02378854625550661,0.001762114537444934,0.12599118942731277,0.044933920704845816,0.000881057268722467,0.00881057268722467,-0.7918939785030741,0.03845432357035694,1.8842810140686872,-0.7918939785030741,-1.6791971735039768,-2.5264950338911802,2.9989579052406037,2.7567086948468082,-0.3292704565549611,0.928769569041251,-0.7918939785030741,0.38222586267318137,-2.0156694101251897,2.0343748932003316,1.009621665670346,-2.5264950338911802,-0.5805848848358668
289_290,29.0,61,female,-26.769230769230766,1021,0.021547502448579822,0.05288932419196866,0.034280117531831536,0.0019588638589618022,0.00881488736532811,0.0039177277179236044,0.31929480901077373,0.17531831537708129,0.025465230166503428,0.0930460333006856,0.022526934378060724,0.06464250734573947,0.0039177277179236044,0.12340842311459353,0.01665034280117532,0.01860920666013712,0.013712047012732615,-0.20254768146156765,0.6821377109972566,0.2534697058094282,-2.399772258797787,-1.0647711920654466,-1.8119855938956677,2.472366958044544,1.8741122172563918,-0.03891825767976531,1.2430632568147426,-0.1590625695218284,0.8811389569898664,-1.8119855938956677,1.524179317495633,-0.45386210974247376,-0.34564852510224053,-0.6419143412454131
28_28,74.0,59,female,7.833333333333329,1072,0.05783582089552239,0.012126865671641791,0.01958955223880597,0.0037313432835820895,0.0018656716417910447,0.005597014925373134,0.31343283582089554,0.292910447761194,0.020522388059701493,0.030783582089552237,0.018656716417910446,0.11100746268656717,0.0009328358208955224,0.08488805970149253,0.020522388059701493,0.0018656716417910447,0.0037313432835820895,1.1615106019243902,-0.37096626937358224,0.09439698031565147,-1.4695785580416914,-2.057365222943811,-1.1018537779163742,2.844942194266817,2.7773281213225296,0.1398593543924087,0.5378894840130553,0.046768931326397034,1.8096604165535997,-2.5681908467098014,1.54268301746351,0.1398593543924087,-2.057365222943811,-1.4695785580416914
290_291,53.0,62,female,-0.9285714285714306,1019,0.0068694798822374874,0.013738959764474975,0.029440628066732092,0.0068694798822374874,0.0009813542688910696,0.003925417075564278,0.38959764474975467,0.2845927379784102,0.02453385672227674,0.06378802747791953,0.022571148184494603,0.03925417075564279,0.003925417075564278,0.05789990186457311,0.02453385672227674,0.012757605495583905,0.014720314033366046,-1.0521155235945137,-0.3928698947102496,0.35070813947658763,-1.0521155235945137,-2.661553436028614,-1.5629411473605042,2.9181763899576083,2.604585032155188,0.171659908027602,1.115031598504428,0.08998187701333515,0.634283429975715,-1.5629411473605042,1.018957768414806,0.171659908027602,-0.46432885869239415,-0.326178520211577
291_292,67.0,27,female,0.5,865,0.035838150289017344,0.013872832369942197,0.06473988439306358,0.0,0.016184971098265895,0.0011560693641618498,0.21965317919075145,0.32947976878612717,0.028901734104046242,0.010404624277456647,0.004624277456647399,0.06473988439306358,0.003468208092485549,0.1722543352601156,0.005780346820809248,0.016184971098265895,0.012716763005780347,0.6611693662439637,-0.2630895352793683,1.2454224585647715,-3.4819653601475693,-0.11466953016109471,-2.3833530714794593,2.460834014979132,2.865423849508441,0.44986027257675687,-0.5375263809811281,-1.2847407828113493,1.2454224585647715,-1.5360552110922558,2.2184782132431176,-1.0840700873491986,-0.11466953016109471,-0.34647114421841874
292_293,76.0,23,female,-0.8571428571428612,1495,0.006688963210702341,0.024080267558528427,0.02608695652173913,0.032107023411371234,0.034782608695652174,0.006688963210702341,0.31906354515050167,0.18394648829431437,0.006020066889632107,0.04280936454849498,0.006020066889632107,0.005351170568561873,0.016053511705685617,0.2535117056856187,0.016053511705685617,0.007357859531772575,0.013377926421404682,-1.1906353275917487,0.0553016758332201,0.1342900871518502,0.3395532131882115,0.4188025848423522,-1.1906353275917487,2.626553575165559,2.0765770438377436,-1.290718786148731,0.6246546390465006,-1.290718786148731,-1.4019444212589551,-0.3433374672045444,2.3968440120804586,-0.3433374672045444,-1.0996635493860216,-0.5215856986108633
293_294,86.0,22,female,6.384615384615387,917,0.014176663031624863,0.04143947655398037,0.06870229007633588,0.04034896401308615,0.05670665212649945,0.003271537622682661,0.31842966194111233,0.1723009814612868,0.007633587786259542,0.023991275899672846,0.016357688113413305,0.05125408942202835,0.0010905125408942203,0.13631406761177753,0.015267175572519083,0.008724100327153763,0.023991275899672846,-0.6256640332160246,0.42230452263332996,0.9226861872382375,0.3959872143159564,0.7324594509371694,-1.9755907501650403,2.4501109480115026,1.8374008746569266,-1.213450698118144,-0.1148384094500341,-0.48751369473520745,0.6323759923801866,-2.8228886105522446,1.6039520399114298,-0.55420506923388,-1.0882875551641376,-0.1148384094500341
294_295,54.0,22,female,-25.615384615384613,1386,0.026695526695526696,0.03391053391053391,0.08297258297258298,0.018037518037518036,0.017316017316017316,0.01875901875901876,0.30158730158730157,0.16233766233766234,0.02958152958152958,0.049062049062049064,0.007215007215007215,0.12265512265512266,0.017316017316017316,0.05772005772005772,0.025252525252525252,0.013708513708513708,0.015873015873015872,-0.2631217155640364,-0.02673293749980621,0.8618078814214467,-0.6487841963760208,-0.6887895309897201,-0.610317915548225,2.149214241389128,1.5308575104023314,-0.16176922130374916,0.3393710967277781,-1.5360873913769235,1.25127264818317,-0.6887895309897201,0.5007945358841162,-0.3179299520590315,-0.9170481829707007,-0.7739473393300274
295_296,87.0,22,male,7.384615384615387,1038,0.011560693641618497,0.01348747591522158,0.010597302504816955,0.02119460500963391,0.004816955684007707,0.014450867052023121,0.3140655105973025,0.18400770712909442,0.00674373795761079,0.030828516377649325,0.009633911368015413,0.18689788053949905,0.0038535645472061657,0.15703275529865124,0.015414258188824663,0.005780346820809248,0.009633911368015413,-0.5913316053388211,-0.44291160022054754,-0.6747132142778716,-0.0035449404367016157,-1.4123121574086515,-0.37622022572187497,2.6713696990694094,2.1378275589736244,-1.1021572291048116,0.36417983968861556,-0.7656849924835987,2.1533719134114246,-1.6129828528708021,1.979752740690232,-0.31369986874054145,-1.245258072745485,-0.7656849924835987
296_297,80.0,22,female,0.3846153846153868,1401,0.0014275517487508922,0.006423982869379015,0.04853675945753034,0.012134189864382585,0.015703069236259814,0.05424696645253391,0.2426837972876517,0.14275517487508924,0.0021413276231263384,0.01998572448251249,0.021413276231263382,0.14132762312633834,0.0,0.2605281941470378,0.011420413990007138,0.01284796573875803,0.006423982869379015,-2.338437352172618,-1.0034362854402783,0.9721056612214065,-0.3925272031173046,-0.14121277483639894,1.0825626567857167,2.5756870415427935,2.0460861626998508,-2.001965115551405,0.09517600322783171,0.1629985995665928,2.0360610160804717,-3.9478752646067186,2.64653819514306,-0.4513677031402388,-0.33695735196249377,-1.0034362854402783
297_298,82.0,22,male,2.384615384615387,1337,0.0014958863126402393,0.014210919970082274,0.032909498878085267,0.013462976813762155,0.005235602094240838,0.010471204188481676,0.243829468960359,0.11593118922961855,0.002243829468960359,0.0029917726252804786,0.009723261032161555,0.08526551982049364,0.0029917726252804786,0.4121166791323859,0.020942408376963352,0.01720269259536275,0.008975317875841436,-2.2056827817092577,-0.1515590480137119,0.6735156755887819,-0.2042027814991334,-1.1070704930411477,-0.4478248641568836,2.666456435133073,1.9246722180358762,-1.8692105450880447,-1.617896116807139,-0.5192838281390291,1.6186013094108818,-1.617896116807139,3.1906683251101446,0.22793057369119207,0.03502690756670024,-0.5962448692751572
298_299,74.0,22,male,-5.615384615384613,1448,0.010359116022099447,0.011740331491712707,0.022099447513812154,0.008977900552486187,0.0027624309392265192,0.011740331491712707,0.27071823204419887,0.2361878453038674,0.029005524861878452,0.031767955801104975,0.009668508287292817,0.14157458563535913,0.009668508287292817,0.13259668508287292,0.017265193370165747,0.03522099447513812,0.018646408839779006,-0.899118757946133,-0.7777579009418663,-0.15871869253564252,-1.0372690964269502,-2.13588138509506,-0.7777579009418663,2.332577755351129,2.196312875830946,0.1095452940590369,0.1994935307219765,-0.9658101324448056,1.6854872520649549,-0.9658101324448056,1.6201373718565044,-0.40128032970695404,0.3016230257983561,-0.3257727771988086
299_300,95.0,22,female,15.384615384615387,929,0.023681377825618945,0.021528525296017224,0.13455328310010764,0.012917115177610334,0.008611410118406888,0.01829924650161464,0.20129171151776104,0.18729817007534985,0.011840688912809472,0.004305705059203444,0.007534983853606028,0.10441334768568353,0.001076426264800861,0.18191603875134554,0.022604951560818085,0.038751345532831,0.0193756727664155,-0.09545992744492393,-0.18855035051093605,1.6233305219165404,-0.6832465923470425,-1.0689090731590274,-0.34677435572583004,2.0248036087551675,1.9529495049871837,-0.7666282012860939,-1.7048978398790244,-1.194072216113034,1.3708771413485032,-2.8035101285471336,1.9238776901652066,-0.14092230152168117,0.3883370239331474,-0.2912045045710192
29_29,69.0,64,female,13.07142857142857,1292,0.0030959752321981426,0.005417956656346749,0.0673374613003096,0.0046439628482972135,0.003869969040247678,0.0030959752321981426,0.35758513931888547,0.2236842105263158,0.007739938080495356,0.032507739938080496,0.014705882352941176,0.05417956656346749,0.003869969040247678,0.15015479876160992,0.033281733746130034,0.02476780185758514,0.010061919504643963,-1.733265321295335,-1.2224396975293446,1.2342960752919598,-1.3655405411700179,-1.5325946258331835,-1.733265321295335,2.899303838880871,2.430812578941441,-0.8859674609081316,0.512161357858762,-0.2669282525019079,1.0182699917466143,-1.5325946258331835,2.033089444986892,0.5354182200230295,0.24389737126408306,-0.634653032627225
2_2,48.0,64,female,-7.928571428571431,1205,0.014937759336099586,0.034854771784232366,0.0033195020746887966,0.013278008298755186,0.0008298755186721991,0.010788381742738589,0.1817427385892116,0.2838174273858921,0.022406639004149378,0.03236514522821577,0.051452282157676346,0.24647302904564317,0.0024896265560165973,0.024896265560165973,0.01991701244813278,0.04979253112033195,0.006639004149377593,-0.38478403414911133,0.44694930969698143,-1.7984773694571161,-0.49919438532685545,-2.897089658125226,-0.6998650807890061,2.088797466281836,2.53371689146889,0.011631238439135494,0.37374590567368626,0.8326117905089658,2.3928594587522944,-2.049791797738022,0.11517191737997612,-0.10388164868270877,0.8000885988034057,-1.162488602737119
301_302,88.0,22,female,8.384615384615387,1851,0.018368449486763912,0.025391680172879523,0.024311183144246355,0.0032414910858995136,0.011885467314964884,0.005942733657482442,0.3354943273905997,0.2188006482982172,0.00864397622906537,0.030253916801728797,0.023230686115613183,0.04916261480280929,0.0010804970286331713,0.17612101566720692,0.031334413830361965,0.008103727714748784,0.02863317125877904,-0.20641083532226645,0.11335955168101508,0.0703421665973245,-1.875567982457989,-0.6338548501492056,-1.3050231239903756,2.6847657515911854,2.257750714195887,-0.9440097784530455,0.2868704787928147,0.025390778735058017,0.7689688129218952,-2.8310794274854256,2.0410597893569054,0.3216565948782306,-1.0065301354343799,0.23231149454238054
302_303,83.0,22,female,3.384615384615387,1592,0.007537688442211055,0.013819095477386936,0.038944723618090454,0.016959798994974875,0.006909547738693468,0.014447236180904523,0.22550251256281406,0.19974874371859297,0.017587939698492462,0.014447236180904523,0.01193467336683417,0.1513819095477387,0.0018844221105527637,0.23869346733668342,0.020100502512562814,0.01193467336683417,0.008165829145728644,-1.0948044413893965,-0.507017776487277,0.514633471044704,-0.3063470810251263,-1.178186050328447,-0.46353266454753816,2.26418109146345,2.143089389314566,-0.2706289984230472,-0.46353266454753816,-0.6501186201279503,1.8663363873949756,-2.367770117202284,2.320953091604089,-0.1392929963619598,-0.6501186201279503,-1.0178434002532675
303_304,85.0,22,male,5.384615384615387,1760,0.017613636363636363,0.026136363636363635,0.09431818181818181,0.0011363636363636363,0.0,0.0011363636363636363,0.36818181818181817,0.21136363636363636,0.007386363636363636,0.022727272727272728,0.011931818181818182,0.021022727272727273,0.002840909090909091,0.175,0.022727272727272728,0.005113636363636364,0.011363636363636364,0.19442033320076657,0.5838850999624894,1.8594280967896775,-2.3392764807566655,-3.948714393190766,-2.3392764807566655,3.2190947911256775,2.6646698251887933,-0.6528775271864369,0.44573476148167224,-0.18751427749720406,0.3687737203455441,-1.5508191203923953,2.4761546307146216,0.44573476148167224,-1.0042754140243257,-0.23514232648645894
304_305,68.0,22,female,-11.615384615384613,1286,0.020995334370139968,0.04121306376360809,0.11897356143079316,0.0007776049766718507,0.004665629860031105,0.006998444790046656,0.21695178849144633,0.19129082426127528,0.019440124416796267,0.012441679626749611,0.012441679626749611,0.09020217729393468,0.0023328149300155523,0.22628304821150855,0.014774494556765163,0.0023328149300155523,0.017884914463452566,0.025494068685455673,0.6909897179148907,1.7450086310401818,-2.8832268278789055,-1.4168897590854783,-1.0374001373805752,2.3443103566080836,2.218670057495675,-0.050013483822689775,-0.4853315550805348,-0.4853315550805348,1.469199337018685,-2.035928967491702,2.3863480698034767,-0.3182774704173692,-2.035928967491702,-0.13169151483695707
305_306,74.0,22,male,-5.615384615384613,1218,0.004105090311986864,0.0090311986863711,0.009852216748768473,0.013136288998357963,0.0,0.052545155993431854,0.0960591133004926,0.14942528735632185,0.017241379310344827,0.007389162561576354,0.011494252873563218,0.2660098522167488,0.0024630541871921183,0.28160919540229884,0.006568144499178982,0.04926108374384237,0.023809523809523808,-1.4374707015273605,-0.6998717583965814,-0.6164901494575301,-0.33885841285925045,-3.835365974325731,1.0244464300359413,1.6242195398184283,2.064531379256761,-0.07416585863216829,-0.89092699515929,-0.46807014433925653,2.640066742378359,-1.8894558252704177,2.6969683178966184,-1.002152630269515,0.9604245712710102,0.24217146957998859
306_307,80.0,23,female,3.142857142857139,1117,0.012533572068039392,0.008952551477170993,0.022381378692927483,0.07520143240823635,0.025962399283795883,0.008057296329453895,0.18263205013428827,0.2802148612354521,0.01342882721575649,0.02685765443151298,0.025067144136078783,0.050134288272157566,0.007162041181736795,0.23813786929274844,0.011638316920322292,0.0008952551477170994,0.010743061772605193,-0.6321477369590096,-0.9549211292220607,-0.06761793422115847,1.1304551479775893,0.07809387696023551,-1.055004587779044,2.0142715890973175,2.4415029736874363,-0.5654563624603379,0.11143029722782716,0.04360770088906607,0.7279442517668566,-1.166230222889268,2.2790778572203605,-0.7036067009411551,-2.900831278277374,-0.7805677420772832
307_308,91.0,23,female,14.142857142857139,1058,0.004725897920604915,0.014177693761814745,0.036862003780718335,0.022684310018903593,0.008506616257088847,0.00945179584120983,0.2334593572778828,0.2892249527410208,0.022684310018903593,0.008506616257088847,0.010396975425330813,0.14272211720226843,0.001890359168241966,0.14366729678638943,0.01890359168241966,0.023629489603024575,0.008506616257088847,-1.5026992807079882,-0.4666073490212126,0.46885329896066263,-0.0087742553957324,-0.9561555743399186,-0.8560721157829354,2.3039632090623314,2.5177703824298527,-0.0087742553957324,-0.9561555743399186,-0.7651003375772092,1.8131382520030104,-2.2911566410722584,1.8197172231010528,-0.1870224868020509,0.03123107921796686,-0.9561555743399186
308_309,79.0,23,female,2.142857142857139,811,0.013563501849568433,0.01726263871763255,0.01972872996300863,0.2096177558569667,0.0345252774352651,0.002466091245376079,0.3366214549938348,0.21085080147965474,0.006165228113440197,0.027127003699136867,0.002466091245376079,0.006165228113440197,0.0,0.05672009864364982,0.01726263871763255,0.004932182490752158,0.0345252774352651,-0.2749711152846066,-0.04316950122728169,0.08604223025272395,2.4214171460697607,0.632585936620794,-1.8010274187796558,2.893983471208225,2.427265115952184,-1.0125700584153856,0.3961971585565638,-1.8010274187796558,-1.0125700584153856,-3.4104653312137563,1.1221341619395,-0.04316950122728169,-1.2132407538775363,0.632585936620794
309_310,75.0,23,male,-1.8571428571428612,1180,0.017796610169491526,0.025423728813559324,0.017796610169491526,0.11440677966101695,0.05677966101694915,0.027966101694915254,0.06525423728813559,0.13389830508474576,0.027966101694915254,0.003389830508474576,0.00423728813559322,0.11016949152542373,0.00847457627118644,0.3398305084745763,0.00423728813559322,0.009322033898305085,0.03305084745762712,-0.42396074164638087,-0.0742869931666319,-0.42396074164638087,1.4169579635397573,0.7201139210984859,0.019531762051022472,0.8582642595793035,1.573740916537337,0.019531762051022472,-1.9879362800037237,-1.787265584541573,1.37935954998275,-1.1406384196165202,2.5031938566068184,-1.787265584541573,-1.049666641410794,0.18428699512707825
30_30,37.0,64,male,-18.92857142857143,1292,0.015479876160990712,0.03560371517027864,0.07198142414860681,0.0007739938080495357,0.0,0.0023219814241486067,0.24148606811145512,0.2306501547987616,0.015479876160990712,0.05804953560371517,0.04643962848297214,0.11842105263157894,0.0030959752321981426,0.11919504643962849,0.01934984520123839,0.01238390092879257,0.009287925696594427,-0.23835360668161698,0.5806738197673309,1.2791829434686615,-2.853313384717815,-3.951925673385925,-2.0060155243306115,2.485825976350476,2.4399914400066773,-0.23835360668161698,1.0653541634289994,0.843864872210816,1.7749220742012723,-1.7547010960497058,1.7814156035118205,-0.020100040661599206,-0.45541811191944515,-0.7330498485177239
310_311,80.0,23,female,3.142857142857139,1443,0.01593901593901594,0.017325017325017324,0.042966042966042964,0.016632016632016633,0.002079002079002079,0.033264033264033266,0.32363132363132363,0.14206514206514206,0.01386001386001386,0.012474012474012475,0.01386001386001386,0.23284823284823286,0.002079002079002079,0.07969507969507969,0.021483021483021482,0.020097020097020097,0.009702009702009701,-0.40914483221637177,-0.3274668012021049,0.5690213033758704,-0.3674721358158042,-2.3133822848711176,0.3154185445769522,2.5812540953622563,1.759300780569804,-0.5457203672221231,-0.6483745212822063,-0.5457203672221231,2.2524528957182968,-2.3133822848711176,1.1831252765953626,-0.11615770753489807,-0.18175499002071138,-0.8919966039399565
311_312,88.0,23,female,11.142857142857139,1178,0.011035653650254669,0.022920203735144314,0.06706281833616298,0.06196943972835314,0.016129032258064516,0.0025466893039049238,0.11460101867572156,0.3030560271646859,0.015280135823429542,0.0025466893039049238,0.0050933786078098476,0.03225806451612903,0.021222410865874362,0.2826825127334465,0.017826825127334467,0.0025466893039049238,0.021222410865874362,-0.6856639820028669,0.02583233722527467,1.0874033542130355,1.00893173877154,-0.31793920187754976,-2.0355906989518826,1.6206179728725045,2.5907816946868114,-0.37058293536297215,-2.0355906989518826,-1.4165514905456598,0.3623045738464876,-0.04967521528287033,2.5212891979084278,-0.22030073231363412,-2.0355906989518826,-0.04967521528287033
312_313,84.0,23,female,7.142857142857139,1074,0.00558659217877095,0.00558659217877095,0.012104283054003724,0.07076350093109869,0.028864059590316574,0.06052141527001862,0.04748603351955307,0.10707635009310987,0.0260707635009311,0.0260707635009311,0.01303538175046555,0.46089385474860334,0.000931098696461825,0.11359404096834265,0.0037243947858473,0.010242085661080074,0.0074487895716946,-1.2979663947257531,-1.2979663947257531,-0.5670788861829612,1.167522169205145,0.28021897420424224,1.0122815710138613,0.7718132360423455,1.579501958334503,0.18013551564725994,0.18013551564725994,-0.49561992220081663,3.0357987821426975,-2.7643034635191803,1.6383424583574366,-1.6656911748510712,-0.7274215362581407,-1.0297024081310742
313_314,33.0,23,female,-43.85714285714286,1273,0.024351924587588374,0.032992930086410056,0.01728201099764336,0.0589159465828751,0.03927729772191673,0.009426551453260016,0.21209740769835037,0.10133542812254517,0.01728201099764336,0.1249018067556952,0.00864100549882168,0.06598586017282011,0.007855459544383346,0.20974076983503534,0.009426551453260016,0.014139827179890024,0.046347211311861744,-0.31962556363042793,-0.020109033531644283,-0.6560978002516409,0.5545195467929633,0.15236022681929873,-1.2438844651537604,1.8306589888245206,1.0940677716775769,-0.6560978002516409,1.3024308127628839,-1.3272660740928108,0.6671384249011125,-1.418237852298538,1.8195064568740458,-1.2438844651537604,-0.8518423773777366,0.31636320308956867
314_315,80.0,23,female,3.142857142857139,1767,0.009054895302773062,0.025466893039049237,0.00622524052065648,0.041312959818902095,0.011318619128466326,0.00792303338992643,0.2037351443123939,0.2354272778720996,0.023769100169779286,0.02659875495189587,0.016411997736276173,0.10922467458970006,0.001697792869269949,0.23825693265421619,0.008488964346349746,0.010752688172043012,0.024335031126202604,-0.9622370801915601,0.05211486485880945,-1.323250425728891,0.5316879451206957,-0.7451725749537328,-1.0914488116715662,2.1218944956269086,2.2662890005088023,-0.016093385167724072,0.09513224994250047,-0.38120719775232104,1.4996800513717412,-2.5128344926027273,2.278222316343815,-1.0247574371728945,-0.7951829955283944,0.007163476996543405
315_316,80.0,23,male,3.142857142857139,1085,0.08294930875576037,0.02304147465437788,0.018433179723502304,0.016589861751152075,0.12442396313364056,0.03870967741935484,0.03686635944700461,0.2488479262672811,0.013824884792626729,0.003686635944700461,0.004608294930875576,0.12995391705069123,0.0027649769585253456,0.17972350230414746,0.0064516129032258064,0.004608294930875576,0.06451612903225806,1.1495953736299431,-0.11707602491155678,-0.33532959093157455,-0.43798374499165815,1.5532171632438185,0.3937495988544337,0.3455474970365562,2.244517621210599,-0.6149144531507367,-1.851677080299663,-1.6510063848375123,1.5965452400073552,-2.1029915085805695,1.9198059023494833,-1.3408514565336724,-1.6510063848375123,0.8998582327422855
316_317,76.0,23,female,-0.8571428571428612,1515,0.006600660066006601,0.009900990099009901,0.038943894389438946,0.033003300330033,0.06798679867986798,0.005940594059405941,0.19273927392739273,0.16501650165016502,0.018481848184818482,0.031023102310231022,0.005940594059405941,0.03564356435643564,0.023762376237623763,0.31551155115511553,0.02706270627062706,0.005280528052805281,0.017161716171617162,-1.3876806853205088,-0.998215918558786,0.34692037006759735,0.1829173937973274,0.900515670221437,-1.487764143877492,1.9394087241879243,1.7844029780409327,-0.389151855209382,0.12167376855660894,-1.487764143877492,0.2591447591852116,-0.14174368189554087,2.4316002684090225,-0.01336251524733445,-1.598989778987716,-0.46191120949180986
317_318,66.0,23,female,-10.857142857142861,1644,0.010340632603406326,0.024330900243309004,0.05778588807785888,0.013990267639902677,0.006690997566909975,0.022506082725060828,0.2427007299270073,0.19038929440389293,0.054136253041362534,0.029805352798053526,0.009732360097323601,0.21350364963503649,0.0024330900243309003,0.09002433090024331,0.010340632603406326,0.012165450121654502,0.009124087591240875,-0.9186367749725552,-0.07953568178952963,0.7782885915846611,-0.6238372347519099,-1.3384906205328186,-0.1564967229256582,2.209376109304306,1.966961704170952,0.7134009693787866,0.12113501367262147,-0.9774772749954885,2.0813720553486963,-2.276760259125749,1.219747302340731,-0.9186367749725552,-0.7604127697576613,-1.039997631976822
318_319,88.0,23,female,11.142857142857139,1557,0.011560693641618497,0.012202954399486191,0.048811817597944764,0.027617212588310854,0.01991008349389852,0.014771997430956968,0.14322414900449582,0.20616570327552985,0.029543994861913937,0.012845215157353885,0.02119460500963391,0.20680796403339757,0.0032113037893384713,0.2035966602440591,0.010276172125883108,0.01798330122029544,0.010276172125883108,-0.8679357581955713,-0.8152920247101498,0.5515842505526396,-0.012945552185212428,-0.3357189444482631,-0.6287060691297377,1.623704923773773,1.9872910533978234,0.053745822313460145,-0.7652816041354882,-0.27416105144882996,1.9903966459559765,-2.0809583980414255,1.9747713280528958,-0.9823461093733155,-0.43580240300524586,-0.9823461093733155
319_320,84.0,24,female,9.357142857142861,597,0.020100502512562814,0.04522613065326633,0.1490787269681742,0.13400335008375208,0.05025125628140704,0.0016750418760469012,0.07705192629815745,0.20435510887772193,0.01507537688442211,0.0033500837520938024,0.006700167504187605,0.08207705192629816,0.006700167504187605,0.1624790619765494,0.010050251256281407,0.0016750418760469012,0.03015075376884422,-0.24166935461476813,0.546788005749502,1.7268406263577858,1.620859185501494,0.6503286846903422,-2.3619328908148596,1.0720543136702867,2.040713031061758,-0.5161062003165284,-1.851107267048869,-1.2633206021467496,1.1345746706516207,-1.2633206021467496,1.8124543790807777,-0.8955958220214324,-2.3619328908148596,0.1503727331612552
320_321,89.0,24,female,14.357142857142861,1010,0.009900990099009901,0.01287128712871287,0.023762376237623763,0.08118811881188119,0.054455445544554455,0.023762376237623763,0.1712871287128713,0.15841584158415842,0.02574257425742574,0.0049504950495049506,0.0039603960396039604,0.12574257425742574,0.0,0.2633663366336634,0.00891089108910891,0.00891089108910891,0.02277227722772277,-0.819269548823208,-0.5679551205423023,0.028028311563995434,1.2421534873539497,0.8457382147657033,0.028028311563995434,1.9855327934002283,1.9076491365833848,0.10649992700549094,-1.4658967137482608,-1.6665674092104115,1.6774715586117952,-3.8637919865466315,2.4147294376192137,-0.9193530073801903,-0.9193530073801903,-0.013644384836572154
321_322,76.0,24,male,1.3571428571428612,1096,0.013686131386861315,0.03102189781021898,0.013686131386861315,0.011861313868613138,0.0072992700729927005,0.017335766423357664,0.17427007299270073,0.1633211678832117,0.03102189781021898,0.017335766423357664,0.005474452554744526,0.33394160583941607,0.0,0.1322992700729927,0.005474452554744526,0.01824817518248175,0.023722627737226276,-0.4311863227143369,0.3689329773977761,-0.4311863227143369,-0.569336661195154,-1.031960183143267,-0.20161188106983685,2.0828614619811625,2.0181488612887954,0.3689329773977761,-0.20161188106983685,-1.3002241697379469,2.7319721746871677,-3.865173527199483,1.8081497399720088,-1.3002241697379469,-0.15160146049517564,0.10511838635263837
322_323,90.0,24,male,15.357142857142861,1089,0.0073461891643709825,0.005509641873278237,0.04315886134067952,0.006427915518824609,0.008264462809917356,0.02662993572084481,0.1781450872359963,0.19375573921028466,0.014692378328741965,0.015610651974288337,0.018365472910927456,0.12304866850321396,0.010101010101010102,0.3021120293847567,0.006427915518824609,0.025711662075298437,0.014692378328741965,-1.162491573005802,-1.430755559600481,0.558171974538523,-1.2876547159598077,-1.051265937895578,0.08183252684370146,1.9678744265564283,2.05166726198426,-0.4991973555955376,-0.4403568555726043,-0.2821328503577103,1.5990064625398213,-0.8602107011328686,2.4950186174404894,-1.2876547159598077,0.04734635077253202,-0.4991973555955376
323_324,77.0,24,female,2.357142857142861,925,0.08324324324324324,0.023783783783783784,0.006486486486486486,0.016216216216216217,0.014054054054054054,0.002162162162162162,0.2745945945945946,0.09513513513513513,0.004324324324324324,0.014054054054054054,0.003243243243243243,0.3264864864864865,0.001081081081081081,0.08540540540540541,0.006486486486486486,0.018378378378378378,0.024864864864864864,1.4466569840854175,0.20989435693649083,-1.0318187753722925,-0.16278092834868252,-0.30093126682949967,-1.9873302203997283,2.6356798837166937,1.57938159974,-1.3995435554976097,-0.30093126682949967,-1.6508579837785153,2.8084603251970126,-2.4981558441657197,1.4721360693864027,-1.0318187753722925,-0.04142007134441528,0.25337946887622964
324_325,97.0,24,female,22.35714285714286,975,0.046153846153846156,0.12,0.04923076923076923,0.02564102564102564,0.005128205128205128,0.027692307692307693,0.04,0.13948717948717948,0.015384615384615385,0.0010256410256410256,0.0020512820512820513,0.4348717948717949,0.010256410256410256,0.04,0.01641025641025641,0.009230769230769232,0.017435897435897435,0.6780659052354956,1.6267919128628043,0.7419173772220287,0.09903203144297112,-1.4348983284829835,0.17453958395111657,0.5366542511856669,1.7766781939036054,-0.3988063967962079,-2.734181312613245,-2.2233556888472537,2.911265585029993,-0.7882711635579316,0.5366542511856669,-0.33628603981487437,-0.8883546221149139,-0.2774455397919402
325_326,66.0,24,female,-8.642857142857139,984,0.009146341463414634,0.02032520325203252,0.03353658536585366,0.0020325203252032522,0.0010162601626016261,0.036585365853658534,0.4217479674796748,0.14126016260162602,0.02032520325203252,0.017276422764227643,0.018292682926829267,0.16463414634146342,0.0020325203252032522,0.0741869918699187,0.0040650406504065045,0.017276422764227643,0.016260162601626018,-0.7454238918254283,0.023709195712438902,0.5148297483990971,-2.080424958557769,-2.5912505823237595,0.6005965701565219,3.032766923863579,1.9413489108294966,0.023709195712438902,-0.13451480950245553,-0.0789449583476447,2.0939623113378687,-2.080424958557769,1.3005697157868674,-1.4926382936556495,-0.13451480950245553,-0.19335530952538882
326_327,66.0,24,male,-8.642857142857139,1313,0.027418126428027417,0.02513328255902513,0.0456968773800457,0.003808073115003808,0.0,0.0015232292460015233,0.3153084539223153,0.2597105864432597,0.024371667936024372,0.025894897182025894,0.020563594821020565,0.06169078446306169,0.0007616146230007616,0.1507996953541508,0.014470677837014471,0.006854531607006854,0.015993907083015995,0.43714666015122994,0.3513798383938047,0.9424777645995799,-1.4554175081987903,-3.853312780997161,-2.2438748685630605,2.8669073741381337,2.673182078573629,0.3210744888984758,0.3807937236000982,0.15402040423530972,1.2404374198096013,-2.754700492329052,2.1306234996900293,-0.18975113486751471,-0.9088738018307208,-0.09211266530359907
327_328,23.0,25,female,-36.0,1455,0.03230240549828179,0.058419243986254296,0.04329896907216495,0.008247422680412371,0.003436426116838488,0.002061855670103093,0.3106529209621993,0.11958762886597939,0.018556701030927835,0.11821305841924398,0.010309278350515464,0.019243986254295534,0.021305841924398626,0.177319587628866,0.004810996563573883,0.030927835051546393,0.021305841924398626,0.2099619647370048,0.7977486296391234,0.5002721595950548,-1.1250391019953359,-1.9460196540651653,-2.3980047778082225,2.4640200168363897,1.511156995338891,-0.33658174163106525,1.4996294901678233,-0.9099277223783897,-0.30086365902898615,-0.20078020047200384,1.904127947644893,-1.6358647257613264,0.16694457965331377,-0.20078020047200384
328_329,65.0,36,male,6.333333333333336,1573,0.008264462809917356,0.03242212333121424,0.020343293070565798,0.0019071837253655435,0.0006357279084551812,0.04259376986649714,0.16656071201525746,0.27209154481881753,0.02670057215511761,0.006993006993006993,0.01652892561983471,0.2517482517482518,0.00572155117609663,0.09853782581055308,0.01144310235219326,0.007628734901462174,0.029879211697393517,-0.902030760439549,0.4368613617857582,-0.023480356548240433,-2.2519574773885647,-3.099255337775768,0.7074071519945515,2.065530636147746,2.5555702921539023,0.24478363004643855,-1.0623734105147284,-0.2275757128917557,2.47795559519097,-1.253428647277437,1.5419252857353563,-0.5869497137996533,-0.9789918015756771,0.3560092651566631
329_330,42.0,36,male,-16.666666666666664,1557,0.015414258188824663,0.023763648041104687,0.019267822736030827,0.00899165061014772,0.005780346820809248,0.13744380218368657,0.17533718689788053,0.21772639691714837,0.0449582530507386,0.029543994861913937,0.01798330122029544,0.1926782273603083,0.0032113037893384713,0.07707129094412331,0.007064868336544637,0.007707129094412331,0.01605651894669236,-0.5558466077478288,-0.13017879232214513,-0.33679304168514435,-1.0803710758719811,-1.5032279266920145,1.6137900130695615,1.8567818965635259,2.0729542217002406,0.5010929845197127,0.08493258729480058,-0.40461563802390543,1.950928028676752,-2.049771633060085,1.0371300276321995,-1.312172689929306,-1.2287910809902547,-0.5158412731341295
330_331,63.0,25,female,4.0,1082,0.034195933456561925,0.027726432532347505,0.05822550831792976,0.015711645101663587,0.015711645101663587,0.009242144177449169,0.3179297597042514,0.16635859519408502,0.04251386321626617,0.009242144177449169,0.012014787430683918,0.09704251386321626,0.0046210720887245845,0.14417744916820702,0.0073937153419593345,0.0036968576709796672,0.034195933456561925,0.22520997925152564,0.018595729888526424,0.7519089521738067,-0.536930072795371,-0.536930072795371,-1.0477556965613615,2.4429631367288738,1.796599824048096,0.44032135886847135,-1.0477556965613615,-0.7964412682804558,1.2595799991912817,-1.6943828614864143,1.6539250562553685,-1.2590647902285688,-1.8950535569485658,0.22520997925152564
331_332,24.0,25,female,-35.0,1595,0.026332288401253918,0.026332288401253918,0.01567398119122257,0.0012539184952978057,0.0018808777429467085,0.0018808777429467085,0.2658307210031348,0.21567398119122258,0.019435736677115987,0.16112852664576802,0.008150470219435737,0.07147335423197493,0.013793103448275862,0.1304075235109718,0.006896551724137931,0.007523510971786834,0.026332288401253918,0.24551494360529746,0.24551494360529746,-0.26531068016069304,-2.5876984004509187,-2.2512261638297058,-2.2512261638297058,2.546922873426328,2.3381049581286395,-0.05400158649348619,2.047030587778717,-0.9012994468806901,1.2365856906692207,-0.3904738231146996,1.8359499089137823,-1.0616420969558695,-0.9782604880168182,0.24551494360529746
332_333,62.0,25,female,3.0,1744,0.021788990825688075,0.01834862385321101,0.034403669724770644,0.0017201834862385322,0.011467889908256881,0.0034403669724770644,0.400802752293578,0.1823394495412844,0.008600917431192661,0.1381880733944954,0.013188073394495414,0.04931192660550459,0.006307339449541285,0.08428899082568807,0.008027522935779817,0.008027522935779817,0.00974770642201835,0.051537787213580266,-0.11788036474446661,0.5035229109566375,-2.3463574855847904,-0.5786955679357959,-1.7273182771785667,2.9512453400253773,2.1645020209320593,-0.8582804301549576,1.8877490190124688,-0.4421200329300454,0.8610239598576754,-1.1567734187109542,1.394707721699716,-0.9249718046536293,-0.9249718046536293,-0.7369195731506899
333_334,51.0,25,male,-8.0,1380,0.009420289855072464,0.012318840579710146,0.028985507246376812,0.0007246376811594203,0.006521739130434782,0.011594202898550725,0.1927536231884058,0.21304347826086956,0.01956521739130435,0.009420289855072464,0.009420289855072464,0.286231884057971,0.005072463768115942,0.12028985507246377,0.007971014492753623,0.06086956521739131,0.005797101449275362,-0.7235304498947612,-0.4640192544096764,0.37508183877334833,-2.9207550272309803,-1.07492833673265,-0.5228597544326106,2.2591541082667543,2.359058867752496,-0.012034130666619625,-0.7235304498947612,-0.7235304498947612,2.6539306518685635,-1.3113171147968807,1.7887751740813536,-0.8838730999699407,1.1105313990239831,-1.1861539718428742
334_335,60.0,26,female,2.07692307692308,1513,0.009253139458030404,0.01982815598149372,0.07005948446794448,0.05750165234633179,0.0019828155981493722,0.0013218770654329147,0.3502974223397224,0.18572372769332451,0.01784534038334435,0.08856576338400529,0.007270323859881031,0.038995373430270985,0.033707865168539325,0.0760079312623926,0.015862524785194978,0.007270323859881031,0.018506278916060808,-0.9576463709862648,-0.21406833679942716,1.0363499647366865,0.8398437729507755,-2.379032051917425,-2.715504288538638,2.642024937641245,2.0083374271669516,-0.31760901574026734,1.2697691786291005,-1.1894479850435888,0.4541812921387911,0.30978678725689734,1.1174755095490552,-0.4331219028621116,-1.1894479850435888,-0.28189093313818825
335_336,71.0,36,male,12.333333333333336,1039,0.06641000962463908,0.06929740134744947,0.04523580365736285,0.004812319538017324,0.0019249278152069298,0.07892204042348412,0.1482194417709336,0.273339749759384,0.02406159769008662,0.016361886429258902,0.011549566891241578,0.11934552454282965,0.0038498556304138597,0.09143407122232916,0.012512030798845043,0.011549566891241578,0.021174205967276226,0.8374174308435576,0.8796772401334403,0.45682038931340685,-1.6991612294887632,-2.4876185898530334,1.0088889716134464,1.6362847746106113,2.246823931839197,-0.1652308695628082,-0.5417084407977208,-0.8781806774189338,1.4203963941775735,-1.8998319249509148,1.1552169257594955,-0.8012196362828048,-0.8781806774189338,-0.2903940125168143
336_337,57.0,37,male,-5.384615384615387,967,0.001034126163391934,0.0031023784901758012,0.001034126163391934,0.05480868665977249,0.016546018614270942,0.25232678386763185,0.027921406411582212,0.14167528438469493,0.04136504653567735,0.012409513960703205,0.03929679420889348,0.2792140641158221,0.0,0.04963805584281282,0.004136504653567736,0.04033092037228542,0.03516028955532575,-2.5340334459106275,-1.686735585523424,-2.5340334459106275,1.0401830998831691,-0.13613817311225684,2.5597167548961353,0.3746874506537341,1.9841253630878344,0.761803420093702,-0.4137699097105365,0.711159687274947,2.6607735442677445,-3.6326457345787366,0.9420652439246457,-1.4354211572425175,0.7368021178882844,0.6014607700185226
337_338,42.0,37,female,-20.384615384615387,1217,0.0238290879211175,0.05587510271158587,0.020542317173377157,0.02629416598192276,0.009038619556285949,0.005751848808545604,0.23664749383730485,0.24157764995891537,0.029580936729663106,0.11832374691865243,0.025472473294987676,0.11503697617091208,0.003286770747740345,0.05012325390304026,0.016433853738701727,0.00657354149548069,0.015612161051766639,-0.19550230045485373,0.6469411814675516,-0.3412141116362477,-0.09865247446493619,-1.1375455284314233,-1.5649895432583634,2.084802522147526,2.1053864392910135,0.017419696787817962,1.393386943751859,-0.12990501796904086,1.3653149249731724,-2.075815167024354,0.5391446110118441,-0.559467677656265,-1.4398264003043577,-0.6094780982309267
338_339,69.0,37,male,6.615384615384613,972,0.00823045267489712,0.01954732510288066,0.018518518518518517,0.050411522633744855,0.01748971193415638,0.03497942386831276,0.10905349794238683,0.29835390946502055,0.037037037037037035,0.0205761316872428,0.0205761316872428,0.19135802469135801,0.0,0.10596707818930041,0.037037037037037035,0.01748971193415638,0.013374485596707819,-1.1863075616920788,-0.3559592596186487,-0.40860299310407067,0.5755989443862948,-0.46417284425888106,0.21458559884896422,1.34177125996113,2.3452298511036163,0.2709385354000964,-0.30594883904398706,-0.30594883904398706,1.9020575138955207,-4.019520905748295,1.3131978875170742,0.2709385354000964,-0.46417284425888106,-0.7236840397439659
339_340,80.0,37,male,17.615384615384613,1198,0.037562604340567615,0.05676126878130217,0.03672787979966611,0.01335559265442404,0.012520868113522538,0.04757929883138564,0.10517529215358931,0.24123539232053423,0.04757929883138564,0.005843071786310518,0.03171953255425709,0.19282136894824708,0.008347245409015025,0.10851419031719532,0.024207011686143573,0.011686143572621035,0.018363939899833055,0.08235073729293774,0.4914721566042126,0.06012760050822763,-0.9320012077574322,-0.9945215647387657,0.3164233591393377,1.1048807195036079,1.932793708349083,0.3164233591393377,-1.7204585681217024,-0.08470334737022833,1.7092182848623219,-1.3839863315004894,1.1360116380987813,-0.35097132531819275,-1.0612129392374383,-0.6218462794535924
33_33,73.0,64,female,17.07142857142857,1184,0.004222972972972973,0.010135135135135136,0.03547297297297297,0.002533783783783784,0.0016891891891891893,0.002533783783783784,0.47888513513513514,0.22804054054054054,0.004222972972972973,0.02702702702702703,0.010135135135135136,0.048986486486486486,0.0008445945945945946,0.09543918918918919,0.03547297297297297,0.006756756756756757,0.007601351351351352,-1.1424391955361024,-0.32145864346627206,0.9023167881558436,-1.5944243192791596,-1.9308965559003726,-1.5944243192791596,3.4940534615810304,2.753084810512009,-1.1424391955361024,0.6340528015611646,-0.32145864346627206,1.2218394664632837,-2.441722179666363,1.8846155491469299,0.9023167881558436,-0.7071211242782569,-0.5958954891680319
340_341,78.0,37,female,15.615384615384613,1515,0.010561056105610561,0.036963696369636964,0.0858085808580858,0.005280528052805281,0.0013201320132013201,0.06072607260726073,0.1570957095709571,0.2033003300330033,0.0297029702970297,0.015841584158415842,0.009900990099009901,0.19867986798679868,0.0046204620462046205,0.11617161716171617,0.034323432343234324,0.021122112211221122,0.008580858085808581,-0.9141451052274432,0.31673515201841695,1.1538677406287698,-1.5774393226377077,-2.8012147542598234,0.809703158384401,1.7568638241944177,2.014216357211464,0.10020683982292633,-0.518832368583297,-0.9766654622087776,1.9912645300332616,-1.7026024655917134,1.4558153902393731,0.24330768346359966,-0.23626539679828662,-1.1148158006895947
342_343,80.0,36,male,21.333333333333336,1170,0.002564102564102564,0.0017094017094017094,0.007692307692307693,0.009401709401709401,0.003418803418803419,0.020512820512820513,0.06752136752136752,0.08632478632478632,0.005128205128205128,0.0017094017094017094,0.004273504273504274,0.39914529914529917,0.0008547008547008547,0.33076923076923076,0.004273504273504274,0.03333333333333333,0.021367521367521368,-1.464084525138083,-1.800556761759296,-0.46555569502695526,-0.27450045826424674,-1.2127700968571764,0.4818256239172305,1.6589095280268356,1.9032113048483912,-0.8450453167318592,-1.800556761759296,-1.0120994013950257,3.430551855095291,-2.3113823855252864,3.242868355159951,-1.0120994013950257,0.9594531782736255,0.5218309585309298
344_345,61.0,52,male,-3.214285714285708,1238,0.024232633279483037,0.02665589660743134,0.022617124394184167,0.033925686591276254,0.027463651050080775,0.029079159935379646,0.1429725363489499,0.2738287560581583,0.036348949919224556,0.017770597738287562,0.022617124394184167,0.21163166397415187,0.0008077544426494346,0.10581583198707593,0.012924071082390954,0.0024232633279483036,0.008885298869143781,-0.1003745855136926,-0.00655583029603779,-0.1681971818524537,0.2314028068033127,0.02285805491025572,0.07921099146138744,1.660869339788412,2.3093726778716923,0.29961105682984623,-0.4045859599166839,-0.1681971818524537,2.05214981290462,-3.1126361610188944,1.3609055824907608,-0.7147408882205237,-2.26533830063169,-1.0757542337578538
345_346,66.0,52,male,1.7857142857142918,1168,0.0136986301369863,0.016267123287671232,0.0059931506849315065,0.04023972602739726,0.015410958904109588,0.019691780821917807,0.04708904109589041,0.2106164383561644,0.05650684931506849,0.010273972602739725,0.0025684931506849314,0.3407534246575342,0.005136986301369863,0.18493150684931506,0.008561643835616438,0.008561643835616438,0.0136986301369863,-0.48880599696416827,-0.32175191230100175,-1.2772633573284384,0.5685633331698927,-0.37439564578642326,-0.13516595672058962,0.7242166428816859,2.215195615612042,0.9050355697911057,-0.766437733562447,-2.0394034093753346,2.695541120359567,-1.4203642009691118,2.0854241695718416,-0.9407911207072255,-0.9407911207072255,-0.48880599696416827
346_347,61.0,53,male,4.0,894,0.01901565995525727,0.029082774049217,0.026845637583892617,0.16331096196868009,0.052572706935123045,0.012304250559284116,0.042505592841163314,0.14429530201342283,0.013422818791946308,0.042505592841163314,0.008948545861297539,0.05592841163310962,0.005592841163310962,0.24049217002237136,0.03803131991051454,0.07829977628635347,0.026845637583892617,-0.6350838583258613,-0.22014000626315333,-0.2986116217046484,1.4897406892017921,0.36344497178526547,-1.0549377038861252,0.15337350203840883,1.3663961418842627,-0.9715560949470747,0.15337350203840883,-1.3572185757590587,0.4246885970259844,-1.7925366470169042,1.8756761702884728,0.04367458478198438,0.7583279705628931,-0.2986116217046484
347_348,49.0,35,female,-10.769230769230766,848,0.01179245283018868,0.020047169811320754,0.10023584905660378,0.003537735849056604,0.0011792452830188679,0.02358490566037736,0.2511792452830189,0.17452830188679244,0.0294811320754717,0.045990566037735846,0.01061320754716981,0.19693396226415094,0.01061320754716981,0.0660377358490566,0.024764150943396228,0.014150943396226415,0.015330188679245283,-0.7941674042061222,-0.28334178044013125,1.3029737145731146,-1.8927796928742313,-2.7400775532614357,-0.12511777522523726,2.2180941712990796,1.8550422968731546,0.09313579079478052,0.5307580105374763,-0.8942508627631045,1.9754406898955215,-0.8942508627631045,0.8886979767827956,-0.07748972623598283,-0.6198140170613446,-0.5428529759252156
348_349,31.0,38,female,-23.230769230769234,1639,0.040268456375838924,0.04942037827943868,0.08419768151311775,0.004881025015253203,0.0006101281269066504,0.02867602196461257,0.1574130567419158,0.2532031726662599,0.03355704697986577,0.09579011592434411,0.01586333129957291,0.07687614399023796,0.018303843807199512,0.07992678462477121,0.04697986577181208,0.009151921903599756,0.004881025015253203,0.3007061968609368,0.5041072694459454,1.0343745748265216,-1.7564295873046007,-3.491030642692707,-0.03576603976027615,1.6583999431476122,2.132986863494631,0.11988726995151744,1.1629297074648162,-0.6193510178086954,0.9437465573667034,-0.47876906718750556,0.9825111008169478,0.45378218555842986,-1.1556557268756706,-1.7564295873046007
349_350,51.0,54,male,-5.714285714285715,1553,0.0077269800386349004,0.00643915003219575,0.0360592401802962,0.08306503541532517,0.030264005151320026,0.11139729555698648,0.12942691564713457,0.15003219575016097,0.017385705086928525,0.014166130070830651,0.012234385061171926,0.21828718609143594,0.00128783000643915,0.10109465550547328,0.018673535093367676,0.0360592401802962,0.026400515132002575,-1.350538087163093,-1.5248914743078714,0.15797390668104638,0.9874141496682438,-0.015537020430753223,1.2799108679155649,1.429522649915389,1.5769153456376033,-0.5620807267988228,-0.7627514222609744,-0.9058522659016477,1.951207215527402,-2.9599759995971935,1.183158726794339,-0.49187646812557473,0.15797390668104638,-0.15057330423469617
350_351,52.0,53,female,-5.0,818,0.018337408312958436,0.04645476772616137,0.07579462102689487,0.08924205378973105,0.011002444987775062,0.029339853300733496,0.06968215158924206,0.2200488997555012,0.03300733496332518,0.03667481662591687,0.019559902200488997,0.14180929095354522,0.022004889975550123,0.13814180929095354,0.02078239608801956,0.013447432762836185,0.014669926650366748,-0.7470685255879963,0.16274969178054155,0.6472580072291589,0.8093768567055939,-1.2366167509067019,-0.28923543196251567,0.5638763982901076,1.7078222282597386,-0.1737225448406714,-0.07018186589983122,-0.6845481686066619,1.2699827234925583,-0.5701378174289178,1.2438942874082604,-0.6257076685837286,-1.0455615141439925,-0.962179905204942
351_352,77.0,53,female,20.0,1426,0.5967741935483871,0.04908835904628331,0.14305750350631136,0.0035063113604488078,0.0070126227208976155,0.0007012622720897616,0.04207573632538569,0.056100981767180924,0.0035063113604488078,0.0070126227208976155,0.0035063113604488078,0.037868162692847124,0.0,0.03716690042075736,0.004207573632538569,0.007713884992987377,0.0007012622720897616,3.979888316020054,1.488501525735534,2.5534567914001673,-1.0623630918442633,-0.41573592691921135,-2.361646075974525,1.335532180954107,1.6211460003418288,-1.0623630918442633,-0.41573592691921135,-1.0623630918442633,1.2310895175865095,-3.460258364642634,1.2125704698192719,-0.8953090071810976,-0.32476414871348425,-2.361646075974525
352_353,58.0,54,female,1.2857142857142847,1675,0.01373134328358209,0.016119402985074627,0.0382089552238806,0.020298507462686566,0.00835820895522388,0.01671641791044776,0.28955223880597014,0.2537313432835821,0.029253731343283584,0.0382089552238806,0.013134328358208954,0.09432835820895523,0.00955223880597015,0.07343283582089552,0.04059701492537313,0.02626865671641791,0.018507462686567163,-0.8301247411591945,-0.6729391576367818,0.17954006149241897,-0.44616583827199374,-1.3129765128827793,-0.6372210750347027,2.198054125422072,2.066139785704121,-0.08515249273466319,0.17954006149241897,-0.8736098530989334,1.0786294310080278,-1.1837647814027723,0.8291159937587245,0.2397085829588721,-0.1916359731371129,-0.53713761647772
353_354,71.0,53,female,14.0,969,0.013415892672858616,0.05572755417956656,0.03715170278637771,0.07327141382868937,0.013415892672858616,0.006191950464396285,0.1197110423116615,0.3931888544891641,0.015479876160990712,0.017543859649122806,0.005159958720330237,0.043343653250773995,0.021671826625386997,0.12280701754385964,0.029927760577915376,0.014447884416924664,0.017543859649122806,-0.7781218590678902,0.6173891571569246,0.21650071607617205,0.8888859051876881,-0.7781218590678902,-1.5090093676106822,1.3770797284934813,2.5632993062122376,-0.6399715205870731,-0.5186106635828054,-1.6760634522738487,0.3686925314180973,-0.31275860937865696,1.4025048268592917,0.0035787188335003606,-0.7066628950857448,-0.5186106635828054
354_355,23.0,53,male,-34.0,1255,0.05657370517928287,0.06454183266932272,0.02390438247011952,0.02948207171314741,0.002390438247011952,0.007171314741035857,0.20637450199203186,0.15298804780876493,0.0199203187250996,0.10756972111553785,0.014342629482071713,0.13227091633466134,0.019123505976095617,0.09402390438247012,0.013545816733067729,0.03824701195219123,0.01752988047808765,0.5022528667487727,0.633158437295628,-0.3497178993378234,-0.14310364997482417,-2.514681614455821,-1.516152784344694,1.7913121196547541,1.4926515707766497,-0.5287661307868086,1.1415270573685663,-0.8496738508669104,1.3475507264693092,-0.5687714654005078,1.0074683776239968,-0.9052437020217212,0.11411921499224853,-0.6539292737408147
355_356,27.0,61,female,-28.769230769230766,1038,0.015414258188824663,0.014450867052023121,0.08574181117533719,0.0009633911368015414,0.0,0.0019267822736030828,0.44701348747591524,0.13102119460500963,0.022157996146435453,0.12620423892100194,0.00674373795761079,0.03564547206165703,0.007707129094412331,0.04431599229287091,0.02697495183044316,0.019267822736030827,0.014450867052023121,-0.1666556521601792,-0.2291760091415127,1.524222592214096,-2.56455092495855,-3.663163213626659,-2.0537253011925585,3.170945525187179,1.9463085815583003,0.18698438808339946,1.9089908185511053,-0.9551130125244494,0.6543248999096511,-0.8299498695704428,0.8694362795265969,0.37988805420789085,0.05040885307764853,-0.2291760091415127
356_357,28.0,33,male,-31.92307692307692,1271,0.01730920535011802,0.02753737214791503,0.07474429583005507,0.03147128245476003,0.004720692368214005,0.014948859166011016,0.21715184893784423,0.1982690794649882,0.021243115656963022,0.06372934697088907,0.01730920535011802,0.14083398898505115,0.0023603461841070024,0.07867820613690008,0.013375295043273014,0.06058221872541306,0.015735641227380016,-0.5955210955499606,-0.1395037082789652,0.8500898427263492,-0.007734430647841961,-1.837234227858744,-0.7386219391906339,1.9131744162020543,1.8223748439550793,-0.3948504000878099,0.6915666154864817,-0.5955210955499606,1.4811388031679982,-2.4562734362649676,0.9011213227387951,-0.8468355238308671,0.6412415315989661,-0.6886115186159731
357_358,39.0,33,female,-20.92307692307692,1584,0.010732323232323232,0.019570707070707072,0.04419191919191919,0.00946969696969697,0.0031565656565656565,0.010732323232323232,0.40845959595959597,0.12815656565656566,0.008207070707070708,0.0625,0.010101010101010102,0.10795454545454546,0.001893939393939394,0.1294191919191919,0.012626262626262626,0.027777777777777776,0.005050505050505051,-0.687761186746688,-0.09997452184456934,0.7056506421420665,-0.8091220437509556,-1.8452139754377312,-0.687761186746688,2.9231567258975364,1.765703937206493,-0.9472723822317728,1.0501955764883903,-0.7466016867696221,1.594621198929838,-2.2971990991807885,1.7754839662601327,-0.529537181531794,0.24552712149603773,-1.4098959041798858
358_359,52.0,33,female,-7.92307692307692,1277,0.01331245105716523,0.007830853563038372,0.030540328895849646,0.02192638997650744,0.010180109631949883,0.056382145653876274,0.35552075176194203,0.15035238841033674,0.010180109631949883,0.007047768206734534,0.006264682850430697,0.1942051683633516,0.0,0.10806577916992952,0.01096319498825372,0.008613938919342208,0.008613938919342208,-0.3619995643788392,-0.8728251881448297,0.4521002265987688,0.12570364196629757,-0.6215107598639231,1.059386116552322,2.894997468309226,2.0358957084195315,-0.6215107598639231,-0.972908646701812,-1.084134281812037,2.291242400228376,-3.9173476258682522,1.7066698803190858,-0.5500517958817785,-0.7818534099391026,-0.7818534099391026
359_360,58.0,33,male,-1.9230769230769198,1724,0.031902552204176336,0.016241299303944315,0.015661252900232018,0.015661252900232018,0.0069605568445475635,0.023781902552204175,0.22215777262180975,0.20185614849187936,0.015661252900232018,0.04524361948955916,0.015081206496519721,0.2354988399071926,0.000580046403712297,0.11136890951276102,0.015081206496519721,0.015081206496519721,0.012180974477958236,0.23409031520416912,-0.43238861827361497,-0.46810670087569406,-0.46810670087569406,-1.2565640612399642,-0.056599278311567414,2.167046915259091,2.071345524652359,-0.46810670087569406,0.5808059192401429,-0.5051479725560428,2.225291223439646,-3.3768275974400552,1.477803448179619,-0.5051479725560428,-0.5051479725560428,-0.7142397704146024
35_35,69.0,64,female,13.07142857142857,815,0.0036809815950920245,0.007361963190184049,0.0736196319018405,0.0049079754601227,0.011042944785276074,0.0036809815950920245,0.19631901840490798,0.2233128834355828,0.012269938650306749,0.01717791411042945,0.006134969325153374,0.12024539877300613,0.008588957055214725,0.23803680981595093,0.029447852760736196,0.025766871165644172,0.018404907975460124,-1.6962731842764698,-1.077233975870246,1.153607212264958,-1.4449587559955641,-0.697744354165343,-1.6962731842764698,2.129257789798233,2.2577140202507087,-0.5976608956083598,-0.27488750334530865,-1.2442880605334126,1.6410203954062053,-0.9341331322295727,2.321396010286663,0.24963696477884367,0.11901678236177915,-0.20819612884663696
360_361,46.0,32,female,-7.153846153846153,1251,0.023181454836131096,0.02877697841726619,0.12629896083133493,0.009592326139088728,0.0007993605115907274,0.003996802557953637,0.34772182254196643,0.13029576338928858,0.026378896882494004,0.09352517985611511,0.009592326139088728,0.023980815347721823,0.0407673860911271,0.08473221422861711,0.020783373301358914,0.008792965627498001,0.020783373301358914,-0.12646321565692276,0.08645878158574849,1.5549011143146383,-0.9851248346944419,-3.105388370894533,-1.8061053867642722,2.5656413172898604,1.585959511334611,0.0006919598283237072,1.2555848545815165,-0.9851248346944419,-0.09312679538933111,0.4307283286669934,1.1572915061467826,-0.2337087460105205,-1.0685064436334932,-0.2337087460105205
361_362,56.0,32,female,2.8461538461538467,2389,0.04311427375470908,0.044370029300962746,0.03683549602344077,0.019673503557974047,0.0046044370029300966,0.021347844286312263,0.18501465048137297,0.25449979070740897,0.023022185014650483,0.02595228128924236,0.02385935537881959,0.09250732524068649,0.009627459187944746,0.15487651737128505,0.03516115529510255,0.00795311845960653,0.017580577647551276,0.26480125168445046,0.29337462412850623,0.10823219099291048,-0.514040649980378,-1.9324233256517687,-0.4331885533512829,1.7176701034270108,2.0362265514066085,-0.35838734026858443,-0.23960380427861772,-0.3229854132176686,1.0256522284642169,-1.21776993987086,1.540083083715168,0.061981173342154694,-1.404355895451272,-0.6252662850906026
363_364,66.0,32,female,12.846153846153847,1562,0.01792573623559539,0.016645326504481434,0.05761843790012804,0.008322663252240717,0.0006402048655569782,0.003201024327784891,0.4238156209987196,0.17733674775928296,0.02112676056338028,0.04353393085787452,0.007042253521126761,0.019846350832266324,0.01856594110115237,0.11395646606914213,0.04929577464788732,0.013444302176696543,0.0076824583866837385,-0.18603092410640354,-0.2587902783888314,0.9694148393248723,-0.9332453259366247,-3.130469903272844,-1.8311869191425831,2.960085546479369,2.0898859218054815,-0.024389572549987193,0.6908987338871717,-1.0935879760118032,-0.08594746554942079,-0.1515447480352341,1.6486535898386858,0.8143429249782934,-0.467882076247391,-1.0102063670727528
364_365,42.0,32,female,-11.153846153846153,1568,0.03762755102040816,0.02614795918367347,0.0548469387755102,0.056760204081632654,0.02040816326530612,0.0031887755102040817,0.3067602040816326,0.1568877551020408,0.010841836734693877,0.14604591836734693,0.013392857142857142,0.03635204081632653,0.005739795918367347,0.06887755102040816,0.025510204081632654,0.01594387755102041,0.014668367346938776,0.19837197151141295,-0.1619109138035184,0.5725400728976626,0.6066342842406387,-0.40636425170447943,-2.1828562488017456,2.289301890198009,1.6197576524425736,-1.0254034601107032,1.5482986884604286,-0.8195514059065543,0.1641806067631335,-1.636312542433676,0.799145831940343,-0.186302366927678,-0.648925888875791,-0.7306039198900578
365_366,67.0,32,female,13.846153846153847,1435,0.0062717770034843206,0.012543554006968641,0.047386759581881537,0.009059233449477353,0.007665505226480836,0.0062717770034843206,0.2850174216027875,0.18118466898954705,0.006968641114982578,0.0264808362369338,0.04041811846689895,0.11637630662020906,0.003484320557491289,0.18745644599303135,0.027177700348432057,0.027874564459930314,0.008362369337979094,-1.3173232564959183,-0.6508443230181347,0.6582186901657661,-0.9659253696580294,-1.126268019733209,-1.3173232564959183,2.4463218481907107,1.9939878060910083,-1.217239797938936,0.08204318619132511,0.5004116991353973,1.5523682961627077,-1.863866962863988,2.0279533352466386,0.10768561680466293,0.13268691901008012,-1.0428864107941576
366_367,35.0,32,male,-18.153846153846153,1685,0.022551928783382788,0.035014836795252226,0.017804154302670624,0.0035608308605341245,0.004154302670623145,0.011275964391691394,0.4136498516320475,0.11810089020771514,0.022551928783382788,0.11216617210682493,0.014243323442136498,0.06350148367952523,0.0017804154302670622,0.09614243323442137,0.032640949554896145,0.010089020771513354,0.020771513353115726,-0.07978684399218405,0.3555312272656619,-0.3127184016725564,-1.8586429083843305,-1.7155420647436572,-0.7600306197162214,2.8170574284095986,1.5653691510439955,-0.07978684399218405,1.5139439392365586,-0.5317719677352408,0.9470457622817952,-2.4776821167905543,1.36023291648387,0.2859379354664662,-0.8682442043564538,-0.16091238880455228
367_368,65.0,32,female,11.846153846153847,1427,0.020322354590049056,0.019621583742116328,0.04765241765942537,0.009810791871058164,0.001401541695865452,0.04765241765942537,0.24106517168885774,0.16327960756832516,0.021723896285914507,0.032936229852838124,0.014716187806587245,0.23686054660126138,0.004905395935529082,0.05536089698668535,0.0350385423966363,0.03153468815697267,0.0161177295024527,-0.3546872542994679,-0.3891734303706369,0.48775622762293747,-1.064928868218713,-2.822786785771087,0.48775622762293747,2.103016572808471,1.71410455946371,-0.2890899718136546,0.1216521933953536,-0.6710245825116248,2.085446574707088,-1.724174497102977,0.6366795040150444,0.18289581863607252,0.07863480831166259,-0.5820770964951283
368_369,36.0,34,female,-25.0,1098,0.026411657559198543,0.03825136612021858,0.05919854280510018,0.030054644808743168,0.0036429872495446266,0.0018214936247723133,0.27049180327868855,0.16393442622950818,0.040983606557377046,0.07832422586520947,0.015482695810564663,0.060109289617486336,0.015482695810564663,0.14207650273224043,0.025500910746812388,0.007285974499089253,0.020947176684881604,-0.14728562979976134,0.21782818278483562,0.6503742494956706,-0.02013045431451488,-2.027598496369261,-2.6153851612713805,2.1637383318401486,1.6640548846274001,0.28603643281136915,0.9284685207922978,-0.6694750122160671,0.6655260545162731,-0.6694750122160671,1.5213801168346723,-0.18177180587093078,-1.3916097296492649,-0.37467547199542217
369_370,54.0,41,female,-7.214285714285715,1627,0.01290719114935464,0.02642901044867855,0.08481868469575907,0.02642901044867855,0.01290719114935464,0.004917025199754148,0.4007375537799631,0.1800860479409957,0.02642901044867855,0.02089735709895513,0.005531653349723417,0.05039950829748002,0.003073140749846343,0.08051628764597418,0.03503380454824831,0.013521819299323909,0.015365703749231715,-0.6896410072874746,0.015066995673546746,1.1731763832063016,0.015066995673546746,-0.6896410072874746,-1.6176277789248203,2.723117196775757,1.9241836968470596,0.015066995673546746,-0.21673461838377728,-1.5064021438145963,0.6551043509195438,-2.0529458501826667,1.1213129091967278,0.2940910053822132,-0.6441786332107169,-0.5190154902567112
36_36,66.0,64,male,10.07142857142857,972,0.01440329218106996,0.0051440329218107,0.0874485596707819,0.044238683127572016,0.021604938271604937,0.0,0.11008230452674897,0.37962962962962965,0.029835390946502057,0.009259259259259259,0.015432098765432098,0.056584362139917695,0.00411522633744856,0.18209876543209877,0.0205761316872428,0.00720164609053498,0.012345679012345678,-0.3965414130174971,-1.3659419702056002,1.377826313498689,0.7020708756506129,-0.002637127310408438,-3.763837243003971,1.606800785123692,2.841460677944231,0.3137002009017489,-0.8193982638375306,-0.32985003851882455,0.9456929583083635,-1.5666126656677517,2.108280546471445,-0.05026517629966287,-1.0557870419017603,-0.5449614181357698
370_371,26.0,21,female,-30.615384615384613,1349,0.04966641957005189,0.0385470719051149,0.1430689399555226,0.009636767976278725,0.0014825796886582653,0.0014825796886582653,0.23498888065233506,0.27798369162342473,0.015567086730911787,0.09117865085248332,0.02001482579688658,0.017790956263899184,0.002223869532987398,0.03780578206078577,0.015567086730911787,0.015567086730911787,0.02742772424017791,0.7465881560250112,0.49527372774410505,1.7997380706163637,-0.8628497564090889,-2.5492487099793175,-2.5492487099793175,2.2949383764792737,2.4627190293507164,-0.3974865067198561,1.350701714214559,-0.1513534371809473,-0.2668663243027911,-2.2127764733581046,0.47604236581621784,-0.3974865067198561,-0.3974865067198561,0.1588014911228921
371_372,41.0,21,female,-15.615384615384613,1366,0.012445095168374817,0.024890190336749635,0.07247437774524158,0.02635431918008785,0.0007320644216691069,0.0014641288433382138,0.2913616398243045,0.2774524158125915,0.024158125915080528,0.03587115666178624,0.019765739385065886,0.022693997071742314,0.0029282576866764276,0.0951683748169839,0.0212298682284041,0.0029282576866764276,0.06808199121522694,-0.5394767322254457,0.13928171088240004,1.1984800310096335,0.1956346474335322,-2.9962125050467496,-2.485386881280759,2.586029885075356,2.537176983680771,0.10986782567610698,0.500295056419731,-0.08749160848238802,0.048309932676673384,-1.8976002163786396,1.4696956136078345,-0.017287349809139485,-1.8976002163786396,1.1362838231397276
372_373,49.0,21,female,-7.615384615384613,1136,0.018485915492957746,0.03169014084507042,0.01936619718309859,0.006161971830985915,0.008802816901408451,0.0035211267605633804,0.24911971830985916,0.16549295774647887,0.02640845070422535,0.0528169014084507,0.011443661971830986,0.1936619718309859,0.0035211267605633804,0.11619718309859155,0.011443661971830986,0.02992957746478873,0.05193661971830986,-0.3834052473774179,0.1458540780774107,-0.33794287330066064,-1.4365551619687702,-1.1000829253475573,-1.9473807857347616,2.195753940656772,1.7876398243770304,-0.033731498897669354,0.6511851825257606,-0.8487684970666516,1.9444395123758655,-1.9473807857347616,1.4351244629152418,-0.8487684970666516,0.08950114152627897,0.6345181300405489
373_374,78.0,21,female,21.384615384615387,1169,0.011120615911035072,0.03507271171941831,0.07014542343883662,0.011120615911035072,0.019674935842600515,0.03421727972626176,0.1787852865697177,0.20017108639863132,0.029940119760479042,0.013686911890504704,0.011976047904191617,0.15825491873396064,0.000855431993156544,0.16766467065868262,0.028229255774165955,0.011120615911035072,0.017964071856287425,-0.9351259040653588,0.1878778377269099,0.8749827038308928,-0.9351259040653588,-0.3808151683596295,0.16348638460275078,1.8069081498524497,1.9196399983765915,0.03171710697162755,-0.7344552086032072,-0.8636669400832133,1.6852392925377473,-3.132350481401578,1.7428468417995733,-0.026270150678721738,-0.9351259040653588,-0.4697626543761251
374_375,50.0,21,female,-6.615384615384613,811,0.02466091245376079,0.0752157829839704,0.04562268803945746,0.03329223181257707,0.025893958076448828,0.040690505548705305,0.1159062885326757,0.15659679408138102,0.05425400739827373,0.008631319358816275,0.025893958076448828,0.23304562268803947,0.0,0.10974106041923551,0.011097410604192354,0.008631319358816275,0.030826140567200986,-0.24328702309523242,0.8553252655728771,0.3606290237367702,0.0504740954329308,-0.195658974105978,0.2478335295914258,1.2848879252601022,1.584404455358886,0.5317772799325997,-1.2488088886973299,-0.195658974105978,1.9806771152828861,-3.9568590897995404,1.230526716041215,-1.0124201106331001,-1.2488088886973299,-0.02503345707521465
376_377,79.0,21,male,22.384615384615387,1235,0.010526315789473684,0.012145748987854251,0.1797570850202429,0.004858299595141701,0.017813765182186234,0.017813765182186234,0.12793522267206478,0.22105263157894736,0.03319838056680162,0.015384615384615385,0.029959514170040485,0.15303643724696356,0.0008097165991902834,0.12712550607287448,0.024291497975708502,0.008906882591093117,0.015384615384615385,-0.8905198688326115,-0.7523695303517943,1.911717547329299,-1.6214073773754043,-0.379694245066621,-0.379694245066621,1.5725450390403397,2.11809206758504,0.23248387295965678,-0.5227950887072943,0.13113137869936953,1.7511794702454853,-3.0877444461688315,1.566215903988692,-0.07548287066362969,-1.050862518907791,-0.5227950887072943
377_378,38.0,21,female,-18.615384615384613,1558,0.014762516046213094,0.022464698331193838,0.07445442875481387,0.013478818998716302,0.0019255455712451862,0.0038510911424903724,0.25417201540436457,0.23491655969191272,0.03273427471116817,0.14762516046213095,0.030166880616174584,0.05263157894736842,0.005134788189987163,0.04813863928112965,0.03080872913992298,0.012195121951219513,0.02053915275994865,-0.6086757483003069,-0.19614347296904988,0.9922151035553353,-0.6976232343168025,-2.512913200955052,-1.8938739925488282,2.2169998716244828,2.1383223518762864,0.17590563821927052,1.6745746929862835,0.09505354159017587,0.6471221238902154,-1.6256100059541492,0.5584564868045594,0.11588762849301792,-0.795261703880719,-0.2844360801147281
378_379,22.0,21,female,-34.61538461538461,1486,0.033647375504710635,0.05787348586810229,0.052489905787348586,0.020188425302826378,0.002018842530282638,0.006056527590847914,0.2288021534320323,0.22072678331090176,0.024226110363391656,0.11036339165545088,0.014131897711978465,0.07806191117092867,0.024226110363391656,0.07200538358008075,0.016150740242261104,0.014131897711978465,0.02489905787348587,0.040562340870311964,0.5787334185268311,0.4816876293773604,-0.4636843117976368,-2.6286480269156347,-1.630119196804507,1.9490041301785646,1.9131258425136628,-0.28409873482255676,1.2214995747944242,-0.8133580602773853,0.8764802775947529,-0.28409873482255676,0.7960798521567152,-0.6827378778603213,-0.8133580602773853,-0.25707006243463715
379_380,51.0,21,female,-5.615384615384613,1550,0.013548387096774193,0.014193548387096775,0.03741935483870968,0.012903225806451613,0.0064516129032258064,0.005161290322580645,0.28258064516129033,0.17225806451612904,0.01806451612903226,0.0832258064516129,0.012258064516129033,0.14709677419354839,0.0006451612903225806,0.15354838709677418,0.017419354838709676,0.00967741935483871,0.013548387096774193,-0.5233229301616928,-0.47786055608493605,0.47765088894250063,-0.5709509791509477,-1.2400006081318322,-1.4513097017990395,2.4919839465169273,1.997743701040751,-0.2414717780207054,1.2723050158442821,-0.6209613997256094,1.8401603450389492,-3.1859107571871457,1.8829934450330859,-0.2771898606227845,-0.8505358413701094,-0.5233229301616928
37_37,47.0,64,female,-8.92857142857143,946,0.015856236786469344,0.03805496828752643,0.03276955602536998,0.004228329809725159,0.009513742071881607,0.016913319238900635,0.29069767441860467,0.2526427061310782,0.0200845665961945,0.04439746300211417,0.021141649048625793,0.1331923890063425,0.003171247357293869,0.06553911205073996,0.02854122621564482,0.009513742071881607,0.013742071881606765,-0.5286125173601892,0.3278597193030559,0.18053500454619753,-1.7653751445091155,-1.0181607426788943,-0.4660921603788548,2.3491350873075794,2.2091008755655803,-0.29903807571568874,0.4800515346449812,-0.2490276551410271,1.5707897668821853,-2.016689572790022,0.865714015456966,0.044733463387135686,-1.0181607426788943,-0.6667628558410064
380_381,79.0,22,male,-0.6153846153846132,1195,0.02092050209205021,0.018410041841004185,0.07531380753138076,0.03096234309623431,0.014225941422594143,0.005857740585774059,0.31715481171548116,0.16150627615062763,0.002510460251046025,0.0200836820083682,0.005857740585774059,0.18577405857740587,0.0,0.09205020920502092,0.021757322175732216,0.012552301255230125,0.01506276150627615,-0.019086876860819224,-0.14425001981482533,1.2475845216806807,0.3665756039511656,-0.395564448095731,-1.2428623084829344,2.681089267810485,2.007512183444637,-2.0050023605298315,-0.059092211474518486,-1.2428623084829344,2.1471617725810956,-3.950912509585145,1.447250191932608,0.019379403966977016,-0.5169253050999987,-0.33999459694092016
381_382,77.0,41,female,15.785714285714285,1348,0.008902077151335312,0.019287833827893175,0.03560830860534125,0.005934718100890208,0.016320474777448073,0.06602373887240356,0.04896142433234421,0.08456973293768547,0.02596439169139466,0.000741839762611276,0.00370919881305638,0.5623145400593472,0.000741839762611276,0.08456973293768547,0.01112759643916914,0.01483679525222552,0.010385756676557863,-0.6661876045213049,0.08522848416261652,0.6896475491138774,-1.0518500853332888,-0.07840093961918537,1.3023223764512495,1.0052856988322487,1.5486585741647345,0.37761644765181,-2.786451140721396,-1.4871681565911343,3.439426549959027,-2.786451140721396,1.5486585741647345,-0.4510762249043587,-0.17149136268519793,-0.5177675994030313
382_383,63.0,41,female,1.7857142857142847,1413,0.01132342533616419,0.01627742392073602,0.07572540693559802,0.01556970983722576,0.01556970983722576,0.004953998584571833,0.23425336164189667,0.24628450106157113,0.03397027600849257,0.02264685067232838,0.0028308563340410475,0.11960368011323426,0.0028308563340410475,0.11323425336164189,0.04883227176220807,0.01840056617126681,0.017692852087756547,-0.8364223729971973,-0.4827823327536187,1.0377080936639853,-0.5262674446933575,-0.5262674446933575,-1.6248797333614675,2.163845055722185,2.213855476296846,0.24178104403970524,-0.15854266456804034,-2.135705357127458,1.4930701729167728,-2.135705357127458,1.4385111886663382,0.6015439986670144,-0.3626380209115556,-0.40110430173935185
383_384,81.0,41,male,19.785714285714285,612,0.0016339869281045752,0.0196078431372549,0.0016339869281045752,0.05228758169934641,0.027777777777777776,0.032679738562091505,0.08496732026143791,0.19607843137254902,0.027777777777777776,0.011437908496732025,0.0,0.315359477124183,0.0016339869281045752,0.13725490196078433,0.014705882352941176,0.03104575163398693,0.04411764705882353,-2.199260232136778,-0.07899669593668746,-2.199260232136778,0.8765147490907492,0.2574755406845255,0.4156995458994195,1.3560878293526355,2.1869244126857668,0.2574755406845255,-0.5898223197026784,-3.297872520804888,2.660552172224894,-2.199260232136778,1.8320261941181852,-0.35343354163844776,0.3656891253247583,0.7094606644275827
384_385,61.0,76,male,0.5714285714285694,1720,0.011046511627906977,0.007558139534883721,0.07383720930232558,0.009883720930232558,0.015116279069767442,0.014534883720930232,0.05290697674418605,0.3930232558139535,0.06395348837209303,0.01627906976744186,0.0029069767441860465,0.1511627906976744,0.010465116279069767,0.13430232558139535,0.025,0.011627906976744186,0.006395348837209302,-0.779742594928766,-1.1474673750540831,1.097959304100014,-0.8879561795689983,-0.47301232750629074,-0.5114786083340861,0.7661819117830087,2.766775387112376,0.9548584604593406,-0.400252973223862,-2.0454089682600416,1.8124458006949549,-0.8323863284141875,1.6944228130278218,0.02260387759617144,-0.7297321743541043,-1.3078100251292626
385_386,47.0,53,female,-10.0,1089,0.01652892561983471,0.017447199265381085,0.046831955922865015,0.04499540863177227,0.01928374655647383,0.004591368227731864,0.2846648301193756,0.1919191919191919,0.02938475665748393,0.06519742883379247,0.010101010101010102,0.05417814508723599,0.02203856749311295,0.15151515151515152,0.020202020202020204,0.008264462809917356,0.012855831037649219,-0.6241886384788806,-0.5715449049934591,0.39962243710653045,0.3600132990114848,-0.4739064354295426,-1.8372112783247347,2.1962245308103734,1.8027643687990325,-0.06071928122746817,0.727738079136802,-1.0996123351939557,0.5440169419884242,-0.3432862530124785,1.5670118242539577,-0.42844406135278534,-1.2906675719566651,-0.8678107211366308
386_387,80.0,53,male,23.0,909,0.015401540154015401,0.0231023102310231,0.13861386138613863,0.08690869086908691,0.0242024202420242,0.0011001100110011,0.013201320132013201,0.27502750275027504,0.034103410341034104,0.0165016501650165,0.06930693069306931,0.0671067106710671,0.0033003300330033004,0.19471947194719472,0.013201320132013201,0.0011001100110011,0.0231023102310231,-0.46810157480691217,-0.07419728909982393,1.697992083934134,1.2335067974268452,-0.028734915023066243,-2.7367851161252768,-0.6165215799251857,2.3812086962914787,0.30773732159814626,-0.4014102003082396,1.0087896816652049,0.9767869505790312,-1.8894872557380733,2.036720384682029,-0.6165215799251857,-2.7367851161252768,-0.07419728909982393
387_388,65.0,35,male,5.2307692307692335,1326,0.00904977375565611,0.021116138763197588,0.15535444947209653,0.07767722473604827,0.017345399698340876,0.02262443438914027,0.16968325791855204,0.22926093514328807,0.016591251885369532,0.016591251885369532,0.003770739064856712,0.08144796380090498,0.007541478129713424,0.09879336349924585,0.05279034690799397,0.004524886877828055,0.01583710407239819,-1.1567185275635072,-0.33254308459715753,1.6478532405293251,0.9571244408336614,-0.5254467507216489,-0.26472048825839645,1.7358729870709706,2.0362239152781894,-0.5689318626613877,-0.5689318626613877,-1.9776990796333376,1.004303001108752,-1.3310719147082848,1.196559679746057,0.5731655379464606,-1.810644994970171,-0.6143942367381454
388_389,62.0,35,female,2.2307692307692335,1318,0.004552352048558422,0.002276176024279211,0.006828528072837633,0.015174506828528073,0.0030349013657056147,0.004552352048558422,0.5341426403641881,0.18892261001517452,0.010622154779969651,0.05386949924127466,0.0030349013657056147,0.023520485584218515,0.0,0.04704097116843703,0.06904400606980274,0.009104704097116844,0.024279210925644917,-1.0524535156983017,-1.6714927241045254,-0.6729638939933986,0.09616919354446907,-1.4201782958236198,-1.0524535156983017,3.6332326387388414,2.59520322259168,-0.2501070431733643,1.3454417571000685,-1.4201782958236198,0.5257318532316937,-3.617402873159839,1.2109108641424622,1.592083279681582,-0.3985270482916379,0.5569843967357984
389_390,81.0,35,male,21.230769230769234,1156,0.00865051903114187,0.010380622837370242,0.04671280276816609,0.0034602076124567475,0.0034602076124567475,0.02422145328719723,0.2370242214532872,0.19290657439446368,0.006920415224913495,0.004325259515570935,0.010380622837370242,0.20242214532871972,0.0017301038062283738,0.14186851211072665,0.08044982698961937,0.014705882352941176,0.010380622837370242,-0.8269080905137294,-0.6525547033689518,0.8199173539919911,-1.6742059509009328,-1.6742059509009328,0.17162073959739743,2.436667913272378,2.2311280663764164,-1.0382171841809367,-1.4735352554387822,-0.6525547033689518,2.279172240209127,-2.2619926158030523,1.9246272225282193,1.359678088617434,-0.3160824667477389,-0.6525547033689518
38_38,79.0,64,male,23.07142857142857,1001,0.005994005994005994,0.012987012987012988,0.012987012987012988,0.013986013986013986,0.005994005994005994,0.005994005994005994,0.08591408591408592,0.1978021978021978,0.01098901098901099,0.011988011988011988,0.012987012987012988,0.3876123876123876,0.004995004995004995,0.1018981018981019,0.00999000999000999,0.1008991008991009,0.016983016983016984,-1.2427373776517237,-0.5118498691089317,-0.5118498691089317,-0.44039090512678625,-1.2427373776517237,-1.2427373776517237,1.3456048593845185,2.17624954557393,-0.6721925191841112,-0.5888109102450598,-0.5118498691089317,2.847753615254387,-1.4097914623148902,1.5153232440251476,-0.7631642973898374,1.5055192439285268,-0.2523386736238469
390_391,78.0,35,female,18.230769230769234,1209,0.10587262200165426,0.08023159636062861,0.10587262200165426,0.008271298593879239,0.0041356492969396195,0.01488833746898263,0.19106699751861042,0.13234077750206782,0.022332506203473945,0.021505376344086023,0.010752688172043012,0.06286186931348221,0.0033085194375516956,0.17121588089330025,0.03887510339123242,0.009098428453267164,0.017369727047146403,1.236509629853574,0.9604331035221012,1.236509629853574,-1.2680440173182221,-1.914671182243275,-0.7016485423974208,1.8251605990445885,1.4588746680883702,-0.3052332698091744,-0.34227454148952363,-1.0167295890373165,0.7178714663507897,-2.1153418777054265,1.7157120651890527,0.24131043655889517,-1.177072239112496,-0.5513663393480837
391_392,43.0,38,female,-11.230769230769234,1166,0.030874785591766724,0.07032590051457976,0.044596912521440824,0.005145797598627788,0.002572898799313894,0.003430531732418525,0.307032590051458,0.21526586620926244,0.0137221269296741,0.07289879931389365,0.004288164665523156,0.07375643224699828,0.0008576329331046312,0.09777015437392796,0.030017152658662092,0.007718696397941681,0.01972555746140652,0.329690376726957,1.1451764094791463,0.6931912857360891,-1.3958197069598972,-2.014858915366121,-1.7635444870852153,2.6143067761781857,2.259821105678305,-0.4642615029549537,1.1808944920812254,-1.5628737916230637,1.1925225300763445,-2.8621567757533244,1.4729529391328051,0.30191081261988106,-1.0163300852549941,-0.11062146271137552
392_393,56.0,39,female,-3.4285714285714306,1610,0.014906832298136646,0.029192546583850933,0.055279503105590065,0.003105590062111801,0.0,0.0068322981366459624,0.36832298136645963,0.2602484472049689,0.018633540372670808,0.04906832298136646,0.012422360248447204,0.027950310559006212,0.0018633540372670807,0.06521739130434782,0.07142857142857142,0.003105590062111801,0.012422360248447204,-0.1807520876262485,0.4813045058636658,1.11481342010388,-1.6746771129385047,-4.0725723857368745,-0.9370781698077257,3.006612008872793,2.659638320730331,0.03830147843643594,0.9963318164833566,-0.35900031903256746,0.4382871207799748,-2.126662236681562,1.2792857477391912,1.3698453247849183,-1.6746771129385047,-0.35900031903256746
393_394,56.0,38,male,1.7692307692307665,1283,0.021044427123928292,0.03195635229929852,0.012470771628994544,0.010132501948558068,0.029618082618862042,0.013250194855806703,0.11145752143413874,0.36321122369446607,0.020265003897116135,0.036632891660171474,0.021823850350740453,0.13406079501169135,0.002338269680436477,0.1270459859703819,0.04053000779423227,0.007014809041309431,0.0171473109898675,-0.2966230353272561,0.11488438723687056,-0.8074486590932466,-1.0081193545553981,0.039849201293956416,-0.7486081590703133,1.3555259951998937,2.5344489802876167,-0.3336643070076053,0.2499206710408135,-0.260904952725177,1.5395881964716325,-2.358046071504414,1.4860039503375262,0.35000412959779625,-1.359517241393287,-0.49729373078940764
394_395,37.0,34,male,-24.0,1138,0.014938488576449912,0.026362038664323375,0.0035149384885764497,0.0026362038664323375,0.0008787346221441124,0.008787346221441126,0.24253075571177504,0.18014059753954306,0.03427065026362039,0.058875219683655534,0.03163444639718805,0.30140597539543057,0.0008787346221441124,0.070298769771529,0.007029876977152899,0.008787346221441126,0.007029876977152899,-0.16670633487699682,0.38881946780690013,-1.5248298190301917,-1.7761442473110973,-2.6234421076983017,-0.6775319586429882,2.5933036051559237,2.2965388181298234,0.6473934561006107,1.1832203820720184,0.5684050447819802,2.8102798958559383,-2.6234421076983017,1.359349968618052,-0.8888410523101946,-0.6775319586429882,-0.8888410523101946
395_396,66.0,34,male,5.0,793,0.01639344262295082,0.03783102143757881,0.04918032786885246,0.008827238335435058,0.005044136191677175,0.01639344262295082,0.07313997477931904,0.18158890290037832,0.06305170239596469,0.005044136191677175,0.021437578814627996,0.3669609079445145,0.0025220680958385876,0.09836065573770492,0.005044136191677175,0.021437578814627996,0.027742749054224466,-0.4316143127246912,0.3834226854442915,0.6419966737380016,-1.0194009776268098,-1.5302266013928003,-0.4316143127246912,1.034722756068736,1.9389755093834125,0.8876693381122398,-1.5302266013928003,-0.17210311723960636,2.6407360076214728,-2.11801326629492,1.3287946266192883,-1.5302266013928003,-0.17210311723960636,0.07921131104129975
396_397,57.0,34,female,-4.0,1396,0.009312320916905445,0.011461318051575931,0.053724928366762174,0.07234957020057306,0.025787965616045846,0.002148997134670487,0.2628939828080229,0.20630372492836677,0.022206303724928367,0.05515759312320917,0.01790830945558739,0.0659025787965616,0.008595988538681949,0.13252148997134672,0.03008595988538682,0.0035816618911174787,0.02005730659025788,-1.0967707566406397,-0.8961000611784882,0.6246722141699559,0.9205983563968188,-0.10214818149657745,-2.4466974735896554,2.207262876567868,1.965234643863131,-0.24947289625343583,0.6508174942742779,-0.4607819899206427,0.8277482024333565,-1.1737317977767678,1.5235944399624666,0.050043633845347824,-1.9947123498465982,-0.3495563548104186
398_399,55.0,34,female,-6.0,1053,0.00949667616334283,0.014245014245014245,0.02184235517568851,0.001899335232668566,0.0,0.002849002849002849,0.4188034188034188,0.16524216524216523,0.023741690408357077,0.05698005698005698,0.006647673314339981,0.13865147198480532,0.003798670465337132,0.07502374169040836,0.020892687559354226,0.014245014245014245,0.02564102564102564,-0.6114983314353513,-0.22203356467362845,0.19412683255128416,-2.046582856724674,-3.6560207691587747,-1.7101106201034613,3.1273044314451854,2.1990511530436527,0.275804863565551,1.1397697764379666,-0.9479705680565642,2.024151839858293,-1.4587961918225547,1.4128834330614573,0.15064172061154535,-0.22203356467362845,0.35131241607369645
399_400,49.0,34,female,-12.0,1168,0.003424657534246575,0.007705479452054794,0.039383561643835614,0.0059931506849315065,0.0,0.023116438356164382,0.2046232876712329,0.136986301369863,0.045376712328767124,0.0136986301369863,0.012842465753424657,0.2679794520547945,0.007705479452054794,0.15154109589041095,0.019691780821917807,0.04452054794520548,0.015410958904109588,-1.7621072421185828,-1.0148928402883617,0.5732676736984539,-1.2512816183525923,-3.959331819454802,0.04800136577766878,2.2123687779561134,1.8121093036752138,0.7134970150071043,-0.46282425798832216,-0.5253446149696557,2.4816147211781185,-1.0148928402883617,1.9127859700206138,-0.10918421774474352,0.6946285307027211,-0.34841390681057716
39_39,42.0,54,female,-14.714285714285715,1367,0.03291880029261156,0.03291880029261156,0.038039502560351136,0.038039502560351136,0.027066569129480616,0.005120702267739576,0.15654718361375275,0.3445501097293343,0.04242867593269934,0.038039502560351136,0.021945866861741038,0.12143379663496708,0.000731528895391368,0.051207022677395755,0.027798098024871983,0.005120702267739576,0.016093635698610095,0.12810996766801042,0.12810996766801042,0.27121081130868374,0.27121081130868374,-0.06526142531252921,-1.6746993377466293,1.6787073800791772,2.466316743784618,0.3794243959489165,0.27121081130868374,-0.2718756746755284,1.4253929511316041,-3.2841372501807298,0.5660103515293287,-0.03894411699515565,-1.6746993377466293,-0.5760870490785202
3_3,53.0,65,female,-7.083333333333336,874,0.09496567505720824,0.04004576659038902,0.032036613272311214,0.010297482837528604,0.005720823798627002,0.009153318077803204,0.19794050343249428,0.1945080091533181,0.03775743707093822,0.08695652173913043,0.017162471395881007,0.17963386727688788,0.011441647597254004,0.041189931350114416,0.013729977116704805,0.020594965675057208,0.006864988558352402,1.0925882142706378,0.23727427889519825,0.017645669688433063,-1.080966618979677,-1.6275103253477465,-1.192192254089901,1.8239191818007419,1.8064768791373995,0.17928702124484852,1.005032323246318,-0.5914183936609709,1.7271670406795157,-0.9808831604226946,0.26505384300227375,-0.8065297732779162,-0.41448768550189286,-1.460456240684581
400_401,46.0,35,male,-13.769230769230766,1157,0.01296456352636128,0.045808124459809856,0.037165082108902334,0.013828867761452032,0.003457216940363008,0.018150388936905792,0.36041486603284356,0.18755401901469318,0.015557476231633534,0.07173725151253241,0.011235955056179775,0.10890233362143474,0.000864304235090752,0.05185825410544512,0.045808124459809856,0.003457216940363008,0.011235955056179775,-0.5924166402147111,0.6464249897620493,0.4395042739547268,-0.5298962832333767,-1.8291792673636373,-0.26520372900629496,2.701027880150998,2.048942186388827,-0.41548593205563256,1.091589967716898,-0.7305669786955282,1.506985644027663,-2.9277915560317473,0.769386700896884,0.6464249897620493,-1.8291792673636373,-0.7305669786955282
402_403,66.0,35,male,6.2307692307692335,1718,0.010477299185098952,0.013969732246798603,0.06344586728754366,0.023864959254947613,0.002328288707799767,0.009313154831199068,0.3352735739231665,0.15250291036088476,0.02677532013969732,0.042491268917345754,0.006402793946449359,0.15657741559953434,0.0034924330616996507,0.08149010477299184,0.04831199068684517,0.005238649592549476,0.018044237485448197,-0.8405536686246866,-0.5596512831582845,0.93760014854759,-0.03263097347231314,-2.2542470039326914,-0.9549640198024307,2.598650939000148,1.8119266813227128,0.08112791188434487,0.5389610055098255,-1.3159773653397608,1.8382439896400862,-1.8865222238073742,1.186883088064835,0.666522231147844,-1.5070326021024703,-0.30833685487737794
403_404,65.0,35,female,5.2307692307692335,1413,0.004953998584571833,0.012031139419674451,0.043170559094125975,0.020523708421797595,0.008492569002123142,0.02689313517338995,0.16914366595895258,0.11464968152866242,0.02264685067232838,0.08280254777070063,0.004246284501061571,0.33970276008492567,0.007077140835102618,0.07360226468506724,0.024769992922859165,0.01627742392073602,0.029016277423920735,-1.6835232350766205,-0.836225374689417,0.42061091919358695,-0.31403599227311085,-1.17269761131063,-0.04776801432514688,1.7801271612320846,1.3922517461509067,-0.21718616628319332,1.0680120779653284,-1.8266240787172938,2.476400972791462,-1.3470509984554075,0.9507608157859804,-0.1288935591375151,-0.5414258344687717,0.02726717161776726
404_405,64.0,36,female,5.333333333333336,1686,0.01601423487544484,0.033214709371293,0.06287069988137604,0.02491103202846975,0.00830367734282325,0.04744958481613286,0.20937129300118623,0.25741399762752076,0.019572953736654804,0.039739027283511266,0.011862396204033215,0.10972716488730723,0.002372479240806643,0.10972716488730723,0.022538552787663108,0.00771055753262159,0.01720047449584816,-0.6330248330690575,0.08702980041081254,0.7209341474078972,-0.1977067618112116,-1.2730621883150541,0.44104634668293485,1.9206726475950446,2.126985106963864,-0.4356653989105621,0.26491676013690135,-0.9267859515972199,1.2758440443059071,-2.4431334409653087,1.2758440443059071,-0.29655259644784415,-1.3445211522971987,-0.562820574395809
405_406,70.0,30,female,-3.461538461538467,873,0.011454753722794959,0.030927835051546393,0.046964490263459335,0.010309278350515464,0.010309278350515464,0.01718213058419244,0.19243986254295534,0.19358533791523483,0.0286368843069874,0.006872852233676976,0.033218785796105384,0.12142038946162657,0.01718213058419244,0.18442153493699887,0.013745704467353952,0.052691867124856816,0.0286368843069874,-1.0301945922505724,-0.06738384474152426,0.34412357782260283,-1.1302780508075547,-1.1302780508075547,-0.6407298254888487,1.7453659003783664,1.751283077406455,-0.1428913972496697,-1.5097676725124587,0.002820413931724275,1.28657513573543,-0.6407298254888487,1.7029352932486612,-0.8558412051057949,0.45788246317926085,-0.1428913972496697
406_407,59.0,30,female,-14.461538461538467,1065,0.03004694835680751,0.024413145539906103,0.046009389671361506,0.010328638497652582,0.009389671361502348,0.005633802816901409,0.16338028169014085,0.34460093896713617,0.018779342723004695,0.022535211267605635,0.015023474178403756,0.16901408450704225,0.0028169014084507044,0.09577464788732394,0.01596244131455399,0.014084507042253521,0.012206572769953052,0.14588270454865926,-0.05821265179485602,0.5666152847876118,-0.8930103494178283,-0.9839821276235545,-1.4635552078854408,1.8265673568554492,2.5713659338658585,-0.31493249864267003,-0.13668426723635152,-0.5319970038804973,1.860373392985903,-2.0825944162916645,1.2945054137914305,-0.473156503857564,-0.5945173608618317,-0.7326676993426489
407_408,65.0,39,male,5.571428571428569,1418,0.02679830747531735,0.03737658674188998,0.028208744710860368,0.0028208744710860366,0.0,0.004936530324400564,0.3307475317348378,0.24823695345557123,0.03244005641748942,0.06488011283497884,0.02468265162200282,0.06981664315937941,0.0007052186177715092,0.009167842031029619,0.10366713681241185,0.004231311706629055,0.011283497884344146,0.39255877941929196,0.7215821920275145,0.44320251223804696,-1.7540220650981722,-3.951246642434392,-1.2431964413321817,2.893568836773871,2.6069511603778768,0.5813528507188641,1.2691091826439331,0.31143323460692374,1.3420581822901005,-2.852634353766282,-0.655409776430063,1.735728713905428,-1.386297284972855,-0.4547390809679115
408_409,74.0,37,female,11.615384615384613,1086,0.007366482504604052,0.008287292817679558,0.011970534069981584,0.0,0.0027624309392265192,0.15377532228360957,0.15009208103130756,0.15193370165745856,0.02117863720073665,0.008287292817679558,0.007366482504604052,0.3397790055248619,0.001841620626151013,0.0570902394106814,0.024861878453038673,0.03130755064456722,0.022099447513812154,-0.886181826528452,-0.7749561914182279,-0.42355830458033905,-3.719395170584668,-1.7734850215293547,2.0947353612403985,2.070565000312585,2.0827232047923947,0.13075243112539026,-0.7749561914182279,-0.886181826528452,2.8859027503635337,-2.1099572581505677,1.108918566717633,0.287938014647803,0.5147113340125911,0.1724251275259583
409_410,65.0,36,female,6.333333333333336,1553,0.015453960077269801,0.0360592401802962,0.028976175144880875,0.0077269800386349004,0.0038634900193174502,0.0206052801030264,0.16806181584030908,0.278815196394076,0.032839665164198326,0.021249195106245976,0.019961365099806824,0.20154539600772697,0.0025756600128783,0.12749517063747584,0.009658725048293626,0.0103026400515132,0.014810045074050225,-0.4904271499329509,0.34514037066876346,0.12861205847327284,-1.163371623175376,-1.8172980905820406,-0.2078601781479401,1.8773340160213459,2.3827915287369645,0.2524815401860585,-0.17755482865261119,-0.23911272165204434,2.0586990925893436,-2.185022870707358,1.6016888326436134,-0.9482602435584306,-0.8857398865770971,-0.5320998463335185
40_40,72.0,54,female,15.285714285714285,1117,0.03849597135183527,0.06266786034019696,0.03670546105640107,0.13428827215756492,0.02864816472694718,0.004476275738585497,0.08057296329453895,0.20948970456580127,0.03670546105640107,0.0017905102954341987,0.004476275738585497,0.11906893464637422,0.009847806624888093,0.18800358102059087,0.01432408236347359,0.01342882721575649,0.017009847806624886,0.27487240470714447,0.7577241764307292,0.22780489384915903,1.5160745508014366,-0.01664844405180199,-1.7931404411490686,1.0074613173183864,1.9595670544988404,0.22780489384915903,-2.5815978015133387,-1.7931404411490686,1.3962129444528104,-1.0555414980182896,1.8515971197349423,-0.6945281524809586,-0.757048509462293,-0.5274740678177929
410_411,61.0,35,male,1.2307692307692335,1077,0.004642525533890436,0.014856081708449397,0.06592386258124419,0.014856081708449397,0.0018570102135561746,0.02321262766945218,0.22841225626740946,0.34726090993500464,0.06313834726090993,0.03064066852367688,0.007428040854224698,0.09377901578458682,0.0,0.03899721448467967,0.04735376044568245,0.005571030640668524,0.012070566388115135,-1.4211356722141288,-0.3225233835460197,1.143813685247408,-0.3225233835460197,-2.209593032578399,0.11279468771182621,2.3814782290301904,2.79970803850472,1.1009499808156251,0.3856616743784662,-0.9858176009562833,1.4941750340292876,-3.8190309450124995,0.6236203114778167,0.8156980432171359,-1.2540815875509632,-0.5231940790081704
411_412,49.0,36,female,-9.666666666666664,1409,0.029098651525904896,0.042583392476934,0.03903477643718949,0.014904187366926898,0.0028388928317956,0.0234208658623137,0.22995031937544358,0.20723917672107878,0.0205819730305181,0.061745919091554295,0.016323633782824698,0.1554293825408091,0.0021291696238466998,0.11639460610361958,0.009226401703335699,0.0099361249112846,0.0191625266146203,0.03509193457772852,0.4120418723778716,0.3257815280934646,-0.6225485575253074,-2.18652409588265,-0.17905605382790357,2.0916840434852206,1.9878631740129868,-0.30621122931315004,0.7810373007046443,-0.5336010715088109,1.7007507398563018,-2.437838524163556,1.4123090775465021,-1.0879118072145402,-1.0164528432323956,-0.37641548798639857
412_413,85.0,35,male,25.230769230769234,1539,0.03443794671864847,0.012345679012345678,0.04548408057179987,0.10396361273554255,0.01364522417153996,0.010396361273554255,0.11046133853151396,0.2202729044834308,0.017543859649122806,0.007797270955165692,0.008447043534762833,0.057829759584145546,0.012345679012345678,0.09096816114359974,0.03833658219623132,0.19883040935672514,0.016894087069525665,0.034832886455375967,-0.974434301876884,0.3107639423716382,1.133445175123486,-0.8767958323129674,-1.1414883865400496,1.1938865292769867,1.882625179552166,-0.6306627627740591,-1.4191201231383292,-1.3421590820022011,0.5493898578342251,-0.974434301876884,1.0003587213272156,0.14112754510499936,1.7803689879296813,-0.6677040344544078
413_414,24.0,35,female,-35.76923076923077,1059,0.03588290840415486,0.06043437204910293,0.03871576959395656,0.003777148253068933,0.0018885741265344666,0.010387157695939566,0.3465533522190746,0.13125590179414542,0.016052880075542966,0.12936732766761094,0.0084985835694051,0.05288007554296506,0.004721435316336166,0.09820585457979225,0.03210576015108593,0.012275731822474031,0.0169971671388102,0.31317399916019006,0.8291809816681783,0.3882091851031042,-1.833406845357274,-2.4211935102593936,-0.8951372067643435,2.569239076519343,1.6005803591278718,-0.4752833612040801,1.5861396749730776,-1.086192443527053,0.6967563960188468,-1.6327361498951234,1.3117028292713173,0.20347508190376562,-0.7347945566891649,-0.41971351004926927
414_415,22.0,35,female,-37.76923076923077,1107,0.005420054200542005,0.015356820234869015,0.04065040650406504,0.0018066847335140017,0.0,0.007226738934056007,0.4598012646793135,0.13279132791327913,0.005420054200542005,0.12646793134598014,0.007226738934056007,0.03432700993676603,0.007226738934056007,0.07768744354110207,0.037940379403794036,0.018066847335140017,0.022583559168925023,-1.149299893050157,-0.15890118902227934,0.7966102560051569,-2.104811338077593,-3.7142492505116933,-0.8810359064554771,3.2123277827110317,1.9727261058281265,-1.149299893050157,1.9241054188220525,-0.8810359064554771,0.6295561713419904,-0.8810359064554771,1.4390423439860855,0.7284020059786229,-0.0006771838073853509,0.21757638221263242
415_416,80.0,34,male,19.0,1584,0.019570707070707072,0.021464646464646464,0.012626262626262626,0.05303030303030303,0.03345959595959596,0.07386363636363637,0.07196969696969698,0.2380050505050505,0.03282828282828283,0.007575757575757576,0.021464646464646464,0.25757575757575757,0.003787878787878788,0.07828282828282829,0.011363636363636364,0.050505050505050504,0.012626262626262626,-0.4871267140065694,-0.3961549358008427,-0.916689373693794,0.49963727452497153,0.042567394063804276,0.829324073746057,0.8034605631561376,1.9964563088509228,0.02369890975942157,-1.411385615529901,-0.3961549358008427,2.075377654461901,-2.0653120829365648,0.8871914560666054,-1.0193435277538772,0.4511429245863612,-0.916689373693794
416_417,63.0,34,male,2.0,1195,0.06778242677824267,0.014225941422594143,0.029288702928870293,0.0100418410041841,0.0016736401673640166,0.009205020920502092,0.26276150627615064,0.099581589958159,0.014225941422594143,0.031799163179916316,0.008368200836820083,0.30460251046025105,0.0033472803347280333,0.0803347280334728,0.021757322175732216,0.027615062761506277,0.013389121338912133,1.007695058752247,-0.5307070805651013,0.1766247349868002,-0.8671793171863142,-2.4766172296204148,-0.9505609261253656,2.3580761146459253,1.3904084098769953,-0.5307070805651013,0.2577502797991684,-1.0415327043310927,2.505618589954143,-1.8888305647182961,1.1766350468503703,-0.11576322850239329,0.11863747733645091,-0.5895475805880355
417_418,78.0,34,male,17.0,1383,0.018076644974692697,0.015184381778741865,0.049891540130151846,0.07447577729573392,0.022415039768618944,0.044107013738250184,0.1019522776572668,0.15328994938539406,0.049891540130151846,0.004338394793926247,0.010845986984815618,0.17064352856109907,0.008676789587852495,0.19667389732465654,0.012292118582791034,0.04049168474331164,0.02675343456254519,-0.6461429037453428,-0.8167684207761061,0.356505396661023,0.7547502567957003,-0.43483381007813593,0.234215818902749,1.0674783611735688,1.4741206324547482,0.356505396661023,-2.0130191790081318,-1.1439813319845227,1.581126852022264,-1.359092711601468,1.7228172581935752,-1.022620474980255,0.14941928224267187,-0.2604804229333584
418_419,76.0,34,male,15.0,1060,0.006603773584905661,0.005660377358490566,0.017924528301886792,0.016981132075471698,0.0009433962264150943,0.016981132075471698,0.3745283018867924,0.1792452830188679,0.02358490566037736,0.02547169811320755,0.020754716981132074,0.1349056603773585,0.0037735849056603774,0.11886792452830189,0.03018867924528302,0.016037735849056604,0.007547169811320755,-1.149421391452068,-1.2925222350927412,-0.1939099464246321,-0.2465536799100536,-2.7588593038861684,-0.2465536799100536,2.8208705221000536,2.085327782572423,0.07435404017004732,0.14986159267819277,-0.05080910278395878,1.8020106232053426,-1.6602470152180584,1.675917896173242,0.31691567734135884,-0.30212353106486445,-1.0242582484980622
419_420,72.0,34,female,11.0,1078,0.01020408163265306,0.030612244897959183,0.12894248608534323,0.07235621521335807,0.038033395176252316,0.008348794063079777,0.08070500927643785,0.20408163265306123,0.011131725417439703,0.00927643784786642,0.011131725417439703,0.07235621521335807,0.0055658627087198514,0.27365491651205937,0.01855287569573284,0.008348794063079777,0.016697588126159554,-1.005621612601081,0.06357679086073498,1.4900959532911346,0.915129976818077,0.27772477926636707,-1.1966768493637905,1.0236701453932833,1.947929046916615,-0.9222400036620297,-1.0965933908068082,-0.9222400036620297,0.915129976818077,-1.5761664710686945,2.2407001888758673,-0.42754376182592324,-1.1966768493637905,-0.5301979158860068
41_41,77.0,54,male,20.285714285714285,1209,0.009925558312655087,0.01488833746898263,0.04714640198511166,0.08023159636062861,0.034739454094292806,0.0206782464846981,0.1488833746898263,0.2547559966914806,0.016542597187758478,0.004962779156327543,0.0024813895781637717,0.23986765922249792,0.0008271298593879239,0.03556658395368073,0.033085194375516956,0.01902398676592225,0.036393713813068655,-0.9236468315672544,-0.5316047437912306,0.6024094719277948,1.1304769021282914,0.30012860005486086,-0.21069702371112964,1.7463553018974256,2.2823463674699322,-0.4289505897311474,-1.5775732989739182,-2.196612507380142,2.222228100416456,-3.0439103677673454,0.32338546221912834,0.2519264982369833,-0.29237505472539693,0.3461137132966843
420_421,75.0,37,female,12.615384615384613,1511,0.009265387160820648,0.010589013898080741,0.10919920582395765,0.0033090668431502318,0.004632693580410324,0.009927200529450696,0.5334215751158173,0.1654533421575116,0.0066181336863004635,0.013236267372600927,0.004632693580410324,0.03441429516876241,0.0006618133686300463,0.003970880211780278,0.07875579086697551,0.0026472534745201853,0.009265387160820648,-0.37581959857218017,-0.24660786709217408,2.0590029468184086,-1.345220155760284,-1.0350652274564442,-0.3091282240735085,3.6427356495665544,2.4734906725262102,-0.6985929908352313,-0.029543361854346806,-1.0350652274564442,0.9108449215988688,-2.6445031398905448,-1.1781660710971176,1.7333481233728563,-1.5458908512224347,-0.37581959857218017
421_422,61.0,37,male,-1.3846153846153868,1150,0.008695652173913044,0.01565217391304348,0.02782608695652174,0.00782608695652174,0.0052173913043478265,0.00608695652173913,0.14608695652173914,0.3278260869565217,0.010434782608695653,0.04,0.008695652173913044,0.09565217391304348,0.009565217391304347,0.2234782608695652,0.034782608695652174,0.004347826086956522,0.02782608695652174,-0.957514039265801,-0.3911185643449997,0.17235079290641275,-1.0575974978227842,-1.4370871195276873,-1.293986275887014,1.8180464533631373,2.6246812722598003,-0.7831606521210235,0.5305630161640318,-0.957514039265801,1.3961262245285284,-0.8665422610600748,2.242130423674512,0.3924126776832142,-1.6041412041908538,0.17235079290641275
422_423,53.0,33,female,-6.92307692307692,1380,0.017391304347826087,0.007246376811594203,0.07536231884057971,0.0007246376811594203,0.0036231884057971015,0.005072463768115942,0.1927536231884058,0.2797101449275362,0.03840579710144928,0.0463768115942029,0.02608695652173913,0.1855072463768116,0.0036231884057971015,0.07391304347826087,0.016666666666666666,0.010869565217391304,0.016666666666666666,-0.24527378471911376,-1.092571645106318,1.2052401691350703,-3.0384817941616307,-1.73919881003137,-1.429043881727531,2.1414273413361036,2.5131849657576812,0.5357347516321656,0.7227183215319313,0.15336535831865028,2.1031817623410287,-1.73919881003137,1.1859158963086673,-0.28694648111968224,-0.7031068783445944,-0.28694648111968224
423_424,59.0,33,male,-0.9230769230769198,1108,0.01263537906137184,0.015342960288808664,0.1371841155234657,0.01263537906137184,0.018050541516245487,0.002707581227436823,0.09386281588447654,0.2518050541516246,0.01444043321299639,0.016245487364620937,0.026173285198555957,0.03429602888086643,0.0009025270758122744,0.3249097472924188,0.011732851985559567,0.0018050541516245488,0.02527075812274368,-0.48532553772208287,-0.2972733062191426,1.8676904088988548,-0.48532553772208287,-0.13904930100424862,-1.9067112186532431,1.4897128842562544,2.4735281054465426,-0.3561138062420768,-0.24170345506433177,0.2249160761971627,0.4911840541451271,-2.7540090790404466,2.7280177695763923,-0.5567845017042274,-2.243183455274456,0.1904299001259937
424_425,78.0,33,female,18.07692307692308,1567,0.012125079770261647,0.008934269304403318,0.12699425654116145,0.004467134652201659,0.0025526483726866626,0.0025526483726866626,0.21569878749202298,0.3886407147415444,0.022335673261008295,0.004467134652201659,0.01723037651563497,0.031269942565411615,0.0012763241863433313,0.13592852584556478,0.01595405232929164,0.0006381620931716656,0.008934269304403318,-0.1824921445601424,-0.4787579607033141,2.142907626200075,-1.1380035895875782,-1.6488292133535696,-1.6488292133535696,2.6716174822224863,3.259732338791483,0.41662608635152676,-1.1380035895875782,0.16127939454268247,0.7490660594448015,-2.236615878255688,2.210730222538836,0.08577184203453747,-2.7474415020216787,-0.4787579607033141
425_426,50.0,33,female,-9.92307692307692,1606,0.00809464508094645,0.0323785803237858,0.06102117061021171,0.0024906600249066002,0.0018679950186799503,0.016811955168119553,0.2559153175591532,0.23038605230386053,0.023661270236612703,0.050435865504358655,0.029265255292652552,0.14881693648816938,0.00311332503113325,0.09277708592777086,0.009962640099626401,0.02054794520547945,0.012453300124533,-1.0794966568144777,0.2786268273387167,0.9078702059191821,-2.178108945482587,-2.4294233737634934,-0.36800033758633566,2.3376226778582634,2.23266710247728,-0.03152810096512271,0.7184166779879559,0.17854336878173438,1.7963670745921085,-1.9774382500204362,1.32511005057188,-0.8788259613523262,-0.17064090342784066,-0.6617614561144989
426_427,63.0,33,female,3.07692307692308,1220,0.007377049180327869,0.010655737704918032,0.010655737704918032,0.001639344262295082,0.001639344262295082,0.02622950819672131,0.32049180327868854,0.28442622950819674,0.018032786885245903,0.004098360655737705,0.011475409836065573,0.16557377049180327,0.002459016393442623,0.11475409836065574,0.012295081967213115,0.001639344262295082,0.006557377049180328,-0.6539765670994866,-0.30257868026159773,-0.30257868026159773,-1.9889776338318264,-1.9889776338318264,0.5759717236297099,3.064717149724876,2.945496299298865,0.20824694350439277,-1.2005202734675562,-0.23111971627945316,2.405471520840612,-1.6525053972106134,2.0399391230678185,-0.16442834178078058,-1.9889776338318264,-0.7652022022097107
427_428,67.0,33,male,7.07692307692308,1186,0.00927487352445194,0.0193929173693086,0.031197301854974706,0.0042158516020236085,0.0016863406408094434,0.005902192242833052,0.12225969645868466,0.357504215851602,0.022765598650927487,0.010961214165261383,0.026981450252951095,0.2057335581787521,0.0008431703204047217,0.13069139966273188,0.021922428330522766,0.003372681281618887,0.025295109612141653,-0.7011299686302235,0.013523417150685724,0.48086392897693786,-1.4387289117610025,-2.2271862721252726,-1.1285739834571626,1.8366990826121197,2.9074350017519746,0.17070900067309802,-0.540787318555044,0.33776308533626453,2.355738304915499,-2.738011895891263,1.9031687276198612,0.13366772899274926,-1.6393996072231531,0.27424967961393865
428_429,75.0,33,male,15.07692307692308,1370,0.014598540145985401,0.021167883211678833,0.02846715328467153,0.00583941605839416,0.00291970802919708,0.0021897810218978104,0.30364963503649633,0.2875912408759124,0.014598540145985401,0.01897810218978102,0.012408759124087591,0.15401459854014599,0.00583941605839416,0.06715328467153285,0.021167883211678833,0.010218978102189781,0.029197080291970802,-0.3871421224150331,-0.02317674521362134,0.26873366334768045,-1.2675008450631249,-1.903489611783122,-2.1548040400640276,2.6243194530475016,2.5700521317265332,-0.3871421224150331,-0.13042227556721908,-0.5453661276299271,1.9466579899269372,-1.2675008450631249,1.1196416359589838,-0.02317674521362134,-0.7334183591328665,0.2937349655530981
429_430,87.0,33,male,27.07692307692308,1087,0.0036798528058877645,0.04231830726770929,0.005519779208831647,0.00827966881324747,0.0009199632014719411,0.006439742410303588,0.07451701931922723,0.20239190432382706,0.015639374425023,0.020239190432382703,0.03863845446182153,0.34774609015639374,0.004599816007359705,0.062557497700092,0.02391904323827047,0.12143514259429623,0.021159153633854646,-1.7075248682051791,0.6278500476118576,-1.339800088079862,-0.960310466374958,-2.8061371568732882,-1.1966992444391886,1.189000755265364,2.184295429905448,-0.3494013840519852,-0.09808695577107862,0.537901810948918,2.7246138078960502,-1.5068541727430276,1.0152314802867264,0.06554246801072328,1.6749803804448238,-0.054601843831339814
42_42,59.0,54,female,2.2857142857142847,1506,0.013944223107569721,0.015272244355909695,0.028552456839309428,0.025896414342629483,0.0099601593625498,0.0026560424966799467,0.2337317397078353,0.31673306772908366,0.03054448871181939,0.13280212483399734,0.013944223107569721,0.06706507304116865,0.0013280212483399733,0.055776892430278883,0.02257636122177955,0.01593625498007968,0.013280212483399735,-0.5727779505184447,-0.4838304645019491,0.13193005244257616,0.03546978625501396,-0.8999908617268613,-2.1367534888757884,2.2242197366002614,2.527733274268723,0.1986214269412483,1.6599833610945618,-0.5727779505184447,0.9792279128297801,-2.724540153777907,0.7959206487110659,-0.0998715616147483,-0.44215776810138063,-0.6204059995076996
431_432,78.0,31,female,0.6428571428571388,1340,0.022388059701492536,0.04402985074626865,0.07835820895522388,0.0029850746268656717,0.002238805970149254,0.0014925373134328358,0.3701492537313433,0.19552238805970149,0.004477611940298508,0.020895522388059702,0.0037313432835820895,0.029104477611940297,0.0014925373134328358,0.191044776119403,0.009701492537313432,0.008208955223880597,0.014179104477611941,0.3180204940290281,0.9862701229672459,1.5590047633317834,-1.5956287928080641,-1.8469432210889698,-2.1834154577101827,3.107877293900889,2.4705448924473403,-1.227904012682746,0.250197897690267,-1.3949580973459126,0.5765944823227382,-2.1834154577101827,2.447422475026486,-0.49701650413995413,-0.6573591542151336,-0.12929172401463696
432_433,78.0,31,male,0.6428571428571388,1217,0.012325390304026294,0.005751848808545604,0.06409202958093672,0.009860312243221035,0.007395234182415777,0.0049301561216105174,0.29663105998356615,0.1799506984387839,0.011503697617091208,0.00657354149548069,0.0049301561216105174,0.12818405916187345,0.00657354149548069,0.1791290057518488,0.012325390304026294,0.05094494658997535,0.018898931799506986,-0.5737606080065873,-1.299697611389524,1.048497992856574,-0.7888719876235335,-1.0633088333252934,-1.4427984550301973,2.5756614096670307,2.0767516005834374,-0.6404519825052599,-1.1745344684355183,-1.4427984550301973,1.7384553780484193,-1.1745344684355183,2.0721853826038563,-0.5737606080065873,0.820565924810567,-0.1576002107816752
433_434,80.0,31,male,2.642857142857139,1487,0.2078009414929388,0.026899798251513115,0.23806321452589105,0.0006724949562878278,0.004034969737726967,0.01613987895090787,0.08876933422999328,0.0605245460659045,0.008742434431741762,0.0020174848688634837,0.005379959650302623,0.20376597175521183,0.0026899798251513113,0.11970410221923336,0.004034969737726967,0.006724949562878279,0.004034969737726967,2.519111777548173,0.485455659536016,2.6548620313957043,-2.810381206468313,-1.344044137674886,-0.017173197025796227,1.6707363308497993,1.289503536129403,-0.613156629132094,-1.9630833460811097,-1.075780151080207,2.499535295923075,-1.711768917800204,1.968742286643216,-1.344044137674886,-0.8644710574129997,-1.344044137674886
434_435,78.0,32,female,24.846153846153847,985,0.017258883248730966,0.03553299492385787,0.0649746192893401,0.04467005076142132,0.006091370558375634,0.008121827411167513,0.2517766497461929,0.18071065989847715,0.012182741116751269,0.018274111675126905,0.013197969543147208,0.1766497461928934,0.0020304568527918783,0.11370558375634518,0.04467005076142132,0.003045685279187817,0.007106598984771574,-0.37405210217328744,0.33327971337861406,0.930412240698971,0.5592362060694387,-1.3644508062011642,-1.0961868196064852,2.2791898624339275,1.948335618116938,-0.7105243387945004,-0.3184822510184766,-0.6335632976583723,1.925671758539726,-2.319962251228601,1.4867002385417192,0.5592362060694387,-1.983490014607388,-1.2213499625604909
435_436,67.0,32,male,13.846153846153847,1147,0.024411508282476024,0.008718395815170008,0.00959023539668701,0.015693112467306015,0.0017436791630340018,0.011333914559721011,0.3234524847428073,0.09328683522231909,0.016564952048823016,0.03312990409764603,0.004359197907585004,0.2598081952920663,0.0052310374891020054,0.10723626852659111,0.045335658238884045,0.03400174367916303,0.006102877070619006,0.0828412538695047,-0.9156875762416221,-0.8247157980358959,-0.3492921013208208,-2.350772101530945,-0.6643731479607164,2.650486030752714,1.4104280141626173,-0.2966483678353993,0.38359540788863855,-1.562314741166675,2.4317070994275567,-1.3952606565035084,1.5491783226629319,0.693750336192478,0.4092378385019759,-1.252159812862835
436_437,45.0,32,male,-8.153846153846153,1132,0.024734982332155476,0.011484098939929329,0.04063604240282685,0.00265017667844523,0.0035335689045936395,0.022084805653710248,0.0892226148409894,0.09010600706713781,0.006183745583038869,0.045936395759717315,0.0017667844522968198,0.4796819787985866,0.0017667844522968198,0.0353356890459364,0.013250883392226149,0.027385159010600707,0.10424028268551237,0.18455959523328014,-0.5626548065969414,0.6741078205519857,-1.9125815235459571,-1.6612670952650506,0.0733339601230556,1.4547143064405175,1.4645183065371379,-1.15044147149906,0.7954686775562534,-2.24905376016717,3.1326852145199395,-2.24905376016717,0.5359574820711686,-0.4245044681161243,0.28464305379026245,1.609568468533861
437_438,21.0,32,female,-32.15384615384615,1108,0.017148014440433214,0.05685920577617329,0.14891696750902528,0.002707581227436823,0.002707581227436823,0.0018050541516245488,0.3528880866425993,0.15162454873646208,0.02527075812274368,0.10288808664259928,0.01263537906137184,0.023465703971119134,0.01444043321299639,0.018050541516245487,0.027978339350180504,0.01263537906137184,0.027978339350180504,-0.3348116992068775,0.8458137411220674,1.803745030040539,-2.0524631962812103,-2.0524631962812103,-2.3889354329024233,2.664759350654279,1.821709585015838,0.04467792249802649,1.4353486582177157,-0.6310775153500501,-0.028081431784402255,-0.501865783870044,-0.2848012786322158,0.1447613810550088,-0.6310775153500501,0.1447613810550088
438_439,32.0,32,female,-21.153846153846153,1055,0.04834123222748815,0.04739336492890995,0.15355450236966825,0.0018957345971563982,0.0,0.0,0.2995260663507109,0.14123222748815165,0.015165876777251185,0.12796208530805686,0.01800947867298578,0.037914691943127965,0.004739336492890996,0.03981042654028436,0.031279620853080566,0.017061611374407582,0.016113744075829384,0.8604837587395684,0.8408752873511922,2.0095799528396703,-2.164807317055967,-3.7742452294900675,-3.7742452294900675,2.676225192654109,1.9261983439006192,-0.2777376680235868,1.8278735913896336,-0.11068358336042072,0.6202039251823717,-1.3763499566916968,0.6684060270002492,0.4304473899008987,-0.16332731684584267,-0.2188971680006535
439_440,71.0,32,male,17.846153846153847,1101,0.011807447774750226,0.04268846503178928,0.01907356948228883,0.014532243415077202,0.010899182561307902,0.04450499545867393,0.3079019073569482,0.16076294277929154,0.014532243415077202,0.03360581289736603,0.011807447774750226,0.1371480472297911,0.0018165304268846503,0.11807447774750227,0.04087193460490463,0.012715712988192553,0.01725703905540418,-0.8720099972726159,0.3860300283235958,-0.4066467475833826,-0.6713393018104652,-0.948971038408744,0.4272729868576448,2.352774264281751,1.7042709261984708,-0.6713393018104652,0.14964125025936514,-0.8720099972726159,1.545885942232424,-2.5584089508428445,1.3966735440457483,0.34301264323990477,-0.8005510332904713,-0.5042852171472987
43_43,46.0,54,female,-10.714285714285715,1646,0.013365735115431349,0.010328068043742407,0.05164034021871203,0.10145808019441069,0.0425273390036452,0.0054678007290400975,0.22235722964763063,0.1919805589307412,0.024301336573511544,0.12697448359659783,0.007897934386391251,0.041312272174969626,0.05224787363304982,0.054678007290400975,0.018226002430133656,0.014580801944106925,0.020656136087484813,-0.9283579097728998,-1.1796723380538063,0.4066431569594404,1.0791101322818468,0.2137394908349486,-1.7905814203767791,1.8621253023434319,1.7154500226009566,-0.3405712448707807,1.302850520378918,-1.4391835335388903,0.18496052628490522,0.41827119495455944,0.4634766317226062,-0.6241465353699085,-0.8432001014325934,-0.5009138949459602
441_442,70.0,33,male,10.07692307692308,1195,0.005857740585774059,0.012552301255230125,0.03765690376569038,0.002510460251046025,0.005857740585774059,0.0008368200836820083,0.3112970711297071,0.24769874476987447,0.012552301255230125,0.0794979079497908,0.021757322175732216,0.03347280334728033,0.012552301255230125,0.18744769874476988,0.015899581589958158,0.0008368200836820083,0.011715481171548118,-1.0640397827845591,-0.33810277940162337,0.7387695226300806,-1.8261798348314562,-1.0640397827845591,-2.6734776952186596,2.84129423449279,2.6131044151109557,-0.33810277940162337,1.4801834441598603,0.19820192966535233,0.622359170785669,-0.33810277940162337,2.334932903855485,-0.10852833775712334,-2.6734776952186596,-0.40479415390029594
442_443,58.0,34,male,-3.0,1321,0.04239212717638153,0.056018168054504165,0.03406510219530658,0.041635124905374715,0.000757002271006813,0.008327024981074944,0.14080242240726723,0.3020439061317184,0.021196063588190765,0.026495079485238455,0.06056018168054504,0.1854655563966692,0.001514004542013626,0.045420136260408785,0.01968205904617714,0.005299015897047691,0.008327024981074944,0.5160105170203697,0.7925690042534881,0.2994822048248791,0.49815289962036324,-3.112765013023861,-1.0758830857628214,1.7102011179518446,2.471983644074304,-0.16832603385742084,0.05130257534934435,0.870027063292492,1.9850668261025497,-2.6019393892578706,0.5844132439047702,-0.24108538813984914,-1.5033271005897606,-1.0758830857628214
443_444,29.0,30,female,-44.46153846153847,1020,0.04607843137254902,0.21666666666666667,0.14411764705882352,0.016666666666666666,0.000980392156862745,0.00784313725490196,0.14215686274509803,0.10392156862745099,0.006862745098039216,0.09411764705882353,0.01568627450980392,0.052941176470588235,0.008823529411764706,0.09509803921568627,0.010784313725490196,0.0058823529411764705,0.03137254901960784,0.48875475278881186,2.0284476312334068,1.6218532175280909,-0.5097740773223154,-2.9665098501436193,-1.2319087947555132,1.6082011283597635,1.2961700268976961,-1.3570719377095188,1.1975680500931567,-0.5686145773452487,0.6262257434174145,-1.1206831596452882,1.207877419752018,-0.9296279228825797,-1.5001727813501922,0.1092651310839079
445_446,83.0,30,female,9.538461538461533,984,0.054878048780487805,0.011178861788617886,0.012195121951219513,0.006097560975609756,0.0020325203252032522,0.046747967479674794,0.0741869918699187,0.19613821138211382,0.031504065040650404,0.012195121951219513,0.0508130081300813,0.3678861788617886,0.013211382113821139,0.049796747967479675,0.02540650406504065,0.04065040650406504,0.00508130081300813,0.6984072078071657,-0.8574464584928281,-0.7740648495537776,-1.4279913169604415,-2.383502761987878,0.5396588187312776,0.9974919123567583,1.9654840186078035,0.15019405196955438,-0.7740648495537776,0.6221798424192815,2.5932309804326965,-0.6971038084176486,0.6021791757126116,-0.06111504169765247,0.4015084802504605,-1.595045401623608
446_447,72.0,30,female,-1.461538461538467,1222,0.013911620294599018,0.016366612111292964,0.08265139116202946,0.006546644844517185,0.0,0.020458265139116204,0.32896890343698854,0.16939443535188217,0.0057283142389525366,0.03600654664484452,0.016366612111292964,0.08019639934533551,0.0016366612111292963,0.1751227495908347,0.02536824877250409,0.0057283142389525366,0.015548281505728314,-0.35320427103573104,-0.19498026582083705,1.404653646516643,-1.0753389884689288,-3.908552332525145,0.02327330019918117,2.782289944893419,2.1197261877055538,-1.2005021314229345,0.5800840372069951,-0.19498026582083705,1.374651396212844,-2.2991144200910445,2.1529045864028724,0.23458239386638802,-1.2005021314229345,-0.24499068639549781
447_448,66.0,31,male,-11.357142857142861,960,0.007291666666666667,0.005208333333333333,0.028125,0.015625,0.004166666666666667,0.004166666666666667,0.20833333333333334,0.40625,0.017708333333333333,0.023958333333333335,0.016666666666666666,0.05520833333333333,0.003125,0.18541666666666667,0.011458333333333333,0.0,0.007291666666666667,-0.7530247402172652,-1.063179668521105,0.5462582439129955,-0.027087736834328524,-1.2638503639832557,-1.2638503639832557,2.5328864859870936,3.199500208520211,0.09427312016993827,0.38907266039058364,0.03543262014700499,1.211753893142431,-1.5151647922641622,2.416660840460164,-0.3255807253903251,-3.461074941319475,-0.7530247402172652
448_449,82.0,31,female,4.642857142857139,1297,0.03238242097147263,0.015420200462606014,0.05474171164225135,0.005397070161912105,0.0,0.028527370855821126,0.29606784888203547,0.3006939090208173,0.026985350809560524,0.02313030069390902,0.002313030069390902,0.08095605242868158,0.0,0.08404009252120277,0.018504240555127217,0.025443330763299923,0.005397070161912105,0.600578947101805,-0.12850024268420412,1.1207723208713958,-1.1340221082863016,-3.842072309388511,0.47541580414779894,2.8030186601171323,2.8185028404511745,0.4206075676528038,0.2688015547847997,-1.8961621603331986,1.509785824087555,-3.842072309388511,1.5469994204279893,0.04974798872211483,0.36262031000245454,-1.1340221082863016
449_450,85.0,31,female,7.642857142857139,857,0.13302217036172695,0.024504084014002333,0.03733955659276546,0.015169194865810968,0.0011668611435239206,0.012835472578763127,0.10151691948658109,0.10968494749124855,0.019836639439906652,0.0,0.008168028004667444,0.4597432905484247,0.0,0.050175029171528586,0.010501750291715286,0.005834305717619603,0.010501750291715286,2.0812142575570918,0.4086923696964142,0.8218795238984891,-0.05667087999281861,-2.2538954573290386,-0.21701353006799806,1.8122782279263658,1.8892392690624944,0.20284031549226578,-3.3525077459971477,-0.6444575448949381,3.318258574848726,-3.3525077459971477,1.1134003726574355,-0.4080687668307075,-0.954612473198778,-0.4080687668307075
44_44,60.0,62,male,6.071428571428569,737,0.027137042062415198,0.04206241519674356,0.06105834464043419,0.018995929443690638,0.0,0.013568521031207599,0.22116689280868385,0.23609226594301222,0.033921302578018994,0.036635006784260515,0.008141112618724558,0.08683853459972862,0.0013568521031207597,0.14654002713704206,0.027137042062415198,0.027137042062415198,0.012211668928086838,0.028958537587489896,0.4585211972747145,0.8262459774000321,-0.3173176991303439,-3.6846135291168176,-0.640091091393395,2.1053466417804354,2.1704583930856094,0.24721210360750767,0.3227196561156531,-1.1196641716552813,1.175198875244854,-2.5860012404487085,1.6952838244236414,0.028958537587489896,0.028958537587489896,-0.7401745499503773
450_451,84.0,31,male,6.642857142857139,1414,0.013437057991513438,0.018387553041018388,0.042432814710042434,0.02333804809052334,0.007072135785007072,0.0049504950495049506,0.2637906647807638,0.22065063649222066,0.016973125884016973,0.010608203677510608,0.0021216407355021216,0.03041018387553041,0.0021216407355021216,0.31117397454031115,0.007072135785007072,0.002828854314002829,0.02263083451202263,-0.29652388496545834,0.010206382457017327,0.8357050145016367,0.24460708829586153,-0.9155630933716812,-1.2520353299928941,2.6559796540377127,2.477666118641297,-0.06826523298447773,-0.5260983266099584,-2.014175382039791,0.5058225875594791,-2.014175382039791,2.820972094841075,-0.9155630933716812,-1.7628609537588855,0.2143017388005326
451_452,89.0,31,male,11.642857142857139,1077,0.005571030640668524,0.012999071494893221,0.06220984215413185,0.002785515320334262,0.003714020427112349,0.02042711234911792,0.10584958217270195,0.2618384401114206,0.02692664809656453,0.008356545961002786,0.007428040854224698,0.15970287836583102,0.0018570102135561746,0.28969359331476324,0.011142061281337047,0.005571030640668524,0.013927576601671309,-1.1716154101792928,-0.3692689376543554,1.1687100107976,-1.7906546185855157,-1.53934019030461,0.0700977221294905,1.6971572359134104,2.6002609635056118,0.34097267626489014,-0.7921257884743889,-0.903351423584613,2.1069796493905306,-2.1271268552067286,2.7011868820955725,-0.5176889427726281,-1.1716154101792928,-0.30257756315568285
452_453,77.0,31,male,-0.3571428571428612,928,0.010775862068965518,0.014008620689655173,0.01293103448275862,0.004310344827586207,0.0,0.04525862068965517,0.11314655172413793,0.21551724137931033,0.023706896551724137,0.011853448275862068,0.015086206896551725,0.3103448275862069,0.0,0.19504310344827586,0.009698275862068966,0.017241379310344827,0.0010775862068965517,-0.3464297380980508,-0.09511530981714422,-0.17207635095327234,-1.1937275984852542,-3.3909521758214733,1.0516990806688429,1.9609059576545929,2.603009251485096,0.4157103139488463,-0.25545795989232367,-0.023656345834999648,2.966890090686626,-3.3909521758214733,2.503450658443377,-0.4465131966550331,0.10555538564500644,-2.2923398871533633
453_454,85.0,30,female,11.538461538461533,1104,0.029891304347826088,0.012681159420289856,0.058876811594202896,0.0018115942028985507,0.0036231884057971015,0.049818840579710144,0.06521739130434782,0.17391304347826086,0.010869565217391304,0.0018115942028985507,0.009057971014492754,0.4230072463768116,0.0009057971014492754,0.13768115942028986,0.01177536231884058,0.0018115942028985507,0.007246376811594203,0.6068014174818965,-0.23059537192259594,1.277306121292082,-1.9884532894749691,-1.4006666245728505,1.1116389994032647,1.378842540511505,2.3553521323787145,-0.37901537704086863,-1.9884532894749691,-0.5533687641856471,3.2426553273796173,-2.4992789132409596,2.122420574698342,-0.3020543359047405,-1.9884532894749691,-0.7646778578528535
454_455,79.0,30,male,5.538461538461533,1322,0.024205748865355523,0.012102874432677761,0.049167927382753406,0.00680786686838124,0.00680786686838124,0.01059001512859304,0.1422087745839637,0.13767019667170954,0.009077155824508321,0.0030257186081694403,0.00529500756429652,0.2745839636913767,0.0037821482602118004,0.2692889561270802,0.019667170953101363,0.018154311649016642,0.007564296520423601,0.16135804005139542,-0.5165216683777611,0.8621680933569098,-1.0685902506778016,-1.0685902506778016,-0.6457333998577681,1.919215957603769,1.8868681237382499,-0.7941534049760408,-1.8158046525080227,-1.3049790287420313,2.5758972476892774,-1.6151339570458711,2.556452190570054,-0.042737316292119854,-0.12120893173361535,-0.9685067921208192
455_456,80.0,30,female,6.538461538461533,1777,0.010692177827799663,0.012943162633652222,0.13111986494091166,0.007315700619020821,0.006752954417557681,0.007878446820483961,0.37084974676420934,0.2245357343837929,0.010692177827799663,0.021947101857062466,0.021947101857062466,0.05514912774338773,0.0011254924029262803,0.07371975239167136,0.032076533483398985,0.0028137310073157004,0.008441193021947102,-0.621973927688678,-0.43538797210826585,1.8607936838505728,-0.9896987078139952,-1.0666597489501233,-0.9182397438318506,2.89909357889899,2.3978253719479503,-0.621973927688678,0.08391227864869721,0.08391227864869721,0.9976681549196642,-2.676097661384224,1.2866184583594404,0.45939655454492545,-1.8876403010199536,-0.851548369333178
456_457,76.0,30,male,2.538461538461533,1241,0.023368251410153102,0.023368251410153102,0.015310233682514102,0.0056406124093473006,0.011281224818694601,0.024174053182917002,0.07735697018533441,0.22159548751007252,0.016921837228041903,0.004834810636583401,0.012087026591458501,0.19500402900886382,0.0032232070910556,0.3029814665592264,0.0128928283642224,0.041901692183722805,0.008058017727639,-0.013041800230877865,-0.013041800230877865,-0.4270175980069508,-1.3825290430343875,-0.7232834141501234,0.020294620036713784,1.172110944768288,2.2211555650163173,-0.3293791284430352,-1.5256298866750608,-0.6565920396514509,2.0935696468008858,-1.893354666800378,2.5334859836632964,-0.5940716826701173,0.563381106020926,-1.0460568064131746
457_458,73.0,30,male,-0.461538461538467,1609,0.020509633312616533,0.026724673710379118,0.14605344934742076,0.00435052827843381,0.006836544437538844,0.011187072715972654,0.14108141702921068,0.15040397762585456,0.004972032318210068,0.04723430702299565,0.0509633312616532,0.1485394655065258,0.004972032318210068,0.13673088875077688,0.022995649471721565,0.06774394033561218,0.00870105655686762,-0.3671767159754151,-0.10596121671179759,1.5829887586500366,-1.8638191342641712,-1.4363751194372312,-0.960951422722157,1.5484280835845692,1.612279555571102,-1.7386559913101656,0.458568586026054,0.5340761385341994,1.599831262044534,-1.7386559913101656,1.5171755400804647,-0.2543812218300707,0.8172023944501197,-1.2045735053799072
458_459,84.0,30,female,10.538461538461533,1401,0.006423982869379015,0.037116345467523196,0.05424696645253391,0.004996431120628123,0.0021413276231263384,0.0035688793718772305,0.16916488222698073,0.2798001427551749,0.01998572448251249,0.026409707351891507,0.014275517487508922,0.145610278372591,0.005710206995003569,0.1763026409707352,0.02069950035688794,0.015703069236259814,0.017844396859386154,-1.2585795309884182,0.450941840002665,0.8274194112375768,-1.494968309052648,-2.257108361099545,-1.8051232373564878,1.9602962938797828,2.46266520762755,-0.15996724232030823,0.11446960338145207,-0.48944644345055055,1.8106966458879432,-1.3698051660986423,2.001539252413832,-0.12548106624913924,-0.3963560203845389,-0.2711928774305332
459_460,87.0,30,female,13.538461538461533,1247,0.009623095429029671,0.008821170809943865,0.020048115477145148,0.00400962309542903,0.0032076984763432237,0.0032076984763432237,0.26142742582197276,0.35846030473135526,0.015236567762630313,0.016840417000801924,0.01603849238171612,0.04731355252606255,0.0008019246190858059,0.18203688853247796,0.023255813953488372,0.00801924619085806,0.02165196471531676,-0.5824595307002394,-0.6658411396392898,0.1304902771558858,-1.4034400827700697,-1.6041107782322204,-1.6041107782322204,2.680241773707991,2.9954883627064155,-0.1377737094387932,-0.04013523987487755,-0.08776328886413243,0.9777881375430892,-2.7027230669003304,2.3189620633825103,0.27620208833727933,-0.7568129178450169,0.2059978296640308
45_45,71.0,61,male,15.230769230769234,723,0.009681881051175657,0.02074688796680498,0.08298755186721991,0.030428769017980636,0.0013831258644536654,0.0013831258644536654,0.2351313969571231,0.1037344398340249,0.005532503457814661,0.015214384508990318,0.008298755186721992,0.1078838174273859,0.0027662517289073307,0.32088520055325037,0.030428769017980636,0.0027662517289073307,0.02074688796680498,-0.6652647526139841,0.06067225076895166,1.4224755918805463,0.433347536054125,-2.2747026650480846,-2.2747026650480846,2.4585675235673223,1.6439648830987297,-1.1760903763799755,-0.23782073778704493,-0.8083655962546574,1.6829308516321135,-1.763877041282094,2.7687224518711617,0.433347536054125,-1.763877041282094,0.06067225076895166
460_461,58.0,31,female,-19.35714285714286,1178,0.011035653650254669,0.014431239388794566,0.02801358234295416,0.001697792869269949,0.001697792869269949,0.006791171477079796,0.4762308998302207,0.166383701188455,0.02461799660441426,0.053480475382003394,0.004244482173174873,0.1273344651952462,0.013582342954159592,0.03395585738539898,0.010186757215619695,0.0050933786078098476,0.021222410865874362,-0.5123321270263403,-0.2528209315412564,0.39652362636029626,-2.198731080596569,-2.198731080596569,-0.9749556489744533,3.2155899617077734,2.1656406188385917,0.2693684508750498,1.0360180934279217,-1.4102737202322988,1.8989412717182064,-0.3116614315641897,0.5862801616417692,-0.5892931681624685,-1.2432196355691332,0.12365663969365626
461_462,61.0,31,female,-16.35714285714286,1334,0.006746626686656672,0.008995502248875561,0.04122938530734633,0.0007496251874062968,0.0007496251874062968,0.02923538230884558,0.3695652173913043,0.21964017991004497,0.017241379310344827,0.12518740629685157,0.012743628185907047,0.11694152923538231,0.0007496251874062968,0.026986506746626688,0.011244377811094454,0.0074962518740629685,0.004497751124437781,-0.826594691978447,-0.5521578462766872,0.9384965301674462,-2.672421382476778,-2.672421382476778,0.5984141813221338,3.1236363682885937,2.6039911486832086,0.07911393056517113,2.0430968606801785,-0.21568560965547423,1.9751695193952656,-2.672421382476778,0.5194257700035032,-0.3370464666597419,-0.7265112334214647,-1.206084313683351
462_463,83.0,31,female,5.642857142857139,1443,0.04573804573804574,0.02772002772002772,0.09355509355509356,0.006237006237006237,0.005544005544005544,0.007623007623007623,0.1690921690921691,0.19611919611919612,0.02564102564102564,0.003465003465003465,0.008316008316008316,0.24047124047124047,0.0,0.13721413721413722,0.017325017325017324,0.010395010395010396,0.005544005544005544,0.8318833073482912,0.33598333379897616,1.543653000006238,-1.1140268417070218,-1.2252524768172468,-0.9229716049443133,2.1338966686014094,2.281893482854289,0.25902229266284804,-1.6605705480750923,-0.839589996005262,2.4854460246913295,-4.058465820873463,1.9254704598137278,-0.1266401881491368,-0.6244786163883167,-1.2252524768172468
463_464,86.0,31,female,8.642857142857139,1164,0.006013745704467354,0.009450171821305841,0.03865979381443299,0.00429553264604811,0.003436426116838488,0.009450171821305841,0.3230240549828179,0.2104810996563574,0.010309278350515464,0.020618556701030927,0.005154639175257732,0.22422680412371135,0.0,0.10481099656357389,0.00859106529209622,0.01288659793814433,0.00859106529209622,-0.9310700683206345,-0.5036260534936945,0.8717392370940056,-1.2412249966244735,-1.441895692086625,-0.5036260534936945,2.9849449583770493,2.557323858371676,-0.42024444455464316,0.2527000286877823,-1.0741709119613079,2.6204611946420786,-3.639120269422844,1.8621379411218828,-0.5945978316994216,-0.2051330649376979,-0.5945978316994216
464_465,76.0,31,female,-1.3571428571428612,1401,0.024982155603140613,0.06566738044254104,0.0635260528194147,0.0014275517487508922,0.004996431120628123,0.029978586723768737,0.14061384725196288,0.3361884368308351,0.032119914346895075,0.017130620985010708,0.03283369022127052,0.15845824411134904,0.007137758743754461,0.05638829407566024,0.015703069236259814,0.0021413276231263384,0.010706638115631691,-0.007429122295332213,0.9502468257416772,0.9172768065041073,-2.660671086902547,-1.5620587982344372,0.17254225715366855,1.708776765564474,2.57895728329681,0.24075050718020252,-0.37828870122602076,0.26249049381660816,1.8279652828295925,-1.225586561613225,0.7987952028835839,-0.46344650956632805,-2.324198850281334,-0.8361217948515014
465_466,59.0,54,male,2.2857142857142847,1148,0.017421602787456445,0.018292682926829267,0.01132404181184669,0.0627177700348432,0.0078397212543554,0.006968641114982578,0.22822299651567945,0.22822299651567945,0.014808362369337979,0.02700348432055749,0.004355400696864111,0.10104529616724739,0.0078397212543554,0.18989547038327526,0.03048780487804878,0.016550522648083623,0.02700348432055749,-0.44483714372499916,-0.3972090947357447,-0.862572344424978,0.8183245319912671,-1.2139702312628669,-1.325195866373091,2.104989052162317,2.104989052162317,-0.6030611489398932,-0.015274484037774538,-1.7605139376309364,1.2926292431363935,-1.2139702312628669,1.921523984666283,0.10427066661200834,-0.4948475642996608,-0.015274484037774538
466_467,85.0,45,female,16.0,1294,0.015455950540958269,0.020865533230293665,0.04636785162287481,0.0695517774343122,0.017001545595054096,0.0030911901081916537,0.21792890262751158,0.2874806800618238,0.03709428129829984,0.0285935085007728,0.005409582689335394,0.04173106646058733,0.014683153013910355,0.14219474497681608,0.02704791344667697,0.0030911901081916537,0.02241112828438949,-0.5848212985460663,-0.2910601800179031,0.49739718034636704,0.9001036660154513,-0.4917308754800547,-2.101168787914155,2.0384323658960666,2.3149908531291854,0.2763176132530085,0.01909474828593627,-1.5903431641481638,0.3929545169787696,-0.634831719120728,1.612403278790153,-0.03571348820905884,-2.101168787914155,-0.2208559213446546
467_468,74.0,45,female,5.0,1625,0.012307692307692308,0.025846153846153845,0.040615384615384616,0.07692307692307693,0.038153846153846156,0.011076923076923076,0.184,0.2246153846153846,0.02523076923076923,0.022153846153846152,0.010461538461538461,0.23076923076923078,0.0012307692307692308,0.06338461538461539,0.01723076923076923,0.006153846153846154,0.009846153846153846,-0.781323452900538,-0.05224426311452923,0.39545360861690826,1.030557419526938,0.3334182176974556,-0.8839776069606211,1.9003660785106038,2.099517940144933,-0.07605491180824764,-0.2044360784564545,-0.9395474581154319,2.1265101321592894,-2.8854576071707454,0.8378232736605233,-0.45184425177029564,-1.4503730818814224,-0.9983879581383652
468_469,76.0,45,female,7.0,1078,0.02040816326530612,0.021335807050092765,0.07050092764378478,0.08441558441558442,0.03339517625231911,0.04359925788497217,0.16419294990723562,0.16883116883116883,0.04267161410018553,0.04081632653061224,0.0037105751391465678,0.07328385899814471,0.00927643784786642,0.06307977736549165,0.0287569573283859,0.11873840445269017,0.012987012987012988,-0.6535998801583682,-0.6101147682186294,0.5701755514637474,0.7492237829127331,-0.1698029287802969,0.09361452167185291,1.4118554195467277,1.4396349836538034,0.07233712322456798,0.028373999803451788,-2.2630377925924687,0.6086418322915432,-1.4157399322052653,0.4597185558994368,-0.3171276435371553,1.0888137149665318,-1.0929665399422142
469_470,78.0,45,male,9.0,1456,0.006181318681318681,0.01510989010989011,0.021291208791208792,0.11263736263736264,0.01510989010989011,0.025412087912087912,0.1813186813186813,0.19230769230769232,0.011675824175824176,0.030906593406593408,0.004807692307692308,0.2623626373626374,0.003434065934065934,0.08653846153846154,0.01098901098901099,0.003434065934065934,0.016483516483516484,-1.32301957281107,-0.4607960622071907,-0.12432382558597777,1.5285991987878615,-0.4607960622071907,0.05002956155880023,2.003529879880789,2.0622623535451856,-0.7121104904880964,0.2434009545393394,-1.5594083508753007,2.3724172818490254,-1.8695632791791397,1.2659309367500096,-0.7709509905110306,-1.8695632791791397,-0.37563825386688343
46_46,68.0,59,male,1.8333333333333286,995,0.02512562814070352,0.016080402010050253,0.0371859296482412,0.004020100502512563,0.012060301507537688,0.008040201005025126,0.19195979899497487,0.2633165829145729,0.01306532663316583,0.05628140703517588,0.012060301507537688,0.17889447236180905,0.004020100502512563,0.13366834170854272,0.004020100502512563,0.021105527638190954,0.019095477386934675,0.006363034370182596,-0.42895503688766334,0.392025515182167,-1.728238021017924,-0.7065867734859421,-1.092249254297927,2.022572390826503,2.3379356642374804,-0.629625732349814,0.8019252203581972,-0.7065867734859421,1.9522731834254958,-1.728238021017924,1.661786060046106,-1.728238021017924,-0.16426248266058074,-0.26190095222449683
470_471,83.0,49,male,9.833333333333329,1096,0.009124087591240875,0.008211678832116789,0.017335766423357664,0.014598540145985401,0.006386861313868613,0.0072992700729927005,0.07846715328467153,0.18156934306569342,0.030109489051094892,0.0036496350364963502,0.0072992700729927005,0.26277372262773724,0.0009124087591240876,0.3266423357664234,0.011861313868613138,0.01916058394160584,0.014598540145985401,-0.6997571305563222,-0.7998405891133045,-0.08071792215009843,-0.24777200681326494,-1.036229367177535,-0.9110662242235286,1.4090120262180341,2.2446818486101185,0.460413051111221,-1.5470549909435256,-0.9110662242235286,2.613562698228354,-2.6456672796116356,2.8307962723198754,-0.4484427022754156,0.016920547413817655,-0.24777200681326494
471_472,65.0,45,female,-4.0,1363,0.018341892883345562,0.019075568598679385,0.028613352898019074,0.043286867204695524,0.016874541452677916,0.0007336757153338225,0.2949376375641966,0.2905355832721937,0.03008070432868672,0.0425531914893617,0.011005135730007337,0.06676449009537784,0.00880410858400587,0.06823184152604549,0.022743947175348497,0.014673514306676448,0.022743947175348497,-0.3999642580061251,-0.3614979771783289,0.037657961736570655,0.4473336023810788,-0.48164228902039197,-3.2331776020623413,2.359052386688113,2.3440333309043972,0.08705071706614742,0.43038404406730546,-0.8978026862453041,0.8776962621109705,-1.1129140658622503,0.899318726124136,-0.18865516433891782,-0.6182178240261424,-0.18865516433891782
472_473,77.0,45,male,8.0,1147,0.015693112467306015,0.01918047079337402,0.006974716652136007,0.05841325196163906,0.004359197907585004,0.036617262423714034,0.12728857890148212,0.14908456843940715,0.03487358326068003,0.02964254577157803,0.00959023539668701,0.34437663469921537,0.0034873583260680036,0.11072362685265912,0.025283347863993024,0.011333914559721011,0.013077593722755012,-0.5360065338403182,-0.3402619567142233,-1.3137111024283268,0.7583503319538867,-1.7490291736861723,0.2957268100057737,1.5332481625325247,1.6908060006813972,0.24752470818789618,0.08718205811271673,-1.0114302305553933,2.5263735212831113,-1.949699869148323,1.3943390986738833,-0.06938700257882324,-0.8510875804802138,-0.7129372419993967
473_474,72.0,46,female,-7.230769230769226,1710,0.026900584795321637,0.025730994152046785,0.05964912280701754,0.018128654970760234,0.016374269005847954,0.004093567251461989,0.1912280701754386,0.3192982456140351,0.026900584795321637,0.11637426900584795,0.02280701754385965,0.028070175438596492,0.004678362573099415,0.07309941520467836,0.052046783625730994,0.0035087719298245615,0.011111111111111112,-0.05328765948188252,-0.09725078290299871,0.7371228265032697,-0.4427524262436058,-0.5428358848005881,-1.8778369515329287,1.8987480830001136,2.4107943355414,-0.05328765948188252,1.403074264254725,-0.21643930016811685,-0.011176174131755534,-1.7526738085789222,0.9395657864966456,0.6014986532056166,-2.020937795173602,-0.922325506505492
474_475,79.0,46,female,-0.2307692307692264,865,0.006936416184971098,0.016184971098265895,0.11445086705202312,0.005780346820809248,0.010404624277456647,0.004624277456647399,0.3468208092485549,0.23352601156069364,0.019653179190751446,0.004624277456647399,0.0011560693641618498,0.035838150289017344,0.016184971098265895,0.09826589595375723,0.04508670520231214,0.024277456647398842,0.016184971098265895,-1.0920396826347423,-0.28969321010980487,1.6363157846282133,-1.2590937672979088,-0.7125500609298383,-1.4597644627600594,2.7416058944389285,2.34689802701026,-0.1016409786068655,-1.4597644627600594,-2.5583767514281694,0.48614568629525357,-0.28969321010980487,1.4846745164063808,0.7124588123707425,0.10421107559728338,-0.28969321010980487
475_476,36.0,76,male,-24.42857142857143,1464,0.025956284153005466,0.04439890710382514,0.031420765027322405,0.0047814207650273225,0.010245901639344262,0.029371584699453553,0.13114754098360656,0.3224043715846995,0.01639344262295082,0.16393442622950818,0.01092896174863388,0.09562841530054644,0.00546448087431694,0.06420765027322405,0.011612021857923498,0.015710382513661202,0.01639344262295082,-0.11141823365655945,0.4199736676909085,0.0773758376430127,-1.7471734544080326,-1.0212364510250969,0.010684463144340572,1.498019678777541,2.3959612719834995,-0.5634033573996162,1.720643614595518,-0.9587160940437633,1.1831310138235027,-1.622010311454027,0.7865233595493994,-0.8998755940208292,-0.6050760538001847,-0.5634033573996162
476_477,53.0,76,male,-7.428571428571431,1821,0.06205381658429435,0.025260845689181768,0.06479956068094453,0.0016474464579901153,0.015925315760571115,0.007688083470620538,0.13179571663920922,0.38879736408566723,0.0356946732564525,0.04942339373970346,0.009884678747940691,0.053816584294343765,0.007138934651290499,0.10928061504667765,0.02580999450851181,0.0027457440966501922,0.008237232289950576,0.9021917097083927,0.009841185380246031,0.9453018333621213,-2.5768481587176963,-0.4452208638672901,-1.155462477786536,1.6531089623327513,2.7335389319176704,0.3524390154281414,0.6757387234928158,-0.9118403951287859,0.7604454209649787,-1.2269214417686807,1.4662031091168535,0.031118583827530966,-2.124863034974639,-1.0887711032878635
477_478,53.0,76,female,-7.428571428571431,1711,0.020455873758036237,0.022209234365867914,0.05376972530683811,0.0035067212156633548,0.004091174751607247,0.0017533606078316774,0.146697837521917,0.2624196376388077,0.028053769725306838,0.12507305669199298,0.014611338398597311,0.03798947983635301,0.014611338398597311,0.21566335476329632,0.026884862653419054,0.0070134424313267095,0.015195791934541203,-0.19436163323908007,-0.1132360884267114,0.7633143147979293,-1.8920921528188583,-1.748991309178185,-2.511131361225082,1.7635486598193437,2.344241524191225,0.1176694682229873,1.6044154086476214,-0.5252158775560694,0.4181558129207561,-0.5252158775560694,2.1482564106678064,0.07555798287286031,-1.2381656854121945,-0.486749596728274
478_479,68.0,41,male,6.785714285714285,1420,0.011971830985915493,0.03028169014084507,0.015492957746478873,0.05985915492957746,0.03450704225352113,0.054929577464788736,0.22042253521126762,0.13380281690140844,0.022535211267605635,0.029577464788732393,0.0014084507042253522,0.14647887323943662,0.0028169014084507044,0.17253521126760563,0.023943661971830985,0.019014084507042252,0.020422535211267606,-0.9138814854014408,-0.003321428236271018,-0.6625670571205351,0.6724340096118051,0.12589030324373507,0.587016258457453,1.9717169937420658,1.473569828235846,-0.2948422769952179,-0.026578290400538496,-2.859791634456754,1.5638566749079466,-2.2720049695546356,1.7272145809036656,-0.23512304229359549,-0.461896361658384,-0.39169210298513546
479_480,86.0,41,male,24.785714285714285,1058,0.002835538752362949,0.003780718336483932,0.005671077504725898,0.0888468809073724,0.020793950850661626,0.12570888468809074,0.017958412098298678,0.11909262759924386,0.03780718336483932,0.000945179584120983,0.006616257088846881,0.4224952741020794,0.012287334593572778,0.0888468809073724,0.023629489603024575,0.014177693761814745,0.008506616257088847,-1.8415289357739772,-1.5902145074930716,-1.2224897273677535,1.4543079302303519,0.01922340494102892,1.799809573570959,-0.1238774386996444,1.7459504038982296,0.607010069843148,-2.6888267961611807,-1.0793888837270802,3.0093846334455647,-0.4916022188249616,1.4543079302303519,0.14438654789503502,-0.35345188034414443,-0.8430001056628504
47_47,19.0,55,female,-37.714285714285715,1335,0.020973782771535582,0.0149812734082397,0.06891385767790262,0.11760299625468165,0.01348314606741573,0.0052434456928838954,0.14082397003745317,0.1445692883895131,0.014232209737827715,0.10411985018726591,0.010486891385767791,0.08239700374531835,0.060674157303370786,0.15131086142322098,0.01198501872659176,0.024719101123595506,0.01348314606741573,-0.5104297388441115,-0.8399089399743538,0.6668748183996636,1.1990916321469718,-0.9425630940344369,-1.8454308055764512,1.3787641807693494,1.4049436863511204,-0.8899193605490145,1.077730775142704,-1.1861851766921871,0.8446816948390916,0.540269194128101,1.450406060427878,-1.056973445212181,-0.34878838728769557,-0.9425630940344369
480_481,69.0,41,male,7.785714285714285,1505,0.015282392026578074,0.019269102990033222,0.06710963455149502,0.053156146179401995,0.029900332225913623,0.007973421926910298,0.20996677740863787,0.23056478405315614,0.04717607973421927,0.017940199335548173,0.012624584717607974,0.09568106312292358,0.004651162790697674,0.1282392026578073,0.04119601328903655,0.003986710963455149,0.015282392026578074,-0.6943503235297293,-0.4669604813340684,0.7687080538019995,0.536906439744675,-0.03363841872293749,-1.3256221003715867,1.9059724969043883,1.9994139203250043,0.4183467050201193,-0.5371647400073174,-0.8809362791101414,1.1219287628726442,-1.836447724137578,1.4139267677899938,0.2838158120625134,-1.9795485677782514,-0.6943503235297293
481_482,68.0,41,female,6.785714285714285,1175,0.006808510638297872,0.026382978723404255,0.062127659574468086,0.08085106382978724,0.01702127659574468,0.015319148936170212,0.10553191489361702,0.1778723404255319,0.023829787234042554,0.015319148936170212,0.002553191489361702,0.07404255319148936,0.00425531914893617,0.34382978723404256,0.028085106382978724,0.005106382978723404,0.011063829787234043,-1.2857693746014185,0.024152007733897918,0.8714498681211014,1.1332907093889952,-0.4054106519533267,-0.5080648060134108,1.3984701778070727,1.918888201264503,-0.07593145082308439,-0.5080648060134108,-2.173072569602321,1.0458032552658794,-1.721087445859264,2.5768161984008566,0.08570990073333107,-1.5540333611960984,-0.8231458526533055
482_483,23.0,41,male,-38.214285714285715,1495,0.05618729096989967,0.031438127090301006,0.04548494983277592,0.06622073578595318,0.0033444816053511705,0.0033444816053511705,0.2581939799331104,0.17859531772575252,0.033444816053511704,0.1290969899665552,0.008695652173913044,0.04749163879598662,0.015384615384615385,0.06488294314381271,0.026755852842809364,0.01471571906354515,0.016722408026755852,0.5585040771740992,-0.01751774614843349,0.3485862880791508,0.721910186975518,-2.1734993649506036,-2.1734993649506036,2.0788844108384477,1.7108721091470325,0.04372587909228498,1.3870300552808077,-1.2755577717446451,0.39144999251093315,-0.7212470360389158,0.7016049208147725,-0.17694548307653557,-0.7647321479786546,-0.639569005024649
483_484,71.0,41,male,9.785714285714285,1488,0.006720430107526882,0.008064516129032258,0.010752688172043012,0.05040322580645161,0.038978494623655914,0.00739247311827957,0.2157258064516129,0.24327956989247312,0.024193548387096774,0.016801075268817203,0.005376344086021506,0.1196236559139785,0.002688172043010753,0.1760752688172043,0.043010752688172046,0.020161290322580645,0.010752688172043012,-1.2841964481783488,-1.1098430610335703,-0.8322113244352907,0.688560950913153,0.4334550488959845,-1.1932246699726217,2.137425838335848,2.2574527689529034,-0.03825944475338039,-0.39689325317744606,-1.4955055418455552,1.5490168958778678,-2.131494308565552,1.9346793766898525,0.5310935184599006,-0.21784502172846,-0.8322113244352907
484_485,60.0,41,female,-1.2142857142857153,1416,0.007062146892655367,0.029661016949152543,0.012005649717514125,0.012005649717514125,0.00423728813559322,0.021892655367231638,0.3036723163841808,0.2097457627118644,0.03884180790960452,0.03036723163841808,0.011299435028248588,0.1687853107344633,0.014124293785310734,0.0713276836158192,0.024717514124293787,0.01765536723163842,0.022598870056497175,-1.349120333763088,0.049008485003805724,-0.8382947099970974,-0.8382947099970974,-1.8286934140249742,-0.2505080450949779,2.36445173294122,1.994918634059119,0.3158874298258234,0.07226534716807276,-0.8971352100200307,1.7780578259244044,-0.6800707047822026,0.9195632075552767,-0.1309628944451955,-0.4618171387621852,-0.2192555015908737
485_486,48.0,38,female,-6.2307692307692335,1546,0.017464424320827943,0.025226390685640362,0.05627425614489004,0.008408796895213453,0.00258732212160414,0.0071151358344113845,0.2652005174644243,0.35705045278137126,0.03234152652005175,0.023932729624838292,0.0129366106080207,0.032988357050452784,0.0,0.10802069857697283,0.03945666235446313,0.0038809831824062097,0.0071151358344113845,-0.08066178772027488,0.28145287951427633,1.0767910009707689,-0.792158106948416,-1.890770395616526,-0.9525007570235955,2.6225281364996826,2.919605640999108,0.5271255438885141,0.2294931405835654,-0.3744229062484372,0.5467340152768907,-4.087994972952745,1.726135558872321,0.7241893824196723,-1.5230456154912089,-0.9525007570235955
486_487,36.0,37,female,-26.384615384615387,2016,0.018353174603174604,0.015873015873015872,0.042162698412698416,0.00744047619047619,0.00248015873015873,0.004464285714285714,0.3244047619047619,0.26785714285714285,0.022817460317460316,0.08978174603174603,0.009424603174603174,0.05555555555555555,0.00992063492063492,0.07886904761904762,0.029265873015873016,0.00496031746031746,0.01636904761904762,-0.24641112619315564,-0.3895119698338285,0.5777643167731941,-1.12991203524432,-2.1660039669310955,-1.619460260563025,2.613119526180434,2.4217425779097423,-0.03129974657620993,1.3305035945353851,-0.900337593599819,0.8522011624749544,-0.8503271730251583,1.2012918630553786,0.2152242533820634,-1.5193768020060427,-0.3592066203384996
487_488,67.0,37,male,4.615384615384613,1098,0.026411657559198543,0.01639344262295082,0.04007285974499089,0.04007285974499089,0.010018214936247723,0.00819672131147541,0.2395264116575592,0.2459016393442623,0.015482695810564663,0.028233151183970857,0.0036429872495446266,0.0610200364298725,0.0036429872495446266,0.18579234972677597,0.056466302367941715,0.0036429872495446266,0.015482695810564663,0.02464983380805963,-0.4419696974534353,0.43574875963448,0.43574875963448,-0.9173933941685104,-1.1084486309312198,2.2143129384437024,2.2405316687488215,-0.4975395486082461,0.09024711629387294,-1.85566303276144,0.8523871683407696,-1.85566303276144,1.9608275459451419,0.775426127204641,-1.85566303276144,-0.4975395486082461
488_489,56.0,37,male,-6.384615384615387,1866,0.021436227224008574,0.03161843515541265,0.011789924973204717,0.0010718113612004287,0.00857449088960343,0.01822079314040729,0.20310825294748125,0.327438370846731,0.02304394426580922,0.03269024651661308,0.027331189710610933,0.1939978563772776,0.003215434083601286,0.04876741693461951,0.02572347266881029,0.011789924973204717,0.010182207931404072,-0.09847524361888826,0.2861990948202022,-0.6862619085210073,-2.8834864858572264,-0.9964168368248472,-0.2588178936940677,2.139077379104303,2.6161377373958454,-0.027016279636743246,0.31925995708109056,0.1418045899383089,2.0932472565633478,-1.9279750408297907,0.716561754550094,0.08178658021205587,-0.6862619085210073,-0.8293627521616806
489_490,52.0,37,male,-10.384615384615387,1316,0.012917933130699088,0.018996960486322188,0.04179331306990881,0.0243161094224924,0.009878419452887538,0.00303951367781155,0.378419452887538,0.19300911854103345,0.012917933130699088,0.0980243161094225,0.018996960486322188,0.05623100303951368,0.003799392097264438,0.06914893617021277,0.03723404255319149,0.005319148936170213,0.015957446808510637,-0.6635372943754985,-0.2870597231405867,0.49064484544742193,-0.04449808596927518,-0.9230484898605833,-2.0216607785286933,2.685865414096926,2.0135626606856105,-0.6635372943754985,1.3379427058346254,-0.2870597231405867,0.7850609500805468,-1.8209900830665418,0.9906007969765085,0.37623449426967737,-1.5108351547627028,-0.4576852401713496
48_48,86.0,55,female,29.285714285714285,1307,0.0022953328232593728,0.001530221882172915,0.045906656465187455,0.1568477429227238,0.0665646518745218,0.016832440703902066,0.08033664881407804,0.24560061208875286,0.02218821729150727,0.0045906656465187455,0.014537107880642693,0.18974751338944146,0.001530221882172915,0.11247130833970925,0.026013771996939557,0.001530221882172915,0.011476664116296864,-2.0686643513490317,-2.4051365879702447,0.7812160451923962,2.00401871409189,1.1502114735191693,-0.20791201063402465,1.3372836330717215,2.451570223833275,0.06296294350137455,-1.449625142942808,-0.35101285427469797,2.1940155256922838,-2.4051365879702447,1.672400855935475,0.21953200419291452,-2.4051365879702447,-0.5805872959191989
490_491,64.0,37,male,1.6153846153846132,1291,0.012393493415956624,0.022463206816421378,0.017041053446940357,0.010844306738962044,0.0077459333849728895,0.0077459333849728895,0.1665375677769171,0.2997676219984508,0.020139426800929512,0.07900852052672347,0.023237800154918668,0.10147172734314484,0.0,0.14949651432997677,0.039504260263361735,0.012393493415956624,0.030209140201394268,-0.6794605681963115,-0.09843068575707248,-0.36930563989247256,-0.8086722996763176,-1.1314456919393687,-1.1314456919393687,1.890139960440956,2.476894899690555,-0.20567621611067022,1.1470418494756163,-0.06509426548948083,1.3961859025149725,-4.175968129662792,1.78245656336699,0.4587608585668437,-0.6794605681963115,0.19347972280422931
491_492,41.0,76,male,-19.42857142857143,841,0.03804994054696789,0.05112960760998811,0.1545778834720571,0.0023781212841854932,0.0011890606420927466,0.008323424494649227,0.1902497027348395,0.2794292508917955,0.01070154577883472,0.08323424494649227,0.008323424494649227,0.039239001189060645,0.0,0.07491082045184304,0.026159334126040427,0.008323424494649227,0.023781212841854936,0.561114978760521,0.8526358275194674,1.9512481161875772,-2.003834378701016,-2.5146600024670067,-0.9052220900329062,2.1581688319948995,2.5415858028813014,-0.6688333119686756,1.3354875992430522,-0.9052220900329062,0.5914203282558499,-3.6132722911351167,1.230914795323475,0.19339019863520335,-0.9052220900329062,0.10029977556919167
492_493,79.0,39,female,19.57142857142857,1233,0.0056772100567721,0.013787510137875101,0.042173560421735604,0.0056772100567721,0.0072992700729927005,0.0364963503649635,0.137875101378751,0.30170316301703165,0.014598540145985401,0.006488240064882401,0.012165450121654502,0.3260340632603406,0.0,0.032441200324412,0.0373073803730738,0.0072992700729927005,0.012976480129764802,-1.1427103825601712,-0.29541252217296776,0.8031997664951422,-1.1427103825601712,-0.9063216044959406,0.6600989228544689,1.9811218936211357,2.762623634717178,-0.23984267101815693,-1.0175472396061656,-0.41677337917723545,2.840081693756182,-3.850760583662381,0.5436885710100574,0.6818389094908746,-0.9063216044959406,-0.35425302219590105
493_494,73.0,39,male,13.57142857142857,1257,0.02545743834526651,0.08989657915672236,0.06682577565632458,0.0031821797931583136,0.0,0.024661893396976928,0.1424025457438345,0.3158313444709626,0.02545743834526651,0.027048528241845664,0.035003977724741446,0.12251392203659507,0.0031821797931583136,0.021479713603818614,0.050119331742243436,0.013524264120922832,0.03341288782816229,-0.020228929945554697,1.230333817640211,0.9352825150818815,-1.9973916225049728,-4.194616199841192,-0.051481473449659365,1.6887061886470869,2.48372591481314,-0.020228929945554697,0.03949030475606774,0.2940201698909477,1.5387250770565535,-1.9973916225049728,-0.18728301460872077,0.6495708866173993,-0.639268138351778,0.24803505664912473
494_495,24.0,36,female,-34.666666666666664,1804,0.013303769401330377,0.029379157427937917,0.03325942350332594,0.004988913525498891,0.002771618625277162,0.009977827050997782,0.2655210643015521,0.11529933481152993,0.01607538802660754,0.3231707317073171,0.014412416851441241,0.042682926829268296,0.008869179600886918,0.08536585365853659,0.01385809312638581,0.004988913525498891,0.01607538802660754,-0.552283592494367,0.22872494385691233,0.35168665499174745,-1.4996649114385536,-2.046208617806623,-0.8331859779607691,2.421787184278444,1.5889823311938076,-0.3665664466992742,2.6180877416815624,-0.47381197705287237,0.5993212263142529,-0.9475963291385132,1.2892373862927515,-0.5122782578806677,-1.4996649114385536,-0.3665664466992742
496_497,33.0,38,male,-21.230769230769234,935,0.0053475935828877,0.01818181818181818,0.0032085561497326204,0.0032085561497326204,0.0010695187165775401,0.014973262032085561,0.25775401069518716,0.2053475935828877,0.026737967914438502,0.07272727272727272,0.0074866310160427805,0.146524064171123,0.0032085561497326204,0.13475935828877006,0.052406417112299465,0.0213903743315508,0.025668449197860963,-1.3256736359690957,-0.16822084727805287,-1.777658759712153,-1.777658759712153,-2.6249566200993564,-0.3562730787809927,2.4564477448851063,2.229674425520318,0.20825672395685935,1.1964120170606583,-1.0155187076652568,1.8932021888991049,-1.777658759712153,1.809820579960054,0.8715509413671234,-0.009996842063158873,0.16825138934316008
497_498,31.0,36,female,-27.666666666666664,1699,0.009417304296645085,0.03884638022366098,0.011183048852266038,0.015303119482048263,0.0017657445556209534,0.005885815185403178,0.3107710417892878,0.24543849323131253,0.022954679223072396,0.08357857563272514,0.008828722778104767,0.07533843437316068,0.011183048852266038,0.06886403766921718,0.020011771630370805,0.03590347263095939,0.034726309593878756,-1.0126292845535714,0.3812122822017021,-0.8455751998904057,-0.5388449324679296,-2.5632266969647386,-1.4646144082966286,2.4540531398501857,2.218294878830804,-0.13968899355303055,1.1433523342485987,-1.0751496415349058,1.039939238875168,-0.8455751998904057,0.9504486681241073,-0.27503034142279237,0.30304750935236546,0.26998664709147757
498_499,71.0,36,male,12.333333333333336,1407,0.007107320540156361,0.014925373134328358,0.053304904051172705,0.02061122956645345,0.005685856432125089,0.01279317697228145,0.21535181236673773,0.224591329068941,0.03837953091684435,0.08102345415778252,0.014925373134328358,0.12722103766879886,0.0021321961620469083,0.13361762615493958,0.014925373134328358,0.01990049751243781,0.013503909026297086,-1.32719703640411,-0.6105193584339705,0.6455603626873918,-0.2941820302218132,-1.5385061300713163,-0.7608015614833077,2.036809316931966,2.0787509480166433,0.319628408101611,1.062002529426707,-0.6105193584339705,1.5116029143607461,-2.425809325072219,1.560525713320478,-0.6105193584339705,-0.32866820629298266,-0.7081578279978862
499_500,77.0,49,female,3.8333333333333286,1298,0.061633281972265024,0.1802773497688752,0.0061633281972265025,0.07010785824345146,0.02465331278890601,0.045454545454545456,0.06394453004622497,0.23651771956856701,0.053929121725731895,0.02234206471494607,0.00539291217257319,0.15716486902927582,0.00539291217257319,0.03775038520801233,0.011556240369799691,0.0023112480739599386,0.015408320493066256,0.7336081510745052,1.8028065545363214,-1.5145828698537422,0.861689938931463,-0.17340894401432072,0.4313272792015712,0.770197598506797,2.0738260538965596,0.6009636764682105,-0.2702587700042387,-1.639746012807748,1.6659189421328437,-1.639746012807748,0.24732363622463183,-0.9138090094248121,-2.401886064854645,-0.6342241472056505
49_49,84.0,55,male,27.285714285714285,1340,0.0029850746268656717,0.0037313432835820895,0.006716417910447761,0.19776119402985073,0.04402985074626865,0.009701492537313432,0.006716417910447761,0.282089552238806,0.03582089552238806,0.0029850746268656717,0.05298507462686567,0.1783582089552239,0.0007462686567164179,0.12388059701492538,0.027611940298507463,0.0052238805970149255,0.018656716417910446,-1.757697949239343,-1.5570272537771914,-1.0104835474091218,2.3198394946663767,0.8242009665359671,-0.659085660571233,-1.0104835474091218,2.674440726861887,0.6197884519278207,-1.757697949239343,1.0079221036843453,2.2167780708353533,-2.856310237907452,1.8532199634048818,0.3625655869607485,-1.2468723254733516,-0.023096893851236366
4_4,48.0,65,female,-12.083333333333336,1431,0.005590496156533892,0.01607267645003494,0.03284416491963662,0.01607267645003494,0.006289308176100629,0.0041928721174004195,0.2914046121593291,0.246680642907058,0.015373864430468204,0.04332634521313766,0.009084556254367574,0.09084556254367575,0.006289308176100629,0.17120894479385046,0.01607267645003494,0.017470300489168415,0.011180992313067784,-1.390312160044592,-0.37337790239074975,0.33035138749973303,-0.37337790239074975,-1.279086524934368,-1.658576146639271,2.5039062207500473,2.3375051617957645,-0.41686301433048856,0.6047882332014933,-0.9276886380964791,1.3409949032218855,-1.279086524934368,1.9729186236937126,-0.37337790239074975,-0.291699871376482,-0.7270179426343275
500_501,59.0,76,male,-1.4285714285714306,838,0.026252983293556086,0.0441527446300716,0.05250596658711217,0.00954653937947494,0.002386634844868735,0.11933174224343675,0.1324582338902148,0.19928400954653938,0.032219570405727926,0.032219570405727926,0.00477326968973747,0.1801909307875895,0.0059665871121718375,0.10023866348448687,0.017899761336515514,0.02028639618138425,0.02028639618138425,-0.168522599016109,0.3423030247498815,0.513451280945711,-1.141971744730213,-2.3657471763523286,1.328119819272647,1.4319866826736898,1.8389454430386376,0.03214809644604211,0.03214809644604211,-1.77796051145021,1.7385477167229402,-1.5772898159880584,1.1547136261366444,-0.5411978843012828,-0.4198370272970151,-0.4198370272970151
501_502,64.0,76,female,3.5714285714285694,1357,0.028739867354458364,0.0552689756816507,0.006632277081798084,0.004421518054532056,0.008843036109064112,0.03168754605747973,0.06190125276344879,0.21518054532056005,0.032424465733235076,0.04642593957258659,0.0058953574060427415,0.21812822402358142,0.021370670596904937,0.2144436256448047,0.01400147383935151,0.020633750921149593,0.01400147383935151,-0.009936907602529299,0.6378950767453735,-1.43494578090311,-1.814435402608014,-1.1605089352013502,0.0865233585850329,0.7505139548535227,1.9922270871623056,0.10925160966258884,0.4648023263890404,-1.546171416013335,2.0058096389281745,-0.30184731616383154,1.9888024262809414,-0.7158231139399049,-0.336333492235001,-0.7158231139399049
502_503,66.0,39,female,6.571428571428569,910,0.02197802197802198,0.05714285714285714,0.026373626373626374,0.001098901098901099,0.0032967032967032967,0.03296703296703297,0.1989010989010989,0.19230769230769232,0.02197802197802198,0.03736263736263736,0.012087912087912088,0.25054945054945055,0.00989010989010989,0.04395604395604396,0.06263736263736264,0.013186813186813187,0.014285714285714285,-0.22621188657801472,0.7141763968752008,-0.04796365517169621,-2.841171664614213,-1.9938738042270097,0.17108991089098868,1.9546188809825282,1.9210022701835432,-0.22621188657801472,0.29432255131493656,-0.8042897373531726,2.184899437611882,-0.995344974115882,0.454665201390116,0.8051481750809275,-0.7209081284141221,-0.643947087277994
503_504,49.0,39,male,-10.42857142857143,1256,0.020700636942675158,0.02388535031847134,0.03662420382165605,0.0031847133757961785,0.010350318471337579,0.05652866242038217,0.0589171974522293,0.09792993630573249,0.01751592356687898,0.015127388535031847,0.01194267515923567,0.42356687898089174,0.0023885350318471337,0.1265923566878981,0.021496815286624203,0.042993630573248405,0.030254777070063694,-0.2774454480206239,-0.13686349739943449,0.28486213158051044,-2.050512784236526,-0.9519004955684167,0.7151072686871616,0.7562089443727138,1.2616509750552316,-0.44107487180242533,-0.5841757154430995,-0.8137501570875996,2.72299271657078,-2.3018272125174324,1.517453741212099,-0.24040417634027467,0.44361052065639806,0.09606806028093828
504_505,85.0,49,female,11.833333333333329,917,0.0021810250817884407,0.0054525627044711015,0.016357688113413305,0.029443838604143947,0.03816793893129771,0.0021810250817884407,0.2595419847328244,0.3336968375136314,0.006543075245365322,0.03489640130861505,0.007633587786259542,0.029443838604143947,0.0,0.17011995637949837,0.04143947655398037,0.004362050163576881,0.018538713195201745,-1.8731476202812747,-1.0846902599170036,-0.04859832823022803,0.5247476525170964,0.7800943443259407,-1.8731476202812747,2.6849309581729663,2.935779403220837,-0.917636175253838,0.6918017371802625,-0.7745353316131647,0.5247476525170964,-3.4825855327153743,2.2636176578247786,0.8612198891383094,-1.2853609553791552,0.07276252877403921
505_506,54.0,42,male,-5.714285714285715,1660,0.01927710843373494,0.016265060240963854,0.04457831325301205,0.02289156626506024,0.006024096385542169,0.0024096385542168677,0.2548192771084337,0.186144578313253,0.014457831325301205,0.09819277108433735,0.004216867469879518,0.06746987951807229,0.005421686746987952,0.1783132530120482,0.02891566265060241,0.010240963855421687,0.04036144578313253,-0.3027846968239767,-0.46983878148714275,0.5267743392258448,-0.13336654486593025,-1.4326495289961914,-2.279947389383395,2.2645287279324404,1.950933305964982,-0.585351668608987,1.312788204177639,-1.7691217656174043,0.9389284354848062,-1.5327329875531737,1.9080224322781114,0.09753901178376889,-0.9218239052302,0.42810281171881526
506_507,41.0,43,female,-26.0,1261,0.011895321173671689,0.02458366375892149,0.09674861221252974,0.07216494845360824,0.00951625693893735,0.010309278350515464,0.1697065820777161,0.22997620935765264,0.03885804916732752,0.035685963521015066,0.012688342585249802,0.21094369547977795,0.0023790642347343376,0.026169706582077717,0.022997620935765267,0.0190325138778747,0.006344171292624901,-0.8638344930276718,-0.1546869711212855,1.203436513031909,0.9116644553286024,-1.078945872644617,-1.001984831508489,1.7636352214151987,2.0669290593390928,0.2972981526217717,0.2130378090040317,-0.8013141360463383,1.9806997266530264,-2.3519115484575046,-0.09312907812185234,-0.2202842536070988,-0.4060013994021916,-1.464608353456602
507_508,66.0,43,male,-1.0,1673,0.023909145248057383,0.031081888822474597,0.055588762701733414,0.049013747758517634,0.029288702928870293,0.00657501494321578,0.1972504482964734,0.2755528989838613,0.028093245666467422,0.038852361028093245,0.008965929468021518,0.06814106395696354,0.0041841004184100415,0.09802749551703527,0.016736401673640166,0.056186491332934844,0.012552301255230125,-0.32815969881578555,-0.06864850333070116,0.5084997633663622,0.3833366204123565,-0.12748900335363444,-1.587114637559075,1.771144986363462,2.1050203810146275,-0.16873196188768347,0.1525884697129274,-1.2886216490030784,0.7111131500660153,-2.014558652386014,1.0734488972771477,-0.6795575856536744,0.5191381615714179,-0.9614087377946618
508_509,79.0,49,male,5.833333333333329,1350,0.0362962962962963,0.023703703703703703,0.015555555555555555,0.02,0.011851851851851851,0.03111111111111111,0.06962962962962962,0.1814814814814815,0.014814814814814815,0.002962962962962963,0.003703703703703704,0.4177777777777778,0.005185185185185185,0.1259259259259259,0.00962962962962963,0.015555555555555555,0.014814814814814815,0.44431328604378395,0.023580705804831403,-0.38960644839724345,-0.1434733788583351,-0.6542990026243256,0.2918446923995104,1.0909404509688363,2.045637563703715,-0.43723449738649833,-1.9535819867545863,-1.7529112912924356,2.8782810000588563,-1.4427563629885958,1.6810759131927107,-0.8549696980864772,-0.38960644839724345,-0.43723449738649833
509_510,80.0,44,female,1.461538461538467,1391,0.04385334291876348,0.03235082674335011,0.05176132278936017,0.07476635514018691,0.035945363048166784,0.015815959741193385,0.21495327102803738,0.27462257368799425,0.03666427030913012,0.008626887131560028,0.0035945363048166786,0.07189072609633357,0.0050323508267433505,0.07692307692307693,0.02372393961179008,0.007189072609633357,0.02228612508986341,0.3342505141065768,0.032925665251009484,0.4987999011547335,0.8644004106989702,0.13718667557541897,-0.6712713514955206,1.9173277568496085,2.161941992560695,0.15679514696379515,-1.2590580163976401,-2.0800385684674705,0.825371066793235,-1.7698836401636306,0.8927041868618222,-0.27324122187487454,-1.4334114035424177,-0.33479911487430813
50_50,64.0,55,male,7.285714285714285,803,0.021170610211706103,0.07098381070983811,0.09090909090909091,0.24408468244084683,0.039850560398505604,0.0,0.062266500622665005,0.16189290161892902,0.029887920298879204,0.023661270236612703,0.0062266500622665,0.0410958904109589,0.0037359900373599006,0.14196762141967623,0.024906600249066,0.0012453300124533001,0.0361145703611457,-0.21205631326809016,0.9775277536057465,1.2230282120212324,2.2064052371117575,0.4069828951381331,-3.7674043747575037,0.8477161420837556,1.7971160325651896,0.12441592335312279,-0.10384272862785737,-1.369509101959133,0.43728824463346205,-1.8214942257021902,1.6663176287967358,-0.05383230805319572,-2.6687920860893937,0.3101330691482156
510_511,84.0,44,male,5.461538461538467,1571,0.019732654360280075,0.018459579885423297,0.0241884150222788,0.019096117122851686,0.031826861871419476,0.010184595798854232,0.20305537873965626,0.26670910248249524,0.042011457670273714,0.023551877784850413,0.006365372374283896,0.14704010184595798,0.004455760661998727,0.1349458943348186,0.025461489497135583,0.006365372374283896,0.016549968173138127,-0.3591349386095879,-0.4247322210954012,-0.1584642431474368,-0.39139580082780956,0.11285085184013877,-1.0057621035346402,1.957634789376414,2.229941041466086,0.38807946322063325,-0.18478155146481035,-1.4577472272776975,1.6354573890851134,-1.7942194638989104,1.5498195039232963,-0.10782051032868178,-1.4577472272776975,-0.5319777514489985
511_512,89.0,44,male,10.461538461538467,877,0.09122006841505131,0.029646522234891677,0.1265678449258837,0.10034207525655645,0.08893956670467502,0.026225769669327253,0.028506271379703536,0.10034207525655645,0.012542759407069556,0.0034207525655644243,0.011402508551881414,0.1345496009122007,0.0011402508551881414,0.19840364880273662,0.02394526795895097,0.0068415051311288486,0.01596351197263398,1.0878453642325692,-0.023267087199771996,1.4136127707082253,1.1825907318219353,1.0626868045964142,-0.14341139904183509,-0.06173336802756779,1.1825907318219353,-0.8580647848227443,-2.0476488516965805,-0.9490365630284705,1.4745011403832375,-2.894946712083784,1.8615129214505335,-0.23235888505833113,-1.4286096432903568,-0.6262631707654194
512_513,79.0,44,female,0.461538461538467,1395,0.016487455197132617,0.012186379928315413,0.014336917562724014,0.05878136200716846,0.01003584229390681,0.005017921146953405,0.25663082437275986,0.2716845878136201,0.022939068100358423,0.0035842293906810036,0.007885304659498209,0.07670250896057347,0.011469534050179211,0.17777777777777778,0.03225806451612903,0.005017921146953405,0.017204301075268817,-0.3499511766977008,-0.6447507169183462,-0.4865267117034522,0.9058466954928206,-0.8328029484212855,-1.4920485773055496,2.3749770621918604,2.43190299898787,-0.025711508512122894,-1.8022035056093895,-1.0646045624786105,1.1705392497199028,-0.7035912169412795,2.0084912476888688,0.31076072810909006,-1.4920485773055496,-0.30827848029713323
513_514,82.0,44,male,3.461538461538467,1081,0.024051803885291396,0.01942645698427382,0.07585568917668825,0.02960222016651249,0.010175763182238668,0.012025901942645698,0.15356151711378355,0.2590194264569843,0.02127659574468085,0.005550416281221091,0.04625346901017576,0.14338575393154487,0.0018501387604070306,0.1322849213691027,0.02312673450508788,0.016651248843663275,0.025901942645698426,-0.21828129704008026,-0.4273730948986394,0.9173722633083785,-0.01418594069656498,-1.0530789946630525,-0.8927363445878731,1.619569279388242,2.1411476949304946,-0.33842560888214335,-1.623623853130665,0.42654730624905746,1.5512197015870324,-2.5791352981581017,1.4709090051674192,-0.25674757786787605,-0.5776552979479774,-0.14552194275765196
514_515,90.0,44,male,11.461538461538467,1322,0.038577912254160365,0.037065052950075644,0.0416036308623298,0.07488653555219364,0.037821482602118005,0.009077155824508321,0.11346444780635401,0.2813918305597579,0.028744326777609682,0.014372163388804841,0.01361573373676248,0.0832072617246596,0.009077155824508321,0.1649016641452345,0.03328290468986384,0.0007564296520423601,0.018154311649016642,0.21228779129675823,0.1726786532017126,0.2870890043794567,0.8708636277916146,0.19267931990838205,-1.2035653720646766,1.2846690678159982,2.1909430214466816,-0.07863577507919395,-0.7588795508032313,-0.8115232842886528,0.9757215045848753,-1.2035653720646766,1.6574919981627125,0.06619517279926246,-3.3238289082647676,-0.5306208988222512
515_516,37.0,39,male,-22.42857142857143,1754,0.027366020524515394,0.026795895096921322,0.049600912200684154,0.002280501710376283,0.003990877993158495,0.005701254275940707,0.42360319270239455,0.17559863169897377,0.010262257696693273,0.07981755986316989,0.009122006841505131,0.03876852907639681,0.0017103762827822121,0.052451539338654506,0.07126567844925884,0.006271379703534778,0.01539338654503991,0.25277783648841545,0.2319437495855734,0.8428528319085467,-2.124708564678748,-1.6138829409127573,-1.2774107042915444,2.9825828044451876,2.1029358818904202,-0.711015229370743,1.3164215273187785,-0.8254255805484871,0.5980477838131573,-2.3760229929596544,0.8984226830633575,1.2035197971168166,-1.1864389260858181,-0.31459995678249664
516_517,34.0,39,female,-25.42857142857143,1581,0.03289057558507274,0.02024035420619861,0.09234661606578115,0.0031625553447185324,0.0,0.010752688172043012,0.18089816571790007,0.24604680581910182,0.028462998102466792,0.08475648323845668,0.017710309930423784,0.08159392789373814,0.006957621758380772,0.12270714737507907,0.04174573055028463,0.008855154965211892,0.020872865275142316,0.25763554552557766,-0.22193753473630862,1.2838478043851218,-1.9984295318335752,-4.396324804631946,-0.8409767431425319,1.954560912082794,2.261686241238803,0.11453470188490433,1.1983865749698936,-0.3532735367973956,1.160503257067592,-1.2608305887027962,1.567254538986501,0.4940243235898083,-1.0290289746454713,-0.1916321852409797
517_518,68.0,39,male,8.57142857142857,1595,0.025078369905956112,0.03699059561128527,0.03260188087774295,0.0006269592476489029,0.013793103448275862,0.034482758620689655,0.08087774294670846,0.3623824451410658,0.04075235109717868,0.010658307210031349,0.03949843260188088,0.14169278996865203,0.0012539184952978057,0.12351097178683386,0.03699059561128527,0.013793103448275862,0.005015673981191223,0.014996250702383751,0.39967058914147424,0.27450744618746814,-3.2808406153019454,-0.5727904141997358,0.330077297342279,1.1773751577294824,2.6741328232236214,0.49574441923109624,-0.8241048424806414,0.46473418248853626,1.736439221512979,-2.770014991535955,1.5994328609310666,0.39967058914147424,-0.5727904141997358,-1.5462395599138392
519_520,75.0,76,female,14.57142857142857,804,0.018656716417910446,0.014925373134328358,0.09203980099502487,0.024875621890547265,0.0,0.006218905472636816,0.39427860696517414,0.2885572139303483,0.012437810945273632,0.004975124378109453,0.0012437810945273632,0.007462686567164179,0.0012437810945273632,0.0845771144278607,0.029850746268656716,0.0012437810945273632,0.017412935323383085,0.27836547673618917,0.0632540971192439,1.848324578196502,0.5579503389553508,-3.155621727748957,-0.7577264549505864,3.2980032711437346,2.9864156778383992,-0.11109929002553454,-0.958397150412738,-2.057009439080847,-0.5906723702874208,-2.057009439080847,1.7643591980791675,0.7361985703616694,-2.057009439080847,0.2116741022375166
51_51,60.0,55,female,3.2857142857142847,1276,0.02115987460815047,0.028996865203761754,0.06896551724137931,0.11128526645768025,0.041536050156739814,0.0,0.15595611285266459,0.3213166144200627,0.0384012539184953,0.03918495297805643,0.018025078369905956,0.04231974921630094,0.009404388714733543,0.048589341692789965,0.0384012539184953,0.004702194357366771,0.011755485893416929,-0.2820053675664873,0.02814956073735253,0.8868111797748712,1.3631506274696927,0.3834902816629482,-4.289338552798958,1.6996228640909055,2.42118455665347,0.3057812973356322,0.3257819640423012,-0.43919095108889916,0.40200932943018586,-1.0704627279307575,0.538975184503343,0.3057812973356322,-1.7243891953374213,-0.8553513483138113
520_521,69.0,76,male,8.57142857142857,1091,0.021998166819431713,0.02383134738771769,0.11274060494958753,0.002749770852428964,0.0018331805682859762,0.04674610449129239,0.07424381301558204,0.2153987167736022,0.017415215398716773,0.0036663611365719525,0.002749770852428964,0.25022914757103576,0.0,0.16681943171402383,0.021998166819431713,0.02383134738771769,0.013748854262144821,0.12021277825730348,0.19868439369879853,1.737780816774654,-1.82569737079801,-2.162169607419223,0.8631214683763124,1.322142680953439,2.3832505741630943,-0.10804587372367713,-1.5743829425171043,-1.82569737079801,2.5328412825686577,-3.7716075198533234,2.128289833729168,0.12021277825730348,0.19868439369879853,-0.33762031536817716
521_522,57.0,43,female,-10.0,1086,0.007366482504604052,0.053406998158379376,0.01565377532228361,0.06445672191528545,0.017495395948434623,0.0055248618784530384,0.0423572744014733,0.2302025782688766,0.02117863720073665,0.0423572744014733,0.009208103130755065,0.20994475138121546,0.008287292817679558,0.21731123388581952,0.02117863720073665,0.010128913443830571,0.02394106813996317,-1.3249415295250482,0.604019061216492,-0.6028068120918504,0.7906050167969041,-0.49459322745161804,-1.593205516119728,0.3744446195719915,2.0584512275036007,-0.3080072718712059,0.3744446195719915,-1.1136324358578409,1.9665285173129403,-1.213715894414824,2.0009405149106687,-0.3080072718712059,-1.0226606576521147,-0.18786296002914238
522_523,62.0,76,female,1.5714285714285694,1105,0.039819004524886875,0.046153846153846156,0.1167420814479638,0.0027149321266968325,0.0,0.034389140271493215,0.10407239819004525,0.2416289592760181,0.015384615384615385,0.015384615384615385,0.01085972850678733,0.15384615384615385,0.0009049773755656109,0.17647058823529413,0.026244343891402715,0.005429864253393665,0.009954751131221719,0.6238511497869323,0.7699437682844281,1.69204284175433,-1.9188750708898947,-3.8647852199452073,0.4790202019084764,1.577632490576586,2.417481526950799,-0.3094371584557942,-0.3094371584557942,-0.6459093950770072,1.9670972573383092,-2.766172931277098,2.103922340040158,0.21275222396051197,-1.299835862483671,-0.7292910040160576
524_525,74.0,43,male,7.0,1254,0.01674641148325359,0.019138755980861243,0.07814992025518341,0.05980861244019139,0.012759170653907496,0.001594896331738437,0.13078149920255183,0.27910685805422647,0.025518341307814992,0.028708133971291867,0.023923444976076555,0.050239234449760764,0.004784688995215311,0.2025518341307815,0.03269537480063796,0.004784688995215311,0.028708133971291867,-0.5270098568448001,-0.396389674427736,0.994993756199626,0.7290698642765618,-0.7917024110718822,-2.6787720601042624,1.5078477782270094,2.264297914496228,-0.1138227026427252,0.0022494686100289485,-0.1773361083650511,0.5559771139202287,-1.7232606150768257,1.9442380440121605,0.13063063525823537,-1.7232606150768257,0.0022494686100289485
525_526,78.0,45,female,9.0,646,0.006191950464396285,0.02321981424148607,0.02321981424148607,0.007739938080495356,0.006191950464396285,0.01238390092879257,0.2476780185758514,0.1609907120743034,0.0046439628482972135,0.03560371517027864,0.0046439628482972135,0.20278637770897834,0.0015479876160990713,0.19195046439628483,0.010835913312693499,0.006191950464396285,0.05417956656346749,-1.1383900890286722,0.09837253812025448,0.09837253812025448,-0.9377193935665216,-1.1383900890286722,-0.5024013223086761,2.435826456765124,2.006719585599919,-1.3897045173095788,0.5145329353451666,-1.3897045173095788,2.236539365812873,-2.2370023776967822,2.1818382300998156,-0.6275644652626817,-1.1383900890286722,0.9270652106764237
526_527,66.0,50,female,-8.615384615384613,1481,0.01350438892640108,0.024983119513842,0.09723160027008777,0.002025658338960162,0.006076975016880486,0.009453072248480757,0.20661715057393654,0.1688048615800135,0.02025658338960162,0.06009453072248481,0.009453072248480757,0.03646185010128292,0.004726536124240378,0.299797434166104,0.02835921674544227,0.0054017555705604325,0.00675219446320054,-0.5079303286308745,0.09598571820112767,1.4449242927772494,-2.275592246279869,-1.2770634161687422,-0.8542065653487088,2.1968625406010287,1.995103705749682,-0.11062853116187155,0.9658834105055725,-0.8542065653487088,0.469845486893961,-1.5134521942329728,2.5685948401787217,0.22114886115513377,-1.3882890512789663,-1.1769799576117599
527_528,65.0,42,male,5.285714285714285,1075,0.013953488372093023,0.004651162790697674,0.06046511627906977,0.0027906976744186047,0.0009302325581395349,0.0018604651162790699,0.3572093023255814,0.20186046511627906,0.012093023255813953,0.026976744186046512,0.0065116279069767444,0.12372093023255815,0.0018604651162790699,0.08744186046511628,0.06790697674418604,0.013953488372093023,0.01581395348837209,-0.24725415439109266,-1.2833460860778683,1.1939559643249127,-1.7353312098209255,-2.582629070208129,-2.0718034464421384,2.9638496106294054,2.3941046722124453,-0.3854044928719098,0.39629608502948077,-0.9731911577740284,1.9060072995240107,-2.0718034464421384,1.5605056561834036,1.3091912279024975,-0.24725415439109266,-0.12589329738682498
528_529,68.0,42,male,8.285714285714285,564,0.0425531914893617,0.012411347517730497,0.0425531914893617,0.012411347517730497,0.008865248226950355,0.005319148936170213,0.11524822695035461,0.20212765957446807,0.005319148936170213,0.028368794326241134,0.012411347517730497,0.11347517730496454,0.0017730496453900709,0.3173758865248227,0.04609929078014184,0.010638297872340425,0.02304964539007092,0.49912859945210863,-0.6846414975563078,0.49912859945210863,-0.6846414975563078,-0.9947964258601476,-1.4467815496032048,1.4825056245426338,2.041030304895722,-1.4467815496032048,0.1038158628079624,-0.6846414975563078,1.4671207057031541,-2.2940794099904083,2.4906306898297608,0.5776002148936041,-0.8277423411969811,-0.0968548326541887
529_530,78.0,42,male,18.285714285714285,1240,0.00564516129032258,0.008064516129032258,0.05,0.008870967741935484,0.00967741935483871,0.0,0.3620967741935484,0.29838709677419356,0.012903225806451613,0.020967741935483872,0.007258064516129033,0.017741935483870968,0.0008064516129032258,0.11048387096774194,0.05806451612903226,0.0064516129032258064,0.02258064516129032,-1.0055276083856945,-0.6690553717644816,1.1147359278143965,-0.5780835935587554,-0.49470198461970405,-3.713577809487905,3.087705224983716,2.8944228158081824,-0.21707024802142438,0.25671410406421735,-0.7691388303214639,0.09308468028241546,-2.614965520819795,1.9031932881786666,1.2631559329326696,-0.8803644654316889,0.3294734583466452
52_52,52.0,53,female,-5.0,1400,0.018571428571428572,0.02642857142857143,0.022857142857142857,0.05071428571428571,0.017142857142857144,0.005,0.16071428571428573,0.29214285714285715,0.06642857142857143,0.05,0.010714285714285714,0.10642857142857143,0.004285714285714286,0.11428571428571428,0.014285714285714285,0.012857142857142857,0.027142857142857142,-0.5099092050781682,-0.16271300509397912,-0.30581384873465245,0.4826435116296173,-0.5883808205196632,-1.7721509175280796,1.6312662208723885,2.2278829652227796,0.7509074982242967,0.46855877174787874,-1.0462139141451439,1.2202424547603967,-1.915251761168753,1.291240004499726,-0.7666290519259822,-0.8692832059860653,-0.136395696776606
530_531,78.0,42,male,18.285714285714285,632,0.25,0.00949367088607595,0.06645569620253164,0.0,0.006329113924050633,0.00949367088607595,0.18354430379746836,0.2120253164556962,0.014240506329113924,0.014240506329113924,0.020569620253164556,0.08544303797468354,0.0015822784810126582,0.055379746835443035,0.04430379746835443,0.011075949367088608,0.015822784810126583,2.3702308953637288,-0.8237215210520152,1.0539803779767647,-3.3886708785135515,-1.1914463011773324,-0.8237215210520152,2.062367575052149,2.206040501088287,-0.44423189934711127,-0.44423189934711127,-0.09283401250922285,1.302677003715592,-2.2900585898454424,0.8740089985277635,0.6543803893209983,-0.6806206774113419,-0.34414844079012896
531_532,65.0,42,male,5.285714285714285,1243,0.014481094127111826,0.031375703942075624,0.04666130329847144,0.0,0.002413515687851971,0.032180209171359615,0.20353982300884957,0.25663716814159293,0.03298471440064361,0.02252614641995173,0.010458567980691875,0.1745776347546259,0.004022526146419952,0.11343523732904263,0.030571198712791632,0.004827031375703942,0.019308125502815767,-0.41545305689678047,0.3430768829260167,0.735802965256751,-4.026370969541006,-2.080460820485692,0.36807818513143387,2.202140034050178,2.4335334848365298,0.392469638255593,0.016680298293545004,-0.7305341035366761,2.0489750615476794,-1.6284756967426346,1.6190759281022324,0.31743445231267886,-1.461421612079468,-0.13455067143037835
532_533,79.0,42,male,19.285714285714285,809,0.009888751545117428,0.003708281829419036,0.054388133498145856,0.007416563658838072,0.004944375772558714,0.012360939431396786,0.032138442521631644,0.11372064276885044,0.004944375772558714,0.0012360939431396785,0.004944375772558714,0.2978986402966625,0.009888751545117428,0.3522867737948084,0.029666254635352288,0.03584672435105068,0.024721878862793572,-0.6257110343803318,-1.5130142293812345,1.029711991295592,-0.8939750209750108,-1.261699801100328,-0.41440194071312453,0.511367535115574,1.7614314466417769,-1.261699801100328,-2.360312089768438,-1.261699801100328,2.7210922752160247,-0.6257110343803318,2.8884648312194625,0.4328959196740789,0.6186130654691717,0.25464768826775996
533_534,33.0,42,male,-26.714285714285715,1171,0.010247651579846286,0.006831767719897523,0.024765157984628524,0.026473099914602904,0.005977796754910333,0.0008539709649871904,0.30913748932536295,0.22971818958155424,0.02391118701964133,0.09479077711357814,0.015371477369769428,0.053800170794193,0.0017079419299743809,0.1349274124679761,0.028181041844577284,0.0008539709649871904,0.032450896669513236,-0.6561882403892865,-1.0418507212012713,0.20247337864823178,0.2680706611340451,-1.167013864155277,-2.7764517765893775,2.7111075895971872,2.4146515056515097,0.1679872025770628,1.5321077062026314,-0.2641461526132627,0.9691230212011037,-2.265626152823387,1.8838377086197933,0.3296285541334787,-2.7764517765893775,0.46874135659619665
534_535,88.0,43,male,21.0,936,0.003205128205128205,0.019230769230769232,0.014957264957264958,0.12393162393162394,0.028846153846153848,0.018162393162393164,0.0405982905982906,0.11431623931623931,0.022435897435897436,0.017094017094017096,0.009615384615384616,0.42628205128205127,0.005341880341880342,0.09188034188034189,0.019230769230769232,0.019230769230769232,0.02564102564102564,-2.0071861824001527,-0.34217841881124134,-0.5858005014689915,1.497942122110235,0.05423685377700549,-0.39774826996605217,0.39070909039821844,1.4175416966721972,-0.1918962157619033,-0.45658876998898545,-1.008657352289025,2.7302646143108094,-1.5552010586570955,1.2001952630423132,-0.34217841881124134,-0.34217841881124134,-0.061276033344838776
535_536,82.0,43,female,15.0,1183,0.01098901098901099,0.01775147928994083,0.1530008453085376,0.013524936601859678,0.0016906170752324597,0.0008453085376162299,0.4057480980557904,0.19357565511411665,0.009298393913778529,0.013524936601859678,0.00253592561284869,0.023668639053254437,0.0008453085376162299,0.049873203719357564,0.07692307692307693,0.006762468300929839,0.01944209636517329,-0.3832553853036167,0.08210786438561612,2.2153105829569046,-0.18258468984146603,-2.069654338873846,-2.5804799626398367,3.1888821576623463,2.449957958752599,-0.543598035378797,-0.18258468984146603,-1.7331821022526332,0.363959016526604,-2.5804799626398367,1.1000312418035834,1.5303939015334747,-0.8458789072517305,0.17105535040211262
536_537,67.0,43,male,0.0,1463,0.01845522898154477,0.025974025974025976,0.016404647983595352,0.048530416951469584,0.01572112098427888,0.026657552973342446,0.056049213943950786,0.3239917976760082,0.03349282296650718,0.02050580997949419,0.01161995898838004,0.19685577580314423,0.004784688995215311,0.127136021872864,0.03007518796992481,0.01845522898154477,0.025290498974709502,-0.5484917320438019,-0.2120194954225889,-0.6640046191656466,0.4070197129836344,-0.7056773155662142,-0.18637706480925154,0.5501205566243077,2.299583881333655,0.0392949328583172,-0.4449510531029617,-1.0004768557868586,1.8020173492318268,-1.847774716174063,1.365753502367543,-0.06718854754413295,-0.5484917320438019,-0.23833680373996247
537_538,53.0,42,female,-6.714285714285715,1029,0.007774538386783284,0.006802721088435374,0.01652089407191448,0.0,0.004859086491739553,0.006802721088435374,0.3974732750242954,0.18075801749271136,0.014577259475218658,0.12147716229348883,0.014577259475218658,0.1098153547133139,0.0058309037900874635,0.04859086491739553,0.03595724003887269,0.007774538386783284,0.02040816326530612,-0.8575259734271756,-0.9826891163811822,-0.13539125599397872,-3.690739317483392,-1.2928440446850211,-0.9826891163811822,3.0173447663696775,2.2308391021604237,-0.2567521129982455,1.8347136216483917,-0.2567521129982455,1.7342106999980107,-1.1257899600218555,0.9243811993578674,0.6267487960529183,-0.8575259734271756,0.07046079821017015
538_539,60.0,42,female,0.2857142857142847,1402,0.004992867332382311,0.0042796005706134095,0.10556348074179743,0.0014265335235378032,0.0014265335235378032,0.011412268188302425,0.34022824536376606,0.15406562054208273,0.020684736091298145,0.037803138373751786,0.01783166904422254,0.20684736091298145,0.0,0.04208273894436519,0.03138373751783167,0.016405135520684736,0.003566333808844508,-1.1259091846319267,-1.2690100282726,1.859772753068563,-2.224521473300036,-2.224521473300036,-0.3374518242676565,3.0277519547465936,2.2367783422683534,0.24357805817158296,0.8388694487277695,0.09786624699018898,2.5307913711177745,-3.8339593857341363,0.9451641073773929,0.6546769839980033,0.016188215975922127,-1.4360641129357656
539_540,62.0,42,male,2.2857142857142847,1233,0.021086780210867802,0.0040551500405515,0.025141930251419302,0.015409570154095702,0.0056772100567721,0.0008110300081103001,0.19302514193025141,0.36253041362530414,0.0227088402270884,0.050283860502838604,0.0364963503649635,0.04460665044606651,0.0024330900243309003,0.15004055150040552,0.050283860502838604,0.0024330900243309003,0.012976480129764802,0.0190869353016474,-1.5533097054521043,0.191929748141058,-0.2876433321208278,-1.2431547771482645,-2.852592689582365,2.2163115126378665,2.845618740024381,0.0918462895840757,0.8771087590518265,0.5596545282663756,0.7583252230618598,-2.0052948291951616,1.9649970843569604,0.8771087590518265,-2.0052948291951616,-0.45469741678399433
53_53,32.0,55,female,-24.714285714285715,1491,0.02481556002682763,0.03286384976525822,0.05499664654594232,0.10865191146881288,0.009389671361502348,0.0026827632461435278,0.2863849765258216,0.1448692152917505,0.03688799463447351,0.08853118712273642,0.015425888665325285,0.030181086519114688,0.025486250838363516,0.08383635144198524,0.03219315895372234,0.007377598926894702,0.015425888665325285,-0.2865481521587885,-0.008916415560509261,0.5019092082054817,1.1797889166346383,-1.2367404357086254,-2.40681168835888,2.1470652032416613,1.4667014623073908,0.10549393561723486,0.975693560291123,-0.7538886639850406,-0.0931767591782493,-0.26023084384141537,0.9214166734366849,-0.02932528719171623,-1.4685420497659494,-0.7538886639850406
540_541,53.0,42,female,-6.714285714285715,1698,0.01884570082449941,0.01707891637220259,0.05535924617196702,0.01060070671378092,0.002355712603062426,0.001177856301531213,0.1967020023557126,0.3244994110718492,0.026501766784452298,0.0353356890459364,0.019434628975265017,0.10070671378091872,0.004711425206124852,0.11366313309776208,0.04888103651354535,0.0088339222614841,0.015312131919905771,-0.2424250416848217,-0.33927486767473924,0.8249347034791836,-0.8058943989362342,-2.21958773424424,-2.8073743991463584,2.0889717485477695,2.5889767076730434,0.09404719493639124,0.3789782340162824,-0.21211969218949278,1.420918135585481,-1.5835989675242428,1.541612381449323,0.7011815008362965,-0.9828251070953127,-0.44652039802833654
541_542,58.0,43,female,-9.0,1079,0.013901760889712697,0.03151065801668211,0.013901760889712697,0.012048192771084338,0.0009267840593141798,0.0037071362372567192,0.12974976830398516,0.31047265987025024,0.030583873957367932,0.009267840593141797,0.012048192771084338,0.22798887859128822,0.004633920296570899,0.11399443929564411,0.03521779425393883,0.028730305838739572,0.021316033364226137,-0.497236966598658,0.3028823335134554,-0.497236966598658,-0.6353873050794752,-2.8326118824156943,-1.7339995937475843,1.7071304982499416,2.5775449658878777,0.2734684483071619,-0.8867017333603808,-0.6353873050794752,2.269285002958886,-1.5333288982854336,1.5781641655441732,0.41258125076987984,0.21191055530772873,-0.08107656937374541
542_543,58.0,43,male,-9.0,1499,0.0133422281521014,0.03135423615743829,0.0266844563042028,0.016010673782521682,0.00333555703802535,0.00066711140760507,0.4389593062041361,0.24416277518345564,0.0133422281521014,0.03602401601067378,0.01667778519012675,0.032021347565043365,0.0066711140760507,0.07471647765176785,0.02935290193462308,0.00266844563042028,0.014009339559706471,-0.38346462970953166,0.4568401951867016,0.2974124582585995,-0.2052163983032127,-1.699141423615469,-2.9984244077457296,3.086075005329442,2.5001090054728126,-0.38346462970953166,0.5943111858153043,-0.16521106368951344,0.47767428208954366,-1.0525142586904161,1.319063705790581,0.3915996733183005,-1.8998121190776196,-0.3358365807202768
543_544,72.0,43,female,5.0,1286,0.1290824261275272,0.038102643856920686,0.20295489891135304,0.017884914463452566,0.0038880248833592537,0.006998444790046656,0.14152410575427682,0.16018662519440124,0.01166407465007776,0.019440124416796267,0.013219284603421462,0.16485225505443235,0.01010886469673406,0.04665629860031104,0.02021772939346812,0.0023328149300155523,0.01088646967340591,1.56537507961476,0.35235243976890596,2.016814053699239,-0.3926198086556254,-1.8448721375673132,-1.2983284311992436,1.6571299432168078,1.780680182595349,-0.8087802058805376,-0.3109417776413581,-0.6874193488762699,1.8093217585587331,-0.9469305443613547,0.5530231352310575,-0.27247549681356187,-2.2968572613103704,-0.8754715803792101
544_545,68.0,43,male,1.0,1151,0.0,0.005212858384013901,0.05386620330147698,0.0,0.0008688097306689834,0.010425716768027803,0.12510860121633363,0.16159860990443092,0.018245004344048653,0.022589052997393572,0.036490008688097306,0.49956559513466553,0.0008688097306689834,0.02693310165073849,0.015638575152041704,0.011294526498696786,0.011294526498696786,-3.4097426276604006,-0.8447932701988643,1.4185711096419005,-3.4097426276604006,-2.3111303389922906,-0.19086680279219959,2.2566840604520313,2.5118357919834144,0.35145748803316135,0.5605492858917209,1.0329086288299156,3.638643781061482,-2.3111303389922906,0.733392098731132,0.2011752849838233,-0.11390576165607147,-0.11390576165607147
545_546,67.0,43,female,0.0,1000,0.006,0.006,0.033,0.022,0.004,0.009,0.316,0.294,0.011,0.026,0.008,0.05,0.009,0.136,0.024,0.022,0.024,-1.3062358094269642,-1.3062358094269642,0.3335074525024653,-0.06452267711818083,-1.6739605895522813,-0.9267461877220602,2.5792852552556753,2.5072410167630856,-0.7356909509593508,0.09910674666362107,-1.0379718228322843,0.7439353499527588,-0.9267461877220602,1.7382866282964589,0.020635131222126013,-0.06452267711818083,0.020635131222126013
546_547,73.0,43,female,6.0,1341,0.005965697240865026,0.029082774049217,0.037285607755406416,0.05891126025354213,0.030574198359433258,0.0014914243102162564,0.04697986577181208,0.395227442207308,0.024608501118568233,0.015659955257270694,0.027591349739000747,0.1058911260253542,0.010439970171513796,0.1476510067114094,0.019388516032811335,0.01267710663683818,0.030574198359433258,-1.517239678490213,0.018994829920592426,0.2646674942948306,0.7184511796738025,0.06838758525016919,-2.7410151101123286,0.49373406391216257,2.6165141160675542,-0.1457604031554629,-0.5892529068528662,-0.032964909010118504,1.3020361577222217,-0.9831571925599554,1.6334832581407615,-0.3801611089943071,-0.7951049610570151,0.06838758525016919
547_548,73.0,44,male,-5.538461538461533,1111,0.018001800180018002,0.021602160216021602,0.043204320432043204,0.0306030603060306,0.0144014401440144,0.043204320432043204,0.13591359135913592,0.18991899189918993,0.08820882088208822,0.009000900090009001,0.008100810081008101,0.15391539153915393,0.0018001800180018,0.20162016201620162,0.018901890189018902,0.0054005400540054005,0.016201620162016202,-0.46348423630807734,-0.2852360049017588,0.39765467549099753,0.05705020158487395,-0.6805487415459055,0.39765467549099753,1.5366765024969835,1.8703158760338925,1.1061474257256032,-1.1325338652889627,-1.232617323845945,1.6606741441535544,-2.567618390578285,1.929966584729869,-0.4158561873188229,-1.612106945550849,-0.5661383903681605
548_549,40.0,47,female,-20.0,1414,0.021216407355021217,0.016973125884016973,0.014144271570014143,0.011315417256011316,0.02333804809052334,0.0,0.2956152758132956,0.19801980198019803,0.016973125884016973,0.2050919377652051,0.01485148514851485,0.042432814710042434,0.007072135785007072,0.08557284299858557,0.02050919377652051,0.014144271570014143,0.01272984441301273,-0.07913698326368479,-0.29819054932636924,-0.4764387807326882,-0.6935032859705164,0.014681771953970024,-4.190010847436996,2.5398132230524793,2.1397100580857003,-0.29819054932636924,2.174739909414915,-0.4288107317434333,0.6057796981597452,-1.1454884097135727,1.3030505959035525,-0.11247340353127644,-0.4764387807326882,-0.5790929347927714
549_550,60.0,44,female,-18.538461538461533,1520,0.026973684210526316,0.02631578947368421,0.034868421052631576,0.0506578947368421,0.031578947368421054,0.034868421052631576,0.19013157894736843,0.23223684210526316,0.034868421052631576,0.020394736842105264,0.006578947368421052,0.15789473684210525,0.024342105263157894,0.07894736842105263,0.021710526315789475,0.009868421052631578,0.017763157894736842,-0.2978692742682978,-0.3222607273924569,-0.04388104760298939,0.32671523485435117,-0.1419989035615128,-0.04388104760298939,1.6445925955080998,1.8443207838316773,-0.04388104760298939,-0.573575155673363,-1.6721874443414726,1.4591573880408657,-0.39922176852858504,0.7680870514257592,-0.5120172626739294,-1.282722677579749,-0.7093766968324249
54_54,66.0,56,female,13.307692307692307,1438,0.011126564673157162,0.024339360222531293,0.059805285118219746,0.04381084840055633,0.027816411682892908,0.004867872044506259,0.2906815020862309,0.2614742698191933,0.025034770514603615,0.019471488178025034,0.006258692628650904,0.07788595271210014,0.005563282336578581,0.07440890125173853,0.04172461752433936,0.01321279554937413,0.012517385257301807,-0.9259175173827248,-0.15974520180788954,0.7308665156485739,0.4217620076093862,-0.02797592417676631,-1.714374877746995,2.3073989916402704,2.2016401489506885,-0.13196563770081404,-0.37937381101465517,-1.4779860996827643,0.9936753233552151,-1.5892117347929893,0.9482129492784575,0.3733654667475359,-0.7588634327195591,-0.8115071662049806
550_551,82.0,44,female,3.461538461538467,1140,0.008771929824561403,0.02017543859649123,0.05350877192982456,0.013157894736842105,0.002631578947368421,0.014035087719298246,0.2675438596491228,0.3,0.011403508771929825,0.007894736842105263,0.002631578947368421,0.11929824561403508,0.005263157894736842,0.10877192982456141,0.02456140350877193,0.0017543859649122807,0.03859649122807018,-0.8111811328992085,-0.005555968912573039,0.956480784749786,-0.42171636613748564,-1.9097934215673185,-0.35919600915615124,2.5593933885489637,2.6737152676395937,-0.5598667046183028,-0.9112645914561908,-1.9097934215673185,1.7537682245623283,-1.2907542131610947,1.6617493258420764,0.1873476972119188,-2.2462656581885314,0.6329327991095082
551_552,72.0,44,female,-6.538461538461533,1022,0.010763209393346379,0.02054794520547945,0.029354207436399216,0.012720156555772993,0.015655577299412915,0.0,0.2553816046966732,0.30430528375733856,0.021526418786692758,0.03131115459882583,0.008806262230919765,0.07240704500978473,0.0019569471624266144,0.13209393346379647,0.05675146771037182,0.008806262230919765,0.01761252446183953,-0.6852447964719857,-0.05953889670757295,0.290134851772176,-0.5249021463968062,-0.32423145093465466,-3.8207390124011353,2.4388424516637874,2.6138075063863178,-0.014076522630815713,0.3536482574945019,-0.8763000332346951,1.1832072935443239,-2.211301099967035,1.7813798084785657,0.941434922396621,-0.8763000332346951,-0.20982109975691055
552_553,29.0,38,male,-25.230769230769234,2085,0.02877697841726619,0.04364508393285372,0.06474820143884892,0.004316546762589928,0.0009592326139088729,0.014388489208633094,0.16019184652278176,0.2383693045563549,0.03597122302158273,0.1448441247002398,0.02685851318944844,0.11462829736211032,0.007194244604316547,0.07529976019184652,0.019184652278177457,0.009592326139088728,0.011031175059952039,0.022437695611733588,0.43613330285641316,0.8287659708946933,-1.828913870818567,-3.1639149375509077,-0.662478985811696,1.7324312101432209,2.129389887173585,0.24392698682991654,1.6318756080458339,-0.045965031272666934,1.3983477474259076,-1.339365645499861,0.9792197888406253,-0.3789036953125686,-1.0597807832807002,-0.9232052482749489
553_554,36.0,38,male,-18.230769230769234,1607,0.006222775357809583,0.019912881144990666,0.024268823895457373,0.012445550715619166,0.01804604853764779,0.05289359054138146,0.10703173615432483,0.25326695706285,0.018668326073428748,0.0566272557560672,0.010578718108276292,0.22464219041692596,0.012445550715619166,0.134411947728687,0.021779713752333542,0.00373366521468575,0.023024268823895456,-1.5117368329165686,-0.3818720007443548,-0.1868114181729701,-0.8426872039356841,-0.4787218267342723,0.5854042858626682,1.2872851463913682,2.146928842600871,-0.44538540646668023,0.6532268822014293,-1.000911209150578,2.0271499515187728,-0.8426872039356841,1.514478457362498,-0.29357939359867613,-1.9913099131784548,-0.23877115710368146
554_555,80.0,38,male,25.769230769230766,1308,0.005351681957186544,0.008409785932721712,0.06957186544342507,0.005351681957186544,0.00382262996941896,0.009174311926605505,0.35856269113149847,0.22859327217125383,0.009938837920489297,0.011467889908256881,0.005351681957186544,0.035168195718654434,0.0030581039755351682,0.191131498470948,0.040519877675840976,0.00382262996941896,0.010703363914373088,-1.1413764651553224,-0.7139324503283824,1.3600594865838884,-1.1413764651553224,-1.4515313934591623,-0.6305508413893319,2.9953888129507305,2.5458349318579168,-0.5535898002532038,-0.41543946177238666,-1.1413764651553224,0.6831728268957233,-1.652202088921313,2.3671794348273325,0.8234021682043737,-1.4515313934591623,-0.48213083627105835
555_556,77.0,44,male,-1.538461538461533,798,0.006265664160401002,0.0037593984962406013,0.022556390977443608,0.021303258145363407,0.013784461152882205,0.07769423558897243,0.14661654135338345,0.13909774436090225,0.021303258145363407,0.018796992481203006,0.0037593984962406013,0.3132832080200501,0.0037593984962406013,0.15037593984962405,0.016290726817042606,0.018796992481203006,0.022556390977443608,-1.3235127987673616,-1.7754979225104188,-0.11049015892150749,-0.16606001007631832,-0.5859138556365826,1.1069056657365692,1.7381774425784269,1.6857636998943868,-0.16606001007631832,-0.287420867080586,-1.7754979225104188,2.4951980295191327,-1.7754979225104188,1.763388861924923,-0.42557120556140315,-0.287420867080586,-0.11049015892150749
557_558,64.0,76,female,3.5714285714285694,922,0.026030368763557483,0.01843817787418655,0.026030368763557483,0.008676789587852495,0.0021691973969631237,0.01193058568329718,0.3752711496746204,0.2017353579175705,0.005422993492407809,0.13232104121475055,0.010845986984815618,0.0878524945770065,0.0,0.04772234273318872,0.033622559652928416,0.009761388286334056,0.0021691973969631237,0.32694872995995894,-0.009523506661253567,0.32694872995995894,-0.7316582240944514,-1.955433655716567,-0.42937735222151785,2.9761584310392357,2.356706851493148,-1.1669762953522969,1.9363866423940594,-0.5203491304272441,1.5288786326560948,-3.5648715681506675,0.9237648015814721,0.578263158240865,-0.6204325889842273,-1.955433655716567
558_559,80.0,38,female,25.769230769230766,1200,0.0325,0.028333333333333332,0.06666666666666667,0.0033333333333333335,0.004166666666666667,0.020833333333333332,0.0975,0.22833333333333333,0.04416666666666667,0.004166666666666667,0.005833333333333334,0.3591666666666667,0.0033333333333333335,0.06833333333333333,0.02,0.0075,0.005833333333333334,0.4067268707244729,0.2713855228547106,1.1186833832419145,-1.765496404406329,-1.5648257089441784,-0.030895349018222884,1.4968645324016103,2.345377459766982,0.7101078527193576,-1.5648257089441784,-1.2546707806403385,2.797693709340879,-1.765496404406329,1.1432244921580317,-0.07090068363192215,-1.018282002576108,-1.2546707806403385
559_560,77.0,38,male,22.769230769230766,1374,0.002911208151382824,0.009461426491994178,0.011644832605531296,0.001455604075691412,0.00363901018922853,0.010189228529839884,0.13828238719068414,0.38500727802037843,0.018195050946142648,0.06040756914119359,0.04294032023289665,0.15211062590975255,0.002183406113537118,0.09097525473071325,0.029839883551673944,0.015283842794759825,0.025473071324599708,-1.8647151454665685,-0.7661028567984594,-0.5654321613363078,-2.452501810368688,-1.6640444500044178,-0.6946438928163139,1.8808596523239127,2.9031406227986185,-0.1301140900784623,1.056054089613967,0.7171837703087411,1.9759311971193494,-2.116029573747475,1.463513216328996,0.3569008849938098,-0.30073960710922565,0.20074015423852742
55_55,71.0,56,female,18.307692307692307,1290,0.014728682170542635,0.024806201550387597,0.040310077519379844,0.05581395348837209,0.024031007751937984,0.010077519379844961,0.2751937984496124,0.2534883720930233,0.01627906976744186,0.05193798449612403,0.0031007751937984496,0.06589147286821706,0.007751937984496124,0.07751937984496124,0.03333333333333333,0.009302325581395349,0.03643410852713178,-0.72177797006532,-0.21095234629932902,0.2686207339625568,0.5913941262256079,-0.2422048898034337,-1.0895027501906371,2.1813328136082744,2.0992956194402854,-0.6241395005014034,0.5199351622434629,-2.188115038858747,0.7563239403076936,-1.3408171784715428,0.9179652918641095,0.08056850245961744,-1.1664637913267653,0.1685372754055745
560_561,72.0,76,male,11.57142857142857,1548,0.013565891472868217,0.020671834625323,0.03165374677002584,0.0,0.023901808785529714,0.01227390180878553,0.10917312661498708,0.3210594315245478,0.03682170542635659,0.03617571059431524,0.015503875968992248,0.1020671834625323,0.012919896640826873,0.2041343669250646,0.027131782945736434,0.014211886304909561,0.018733850129198967,-0.642001974777445,-0.22881482057537061,0.19191775966358238,-4.403202090471008,-0.08571397693469729,-0.7396404443413616,1.4227980169094425,2.499540646687585,0.3417300378922423,0.32418572824133296,-0.511381792360381,1.355699683406273,-0.6896300237666999,2.047268331673169,0.03944916601930881,-0.5965396007006882,-0.32566464656528815
561_562,56.0,39,male,-3.4285714285714306,1508,0.009283819628647215,0.007957559681697613,0.03249336870026525,0.002652519893899204,0.006631299734748011,0.010610079575596816,0.23938992042440319,0.28846153846153844,0.02586206896551724,0.05636604774535809,0.029840848806366047,0.06896551724137931,0.011936339522546418,0.10278514588859416,0.059018567639257294,0.02586206896551724,0.021883289124668436,-1.088535908278243,-1.2369559133965167,0.139288111869873,-2.2586071609284977,-1.4113093005412942,-0.959324176798237,2.1275774838940475,2.3138102385877852,-0.08638388579769574,0.6858318182379426,0.05502776825213296,0.8865025137000937,-0.8449138256204929,1.2839611739145171,0.7315540675760377,-0.08638388579769574,-0.25113911887375107
562_563,71.0,39,female,11.57142857142857,1752,0.00684931506849315,0.03824200913242009,0.046232876712328765,0.001141552511415525,0.00228310502283105,0.02454337899543379,0.2973744292237443,0.23401826484018265,0.037100456621004564,0.01769406392694064,0.012557077625570776,0.15753424657534246,0.0017123287671232876,0.02226027397260274,0.08447488584474885,0.008561643835616438,0.007420091324200913,-1.077013453290113,0.6093855002801156,0.7978609226484483,-2.6864513657242135,-2.098664700822094,0.1700188404962697,2.6539671768424586,2.4146338312941147,0.5793080450428376,-0.15275455176678143,-0.4892267883879944,2.019468723364021,-2.3499791291030006,0.07355857430870749,1.3978428606443858,-0.8619020736731677,-1.0000524121539849
563_564,75.0,39,male,15.57142857142857,1124,0.00800711743772242,0.015124555160142349,0.07473309608540925,0.0026690391459074734,0.0017793594306049821,0.018683274021352312,0.14145907473309607,0.26601423487544484,0.021352313167259787,0.013345195729537367,0.026690391459074734,0.20284697508896798,0.0017793594306049821,0.12366548042704627,0.060498220640569395,0.012455516014234875,0.008896797153024912,-1.010884566664087,-0.3999754843411143,1.1745751690925457,-2.009413396775215,-2.3458856333964277,-0.19412343013696542,1.8098675569543166,2.4399380522849214,-0.06350324771990135,-0.521336341345382,0.15555031834278354,2.169359845063677,-2.3458856333964277,1.6758882359908376,0.9646573799975973,-0.5880277158440537,-0.9108011081071048
564_565,80.0,76,male,19.57142857142857,646,0.01238390092879257,0.009287925696594427,0.07275541795665634,0.006191950464396285,0.0015479876160990713,0.0,0.4628482972136223,0.28637770897832815,0.018575851393188854,0.006191950464396285,0.006191950464396285,0.020123839009287926,0.0,0.03715170278637771,0.043343653250773995,0.0030959752321981426,0.01393188854489164,-0.04662491611650221,-0.3148889027111812,1.6740386314278228,-0.6826136828364984,-1.7812259715046084,-2.8798382601727184,3.5154233379427313,3.0363638024347175,0.33903756469548263,-0.6826136828364984,-0.6826136828364984,0.4159986058316112,-2.8798382601727184,1.0119820379379085,1.1632130076618319,-1.2704003477386179,0.06460071899372277
565_566,57.0,76,male,-3.4285714285714306,1288,0.05201863354037267,0.05046583850931677,0.033385093167701864,0.006987577639751553,0.013198757763975156,0.004658385093167702,0.07065217391304347,0.23990683229813664,0.04891304347826087,0.08152173913043478,0.014751552795031056,0.13354037267080746,0.0038819875776397515,0.18090062111801242,0.013198757763975156,0.034161490683229816,0.017857142857142856,0.48820325547183474,0.45812580023455673,0.048836595687988815,-1.4726325438001546,-0.8617234614771809,-1.8521221655050577,0.792414629874826,2.0110337497180013,0.4271155634919963,0.9347866105094718,-0.7535098768369486,1.4264728940647649,-2.019176250168224,1.7292577347023026,-0.8617234614771809,0.07156484676554475,-0.5669239212565365
566_567,58.0,45,male,-11.0,906,0.004415011037527594,0.011037527593818985,0.01545253863134658,0.02097130242825607,0.0033112582781456954,0.01434878587196468,0.44150110375275936,0.1291390728476821,0.016556291390728478,0.0640176600441501,0.004415011037527594,0.10154525386313466,0.009933774834437087,0.029801324503311258,0.01545253863134658,0.09602649006622517,0.02207505518763797,-1.5951851605554617,-0.7478873001682582,-0.4251139079052071,-0.12884809176203493,-1.8464995888363682,-0.49657287188735255,2.893451209176678,1.6671757762524777,-0.3584225334065354,0.9697641969060746,-1.5951851605554617,1.4279460871866436,-0.8479707587252405,0.2149234473407895,-0.4251139079052071,1.3723762360318328,-0.07883767118737373
567_568,68.0,45,male,-1.0,1956,0.011758691206543968,0.03067484662576687,0.027607361963190184,0.005623721881390593,0.0035787321063394683,0.019427402862985686,0.33844580777096117,0.22085889570552147,0.022494887525562373,0.028118609406952964,0.005112474437627812,0.18353783231083845,0.0010224948875255625,0.050102249488752554,0.024539877300613498,0.010736196319018405,0.016359918200409,-0.6027949562621062,0.3428479876245758,0.23840532425697836,-1.3174483420430159,-1.744892356869955,-0.10913713611848141,2.7362251804481574,2.3097869489597143,0.03569381175997455,0.2565876433401688,-1.408420120248742,2.1249187997488814,-2.843504645538065,0.8302611707658234,0.12176842053121772,-0.6917424422786027,-0.27855528807652785
569_570,69.0,45,male,0.0,1050,0.008571428571428572,0.02666666666666667,0.10761904761904761,0.0009523809523809524,0.0038095238095238095,0.0019047619047619048,0.2885714285714286,0.27904761904761904,0.024761904761904763,0.015238095238095238,0.01904761904761905,0.049523809523809526,0.002857142857142857,0.10761904761904761,0.04285714285714286,0.007619047619047619,0.013333333333333334,-0.8213156909973889,0.2772965976707207,1.659195347317573,-2.66714238149572,-1.56853009282761,-2.1563167577297295,2.6427741208956688,2.6092701496642667,0.20453724338829238,-0.26924710869734936,-0.05218260345952208,0.8882056799936939,-1.8198445211085166,1.659195347317573,0.7451048363530206,-0.9325413261076139,-0.39845884017735544
56_56,36.0,56,female,-16.692307692307693,991,0.024217961654894045,0.035317860746720484,0.018163471241170535,0.17658930373360243,0.014127144298688193,0.0030272452068617556,0.09889001009081735,0.260343087790111,0.02320887991927346,0.04641775983854692,0.01917255297679112,0.16548940464177597,0.006054490413723511,0.055499495459132187,0.01917255297679112,0.005045408678102927,0.029263370332996974,-0.2097383670020898,0.16112121192859918,-0.4906407524684919,1.7592275583531496,-0.7342628351262421,-2.1556485160574033,1.1816450636252722,2.1464842093957133,-0.2514110634026574,0.43104082804054,-0.43799701898306953,1.6944990856526558,-1.5366093076511795,0.6079715361996181,-0.43799701898306953,-1.703663392314346,-0.024021221206996568
570_571,59.0,45,male,-10.0,1388,0.012247838616714697,0.013688760806916427,0.05979827089337176,0.03602305475504323,0.01440922190201729,0.010806916426512969,0.27953890489913547,0.22478386167146974,0.02881844380403458,0.05763688760806916,0.004322766570605188,0.09726224783861671,0.012968299711815562,0.10446685878962536,0.021613832853025938,0.009365994236311239,0.012247838616714697,-0.8612399960194974,-0.7530264113792642,0.7014057549078441,0.1985324593323483,-0.7030159908046034,-0.9826008530237651,2.2388522928587364,2.0211635922274906,-0.02213890283647224,0.6648163074755522,-1.8516387000473742,1.18553076337079,-0.8056701448646866,1.2567352096625815,-0.30571419333559957,-1.1207511915045822,-0.8612399960194974
571_572,84.0,46,female,4.769230769230774,1338,0.025411061285500747,0.03587443946188341,0.05530642750373692,0.013452914798206279,0.0007473841554559044,0.029895366218236172,0.0687593423019432,0.18385650224215247,0.03886397608370702,0.0007473841554559044,0.004484304932735426,0.3131539611360239,0.002242152466367713,0.1696562032884903,0.0171898355754858,0.029895366218236172,0.01046337817638266,0.1714335045218771,0.5120379784280007,0.9412733058700766,-0.4517550874311582,-2.964060711407273,0.33177615459705656,1.1576828250029427,2.1378361739673077,0.591287350082141,-2.964060711407273,-1.4977236426138458,2.6695377063918238,-2.1167628510200687,2.057624418875568,-0.2125253983653237,0.33177615459705656,-0.6953771700889084
572_573,86.0,46,male,6.769230769230774,1232,0.005681818181818182,0.008116883116883116,0.030844155844155844,0.0016233766233766235,0.0,0.021103896103896104,0.21834415584415584,0.24675324675324675,0.022727272727272728,0.013798701298701298,0.006493506493506494,0.19074675324675325,0.0,0.15016233766233766,0.03409090909090909,0.02922077922077922,0.020292207792207792,-1.0299057333478778,-0.6934334967266649,0.6058494874035958,-2.128518022015988,-3.7379559344500883,0.23233597910203363,2.5517596364589092,2.673862333259809,0.30509533338446193,-0.18260787296067438,-0.9047425903938722,2.4169021595663294,-3.7379559344500883,2.1782461281573466,0.7046953220402283,0.5525035066983031,0.1938696982742374
573_574,26.0,47,female,-34.0,1811,0.01932633903920486,0.0176697956929873,0.11319712865819989,0.010491441192711209,0.0016565433462175593,0.0022087244616234127,0.2954168967421314,0.15571507454445058,0.024295969077857537,0.1319712865819989,0.012147984538928768,0.048039757040309224,0.027056874654886803,0.07233572611816676,0.017117614577581448,0.04307012700165654,0.008282716731087797,-0.32602351030708343,-0.41431611745276165,1.4298898271478357,-0.9251417412187521,-2.642793238293086,-2.3914788100121793,2.38764468309935,1.7481223437980422,-0.10006701761625925,1.5829972100625165,-0.7820408975780788,0.5760825865751151,0.006416462786190902,0.9834506448293658,-0.44556866095686587,0.46754241799990925,-1.154716182863253
574_575,24.0,47,female,-36.0,1354,0.014771048744460856,0.01624815361890694,0.0672082717872969,0.028064992614475627,0.0022156573116691287,0.009601181683899557,0.19276218611521417,0.22968980797636632,0.022895125553914326,0.09010339734121123,0.023633677991137372,0.09231905465288036,0.012555391432791729,0.11447562776957164,0.01772525849335303,0.02880354505169867,0.03692762186115214,-0.7879081636564558,-0.6948177405904441,0.7080059224806572,-0.15767480850708004,-2.5555700813054503,-1.2056433643564346,1.758101233704159,1.9330662884266894,-0.35834550396923115,0.9997779801839632,-0.3270929604651265,1.0239727087710202,-0.9461321688713498,1.2383126818184702,-0.6096599322501368,-0.13203237789374223,0.11364028648049596
575_576,50.0,47,male,-10.0,1172,0.041808873720136516,0.030716723549488054,0.017918088737201365,0.010238907849829351,0.007679180887372013,0.028156996587030716,0.08020477815699659,0.28071672354948807,0.05716723549488054,0.01962457337883959,0.023890784982935155,0.27986348122866894,0.015358361774744027,0.06655290102389079,0.011092150170648464,0.016211604095563138,0.012798634812286689,0.2954748806614367,-0.00918552832476216,-0.5384448537795907,-1.0807691446049525,-1.3552059903067124,-0.09495235008218739,0.942102045586489,2.191078565029354,0.6056298089652761,-0.4494973677630947,-0.2565937016386033,2.188039049011457,-0.6887270568289288,0.7566008358751546,-1.0038081034688244,-0.6360833233435073,-0.8656577649880073
576_577,70.0,49,female,-3.1666666666666714,1902,0.010515247108307046,0.01629863301787592,0.08675078864353312,0.025236593059936908,0.02786540483701367,0.008412197686645636,0.29758149316508936,0.24921135646687698,0.017350157728706624,0.014195583596214511,0.0057833859095688745,0.04942166140904311,0.0031545741324921135,0.11461619348054679,0.035751840168243953,0.016824395373291272,0.02103049421661409,-0.9343027886549966,-0.504740128967772,1.1542435200177588,-0.0731638768559213,0.024953979102601664,-1.1513672938928239,2.384749405668702,2.2075339432506236,-0.44318223596833795,-0.6405416701268334,-1.5123806394301549,0.593872159700338,-2.0829254978977674,1.4320583397362858,0.2721060704688205,-0.47348758546366687,-0.25342570068686543
577_578,72.0,49,male,-1.1666666666666714,1350,0.0437037037037037,0.01925925925925926,0.02666666666666667,0.09037037037037036,0.007407407407407408,0.02,0.0837037037037037,0.2725925925925926,0.047407407407407405,0.03185185185185185,0.006666666666666667,0.13037037037037036,0.006666666666666667,0.15703703703703703,0.022222222222222223,0.01925925925925926,0.014814814814814815,0.2762752494280001,-0.5325563301314076,-0.21238880253513814,0.9984099668611979,-1.458325805960106,-0.49551505845105837,0.9221017737978734,2.0997396485058077,0.35696416067814285,-0.03694012502894539,-1.5584092645170884,1.3636198132497674,-1.5584092645170884,1.5492409252408876,-0.3919743795102182,-0.5325563301314076,-0.7892761769792216
578_579,22.0,49,female,-51.16666666666667,1684,0.020190023752969122,0.014251781472684086,0.027315914489311165,0.011876484560570071,0.004750593824228029,0.0035629453681710215,0.3853919239904988,0.14133016627078385,0.021971496437054632,0.15973871733966746,0.007719714964370546,0.08135391923990498,0.020783847980997625,0.06591448931116389,0.0166270783847981,0.004156769596199525,0.013064133016627079,-0.16910260287137868,-0.5113888093580115,0.12939038568461747,-0.6896370407643304,-1.5699957634124222,-1.8382597500071012,2.7661409092019613,1.764307383419703,-0.0857209939323278,1.886506463440359,-1.1073722414643092,1.2135619901979333,-0.1405292304273229,1.0039626639914805,-0.3601578396340881,-1.6951589063664279,-0.5965466176983187
579_580,34.0,50,female,-40.61538461538461,1452,0.03305785123966942,0.03994490358126722,0.028236914600550965,0.009641873278236915,0.012396694214876033,0.007575757575757576,0.18181818181818182,0.23553719008264462,0.049586776859504134,0.06060606060606061,0.01721763085399449,0.11707988980716254,0.01721763085399449,0.13705234159779614,0.022727272727272728,0.011707988980716254,0.01859504132231405,-0.029676859761758045,0.157786096532615,-0.18554723046854305,-1.2370920082786672,-0.9934699256209161,-1.4688936223359912,1.6666005935931585,1.9250309999970843,0.37234590415543334,0.5717618943086884,-0.6725622055408156,1.227494639018376,-0.6725622055408156,1.3845735786247224,-0.39969521887417514,-1.049039776775727,-0.5970546530326701
57_57,32.0,55,male,-24.714285714285715,1247,0.012830793905372895,0.020850040096230954,0.04570970328789094,0.11708099438652766,0.03929430633520449,0.012830793905372895,0.19246190858059342,0.13151563753007217,0.02566158781074579,0.0673616680032077,0.01603849238171612,0.14995990376904572,0.010425020048115477,0.09302325581395349,0.02566158781074579,0.008821170809943865,0.030473135525260625,-1.0505984943931104,-0.5768141423074686,0.19782607250365958,1.1330665531574766,0.04801379427499919,-1.0505984943931104,1.6287612142461705,1.2489516949057813,-0.3727187859639538,0.5827926590634829,-0.8335339891552831,1.3798199701108202,-1.251269189855262,0.90393239770611,-0.3727187859639538,-1.4116118399304405,-0.20330063400590692
580_581,37.0,51,male,-23.5,905,0.016574585635359115,0.015469613259668509,0.017679558011049725,0.026519337016574586,0.0066298342541436465,0.0022099447513812156,0.2983425414364641,0.15469613259668508,0.01878453038674033,0.08176795580110498,0.011049723756906077,0.08066298342541436,0.012154696132596685,0.17790055248618786,0.04088397790055249,0.008839779005524863,0.02983425414364641,-0.504907071164173,-0.5715984456628447,-0.4423867141828386,-0.04707397753869236,-1.373944918187782,-2.3294563632152188,2.3545250031971627,1.699460393684427,-0.3835462141599053,1.0650520302961404,-0.8943718379258958,1.0515383111294176,-0.8034000597201696,1.8387580475733376,0.37859383788699175,-1.105680931593103,0.06843890958315191
581_582,63.0,51,female,2.5,828,0.03260869565217391,0.006038647342995169,0.08695652173913043,0.04468599033816425,0.004830917874396135,0.013285024154589372,0.18961352657004832,0.17632850241545894,0.03140096618357488,0.07246376811594203,0.013285024154589372,0.08574879227053141,0.01932367149758454,0.13526570048309178,0.03743961352657005,0.027777777777777776,0.022946859903381644,-0.10436020290493131,-1.7137981153390323,0.8650403542831722,0.20579472539890808,-1.914468810801183,-0.9761991722082524,1.6408792506882306,1.568479220879665,-0.14140147458528052,0.6840971574593384,-0.9761991722082524,0.8511512421225049,-0.6151858266709223,1.3044070140670176,0.03144133825413009,-0.26154578642734405,-0.4481317420077562
582_583,52.0,51,female,-8.5,1173,0.043478260869565216,0.027280477408354646,0.03495311167945439,0.013640238704177323,0.0008525149190110827,0.0025575447570332483,0.34441602728047743,0.1815856777493606,0.027280477408354646,0.13128729752770674,0.005967604433077579,0.023870417732310314,0.017050298380221655,0.056265984654731455,0.04092071611253197,0.023870417732310314,0.0247229326513214,0.48886894727088626,0.028527228936887195,0.2729805668378482,-0.6493524794922698,-3.0472477522906396,-2.199949891903436,2.549938876099742,1.9109239722698748,0.028527228936887195,1.5874812359389958,-1.43780983985654,-0.10280877312419978,-0.43228797425444165,0.7444890872630041,0.42885093754463277,-0.10280877312419978,-0.06832259705303034
583_584,36.0,51,male,-24.5,1038,0.02697495183044316,0.02601156069364162,0.012524084778420038,0.06840077071290944,0.007707129094412331,0.012524084778420038,0.32755298651252407,0.14065510597302505,0.031791907514450865,0.051059730250481696,0.010597302504816955,0.11271676300578035,0.018304431599229287,0.05876685934489403,0.03371868978805395,0.036608863198458574,0.024084778420038536,-0.25862574343638833,-0.2943438260384674,-1.005840145266609,0.6611676189889688,-1.468463667214722,-1.005840145266609,2.221885294878574,1.3784955977461288,-0.09698439187997243,0.3711518231909676,-1.1661827953417885,1.1579085028732203,-0.6381153651412919,0.5105073441014789,-0.03899713422962314,0.042128410582745524,-0.3698513785466129
584_585,74.0,51,male,13.5,1043,0.003835091083413231,0.003835091083413231,0.0009587727708533077,0.013422818791946308,0.007670182166826462,0.08437200383509108,0.10546500479386385,0.11409395973154363,0.013422818791946308,0.046021093000958774,0.011505273250239693,0.3000958772770853,0.0,0.25119846596356665,0.019175455417066157,0.019175455417066157,0.005752636625119847,-1.4264029244790208,-1.4264029244790208,-2.525015213147131,-0.25633167182876626,-0.7904141577590247,1.5525222307585884,1.7745351997025125,1.8528360501162702,-0.25633167182876626,0.9510834766881424,-0.40475167694703984,2.81731903881768,-3.623627501815241,2.639770760776383,0.0899445648890671,0.0899445648890671,-1.0586781443537037
585_586,71.0,51,male,10.5,1823,0.026878771256171146,0.015907844212835986,0.010970927043335162,0.04607789358200768,0.023587493143170598,0.0,0.08283049917718047,0.3965990126165661,0.05650027427317608,0.053208996160175534,0.03510696653867252,0.0877674163466813,0.012616566099835436,0.09983543609434997,0.026330224904004388,0.01151947339550192,0.01426220515633571,-0.008776418619854454,-0.526358824848725,-0.8903242020501367,0.5260024461686292,-0.13798815009986098,-4.603896268754445,1.1098365367549246,2.673351457877039,0.7288225245109246,0.6691032898093026,0.2559161356072277,1.1675448543755715,-0.7537486670443863,1.2960010848280468,-0.02918529025106187,-0.8426961530608819,-0.6336043552023223
586_587,51.0,51,male,-9.5,1415,0.03816254416961131,0.03109540636042403,0.11590106007067137,0.06925795053003533,0.012014134275618375,0.014134275618374558,0.0911660777385159,0.21978798586572437,0.018374558303886925,0.06007067137809187,0.012014134275618375,0.10176678445229682,0.018374558303886925,0.13286219081272085,0.018374558303886925,0.019081272084805655,0.02756183745583039,-0.02058627730342888,-0.2232977898004327,1.084123591232799,0.5712695692054157,-1.1565860980431593,-0.9983620928282653,0.844893902166965,1.7226123592548805,-0.7416422459804508,0.42972939697008705,-1.1565860980431593,0.9544925285798596,-0.7416422459804508,1.220311027915438,-0.7416422459804508,-0.7046009743001016,-0.3424863070655513
587_588,72.0,51,female,11.5,1384,0.031791907514450865,0.03395953757225433,0.11488439306358382,0.03901734104046243,0.023121387283236993,0.017341040462427744,0.05997109826589595,0.29552023121387283,0.025289017341040464,0.024566473988439308,0.01083815028901734,0.15173410404624277,0.0036127167630057803,0.10115606936416185,0.03468208092485549,0.008670520231213872,0.02384393063583815,-0.06426207116924365,0.0009784506991574737,1.212292661883461,0.13844944132776016,-0.3785111710057465,-0.6610781427907568,0.5650953715153717,2.155185642951686,-0.29021856386006784,-0.31879193630412406,-1.1189112364162375,1.489734392780998,-2.155003168103013,1.0854562284323626,0.021812537601999527,-1.3340226160331827,-0.3482058215104171
588_589,69.0,51,male,8.5,1252,0.00878594249201278,0.015175718849840255,0.06869009584664537,0.026357827476038338,0.011980830670926517,0.003194888178913738,0.2571884984025559,0.3258785942492013,0.007987220447284345,0.03035143769968051,0.00718849840255591,0.013578274760383386,0.001597444089456869,0.15654952076677317,0.038338658146964855,0.007987220447284345,0.019169329073482427,-0.8613032786766399,-0.3332358484761433,1.1564940998919893,0.20789512478517613,-0.5628102901206433,-1.7995729172695705,2.472452822189983,2.708841600254213,-0.952275056882367,0.3470079272478941,-1.0523585154393493,-0.44144943311637563,-2.387359582171689,1.9770121172634714,0.5779134838975932,-0.952275056882367,-0.10497719649516313
589_590,75.0,51,female,14.5,1509,0.01855533465871438,0.02584493041749503,0.06295559973492379,0.07223326706428099,0.02385685884691849,0.013253810470510271,0.17296222664015903,0.2292909211398277,0.021206096752816435,0.005964214711729622,0.009940357852882704,0.1166335321404904,0.033797216699801194,0.12127236580516898,0.028495692511597084,0.02253147779986746,0.021206096752816435,-0.6447288197645338,-0.3183322351320621,0.5644933404475458,0.7012916422174169,-0.39732064645069265,-0.9742080208947761,1.5718013764658392,1.8532499115908194,-0.5133928177034468,-1.7433411084326438,-1.2537928831139378,1.178687969334213,-0.053051099369448185,1.2175817604554866,-0.22187196894450034,-0.45367358300182437,-0.5133928177034468
58_58,19.0,55,male,-37.714285714285715,1144,0.021853146853146852,0.01486013986013986,0.050699300699300696,0.19405594405594406,0.0472027972027972,0.0017482517482517483,0.1660839160839161,0.25961538461538464,0.011363636363636364,0.009615384615384616,0.008741258741258742,0.032342657342657344,0.005244755244755245,0.11101398601398602,0.04195804195804196,0.0026223776223776225,0.02097902097902098,-0.14414874656954568,-0.5206263178044579,0.6861995555038845,2.0220999028723687,0.615373502935272,-2.4665364668597713,1.8668249958328293,2.3125870262517583,-0.7801375132895427,-0.9404801633647222,-1.0314519415704484,0.24151373424243872,-1.5110250218323347,1.4652891658645544,0.4987365992095114,-2.1300642302385584,-0.18415408118324494
590_591,69.0,51,male,8.5,1182,0.004230118443316413,0.00338409475465313,0.018612521150592216,0.07445008460236886,0.021996615905245348,0.0025380710659898475,0.14720812182741116,0.19373942470389172,0.030456852791878174,0.025380710659898477,0.008460236886632826,0.24957698815566837,0.005076142131979695,0.16666666666666666,0.027918781725888325,0.00338409475465313,0.01692047377326565,-1.6000607515307181,-1.8007314469928697,-0.19129353455876918,1.17819370824474,-0.027664110776967288,-2.0520458752737754,1.8571158978733382,2.131094185731456,0.29250341681930214,0.1129178398442221,-0.9534335866056662,2.3838599930770092,-1.4330066668675525,1.980929740572033,0.20673659506187692,-1.8007314469928697,-0.28438395762478086
591_592,83.0,52,male,18.785714285714292,1164,0.009450171821305841,0.019759450171821305,0.058419243986254296,0.07216494845360824,0.03608247422680412,0.006872852233676976,0.1211340206185567,0.19845360824742267,0.02491408934707904,0.01718213058419244,0.006013745704467354,0.10652920962199312,0.003436426116838488,0.27920962199312716,0.015463917525773196,0.006872852233676976,0.01804123711340206,-1.0405197964698005,-0.32586641068889177,0.7439669134291744,0.9538847025241233,0.266637244091366,-1.342800668342734,1.4694328852442875,1.9617130416872839,-0.09847656849323094,-0.46244194569464225,-1.4679638112967406,1.3414388840657576,-1.978789435062731,2.302495629809619,-0.5650960997547263,-1.342800668342734,-0.4148138967053878
592_593,68.0,52,male,3.785714285714292,1046,0.04684512428298279,0.04206500956022945,0.0248565965583174,0.06883365200764818,0.028680688336520075,0.022944550669216062,0.044933078393881457,0.22275334608030592,0.07265774378585087,0.008604206500956023,0.008604206500956023,0.21606118546845124,0.01338432122370937,0.10038240917782026,0.01338432122370937,0.0497131931166348,0.015296367112810707,0.24183703262434442,0.13535355222189427,-0.3829909039581234,0.6234509249103293,-0.24240895333693402,-0.4614625193996189,0.2005940740902954,1.7930464401586519,0.6771551038821899,-1.4088438383438047,-1.4088438383438047,1.7626093079727887,-0.9859869875237712,0.9985753159658213,-0.9859869875237712,0.30067753264727815,-0.8567752560437651
593_594,69.0,52,male,4.785714285714292,796,0.005025125628140704,0.018844221105527637,0.017587939698492462,0.016331658291457288,0.0037688442211055275,0.022613065326633167,0.4057788944723618,0.1934673366834171,0.018844221105527637,0.032663316582914576,0.018844221105527637,0.1507537688442211,0.002512562814070352,0.0364321608040201,0.028894472361809045,0.007537688442211055,0.020100502512562814,-1.4485697311285635,-0.21180710397963676,-0.2784984784783089,-0.34995744246045435,-1.69988415940947,-0.03487639582055868,2.8265519860361175,2.0875469684329624,-0.21180710397963676,0.32449760508733894,-0.21180710397963676,1.8390026250258718,-2.036356396030683,0.43174313544093623,0.2043532932452754,-1.0808449510032463,-0.1492867469983028
594_595,74.0,52,female,9.785714285714292,1276,0.017241379310344827,0.023510971786833857,0.07836990595611286,0.08855799373040753,0.0219435736677116,0.024294670846394983,0.15595611285266459,0.2225705329153605,0.018808777429467086,0.006269592476489028,0.0023510971786833857,0.17476489028213166,0.0007836990595611285,0.10736677115987461,0.029780564263322883,0.007053291536050157,0.02037617554858934,-0.4234693461984471,-0.11925797179545583,1.0731730720903085,1.1948181815126357,-0.18708056813421692,-0.08699710957723417,1.7588295809210963,2.1137485981575637,-0.3383115378581403,-1.3969184919125515,-2.284221686913454,1.8724267586448018,-3.1315195473006576,1.386639261697804,0.1136735858849165,-1.2856928568023265,-0.2598399224166452
595_596,81.0,52,male,16.785714285714292,1429,0.015395381385584325,0.00979706088173548,0.01119664100769769,0.055283414975507345,0.02939118264520644,0.01119664100769769,0.09657102869139259,0.35339398180545833,0.02239328201539538,0.02239328201539538,0.0986703988803359,0.11196641007697691,0.002099370188943317,0.08887333799860042,0.02589223233030091,0.02239328201539538,0.02309307207837649,-0.6739637387125801,-1.113330398496426,-0.9841186670164199,0.5882779737373314,-0.03797497199258393,-0.9841186670164199,1.1433912777044384,2.4380689905375714,-0.3062389585872629,-0.3062389585872629,1.1648206691603376,1.2908148946471156,-2.534716079427587,1.0606373166755256,-0.16313811494659003,-0.3062389585872629,-0.27593360909193443
596_597,44.0,54,female,-12.714285714285715,1325,0.017358490566037735,0.030943396226415093,0.09358490566037736,0.07849056603773585,0.004528301886792453,0.013584905660377358,0.14339622641509434,0.30641509433962266,0.019622641509433963,0.0430188679245283,0.01509433962264151,0.10943396226415095,0.006792452830188679,0.07018867924528302,0.024150943396226414,0.007547169811320755,0.015849056603773583,-0.5737318046335456,-0.005038798547006618,1.0935734901211034,0.9184548456212065,-1.8589300488820677,-0.8129614936993801,1.5189199687830963,2.276851703204206,-0.4535874927914829,0.32105272201964574,-0.7103073396392969,1.249443860827888,-1.4794404271771637,0.807229210510982,-0.24949213644796764,-1.3793569686201814,-0.662679290650042
597_598,52.0,54,male,-4.714285714285715,1561,0.026905829596412557,0.03139013452914798,0.04484304932735426,0.03010890454836643,0.011531069827033953,0.005765534913516977,0.1601537475976938,0.24791800128122998,0.049967969250480464,0.07046764894298527,0.028827674567584883,0.11402946828955797,0.009609224855861628,0.10954516335682254,0.015374759769378604,0.016655989750160152,0.026905829596412557,-0.2858616156166951,-0.13339302197242153,0.22024701827115667,-0.17463598050647056,-1.117594959462787,-1.7840738929405715,1.4880932289778532,1.9243501572463355,0.3277329332412964,0.6696498294107411,-0.21765336559016157,1.1492229096726274,-1.2945256676218655,1.1092175750589286,-0.8366925739963849,-0.7582209585548894,-0.2858616156166951
598_599,49.0,59,female,-17.16666666666667,1079,0.010194624652455977,0.015755329008341055,0.13623725671918444,0.0037071362372567192,0.0,0.0009267840593141798,0.3938832252085264,0.20296570898980537,0.005560704355885079,0.15848007414272475,0.014828544949026877,0.010194624652455977,0.0,0.023169601482854494,0.016682113067655237,0.0027803521779425394,0.004633920296570899,-0.12484675999182748,0.2950070855684368,2.426634380418843,-1.0631163985847571,-3.260340975920977,-2.161728687252867,3.4860711526523973,2.8241584371541943,-0.69539161845944,2.577389471244963,0.23616658554550352,-0.12484675999182748,-3.260340975920977,0.671484656803349,0.35057693672324763,-1.3144308268656637,-0.8624457031226065
599_600,71.0,45,female,2.0,818,0.02689486552567237,0.044009779951100246,0.07090464547677261,0.018337408312958436,0.012224938875305624,0.02078239608801956,0.08557457212713937,0.2665036674816626,0.040342298288508556,0.01589242053789731,0.03178484107579462,0.11613691931540342,0.0,0.1882640586797066,0.02444987775061125,0.007334963325183374,0.030562347188264057,-0.1103157346808672,0.37348121669720413,0.845195710346569,-0.482991019966041,-0.8724557867277642,-0.3616301629617733,1.0317816659269812,2.162954970644403,0.2877143949397789,-0.6211413584468577,0.0533136891009347,1.3352952035954426,-3.916978224451187,1.8163630524465584,-0.2034061577468793,-1.3520288669896505,0.014847408273138907
600_601,39.0,45,male,-30.0,1295,0.01776061776061776,0.023938223938223938,0.05714285714285714,0.008494208494208495,0.0015444015444015444,0.012355212355212355,0.30579150579150577,0.14594594594594595,0.021621621621621623,0.12046332046332046,0.013899613899613899,0.09498069498069497,0.013127413127413128,0.10038610038610038,0.020077220077220077,0.014671814671814672,0.027799227799227798,-0.4913682764007188,-0.19838115171924509,0.6624304278346815,-1.2060216621816284,-2.7320779656766776,-0.8450083166442974,2.3343073435240704,1.5960203269716486,-0.2984646102762274,1.4046873124293757,-0.7305979654665533,1.1678724585171998,-0.7861678166213641,1.2230045292119156,-0.3712239645586557,-0.6779542319811309,-0.05105643696238671
602_603,70.0,47,male,10.0,861,0.005807200929152149,0.003484320557491289,0.03716608594657375,0.0,0.0011614401858304297,0.0023228803716608595,0.5958188153310104,0.16376306620209058,0.010452961672473868,0.004645760743321719,0.004645760743321719,0.09059233449477352,0.0011614401858304297,0.0429732868757259,0.024390243902439025,0.004645760743321719,0.006968641114982578,-0.55155739733729,-1.0035425210803472,1.2249345997599765,-2.9494526701356607,-1.8508403814675507,-1.3400147577015602,3.9849445397928975,2.695994227507577,-0.005013690969220441,-0.7522280927994416,-0.7522280927994416,2.1067931352126474,-1.8508403814675507,1.3680354434006499,0.8117474455579017,-0.7522280927994416,-0.3845033126741235
603_604,87.0,47,male,27.0,1052,0.025665399239543727,0.019961977186311788,0.09220532319391635,0.05608365019011407,0.013307984790874524,0.004752851711026616,0.12642585551330798,0.20627376425855512,0.01806083650190114,0.0038022813688212928,0.0028517110266159697,0.05798479087452472,0.004752851711026616,0.23954372623574144,0.027566539923954372,0.07984790874524715,0.02091254752851711,-0.08113006320526628,-0.3272631327441746,1.1845363101260094,0.6906602446737922,-0.7211674184512633,-1.6905679756393663,1.4987854099625122,1.986882782650947,-0.4249016023080907,-1.8912386711015179,-2.1425530993824236,0.7237211069346801,-1.6905679756393663,2.1360951808376223,-0.010925804532017747,1.0414354664853365,-0.2818007586674174
604_605,81.0,47,female,21.0,1439,0.014593467685892982,0.007644197359277276,0.007644197359277276,0.015288394718554551,0.010423905489923557,0.005559416261292564,0.28422515635858236,0.33564975677553854,0.035441278665740095,0.010423905489923557,0.0118137595552467,0.12856150104239056,0.01320361362056984,0.06879777623349548,0.021542738012508687,0.02779708130646282,0.001389854065323141,-0.37600510467901094,-1.001711004443424,-1.001711004443424,-0.33054273060225325,-0.7032180158874266,-1.3039918763163576,2.570878863480496,2.736993275080721,0.49752376785706254,-0.7032180158874266,-0.5818571588831598,1.778996842234862,-0.4736435742429266,1.156099604351919,0.005929506018959252,0.25724393429986536,-2.5277673079384733
605_606,41.0,47,female,-19.0,1358,0.04786450662739323,0.021354933726067747,0.030191458026509573,0.016936671575846832,0.012518409425625921,0.004418262150220913,0.21575846833578793,0.3011782032400589,0.020618556701030927,0.020618556701030927,0.020618556701030927,0.16642120765832105,0.008836524300441826,0.03608247422680412,0.016936671575846832,0.03755522827687776,0.022091310751104567,0.45873136100420275,-0.33892851829122916,0.0023746455996493943,-0.5663183604868904,-0.8611179007075349,-1.8515166047354117,1.958558857631148,2.2916181216561204,-0.3734146943623986,-0.3734146943623986,-0.3734146943623986,1.6994261632860854,-1.1975901373287479,0.17865388793764136,-0.5663183604868904,0.218263026032687,-0.3055920980236375
606_607,71.0,47,female,11.0,1258,0.009538950715421303,0.013513513513513514,0.02384737678855326,0.00397456279809221,0.001589825119236884,0.003179650238473768,0.5707472178060413,0.16931637519872814,0.006359300476947536,0.06677265500794913,0.000794912559618442,0.02782193958664547,0.005564387917329093,0.05087440381558029,0.028616852146263912,0.006359300476947536,0.011128775834658187,-0.4164175785289137,-0.07994534190770075,0.47558046077619665,-1.237398130598744,-2.025855490963014,-1.4380688260608956,3.63501948268191,2.42149060983151,-0.8020800593408985,1.4946053115259588,-2.5366811147290047,0.6273864736442007,-0.9272432022949042,1.2245190009645577,0.6551660377512767,-0.8020800593408985,-0.2679975734106401
607_608,77.0,48,female,17.5,664,0.03765060240963856,0.04819277108433735,0.01957831325301205,0.19879518072289157,0.0030120481927710845,0.02710843373493976,0.19879518072289157,0.21234939759036145,0.018072289156626505,0.007530120481927711,0.007530120481927711,0.1144578313253012,0.004518072289156626,0.07981927710843373,0.004518072289156626,0.012048192771084338,0.006024096385542169,0.39844307453958194,0.6410047117108935,-0.23754569218041466,2.0463472678014787,-1.9239446457506433,0.07753535445948101,2.0463472678014787,2.112064339458494,-0.3145067333165428,-1.1354872853863731,-1.1354872853863731,1.497055363207692,-1.5874724091294303,1.1394462762771624,-1.5874724091294303,-0.7001692141285276,-1.3361579808485247
608_609,67.0,48,male,7.5,1257,0.023070803500397773,0.03579952267303103,0.10660302307080351,0.06841686555290374,0.035003977724741446,0.003977724741447892,0.1328560063643596,0.36595067621320604,0.026252983293556086,0.015115354017501989,0.007955449482895784,0.04455051710421639,0.003977724741447892,0.10898965791567224,0.006364359586316627,0.003977724741447892,0.011137629276054098,-0.10574240752930741,0.3275796550818231,1.411431528166812,0.9700117430627517,0.3053565182971125,-1.7853845786366564,1.6308506803900396,2.6421801848202797,0.02141276795593905,-0.5197182053053808,-1.1387574137116037,0.5441079672773137,-1.7853845786366564,1.4334912462315441,-1.350066507378811,-1.7853845786366564,-0.8159840214485534
609_610,62.0,48,male,2.5,1460,0.019178082191780823,0.05136986301369863,0.13082191780821917,0.04726027397260274,0.0013698630136986301,0.002054794520547945,0.20684931506849316,0.313013698630137,0.04452054794520548,0.052054794520547946,0.017123287671232876,0.031506849315068496,0.005479452054794521,0.0547945205479452,0.010958904109589041,0.002054794520547945,0.009589041095890411,-0.18146239285819687,0.7927661761221776,1.723521328487899,0.7099602724379448,-2.6150757482586466,-2.2786035116374337,2.1807147973380943,2.5944104045827743,0.6506836625084045,0.8059242606996886,-0.29268802796842097,0.30808583246050913,-1.391300316636531,0.856890704291716,-0.7280060992262665,-2.2786035116374337,-0.8572178307062726
60_60,35.0,56,female,-17.692307692307693,1347,0.0066815144766146995,0.015590200445434299,0.028210838901262063,0.10170749814402376,0.02969561989606533,0.0014847809948032665,0.3303637713437268,0.21158129175946547,0.007423904974016332,0.13140311804008908,0.005939123979213066,0.023756495916852263,0.004454342984409799,0.04974016332590943,0.026726057906458798,0.005939123979213066,0.019302152932442463,-1.1907531381524423,-0.37399200162532065,0.20861330453480065,1.4815789803476882,0.25925703735355565,-2.525754204884783,2.657152310151926,2.212197092337127,-1.09066967959546,1.7369256721565325,-1.3019787732626673,0.03919515257675377,-1.5702427598573463,0.7700826611195462,0.15526732382950792,-1.3019787732626673,-0.1649002037667615
610_611,63.0,48,male,3.5,1162,0.00946643717728055,0.012048192771084338,0.025817555938037865,0.035283993115318414,0.02495697074010327,0.004302925989672977,0.3407917383820998,0.23407917383820998,0.03098106712564544,0.06884681583476764,0.008605851979345954,0.06540447504302926,0.02495697074010327,0.07314974182444062,0.014629948364888123,0.004302925989672977,0.022375215146299483,-1.0453355878581867,-0.8135339738008618,-0.06995593961402458,0.2380108040092619,-0.10329235988161667,-1.7829345309889657,2.494993417847512,2.1199559908759085,0.10962963736105502,0.9005745611971272,-1.136307366063913,0.8496081176050994,-0.10329235988161667,0.9608337527153239,-0.6254817422979224,-1.7829345309889657,-0.21053789023521396
611_612,76.0,48,female,16.5,1242,0.007246376811594203,0.00644122383252818,0.07326892109500806,0.06924315619967794,0.027375201288244767,0.03140096618357488,0.2777777777777778,0.19243156199677938,0.017713365539452495,0.011272141706924315,0.00322061191626409,0.2109500805152979,0.008051529790660225,0.02254428341384863,0.005636070853462158,0.023349436392914653,0.012077294685990338,-1.1964759951594668,-1.3077016302696918,1.068571178515513,1.0123766201718714,0.09319153027135174,0.228532878141114,2.3972248494417623,2.0307856230850074,-0.3342524845555883,-0.7736191443394334,-1.943690396989688,2.122483288265716,-1.0963925366024845,-0.09786370649135767,-1.4328647732236974,-0.06337753042018823,-0.7069277698407617
612_613,83.0,48,male,23.5,1097,0.0036463081130355514,0.020054694621695533,0.03099361896080219,0.056517775752051046,0.02187784867821331,0.018231540565177756,0.097538742023701,0.24703737465815861,0.02643573381950775,0.010938924339106655,0.0054694621695533276,0.17502278942570648,0.0027347310847766638,0.24612579762989972,0.009115770282588878,0.010027347310847767,0.018231540565177756,-1.8196560774087542,-0.2102181649746533,0.21722584985228632,0.8114330825573277,-0.12506035663434645,-0.3033085880406654,1.3537573733826895,2.280228665188962,0.06065678916074635,-0.7980048298767723,-1.4519312972834362,1.936362679542811,-2.07097050568966,2.276538624101508,-0.9723582170215499,-0.8813864388158237,-0.3033085880406654
613_614,78.0,48,female,18.5,1150,0.02,0.02,0.09565217391304348,0.04,0.011304347826086957,0.0,0.32,0.23652173913043478,0.011304347826086957,0.028695652173913042,0.0034782608695652175,0.025217391304347827,0.0034782608695652175,0.1582608695652174,0.01391304347826087,0.0008695652173913044,0.011304347826086957,0.10934536026047637,0.10934536026047637,1.6573604600681704,0.7917972517036738,-0.4449653754452534,-3.7408022414495825,2.861785650739754,2.5599835532136614,-0.4449653754452534,0.46389037794138366,-1.5435776641133634,0.3367352024561372,-1.5435776641133634,2.159095112132909,-0.24429467998310184,-2.6421899527814725,-0.4449653754452534
614_615,67.0,48,female,7.5,1323,0.02872260015117158,0.037037037037037035,0.09674981103552532,0.026455026455026454,0.007558578987150416,0.0022675736961451248,0.24111866969009826,0.29402872260015117,0.022675736961451247,0.05668934240362812,0.009826152683295541,0.06198034769463341,0.015873015873015872,0.0710506424792139,0.013605442176870748,0.006046863189720333,0.008314436885865457,0.05136201213440339,0.30267644041530906,1.256632675175939,-0.029763532677965276,-1.2479209719958577,-2.3465332606639677,2.1674610446582543,2.3655676361514675,-0.18156954554596938,0.7248364270956436,-0.996606543714952,0.8135020641813,-0.5312432940257183,0.9493036053403618,-0.6815254970750564,-1.459230065663065,-1.1569491937901306
615_616,58.0,48,female,-1.5,1123,0.012466607301869992,0.031166518254674976,0.06233303650934995,0.009795191451469279,0.012466607301869992,0.008014247551202136,0.3259127337488869,0.19946571682991987,0.03294746215494212,0.060552092609082814,0.004452359750667854,0.10952804986642921,0.030276046304541407,0.06589492430988424,0.009795191451469279,0.015138023152270703,0.009795191451469279,-0.8056027091192988,0.08978133793554299,0.7758613512723955,-1.0374043231766228,-0.8056027091192988,-1.2284595599393322,2.424247162780879,1.9341243486364816,0.14458957443053766,0.7470823867223522,-1.7750032663074018,1.3364897975222045,0.06120796549148677,0.8310477668396867,-1.0374043231766228,-0.6175504776163594,-1.0374043231766228
616_617,53.0,48,female,-6.5,1499,0.027351567711807873,0.061374249499666446,0.06604402935290193,0.018679119412941963,0.019346230820547032,0.019346230820547032,0.1400933955970647,0.2054703135423616,0.032021347565043365,0.06804536357571714,0.01067378252168112,0.19679786524349566,0.014009339559706471,0.08272181454302868,0.009339559706470981,0.0200133422281521,0.00867244829886591,-0.25332606159575155,0.5481891556859755,0.6211381553321429,-0.6291154015577991,-0.5946292254866301,-0.5946292254866301,1.3704661642900322,1.7527023545130385,-0.09745569088896655,0.6508433097460586,-1.1756591079258691,1.709649348013749,-0.910966553698787,0.8452862270723585,-1.3048708394058752,-0.561292805219038,-1.3763298033880207
617_618,62.0,48,female,2.5,1052,0.014258555133079848,0.028517110266159697,0.03326996197718631,0.0009505703422053232,0.0009505703422053232,0.022813688212927757,0.19866920152091255,0.2005703422053232,0.02091254752851711,0.051330798479087454,0.008555133079847909,0.25380228136882127,0.012357414448669201,0.12167300380228137,0.0038022813688212928,0.010456273764258554,0.017110266159695818,-0.4186654234552116,0.258221236232953,0.41002724910095756,-2.754040339272249,-2.754040339272249,0.039167670170268565,2.18521829198178,2.19471955110592,-0.045990138170038275,0.8386952542887856,-0.9082136487739176,2.4296141189556484,-0.5568157619360288,1.6964234569548617,-1.6554280506041388,-0.7171584120112082,-0.241734715296134
618_619,30.0,48,female,-29.5,1265,0.03162055335968379,0.026877470355731226,0.05928853754940711,0.04743083003952569,0.03320158102766799,0.0015810276679841897,0.1359683794466403,0.15810276679841898,0.025296442687747035,0.09565217391304348,0.01818181818181818,0.0774703557312253,0.04110671936758893,0.19525691699604744,0.0071146245059288534,0.02608695652173913,0.019762845849802372,-0.13916828312967233,-0.2995109332048518,0.48366239901281327,0.2621731077946299,-0.09096618131179479,-2.9241795253680105,1.3099269792292485,1.4603439895044579,-0.3592301679064742,0.9594440055384372,-0.6834698360920526,0.7495862909358775,0.12034291235541206,1.670940324766579,-1.5891784586356708,-0.3289248184111453,-0.6017918050777853
619_620,22.0,48,female,-37.5,1043,0.027804410354745925,0.038350910834132314,0.05656759348034516,0.003835091083413231,0.0028763183125599234,0.019175455417066157,0.3317353787152445,0.11313518696069032,0.015340364333652923,0.10162991371045062,0.004793863854266539,0.12464046021093,0.023969319271332695,0.10546500479386385,0.0009587727708533077,0.020134228187919462,0.009587727708533078,0.1262759375095599,0.4431876482762793,0.8278619867153698,-1.7540369290599398,-2.0053513573408464,-0.23768943969185186,2.589768492793744,1.5167986347389717,-0.45475394492967913,1.4100306593132657,-1.5533662335977891,1.613258900926534,-0.019435873671833637,1.4469011951215935,-2.85264921772805,-0.19006139070259698,-0.9067390686727363
61_61,25.0,56,male,-27.692307692307693,1354,0.014771048744460856,0.06646971935007386,0.028064992614475627,0.09010339734121123,0.0051698670605613,0.0029542097488921715,0.1602658788774003,0.3190546528803545,0.03914327917282127,0.0672082717872969,0.019940915805022157,0.04062038404726736,0.007385524372230428,0.06499261447562776,0.026587887740029542,0.012555391432791729,0.03471196454948301,-0.740546638308119,0.7443783262533987,-0.11031328315874322,1.0471395055323,-1.7460685039102164,-2.256894127676208,1.6212273260762573,2.3086108019194524,0.21871012944947932,0.755367447828994,-0.44678551977995573,0.255411496299907,-1.4095962672890034,0.7220310275614024,-0.16365926386403595,-0.898770643523013,0.09975818658811386
620_621,35.0,48,female,-24.5,1575,0.006349206349206349,0.02095238095238095,0.040634920634920635,0.01650793650793651,0.019682539682539683,0.0038095238095238095,0.26412698412698415,0.1892063492063492,0.02412698412698413,0.08190476190476191,0.015238095238095238,0.1346031746031746,0.017777777777777778,0.10539682539682539,0.008888888888888889,0.027936507936507936,0.022857142857142857,-1.5288000660242806,-0.3686298843567375,0.2864899006139683,-0.6030305901955817,-0.4301877773561711,-2.008373146286167,2.151711138419139,1.8185946096448984,-0.22951708189401998,0.9835055579518337,-0.6815022056370772,1.478766665176713,-0.5302712359131538,1.2348199862327398,-1.2060266737612295,-0.08468613401556402,-0.2828630625993127
621_622,91.0,47,male,31.0,1257,0.014319809069212411,0.031821797931583136,0.12967382657120127,0.03659506762132061,0.005568814638027049,0.006364359586316627,0.18217979315831345,0.25855210819411295,0.024661893396976928,0.027048528241845664,0.016706443914081145,0.1280827366746221,0.00477326968973747,0.066030230708035,0.022275258552108195,0.0294351630867144,0.015910898965791568,-0.7508408177471395,0.03269042428107438,1.4282014405058892,0.17084076276189153,-1.6537085292891538,-1.5285453863351481,1.767291479669181,2.116750911817205,-0.21862400399983173,-0.12765222579410462,-0.6005586146978015,1.4158935928312926,-1.796809372929828,0.7562350820253907,-0.31870746255681404,-0.044270616855053735,-0.6481866636870564
622_623,86.0,49,male,12.833333333333329,1412,0.009915014164305949,0.012747875354107648,0.019830028328611898,0.058781869688385266,0.015580736543909348,0.09135977337110482,0.08356940509915015,0.193342776203966,0.026912181303116147,0.007790368271954674,0.0056657223796034,0.3024079320113314,0.020538243626062325,0.10127478753541076,0.0226628895184136,0.021954674220963172,0.0056657223796034,-1.0577999211131441,-0.8141778384553939,-0.38204448326506846,0.6928980613171367,-0.6184332613292991,1.1317323105999195,1.0429643900355128,1.8793530513223629,-0.0812903292459346,-1.289601535170469,-1.5918824070434026,2.326005717837142,-0.347558307193899,1.2343864646600027,-0.2507084812039815,-0.2819610247080857,-1.5918824070434026
623_624,74.0,49,female,0.8333333333333286,1006,0.041749502982107355,0.020874751491053677,0.06461232604373758,0.10536779324055666,0.013916500994035786,0.004970178926441352,0.1312127236580517,0.17296222664015903,0.004970178926441352,0.02186878727634195,0.008946322067594433,0.06063618290258449,0.002982107355864811,0.31411530815109345,0.013916500994035786,0.005964214711729622,0.010934393638170975,0.4976139162696014,-0.18383722452715245,0.9301599829804368,1.4162548254887102,-0.5777415102342411,-1.5471420674223442,1.6346924857655072,1.9100345819817124,-1.5471420674223442,-0.13837485045039521,-1.0005983610542746,0.8671470151517027,-1.9991271911654014,2.5054330819234614,-0.5777415102342411,-1.3800879827591785,-0.8095431242915652
624_625,60.0,51,male,-0.5,1426,0.007713884992987377,0.0091164095371669,0.04978962131837307,0.024544179523141654,0.002805049088359046,0.006311360448807854,0.332398316970547,0.2335203366058906,0.010518934081346423,0.0785413744740533,0.014025245441795231,0.04488078541374474,0.004908835904628331,0.12482468443197756,0.021739130434782608,0.016830294530154277,0.01753155680224404,-1.1076091198430147,-0.9472664697678352,0.7197412944877426,0.01957654126915065,-2.0458787584359452,-1.298664356605724,2.612305462837763,2.259686710143459,-0.8091161312870181,1.1729970664322558,-0.5295312690678564,0.6167090685895076,-1.5350531346699547,1.6346324460074744,-0.09996860938063179,-0.35128303766153834,-0.3112777030478391
625_626,59.0,51,female,-1.5,850,0.007058823529411765,0.009411764705882352,0.04823529411764706,0.01764705882352941,0.011764705882352941,0.012941176470588235,0.17882352941176471,0.31176470588235294,0.02588235294117647,0.03176470588235294,0.0058823529411764705,0.08235294117647059,0.0035294117647058825,0.18470588235294116,0.04470588235294118,0.002352941176470588,0.021176470588235293,-1.1908962800851515,-0.9226322934904725,0.6629949702499096,-0.3218584330615424,-0.7113231998232652,-0.620351421617539,1.9644661390607234,2.5189163836952506,0.050816852223631415,0.2514875476857825,-1.357950364748318,1.1929142528314798,-1.8099354884913752,1.9967270012789446,0.5879597843069955,-2.146407725112588,-0.14492772490246386
626_627,46.0,52,female,-18.214285714285708,1125,0.014222222222222223,0.025777777777777778,0.11644444444444445,0.096,0.028444444444444446,0.008,0.12533333333333332,0.2577777777777778,0.037333333333333336,0.08977777777777778,0.011555555555555555,0.072,0.008,0.042666666666666665,0.017777777777777778,0.015111111111111112,0.033777777777777775,-0.9112830329281123,-0.3302531504888737,1.1643634377831718,0.9721067591458668,-0.23340332449895573,-1.4633516152281527,1.2376563032486447,1.9569601624573183,0.03486066209572369,0.9054153846471946,-1.1119537283902639,0.6859596064121694,-1.4633516152281527,0.16692038410878984,-0.694218527690285,-0.852442532905179,-0.0639851725409093
627_628,69.0,52,female,4.785714285714292,1201,0.014154870940882597,0.011656952539550375,0.23980016652789343,0.0791007493755204,0.020815986677768527,0.0033305578684429643,0.13238967527060783,0.24646128226477934,0.02331390507910075,0.002497918401332223,0.0008326394671107411,0.06744379683597003,0.0008326394671107411,0.09658617818484597,0.034970857618651124,0.00832639467110741,0.017485428809325562,-0.37356627712114987,-0.5616185086240892,2.4289279278975364,1.3233590894360665,0.0029112941137623416,-1.7316897612743438,1.836276764174281,2.456280060387162,0.11413692922398688,-1.9830041895552504,-2.830302049942454,1.164835862196199,-2.830302049942454,1.5221241149551372,0.5137369178797528,-0.8843919008871404,-0.167714222917001
628_629,73.0,52,male,8.785714285714292,1077,0.012999071494893221,0.012999071494893221,0.04271123491179202,0.1522748375116063,0.025069637883008356,0.008356545961002786,0.1374187558031569,0.24512534818941503,0.025998142989786442,0.04642525533890436,0.018570102135561744,0.039925719591457756,0.005571030640668524,0.1615598885793872,0.02321262766945218,0.002785515320334262,0.03899721448467967,-0.841986636302944,-0.841986636302944,0.3233170268638381,1.5867752844759542,-0.20194928105694698,-1.2648434871229775,1.4844496725132819,2.0617059655688816,-0.16623119845486745,0.4058380505518415,-0.49571039958510976,0.256625652365166,-1.6443331088278814,1.6457894559130093,-0.277456833565092,-2.2633723172341043,0.2333687902008985
629_630,34.0,52,male,-30.214285714285708,1143,0.023622047244094488,0.03499562554680665,0.03937007874015748,0.08748906386701662,0.003499562554680665,0.007874015748031496,0.2572178477690289,0.18722659667541558,0.02974628171478565,0.11461067366579178,0.009623797025371828,0.07349081364829396,0.020122484689413824,0.0594925634295713,0.017497812773403325,0.012248468941382326,0.021872265966754154,-0.32513557583480157,0.06198039360516594,0.17839074544957745,0.970836146991803,-2.1352441837310536,-1.3880297819008325,2.045957422584314,1.7289881578607444,-0.09836225647001307,1.239685271110492,-1.196974545138123,0.7974299538558007,-0.4823211593572143,0.5875121647608523,-0.6188966943629648,-0.9651729310807982,-0.400643128342947
630_631,54.0,52,female,-10.214285714285708,1119,0.025022341376228777,0.029490616621983913,0.0741733690795353,0.03753351206434316,0.01519213583556747,0.008936550491510277,0.2511170688114388,0.290437890974084,0.03485254691689008,0.06613047363717604,0.013404825737265416,0.06702412868632708,0.00804289544235925,0.040214477211796246,0.016979445933869526,0.004468275245755138,0.016979445933869526,-0.2054797307623435,-0.04383837920592759,0.8694628138198612,0.1941202578934229,-0.6931829371074802,-1.2040085608734707,2.084748629542797,2.2299786436116755,0.12091685387012774,0.7554153073485654,-0.8145437941117479,0.7687488382180305,-1.304092019430453,0.262328507919956,-0.584969352467247,-1.8506357257985235,-0.584969352467247
632_633,70.0,54,male,13.285714285714285,926,0.012958963282937365,0.005399568034557235,0.0064794816414686825,0.17926565874730022,0.03131749460043196,0.011879049676025918,0.024838012958963283,0.15658747300215983,0.017278617710583154,0.004319654427645789,0.014038876889848811,0.23758099352051837,0.012958963282937365,0.24298056155507558,0.008639308855291577,0.014038876889848811,0.019438444924406047,-0.5973177422585336,-1.418298294328364,-1.2512442096651974,1.9919489228537095,0.2613438767789851,-0.680699351197585,0.033954034583324244,1.8571297000447582,-0.31968600566025396,-1.6189689897905146,-0.5203567011224055,2.272851308320112,-0.5973177422585336,2.295273772375944,-0.9829802230705185,-0.5203567011224055,-0.20527565448250984
633_634,57.0,54,female,0.2857142857142847,1001,0.03896103896103896,0.04895104895104895,0.08791208791208792,0.08391608391608392,0.03396603396603397,0.006993006993006993,0.16783216783216784,0.16883116883116883,0.00999000999000999,0.04295704295704296,0.002997002997002997,0.06793206793206794,0.0,0.18581418581418582,0.017982017982017984,0.015984015984015984,0.01898101898101898,0.3148747310154687,0.540546728683037,1.121576611122276,1.0753255934715207,0.17953338314570644,-1.3465229203493427,1.7655098089008088,1.7714269859288974,-1.0100506837281298,0.4113349972030309,-2.10866297239624,0.8654078043765718,-4.054573121451553,1.8670052981922627,-0.44365520880732845,-0.5580655599850726,-0.3910114753219065
634_635,55.0,52,male,-9.214285714285708,1025,0.001951219512195122,0.002926829268292683,0.003902439024390244,0.1424390243902439,0.018536585365853658,0.018536585365853658,0.10926829268292683,0.24097560975609755,0.04,0.021463414634146343,0.05853658536585366,0.20878048780487804,0.0,0.10341463414634146,0.006829268292682927,0.005853658536585366,0.016585365853658537,-2.1348513259617445,-1.7983790893405316,-1.547064661059625,1.9358833706212228,-0.0807275922661983,-0.0807275922661983,1.6718111638085755,2.4602685241728457,0.6745513694007532,0.062373251374475025,1.0515013072008963,2.3171676805321724,-3.744289238395845,1.6170029273135804,-1.0362390372936345,-1.1793398809343079,-0.18894117690643109
635_636,66.0,52,female,1.7857142857142918,862,0.022041763341067284,0.04060324825986079,0.12761020881670534,0.16589327146171692,0.02320185614849188,0.008120649651972157,0.06960556844547564,0.18909512761020883,0.01740139211136891,0.01160092807424594,0.00580046403712297,0.02320185614849188,0.029002320185614848,0.2099767981438515,0.022041763341067284,0.009280742459396751,0.025522041763341066,-0.3782561393647925,0.22086209154687664,1.356344916023314,1.6176644302651821,-0.3282457187901313,-1.3337675843922292,0.7539727601023021,1.7481423854028144,-0.6078305810092925,-0.9972953477710162,-1.6439225126960682,-0.3282457187901313,-0.1099921527701131,1.8525850487704119,-0.3782561393647925,-1.2086044414382227,-0.2351552957241192
636_637,75.0,49,male,1.8333333333333286,833,0.028811524609843937,0.022809123649459785,0.06722689075630252,0.057623049219687875,0.025210084033613446,0.028811524609843937,0.09243697478991597,0.14765906362545017,0.02040816326530612,0.03241296518607443,0.003601440576230492,0.11404561824729892,0.0024009603841536613,0.2917166866746699,0.01920768307322929,0.013205282112845138,0.03241296518607443,-0.12354537428796375,-0.3518040262689439,0.7120221463137506,0.5593453061047926,-0.25416555670502783,-0.12354537428796375,1.0280594445206566,1.4940226642293868,-0.4600176109091767,-0.008032487166119484,-2.0694555233432768,1.2369077556480397,-2.4059277599644897,2.1728984506839994,-0.51885811093211,-0.8798714564694405,-0.008032487166119484
637_638,87.0,49,male,13.833333333333329,1485,0.006734006734006734,0.022222222222222223,0.0430976430976431,0.09764309764309764,0.00808080808080808,0.016835016835016835,0.1925925925925926,0.36094276094276095,0.006734006734006734,0.01818181818181818,0.006734006734006734,0.08821548821548822,0.0013468013468013469,0.07609427609427609,0.030976430976430977,0.003367003367003367,0.020202020202020204,-1.191150521010874,-0.030980339343330776,0.6241394456273754,1.4376503084371959,-1.0167971338660964,-0.3038473260099712,2.115212757980443,2.742540783896402,-1.191150521010874,-0.22833977350182577,-1.191150521010874,1.3364810734434678,-2.626235046300196,1.189277058747106,0.29692653441895933,-1.8377776859359258,-0.12479909456098559
638_639,68.0,49,female,-5.166666666666671,1658,0.026537997587454766,0.027744270205066344,0.027744270205066344,0.025331724969843185,0.009047044632086852,0.004221954161640531,0.36791314837153194,0.319059107358263,0.016887816646562123,0.007237635705669481,0.018697225572979495,0.033172496984318456,0.0048250904704463205,0.0609167671893848,0.018697225572979495,0.0018094089264173703,0.030156815440289506,0.18415363010736607,0.22811675352848226,0.22811675352848226,0.13816851686554266,-0.8704955351396273,-1.596432538522564,2.8029427344859306,2.6605976059766325,-0.2614314717902233,-1.0856069147565734,-0.161348013233241,0.40504746168756034,-1.4712693955685574,1.0087232394170136,-0.161348013233241,-2.35857259056946,0.31063777721648567
639_640,79.0,50,male,4.384615384615387,1032,0.02422480620155039,0.018410852713178296,0.05329457364341085,0.06782945736434108,0.05717054263565891,0.0048449612403100775,0.13178294573643412,0.24806201550387597,0.00872093023255814,0.027131782945736434,0.006782945736434108,0.016472868217054265,0.0048449612403100775,0.23062015503875968,0.01937984496124031,0.01065891472868217,0.06976744186046512,-0.1812651952252895,-0.4495291818199689,0.5964393733627191,0.8356690624285532,0.6660326651619144,-1.715195555151245,1.4963809672353445,2.127185017221154,-1.1686518487831745,-0.07003956011506496,-1.4050406268474052,-0.5577427664602017,-1.715195555151245,2.054425662938726,-0.3995187612453073,-0.9775966120204651,0.863642914470959
63_63,44.0,56,female,-8.692307692307693,1472,0.012907608695652174,0.035326086956521736,0.06114130434782609,0.15285326086956522,0.026494565217391304,0.002717391304347826,0.16847826086956522,0.2873641304347826,0.015625,0.06657608695652174,0.006793478260869565,0.026494565217391304,0.002717391304347826,0.08152173913043478,0.025135869565217392,0.002717391304347826,0.025135869565217392,-0.70149679231046,0.28890191171741675,0.8334385928257193,1.7464089010625719,0.004389414026914729,-2.167833861103887,1.8435315876565221,2.376642256211948,-0.5149108367300479,0.9181452902978817,-1.3205360007166838,0.004389414026914729,-2.167833861103887,1.1197384950505485,-0.0475703249037962,-2.167833861103887,-0.0475703249037962
640_641,83.0,50,female,8.384615384615387,1000,0.027,0.043,0.132,0.013,0.025,0.029,0.087,0.335,0.018,0.014,0.003,0.136,0.011,0.072,0.014,0.024,0.017,-0.13925587466223766,0.3193190587598749,1.4331407660915136,-0.8507521938903793,-0.2147634271703831,-0.06905161598898912,1.0181969140288052,2.362180077076973,-0.5356711472504845,-0.7792932299082347,-2.200678910839396,1.462882735290251,-1.0110948439655587,0.8301446825258658,-0.7792932299082347,-0.2547687617840819,-0.5912409984052953
641_642,85.0,50,male,10.384615384615387,1033,0.01936108422071636,0.016456921587608905,0.012584704743465635,0.0,0.0,0.04743465634075508,0.16747337850919652,0.1393998063891578,0.023233301064859633,0.010648596321393998,0.003872216844143272,0.2739593417231365,0.010648596321393998,0.18973862536302033,0.02032913843175218,0.05808325266214908,0.006776379477250726,0.030344337428625856,-0.12787966778626858,-0.3873908632713534,-3.6832277292756825,-3.6832277292756825,0.9118921208589077,2.166097050671177,1.9831989588367502,0.2085925688349448,-0.5477335133465329,-1.4860031519394625,2.65713157445207,-0.5477335133465329,2.290581882593579,0.07797238641788029,1.1125628163210588,-0.975177528173472
644_645,59.0,51,female,-1.5,1567,0.04594767070835992,0.05488194001276324,0.01723037651563497,0.029993618379068283,0.025526483726866625,0.012125079770261647,0.15826419910657308,0.24760689215060624,0.05105296745373325,0.08487555839183153,0.010848755583918315,0.10082961072112316,0.0025526483726866626,0.0778557753669432,0.014039566049776643,0.03063178047223995,0.035737077217613274,0.24712059391256735,0.42367844598977156,-0.7222799632755361,-0.17573625690746653,-0.33516399383556816,-1.066051502378361,1.4789768775886216,1.9258272018596403,0.35179121647645584,0.8576355098922424,-1.1742650870185933,1.0292886253692735,-2.532388571171788,0.7716450620367197,-0.9229506587376877,-0.15490217000462447,-0.0022253297956664753
645_646,86.0,50,male,11.384615384615387,1311,0.008390541571319604,0.013729977116704805,0.013729977116704805,0.010678871090770405,0.015255530129672006,0.002288329519450801,0.20594965675057209,0.2532418001525553,0.007627765064836003,0.011441647597254004,0.006102212051868803,0.04729214340198322,0.012967200610221205,0.32418001525553014,0.04500381388253242,0.004576659038901602,0.017543859649122806,-0.8535253000931462,-0.3781016033780711,-0.3781016033780711,-0.6217236860358213,-0.2754474493179879,-2.0431093669669824,2.304399762824186,2.5107675246335583,-0.9444970782988724,-0.5550323115371496,-1.1558061719660797,0.8392942212800056,-0.4336714545328819,2.7573926125510786,0.7901039770892337,-1.4240701585607587,-0.13887191431223744
646_647,85.0,50,female,10.384615384615387,774,0.003875968992248062,0.00904392764857881,0.028423772609819122,0.006459948320413436,0.003875968992248062,0.006459948320413436,0.5387596899224806,0.1434108527131783,0.0012919896640826874,0.027131782945736434,0.003875968992248062,0.06589147286821706,0.0012919896640826874,0.07751937984496124,0.03617571059431524,0.023255813953488372,0.023255813953488372,-1.3444821156461764,-0.5823420635992802,0.5162702250688298,-0.8924969919031192,-1.3444821156461764,-0.8924969919031192,3.4370394601493657,2.116779506758629,-2.19177997603338,0.47080785099207256,-1.3444821156461764,1.344336723528146,-2.19177997603338,1.505398280895251,0.75265900313306,0.3205256479427345,0.3205256479427345
647_648,68.0,50,female,-6.615384615384613,1376,0.0188953488372093,0.03343023255813953,0.07122093023255814,0.007994186046511628,0.023982558139534885,0.005087209302325582,0.20348837209302326,0.3481104651162791,0.05232558139534884,0.02252906976744186,0.00872093023255814,0.036337209302325583,0.019622093023255814,0.09956395348837209,0.030523255813953487,0.005813953488372093,0.012354651162790697,-0.40848019866719465,0.15382738093393922,0.9044316165186719,-1.243277896290167,-0.17407949282835045,-1.670721911117107,1.9509487933033796,2.4871189626641215,0.5979616302012576,-0.23563738582778404,-1.1598962873511156,0.23634840462194262,-0.3714389269868459,1.2379989854472546,0.06387914427099961,-1.5455587681631004,-0.8234240507299027
648_649,73.0,50,female,-1.6153846153846132,849,0.024734982332155476,0.03297997644287397,0.014134275618374558,0.009422850412249705,0.002355712603062426,0.07538280329799764,0.061248527679623084,0.18021201413427562,0.05418138987043581,0.02237926972909305,0.012956419316843345,0.3510011778563015,0.005889281507656066,0.1071849234393404,0.01060070671378092,0.011778563015312132,0.023557126030624265,-0.1058520222377104,0.17599912990327748,-0.6481763130630722,-1.033838793875057,-2.2576142254971727,0.9927602664303996,0.7869082122262507,1.8597956096559245,0.665547355221983,-0.20349049180162604,-0.7315579220021227,2.5248649754613295,-1.4691568651329017,1.3424340149101481,-0.9226131587648321,-0.8225297002078498,-0.15348007122696483
649_650,80.0,50,male,5.384615384615387,1345,0.010408921933085501,0.0052044609665427505,0.031226765799256505,0.001486988847583643,0.0037174721189591076,0.006691449814126394,0.3553903345724907,0.40892193308550184,0.011152416356877323,0.03494423791821561,0.013382899628252789,0.02453531598513011,0.0022304832713754648,0.03197026022304833,0.051301115241635685,0.0007434944237918215,0.006691449814126394,-0.31096093924585233,-0.9702065681301164,0.7643944872579902,-2.0688188567982255,-1.2803614964339562,-0.7338177900658858,3.185546622220628,3.3257173674903537,-0.24426956474717976,0.8756201223682143,-0.06733885658810213,0.5264358501586397,-1.7323466201770135,0.7876513494222572,1.2562171638983655,-2.579644480564217,-0.7338177900658858
64_64,46.0,56,male,-6.692307692307693,1455,0.02268041237113402,0.041237113402061855,0.06872852233676977,0.0570446735395189,0.01718213058419244,0.0027491408934707906,0.24810996563573884,0.2323024054982818,0.019243986254295534,0.0570446735395189,0.004810996563573883,0.05223367697594502,0.006185567010309278,0.10584192439862543,0.03161512027491409,0.01168384879725086,0.021305841924398626,-0.29297257651723774,0.29812534968853743,0.8056397121508718,0.6203286165085515,-0.5658395631838782,-2.3004406185719843,2.085744026250561,2.020006077004071,-0.45461392807365364,0.6203286165085515,-1.7896149948059938,0.5327727254842318,-1.5532262167417632,1.2356760809895415,0.03493429724505237,-0.9423171344187904,-0.35453046951667133
650_651,80.0,50,female,5.384615384615387,3492,0.028923253150057275,0.04009163802978236,0.16924398625429554,0.013745704467353952,0.00859106529209622,0.00429553264604811,0.07989690721649484,0.32760595647193586,0.018327605956471937,0.009163802978235968,0.004868270332187858,0.070446735395189,0.000286368843069874,0.18470790378006874,0.022623138602520045,0.001145475372279496,0.016036655211912942,0.4158930649125887,0.741041755204547,2.178495949849188,-0.32260193562581563,-0.7864390499558871,-1.4633257096440522,1.4288365590259007,2.838557405823368,-0.0375005097675265,-0.7229256442335616,-1.3419648526397854,1.3031962599134914,-3.7987006254610893,2.265859476717444,0.17159128809103308,-2.7000883367929793,-0.16992509541685852
651_652,67.0,50,female,-7.615384615384613,752,0.030585106382978722,0.08776595744680851,0.06382978723404255,0.009308510638297872,0.006648936170212766,0.0013297872340425532,0.13164893617021275,0.30319148936170215,0.02127659574468085,0.027925531914893616,0.007978723404255319,0.03324468085106383,0.018617021276595744,0.17154255319148937,0.02925531914893617,0.0013297872340425532,0.05452127659574468,0.14776668218714617,1.187968208698841,0.8723300589804701,-0.9943307184207026,-1.3044856467245416,-2.603768630854803,1.59092390520158,2.4223024713712924,-0.20587335805643248,0.05881919617065012,-1.137431562061376,0.22944471320141302,-0.33508508953643856,1.854447142176625,0.10428157024740736,-2.603768630854803,0.7164596882736856
652_653,84.0,50,female,9.384615384615387,949,0.009483667017913594,0.018967334035827187,0.011591148577449948,0.006322444678609062,0.01053740779768177,0.007376185458377239,0.13909378292939936,0.21707060063224448,0.012644889357218124,0.014752370916754479,0.005268703898840885,0.291886195995785,0.0,0.21390937829293993,0.02107481559536354,0.002107481559536354,0.01791359325605901,-0.57331142027145,0.0931675132063341,-0.3822561835087406,-0.952801041976354,-0.4732279617144677,-0.8097001983356806,2.0619794265483318,2.505697193523142,-0.29887457456969013,-0.15045456945141655,-1.1198551266395196,2.801217714308544,-3.5177503994378903,2.4910627860047043,0.19582166726641725,-1.9083124870037897,0.037597662051523706
653_654,86.0,53,male,29.0,1234,0.01620745542949757,0.03322528363047002,0.013776337115072933,0.06969205834683954,0.03889789303079417,0.012965964343598054,0.041329011345218804,0.146677471636953,0.02188006482982172,0.0016207455429497568,0.022690437601296597,0.3217179902755267,0.01053484602917342,0.1993517017828201,0.02188006482982172,0.012965964343598054,0.014586709886547812,-0.5447027493249923,0.16056579176729802,-0.7029267545398863,0.895016778468479,0.316436162474083,-0.7617672545628196,0.37645417220033606,1.6361280182355509,-0.2509416307968291,-2.6488369035951997,-0.21522354819474998,2.420067298625032,-0.9624379500249711,1.94223435801339,-0.2509416307968291,-0.7617672545628196,-0.6473569033850755
654_655,59.0,53,male,2.0,1353,0.010347376201034738,0.005173688100517369,0.017738359201773836,0.025868440502586843,0.012564671101256468,0.022912047302291204,0.2328159645232816,0.28233555062823357,0.03473762010347376,0.025129342202512936,0.015521064301552107,0.17738359201773837,0.008869179600886918,0.08499630450849963,0.024390243902439025,0.007390983000739098,0.011825572801182557,-0.9355028539227792,-1.5947484828070433,-0.4109783857986269,-0.040118806867937895,-0.7474506224198398,-0.15966395751772033,2.14450717863196,2.337077149917283,0.25107820769128786,-0.06869217931199367,-0.541598568215691,1.8730685861965082,-1.0839228590410528,1.1396190266125403,-0.09810606451828718,-1.2582762461858303,-0.8062911224427731
655_656,60.0,53,male,3.0,1524,0.013779527559055118,0.03674540682414698,0.016404199475065617,0.047900262467191604,0.010498687664041995,0.06758530183727034,0.14960629921259844,0.1732283464566929,0.013779527559055118,0.03740157480314961,0.00853018372703412,0.25984251968503935,0.001968503937007874,0.12860892388451445,0.014435695538057743,0.0032808398950131233,0.016404199475065617,-0.6605434030891963,0.30564429992958164,-0.489917886058433,0.5686890679959773,-0.9252359573162785,0.9109752744826101,1.702939872111446,1.8492449130755404,-0.6605434030891963,0.32318860958049145,-1.12590665277843,2.2540797028520894,-2.4758333697274457,1.5520660930865025,-0.6150810290124387,-2.0238482459843885,-0.489917886058433
656_657,61.0,61,male,5.2307692307692335,1280,0.01484375,0.03203125,0.01796875,0.003125,0.0078125,0.00546875,0.26484375,0.184375,0.01875,0.03203125,0.01953125,0.1765625,0.01171875,0.1375,0.034375,0.01484375,0.02421875,-0.6020989571430082,0.15318000452394331,-0.4155130015625961,-2.0684360259364354,-1.221138165549232,-1.5576104021704449,2.2549605242860418,1.8934347852192783,-0.37384030516202804,0.15318000452394331,-0.3338349705483288,1.8502315222103793,-0.8316733987875082,1.6008074536606423,0.22297576645948514,-0.6020989571430082,-0.12252587688112193
657_658,68.0,53,male,11.0,1260,0.03333333333333333,0.02619047619047619,0.00873015873015873,0.06984126984126984,0.016666666666666666,0.0031746031746031746,0.09841269841269841,0.3055555555555556,0.03253968253968254,0.009523809523809525,0.007142857142857143,0.2007936507936508,0.01507936507936508,0.10476190476190476,0.016666666666666666,0.03253968253968254,0.01904761904761905,0.13627639198554276,-0.10168224511380775,-1.1708806485756238,0.8697748680690554,-0.5451747488112115,-2.1091502871685543,1.211078031959934,2.3413135090585557,0.11246574329182435,-1.0874990396365734,-1.3619358853383332,1.9221361390864093,-0.6428132183751272,1.2733549614814486,-0.5451747488112115,0.11246574329182435,-0.414554566394147
658_659,42.0,53,female,-15.0,1447,0.007601935038009675,0.029716655148583276,0.09191430545957152,0.020041465100207326,0.026952315134761574,0.00138217000691085,0.143054595715273,0.3061506565307533,0.020041465100207326,0.02902557014512785,0.0165860400829302,0.03248099516240498,0.027643400138217002,0.19143054595715273,0.029716655148583276,0.013130615065653075,0.013130615065653075,-1.3076547413515005,0.022759161373933523,1.1440997011195995,-0.3656115133749305,-0.07370110481362868,-2.8337110448465497,1.5851295629500484,2.3446960250289295,-0.3656115133749305,-0.0004977007903335107,-0.5513286591700233,0.11072793431989059,-0.04869980260821105,1.8758191564657845,0.022759161373933523,-0.7795873111510039,-0.7795873111510039
659_660,20.0,53,female,-37.0,1207,0.02568351284175642,0.033140016570008285,0.06793703396851698,0.05550952775476388,0.009113504556752278,0.0016570008285004142,0.18475559237779618,0.24772162386081192,0.02568351284175642,0.07622203811101906,0.014913007456503728,0.024026512013256007,0.02899751449875725,0.1499585749792875,0.016570008285004142,0.01739850869925435,0.020712510356255178,-0.23375838472278598,0.017556043558119683,0.7290523627862617,0.5283816673241106,-1.2413988951851689,-2.767455198680218,1.72566548349925,2.0183684870011307,-0.23375838472278598,0.8434627139640059,-0.7659751984700947,-0.2993556672085993,-0.11421323407300354,1.517509723150532,-0.6633210444100106,-0.6156929954207566,-0.44506747838999283
65_65,58.0,62,male,4.071428571428569,1021,0.022526934378060724,0.04505386875612145,0.03721841332027424,0.03623898139079334,0.012732615083251714,0.002938295788442703,0.1694417238001959,0.31635651322233105,0.04701273261508325,0.023506366307541625,0.010773751224289911,0.04603330068560235,0.009794319294809012,0.18707149853085211,0.02056807051909892,0.0019588638589618022,0.010773751224289911,-0.16526714975260504,0.5171847416905924,0.3283906703910202,0.30207336207364666,-0.7195778854583343,-2.069504602407351,1.8339100284841954,2.4569315430382366,0.5592962270407189,-0.123594453352037,-0.8799205355335138,0.5384621401378769,-0.9708923137392409,1.9326202377179822,-0.2542146357691015,-2.405976839028564,-0.8799205355335138
660_661,40.0,54,female,-16.714285714285715,1464,0.018442622950819672,0.01707650273224044,0.025273224043715847,0.060109289617486336,0.022540983606557378,0.020491803278688523,0.17896174863387979,0.26024590163934425,0.036202185792349725,0.09562841530054644,0.018442622950819672,0.14685792349726776,0.0034153005464480873,0.05396174863387978,0.01912568306010929,0.014344262295081968,0.008879781420765027,-0.5574039880140123,-0.6329115405221577,-0.24724905971017241,0.6114125593273463,-0.3600445538555168,-0.45386330907317163,1.6986610893451406,2.072520858037974,0.10809166121542324,1.0736174960872629,-0.5574039880140123,1.5013709168572649,-2.1668419004481123,0.5041670289737485,-0.5216859054119327,-0.8035370575529202,-1.2689003072421539
661_662,78.0,2,male,1.0833333333333286,1300,0.010769230769230769,0.016923076923076923,0.03076923076923077,0.01769230769230769,0.014615384615384615,0.011538461538461539,0.20076923076923076,0.3,0.013846153846153847,0.011538461538461539,0.005384615384615384,0.09538461538461539,0.0038461538461538464,0.23307692307692307,0.023076923076923078,0.002307692307692308,0.008461538461538461,-0.6741965846235631,-0.2348299248397172,0.35295674006240185,-0.1913448128999784,-0.37793076848039053,-0.6075052101248906,2.218089049454886,2.619082735229649,-0.43057450196581293,-0.6075052101248906,-1.3334422135078272,1.4759604818546705,-1.6435971418116662,2.3670363764494615,0.06938144956327408,-2.0955822655547234,-0.9059981986808872
662_663,81.0,2,male,4.083333333333329,1280,0.00625,0.00703125,0.01171875,0.0375,0.03046875,0.00078125,0.09296875,0.29765625,0.0109375,0.00234375,0.00703125,0.08125,0.00234375,0.34453125,0.01328125,0.04921875,0.0046875,-0.9704237909910862,-0.8591981558808621,-0.3696499305621561,0.7710738434560804,0.5658107174197191,-2.7050248463791933,1.6728264168842082,2.8336208962371545,-0.4363413050608287,-1.857726985991989,-0.8591981558808621,1.5386971169175085,-1.857726985991989,2.9796880655566573,-0.24828907355788843,1.0405499514112888,-1.238687777585766
663_664,89.0,2,female,12.083333333333329,1242,0.004025764895330112,0.013687600644122383,0.017713365539452495,0.02576489533011272,0.00966183574879227,0.0024154589371980675,0.07971014492753623,0.23027375201288244,0.024154589371980676,0.004025764895330112,0.00644122383252818,0.1247987117552335,0.0,0.4251207729468599,0.010466988727858293,0.005636070853462158,0.01610305958132045,-1.2789102638019072,-0.12145747511086391,0.12985695317004176,0.4975817332953594,-0.45792971173207686,-1.7308953875449644,1.6164992881242148,2.674080180114462,0.4340683275730335,-1.2789102638019072,-0.8435921925440617,2.0629873755789565,-3.676805536600278,3.28638444926996,-0.38096867059594874,-0.9687553354980674,0.03676653010403008
664_665,56.0,2,female,-20.91666666666667,1322,0.0113464447806354,0.02042360060514372,0.0226928895612708,0.023449319213313162,0.007564296520423601,0.0015128593040847202,0.16338880484114976,0.3774583963691377,0.05370650529500756,0.10287443267776097,0.024205748865355523,0.02193645990922844,0.0022692889561270802,0.11951588502269289,0.01664145234493192,0.0226928895612708,0.00832072617246596,-0.7371225289938312,-0.16377654824650678,-0.060235869305666156,-0.027975007087444936,-1.126587295755555,-2.561671821044877,1.8996279945235124,2.735645045169576,0.7917348967809299,1.4383620617059822,0.003277536416659732,-0.09357228957325825,-2.225199584423664,1.5877920403983032,-0.3644472437086579,-0.060235869305666156,-1.0356155175498278
665_666,53.0,3,female,-10.666666666666664,1607,0.017423771001866834,0.013690105787181083,0.049159925326695705,0.008089607965152458,0.006845052893590542,0.002489110143123833,0.26011200995644057,0.30367143746110764,0.030491599253266957,0.08027380211574363,0.011823273179838207,0.10703173615432483,0.004978220286247666,0.05724953329184816,0.019290603609209707,0.01120099564405725,0.016179215930304917,-0.34509296971513326,-0.581481747779363,0.6807599646705484,-1.0923073715453544,-1.2526500216205338,-2.1909196602134635,2.341679832939792,2.4963424144930997,0.2069756125849067,1.1686838241498547,-0.7245825914200363,1.4554001794816767,-1.5549308934934674,0.8322115875286418,-0.2450095111581505,-0.7772263249054587,-0.4178523239975611
666_667,63.0,3,female,-0.6666666666666643,1887,0.011128775834658187,0.02066772655007949,0.023317435082140965,0.012188659247482777,0.008479067302596715,0.0037095919448860626,0.3566507684154743,0.32114467408585057,0.0392156862745098,0.0492845786963434,0.00688924218335983,0.03179650238473768,0.005299417064122946,0.08532061473237944,0.010598834128245893,0.0042395336512983575,0.010068892421833599,-0.6117222925278054,-0.003474555754346742,0.11571396151077185,-0.5227748065113098,-0.8764148467548876,-1.6648722071191577,2.832712768188996,2.727929500722682,0.631023897724091,0.8581862086332186,-1.0770855422170391,0.4228681373753731,-1.3283999704979448,1.4047299150012886,-0.6593503415170603,-1.539709064165152,-0.7093607620917219
667_668,76.0,3,male,12.333333333333336,1962,0.007135575942915392,0.024464831804281346,0.03873598369011213,0.018858307849133536,0.013761467889908258,0.030071355759429153,0.08511722731906218,0.2528032619775739,0.04281345565749235,0.03873598369011213,0.019367991845056064,0.2074413863404689,0.003567787971457696,0.18654434250764526,0.009683995922528032,0.01529051987767584,0.0056065239551478085,-1.3511574946172824,-0.14374234610037373,0.31198459678867874,-0.4009652110674464,-0.7111201393712858,0.060670168507772626,1.0956772072213097,2.182277339441416,0.41144539031931693,0.31198459678867874,-0.37464790275007287,1.984734788637106,-2.0104031235015465,1.878692377282895,-1.0548916784741098,-0.6075794604304456,-1.5829591086746073
668_669,69.0,3,female,5.333333333333336,1883,0.011152416356877323,0.010621348911311737,0.032926181625066386,0.01168348380244291,0.006372809346787042,0.01964949548592671,0.26447158789166225,0.2634094530005311,0.03345724907063197,0.0807222517259692,0.006903876792352629,0.09134360063728093,0.01486988847583643,0.09453000531067446,0.015400955921402018,0.027084439723844927,0.015400955921402018,-0.936803699226378,-0.984431748215632,0.13030992238236117,-0.8913413251496203,-1.479127990051739,-0.3805157013836298,2.2067469550418983,2.2027268491252325,0.1461832715386513,1.0223079616874715,-1.4021669489156108,1.1455406021114198,-0.6549525470853896,1.1797319668596988,-0.6204663710142202,-0.06327482669030404,-0.6204663710142202
669_670,64.0,3,male,0.3333333333333357,1221,0.001638001638001638,0.003276003276003276,0.02620802620802621,0.04176904176904177,0.009828009828009828,0.00819000819000819,0.1760851760851761,0.19656019656019655,0.011466011466011465,0.14987714987714987,0.012285012285012284,0.062244062244062245,0.004095004095004095,0.2497952497952498,0.009828009828009828,0.018837018837018837,0.018018018018018018,-2.422733459503189,-1.8349467946010694,0.14221589795834833,0.6025576162923469,-0.8132955470690884,-0.9876489342138659,2.0339367181664585,2.143695898168472,-0.6648755419508148,1.8731904761172813,-0.5981841674521431,0.9982665494551464,-1.6342760991389187,2.3829255872343063,-0.8132955470690884,-0.18202377022723049,-0.22550888216696974
66_66,66.0,62,female,12.07142857142857,1209,0.009098428453267164,0.022332506203473945,0.043010752688172046,0.03143093465674111,0.023986765922249794,0.006617038875103391,0.08023159636062861,0.22911497105045492,0.07113316790736146,0.0033085194375516956,0.018196856906534328,0.2878411910669975,0.01240694789081886,0.10835401157981803,0.026468155500413565,0.023986765922249794,0.0024813895781637717,-1.0734029490902244,-0.20156397978690288,0.44506318513814946,0.13490825683430963,-0.1313597211136548,-1.3756838209631579,1.0641023935443727,2.1100709487270604,0.9443944294784048,-2.011672587683155,-0.40223467524905443,2.3378882457411496,-0.7749099605342278,1.3632568671583907,-0.03450989512373681,-0.1313597211136548,-2.2629870159640606
670_671,83.0,3,male,19.333333333333336,1197,0.011695906432748537,0.005012531328320802,0.06766917293233082,0.010025062656641603,0.03341687552213868,0.04845446950710108,0.06098579782790309,0.24060150375939848,0.02172096908939014,0.06850459482038429,0.004177109440267335,0.20133667502088554,0.005847953216374269,0.14285714285714285,0.015873015873015872,0.040100250626566414,0.02172096908939014,-0.9361314439098174,-1.7384779164347548,0.7903229269104708,-1.084551449028091,0.09102188077614715,0.45874666090146476,0.6870053128824449,2.0544149926118083,-0.3331353603441696,0.8025182000042892,-1.9055320010979213,1.8765893797562812,-1.5953770727940815,1.5343031732696484,-0.6398656277666448,0.2712837046070913,-0.3331353603441696
671_672,81.0,4,female,1.0714285714285694,720,0.043055555555555555,0.009722222222222222,0.005555555555555556,0.058333333333333334,0.05555555555555555,0.027777777777777776,0.07083333333333333,0.2,0.020833333333333332,0.019444444444444445,0.005555555555555556,0.20416666666666666,0.025,0.19444444444444445,0.0125,0.006944444444444444,0.04027777777777778,0.30461326138945877,-1.1304712638998642,-1.6412968876658547,0.6041297914882424,0.5559276896703649,-0.1249493982977663,0.7962075232275616,1.8279052231103583,-0.40453426051692754,-0.4712256350156001,-1.6412968876658547,1.848453891337746,-0.22760355235784946,1.7998332043316718,-0.8940824858356335,-1.4406261922037031,0.23901597890364545
672_673,85.0,4,male,5.071428571428569,1583,0.003790271636133923,0.006948831332912192,0.008843967150979154,0.011370814908401769,0.015792798483891344,0.005685407454200884,0.14845230574857865,0.26847757422615287,0.024636765634870498,0.0012634238787113076,0.015792798483891344,0.14971572962728996,0.0,0.3076437144662034,0.013897662665824383,0.005685407454200884,0.012002526847757423,-1.3072458741988324,-0.7367010157312199,-0.5048994016738959,-0.2612773190161448,0.05963040106395656,-0.9277562524939293,2.282662862356048,2.8742168969130044,0.4972526208066519,-2.262757319226269,0.05963040106395656,2.2911195723742717,-3.8721952316603687,3.0102422393374777,-0.06553274189004998,-0.9277562524939293,-0.2086335855307233
673_674,91.0,4,male,11.07142857142857,1122,0.01871657754010695,0.020499108734402853,0.06506238859180036,0.03297682709447415,0.0142602495543672,0.016042780748663103,0.036541889483065956,0.2557932263814617,0.05614973262032086,0.004456327985739751,0.012477718360071301,0.1657754010695187,0.00089126559714795,0.2611408199643494,0.01871657754010695,0.0071301247771836,0.013368983957219251,-0.2877939385441848,-0.19884645252768873,0.9414385325409893,0.2684940592985634,-0.5524864927712665,-0.4380761415935224,0.36984655355885065,2.3053759865596035,0.795193032220844,-1.6510987814393765,-0.6816982242512735,1.8725843654060685,-2.950381765569637,2.3260307655903496,-0.2877939385441848,-1.215780710181531,-0.6150068497526009
674_675,83.0,4,female,3.0714285714285694,1084,0.01107011070110701,0.012915129151291513,0.03874538745387454,0.006457564575645757,0.021217712177121772,0.04151291512915129,0.07472324723247233,0.20756457564575645,0.014760147601476014,0.0009225092250922509,0.004612546125461255,0.3413284132841328,0.0018450184501845018,0.19464944649446494,0.007380073800738007,0.01014760147601476,0.01014760147601476,-0.5261315502263573,-0.3777115451080846,0.697643881395758,-1.0369571739923487,0.10514022661550015,0.7658521314222915,1.348742825712204,2.36645996440812,-0.2484998136280785,-2.6463950864264483,-1.3471121022961876,2.8629932502015283,-2.1355694626604578,2.3023648039517193,-0.9117940310383421,-0.6095131591654086,-0.6095131591654086
675_676,73.0,4,female,-6.928571428571431,1291,0.061192873741285826,0.012393493415956624,0.020914020139426802,0.018590240123934933,0.005422153369481022,0.023237800154918668,0.08830364058869093,0.2013942680092951,0.031758326878388844,0.006971340046475601,0.011618900077459334,0.4027885360185902,0.0023237800154918666,0.08055770720371805,0.012393493415956624,0.011618900077459334,0.008520526723470178,0.9469984021862907,-0.6253982385674601,-0.11457261480146963,-0.2300855019233139,-1.4138555989317303,-0.01103193586062945,1.3118162035202992,2.1338442417194265,0.29693480776265746,-1.1774668208674997,-0.6879185955487945,2.8260312685810285,-2.1759956509786273,1.2204284519308706,-0.6253982385674601,-0.6879185955487945,-0.9864115841047911
676_677,88.0,4,female,8.07142857142857,1640,0.02804878048780488,0.0871951219512195,0.00853658536585366,0.021341463414634148,0.025609756097560974,0.011585365853658536,0.12439024390243902,0.3384146341463415,0.023170731707317073,0.003048780487804878,0.009146341463414634,0.09939024390243903,0.0024390243902439024,0.1774390243902439,0.016463414634146342,0.018902439024390243,0.004878048780487805,0.15202641352711188,1.278909136133477,-1.0132772496396703,-0.1178932025848285,0.06207817686417272,-0.7170114334964977,1.6331420764166578,2.6324427100134864,-0.03676765777246027,-1.9826778068277733,-0.9465858751409977,1.4093870912711095,-2.183348502289925,1.9876141067243487,-0.3732398943936728,-0.23743835323461138,-1.5473597355699278
677_678,76.0,4,female,-3.9285714285714306,1587,0.001260239445494644,0.005040957781978576,0.01260239445494644,0.00630119722747322,0.014492753623188406,0.04032766225582861,0.11279143037177064,0.2520478890989288,0.013862633900441084,0.005040957781978576,0.004410838059231254,0.24007561436672967,0.000630119722747322,0.25393824826717076,0.005040957781978576,0.017643352236925015,0.014492753623188406,-2.330763342818753,-1.1069879111966374,-0.22662918854854563,-0.8956788175294301,-0.09005365354279427,0.9196111491088188,1.943121133235426,2.745659691815506,-0.13353876548253307,-1.1069879111966374,-1.232151054150643,2.697056776031604,-2.8415889665847436,2.7531224130170955,-1.1069879111966374,0.10285001258169668,-0.09005365354279427
678_679,83.0,4,male,3.0714285714285694,1166,0.018867924528301886,0.004288164665523156,0.0274442538593482,0.060034305317324184,0.009433962264150943,0.007718696397941681,0.15523156089193826,0.4451114922813036,0.01972555746140652,0.005145797598627788,0.014579759862778732,0.07804459691252144,0.0008576329331046312,0.08147512864493997,0.02058319039451115,0.04030874785591767,0.011149228130360206,-0.16512609194937555,-1.5738933089213245,0.20259868817594207,0.9769713086584733,-0.8362943657905455,-1.027349602553255,1.9226142525451557,2.974225409379532,-0.1216409800096363,-1.406839224258158,-0.4164405202302812,1.2376975711217257,-2.873176293051585,1.2804848463269347,-0.07996828360906827,0.5820883098808456,-0.675951715715366
679_680,85.0,4,female,5.071428571428569,968,0.010330578512396695,0.015495867768595042,0.006198347107438017,0.04855371900826446,0.05371900826446281,0.01962809917355372,0.22830578512396693,0.3181818181818182,0.01859504132231405,0.002066115702479339,0.008264462809917356,0.08884297520661157,0.008264462809917356,0.12706611570247933,0.01652892561983471,0.015495867768595042,0.014462809917355372,-0.8543334282626343,-0.46486866150091055,-1.3339065085245205,0.6550210256144839,0.7551044841714667,-0.23529421985641052,2.1947139040590784,2.526013157919331,-0.2879379533418325,-2.2894179535519563,-1.0656425219298407,1.254435728511722,-1.0656425219298407,1.6105324706419202,-0.40234830451957704,-0.46486866150091055,-0.5315600359995831
680_681,77.0,4,male,-2.9285714285714306,1524,0.016404199475065617,0.01706036745406824,0.012467191601049869,0.007217847769028871,0.00853018372703412,0.00853018372703412,0.14435695538057744,0.24606299212598426,0.025590551181102362,0.01968503937007874,0.003937007874015748,0.17519685039370078,0.0032808398950131233,0.2545931758530184,0.01706036745406824,0.02952755905511811,0.010498687664041995,-0.32475260805533424,-0.286286327227538,-0.5930165946500141,-1.1210840248505107,-0.9607413747753313,-0.9607413747753313,1.832466634667186,2.364827410984475,0.11286961168736154,-0.14570437660634905,-1.6916288833181232,2.0256885061163468,-1.8586829679812897,2.3988621095879874,-0.286286327227538,0.2542812657371898,-0.7600706793131797
681_682,68.0,4,female,-11.92857142857143,1211,0.007431874483897605,0.0016515276630883566,0.008257638315441783,0.0,0.002477291494632535,0.008257638315441783,0.40627580511973577,0.24194880264244426,0.03468208092485549,0.006606110652353427,0.0305532617671346,0.13955408753096615,0.0008257638315441783,0.08340214698596202,0.009083402146985962,0.008257638315441783,0.010734929810074319,-0.535768255300205,-1.8707693220325448,-0.4356847967432227,-3.4802072344666453,-1.5342970854113318,-0.4356847967432227,3.4124344067054437,2.894817585361451,0.962444022023671,-0.6469938904104291,0.8372808790696649,2.3457928729138047,-2.3815949457985353,1.832998744575142,-0.3447130185374956,-0.4356847967432227,-0.18437036846231614
682_683,73.0,1,male,2.8333333333333286,1162,0.02323580034423408,0.01549053356282272,0.04216867469879518,0.0387263339070568,0.012908777969018933,0.0051635111876075735,0.3373493975903614,0.310671256454389,0.019793459552495698,0.014629948364888123,0.00946643717728055,0.03270223752151463,0.0034423407917383822,0.09466437177280551,0.03098106712564544,0.0025817555938037868,0.006024096385542169,0.04281187184669655,-0.3536034007415503,0.6305985367488152,0.5463381931310756,-0.5305341089006279,-1.3995719559242379,2.701162404396634,2.61888790877299,-0.11437371167571575,-0.4091732518963611,-0.8290270974566254,0.37928410846790905,-1.767296736049555,1.4336413881319783,0.3259381277626163,-2.0186111643304616,-1.2564711122835646
683_684,78.0,1,male,7.833333333333329,1442,0.015256588072122053,0.008321775312066574,0.09223300970873786,0.010402219140083218,0.0062413314840499305,0.1636615811373093,0.09986130374479889,0.16851595006934814,0.026352288488210817,0.0062413314840499305,0.02011095700416089,0.21636615811373092,0.0062413314840499305,0.13314840499306518,0.01872399445214979,0.0013869625520110957,0.006934812760055479,-0.4502497866934325,-1.0380364515955511,1.3303363819364975,-0.8229250719786059,-1.3124732972973119,1.9021831120281811,1.4095144116486802,1.931351846618838,0.08689314538993198,-1.3124732972973119,-0.17937483255803244,2.1808393732726494,-1.3124732972973119,1.696331057824032,-0.24957909123128097,-2.6474743640296516,-1.2123898387403287
684_685,75.0,1,female,4.833333333333329,1025,0.03121951219512195,0.04097560975609756,0.033170731707317075,0.03804878048780488,0.0175609756097561,0.0351219512195122,0.0721951219512195,0.18536585365853658,0.06341463414634146,0.010731707317073172,0.0224390243902439,0.3326829268292683,0.000975609756097561,0.0897560975609756,0.012682926829268294,0.004878048780487805,0.00878048780487805,0.09125849634024119,0.3595224829349202,0.15097773104186318,0.28631907891162545,-0.4722108609111717,0.20733066759299534,0.9208175323900631,1.859670601571305,0.7920685496457556,-0.9476345576262459,-0.23298117184533762,2.443366086015394,-2.9845164848872865,1.1372270515229288,-0.7872919075510674,-1.6852335007570258,-1.1386897943889553
685_686,75.0,1,female,4.833333333333329,1573,0.11443102352193261,0.019707565162110616,0.02225047679593134,0.0743801652892562,0.01144310235219326,0.01080737444373808,0.10743801652892562,0.12650985378258106,0.03305785123966942,0.034329307056579786,0.01652892561983471,0.31277813095994916,0.0019071837253655435,0.08200890019071837,0.018436109345200253,0.004450095359186269,0.009535918626827717,1.3791096982344904,-0.36663353370685803,-0.24708838305707514,0.9498172540457683,-0.8988503474541663,-0.9544201986089771,1.3162318472820598,1.4791931567914727,0.14419209005913292,0.18157962213075285,-0.5394763465462686,2.382873381073698,-2.5638581110430776,1.0470598016011472,-0.43223081619267134,-1.8017180589961805,-1.0757810556132448
686_687,69.0,1,male,-1.1666666666666714,1270,0.048031496062992125,0.01811023622047244,0.08897637795275591,0.049606299212598425,0.013385826771653543,0.008661417322834646,0.22283464566929134,0.1763779527559055,0.030708661417322834,0.01968503937007874,0.003937007874015748,0.0984251968503937,0.01968503937007874,0.16850393700787403,0.01968503937007874,0.002362204724409449,0.011023622047244094,0.48673556769882964,-0.475301185963529,1.099501229807815,0.5187382987850033,-0.7701007261841744,-1.1899545717444378,2.0149105160541643,1.7815741000686665,0.04399906479343363,-0.39362315494926214,-1.9275535148752168,1.200004151458196,-0.39362315494926214,1.736008131254429,-0.39362315494926214,-2.379538638618275,-0.9581529576871137
687_688,63.0,1,female,-7.166666666666671,1449,0.027605244996549344,0.025534851621808144,0.04692891649413389,0.008971704623878536,0.006211180124223602,0.015873015873015872,0.19806763285024154,0.22291235334713597,0.024844720496894408,0.06901311249137336,0.020013802622498276,0.09730848861283643,0.03657694962042788,0.14630779848171152,0.028985507246376812,0.004830917874396135,0.020013802622498276,-0.1831369377897345,-0.2600979789258626,0.34239483336595145,-1.281749226457844,-1.633147113295733,-0.7274384907521148,1.7767839483351773,1.8947602020387273,-0.28712665131378223,0.7257188155969025,-0.5000486485564539,1.0678608051810645,0.09524274199973304,1.4745030764622435,-0.13493483597185651,-1.8695358913599627,-0.5000486485564539
688_689,66.0,1,male,-4.166666666666671,1550,0.00967741935483871,0.04838709677419355,0.056129032258064517,0.02258064516129032,0.007741935483870968,0.016774193548387096,0.3064516129032258,0.18516129032258064,0.02258064516129032,0.05806451612903226,0.03935483870967742,0.07161290322580645,0.0032258064516129032,0.10580645161290322,0.024516129032258065,0.007741935483870968,0.014193548387096775,-1.1262254148809472,0.4570672174488313,0.604573354557421,-0.29753274232477755,-1.3413367944978924,-0.589920705813971,2.297301443179297,1.7941574214312572,-0.29753274232477755,0.6382844118997326,0.2519717360063245,0.8469591520940254,-2.162317346567723,1.2358451313992789,-0.21640719751240933,-1.3413367944978924,-0.7535501295957738
689_690,59.0,1,male,-11.166666666666671,1755,0.004558404558404558,0.0062678062678062675,0.041025641025641026,0.03361823361823362,0.022792022792022793,0.007977207977207978,0.3834757834757835,0.16011396011396012,0.02849002849002849,0.05299145299145299,0.010826210826210826,0.06666666666666667,0.0062678062678062675,0.12307692307692308,0.037037037037037035,0.003418803418803419,0.011396011396011397,-1.658230865943474,-1.3559499940705404,0.48528953242088413,0.2876792831118391,-0.09699505532725139,-1.1241483800132164,2.7141909664106736,1.84183541814,0.12367630684156916,0.7396644068548963,-0.8278825638700438,0.9681413041444689,-1.3559499940705404,1.5792935180027996,0.3837531132014611,-1.9264948525381538,-0.7778721432953821
68_68,73.0,62,male,19.07142857142857,792,0.006313131313131313,0.008838383838383838,0.03535353535353535,0.030303030303030304,0.0012626262626262627,0.03535353535353535,0.25126262626262624,0.26641414141414144,0.023989898989898988,0.012626262626262626,0.010101010101010102,0.13257575757575757,0.005050505050505051,0.11994949494949494,0.03156565656565657,0.006313131313131313,0.022727272727272728,-1.2786992317439632,-0.9685443034401242,0.366456763292216,0.21522579356829263,-2.5779822158742247,0.366456763292216,2.3123669123475294,2.3707776745039437,-0.013032858412687531,-0.6320720668189113,-0.8433811604861177,1.6752636289337324,-1.4793699272061147,1.575678923504296,0.25523112818199145,-1.2786992317439632,-0.06567659189810948
690_691,68.0,1,male,-2.1666666666666714,1432,0.09776536312849161,0.05307262569832402,0.024441340782122904,0.025139664804469275,0.034916201117318434,0.011871508379888268,0.08100558659217877,0.2520949720670391,0.019553072625698324,0.0223463687150838,0.019553072625698324,0.05097765363128492,0.011871508379888268,0.24860335195530725,0.02723463687150838,0.01047486033519553,0.009078212290502794,1.0558916128528808,0.4479748649115707,-0.3197831794395496,-0.2920036153324741,0.03265746036039463,-1.027114994991451,0.8685753970848356,2.0009461656778997,-0.5394117886463148,-0.4080757865852278,-0.5394117886463148,0.4079695302978714,-1.027114994991451,1.987018363933431,-0.21301520401384355,-1.1484758519957188,-1.286626190476536
691_692,66.0,1,male,-4.166666666666671,1494,0.010040160642570281,0.014056224899598393,0.05555555555555555,0.01673360107095047,0.007362784471218206,0.012048192771084338,0.2469879518072289,0.31258366800535475,0.03145917001338688,0.024096385542168676,0.011378848728246318,0.11981258366800536,0.00535475234270415,0.09303882195448461,0.02208835341365462,0.0033467202141900937,0.014056224899598393,-0.8923941637864519,-0.5651812525780353,0.7916124441451573,-0.39455573554727197,-1.1908871523424485,-0.7154634556273733,2.2789165526766038,2.5141651610170888,0.22749552332894263,-0.03592192712320674,-0.7710333067821842,1.556941020216681,-1.493168024215382,1.3048304135497677,-0.12168874888063197,-1.9284860954732275,-0.5651812525780353
692_693,62.0,1,female,-8.166666666666671,1290,0.015503875968992248,0.024031007751937984,0.03798449612403101,0.012403100775193798,0.020155038759689922,0.04186046511627907,0.17364341085271318,0.17751937984496124,0.05581395348837209,0.06279069767441861,0.017054263565891473,0.19844961240310077,0.0031007751937984496,0.11317829457364341,0.018604651162790697,0.014728682170542635,0.01317829457364341,-0.7541689079152429,-0.3246062482280183,0.1273788755150389,-0.9712334131530711,-0.49744906106742937,0.223606907609593,1.6392819131227032,1.6613092354409942,0.5089927678010233,0.6260092261872114,-0.6610784848492313,1.7725348705512187,-2.2705163972833318,1.2124316343975163,-0.5759206765089244,-0.8041793284899046,-0.9123929131301369
693_694,88.0,1,female,17.83333333333333,1276,0.008620689655172414,0.0219435736677116,0.006269592476489028,0.03918495297805643,0.004702194357366771,0.04075235109717868,0.15517241379310345,0.14184952978056425,0.02115987460815047,0.007836990595611285,0.003918495297805642,0.07993730407523511,0.009404388714733543,0.42476489028213166,0.014106583072100314,0.019592476489028215,0.0007836990595611285,-0.8260620174240483,0.08149503448135187,-1.1283428892969827,0.6535642834880608,-1.3966068758916617,0.6924041168043251,2.022380047333992,1.9328466009116523,0.04577695187927233,-0.9170337956297754,-1.5636609605548282,1.36145374578521,-0.7426804084849978,3.0277790326213614,-0.35063832070897405,-0.029730600628872672,-2.862943944685089
694_695,24.0,19,male,-49.41666666666667,1384,0.02745664739884393,0.017341040462427744,0.01878612716763006,0.02384393063583815,0.004335260115606936,0.028179190751445087,0.19797687861271676,0.11921965317919075,0.02601156069364162,0.06864161849710983,0.014450867052023121,0.17341040462427745,0.01083815028901734,0.1842485549132948,0.006502890173410405,0.03468208092485549,0.04407514450867052,-0.17908208364388933,-0.6310672073869465,-0.552595591945451,-0.31819488610660684,-1.9579381480360363,-0.15343965303055151,1.7852109360119575,1.2792308698794899,-0.23242806434918206,0.7293859225490569,-0.8093154387932655,1.652979764608188,-1.0889003010124272,1.7134820847061314,-1.5784485263311323,0.051823473005809806,0.2892968498748445
695_696,72.0,2,female,-4.916666666666671,897,0.016722408026755852,0.013377926421404682,0.11371237458193979,0.059085841694537344,0.013377926421404682,0.026755852842809364,0.0379041248606466,0.189520624303233,0.030100334448160536,0.006688963210702341,0.011148272017837236,0.19063545150501673,0.011148272017837236,0.1939799331103679,0.016722408026755852,0.06131549609810479,0.007803790412486065,-0.6266648156455696,-0.8417761952625158,1.262357959007692,0.6121768143311899,-0.8417761952625158,-0.16883172202008945,0.17345448446654332,1.7712304571528006,-0.05331883489824518,-1.4957026626691796,-1.0161295824072933,1.7770784270352238,-1.0161295824072933,1.7944199020717109,-0.6266648156455696,0.648878181181618,-1.3526018190285063
696_697,81.0,2,female,4.083333333333329,1036,0.016409266409266408,0.0028957528957528956,0.017374517374517374,0.07818532818532818,0.033783783783783786,0.05501930501930502,0.10714285714285714,0.166988416988417,0.009652509652509652,0.004826254826254826,0.015444015444015444,0.1583011583011583,0.0,0.30212355212355213,0.012548262548262547,0.0028957528957528956,0.016409266409266408,-0.2354201456131082,-1.8448580580472087,-0.17985029445829737,1.3029819937042402,0.4719116699387933,0.954163921260728,1.6164035643575967,2.058556572844337,-0.7462457693790996,-1.3928729343041515,-0.2942606456360424,2.0052895436628497,-3.790768207102522,2.6501783335303983,-0.49493134109819303,-1.8448580580472087,-0.2354201456131082
697_698,85.0,2,female,8.083333333333329,972,0.01748971193415638,0.05555555555555555,0.013374485596707819,0.04218106995884774,0.015432098765432098,0.044238683127572016,0.04938271604938271,0.09773662551440329,0.023662551440329218,0.006172839506172839,0.01131687242798354,0.3734567901234568,0.00205761316872428,0.2088477366255144,0.01748971193415638,0.0102880658436214,0.01131687242798354,-0.39649820985541995,0.73950161088431,-0.6560094053405048,0.4669943364517639,-0.5178590668596876,0.5140618473097498,0.6228647071585489,1.300427156701796,-0.10169866963477547,-1.3868969138832967,-0.8163520554156842,2.6370802061886858,-2.3424083589107334,2.056966914097761,-0.39649820985541995,-0.9073238336214104,-0.8163520554156842
699_700,65.0,2,female,-11.916666666666671,1549,0.023240800516462233,0.09038089089735313,0.036797934151065206,0.024531956100710135,0.001936733376371853,0.025177533892834086,0.15752098127824402,0.16914138153647515,0.010974822466107165,0.02775984506132989,0.001936733376371853,0.276952872821175,0.0071013557133634605,0.1013557133634603,0.003873466752743706,0.02775984506132989,0.01355713363460297,-0.07375997720666394,1.2741352509786905,0.38071271000819484,-0.020413996501371212,-2.418309269299742,0.005228434111966163,1.8281430711198168,1.8991788442365685,-0.8088713568656414,0.10168870029952837,-2.418309269299742,2.3915495036292,-1.2287252024259057,1.3883532204705777,-1.7992700608935182,0.10168870029952837,-0.6030193026614925
69_69,66.0,62,female,12.07142857142857,834,0.06954436450839328,0.03717026378896882,0.0539568345323741,0.06354916067146282,0.002398081534772182,0.001199040767386091,0.22182254196642687,0.302158273381295,0.025179856115107913,0.02877697841726619,0.008393285371702638,0.03357314148681055,0.001199040767386091,0.08393285371702638,0.0407673860911271,0.002398081534772182,0.023980815347721823,1.0594434500521128,0.4404042416458891,0.8081290217712067,0.9700983497162627,-2.093292572311543,-2.6041181960775335,2.2134715778617915,2.5218279445297167,0.058469630947918905,0.18908981336498298,-0.994680283643433,0.3403207830889068,-2.6041181960775335,1.246029405632525,0.5313760198516158,-2.093292572311543,0.010841581958664026
6_6,79.0,67,female,15.230769230769234,1454,0.019944979367262722,0.02888583218707015,0.039202200825309494,0.004814305364511692,0.0020632737276478678,0.008940852819807428,0.27854195323246217,0.26822558459422285,0.01031636863823934,0.04607977991746905,0.0068775790921595595,0.07702888583218707,0.002751031636863824,0.1485557083906465,0.037138927097661624,0.008253094910591471,0.012379642365887207,-0.10850667355357091,0.2566071390310265,0.55888801090396,-1.47799391635708,-2.240133968403977,-0.8902072514549606,2.512223936656123,2.474531032380396,-0.7520569129741435,0.7192306609791395,-1.1415216797358672,1.23005628474513,-1.9888195401230706,1.8846936105431995,0.5053037647698537,-0.9671682925910896,-0.5751262048150658
700_701,71.0,2,female,-5.916666666666671,2411,0.02073828287017835,0.036499377851513894,0.02903359601824969,0.06262961426793862,0.017005391953546247,0.001244296972210701,0.2588137702198258,0.3090004147656574,0.01244296972210701,0.03484031522189963,0.009954375777685608,0.02986312733305682,0.004562422231439237,0.14019079220240563,0.016175860638739114,0.00829531314807134,0.008710078805474907,-0.14149869906337287,0.4195305166691967,0.1921406744735359,0.9571135896047367,-0.33777860810803473,-2.8107090668493195,2.373479294220945,2.550583098860106,-0.6457453517313207,0.37327949901844093,-0.8647989177940061,0.2201145265159421,-1.6211249999754824,1.7610520570076427,-0.3871713634376106,-1.043047149200325,-0.9954191002110702
701_702,73.0,2,female,-3.9166666666666714,1194,0.017587939698492462,0.035175879396984924,0.032663316582914576,0.02512562814070352,0.005862646566164154,0.008375209380234505,0.245393634840871,0.24455611390284757,0.06113902847571189,0.038525963149078725,0.020938023450586266,0.12144053601340034,0.0016750418760469012,0.09715242881072027,0.015912897822445562,0.022613065326633167,0.005862646566164154,-0.45944604742418615,0.22200509337256769,0.14880168934927251,-0.10977229894443763,-1.5125959620155385,-1.1761237253943255,2.154378656710348,2.150965684114108,0.7697864236609875,0.31195333003550685,-0.28882053039342326,1.4526771040537438,-2.6112082506836485,1.2303922904479516,-0.5570845169881027,-0.2133129778852778,-1.5125959620155385
702_703,84.0,2,female,7.083333333333329,1400,0.25142857142857145,0.3435714285714286,0.04214285714285714,0.012142857142857143,0.002857142857142857,0.007857142857142858,0.06285714285714286,0.09714285714285714,0.017142857142857144,0.01,0.005,0.04642857142857143,0.0,0.06857142857142857,0.0064285714285714285,0.0064285714285714285,0.02,2.5630186170647224,2.8748742260505793,0.7839443073639831,-0.43983112425813253,-1.7979546084113265,-0.8596849698183968,1.1809705468262832,1.6142926094374137,-0.10335888763691958,-0.6278833557610719,-1.287128984645336,0.8800181374536056,-3.9951791857475465,1.2675110031573396,-1.0507402065811053,-1.0507402065811053,0.04787208208700422
704_705,88.0,2,female,11.083333333333329,1144,0.05244755244755245,0.017482517482517484,0.019230769230769232,0.043706293706293704,0.022727272727272728,0.007867132867132868,0.055944055944055944,0.17482517482517482,0.026223776223776224,0.004370629370629371,0.013111888111888112,0.2491258741258741,0.0017482517482517483,0.23251748251748253,0.013986013986013986,0.0472027972027972,0.017482517482517484,0.6323092078666148,-0.44990927102581857,-0.35681884795980645,0.45163917911113316,-0.19318942417800455,-1.2190423585636863,0.6963310666315459,1.8304800895764428,-0.052607473556815165,-1.7655860649317558,-0.7294941332449802,2.183907871925884,-2.554043425296026,2.115040086435718,-0.6669737762636458,0.5278665444990174,-0.44990927102581857
705_706,88.0,3,female,24.333333333333336,1184,0.08530405405405406,0.05912162162162162,0.03125,0.04983108108108108,0.05405405405405406,0.017736486486486486,0.05152027027027027,0.2905405405405405,0.03885135135135135,0.032939189189189186,0.007601351351351352,0.14949324324324326,0.006756756756756757,0.0785472972972973,0.007601351351351352,0.019425675675675675,0.019425675675675675,0.8570485743201055,0.49260248565648634,-0.13866929118537152,0.3229660883898471,0.40365499963998985,-0.6949572890281197,0.3560269506507354,2.0790838662919766,0.07644208843157374,-0.0867095522546606,-1.5117184255552414,1.4159603847537339,-1.6229440606654664,0.7749512121329047,-1.5117184255552414,-0.6060098030116232,-0.6060098030116232
706_707,88.0,3,female,24.333333333333336,1320,0.05606060606060606,0.03939393939393939,0.030303030303030304,0.04621212121212121,0.03333333333333333,0.06742424242424243,0.019696969696969695,0.25833333333333336,0.024242424242424242,0.009848484848484848,0.013636363636363636,0.14242424242424243,0.004545454545454545,0.11818181818181818,0.016666666666666666,0.09621212121212121,0.023484848484848483,0.42436103181852936,0.07437507603059368,-0.1851361194544907,0.23259908124548767,-0.09094890439478975,0.6078005317138255,-0.6092933605748079,1.9469095854438603,-0.4051980042312926,-1.2837484081226007,-0.968667361482705,1.3526599133210813,-2.0146359166653927,1.1666179164132235,-0.7729227843566102,0.9616782710314964,-0.4364505477353968
707_708,71.0,3,male,7.333333333333336,1480,0.00472972972972973,0.01418918918918919,0.012837837837837839,0.031081081081081083,0.06891891891891892,0.004054054054054054,0.11283783783783784,0.4135135135135135,0.016891891891891893,0.0222972972972973,0.00945945945945946,0.07297297297297298,0.0013513513513513514,0.1635135135135135,0.010810810810810811,0.02027027027027027,0.02027027027027027,-1.5198175033865797,-0.4666675887952274,-0.564306058359143,0.3047317886644665,1.0951422746496187,-1.662918347027253,1.5862628273362769,2.882828418490038,-0.29604207176446407,-0.023175085097823622,-0.8605718745023156,1.15202964905167,-2.618429792054689,1.9562811864486935,-0.7313601430223096,-0.11699384031547844,-0.11699384031547844
708_709,63.0,3,female,-0.6666666666666643,1474,0.013568521031207599,0.011533242876526458,0.044097693351424695,0.041383989145183174,0.009497964721845319,0.016282225237449117,0.11668928086838534,0.29172320217096337,0.025101763907734057,0.059023066485753055,0.0101763907734057,0.2299864314789688,0.007462686567164179,0.08887381275440977,0.012211668928086838,0.014246947082767978,0.008141112618724558,-0.7306974260686365,-0.8889214312835305,0.4309278304282076,0.3679148625994735,-1.0769736627864699,-0.5524491946623176,1.3992749242584157,2.313825011654787,-0.12678137923663346,0.72051648115057,-1.0102822882877982,2.076351634785752,-1.308775276843794,1.1278845394048207,-0.8333515801287197,-0.6830693770793816,-1.2253936679047435
709_710,24.0,3,male,-39.666666666666664,1670,0.02155688622754491,0.05748502994011976,0.019161676646706587,0.017365269461077845,0.014970059880239521,0.0023952095808383233,0.23532934131736527,0.22095808383233534,0.025748502994011976,0.2149700598802395,0.015568862275449102,0.025149700598802394,0.009580838323353293,0.09041916167664671,0.006586826347305389,0.009580838323353293,0.013173652694610778,-0.19855632378341115,0.7736744239730831,-0.3146284950361653,-0.41147832102608284,-0.5571901322074764,-2.2917911875955834,2.1792124834856006,2.1162821560163994,-0.02310764627721884,2.0888455927892444,-0.518723851379681,-0.046364508441485874,-0.9925082034653219,1.2247170405775667,-1.3535215490026529,-0.9925082034653219,-0.6823532751614829
70_70,50.0,57,male,-17.5,1298,0.02773497688751926,0.03543913713405239,0.07704160246533127,0.11941448382126348,0.0030816640986132513,0.0007704160246533128,0.18875192604006163,0.25192604006163327,0.026194144838212634,0.060092449922958396,0.016178736517719568,0.06548536209553159,0.020030816640986132,0.046224961479198766,0.017719568567026195,0.01078582434514638,0.03312788906009245,-0.09105367506430406,0.15108637694056082,0.9217917918463807,1.358279795966539,-2.1842885388764754,-3.2829008275445855,1.8149310115818256,2.103122119422557,-0.14740661161543578,0.6747326891356131,-0.6203130005191326,0.7601504402899648,-0.41122120266057305,0.4142774293840459,-0.5313655145026361,-1.0142172862262209,0.08439500244188869
711_712,22.0,3,female,-41.666666666666664,2164,0.0411275415896488,0.04343807763401109,0.016173752310536044,0.01756007393715342,0.010166358595194085,0.020794824399260628,0.23613678373382624,0.21765249537892792,0.03927911275415896,0.11182994454713494,0.01155268022181146,0.12060998151571165,0.006007393715341959,0.05406654343807763,0.012476894639556377,0.01155268022181146,0.029574861367837338,0.23419084634875542,0.28855205556764263,-0.6905150824506845,-0.6093895376383158,-1.1465324697216803,-0.44233545297514976,1.9772998064596268,1.8958713231414577,0.18846859701066032,1.2309539314454834,-1.0213693267676738,1.3063865045729233,-1.6573580934876708,0.5063905546521594,-0.9458617742595288,-1.0213693267676738,-0.09338255513032756
714_715,61.0,6,female,-7.5,1171,0.029888983774551667,0.053800170794193,0.089666951323655,0.013663535439795047,0.02049530315969257,0.04184457728437233,0.05636208368915457,0.2237403928266439,0.030742954739538857,0.008539709649871904,0.005977796754910333,0.23825789923142612,0.011955593509820665,0.13663535439795046,0.017933390264730998,0.004269854824935952,0.016225448334756618,-0.027113989921522474,0.5543932194957533,1.0620642665132283,-0.7932863054963573,-0.39797356885221147,0.30532598317175186,0.6005552612589158,1.9736043956287859,0.0006655741855530195,-1.2452714292394145,-1.5817436658606274,2.036355606192261,-0.9224980369763642,1.481647256167178,-0.5285937512692751,-1.8918985941644673,-0.6262322208331916
715_716,76.0,4,female,-3.9285714285714306,1155,0.01645021645021645,0.033766233766233764,0.07792207792207792,0.01645021645021645,0.019913419913419914,0.030303030303030304,0.06060606060606061,0.283982683982684,0.04242424242424243,0.003463203463203463,0.023376623376623377,0.23030303030303031,0.003463203463203463,0.11515151515151516,0.025974025974025976,0.0025974025974025974,0.013852813852813853,-0.5046914956884123,0.20119471064896244,1.0302438894477666,-0.5046914956884123,-0.31810554010800063,0.0944267352232564,0.7805067485601094,2.3194308766665515,0.42686670831653073,-1.9710285644818395,-0.16091995658558833,2.1102682823477856,-1.9710285644818395,1.4189955165821901,-0.057379277644747706,-2.222342992762746,-0.6717455803515788
716_717,65.0,4,male,-14.92857142857143,1274,0.022762951334379906,0.013343799058084773,0.11381475667189953,0.016483516483516484,0.008634222919937205,0.00706436420722135,0.16562009419152277,0.20565149136577707,0.012558869701726845,0.018838304552590265,0.007849293563579277,0.029827315541601257,0.013343799058084773,0.3359497645211931,0.013343799058084773,0.005494505494505495,0.009419152276295133,-0.04162892737045221,-0.5638183097867575,1.554156895895321,-0.35796625558260864,-0.9836721553470218,-1.1747273921097312,1.9282058077701065,2.144231891315452,-0.6226588098096908,-0.227346073165545,-1.074643933552748,0.2246390505775122,-0.5638183097867575,2.6342715473216085,-0.5638183097867575,-1.4111161701739618,-0.9002905464079705
717_718,76.0,5,female,-0.9285714285714306,1283,0.014029618082618862,0.03195635229929852,0.0171473109898675,0.04520654715510522,0.026500389711613406,0.003897116134060795,0.0646921278254092,0.32657833203429465,0.02338269680436477,0.029618082618862042,0.021044427123928292,0.13795791114575215,0.020265003897116135,0.16835541699142634,0.018706157443491817,0.009353078721745909,0.041309431021044424,-0.8149342109451108,-0.0070115157927377325,-0.6191896338190159,0.33632181120842075,-0.19174561899207632,-2.027956850790965,0.6921416888274194,2.3063585828778708,-0.3149782594160242,-0.08204670173565187,-0.4185189383568644,1.4462656658860802,-0.4555602100372136,1.6448856044131543,-0.5340318254787091,-1.2069762987211345,0.24697671087257067
718_719,80.0,5,female,3.0714285714285694,942,0.006369426751592357,0.016985138004246284,0.0031847133757961785,0.055201698513800426,0.029723991507430998,0.0021231422505307855,0.17834394904458598,0.20382165605095542,0.004246284501061571,0.03078556263269639,0.0021231422505307855,0.27282377919320594,0.004246284501061571,0.13800424628450106,0.024416135881104035,0.009554140127388535,0.018046709129511677,-1.1013558969157722,-0.1697976929108287,-1.720395105321996,0.9876550957802146,0.37674601345724135,-2.056867341943209,2.1537776759750527,2.2869380799104757,-1.4690806770410894,0.41123218952841034,-2.056867341943209,2.5778616462864274,-1.4690806770410894,1.8982151529453846,0.1838423473327495,-0.7218662752108682,-0.1109571928878954
719_720,88.0,4,female,8.07142857142857,1754,0.0028506271379703536,0.005131128848346636,0.03192702394526796,0.009122006841505131,0.0,0.02508551881413911,0.11003420752565564,0.2799315849486887,0.026795895096921322,0.01653363740022805,0.013683010262257697,0.16704675028506272,0.021664766248574687,0.2491448118586089,0.01596351197263398,0.0034207525655644243,0.021664766248574687,-1.8298691168403818,-1.2833254104723113,0.49962342907358837,-0.7312568281722718,-4.227764389638752,0.26087198009338763,1.73066030339103,2.6628447305084144,0.32611250196178876,-0.15022694573303275,-0.33594409152812554,2.1472604301893443,0.11604103221493167,2.546459496718862,-0.18471312180420218,-1.6628150321772153,0.11604103221493167
71_71,86.0,57,female,18.5,884,0.03167420814479638,0.02262443438914027,0.013574660633484163,0.16968325791855204,0.07126696832579185,0.06787330316742081,0.09276018099547512,0.08031674208144797,0.01583710407239819,0.019230769230769232,0.0022624434389140274,0.13914027149321267,0.0011312217194570137,0.21832579185520362,0.012443438914027148,0.011312217194570135,0.030542986425339366,0.06203749598204089,-0.2674417051482014,-0.7621379469843079,1.7260964928963667,0.8631733146060823,0.814776773744232,1.1249317020480714,0.981830858407398,-0.6137179418660352,-0.4256657103630954,-2.3715758594184084,1.528374564775468,-2.8824014831844,1.9774109211772728,-0.8455195559233593,-0.9364913341290864,0.026319413379961798
720_721,78.0,5,male,1.0714285714285694,1114,0.00718132854578097,0.0062836624775583485,0.01615798922800718,0.10682226211849193,0.02333931777378815,0.0,0.07091561938958707,0.20197486535008977,0.009874326750448833,0.011669658886894075,0.03321364452423698,0.03141831238779174,0.00718132854578097,0.4129263913824057,0.025134649910233394,0.013464991023339317,0.02244165170556553,-1.0408069514070686,-1.1659700943610742,-0.26310238281905995,1.6024432564682263,0.09627161808883722,-3.8740202954632847,1.1948839067569472,2.237447044039394,-0.7385260795341351,-0.5781834294589556,0.44346781807302627,0.38865958157803115,-1.0408069514070686,2.9514397407920225,0.16903097237126552,-0.4400330909781385,0.05780533726104142
721_722,81.0,5,male,4.071428571428569,916,0.016375545851528384,0.013100436681222707,0.0611353711790393,0.11135371179039301,0.03056768558951965,0.0,0.09170305676855896,0.17576419213973798,0.021834061135371178,0.05240174672489083,0.04039301310043668,0.04694323144104803,0.001091703056768559,0.2827510917030568,0.026200873362445413,0.0032751091703056767,0.025109170305676855,-0.43447965617914486,-0.6495910357960901,0.8589209580480492,1.4545431184741169,0.17458440717025914,-3.868466860664291,1.2614318542587823,1.9091854625583653,-0.15489479395998318,0.7062441178390917,0.449021252872019,0.5974412579902926,-2.769854571996181,2.3834370225015977,0.023353437446335334,-1.9225567116089777,-0.018319258954232698
722_723,81.0,5,female,4.071428571428569,1062,0.017890772128060263,0.02071563088512241,0.038606403013182675,0.06685499058380415,0.0480225988700565,0.004708097928436911,0.16760828625235405,0.3220338983050847,0.006591337099811676,0.013182674199623353,0.01224105461393597,0.044256120527306965,0.01694915254237288,0.16195856873822975,0.02824858757062147,0.0160075329566855,0.014124293785310734,-0.49946303054937413,-0.3563621869087008,0.2558159311175774,0.799819953580887,0.47170431155061543,-1.7651294038806498,1.7147111051006185,2.3663941615832047,-1.4549744755768108,-0.7957288466925467,-0.8671878106746913,0.39085221492152034,-0.5521067640347956,1.6805197403523393,-0.05215081250570908,-0.6076766151896065,-0.7290374721938742
723_724,69.0,6,female,0.5,1171,0.037574722459436376,0.05209222886421862,0.035012809564474806,0.014517506404782237,0.005977796754910333,0.005977796754910333,0.23911187019641333,0.2749786507258753,0.037574722459436376,0.034158838599487616,0.008539709649871904,0.12126387702818105,0.032450896669513236,0.06404782237403928,0.010247651579846286,0.016225448334756618,0.010247651579846286,0.22201420997656474,0.5455621956168426,0.1522184480410229,-0.711274098266161,-1.5585719586533644,-1.5585719586533644,2.0630987457671215,2.2026281570401975,0.22201420997656474,0.12782699491686378,-1.2220997220321514,1.3858670205130754,0.07718326209810922,0.7506576770593494,-1.047746334887374,-0.6030605136259286,-1.047746334887374
724_725,65.0,6,female,-3.5,1191,0.042821158690176324,0.02518891687657431,0.12510495382031905,0.011754827875734676,0.0016792611251049538,0.005877413937867338,0.16792611251049538,0.19899244332493704,0.028547439126784216,0.026028547439126783,0.005037783375314861,0.08816120906801007,0.011754827875734676,0.18807724601175482,0.01595298068849706,0.03190596137699412,0.02518891687657431,0.3891575192608481,-0.13469760479547643,1.4548721044218986,-0.8782756389823136,-2.6361335565346877,-1.5375212678665777,1.7483899583377813,1.9177433350658533,-0.011464964371528552,-0.10243674257725521,-1.680622111507251,1.1062866645072784,-0.8782756389823136,1.8614514187734665,-0.5820098228391419,0.09823395288489589,-0.13469760479547643
725_726,57.0,6,male,-11.5,1121,0.02408563782337199,0.013380909901873328,0.10437109723461195,0.024977698483496878,0.006244424620874219,0.01873327386262266,0.22212310437109722,0.2310437109723461,0.01873327386262266,0.019625334522747548,0.0026761819803746653,0.12132024977698483,0.003568242640499554,0.15967885816235505,0.0053523639607493305,0.016057091882247992,0.008028545941123996,-0.0045382990151972,-0.5778842797625221,1.4477140298964906,0.031179783586881893,-1.3038212831454579,-0.25067136855410554,2.2007346115038504,2.2400323989182205,-0.25067136855410554,-0.2052089944773483,-2.065961335192355,1.5976003109372918,-1.8146469069114484,1.8714509042406107,-1.4469221267861312,-0.4009535716034436,-1.0674325050812272
726_727,67.0,6,female,-1.5,951,0.046267087276550996,0.03470031545741325,0.08727655099894847,0.017875920084121977,0.01892744479495268,0.012618296529968454,0.10094637223974763,0.21976866456361724,0.031545741324921134,0.014721345951629864,0.006309148264984227,0.24605678233438485,0.006309148264984227,0.13564668769716087,0.005257623554153523,0.0010515247108307045,0.014721345951629864,0.5664994085527071,0.28255565821153317,1.195856851237322,-0.36678889969001904,-0.31121904853520865,-0.703261136311232,1.3405532277254526,2.115733958742705,0.18873690299387835,-0.5548411311929593,-1.3571876037178958,2.228465807266846,-1.3571876037178958,1.6346911005201048,-1.5242416883810623,-2.823524672511323,-0.5548411311929593
727_728,77.0,7,female,1.3333333333333286,1451,0.009648518263266712,0.013094417643004824,0.15506547208821503,0.011026878015161957,0.004824259131633356,0.008270158511371467,0.17849758787043418,0.2894555478980014,0.02343211578221916,0.03170227429359063,0.013094417643004824,0.07925568573397657,0.009648518263266712,0.13852515506547208,0.016540317022742935,0.002067539627842867,0.015851137146795313,-0.8961776842138574,-0.5999118680706856,1.8479938253023465,-0.7669659527338513,-1.5554233130981214,-1.044597689332131,1.988430368965557,2.4711181457726163,-0.02936700960307226,0.26912597895292434,-0.5999118680706856,1.1789441963214617,-0.8961776842138574,1.7354630477463513,-0.37165321608970503,-2.3175633651450185,-0.4133259124902735
729_730,46.0,8,male,-18.64285714285714,1163,0.017196904557179708,0.014617368873602751,0.0352536543422184,0.0034393809114359416,0.004299226139294927,0.009458297506448839,0.23731728288907997,0.16251074806534824,0.014617368873602751,0.037833190025795355,0.0025795356835769563,0.17196904557179707,0.004299226139294927,0.2527944969905417,0.012037833190025795,0.006878761822871883,0.012897678417884782,-0.17265986572040148,-0.3308838709352955,0.5326086753718888,-1.6890073550884894,-1.4883366596263388,-0.7507377164955589,2.4291260690976255,2.0513042726577178,-0.3308838709352955,0.6024044373074307,-1.940321783369396,2.1077294948818603,-1.4883366596263388,2.492194251226878,-0.5189361024382348,-1.0530185883684933,-0.45224472793956316
72_72,77.0,57,male,9.5,938,0.04371002132196162,0.04051172707889126,0.042643923240938165,0.06929637526652452,0.009594882729211088,0.013859275053304905,0.09808102345415778,0.11300639658848614,0.013859275053304905,0.019189765458422176,0.0042643923240938165,0.13752665245202558,0.0,0.31130063965884863,0.01812366737739872,0.013859275053304905,0.0511727078891258,0.45927993047920435,0.3842447445362902,0.4348884773550452,0.9156366458837581,-1.0151216981509532,-0.6637238113130643,1.2607951477609314,1.4017314883920315,-0.6637238113130643,-0.3486427646731691,-1.7623360999811744,1.597267384382144,-3.9595606773173935,2.412051169914463,-0.40421261582797996,-0.6637238113130643,0.6151503011859893
730_731,71.0,8,male,6.357142857142861,1130,0.019469026548672566,0.01327433628318584,0.06371681415929203,0.01415929203539823,0.011504424778761062,0.0017699115044247787,0.2079646017699115,0.3274336283185841,0.033628318584070796,0.024778761061946902,0.008849557522123894,0.04601769911504425,0.004424778761061947,0.17610619469026548,0.017699115044247787,0.011504424778761062,0.017699115044247787,-0.22729054920402225,-0.5999658344891956,0.9427807034462323,-0.5374454775078621,-0.7381161729700128,-2.4245151265402414,2.1209050550420754,2.574047586321745,0.3098523828793418,0.009098228860207946,-0.9894306012509193,0.6200073111831812,-1.6360577661759712,1.9550083779155214,-0.3203809722700339,-0.7381161729700128,-0.3203809722700339
731_732,83.0,7,female,7.333333333333329,1197,0.018379281537176273,0.02172096908939014,0.03341687552213868,0.006683375104427736,0.005847953216374269,0.01086048454469507,0.23809523809523808,0.19131161236424393,0.014202172096908938,0.01670843776106934,0.010025062656641603,0.21637426900584794,0.006683375104427736,0.17042606516290726,0.013366750208855471,0.009189640768588136,0.01670843776106934,-0.27669901430620714,-0.1130695905244048,0.3110876505959119,-1.250148160020311,-1.3753113029743167,-0.7875246380721981,2.2640277055794833,2.045688705984018,-0.5280134425871132,-0.36978943737221925,-0.8644856792083262,2.168542379089362,-1.250148160020311,1.930353651966275,-0.5868539426100465,-0.9478672881473775,-0.36978943737221925
732_733,89.0,7,female,13.333333333333329,1186,0.02023608768971332,0.016863406408094434,0.05396290050590219,0.010961214165261383,0.003372681281618887,0.013490725126475547,0.20404721753794267,0.290893760539629,0.04384485666104553,0.007588532883642495,0.013490725126475547,0.10708263069139966,0.005902192242833052,0.17622259696458684,0.024451939291736932,0.0,0.007588532883642495,-0.024716788285500613,-0.20296501969181957,0.9432753179655449,-0.6207002203917984,-1.7193125090599075,-0.42002952492964685,2.267611804541356,2.6216027373715427,0.7374232637613964,-0.9720981072296864,-0.42002952492964685,1.6247264587622992,-1.208486885293917,2.121333833526011,0.16100035750959218,-3.9165370863961275,-0.9720981072296864
733_734,82.0,8,female,17.35714285714286,874,0.009153318077803204,0.010297482837528604,0.0011441647597254005,0.009153318077803204,0.002288329519450801,0.07437070938215103,0.07093821510297482,0.08352402745995423,0.009153318077803204,0.004576659038901602,0.0011441647597254005,0.2036613272311213,0.0011441647597254005,0.5080091533180778,0.006864988558352402,0.0011441647597254005,0.003432494279176201,-0.19724705752439764,-0.08602142241417354,-1.9318481129125038,-0.19724705752439764,-1.4210224891465133,1.8447369216205378,1.7978533357216873,1.9599721851981222,-0.19724705752439764,-0.8332358242443947,-1.9318481129125038,2.847275380199025,-1.9318481129125038,3.759636833933291,-0.4655110441190775,-1.9318481129125038,-1.0845502525253004
734_735,83.0,7,male,7.333333333333329,1240,0.0,0.004838709677419355,0.016129032258064516,0.0024193548387096775,0.0,0.0024193548387096775,0.4467741935483871,0.30806451612903224,0.018548387096774192,0.01129032258064516,0.01532258064516129,0.03790322580645161,0.0024193548387096775,0.09112903225806451,0.016935483870967744,0.0008064516129032258,0.025,-3.2723600476570596,-0.7074106901955224,0.4412120190472484,-1.3264498986017461,-3.2723600476570596,-1.3264498986017461,3.738853939693308,3.3675157861694767,0.5777875540529993,0.09493578232941502,0.3912015984725876,1.2815168439434816,-1.3264498986017461,2.1525899698243434,0.48884006803650326,-2.1737477589889496,0.8707746787344735
735_736,77.0,7,female,1.3333333333333286,1308,0.009174311926605505,0.009938837920489297,0.02522935779816514,0.0061162079510703364,0.009174311926605505,0.00382262996941896,0.3195718654434251,0.3302752293577982,0.023700305810397553,0.02522935779816514,0.019877675840978593,0.0764525993883792,0.00764525993883792,0.06498470948012232,0.028287461773700305,0.022935779816513763,0.017584097859327217,-0.9427749439816284,-0.8658139028455003,0.04304185054113718,-1.3284374247936133,-0.9427749439816284,-1.7637554960514588,2.5681733016396464,2.60107873808205,-0.01851604245829641,0.04304185054113718,-0.19135885529770702,1.1416541392092467,-1.117128331126406,0.9800127876528308,0.15583734468648158,-0.05077690467651763,-0.3115031671397701
736_737,87.0,5,female,10.07142857142857,1211,0.008257638315441783,0.01981833195706028,0.008257638315441783,0.022295623451692816,0.028075970272502065,0.0016515276630883566,0.09248554913294797,0.2526837324525186,0.028075970272502065,0.03137902559867878,0.023121387283236993,0.23864574731626756,0.011560693641618497,0.19240297274979357,0.02477291494632535,0.005780346820809248,0.010734929810074319,-1.0894104919680867,-0.2421126315808828,-1.0894104919680867,-0.12659974445903854,0.10017357490574996,-2.5244950172574088,1.2821674725129109,2.284432006244702,0.10017357490574996,0.2098724921621744,-0.09088166185695945,2.227369547881486,-0.7666370997050356,2.0123963279773878,-0.02305906551819792,-1.4258827285892997,-0.8380960636871801
737_738,94.0,5,female,17.07142857142857,863,0.016222479721900347,0.026651216685979143,0.010428736964078795,0.03592120509849363,0.026651216685979143,0.046349942062572425,0.1541135573580533,0.18308227114716108,0.031286210892236384,0.004634994206257242,0.01738122827346466,0.06488991888760139,0.002317497103128621,0.3406720741599073,0.019698725376593278,0.002317497103128621,0.01738122827346466,-0.4473120750826465,0.035539696640938256,-0.8701689259026799,0.3285268213224124,0.035539696640938256,0.5798412496033185,1.7726407533311292,1.9442938688081604,0.19272528016335055,-1.617383327732901,-0.3806207005839739,0.9127799136432202,-2.2051699926350197,2.563818278582467,-0.25925984357970666,-2.2051699926350197,-0.3806207005839739
738_739,96.0,5,female,19.07142857142857,551,0.023593466424682397,0.009074410163339383,0.030852994555353903,0.003629764065335753,0.003629764065335753,0.014519056261343012,0.14156079854809436,0.1724137931034483,0.012704174228675136,0.003629764065335753,0.0018148820326678765,0.4010889292196007,0.0,0.14519056261343014,0.016333938294010888,0.014519056261343012,0.0054446460980036296,0.3591118299970666,-0.5388297632088914,0.6186230254821514,-1.3272871235731616,-1.3272871235731616,-0.10351169195104593,2.1195207693410456,2.315548392039368,-0.22867483490505247,-1.3272871235731616,-1.838112747339153,3.1568447340378736,-2.936725036007262,2.144679328977201,0.0077139431591781715,-0.10351169195104593,-0.9908148869519486
739_740,80.0,5,male,3.0714285714285694,761,0.002628120893561104,0.013140604467805518,0.011826544021024968,0.051248357424441525,0.02890932982917214,0.018396846254927726,0.01576872536136662,0.12614980289093297,0.00788436268068331,0.002628120893561104,0.001314060446780552,0.3035479632063075,0.001314060446780552,0.36530880420499345,0.00788436268068331,0.018396846254927726,0.023653088042049936,-1.684587896781104,-0.24950337149178115,-0.34958683004876434,1.075422043251817,0.5126366805551155,0.07327002077126954,-0.0751499843470036,1.968664379689681,-0.7290764517536674,-1.684587896781104,-2.1954135205470946,2.8437012448710295,-2.1954135205470946,3.0285394307120796,-0.7290764517536674,0.07327002077126954,0.31689210342901974
740_741,84.0,5,female,7.071428571428569,1169,0.016253207869974338,0.037639007698887936,0.14884516680923868,0.03849443969204448,0.06672369546621043,0.016253207869974338,0.028229255774165955,0.1009409751924722,0.017964071856287425,0.005988023952095809,0.00427715996578272,0.29597946963216426,0.011120615911035072,0.13259195893926431,0.01454234388366125,0.03934987168520103,0.02480752780153978,-0.6611430610527722,0.16393166254972158,1.5303672150200087,0.1861547993344317,0.7315410981658896,-0.6611430610527722,-0.12001208779145234,1.143355433952713,-0.5635045914888557,-1.616654506080208,-1.9268094343840478,2.2163252920074847,-1.0288678411780894,1.4150882049968159,-0.7693566456930045,0.20789478597083733,-0.2471672632766988
742_743,32.0,8,female,-32.64285714285714,1070,0.014018691588785047,0.004672897196261682,0.07570093457943926,0.005607476635514018,0.001869158878504673,0.002803738317757009,0.5074766355140187,0.18878504672897195,0.02149532710280374,0.06822429906542056,0.003738317757009346,0.016822429906542057,0.007476635514018692,0.03271028037383177,0.024299065420560748,0.009345794392523364,0.014953271028037384,-0.2305381992547222,-1.2666301309414978,1.4292247970668934,-1.0995760462783322,-2.055087491305768,-1.718615254684555,3.3266514833813408,2.3393616633666703,0.18562219797018997,1.3259071830388676,-1.4673008264036493,-0.053607491095644555,-0.8313120596836523,0.5981544733014466,0.30576650981225306,-0.6200029660164459,-0.16801784227338867
743_744,60.0,5,female,-16.92857142857143,1052,0.034220532319391636,0.028517110266159697,0.045627376425855515,0.0408745247148289,0.010456273764258554,0.005703422053231939,0.18346007604562736,0.14068441064638784,0.04847908745247148,0.1188212927756654,0.005703422053231939,0.07034220532319392,0.024714828897338403,0.1758555133079848,0.026615969581749048,0.022813688212927757,0.017110266159695818,-0.059888432570444294,-0.23947400954552434,0.22436310478454757,0.11556024493574846,-1.2148536577896856,-1.785398516257299,1.6080768193109463,1.343384265083864,0.28438111451080017,1.1751050654129482,-1.785398516257299,0.6535984322266235,-0.3800559601667137,1.5658541888885997,-0.3072966058842854,-0.4585275756082088,-0.7394299610746113
744_745,63.0,8,male,-1.6428571428571388,1778,0.010686164229471317,0.016310461192350956,0.02699662542182227,0.0044994375703037125,0.0,0.005061867266591676,0.29133858267716534,0.296962879640045,0.016310461192350956,0.09505061867266591,0.005061867266591676,0.0343082114735658,0.007874015748031496,0.14791901012373454,0.0343082114735658,0.001687289088863892,0.00562429696287964,-0.4010274004800696,0.012948397296003833,0.510121931893667,-1.2313757025534997,-4.064589046609715,-1.1201500674432756,2.8794981616198116,2.898600939260522,0.012948397296003833,1.7614110607707345,-1.1201500674432756,0.7475953087627016,-0.6972932166232422,2.2026115019316466,0.7475953087627016,-2.1186788975544024,-1.0200666088862924
745_746,72.0,8,male,7.357142857142861,1420,0.014788732394366197,0.006338028169014085,0.03591549295774648,0.004225352112676056,0.0007042253521126761,0.013380281690140845,0.21338028169014084,0.25985915492957745,0.038028169014084505,0.015492957746478873,0.03591549295774648,0.09014084507042254,0.006338028169014085,0.21549295774647886,0.036619718309859155,0.0028169014084507044,0.01056338028169014,-0.3571004478101143,-1.173861584337236,0.5164284247259596,-1.55335120604214,-3.0196882748355662,-0.45473891737402994,2.290228227555822,2.486997357444525,0.5730473187254672,-0.3116380737333566,0.5164284247259596,1.4307755213915434,-1.173861584337236,2.3000643724325354,0.5356597866538468,-1.9210759861674571,-0.68431335901853
746_747,81.0,8,female,16.35714285714286,892,0.028026905829596414,0.06950672645739911,0.16367713004484305,0.007847533632286996,0.03139013452914798,0.0011210762331838565,0.13452914798206278,0.2914798206278027,0.016816143497757848,0.0033632286995515697,0.004484304932735426,0.06726457399103139,0.002242152466367713,0.1289237668161435,0.02242152466367713,0.005605381165919282,0.021300448430493273,0.2123921152564292,1.1088802198344045,1.9607390915491707,-1.011383316365687,0.32361775036665374,-2.6208212287997865,1.7653634160227583,2.5363165242854704,-0.28544631298275025,-1.773523368412583,-1.5222089401316774,1.0763570281288444,-2.109995605033796,1.7229841930538972,-0.0058614507635885715,-1.3215382446695259,-0.05587187133825022
747_748,48.0,8,female,-16.64285714285714,1379,0.016678752719361856,0.032632342277012324,0.028281363306744016,0.0007251631617113851,0.002175489485134155,0.0036258158085569255,0.19144307469180566,0.271211022480058,0.06381435823060189,0.04423495286439449,0.011602610587382161,0.04060913705583756,0.08121827411167512,0.17186366932559827,0.01740391588107324,0.0029006526468455403,0.019579405366207395,-0.3234184466213943,0.33729345818539747,0.19588180413556877,-3.0749537596633427,-2.2276558992761393,-1.775670775533082,2.0974223835268466,2.445172935185767,1.0025836842423765,0.6386183070409648,-0.677058486864972,0.5538217703808881,1.2425343538729674,1.9897487557031885,-0.2817457502208258,-1.9763414709952336,-0.166232863098982
748_749,48.0,8,male,-16.64285714285714,1331,0.008264462809917356,0.013523666416228399,0.015777610818933134,0.003005259203606311,0.012772351615326822,0.015777610818933134,0.21412471825694968,0.3275732531930879,0.012021036814425245,0.012021036814425245,0.003756574004507889,0.18707738542449287,0.0007513148009015778,0.12546957175056347,0.013523666416228399,0.011269722013523666,0.02329075882794891,-0.7965651322931251,-0.32114143557804997,-0.17085923252871194,-1.7348347708860556,-0.3767112867328608,-0.17085923252871194,2.4153298614337357,2.839876207617327,-0.435551786755795,-0.435551786755795,-1.534164075423904,2.280546747529244,-2.8334470595541648,1.8820711836027915,-0.32114143557804997,-0.4980721437371285,0.2110753781692578
749_750,79.0,8,female,14.357142857142861,1305,0.019157088122605363,0.012260536398467433,0.11570881226053639,0.0053639846743295016,0.0022988505747126436,0.00996168582375479,0.24904214559386972,0.21762452107279692,0.009195402298850575,0.004597701149425287,0.0022988505747126436,0.14482758620689656,0.0,0.1793103448275862,0.014559386973180077,0.0015325670498084292,0.012260536398467433,0.2552588846572146,-0.18005918660063092,2.037166057442258,-0.9685165469649011,-1.7306565990117981,-0.38072988206278247,2.801942894141458,2.6673136860592197,-0.4576909231989106,-1.1116173906055744,-1.7306565990117981,2.260969457015315,-3.6765667480671116,2.474036020379168,-0.013005101937464403,-2.067128835633011,-0.18005918660063092
750_751,75.0,9,female,5.642857142857139,777,0.023166023166023165,0.028314028314028315,0.07207207207207207,0.015444015444015444,0.010296010296010296,0.014157014157014158,0.16602316602316602,0.1879021879021879,0.018018018018018018,0.015444015444015444,0.002574002574002574,0.19047619047619047,0.001287001287001287,0.22265122265122264,0.011583011583011582,0.002574002574002574,0.018018018018018018,0.0033882789388997026,0.19913285606499542,1.1198581850070162,-0.38865380883712364,-0.7743162896491085,-0.47203541777617497,1.9492984279942132,2.0726429753117426,-0.2402338037188505,-0.38865380883712364,-1.9980917212712241,2.086202505097375,-2.5089173450372146,2.2417951462415346,-0.6630906545388844,-1.9980917212712241,-0.2402338037188505
751_752,75.0,39,female,15.57142857142857,1133,0.02030008826125331,0.04589585172109444,0.00353045013239188,0.00353045013239188,0.00441306266548985,0.02030008826125331,0.21359223300970873,0.2418358340688438,0.0353045013239188,0.02736098852603707,0.009708737864077669,0.19858781994704325,0.0,0.07413945278022947,0.08561341571050309,0.01235657546337158,0.00353045013239188,0.003629282251189636,0.8074420306986543,-1.6492937421226497,-1.6492937421226497,-1.448623046660499,0.003629282251189636,2.337630571478614,2.4615801220506617,0.5479308352135699,0.29661640693266333,-0.7110241035297191,2.264949020043809,-3.846518319458869,1.2833803954642042,1.4264812391048776,-0.4792224894723951,-1.6492937421226497
752_753,54.0,38,male,-0.2307692307692335,1916,0.008872651356993737,0.0041753653444676405,0.03653444676409186,0.02035490605427975,0.013569937369519834,0.02035490605427975,0.04697286012526096,0.32254697286012524,0.021920668058455117,0.004697286012526096,0.011482254697286013,0.3209812108559499,0.005741127348643006,0.09707724425887265,0.032359081419624215,0.021920668058455117,0.010438413361169102,-0.9573810482605691,-1.679515765693767,0.43603078062818534,-0.14328125728296115,-0.5424371961978607,-0.14328125728296115,0.685767921515843,2.607715262642505,-0.07007785325966642,-1.568290130583542,-0.7060666199796626,2.6028530164344708,-1.3772348938208334,1.4088493098938328,0.3155846275523184,-0.07007785325966642,-0.7991570430456751
753_754,88.0,27,female,21.5,821,0.012180267965895249,0.030450669914738125,0.028014616321559074,0.001218026796589525,0.007308160779537149,0.0060901339829476245,0.27649208282582216,0.1656516443361754,0.007308160779537149,0.012180267965895249,0.00243605359317905,0.146163215590743,0.00243605359317905,0.269183922046285,0.0036540803897685747,0.0048721071863581,0.024360535931790498,-0.30142714591813746,0.5858760490827652,0.5041980180684984,-2.247337294973451,-0.7810002261800237,-0.9480543108431903,2.77434783530939,2.2635222115433993,-0.7810002261800237,-0.30142714591813746,-1.7365116712074604,2.1388473498490947,-1.7365116712074604,2.747620186403575,-1.4000394345862475,-1.148725006305341,0.3676224830627475
754_755,78.0,27,male,11.5,1778,0.003374578177727784,0.015748031496062992,0.046681664791901015,0.04049493813273341,0.012935883014623173,0.0005624296962879641,0.22440944881889763,0.4482564679415073,0.017435320584926885,0.023059617547806523,0.007311586051743532,0.02699662542182227,0.0,0.09730033745781777,0.008998875140607425,0.00843644544431946,0.01799775028121485,-1.4995334675965077,-0.021431557223494657,1.05351098735871,0.9122509173625297,-0.2143352233479865,-2.965870536389935,2.6188781207082297,3.3101461901609,0.07865190133348765,0.3543577827385529,-0.7686459590537158,0.5102281534453379,-4.064482825058044,1.7848419548888144,-0.5679752635915643,-0.6304956205728987,0.10990444483759187
755_756,66.0,27,female,-0.5,1696,0.01474056603773585,0.01650943396226415,0.008254716981132075,0.001768867924528302,0.0023584905660377358,0.0011792452830188679,0.34610849056603776,0.4204009433962264,0.0076650943396226415,0.045990566037735846,0.008254716981132075,0.03773584905660377,0.0005896226415094339,0.05660377358490566,0.008254716981132075,0.009433962264150943,0.014150943396226415,0.10104825117941818,0.21227388628964228,-0.4634815515584343,-1.8848672324895945,-1.6335528042086889,-2.2213394691108075,3.2382460450333515,3.4325522359319285,-0.5349405155405789,1.2254684238034002,-0.4634815515584343,1.029035022816764,-2.732165092876798,1.4319128073599776,-0.4634815515584343,-0.3342698200784273,0.06104291656571892
756_757,66.0,27,male,-0.5,887,0.007891770011273957,0.009019165727170236,0.0,0.002254791431792559,0.004509582863585118,0.0,0.22435174746335965,0.5388951521984217,0.012401352874859075,0.05411499436302142,0.010146561443066516,0.02367531003382187,0.0011273957158962795,0.08793686583990981,0.007891770011273957,0.0011273957158962795,0.014656144306651634,-0.22570818609515264,-0.10054504314114698,-2.9337583871973623,-1.3243204747632626,-0.7365338098611431,-2.9337583871973623,3.0552030296925006,3.9300450042555917,0.20173582873178741,1.6409525913060201,0.010680591969078002,0.8274417284961997,-1.8351460985292531,2.1224874181509454,-0.22570818609515264,-1.8351460985292531,0.362078478806966
757_758,88.0,27,female,21.5,779,0.005134788189987163,0.008985879332477536,0.012836970474967908,0.0012836970474967907,0.005134788189987163,0.0025673940949935813,0.4159178433889602,0.32605905006418484,0.025673940949935817,0.01797175866495507,0.012836970474967908,0.0410783055198973,0.0012836970474967907,0.08857509627727857,0.01668806161745828,0.0038510911424903724,0.014120667522464698,-0.9953082335433301,-0.4844826097773387,-0.14801037315612575,-2.093920522211439,-0.9953082335433301,-1.5830948984454487,3.282899905824541,3.0399152056709737,0.5210392558247587,0.17476301910692493,-0.14801037315612575,0.981854459016088,-2.093920522211439,1.7419411222511427,0.10330405512477991,-1.2466226618242358,-0.057038594950399535
758_759,75.0,27,male,8.5,1174,0.015332197614991482,0.004258943781942078,0.054514480408858604,0.0008517887563884157,0.0008517887563884157,0.022146507666098807,0.24872231686541738,0.24616695059625213,0.02555366269165247,0.03236797274275979,0.010221465076660987,0.18739352640545145,0.0,0.1303236797274276,0.005110732538330494,0.004258943781942078,0.01192504258943782,-0.011943534395369326,-1.2249661742412226,1.2369509573220787,-2.524249158371484,-2.524249158371484,0.3474304665125283,2.748750400192263,2.7384410305334015,0.4880124171337177,0.7209439748140904,-0.4039856221713931,2.466183428407253,-3.6228614470395932,2.1039863005476036,-1.057912089578057,-1.2249661742412226,-0.25556561705311953
759_760,71.0,27,female,4.5,860,0.00813953488372093,0.004651162790697674,0.019767441860465116,0.004651162790697674,0.0034883720930232558,0.023255813953488372,0.11395348837209303,0.3453488372093023,0.03372093023255814,0.011627906976744186,0.027906976744186046,0.23488372093023255,0.011627906976744186,0.1325581395348837,0.004651162790697674,0.002325581395348837,0.01744186046511628,-0.8640531018205397,-1.3748787255865302,-0.016755241433335843,-1.3748787255865302,-1.626193153867436,0.14146876378155815,1.7111004258152391,2.8164581026228803,0.5054341409829699,-0.5275808651993268,0.3197169951878771,2.4317837641837894,-0.5275808651993268,1.8616187006314902,-1.3748787255865302,-1.9626653904886489,-0.13811609843760309
75_75,73.0,55,female,16.285714285714285,1110,0.014414414414414415,0.016216216216216217,0.07207207207207207,0.16756756756756758,0.03513513513513514,0.026126126126126126,0.03423423423423423,0.2126126126126126,0.025225225225225224,0.006306306306306306,0.012612612612612612,0.2036036036036036,0.0009009009009009009,0.12342342342342343,0.023423423423423424,0.0018018018018018018,0.024324324324324326,-0.5974353907345189,-0.4830250395567748,0.987461412783464,1.8276354674428164,0.27550490026602237,-0.01640550829527987,0.24986246965268455,2.0651524362909335,-0.05089168436644931,-1.385892751098789,-0.726647122214525,2.0219491732820347,-2.9953306635328896,1.522828145465572,-0.12365103864887761,-2.484505039766899,-0.0866097669685284
760_761,55.0,27,female,-11.5,1444,0.004847645429362881,0.014542936288088643,0.02008310249307479,0.0006925207756232687,0.008310249307479225,0.013157894736842105,0.11634349030470914,0.32825484764542934,0.054016620498614956,0.013850415512465374,0.018698060941828253,0.11911357340720222,0.002077562326869806,0.25554016620498615,0.00554016620498615,0.004847645429362881,0.02008310249307479,-1.2915988449397804,-0.23844893034842807,0.07788839786372925,-2.901036757373881,-0.7807732211737899,-0.3360873999123437,1.8204338843103716,2.8557597525679377,1.0565967593063177,-0.28607697933768206,0.007684139190480721,1.8438953709893693,-2.0537388969866766,2.605648874906212,-1.1664357019857738,-1.2915988449397804,0.07788839786372925
761_762,69.0,27,female,2.5,1175,0.005106382978723404,0.005106382978723404,0.016170212765957447,0.000851063829787234,0.0,0.023829787234042554,0.0774468085106383,0.13531914893617022,0.023829787234042554,0.005106382978723404,0.005106382978723404,0.4246808510638298,0.005106382978723404,0.2246808510638298,0.005957446808510639,0.00851063829787234,0.033191489361702124,-0.9613720669620109,-0.9613720669620109,0.13724022170609906,-2.427709135755438,-3.5263214244235472,0.516729843411003,1.6831647284178737,2.238869678361297,0.516729843411003,-0.9613720669620109,-0.9613720669620109,3.3804333542250062,-0.9613720669620109,2.744667007434752,-0.8182712233213376,-0.48179898670012467,0.8431264280434743
762_763,32.0,27,female,-34.5,1596,0.013157894736842105,0.006265664160401002,0.02819548872180451,0.0,0.005639097744360902,0.0006265664160401002,0.33395989974937346,0.17230576441102757,0.007518796992481203,0.14348370927318296,0.011278195488721804,0.11967418546365914,0.0012531328320802004,0.11403508771929824,0.006265664160401002,0.018796992481203006,0.017543859649122806,-0.13636671729023497,-0.8530443952603743,0.6132926735330528,-3.897566832983798,-0.9531278538173567,-2.798954544315688,3.075039418317956,2.414167976169117,-0.6786910081155968,2.231483377076748,-0.286648920339573,2.0504681561968487,-2.2881289205496964,2.0023305205986945,-0.8530443952603743,0.213307031189514,0.14548443485075246
764_765,65.0,28,female,4.0,3143,0.02768055997454661,0.021953547566019728,0.13267578746420616,0.002545338848234171,0.002545338848234171,0.004454342984409799,0.2949411390391346,0.21062678969137766,0.014317531021317213,0.050906776964683424,0.019726376073814826,0.08463251670378619,0.0009545020680878142,0.08876869233216672,0.030544066178810055,0.005408845052497614,0.007317849188673242,0.2880446134002428,0.05773257260742071,1.8506903643275843,-2.0435280164670555,-2.0435280164670555,-1.509445530536797,2.6488986145182642,2.3124263778970513,-0.36588185400642104,0.8946997626067446,-0.04842762322097016,1.4017800636425735,-2.930831211467958,1.449408112631828,0.3859488283816144,-1.3213932990338577,-1.0265937588132124
765_766,72.0,28,male,11.0,2617,0.04356132976690867,0.027130301872372947,0.14405808177302254,0.0015284677111196026,0.003439052350019106,0.009170806266717615,0.2457011845624761,0.18761941153993122,0.023691249522353842,0.032097821933511655,0.009935040122277417,0.13144822315628582,0.0007642338555598013,0.09820405043943446,0.023691249522353842,0.00573175391669851,0.01222774168895682,0.6771640490253081,0.20628667573097603,1.8701597947200932,-2.5593333771927123,-1.8121189753624911,-0.8647376564183045,2.4035112530671956,2.134051165618235,0.07175578277336969,0.3733407603941421,-0.7862660409768099,1.7786833164847273,-3.147120042094831,1.487608946134805,0.07175578277336969,-1.322570750043785,-0.5821706846332946
766_767,41.0,28,male,-20.0,1192,0.02936241610738255,0.028523489932885907,0.034395973154362415,0.003355704697986577,0.0025167785234899327,0.0016778523489932886,0.1669463087248322,0.19630872483221476,0.020134228187919462,0.07802013422818792,0.026006711409395974,0.17785234899328858,0.0,0.18708053691275167,0.02348993288590604,0.008389261744966443,0.015939597315436243,0.3227027846778272,0.2941294122337714,0.47886351543311,-1.7427525150272687,-1.9940669433081752,-2.3305391799293873,2.0489843245263755,2.210625676082791,-0.04815679425286179,1.2911315244910986,0.20315763402804476,2.112112076560929,-3.939977092363488,2.162581502250081,0.10307417547106201,-0.8954546546400652,-0.2764154462338415
767_768,47.0,28,female,-14.0,1884,0.013800424628450107,0.03078556263269639,0.05042462845010616,0.002653927813163482,0.006900212314225053,0.009554140127388535,0.20435244161358812,0.2361995753715499,0.029723991507430998,0.05201698513800425,0.037154989384288746,0.09182590233545647,0.0031847133757961785,0.16825902335456475,0.03131634819532909,0.014861995753715499,0.016985138004246284,-0.7093101296154587,0.08257189163017564,0.5726713848790497,-2.2817067703692095,-1.383765177163251,-1.0686841305233554,1.968086330395749,2.112742384303229,0.047785775544760156,0.6036016855704083,0.2691578472105878,1.1697227367792786,-2.114652685706044,1.7740229557251113,0.09952144994394896,-0.63655077533303,-0.5052147732719434
769_770,62.0,27,female,-4.5,935,0.0074866310160427805,0.016042780748663103,0.027807486631016044,0.0021390374331550803,0.0021390374331550803,0.06096256684491978,0.07165775401069518,0.23315508021390374,0.006417112299465241,0.009625668449197862,0.0,0.35614973262032085,0.0,0.11229946524064172,0.0042780748663101605,0.07379679144385026,0.016042780748663103,-0.6443655328317117,0.08157147055122493,0.6178761796182002,-1.7429778214998208,-1.7429778214998208,1.3925163944293284,1.5528590445045078,2.7275174611616686,-0.787466376472385,-0.4079767547674811,-3.3524157339339213,3.150374311981702,-3.3524157339339213,1.9994423995421449,-1.1551911565977022,1.5820581991967702,0.08157147055122493
76_76,73.0,61,male,17.230769230769234,771,0.35667963683527887,0.023346303501945526,0.014267185473411154,0.010376134889753566,0.0,0.0025940337224383916,0.14396887159533073,0.20492866407263294,0.02594033722438392,0.04409857328145266,0.03761348897535668,0.07652399481193256,0.0025940337224383916,0.02594033722438392,0.018158236057068743,0.009079118028534372,0.0038910505836575876,2.8520008440261373,0.1511839475174468,-0.3242397491976279,-0.6265206210705614,-3.4597339651267776,-1.850296052692677,1.9474378063333413,2.299167808750503,0.2538381015775304,0.7743725394704821,0.6178034787789422,1.319389527984752,-1.850296052692677,0.2538381015775304,-0.09243813514030341,-0.751683764024567,-1.513823816071464
770_771,55.0,27,female,-11.5,860,0.009302325581395349,0.027906976744186046,0.02558139534883721,0.00813953488372093,0.011627906976744186,0.002325581395348837,0.2127906976744186,0.27325581395348836,0.011627906976744186,0.018604651162790697,0.0034883720930232558,0.04186046511627907,0.018604651162790697,0.2616279069767442,0.010465116279069767,0.010465116279069767,0.05232558139534884,-0.8573183371485116,0.20128861690589872,0.11613080856559188,-0.9824814801025181,-0.6460092434813052,-2.0810937687706272,2.2148301668498425,2.4643264128116895,-0.6460092434813052,-0.1940241197382475,-1.7446215321494143,0.5999277599436632,-0.1940241197382475,2.4209356582979504,-0.7460927020382875,-0.7460927020382875,0.820327825312122
771_772,66.0,28,male,5.0,1460,0.01643835616438356,0.014383561643835616,0.1,0.002054794520547945,0.0006849315068493151,0.015068493150684932,0.136986301369863,0.2863013698630137,0.021232876712328767,0.026027397260273973,0.014383561643835616,0.25616438356164384,0.0013698630136986301,0.0547945205479452,0.024657534246575342,0.01643835616438356,0.013013698630136987,-0.24416360532315462,-0.3747837877402187,1.5441887055832861,-2.190073754378468,-3.0373716147656715,-0.3293214136634619,1.8579775238727878,2.593840167055694,0.00715082295775149,0.2078215184199026,-0.3747837877402187,2.4827550800834386,-2.526545990999681,0.9454204615506816,0.15447553771460987,-0.24416360532315462,-0.47242225730413523
772_773,52.0,28,female,-9.0,2398,0.030859049207673062,0.05004170141784821,0.05004170141784821,0.007089241034195163,0.012093411175979984,0.013344453711426188,0.13427856547122602,0.329441201000834,0.0408673894912427,0.03669724770642202,0.011259382819015847,0.08590492076730609,0.003336113427856547,0.16055045871559634,0.0158465387823186,0.0050041701417848205,0.013344453711426188,0.10253568382986078,0.5833863113750568,0.5833863113750568,-1.3460625606261845,-0.8238731782098787,-0.7270233522199616,1.567839694680174,2.4644022150938736,0.3817931066223901,0.27473911045823085,-0.8940774368831272,1.1220369708454343,-2.0681972780593822,1.746277751447731,-0.5576052002619143,-1.6825347972473974,-0.7270233522199616
773_774,61.0,28,female,0.0,2726,0.041085840058694055,0.04181951577402788,0.10564930300807043,0.00293470286133529,0.0062362435803374906,0.00293470286133529,0.26412325752017607,0.26962582538517976,0.019075568598679385,0.04218635363169479,0.019442406456346296,0.06823184152604549,0.0007336757153338225,0.06639765223771094,0.03338224504768892,0.0062362435803374906,0.009904622157006602,0.5947460963504869,0.6123676977003063,1.5364879606541662,-1.9881409617977175,-1.2660062443645197,-1.9881409617977175,2.4517382901455886,2.4723434147475043,-0.16739395569641013,0.62106340466786,-0.14852547139202743,1.1002241137898823,-3.211916393419833,1.0730485284109172,0.3881318469874877,-1.2660062443645197,-0.8140211206214625
774_775,71.0,28,male,10.0,1723,0.04468949506674405,0.02089378990133488,0.042948345908299476,0.0011607661056297156,0.0,0.013348810214741729,0.16192687173534534,0.2170632617527568,0.019152640742890307,0.04410911201392919,0.023215322112594312,0.1868833430063842,0.0011607661056297156,0.1746952988972722,0.02901915264074289,0.0075449796865931515,0.012188044109112013,0.7772693842850331,0.024303708514177735,0.737790573311246,-2.6567178202001127,-4.266155732634214,-0.4160081309241548,2.059993740520886,2.352583250883006,-0.06146311324324749,0.7642821887582221,0.12829342203822547,2.2030945841615592,-2.6567178202001127,2.1357614640929725,0.348964784207046,-0.9703188666298841,-0.5049556169406513
776_777,74.0,28,male,13.0,867,0.0034602076124567475,0.00922722029988466,0.0265282583621684,0.0,0.010380622837370242,0.0011534025374855825,0.3102652825836217,0.31833910034602075,0.01384083044982699,0.02306805074971165,0.02306805074971165,0.05536332179930796,0.0,0.13264129181084197,0.03575547866205306,0.006920415224913495,0.029988465974625143,-1.3846145909326086,-0.4973113959317059,0.5196228617221368,-3.330524739987922,-0.3860857608214818,-2.231912451319812,2.9591908309210755,2.984833261534413,-0.11164891511972108,0.38304732671638586,0.38304732671638586,1.2441862385154607,-3.330524739987922,2.1118929705338716,0.8126099864036109,-0.7655753825263849,0.6397671735641999
779_780,52.0,29,male,-13.666666666666671,1283,0.010911925175370226,0.018706157443491817,0.08651597817614964,0.005455962587685113,0.000779423226812159,0.012470771628994544,0.20420888542478566,0.21590023382696805,0.018706157443491817,0.05066250974279034,0.014029618082618862,0.2166796570537802,0.001558846453624318,0.07872174590802807,0.004676539360872954,0.02494154325798909,0.03507404520654715,-0.7165374127408954,-0.19201294461674268,1.3233385287327497,-1.3757830416251586,-2.985220954059259,-0.5873256812608885,2.1795650198642544,2.2351348710190653,-0.19201294461674268,0.7913640804737825,-0.47291533008314435,2.238731997199915,-2.4743953302932686,1.229372736314418,-1.518883885265832,0.0905540271682681,0.42702626378948105
77_77,40.0,61,male,-15.769230769230766,1370,0.006569343065693431,0.010948905109489052,0.020437956204379562,0.010948905109489052,0.006569343065693431,0.006569343065693431,0.19124087591240876,0.31605839416058396,0.027007299270072994,0.08029197080291971,0.06788321167883211,0.09781021897810219,0.0036496350364963502,0.12481751824817518,0.010948905109489052,0.0072992700729927005,0.010948905109489052,-1.2592300344714924,-0.7696818091527864,-0.1606177458033824,-0.7696818091527864,-1.2592300344714924,-1.2592300344714924,2.0597292489536914,2.5613699631426092,0.1138190998983779,1.1944936878798202,1.0274396032166542,1.3910423659639068,-1.805773740839562,1.6340614335280073,-0.7696818091527864,-1.1591465759145092,-0.7696818091527864
780_781,60.0,29,female,-5.666666666666671,704,0.02130681818181818,0.029829545454545456,0.05965909090909091,0.004261363636363636,0.011363636363636364,0.03551136363636364,0.22443181818181818,0.3053977272727273,0.008522727272727272,0.03977272727272727,0.011363636363636364,0.08238636363636363,0.0,0.10795454545454546,0.008522727272727272,0.017045454545454544,0.032670454545454544,-0.15669492351886527,0.17051798768955084,0.8519691284863047,-1.6447719789486985,-0.7574687839477958,0.3411435047203142,2.168219645873269,2.4754259620997363,-1.0257327705424748,0.4523691398305387,-0.7574687839477958,1.1714918067937443,-3.590682128004012,1.4397557933884237,-1.0257327705424748,-0.371806303135811,0.2594654737060469
781_782,76.0,29,female,10.333333333333329,2249,0.3637172076478435,0.048465984882169855,0.05380168963983993,0.032458870609159626,0.013783903957314362,0.0022232103156958646,0.08670520231213873,0.154290795909293,0.012449977767896843,0.0493552690084482,0.008892841262783458,0.07381058248110271,0.0031124944419742106,0.0773677189862161,0.004446420631391729,0.004446420631391729,0.01067140951534015,2.7039875988482818,0.6924387512936478,0.7964284648176956,0.29379960825588336,-0.5534982521313205,-2.2987377057244824,1.2720745814625127,1.847278867041939,-0.6535817106883028,0.7105387929372657,-0.9830609118185452,1.1115095114575908,-1.9885827774206426,1.1584389436795743,-1.6521105407994296,-1.6521105407994296,-0.8048126804122262
782_783,73.0,29,female,7.333333333333329,1179,0.019508057675996608,0.04580152671755725,0.13231552162849872,0.01272264631043257,0.0008481764206955047,0.011874469889737066,0.181509754028838,0.23240033927056827,0.002544529262086514,0.01272264631043257,0.020356234096692113,0.15776081424936386,0.0008481764206955047,0.11450381679389313,0.01102629346904156,0.021204410517387615,0.02205258693808312,-0.12921304247700727,0.7119872380420778,1.7668425463530872,-0.5453734397019199,-2.880748355518956,-0.6120648142005916,2.082096274740951,2.3287377973224648,-2.0334504951317527,-0.5453734397019199,-0.08754034607643923,1.9422177754567496,-2.880748355518956,1.622758176692635,-0.683523778182737,-0.04753501146274042,-0.009068730634944178
783_784,79.0,29,female,13.333333333333329,1654,0.0761789600967352,0.03869407496977025,0.2309552599758162,0.013905683192261185,0.004232164449818622,0.004232164449818622,0.0761789600967352,0.2351874244256348,0.015114873035066506,0.020556227327690448,0.0048367593712212815,0.04836759371221282,0.004232164449818622,0.19105199516324062,0.009673518742442563,0.005441354292623942,0.021160822249093107,1.1549528326856757,0.48137574831982777,2.261439177784691,-0.5282890543317862,-1.6703864549396341,-1.6703864549396341,1.1549528326856757,2.2795743898289036,-0.44661102331751845,-0.14433015144458494,-1.5452233119856285,0.7029677089426185,-1.6703864549396341,2.072033766102332,-0.881929094575364,-1.4339976768754044,-0.11575677900052916
784_785,60.0,29,female,-5.666666666666671,1208,0.009105960264900662,0.0074503311258278145,0.02566225165562914,0.0016556291390728477,0.0041390728476821195,0.0074503311258278145,0.18625827814569537,0.375,0.02152317880794702,0.05380794701986755,0.01076158940397351,0.15397350993377484,0.0033112582781456954,0.10596026490066225,0.01076158940397351,0.0041390728476821195,0.01903973509933775,-0.7144784194031715,-0.9055336561658809,0.293162091059211,-2.2405347228982215,-1.4520773625339505,-0.9055336561658809,2.2614947041703566,2.960169814782815,0.12031927821980037,1.02522468786883,-0.5541357693279929,2.071605784311494,-1.652748057996102,1.6991034495628985,-0.5541357693279929,-1.4520773625339505,0.00017496637773728452
786_787,76.0,29,female,10.333333333333329,1716,0.02564102564102564,0.02564102564102564,0.1794871794871795,0.016317016317016316,0.0034965034965034965,0.007575757575757576,0.18006993006993008,0.21503496503496503,0.012237762237762238,0.014568764568764568,0.01048951048951049,0.11771561771561771,0.002331002331002331,0.13636363636363635,0.02097902097902098,0.009906759906759906,0.022144522144522144,0.007186166982402931,0.007186166982402931,1.9434188211556511,-0.4383989349151869,-1.9165008452882,-1.185613336745408,1.9466550699348595,2.1238477181984647,-0.7202500870561743,-0.549624570025411,-0.8705322901055124,1.5224368643568025,-2.284225625413517,1.6691525656965427,-0.19099076160134576,-0.9261021412603232,-0.13764478089605303
787_788,62.0,29,female,-3.6666666666666714,1041,0.024975984630163303,0.026897214217098942,0.06724303554274735,0.0009606147934678194,0.004803073967339097,0.03554274735830932,0.2920268972142171,0.25360230547550433,0.02881844380403458,0.03554274735830932,0.01729106628242075,0.06820365033621517,0.0009606147934678194,0.09990393852065321,0.01536983669548511,0.0019212295869356388,0.025936599423631124,0.08704160962767649,0.1598009639101048,1.065509586453723,-2.7846380152563355,-1.4853550311260748,0.4342378096118651,2.5285679637854517,2.3877381279338543,0.22762356024886587,0.4342378096118651,-0.2723323912802207,1.079594326335462,-2.7846380152563355,1.459083948040366,-0.3867427424579648,-2.273812391490345,0.1240828813080257
788_789,73.0,29,male,7.333333333333329,1343,0.017870439314966492,0.017870439314966492,0.1340282948622487,0.016381236038719285,0.007446016381236039,0.0014892032762472078,0.22263588979895757,0.23529411764705882,0.007446016381236039,0.02531645569620253,0.018615040953090096,0.06924795234549516,0.0,0.17647058823529413,0.012658227848101266,0.012658227848101266,0.024571854058078928,-0.16107029912735182,-0.16107029912735182,1.8359873610949022,-0.2462281074676591,-1.0083681595145553,-2.4434526848038782,2.3423710008774705,2.397579824906198,-1.0083681595145553,0.18121590735928095,-0.121064964513653,1.178218019616608,-4.052890597237979,2.1104242067966625,-0.4975425357485648,-0.4975425357485648,0.15180202215298744
789_790,61.0,29,male,-4.666666666666671,1025,0.03219512195121951,0.05365853658536585,0.045853658536585365,0.024390243902439025,0.00975609756097561,0.002926829268292683,0.2097560975609756,0.19121951219512195,0.010731707317073172,0.10536585365853658,0.013658536585365854,0.07804878048780488,0.005853658536585366,0.17073170731707318,0.00878048780487805,0.007804878048780488,0.02926829268292683,0.10418502135897567,0.6090226032803439,0.45336929356855027,-0.16868196530766477,-1.0559851603085675,-2.1545974489766775,1.9656004920717574,1.8733020138372707,-0.9650133821028404,1.2793897555084692,-0.7332117680455164,0.9808967669524726,-1.5355582405704538,1.7602786254338754,-1.1560686188655498,-1.2672942539757748,0.010366266141320857
78_78,38.0,61,male,-17.769230769230766,1168,0.02226027397260274,0.05136986301369863,0.04965753424657534,0.031678082191780824,0.011986301369863013,0.0,0.1344178082191781,0.2705479452054795,0.028253424657534245,0.0351027397260274,0.02054794520547945,0.11986301369863013,0.02054794520547945,0.1583904109589041,0.012842465753424657,0.012842465753424657,0.019691780821917807,-0.27064549612255817,0.5548531359220612,0.5212365251230762,0.07655070386163043,-0.873641579688206,-4.24093740967468,1.5116352291509534,2.209533012469496,-0.036244790283713524,0.17790319812191813,-0.34911711156405323,1.3974172596590662,-0.34911711156405323,1.6752646529327553,-0.8069502051895334,-0.8069502051895334,-0.39078980796462126
790_791,76.0,29,male,10.333333333333329,1342,0.020864381520119227,0.038748137108792845,0.12518628912071536,0.040238450074515646,0.020864381520119227,0.0037257824143070045,0.19523099850968703,0.23397913561847988,0.009687034277198211,0.01713859910581222,0.00894187779433681,0.019374068554396422,0.01564828614008942,0.19597615499254845,0.026825633383010434,0.005216095380029807,0.022354694485842028,-0.2998813714179267,0.31102771090504655,1.477150291099885,0.34841524297666693,-0.2998813714179267,-1.9450373664541063,1.9204656233391468,2.101198617447964,-1.0470957732481478,-0.49278503754241854,-1.124056814384276,-0.372640725700355,-0.5817325235589141,1.9242679092888855,-0.05247319810408557,-1.6348824381502665,-0.2320587750791656
791_792,40.0,29,male,-25.66666666666667,2007,0.018933731938216243,0.03089187842551071,0.0229197807673144,0.015944195316392625,0.001993024414549078,0.028898854010961636,0.2526158445440957,0.18684603886397608,0.017937219730941704,0.10214250124564025,0.004982561036372696,0.13851519681116092,0.013951170901843548,0.12506228201295466,0.009965122072745391,0.005480817140009965,0.0229197807673144,-0.3446652560636818,0.13984305938493558,-0.15587118476410966,-0.5140834080217282,-2.491246100581146,0.07370325688039037,2.234173213558522,1.9329349738467692,-0.3980112367689741,1.3301225365788691,-1.6439482401939425,1.6340945620099183,-0.6454194100828157,1.5321194921823738,-0.974898611213058,-1.5529764619882163,-0.15587118476410966
793_794,78.0,30,female,4.538461538461533,1467,0.6094069529652352,0.010906612133605999,0.2092706203135651,0.0013633265167007499,0.0013633265167007499,0.002044989775051125,0.049079754601226995,0.04839809134287662,0.0054533060668029995,0.0027266530334014998,0.0006816632583503749,0.012269938650306749,0.0,0.03612815269256987,0.0054533060668029995,0.0027266530334014998,0.0027266530334014998,4.303978806139246,0.3110742840970069,3.2361889904370447,-1.5759953649353724,-1.5759953649353724,-1.2395231283141595,1.7913004650511013,1.777411352890434,-0.35221993331325674,-0.9882087000332538,-2.086820988701364,0.425484635274751,-3.185433277369473,1.4873955570924329,-0.35221993331325674,-0.9882087000332538,-0.9882087000332538
794_795,39.0,9,male,-30.35714285714286,928,0.008620689655172414,0.020474137931034482,0.05387931034482758,0.022629310344827586,0.004310344827586207,0.00646551724137931,0.2349137931034483,0.1713362068965517,0.021551724137931036,0.0603448275862069,0.010775862068965518,0.13900862068965517,0.011853448275862068,0.19504310344827586,0.01293103448275862,0.00646551724137931,0.01939655172413793,-1.1048657374382809,-0.27451743536485074,0.6770414353467622,-0.17687896580093465,-1.740854504158278,-1.3731297240329607,2.1418541136010933,1.8271120212903476,-0.22450701479018909,0.7893087372178433,-0.8935566437710745,1.6187489802050405,-0.8025848655653474,1.9563237527703536,-0.719203256626296,-1.3731297240329607,-0.3271611688502727
795_796,73.0,9,female,3.642857142857139,1159,0.023295944779982744,0.023295944779982744,0.029335634167385678,0.03882657463330457,0.007765314926660914,0.004314063848144953,0.35634167385677307,0.16738567730802417,0.06902502157031924,0.04659188955996549,0.013805004314063849,0.06643658326143227,0.014667817083692839,0.09577221742881795,0.007765314926660914,0.009490940465918895,0.025884383088869714,-0.24262931417951528,-0.24262931417951528,-0.01585599481472677,0.26089700710486374,-1.3055235202455453,-1.8520672266136158,2.467842195611705,1.71361684420646,0.8314418655724767,0.44138538281715745,-0.7534549379455058,0.7934626175072603,-0.6946144379225725,1.1572092720481324,-1.3055235202455453,-1.1144682834828368,-0.1390886352386751
796_797,64.0,9,male,-5.357142857142861,1211,0.026424442609413706,0.033856317093311314,0.0495458298926507,0.05697770437654831,0.023121387283236993,0.0016515276630883566,0.2625928984310487,0.16845582163501238,0.02559867877786953,0.06275805119735756,0.007431874483897605,0.06275805119735756,0.03633360858794385,0.1486374896779521,0.013212221304706853,0.005780346820809248,0.01486374896779521,-0.166077783041072,0.07837555485988901,0.4553254926600321,0.5940088801939827,-0.297413785102159,-2.7310271405026083,2.1163046026354544,1.673250103106093,-0.19733032654517624,0.6899728684557265,-1.3960260737702685,0.6899728684557265,0.14817131679543083,1.548412905396172,-0.843957491470229,-1.6324148518344992,-0.7295471402924849
797_798,75.0,9,female,5.642857142857139,1430,0.007692307692307693,0.00909090909090909,0.0965034965034965,0.015384615384615385,0.0034965034965034965,0.005594405594405594,0.26853146853146853,0.31258741258741257,0.01048951048951049,0.01048951048951049,0.0034965034965034965,0.03636363636363636,0.0,0.193006993006993,0.012587412587412588,0.0048951048951048955,0.009790209790209791,-0.6560638052301231,-0.49572115515494364,1.8324594850280653,0.015104468611046862,-1.393662748360902,-0.9583446771030566,2.8535329483463707,3.0052656971155827,-0.3575708166741265,-0.3575708166741265,-1.393662748360902,0.8624023289982503,-3.7915580211592728,2.5237999803630617,-0.18064010851504886,-1.0835078200570631,-0.42426219117279906
798_799,60.0,9,male,-9.357142857142861,875,0.014857142857142857,0.04,0.05828571428571429,0.03428571428571429,0.005714285714285714,0.064,0.1382857142857143,0.256,0.04342857142857143,0.02857142857142857,0.08,0.11771428571428572,0.005714285714285714,0.072,0.021714285714285714,0.0034285714285714284,0.016,-0.8103658834481444,0.1564771275888419,0.5285262387771623,0.00467111472083781,-1.7083074766541029,0.6211850692598673,1.386858693888075,2.000820138289781,0.23760267240121058,-0.17437711672814782,0.8425571409256949,1.2265160438128957,-1.7083074766541029,0.7379843370061177,-0.4426411033228268,-2.16029260039716,-0.7389069194659998
799_800,70.0,9,male,0.6428571428571388,1156,0.04238754325259515,0.025951557093425604,0.026816608996539794,0.078719723183391,0.02768166089965398,0.03200692041522491,0.12802768166089964,0.1583044982698962,0.014705882352941176,0.026816608996539794,0.004325259515570935,0.09429065743944637,0.009515570934256055,0.31747404844290655,0.005190311418685121,0.004325259515570935,0.0034602076124567475,0.4462688103072949,-0.03797717565398395,-0.005716313435762288,1.0606351130141256,0.025536230068341936,0.16863707370901526,1.5448810989754045,1.7565108082272751,-0.5935029783378813,-0.005716313435762288,-1.7509557670289246,1.2402206899892056,-1.0133568238981456,2.4510194593855417,-1.5839016823657581,-1.7509557670289246,-1.9516264624910753
79_79,60.0,61,female,4.2307692307692335,1043,0.016299137104506232,0.032598274209012464,0.05752636625119847,0.006711409395973154,0.004793863854266539,0.005752636625119847,0.27325023969319273,0.24161073825503357,0.030680728667305847,0.08437200383509108,0.014381591562799617,0.04410354745925216,0.005752636625119847,0.13902205177372962,0.019175455417066157,0.009587727708533078,0.014381591562799617,-0.4785087394300378,0.20024970367780792,0.7619337446772896,-1.3258065998172412,-1.635961528121081,-1.4689074434579146,2.3135324087365587,2.1907016283559084,0.14053046897618549,1.1422929316543775,-0.5998695964343055,0.4987426922338045,-1.4689074434579146,1.639466466252041,-0.3202847342151438,-0.9893343631960283,-0.5998695964343055
7_7,74.0,67,female,10.230769230769234,1253,0.008778930566640064,0.0111731843575419,0.0710295291300878,0.0039904229848363925,0.0023942537909018356,0.0015961691939345571,0.33280127693535516,0.22585794094173983,0.010375099760574621,0.029529130087789304,0.00558659217877095,0.1484437350359138,0.0039904229848363925,0.10454908220271349,0.026336791699920193,0.0031923383878691143,0.010375099760574621,-0.6657979712836193,-0.43399635722629526,1.386093618627986,-1.4033969144143992,-1.8553820381574555,-2.1918542747786693,2.926139537638086,2.5390671165149827,-0.5054553212084398,0.5161959263235412,-1.0932419861105593,2.120286232431046,-1.4033969144143992,1.7708618449649953,0.40340043217819677,-1.6040676098765498,-0.5054553212084398
800_801,37.0,9,female,-32.35714285714286,1397,0.023622047244094488,0.010737294201861132,0.07587687902648532,0.004294917680744453,0.00572655690765927,0.006442376521116679,0.23550465282748748,0.25053686471009307,0.019327129563350035,0.13314244810307801,0.013600572655690766,0.025769506084466716,0.010021474588403722,0.15032211882605584,0.008589835361488905,0.014316392269148175,0.012168933428775949,-0.04039340417914694,-0.8110988190849668,1.1162061421393124,-1.680136666108576,-1.411872679513897,-1.3006470444036728,2.2456375109323945,2.3074218634644774,-0.23775283833764194,1.6764923960737024,-0.5815243774404668,0.045373417578278286,-0.8777901935836385,1.7975468101122685,-1.026210198701912,-0.5315139568658052,-0.6897379620806992
801_802,76.0,9,female,6.642857142857139,1201,0.020815986677768527,0.01582014987510408,0.23397169025811823,0.0033305578684429643,0.0033305578684429643,0.004995836802664446,0.22398001665278935,0.25645295587010825,0.020815986677768527,0.01665278934221482,0.009159034138218152,0.05995004163197336,0.002497918401332223,0.0749375520399667,0.010824313072439634,0.02331390507910075,0.019150707743547043,-0.05015781360452465,-0.31842180019920363,2.3512961818108398,-1.7847588689926308,-1.7847588689926308,-1.4170340888673136,2.3077321245801468,2.4428855775765372,-0.05015781360452465,-0.26841137962454287,-0.8464892303997003,0.9947502960917238,-2.0360732972735374,1.2165135849369753,-0.6861465803245217,0.06106782150569989,-0.13183584461879194
802_803,70.0,14,male,7.857142857142854,1027,0.005842259006815969,0.005842259006815969,0.08958130477117819,0.04089581304771178,0.019474196689386564,0.011684518013631937,0.035053554040895815,0.25803310613437197,0.022395326192794548,0.005842259006815969,0.02044790652385589,0.3914313534566699,0.0029211295034079843,0.06621226874391431,0.012658227848101266,0.0038948393378773127,0.007789678675754625,-1.2203377228336674,-1.2203377228336674,1.4350687447831207,0.6573641761951121,-0.0717150135908966,-0.5664112554270035,0.5051723608531868,2.4894749409467347,0.06486052141485432,-1.2203377228336674,-0.024086964601641725,2.905555197123359,-1.839376931239891,1.134693845532921,-0.48945021429087543,-1.5880625029589845,-0.9520737362389884
803_804,54.0,14,female,-8.142857142857146,1174,0.0034071550255536627,0.007666098807495741,0.12350936967632027,0.022998296422487224,0.039182282793867124,0.0017035775127768314,0.3441226575809199,0.2444633730834753,0.0008517887563884157,0.019591141396933562,0.00596252129471891,0.0068143100511073255,0.0,0.13969335604770017,0.017035775127768313,0.0,0.022998296422487224,-1.2158055879925191,-0.468591186162298,2.260293101842754,0.5943030199037325,1.1195693278245176,-1.8035922528946378,3.282768751729753,2.941339875468612,-2.314417876660629,0.43711743638132017,-0.7049799642265286,-0.5798168212725221,-3.4130301653287383,2.3830275854366336,0.3005419013755697,-3.4130301653287383,0.5943030199037325
804_805,53.0,14,male,-9.142857142857146,1101,0.04450499545867393,0.03814713896457766,0.04087193460490463,0.013623978201634877,0.015440508628519528,0.0018165304268846503,0.16621253405994552,0.2198001816530427,0.02815622161671208,0.0681198910081744,0.009990917347865577,0.18891916439600362,0.008174386920980926,0.10263396911898275,0.012715712988192553,0.030881017257039057,0.009990917347865577,0.3791083749206128,0.22663978127633921,0.29484803130287274,-0.7820242707288307,-0.6606634137245639,-2.6065735627798765,1.689350372840593,1.968137415723506,-0.07287674882244444,0.8012683616009473,-1.0805172592848273,1.8170747465848243,-1.2715724960475367,1.2089385422674255,-0.8487156452275033,0.018095029383282224,-1.0805172592848273
805_806,57.0,15,male,-4.307692307692307,845,0.01301775147928994,0.01775147928994083,0.01775147928994083,0.001183431952662722,0.020118343195266272,0.021301775147928994,0.18106508875739644,0.20118343195266272,0.01301775147928994,0.010650887573964497,0.01301775147928994,0.2331360946745562,0.0035502958579881655,0.17633136094674556,0.008284023668639054,0.04970414201183432,0.01893491124260355,-0.5889147858357195,-0.29042179727972295,-0.29042179727972295,-2.625796713096759,-0.16906094027545526,-0.11349108912064443,2.002438745822328,2.1074734755186477,-0.5889147858357195,-0.779970022598429,-0.5889147858357195,2.254476763136253,-1.7784988527095558,1.9760345716258174,-1.0163588006626587,0.7182422547254474,-0.227901440298389
806_807,49.0,15,male,-12.307692307692307,1206,0.03980099502487562,0.04477611940298507,0.07131011608623548,0.011608623548922056,0.0,0.017412935323383085,0.19900497512437812,0.25456053067993367,0.012437810945273632,0.10199004975124377,0.03897180762852405,0.07048092868988391,0.0024875621890547263,0.08955223880597014,0.014925373134328358,0.022388059701492536,0.008291873963515755,0.41160315696015726,0.5282400606859183,0.9901837729545537,-0.795811991556751,-4.163107821543226,-0.40190770584966273,2.012759448562536,2.2585144462632925,-0.7291206170580793,1.3462805150847519,0.39076907005731565,0.9785557349594347,-2.217197672487912,1.2167895319972342,-0.5521899088990008,-0.1557746363107544,-1.118585383819802
807_808,35.0,15,female,-26.307692307692307,930,0.015053763440860216,0.01935483870967742,0.06989247311827956,0.0032258064516129032,0.002150537634408602,0.004301075268817204,0.31827956989247314,0.22473118279569892,0.026881720430107527,0.10215053763440861,0.025806451612903226,0.0978494623655914,0.001075268817204301,0.047311827956989246,0.012903225806451613,0.013978494623655914,0.015053763440860216,-0.3846872120464435,-0.14106512938869287,1.123214281168234,-1.8060728929776038,-2.1425451295988167,-1.554758464696698,2.633211356964808,2.28588787788922,0.1798425906914085,1.5002903860137122,0.13983725607770925,1.4575031108085037,-2.653370753364808,0.7366533276992224,-0.5331072171647171,-0.4561461760285881,-0.3846872120464435
808_809,40.0,15,female,-21.307692307692307,1198,0.028380634390651086,0.07595993322203673,0.05509181969949917,0.008347245409015025,0.0,0.00333889816360601,0.34808013355592654,0.17362270450751252,0.015025041736227046,0.10851419031719532,0.02003338898163606,0.07679465776293823,0.0008347245409015025,0.04257095158597663,0.018363939899833055,0.012520868113522538,0.012520868113522538,0.29105948305820384,1.2664391313023655,0.9473021066826979,-0.8985245838156328,-3.9430470215390554,-1.7458224442028363,2.7843847033118,2.0900392002597457,-0.3321291088948315,1.6214733857836379,-0.05122672342842893,1.277308803539269,-2.8444347328709463,0.69168196669058,-0.13638453176873577,-0.5090598170539091,-0.5090598170539091
809_810,49.0,15,female,-12.307692307692307,1602,0.009363295880149813,0.03620474406991261,0.02372034956304619,0.05493133583021224,0.009363295880149813,0.0749063670411985,0.046192259675405745,0.19662921348314608,0.08614232209737828,0.012484394506866416,0.03682896379525593,0.2571785268414482,0.011860174781523096,0.1104868913857678,0.006242197253433208,0.016853932584269662,0.010611735330836454,-1.216667629194919,0.11151910111769148,-0.30684941182638115,0.5254948988937644,-1.216667629194919,0.83414209981059,0.35329147226539437,1.7966510288611484,0.9733626725072737,-0.9370827669757573,0.1284686594314648,2.064728552654616,-0.9870931875504181,1.2214629557953507,-1.6061323959566418,-0.6433216484475941,-1.0953067721906513
810_811,77.0,12,female,11.0,1060,0.009433962264150943,0.018867924528301886,0.0660377358490566,0.016037735849056604,0.033962264150943396,0.0047169811320754715,0.3886792452830189,0.18396226415094338,0.027358490566037737,0.04716981132075472,0.0037735849056603774,0.1009433962264151,0.0009433962264150943,0.05849056603773585,0.022641509433962263,0.0047169811320754715,0.012264150943396227,-0.8618097473152071,-0.1927601183343226,1.0424277053395379,-0.3509841235492166,0.38412725610976084,-1.5084369122402599,2.8090512012960507,2.0623753749467353,0.17120525886708915,0.7087883318026291,-1.7091076077024105,1.4643058430890323,-2.8077198963705206,0.9219815522636705,-0.014511886928003648,-1.5084369122402599,-0.6104953190343014
811_812,50.0,12,male,-16.0,1197,0.023391812865497075,0.03926482873851295,0.03926482873851295,0.020885547201336674,0.015037593984962405,0.006683375104427736,0.1595655806182122,0.28404344193817876,0.020885547201336674,0.07769423558897243,0.03007518796992481,0.11445279866332497,0.003341687552213868,0.11862990810359231,0.018379281537176273,0.010025062656641603,0.018379281537176273,-0.2952098254712232,0.2156157982947673,0.2156157982947673,-0.40643546058144775,-0.7273431806615491,-1.5050477492495578,1.6097738958748724,2.185301212843739,-0.40643546058144775,0.8928475235488134,-0.04780165215738208,1.2785100043607978,-2.141036515969554,1.3142280869628773,-0.5315986035354539,-1.119385268437573,-0.5315986035354539
812_813,51.0,12,female,-15.0,1319,0.024260803639120546,0.02047005307050796,0.05989385898407885,0.006065200909780136,0.0075815011372251705,0.000758150113722517,0.14556482183472327,0.4177407126611069,0.017437452615617893,0.05686125852918878,0.02350265352539803,0.012130401819560273,0.02047005307050796,0.155420773313116,0.01819560272934041,0.00530705079605762,0.008339651250947688,0.08883633327263274,-0.07821775139053333,0.983353265597227,-1.2523375925667883,-1.041028498899581,-2.9869386479548945,1.8676923976647797,2.9202380826304983,-0.23540333491294607,0.9317289001919198,0.057583789768528515,-0.5890433751565238,-0.07821775139053333,1.9330422778732304,-0.1937306385123776,-1.377500735520794,-0.9500567206938548
813_814,81.0,7,female,5.333333333333329,1349,0.013343217197924388,0.00815418828762046,0.009636767976278725,0.011860637509266123,0.010378057820607857,0.026686434395848776,0.1134173461823573,0.4507042253521127,0.018532246108228317,0.007412898443291327,0.014084507042253521,0.12898443291326908,0.0029651593773165306,0.15196441808747221,0.011860637509266123,0.005189028910303929,0.014825796886582653,-0.42769578898160265,-0.9031194856966769,-0.7427768356214974,-0.5421061401593468,-0.6713178716393529,0.2518457395225644,1.6882340459613703,3.0655303913617002,-0.10678806890150083,-0.994091263902404,-0.37505205549618026,1.8164582205766004,-1.8413891242896074,1.9799795128704079,-0.5421061401593468,-1.330563500523617,-0.3250416349215186
814_815,79.0,9,female,9.642857142857139,1207,0.053852526926263466,0.05965202982601491,0.02899751449875725,0.015741507870753936,0.013256006628003313,0.02236951118475559,0.030654515327257662,0.15575807787903895,0.05136702568351284,0.0033140016570008283,0.009113504556752278,0.39022369511184757,0.016570008285004142,0.11764705882352941,0.016570008285004142,0.0008285004142502071,0.014084507042253521,0.7413479635828057,0.8428843828022288,0.12883051742296958,-0.47028771348869913,-0.6373417981518656,-0.1265161743858747,0.1836387539179647,1.7983958278296652,0.6944643776839556,-1.9366247822821263,-0.9983551436891958,2.7152169230151117,-0.4202772929140375,1.518639820650305,-0.4202772929140375,-3.0352370709502363,-0.5785012981289324
815_816,72.0,9,male,2.642857142857139,1157,0.00864304235090752,0.006914433880726016,0.007778738115816767,0.007778738115816767,0.02247191011235955,0.02592912705272256,0.10371650821089023,0.31028522039757994,0.04148660328435609,0.018150388936905792,0.025064822817631807,0.21089023336214346,0.016421780466724288,0.15557476231633535,0.02247191011235955,0.006050129645635264,0.010371650821089023,-1.0711191140772969,-1.2824282077445042,-1.1712025726342792,-1.1712025726342792,-0.14534963824859837,-0.0047676876274089786,1.369155381689935,2.4622198059203266,0.45906942670266293,-0.35444143610715795,-0.03810410789500063,2.076720937674152,-0.45207990567107403,1.7732364065321609,-0.14534963824859837,-1.4075913506985098,-0.8967657269325193
816_817,65.0,7,female,-10.666666666666671,1114,0.02154398563734291,0.04937163375224417,0.05565529622980251,0.009874326750448833,0.012567324955116697,0.0296229802513465,0.2719928186714542,0.2253141831238779,0.012567324955116697,0.03500897666068223,0.01615798922800718,0.17055655296229802,0.0,0.06014362657091562,0.01526032315978456,0.003590664272890485,0.010771992818671455,-0.1042650004510075,0.7134449027506999,0.8322284387406671,-0.8605910826324847,-0.6287894685751598,0.2086073208293322,2.4124434924978644,2.2245048715381053,-0.6287894685751598,0.37336255390538753,-0.3851673859174096,1.946714076565067,-3.9960852985616344,0.9091894798767952,-0.44073723707222046,-1.7988607212254144,-0.7772094736934334
818_819,89.0,8,male,24.35714285714286,1943,0.009264024704065878,0.005661348430262481,0.07411219763252702,0.001029336078229542,0.000514668039114771,0.007205352547606794,0.37364899639732374,0.37261966031909416,0.023160061760164694,0.003088008234688626,0.0066906845084920225,0.06124549665465775,0.005661348430262481,0.016984045290787442,0.02161605764282038,0.008749356664951106,0.008749356664951106,-0.37671990796571286,-0.8521436046807871,1.6787888675024951,-2.3781999081758363,-2.8890255319418268,-0.6203419906234631,3.293747842960346,3.2909911217107455,0.523221685906913,-1.4226884631484005,-0.6918009546056076,1.4888257313215738,-0.8521436046807871,0.21705479878102896,0.45501343588037946,-0.4322897591205228,-0.4322897591205228
819_820,67.0,7,female,-8.666666666666671,1430,0.012587412587412588,0.011888111888111888,0.024475524475524476,0.004195804195804196,0.002797202797202797,0.002797202797202797,0.4223776223776224,0.24195804195804196,0.01888111888111888,0.05314685314685315,0.024475524475524476,0.07622377622377623,0.002797202797202797,0.057342657342657345,0.023076923076923078,0.0048951048951048955,0.016083916083916083,-0.43511187559320996,-0.4906817267480208,0.21665008880388115,-1.4810804307758976,-1.8488052109012147,-1.8488052109012147,3.0515190623773583,2.495000210952469,-0.03869660300496314,0.9844081331550014,0.21665008880388115,1.3430419415790666,-1.8488052109012147,1.0599156856631464,0.15866283115353186,-1.3379795871352242,-0.19588218652737543
81_81,62.0,61,female,6.2307692307692335,1952,0.02971311475409836,0.05327868852459016,0.045081967213114756,0.006147540983606557,0.0025614754098360654,0.0010245901639344263,0.2336065573770492,0.288422131147541,0.0353483606557377,0.0389344262295082,0.038422131147540985,0.08043032786885246,0.0117827868852459,0.08094262295081968,0.03637295081967213,0.00665983606557377,0.011270491803278689,0.12922834562967456,0.7093886627967292,0.5432041434057475,-1.4140697642998807,-2.235050316369711,-3.0235076767339812,2.1837902914268867,2.394368924871695,0.3015283439626102,0.39749233222435354,0.38433424764684254,1.1196270496575513,-0.7827979874580233,1.125956184709199,0.32989904109182566,-1.3371087231637526,-0.8262830993977621
821_822,90.0,9,male,20.64285714285714,1374,0.00363901018922853,0.008005822416302766,0.013828238719068414,0.000727802037845706,0.015283842794759825,0.01601164483260553,0.1346433770014556,0.1564774381368268,0.022561863173216887,0.008733624454148471,0.012372634643377001,0.5021834061135371,0.002183406113537118,0.07860262008733625,0.013100436681222707,0.00727802037845706,0.004366812227074236,-1.3985667953359666,-0.6609678522051876,-0.132900422004691,-2.6978497794662273,-0.03526195244077446,0.010200421635983226,2.119739994473098,2.269646021969411,0.34667265825719573,-0.5775862432661363,-0.24111400664492333,3.434101085274955,-1.8505519190790238,1.5834352854061224,-0.1855441554901125,-0.7519396304109138,-1.2315127106728
822_823,86.0,9,female,16.64285714285714,1257,0.00954653937947494,0.012728719172633254,0.027048528241845664,0.0031821797931583136,0.002386634844868735,0.014319809069212411,0.11296738265712013,0.22991249005568815,0.03579952267303103,0.0031821797931583136,0.006364359586316627,0.28957836117740654,0.0,0.22593476531424025,0.010342084327764518,0.006364359586316627,0.010342084327764518,-0.46459904912700445,-0.18696731252872478,0.5506316306020542,-1.4862502966589863,-1.737564724939892,-0.07255696135098066,1.9690143062734453,2.67782760357779,0.8273846325216447,-1.4862502966589863,-0.8502615299389893,2.908198858013453,-3.6834748739952055,2.6604055601311254,-0.38763800799087633,-0.8502615299389893,-0.38763800799087633
823_824,75.0,10,female,6.272727272727266,1979,0.0035371399696816574,0.0055583628094997475,0.01616978271854472,0.009095502779181405,0.007074279939363315,0.010611419909044972,0.2748863062152602,0.21071248105103588,0.00606366851945427,0.009600808489135927,0.01010611419909045,0.13643254168772107,0.0015159171298635675,0.2652854977261243,0.01616978271854472,0.012632642748863061,0.004547751389590703,-1.4873192466214586,-1.0598752317945195,-0.020982177828031467,-0.5844515350794444,-0.8280736177371946,-0.4341693320301063,2.7976456752092913,2.532062277127187,-0.9764936228554681,-0.531807801594022,-0.4817973810193612,2.098049831122813,-2.2494592986683557,2.7621279231532823,-0.020982177828031467,-0.263543814999343,-1.250930468557228
824_825,66.0,10,male,-2.7272727272727337,1337,0.02617801047120419,0.025430067314884067,0.0987284966342558,0.0037397157816005983,0.005235602094240838,0.005983545250560957,0.20194465220643232,0.2744951383694839,0.02692595362752431,0.01720269259536275,0.01795063575168287,0.12041884816753927,0.006731488406881077,0.12640239341810022,0.014958863126402393,0.0074794315632011965,0.02019446522064323,0.012390980333095047,-0.01618239211096073,1.329440929278002,-1.8523936239098497,-1.54223869560601,-1.4170755526520042,2.043130382138261,2.3495816025046166,0.040170544440170985,-0.400141294998162,-0.3584685985975935,1.5273634265144365,-1.3058499175417801,1.57571121067223,-0.5367168300039125,-1.205766458984797,-0.24295571147574924
825_826,65.0,10,female,-3.7272727272727337,1943,0.013896037056098817,0.004117344312918168,0.041173443129181676,0.013896037056098817,0.007205352547606794,0.007720020586721565,0.2377766340710242,0.3582089552238806,0.03860010293360782,0.028306742151312403,0.01080802882141019,0.054554812146165726,0.001544004117344313,0.14101904271744725,0.025218733916623777,0.010293360782295419,0.005661348430262481,-0.4248475717165059,-1.598967412892761,0.6492236080354856,-0.4248475717165059,-1.0648849269625034,-0.9981935524638308,2.397612980563448,2.8070342168308287,0.5850990798659472,0.27734944436335685,-0.6709806412554142,0.929111408760448,-2.4862706078936636,1.8759176845605536,0.16293909318561273,-0.7186086902446691,-1.2966865410198274
826_827,69.0,10,female,0.27272727272726627,1431,0.1013277428371768,0.023060796645702306,0.027253668763102725,0.012578616352201259,0.005590496156533892,0.0,0.2431865828092243,0.20335429769392033,0.018867924528301886,0.05101327742837177,0.009783368273934312,0.12578616352201258,0.011879804332634521,0.12578616352201258,0.019566736547868623,0.012578616352201259,0.008385744234800839,1.4275833743279178,-0.041047273452608835,0.1237079596234465,-0.6348219801993502,-1.4125265487873588,-4.2457398928435754,2.301045517916949,2.1224472935069176,-0.23840670761110383,0.7446926939351615,-0.8784440628571004,1.643138065489306,-0.690391831354161,1.643138065489306,-0.20268862500902474,-0.6348219801993502,-1.026864067975374
827_828,71.0,10,male,2.2727272727272663,1556,0.017994858611825194,0.014781491002570694,0.04177377892030849,0.014138817480719794,0.0012853470437017994,0.011568123393316195,0.27570694087403597,0.29048843187660667,0.014781491002570694,0.021208226221079693,0.010925449871465296,0.056555269922879174,0.004498714652956298,0.16580976863753213,0.031491002570694086,0.014138817480719794,0.012853470437017995,-0.2638254304397267,-0.45672909656421856,0.5683206249268742,-0.5002142085039574,-2.6974387858401774,-0.6959587856300531,2.448892223709978,2.5010582454256487,-0.45672909656421856,-0.10218407888331127,-0.7515286367848639,0.8692730342995518,-1.5988264971720674,1.9411661762341517,0.28824315186031235,-0.5002142085039574,-0.5933046315699699
829_830,66.0,10,male,-2.7272727272727337,2009,0.0014932802389248383,0.008461921353907416,0.021901443504230962,0.005973120955699353,0.004479840716774514,0.0009955201592832255,0.2384270781483325,0.23593827775012444,0.01642608262817322,0.04081632653061224,0.019910403185664508,0.15380786460925833,0.001991040318566451,0.19313091090094575,0.0313588850174216,0.015430562468889995,0.009457441513190641,-2.355306796684169,-0.7458688842500685,0.18741942399265765,-1.0823411208712814,-1.3567779665730413,-2.691779033305382,2.564674129143956,2.5541918528704457,-0.09652432634851582,0.8047285281610987,0.0932322089329567,2.1268883269451138,-2.1039923684032624,2.3542234046281654,0.5429701407191092,-0.15808221934794897,-0.6376552996098352
82_82,64.0,61,male,8.230769230769234,1351,0.03774981495188749,0.029607698001480384,0.0458919319022946,0.0044411547002220575,0.006661732050333087,0.0007401924500370096,0.3271650629163583,0.21909696521095484,0.02220577350111029,0.01924500370096225,0.02146558105107328,0.06661732050333087,0.0044411547002220575,0.14211695040710584,0.03478904515173945,0.005921539600296077,0.011843079200592153,0.4938310299193036,0.25355119636210643,0.6874157789919688,-1.575948600848795,-1.196458979143892,-3.0422856696422222,2.644689686697597,2.2442964406873935,-0.030024094137020896,-0.17060604475821028,-0.06336051440461254,1.0575990729554934,-1.575948600848795,1.812345375977452,0.4129789332902085,-1.307684614254116,-0.6443903968438525
830_831,68.0,10,female,-0.7272727272727337,1983,0.03177004538577912,0.016137165910237016,0.04891578416540595,0.0030257186081694403,0.004034291477559254,0.005042864346949067,0.19263741805345436,0.2405446293494705,0.04084720121028744,0.02773575390821987,0.018154311649016642,0.16288451840645488,0.0010085728693898135,0.17095310136157338,0.02118003025718608,0.005547150781643974,0.009581442259203227,0.3633812908834906,-0.3064185256794638,0.7921937629886462,-1.9158564381135634,-1.6475924515188844,-1.4362833578516772,2.1590700382514356,2.38090554490563,0.6129444052316617,0.22872440573723374,-0.19034635442670922,1.9915404989258,-2.871367883141,2.039815331983595,-0.038154539084783945,-1.345311579645951,-0.8172441494454543
831_832,68.0,10,female,-0.7272727272727337,1251,0.010391686650679457,0.04876099120703437,0.014388489208633094,0.002398081534772182,0.002398081534772182,0.019184652278177457,0.24300559552358114,0.22062350119904076,0.006394884092725819,0.011990407673860911,0.03117505995203837,0.19984012789768185,0.0015987210231814548,0.1606714628297362,0.019984012789768184,0.003996802557953637,0.0031974420463629096,-0.5405355139255184,0.9758119754425705,-0.22545446728562268,-1.890462230874534,-1.890462230874534,0.05544791818077943,2.57544588778005,2.4789856215924875,-1.0031590358736313,-0.4023851754447012,0.5330754725371745,2.380233721155018,-2.226934467495747,2.162564182016836,0.0954532527944787,-1.4384771071314768,-1.6391478025936275
832_833,71.0,10,female,2.2727272727272663,2207,0.02628001812415043,0.01812415043044857,0.037607612143180785,0.006343452650657001,0.001359311282283643,0.002718622564567286,0.27956502038966924,0.310829179882193,0.024467603081105575,0.027639329406434075,0.019483461712732214,0.11191662890801994,0.0040779338468509285,0.07068418667874943,0.027639329406434075,0.02174898051653829,0.0095151789759855,0.14399230942592567,-0.22373247069939195,0.4998121870449248,-1.2508857953853565,-2.6722714763165167,-2.053232267910294,2.5006446236902473,2.6065717803961403,0.07316625685731326,0.19400273000058688,-0.15227350671724693,1.5863761371968597,-1.67374264620539,1.1280215651683227,0.19400273000058688,-0.043470646868447815,-0.8569815096782682
834_835,64.0,11,male,-7.5,1281,0.04918032786885246,0.0078064012490242,0.0624512099921936,0.02185792349726776,0.01014832162373146,0.0039032006245121,0.1678376268540203,0.3770491803278688,0.0273224043715847,0.04137392661982826,0.00702576112412178,0.04996096799375488,0.01795472287275566,0.12021857923497267,0.02498048399687744,0.00078064012490242,0.01014832162373146,0.6948171288369451,-1.104847519898223,0.9320344073628171,-0.1063186897870958,-0.8535330916173165,-1.751474684823275,1.916738132482102,2.724828537831648,0.11330991941966939,0.5234588768402602,-1.2049309784552054,0.7104424467400263,-0.2992223559115872,1.5839713192760994,0.025017312273991177,-3.0507576689535365,-0.8535330916173165
835_836,64.0,11,female,-7.5,1475,0.010847457627118645,0.018983050847457626,0.07457627118644068,0.008135593220338983,0.022372881355932205,0.002033898305084746,0.27661016949152545,0.1552542372881356,0.015593220338983051,0.016271186440677966,0.007457627118644068,0.031864406779661014,0.007457627118644068,0.32610169491525426,0.012203389830508475,0.0013559322033898306,0.01288135593220339,-0.5895332347299571,-0.042989528361887075,1.3121219053213156,-0.8671649713282359,0.11865182319452883,-2.1401306471411234,2.6195982986635657,2.043009413864108,-0.23589319448637847,-0.19422049808581,-0.9505465802672872,0.46783609540410387,-0.9505465802672872,2.7840126156016884,-0.475122883552213,-2.4766028837623364,-0.4224791500667906
836_837,72.0,11,male,0.5,1641,0.021328458257160267,0.012797074954296161,0.020719073735527116,0.0042656916514320535,0.01340645947592931,0.005484460694698354,0.15661182205971969,0.2687385740402194,0.02315661182205972,0.016453382084095063,0.014015843997562462,0.10786106032906764,0.0,0.2979890310786106,0.012797074954296161,0.009750152346130409,0.014625228519195612,0.09479200147004452,-0.40668775987770855,0.06621862902598874,-1.4598376744690609,-0.36122538580095087,-1.2234488964048302,2.0762790250924654,2.615437325032689,0.17591754628241274,-0.1605546903388002,-0.31774027386121206,1.704229913904145,-4.167887875571271,2.7186437669592394,-0.40668775987770855,-0.6713803141047907,-0.2760675774606445
838_839,70.0,7,female,-5.666666666666671,1241,0.011281224818694601,0.007252215954875101,0.11603545527800162,0.0056406124093473006,0.004834810636583401,0.0008058017727639,0.20386784850926673,0.33440773569701854,0.0257856567284448,0.0499597099113618,0.06688154713940371,0.0789685737308622,0.0032232070910556,0.0515713134568896,0.024174053182917002,0.0040290088638195,0.011281224818694601,-0.6114050311872057,-1.0342618820072391,1.6877258269387525,-1.2706506600714698,-1.413751503712143,-2.8800885725055703,2.2498101424175037,2.7439289336817687,0.19568640872195742,0.8496128761286217,1.1392929512430756,1.304502867564309,-1.7814762838374603,0.8811115431879926,0.13217300299963153,-1.5808055883753087,-0.6114050311872057
839_840,72.0,8,female,7.357142857142861,1068,0.014044943820224719,0.017790262172284643,0.1104868913857678,0.0056179775280898875,0.0046816479400749065,0.0028089887640449437,0.29119850187265917,0.34831460674157305,0.016853932584269662,0.03089887640449438,0.00749063670411985,0.024344569288389514,0.0009363295880149813,0.0852059925093633,0.018726591760299626,0.0,0.020599250936329586,-0.15246828350660824,0.07710615813789179,1.881604653143376,-1.0215061305302182,-1.1885602151933847,-1.640545338936442,2.848091030795698,3.0269287303878043,0.024462424652469394,0.6182371313992112,-0.7532421439355392,0.383836425560367,-2.4878431993236454,1.623030664849666,0.127116578712553,-3.5864554879917545,0.22020700177856467
83_83,52.0,61,female,-3.7692307692307665,997,0.009027081243731194,0.03610832497492478,0.02708124373119358,0.0050150451354062184,0.0,0.003009027081243731,0.2316950852557673,0.3149448345035105,0.015045135406218655,0.0732196589769308,0.020060180541624874,0.10330992978936811,0.003009027081243731,0.09227683049147442,0.033099297893681046,0.006018054162487462,0.02708124373119358,-0.7956696752829613,0.5503507866989898,0.2672245307830696,-1.3422133816510309,-3.7401086544494015,-1.794198505394088,2.3976183996368325,2.7040226022510394,-0.3061214499642553,1.250323932329335,-0.0265365877450936,1.5926101388159677,-1.794198505394088,1.4802471706289233,0.4645839649415646,-1.1751592969878644,0.2672245307830696
840_841,75.0,9,female,5.642857142857139,1564,0.004475703324808184,0.015345268542199489,0.01278772378516624,0.0012787723785166241,0.0025575447570332483,0.010230179028132993,0.31585677749360613,0.29923273657289,0.021739130434782608,0.019820971867007674,0.008951406649616368,0.17519181585677748,0.0012787723785166241,0.0792838874680307,0.020460358056265986,0.0006393861892583121,0.010869565217391304,-1.1368829849243696,0.046887112084046834,-0.13136111932227212,-2.2354952735924787,-1.64770860869036,-0.3484256245600994,3.0517611455961324,2.997750096211843,0.38917331857068005,0.2982015403649534,-0.4776373560401055,2.4631652554829513,-2.2354952735924787,1.6725197104381282,0.3294540838690576,-2.74632089735847,-0.2895851245371661
842_843,75.0,10,female,6.272727272727266,1776,0.010135135135135136,0.009572072072072071,0.06813063063063063,0.02364864864864865,0.006756756756756757,0.00563063063063063,0.3322072072072072,0.2882882882882883,0.01126126126126126,0.009009009009009009,0.006756756756756757,0.07713963963963964,0.005067567567567568,0.08783783783783784,0.02702702702702703,0.0259009009009009,0.00563063063063063,-0.75732580936273,-0.8128956605175399,1.1248177213335944,0.07440753448336235,-1.1493678971387529,-1.3237212842835313,2.7058730941904083,2.5642041695655546,-0.6546716553026459,-0.8717361605404741,-1.1493678971387529,1.2485273756596174,-1.4238047428405136,1.377959468533199,0.20646725649642894,0.16435577114630195,-1.3237212842835313
843_844,62.0,10,male,-6.727272727272734,1370,0.06934306569343066,0.032116788321167884,0.026277372262773723,0.010948905109489052,0.004379562043795621,0.004379562043795621,0.18321167883211678,0.2671532846715328,0.029927007299270073,0.033576642335766425,0.034306569343065696,0.1554744525547445,0.006569343065693431,0.06350364963503649,0.026277372262773723,0.03722627737226277,0.015328467153284672,0.7951731025017863,0.0315360441872965,-0.1666408843964522,-1.0231131210596973,-1.8921509680833064,-1.8921509680833064,1.7634898445548957,2.140045376341808,-0.038259717748245325,0.07549916760841224,0.09677656605569718,1.599683687683781,-1.5126613463784033,0.7076856483786704,-0.1666408843964522,0.17762866268479227,-0.6959002098512808
845_846,81.0,11,male,9.5,1166,0.003430531732418525,0.00686106346483705,0.003430531732418525,0.018010291595197257,0.0137221269296741,0.003430531732418525,0.11749571183533447,0.17409948542024015,0.01972555746140652,0.007718696397941681,0.012006861063464836,0.08147512864493997,0.0017152658662092624,0.5025728987993139,0.02144082332761578,0.00686106346483705,0.006003430531732418,-1.4423155293822525,-0.8063267626622554,-1.4423155293822525,0.12166000897509122,-0.14303254525199094,-1.4423155293822525,1.9772309909480996,2.3692730787241234,0.21060749499158726,-0.6951011275520314,-0.2722442767319979,1.6127333213281583,-2.030102194284371,3.427779741935004,0.2922855260058541,-0.8063267626622554,-0.9314899056162611
846_847,77.0,11,female,5.5,1493,0.0709979906229069,0.026121902210314803,0.004018754186202277,0.003348961821835231,0.0020093770931011385,0.043536503683858,0.16342933690555927,0.16878767582049564,0.014735432016075016,0.03951774949765573,0.03281982585398526,0.21299397186872068,0.0,0.18285331547220363,0.022103148024112524,0.006028131279303416,0.006697923643670462,1.2396809088426917,0.2478365956002877,-1.5566618994051966,-1.7237159840683631,-2.1757011078114203,0.7535860663344178,2.0707512326081385,2.1029471724086264,-0.3149487670964142,0.6575122362447958,0.47350859326785644,2.3351583987054294,-4.121611256866733,2.1828375455552473,0.08308136252423237,-1.1771722777002935,-1.0770888191433103
847_848,74.0,11,female,2.5,1593,0.014438166980539862,0.02448210922787194,0.096045197740113,0.015693659761456372,0.011927181418706842,0.026365348399246705,0.1876961707470182,0.22347771500313873,0.04645323289391086,0.023854362837413684,0.010043942247332079,0.1098556183301946,0.005021971123666039,0.15944758317639673,0.017576898932831136,0.014438166980539862,0.013182674199623353,-0.7601071403025714,-0.24080688954560836,1.1165930055745674,-0.6784291092883037,-0.9466930958829836,-0.1676034855223132,1.7850068561028196,1.9592266784016663,0.39369156393282934,-0.26644932015894573,-1.1137471805461492,1.250531481453236,-1.7770413979564137,1.6221932745378929,-0.5672034741780796,-0.7601071403025714,-0.849054626319067
848_849,84.0,11,female,12.5,1377,0.002178649237472767,0.007988380537400145,0.07988380537400146,0.005083514887436456,0.002904865649963689,0.010167029774872912,0.40232389251997097,0.2672476397966594,0.014524328249818447,0.01597676107480029,0.005809731299927378,0.0457516339869281,0.0014524328249818446,0.08641975308641975,0.037037037037037035,0.005809731299927378,0.00944081336238199,-1.9019283923630415,-0.7123443254892052,1.550324160099398,-1.1397883403161444,-1.6506139640821358,-0.4805427114318812,3.1633754459320125,2.7547493507709815,-0.13426647471404696,-0.04117605164803528,-1.0146251973621387,0.9963485450402363,-2.2384006289842544,1.6286250105131557,0.786890446811281,-1.0146251973621387,-0.5520016754140258
849_850,81.0,11,female,9.5,1449,0.04071773636991028,0.026224982746721876,0.13043478260869565,0.020703933747412008,0.006901311249137336,0.003450655624568668,0.19875776397515527,0.2919254658385093,0.017943409247757072,0.035886818495514144,0.013802622498274672,0.035886818495514144,0.011732229123533472,0.11249137336093858,0.024154589371980676,0.016563146997929608,0.012422360248447204,0.3193699250728699,-0.11594814618497562,1.477782637043767,-0.34887970386534795,-1.4152311303152367,-2.0618582952402886,1.89808869846944,2.281947126613395,-0.4894616544865378,0.19420678211886422,-0.7461815013343513,0.19420678211886422,-0.9044055065492453,1.3302066028585942,-0.19707369099734384,-0.5679332699280324,-0.8488356553944345
84_84,57.0,57,male,-10.5,1301,0.010760953112990008,0.013835511145272867,0.017678708685626442,0.11990776325903152,0.022290545734050732,0.03843197540353574,0.10069177555726365,0.27824750192159875,0.10530361260568794,0.03843197540353574,0.013835511145272867,0.15910837817063797,0.0,0.04688700999231361,0.011529592621060722,0.006149116064565719,0.016910069177555727,-0.8787443831739488,-0.6351223005161977,-0.39589261145036403,1.500162977379731,-0.1685027692547032,0.3690803036808368,1.3261138190173423,2.3401314416942522,1.3707308845061488,0.3690803036808368,-0.6351223005161977,1.7822383070702759,-4.2460402131604225,0.566144142211995,-0.8120530086752762,-1.4128268691042063,-0.43937772339010284
850_851,64.0,11,male,-7.5,1168,0.02226027397260274,0.023972602739726026,0.04195205479452055,0.0136986301369863,0.015410958904109588,0.011986301369863013,0.1292808219178082,0.1969178082191781,0.02226027397260274,0.023116438356164382,0.02910958904109589,0.21232876712328766,0.0059931506849315065,0.17636986301369864,0.02482876712328767,0.032534246575342464,0.01797945205479452,-0.3982185328666521,-0.3254591785842238,0.22660940371581617,-0.8720028849522938,-0.7575925337745488,-1.0012146164323,1.3452223590905956,1.7648875965778748,-0.3982185328666521,-0.3611772611863029,-0.13440394182151438,1.840079579677855,-1.660460245316564,1.6549371465422589,-0.29097300251305436,-0.02470502456508994,-0.6073103307252117
851_852,66.0,11,female,-5.5,1168,0.017123287671232876,0.01797945205479452,0.026541095890410957,0.00684931506849315,0.012842465753424657,0.02226027397260274,0.13356164383561644,0.1934931506849315,0.046232876712328765,0.0059931506849315065,0.005136986301369863,0.2808219178082192,0.005136986301369863,0.17893835616438356,0.014554794520547944,0.025684931506849314,0.00684931506849315,-0.3612386211360561,-0.3136105721468021,0.06832403855116853,-1.2415973437841479,-0.6408234833552178,-0.10451877428824252,1.671392502699789,2.04108143764267,0.6165371943887794,-1.3667604867381544,-1.5098613303788277,2.4128733306442465,-1.5098613303788277,1.9630602320817736,-0.5194626263509501,0.03606317633294731,-1.2415973437841479
852_853,65.0,12,female,-1.0,1283,0.04053000779423227,0.029618082618862042,0.07950116913484022,0.003897116134060795,0.00857365549493375,0.00779423226812159,0.2868277474668745,0.323460639127046,0.03117692907248636,0.04053000779423227,0.00857365549493375,0.03897116134060795,0.003897116134060795,0.0646921278254092,0.014809041309431021,0.003897116134060795,0.013250194855806703,0.5271589579293896,0.21700402962554977,1.196208586910274,-1.7289061194297632,-0.9913071762989842,-1.0822789545047105,2.4757864999612025,2.5958284026273146,0.26764776244430477,0.5271589579293896,-0.9913071762989842,0.48831912461312577,-1.7289061194297632,0.9911924201886211,-0.4632397460984876,-1.7289061194297632,-0.57145333073872
853_854,59.0,13,female,-2.642857142857146,1552,0.003865979381443299,0.00902061855670103,0.02577319587628866,0.04445876288659794,0.05025773195876289,0.004510309278350515,0.20618556701030927,0.2847938144329897,0.020618556701030927,0.07280927835051547,0.01095360824742268,0.055412371134020616,0.006443298969072165,0.12564432989690721,0.014819587628865979,0.043170103092783504,0.021262886597938145,-1.9383096616115654,-1.135963189086628,-0.10880986440066343,0.4312149140575898,0.552986786275206,-1.795208817970892,1.9597704378475678,2.282328625934827,-0.3288717491774653,0.9216909984083004,-0.9479109575836886,0.6500325754246767,-1.458736581349679,1.4654485409122637,-0.6531114173630432,0.4020157593653275,-0.29856639968213594
854_855,74.0,13,male,12.357142857142854,1341,0.013422818791946308,0.005965697240865026,0.028337061894108874,0.0044742729306487695,0.01267710663683818,0.009694258016405667,0.2692020879940343,0.3325876211782252,0.024608501118568233,0.040268456375838924,0.01640566741237882,0.0894854586129754,0.0007457121551081282,0.1185682326621924,0.011931394481730051,0.011931394481730051,0.009694258016405667,-0.4433304445214228,-1.2210350131094314,0.28955706468803655,-1.4892989997041104,-0.4989002956762336,-0.7584114911613185,2.529160864993117,2.7403382237108516,0.1504442622253186,0.6370995250634963,-0.24758586739532795,1.4305485763250076,-2.9556360684975376,1.7109427456191972,-0.5577407956991669,-0.5577407956991669,-0.7584114911613185
855_856,22.0,13,female,-39.642857142857146,1559,0.021808851828094934,0.04425914047466325,0.03399615137908916,0.03784477228992944,0.004490057729313663,0.0025657472738935213,0.2668377164849262,0.177036561898653,0.02052597819114817,0.16549069916613213,0.005772931366260423,0.06414368184733804,0.021808851828094934,0.046183450930083386,0.011545862732520847,0.06478511866581142,0.010904425914047467,-0.29099263771167205,0.40937479082176065,0.14772969215297493,0.2540243508025979,-1.8170489412067212,-2.3278745649727117,2.1999344998579113,1.7902588592134034,-0.3507118724132945,1.7229437321994978,-1.5806601631424906,0.7782057657501444,-0.29099263771167205,0.4516346001116429,-0.9141812296647069,0.7881068367328559,-0.9697510808195178
856_857,60.0,13,female,-1.642857142857146,1554,0.012226512226512226,0.019948519948519948,0.0637065637065637,0.04118404118404118,0.010939510939510939,0.014800514800514801,0.1718146718146718,0.25353925353925355,0.046975546975546977,0.08687258687258688,0.009652509652509652,0.11840411840411841,0.021879021879021878,0.08815958815958816,0.014800514800514801,0.014800514800514801,0.010296010296010296,-1.0013417630399553,-0.521768682778069,0.6284014155548907,0.1949089951920704,-1.1095553476801885,-0.8147558074595431,1.6173633377264047,2.0058629116762723,0.32552917760913447,0.937215411710099,-1.2309162046844553,1.2458932348709255,-0.4307969045723423,0.9518676884969692,-0.8147558074595431,-0.8147558074595431,-1.1683958477031218
857_858,59.0,13,female,-2.642857142857146,1823,0.02029621503017005,0.030718595721338452,0.04936917169500823,0.016456390565002744,0.0021941854086670325,0.004936917169500823,0.3664289632473944,0.24465167306637411,0.029072956664838178,0.02852441031267142,0.013713658804168952,0.08996160175534833,0.006582556226001097,0.06034009873834339,0.024684585847504114,0.0027427317608337905,0.009325287986834888,-0.1310115616089016,0.27888814356712865,0.7499973561206139,-0.3376258109719008,-2.251275097808992,-1.504060695978772,2.749683901956731,2.346086905731287,0.22432915931669406,0.20546067501231136,-0.516674042420886,1.3475580756201597,-1.2296238502770112,0.9496630263725407,0.06235983137163803,-2.0506044023468415,-0.8931516136557982
858_859,53.0,13,female,-8.642857142857146,1252,0.027955271565495207,0.02156549520766773,0.031150159744408944,0.004792332268370607,0.010383386581469648,0.0,0.30990415335463256,0.19169329073482427,0.018370607028753993,0.19249201277955272,0.01757188498402556,0.039936102236421724,0.023961661341853034,0.07507987220447285,0.00878594249201278,0.011980830670926517,0.01437699680511182,0.18523739275038809,-0.07010929905845664,0.2920053681760941,-1.512493126829391,-0.7816056182865982,-4.077442484290927,2.5779978660767195,2.0984247858148337,-0.22729488258086894,2.1025741693616453,-0.27077999452060775,0.5376780325503319,0.03343137988238398,1.1643045307687148,-0.9419482683617777,-0.6434552798057811,-0.46652457164670347
859_860,46.0,13,female,-15.642857142857146,1158,0.018998272884283247,0.016407599309153715,0.08203799654576857,0.004317789291882556,0.004317789291882556,0.0017271157167530224,0.25302245250431776,0.15112262521588946,0.04231433506044905,0.031088082901554404,0.023316062176165803,0.1070811744386874,0.031088082901554404,0.16407599309153714,0.015544041450777202,0.038860103626943004,0.01468048359240069,-0.4100602593577469,-0.5531611029984203,1.0355506789185633,-1.8188274763296959,-1.8188274763296959,-2.607284836693966,2.1583020707000298,1.6440634743377993,0.37839710100652324,0.0737366920203244,-0.20938956389559538,1.3007301473366413,0.0737366920203244,1.7260766259986344,-0.6058048364838418,0.29413675738878364,-0.6613746876386526
85_85,70.0,57,male,2.5,1321,0.006813020439061317,0.014383043149129448,0.0582891748675246,0.08781226343679031,0.03179409538228615,0.001514004542013626,0.1566994700984103,0.23694171082513246,0.022710068130204392,0.026495079485238455,0.015897047691143074,0.07040121120363362,0.008327024981074944,0.20968962906888722,0.0174110522331567,0.005299015897047691,0.029523088569265707,-1.371546249321014,-0.652423582357808,0.7274398884317925,1.1350532250782464,0.12666602800286242,-2.7065473160533537,1.7122932917432443,2.1249613121454667,-0.2051113643141429,-0.05330535144613879,-0.5547851127938914,0.9151233883671326,-1.1804910125583046,2.00298288525898,-0.4658376267773958,-1.6079350273852437,0.05346262397956725
860_861,49.0,14,female,-13.142857142857146,1241,0.023368251410153102,0.0265914585012087,0.04593070104754231,0.017727639000805803,0.0136986301369863,0.0016116035455278,0.21353746978243351,0.290088638195004,0.037066881547139406,0.062046736502820304,0.014504431909750202,0.06285253827558421,0.0128928283642224,0.1063658340048348,0.024174053182917002,0.020950846091861403,0.0265914585012087,-0.3024211400069152,-0.17526596452166876,0.36497354445061525,-0.5732960941423149,-0.8246105224232205,-2.770520671478534,1.8948034373293041,2.2006805533723144,0.15264090924062135,0.6634665330066118,-0.7690406712684106,0.6762872214356732,-0.8834510224461547,1.1997712420735875,-0.2690847197393236,-0.40966667036051296,-0.17526596452166876
861_862,67.0,14,female,4.857142857142854,1222,0.022913256955810146,0.020458265139116204,0.04337152209492635,0.020458265139116204,0.01800327332242226,0.0008183306055646482,0.1432078559738134,0.2692307692307692,0.04337152209492635,0.03927986906710311,0.004909983633387889,0.04582651391162029,0.015548281505728314,0.2602291325695581,0.015548281505728314,0.00900163666121113,0.027823240589198037,-0.16457735343891722,-0.27580298854914176,0.46520021318843874,-0.27580298854914176,-0.4009661315031474,-3.109016332605358,1.6531576021923984,2.2830949132290397,0.46520021318843874,0.36708235722991533,-1.6426792638119307,0.5197591974388729,-0.5440669751438207,2.249141034298696,-0.5440669751438207,-1.0721344053443183,0.02647788332379175
862_863,45.0,14,female,-17.142857142857146,1420,0.17746478873239438,0.04647887323943662,0.0852112676056338,0.03873239436619718,0.002112676056338028,0.002112676056338028,0.12535211267605634,0.16690140845070423,0.016901408450704224,0.13028169014084506,0.01056338028169014,0.09225352112676057,0.01056338028169014,0.020422535211267606,0.011267605633802818,0.054929577464788736,0.008450704225352112,1.7923415161265521,0.4581322150729461,1.0608445301917406,0.2773132881635263,-2.486306764093494,-2.486306764093494,1.4455188686308311,1.7310978908858334,-0.5403966150381807,1.4839851494586274,-0.9982297086636613,1.1399371190289567,-0.9982297086636613,-0.35467946924308835,-0.9357093516823278,0.6240288921995001,-1.2133410882806066
863_864,69.0,14,male,6.857142857142854,1278,0.01564945226917058,0.012519561815336464,0.02269170579029734,0.024256651017214397,0.025039123630672927,0.008607198748043818,0.06025039123630673,0.21283255086071987,0.0406885758998435,0.017214397496087636,0.009389671361502348,0.23395931142410015,0.003129890453834116,0.10485133020344288,0.01564945226917058,0.1838810641627543,0.009389671361502348,-0.582830662784739,-0.7998951680225663,-0.2188652855833273,-0.15326800309751398,-0.12201545959340976,-1.1609085135598973,0.7470223874301998,2.0043830651741974,0.35755762066847696,-0.4897402397187265,-1.077526904620846,2.0988588686264027,-2.099178152152827,1.2983086501127925,-0.582830662784739,1.8584553645273711,-1.077526904620846
864_865,61.0,14,female,-1.142857142857146,1454,0.03370013755158184,0.03163686382393398,0.048143053645116916,0.015130674002751032,0.0068775790921595595,0.001375515818431912,0.16781292984869325,0.40096286107290235,0.04676753782668501,0.02544704264099037,0.017881705639614855,0.04332874828060523,0.013755158184319119,0.0921595598349381,0.032324621733149934,0.008940852819807428,0.013755158184319119,0.20010964393778075,0.1375892869564468,0.5537496841813594,-0.588347716426489,-1.350487768473386,-2.785572293762709,1.797352283278063,2.667181426089747,0.524970719631316,-0.07752209266049848,-0.4247182926446871,0.44917688026178215,-0.6814381394925015,1.19970117340503,0.15886668540373172,-1.0991733401924795,-0.6814381394925015
865_866,66.0,14,female,3.857142857142854,1593,0.017576898932831136,0.023854362837413684,0.1111111111111111,0.012554927809165096,0.023854362837413684,0.006277463904582548,0.06089139987445072,0.2793471437539234,0.021343377275580666,0.021343377275580666,0.005649717514124294,0.11487758945386065,0.003766478342749529,0.20903954802259886,0.021343377275580666,0.04833647206528562,0.018832391713747645,-0.49814738610439857,-0.1973932320852647,1.3309191355364671,-0.8276265872346409,-0.1973932320852647,-1.4966762162155254,0.731800904624798,2.2511457735318605,-0.30709214934168916,-0.30709214934168916,-1.5967596747725086,1.3641631941156214,-1.9762492964774117,1.961591391976675,-0.30709214934168916,0.5022264629802979,-0.4303247897656375
866_867,67.0,38,female,12.769230769230766,731,0.023255813953488372,0.03967168262653899,0.08618331053351573,0.0,0.0013679890560875513,0.012311901504787962,0.2585499316005472,0.23529411764705882,0.04377564979480164,0.030095759233926128,0.012311901504787962,0.09712722298221614,0.0013679890560875513,0.09849521203830369,0.024623803009575923,0.006839945280437756,0.028727770177838577,0.023883521305930522,0.5460729037222367,1.3127225462751082,-3.531464540183483,-2.432852251515373,-0.5870255610170427,2.4060716648989438,2.3120798768478767,0.6429227297121543,0.27519794958683663,-0.5870255610170427,1.4313800900764244,-2.432852251515373,1.4452692022370917,0.07945337246074136,-1.1335692673851123,0.2297355755100794
867_868,72.0,19,female,-1.4166666666666714,1847,0.026529507309149974,0.01570113697888468,0.0844612885760693,0.017325392528424473,0.007038440714672442,0.023280996210070383,0.1564699512723335,0.21331889550622632,0.017866811044937737,0.03140227395776936,0.01136978884677856,0.09420682187330806,0.003789929615592853,0.24363833243096913,0.016242555495397944,0.01570113697888468,0.02165674066053059,-0.1145634469889747,-0.6321458532178448,1.0365198934165885,-0.5352960272279277,-1.4138464311192354,-0.24377517846898078,1.6516191804494307,1.9610830237223098,-0.5049906777325988,0.052490637674191376,-0.9484831814300025,1.1453886250788625,-2.001633096021354,2.0938219604847736,-0.5988094329502531,-0.6321458532178448,-0.3152341424511258
868_869,87.0,19,female,13.583333333333329,1885,0.01750663129973475,0.010610079575596816,0.023342175066312996,0.01909814323607427,0.005835543766578249,0.011140583554376658,0.3273209549071618,0.22015915119363394,0.022281167108753316,0.0259946949602122,0.015384615384615385,0.06472148541114059,0.023872679045092837,0.16923076923076924,0.02440318302387268,0.007427055702917772,0.011671087533156498,-0.42644852222055407,-0.9175690749072118,-0.14250477187938015,-0.34068170046312884,-1.4956469256823701,-0.8699410259179579,2.4876851074505577,2.0914886532439283,-0.18848988512120357,-0.036021291476930006,-0.553603697705801,0.8701170689332067,-0.12028163509467005,1.8287633127660146,-0.09854164845826396,-1.263845311625046,-0.8244786518412002
869_870,85.0,19,female,11.583333333333329,1069,0.03554724041159962,0.028999064546304958,0.1019644527595884,0.03274087932647334,0.004677268475210477,0.018709073900841908,0.1253507951356408,0.21328344246959777,0.037418147801683815,0.028999064546304958,0.009354536950420954,0.166510757717493,0.0037418147801683817,0.15341440598690365,0.01777362020579981,0.01028999064546305,0.011225444340505144,0.14141659945972096,-0.059254096002430146,1.1866829074225378,0.060291054647352293,-1.804493549595592,-0.4888167556896552,1.3923225572078763,1.9222945685002417,0.19206033227847552,-0.059254096002430146,-1.1578663846705401,1.675346959385676,-2.0051642450577436,1.593668928371409,-0.5388271762643164,-1.066894606464813,-0.9835129975257626
86_86,43.0,57,male,-24.5,1316,0.029635258358662615,0.017477203647416412,0.07142857142857142,0.06003039513677812,0.004559270516717325,0.014437689969604863,0.0858662613981763,0.21580547112462006,0.05319148936170213,0.04559270516717325,0.015197568389057751,0.2317629179331307,0.0060790273556231,0.0911854103343465,0.009878419452887538,0.03267477203647416,0.015197568389057751,-0.11256008385161209,-0.6318603346085752,0.759739078741009,0.5868962659015979,-1.9170585788570964,-0.8184462901889873,0.9429420811627689,1.8618724978076973,0.46675195405953485,0.31378260927810775,-0.7684358696143256,1.9330890228529618,-1.6487945922624174,1.0027889971720212,-1.1861710703143045,-0.016099817664049887,-0.7684358696143256
870_871,71.0,38,female,16.769230769230766,1606,0.019302615193026153,0.016811955168119553,0.11270236612702367,0.014943960149439602,0.023661270236612703,0.0361145703611457,0.10834371108343711,0.2602739726027397,0.03424657534246575,0.055417185554171855,0.00933997509339975,0.0958904109589041,0.0062266500622665,0.15628891656288915,0.028642590286425903,0.014321295143212951,0.007471980074719801,-0.5367797682810247,-0.6725813094400865,1.2144883395922932,-0.7880941965619308,-0.3361090728188736,0.08225944012519859,1.1751574275298697,2.049909575816918,0.02961570663977664,0.5074713111681977,-1.2459272901874114,1.0534267822251882,-1.6353920569491343,1.5406756754271818,-0.14731500151930144,-0.8297668929624984,-1.4610386698043567
871_872,85.0,19,male,11.583333333333329,1510,0.01456953642384106,0.022516556291390728,0.13841059602649006,0.013245033112582781,0.008609271523178808,0.001986754966887417,0.2,0.27086092715231785,0.025827814569536423,0.005298013245033113,0.005960264900662252,0.02913907284768212,0.003973509933774834,0.21920529801324504,0.01390728476821192,0.00728476821192053,0.019205298013245033,-0.35915893414351663,0.06828508068342298,1.8720494960083014,-0.4522493572095283,-0.8699845579095071,-2.219911274858523,2.239407034117005,2.542262659939233,0.20362642855318525,-1.33260807985762,-1.221382444747396,0.3228149458183034,-1.6008720664523,2.330953566272026,-0.4046213082202743,-1.0303272079846866,-0.08828398000811699
872_873,81.0,19,female,7.583333333333329,1950,0.017435897435897435,0.019487179487179488,0.04461538461538461,0.009230769230769232,0.004615384615384616,0.023076923076923078,0.13435897435897437,0.16307692307692306,0.015897435897435898,0.017948717948717947,0.014358974358974359,0.23846153846153847,0.0041025641025641026,0.24564102564102563,0.021538461538461538,0.012307692307692308,0.013846153846153847,-0.4044297615311696,-0.29473084427474516,0.5262497077950847,-1.0276183534842045,-1.694097286961989,-0.1276767596115791,1.6248619964631943,1.8182333894437341,-0.4954015397368967,-0.37585638908711383,-0.595484998293879,2.1977230111486374,-1.8053229220722131,2.227354808755009,-0.19588500963811262,-0.7467159680178024,-0.6312030808959581
873_874,71.0,20,male,-6.357142857142861,1133,0.00794351279788173,0.01412180052956752,0.03971756398940865,0.00264783759929391,0.00176522506619594,0.01412180052956752,0.2815533980582524,0.21359223300970873,0.01323918799646955,0.01235657546337158,0.00794351279788173,0.07502206531332745,0.01059135039717564,0.19858781994704325,0.0176522506619594,0.06972639011473963,0.019417475728155338,-1.0234776389880973,-0.47140905668805777,0.5429428883623122,-2.022006469099224,-2.358478705720438,-0.47140905668805777,2.4919878362229966,2.2162322727829453,-0.5339294136693913,-0.6006207881680639,-1.0234776389880973,1.1737469383481218,-0.7490407932863374,2.1435507213481406,-0.2543445514502305,1.1009875840656935,-0.16125412838421793
874_875,66.0,20,female,-11.357142857142861,1698,0.016489988221436984,0.028268551236749116,0.07538280329799764,0.007067137809187279,0.0035335689045936395,0.006478209658421673,0.2850412249705536,0.22850412249705537,0.024734982332155476,0.05653710247349823,0.012956419316843345,0.071849234393404,0.004711425206124852,0.14487632508833923,0.019434628975265017,0.002944640753828033,0.011189634864546525,-0.36465443180536683,0.16700527886346572,1.1413703852553025,-1.188829874771716,-1.84275634217838,-1.2722114837107674,2.468558912250849,2.2477346507277307,0.03494555685039957,0.8549844892649685,-0.6010432098695975,1.0935525109048099,-1.574492355583701,1.792803474402773,-0.20301308024895093,-2.0098104268415464,-0.7441440535102708
875_876,77.0,20,male,-0.3571428571428612,1763,0.010777084515031198,0.015314804310833806,0.13386273397617698,0.005104934770277935,0.008508224617129892,0.00737379466817924,0.3511060692002269,0.19852524106636416,0.01020986954055587,0.01474758933635848,0.0017016449234259785,0.02212138400453772,0.015314804310833806,0.1673284174702212,0.01758366420873511,0.01191151446398185,0.008508224617129892,-0.6189595371116008,-0.2751879980087759,1.876574205250686,-1.3380822040748068,-0.8485339787561008,-0.986684317236918,2.8395386983878956,2.269986703793343,-0.6716032705970223,-0.3122292696891247,-2.3366110341859336,0.08692666922577486,-0.2751879980087759,2.0992948341648514,-0.1393864568497145,-0.5213210675476843,-0.8485339787561008
876_877,76.0,20,female,-1.3571428571428612,1520,0.009210526315789473,0.02631578947368421,0.06513157894736842,0.005263157894736842,0.030263157894736843,0.002631578947368421,0.3506578947368421,0.33157894736842103,0.007894736842105263,0.02368421052631579,0.007236842105263158,0.01644736842105263,0.0,0.09210526315789473,0.019078947368421053,0.0006578947368421052,0.011842105263157895,-0.48620334206095706,0.5409499826250075,1.4398056526770615,-1.0202858279912155,0.6791003211058246,-1.6562745947112116,3.119107079254322,3.0632158483061778,-0.6346233471792306,0.4369602691009602,-0.7180049561182811,0.07832646067689453,-3.8534991720474316,1.7848554972863147,0.2240382718582885,-2.7548868833793216,-0.24258125940320685
877_878,66.0,20,female,-11.357142857142861,2073,0.008683068017366137,0.013506994693680656,0.04486251808972504,0.0120598166907863,0.007718282682103232,0.017848528702363725,0.4384949348769899,0.20646406174626145,0.016401350699469366,0.06608779546550893,0.006271104679208876,0.06608779546550893,0.0,0.07187650747708635,0.015918958031837915,0.001929570670525808,0.005788712011577424,-0.6817351087144337,-0.24960175352410818,0.9384555954959284,-0.3608273886343323,-0.7961454598921778,0.024835092177652562,3.2133891571594644,2.4607848972391215,-0.05854651676139877,1.3241180763079132,-0.9968161553543293,1.3241180763079132,-4.292653021358658,1.4077905520320284,-0.08796040196769184,-2.0954284440224384,-1.0737771964904574
878_879,85.0,20,male,7.642857142857139,1278,0.006259780907668232,0.011737089201877934,0.028951486697965573,0.01564945226917058,0.003129890453834116,0.008607198748043818,0.18701095461658843,0.13693270735524257,0.012519561815336464,0.003129890453834116,0.000782472613458529,0.22848200312989045,0.002347417840375587,0.2981220657276995,0.017214397496087636,0.019561815336463225,0.019561815336463225,-0.9950751590723454,-0.39430129864341534,0.48919961040774895,-0.11471643642425366,-1.6310639257923416,-0.6927942871994119,2.343412094282354,2.0324977203373047,-0.33178094166208094,-1.6310639257923416,-2.7296762144604516,2.543323344103295,-1.8823783540732482,2.8089695281558957,-0.021626013358241103,0.10353712959576455,0.10353712959576455
879_880,83.0,20,male,5.642857142857139,1560,0.0019230769230769232,0.008333333333333333,0.026282051282051282,0.01282051282051282,0.021153846153846155,0.016025641025641024,0.07756410256410257,0.2064102564102564,0.014743589743589743,0.005128205128205128,0.009615384615384616,0.1814102564102564,0.003205128205128205,0.3769230769230769,0.014102564102564103,0.01282051282051282,0.011538461538461539,-2.2029409688840302,-0.8530142519350137,0.26998948985725457,-0.43527905123503574,0.05584150145162292,-0.21702548521501752,1.3442103254012054,2.320399198856429,-0.29870351622928437,-1.3156377738831275,-0.7148639134541974,2.191508185788409,-1.750955845140973,2.921872989320933,-0.3421886281690232,-0.43527905123503574,-0.5379332052951189
87_87,63.0,57,male,-4.5,717,0.015341701534170154,0.02789400278940028,0.04602510460251046,0.2203626220362622,0.0502092050209205,0.009762900976290097,0.07252440725244072,0.18131101813110181,0.023709902370990237,0.0041841004184100415,0.01394700139470014,0.10739191073919108,0.001394700139470014,0.18688981868898186,0.008368200836820083,0.00697350069735007,0.023709902370990237,-0.5604100900025673,0.017667760772591024,0.5087883134592492,2.0629974679455634,0.5945551352166745,-0.9878541048295064,0.9580560442258066,1.8686161013909763,-0.1405562444423034,-1.7499941568764035,-0.6513818682082944,1.3475208109875298,-2.597292017263607,1.8988070736701221,-1.1309549484701797,-1.2980090331333463,-0.1405562444423034
880_881,81.0,20,female,3.642857142857139,1152,0.03993055555555555,0.052083333333333336,0.049479166666666664,0.008680555555555556,0.013888888888888888,0.008680555555555556,0.2552083333333333,0.17100694444444445,0.010416666666666666,0.034722222222222224,0.004340277777777778,0.09027777777777778,0.005208333333333333,0.2144097222222222,0.012152777777777778,0.020833333333333332,0.008680555555555556,0.3889002729924407,0.6520913254359257,0.601232908202435,-1.0991767824373921,-0.6471916586943349,-1.0991767824373921,2.2347269634907714,1.8351865447403064,-0.9248233952926146,0.25074993451162353,-1.745803947362445,1.1986350318039958,-1.5787498626992784,2.0608585424078747,-0.776403390174341,-0.2518789220501887,-1.0991767824373921
881_882,76.0,20,male,-1.3571428571428612,1607,0.024891101431238332,0.017423771001866834,0.026757934038581208,0.010578718108276292,0.008089607965152458,0.014934660858743,0.09520846297448662,0.20784069695084006,0.04044803982576229,0.03298070939639079,0.023024268823895456,0.37647790914747975,0.0043559427504667085,0.09085252022401992,0.013690105787181083,0.002489110143123833,0.009956440572495333,-0.0015731410879213925,-0.35297102792581025,0.06988582289422363,-0.8406742342709466,-1.1001854297560314,-0.5042019976497336,1.3308254518268372,2.1097617643678683,0.47917502744079155,0.27680653870154615,-0.07853418222404995,2.7031794477927322,-1.68797209465815,1.2841503132567071,-0.58935980599004,-2.1987977184241405,-0.8995147342938798
882_883,79.0,20,male,1.6428571428571388,1456,0.01304945054945055,0.024725274725274724,0.04326923076923077,0.007554945054945055,0.008928571428571428,0.003434065934065934,0.18956043956043955,0.18063186813186813,0.017170329670329672,0.008241758241758242,0.01098901098901099,0.03914835164835165,0.004807692307692308,0.4072802197802198,0.013736263736263736,0.020604395604395604,0.006868131868131868,-0.46928171800372764,0.157616077015017,0.7113437223252173,-0.9973491482042243,-0.8370064981290448,-1.7349480913350033,2.1825146373889606,2.134357184407988,-0.20101773140904866,-0.9139675392651729,-0.6363358026668942,0.6120887642298762,-1.4247931630311643,2.946341030476294,-0.419271297429066,-0.02196949996006259,-1.0883209264099514
883_884,74.0,20,female,-3.357142857142861,1226,0.01794453507340946,0.052202283849918436,0.09053833605220228,0.008156606851549755,0.005709624796084829,0.03099510603588907,0.08890701468189233,0.3719412724306688,0.03833605220228385,0.004893964110929853,0.01794453507340946,0.08890701468189233,0.0008156606851549756,0.1272430668841762,0.02365415986949429,0.008156606851549755,0.02365415986949429,-0.35420842846938205,0.6989414861219707,1.2463008532204176,-1.1163484805162782,-1.4528207171374912,0.18293450361398245,1.2282008115767993,2.655864962355267,0.39300597336083953,-1.5959215607781645,-0.35420842846938205,1.2282008115767993,-3.0622586295715917,1.5853322723004517,-0.08333347433398197,-1.1163484805162782,-0.08333347433398197
884_885,87.0,20,female,9.642857142857139,1255,0.012749003984063745,0.018326693227091632,0.03187250996015936,0.009561752988047808,0.0031872509960159364,0.05338645418326693,0.17928286852589642,0.2446215139442231,0.018326693227091632,0.00796812749003984,0.02549800796812749,0.13864541832669322,0.009561752988047808,0.20398406374501993,0.016733067729083666,0.016733067729083666,0.009561752988047808,-0.7223233834527476,-0.36868334320916896,0.1756182097532113,-0.9999551200510273,-2.0216063675830083,0.6864438335192018,1.8926363945834506,2.20279132288729,-0.36868334320916896,-1.1743085071958048,-0.04444367502359059,1.6362409772831994,-0.9999551200510273,2.0214449002515416,-0.45763082922566545,-0.45763082922566545,-0.9999551200510273
885_886,87.0,20,female,9.642857142857139,988,0.010121457489878543,0.015182186234817813,0.09615384615384616,0.016194331983805668,0.032388663967611336,0.01720647773279352,0.20850202429149797,0.15688259109311742,0.01417004048582996,0.019230769230769232,0.010121457489878543,0.07186234817813765,0.009109311740890687,0.2560728744939271,0.020242914979757085,0.024291497975708502,0.022267206477732792,-1.0933302593171246,-0.7038654925554018,1.1144207310060819,-0.6413451355740674,0.03653457285508921,-0.5825046355511341,1.8855948959204847,1.6019402151386861,-0.7705568670540743,-0.47429105091090173,-1.0933302593171246,0.8249919332193594,-1.1934137178741078,2.090658306550635,-0.4242806303362401,-0.24603239892992157,-0.3311902072702284
886_887,70.0,21,female,13.384615384615387,1596,0.018796992481203006,0.02443609022556391,0.03007518796992481,0.042606516290726815,0.014411027568922305,0.022556390977443608,0.2337092731829574,0.16102756892230577,0.016917293233082706,0.010651629072681704,0.009398496240601503,0.2775689223057644,0.003132832080200501,0.09210526315789473,0.019423558897243107,0.006265664160401002,0.016917293233082706,-0.3620806747460459,-0.10350668645233574,0.10175643958402558,0.44702638690876784,-0.6228069372092984,-0.18249509777096584,2.14311064621346,1.7712123617443791,-0.4656213536868865,-0.9176064774299437,-1.0389673344342105,2.3148904433902224,-2.075059266120986,1.2140208174204625,-0.3298198125278242,-1.4284321011959342,-0.4656213536868865
887_888,68.0,21,male,11.384615384615387,1714,0.010501750291715286,0.007001166861143524,0.03558926487747958,0.013418903150525088,0.011085180863477246,0.013418903150525088,0.1557759626604434,0.26079346557759625,0.012835472578763127,0.013418903150525088,0.009918319719953326,0.21120186697782964,0.0011668611435239206,0.19311551925320886,0.01750291715285881,0.013418903150525088,0.019836639439906652,-0.7528818572693354,-1.1449239450453592,0.4483845854588573,-0.5136521682035018,-0.7002381237839139,-0.5136521682035018,1.9184669769824465,2.4330239483612957,-0.5571372801432406,-0.5136521682035018,-0.8084517084241463,2.222371884941115,-2.7543618574794597,2.1329752202723027,-0.25292590574024887,-0.5136521682035018,-0.12969326531630054
888_889,83.0,21,male,26.384615384615387,984,0.031504065040650404,0.02540650406504065,0.03861788617886179,0.029471544715447155,0.017276422764227643,0.0020325203252032522,0.1290650406504065,0.241869918699187,0.013211382113821139,0.018292682926829267,0.011178861788617886,0.06097560975609756,0.0040650406504065045,0.33434959349593496,0.028455284552845527,0.0020325203252032522,0.012195121951219513,0.27447461509767557,0.06316552143046872,0.4751453105598271,0.20887733261186225,-0.3133120498044435,-2.259222198859757,1.6726034338645692,2.2988563795944845,-0.5728232452895274,-0.25774219864963266,-0.7331658953647069,0.9271304343028839,-1.6714355339576374,2.62206342320865,0.17439115654069326,-2.259222198859757,-0.6497842864256564
889_890,81.0,21,female,24.384615384615387,1194,0.019262981574539362,0.019262981574539362,0.10552763819095477,0.04773869346733668,0.020938023450586266,0.02763819095477387,0.08542713567839195,0.09463986599664992,0.017587939698492462,0.0016750418760469012,0.007537688442211055,0.13819095477386933,0.005025125628140704,0.17169179229480738,0.015912897822445562,0.2068676716917923,0.01507537688442211,-0.44649183036155815,-0.44649183036155815,1.2367500566559033,0.44829269629163315,-0.3648137993472913,-0.09194681268065086,1.0263705470667914,1.128310585409786,-0.5354393163780542,-2.6872015196375165,-1.3522004529051768,1.505478943305446,-1.7316900746100798,1.7219537824246176,-0.6330777859419707,1.9079183304970733,-0.6857215194273922
88_88,78.0,57,male,10.5,1326,0.665158371040724,0.010558069381598794,0.2066365007541478,0.010558069381598794,0.0022624434389140274,0.010558069381598794,0.004524886877828055,0.014328808446455505,0.003770739064856712,0.0022624434389140274,0.0,0.021870286576168928,0.0007541478129713424,0.03619909502262444,0.006033182503770739,0.0015082956259426848,0.0030165912518853697,4.37032626229444,0.26171612291351654,3.2025187344365733,0.26171612291351654,-1.1596695580176437,0.26171612291351654,-0.5406303496114209,0.5579819390566891,-0.7076844342745874,-1.1596695580176437,-3.105579707072957,0.9719577368327621,-2.006967418404848,1.4691312714304252,-0.272366363016741,-1.4961417946388567,-0.908355129736738
890_891,65.0,14,female,2.857142857142854,1327,0.011303692539562924,0.015825169555388093,0.05651846269781462,0.027882441597588545,0.01281085154483798,0.0015071590052750565,0.21477015825169554,0.3677467972871138,0.024114544084400905,0.03918613413715147,0.006782215523737754,0.045968349660889224,0.00904295403165034,0.10700828937452901,0.028636021100226075,0.011303692539562924,0.019593067068575734,-0.809015007619093,-0.4818020964106764,0.7742776247106855,0.07448590143207134,-0.6876541506148253,-2.6335642996701387,2.1043869975517713,2.6414844399385435,-0.06861494220860198,0.4109581380532843,-1.298563232937799,0.5691821432681783,-1.0241263872360382,1.4094869681644115,0.1008032097494449,-0.809015007619093,-0.27271029855211726
891_892,57.0,14,female,-5.142857142857146,1453,0.012388162422573986,0.028217481073640742,0.013764624913971095,0.019270474879559532,0.015829318651066758,0.006882312456985547,0.28974535443909155,0.30282174810736406,0.019270474879559532,0.0805230557467309,0.01169993117687543,0.06675843083275981,0.007570543702684102,0.07088781830695114,0.025464556090846524,0.017894012388162423,0.011011699931176875,-0.7880562919518046,0.019866403200568872,-0.6854021378917214,-0.3559229367614791,-0.548826602885971,-1.354451766872606,2.3379927534058265,2.38208342134015,-0.3559229367614791,1.06061130954813,-0.8436261431066154,0.8740253539677179,-1.2634799886668797,0.9337445886693398,-0.08148609105971838,-0.428682291043907,-0.9024666431295487
892_893,79.0,15,female,17.692307692307693,1321,0.023467070401211203,0.02725208175624527,0.0635881907645723,0.02725208175624527,0.041635124905374715,0.0984102952308857,0.1279333838001514,0.18925056775170326,0.0174110522331567,0.015897047691143074,0.01514004542013626,0.1854655563966692,0.0,0.1279333838001514,0.012112036336109008,0.010598031794095382,0.016654049962149888,-0.22089109956246178,-0.07356638480560296,0.7658728889690791,-0.07356638480560296,0.34550437535834,1.2004945813686994,1.461974281426456,1.8525802751308706,-0.5138782242439359,-0.6028257102604315,-0.6504537592496864,1.8324183018405265,-4.364025825953995,1.461974281426456,-0.8675182644875137,-0.9967299959675198,-0.5573633361836747
893_894,67.0,15,female,5.692307692307693,1448,0.009668508287292817,0.026933701657458564,0.07251381215469613,0.019337016574585635,0.015883977900552487,0.004143646408839779,0.2472375690607735,0.287292817679558,0.026243093922651933,0.014502762430939226,0.010359116022099447,0.029696132596685083,0.0,0.19475138121546962,0.013812154696132596,0.0055248618784530384,0.022099447513812154,-0.7450429228483353,0.25710909963221207,1.2395193806412572,-0.06928748500025916,-0.26219115112475055,-1.5473893953732727,2.462737087764811,2.612694889332033,0.2314666690188747,-0.35113863714124705,-0.6783515483496627,0.3535693658197743,-4.112338752834809,2.2244869783116314,-0.39876668613050104,-1.2791254087785928,0.06204851706082781
894_895,75.0,16,male,7.428571428571431,1013,0.007897334649555774,0.004935834155972359,0.12240868706811452,0.014807502467917079,0.003948667324777887,0.007897334649555774,0.2675222112537019,0.24876604146100692,0.004935834155972359,0.013820335636722606,0.011846001974333662,0.1263573543928924,0.003948667324777887,0.1125370187561698,0.02171767028627838,0.008884501480750246,0.017769002961500493,-0.9468315596747172,-1.3821496309325627,1.7374079927337744,-0.3460576992457871,-1.5828203263947143,-0.9468315596747172,2.5170644162030023,2.4445135255444264,-1.3821496309325627,-0.4127490737444597,-0.5611690788627324,1.7690311811642863,-1.5828203263947143,1.6536770998233061,0.026617586039386243,-0.8356059245644931,-0.1691269910867086
896_897,64.0,16,female,-3.5714285714285694,2047,0.009770395701025891,0.025403028822667317,0.03517342452369321,0.01172447484123107,0.01172447484123107,0.004396678065461651,0.22911577918905715,0.15974596971177332,0.017586712261846604,0.268685881778212,0.007816316560820713,0.06985832926233512,0.0029311187103077674,0.10063507572056668,0.02051783097215437,0.006839276990718124,0.0180752320468979,-0.908078048298425,0.03231023515479059,0.3550836274178417,-0.729829816892106,-0.729829816892106,-1.6772111358362927,2.2231653642055305,1.8629851206325194,-0.331190673854342,2.3823240217199473,-1.1251425535362523,1.0378321007568885,-2.0567007575411957,1.4017974779583002,-0.17899885851241626,-1.2543542850162583,-0.3041620014664219
898_899,63.0,16,female,-4.571428571428569,1219,0.030352748154224774,0.016406890894175553,0.10828547990155865,0.003281378178835111,0.0016406890894175555,0.003281378178835111,0.1878589007383101,0.29286300246103364,0.01394585726004922,0.01804757998359311,0.009844134536505332,0.10418375717801477,0.004922067268252666,0.14602132895816242,0.016406890894175553,0.014766201804757998,0.02789171452009844,0.2916386211503541,-0.31227742568164807,1.553880333600266,-1.828624915049737,-2.4164115799518555,-1.828624915049737,2.1032007176745893,2.5464330503080514,-0.47050143089654206,-0.2191870026156364,-0.806973667517755,1.5154140527724702,-1.4609001349244197,1.851886289393683,-0.31227742568164807,-0.4149315797417312,0.20825701221130322
899_900,91.0,16,female,23.42857142857143,1282,0.0171606864274571,0.0039001560062402497,0.0062402496099844,0.07722308892355695,0.0124804992199688,0.0093603744149766,0.07566302652106084,0.11934477379095164,0.0070202808112324495,0.00234009360374415,0.00858034321372855,0.16146645865834633,0.00234009360374415,0.46489859594383776,0.01326053042121685,0.0093603744149766,0.0093603744149766,-0.024141320264718935,-1.4329085372366688,-0.9975904659788233,1.4625010146894533,-0.3342962485685588,-0.6119279851668384,1.4421957485287078,1.8960439375521578,-0.8863648308685983,-1.884893660979726,-0.6953095941058898,2.1974747101956593,-1.884893660979726,3.253422612062877,-0.2754557485456255,-0.6119279851668384,-0.6119279851668384
89_89,66.0,55,male,9.285714285714285,993,0.015105740181268883,0.025176233635448138,0.04632426988922457,0.1500503524672709,0.032225579053373615,0.016112789526686808,0.045317220543806644,0.2638469284994965,0.045317220543806644,0.01812688821752266,0.0473313192346425,0.12185297079556898,0.0030211480362537764,0.10171198388721048,0.025176233635448138,0.010070493454179255,0.03323262839879154,-0.8397116823537942,-0.3418732541146148,0.25890060631431533,1.426744686551746,-0.09931161694330326,-0.7771913253724598,0.2371606196779097,1.989699375752683,0.2371606196779097,-0.6627809741947162,0.28017800476160026,1.2193625565016077,-2.327788737783627,1.0395070922028466,-0.3418732541146148,-1.229176449115517,-0.06900626744797433
8_8,71.0,67,male,7.2307692307692335,866,0.015011547344110854,0.012702078521939953,0.02424942263279446,0.003464203233256351,0.005773672055427252,0.04157043879907621,0.10392609699769054,0.11662817551963048,0.03117782909930716,0.010392609699769052,0.005773672055427252,0.3140877598152425,0.005773672055427252,0.2390300230946882,0.003464203233256351,0.04041570438799076,0.026558891454965358,-0.43791982362114235,-0.5982624736963218,0.027443426068090915,-1.787846540570158,-1.3358614168271008,0.5567027515229199,1.4647403416403546,1.5794492894163161,0.2735764956069997,-0.7893177104590312,-1.3358614168271008,2.567029105037773,-1.3358614168271008,2.294521830605227,-1.787846540570158,0.528923187415844,0.1163909120845874
900_901,77.0,16,female,9.42857142857143,1184,0.014358108108108109,0.026182432432432432,0.011824324324324325,0.010135135135135136,0.010135135135135136,0.022804054054054054,0.20101351351351351,0.23226351351351351,0.016047297297297296,0.052364864864864864,0.0059121621621621625,0.08699324324324324,0.0033783783783783786,0.24577702702702703,0.022804054054054054,0.004222972972972973,0.033783783783783786,-0.5557018506910021,0.032084814211116974,-0.7437540821939415,-0.892174087312215,-0.892174087312215,-0.10371672694794487,2.0564665787079255,2.200684896972499,-0.44748826605076886,0.7172638251218855,-1.4029997110782055,1.2216688810849532,-1.913825334844196,2.257137274170077,-0.10371672694794487,-1.7131546393820454,0.2833992424920231
901_902,21.0,16,male,-46.57142857142857,1239,0.012106537530266344,0.018563357546408393,0.06779661016949153,0.005649717514124294,0.00645682001614205,0.004035512510088781,0.27280064568200163,0.15173527037933818,0.01937046004842615,0.10653753026634383,0.0129136400322841,0.06295399515738499,0.010492332526230832,0.17756255044390637,0.010492332526230832,0.01937046004842615,0.04116222760290557,-0.80334692399384,-0.3871865267689274,0.8925645864440876,-1.5292839273767758,-1.40412078442277,-1.8394388556806156,2.2803371444332887,1.6949110589690248,-0.34551383036835936,1.3423956975072362,-0.7408265670125056,0.8189116768693219,-0.9414972624746571,1.85171074696786,-0.9414972624746571,-0.34551383036835936,0.3973948597506496
902_903,80.0,17,male,13.142857142857139,1292,0.010835913312693499,0.05495356037151703,0.0456656346749226,0.2886996904024768,0.0781733746130031,0.003869969040247678,0.04489164086687306,0.14938080495356038,0.00696594427244582,0.0046439628482972135,0.007739938080495356,0.17647058823529413,0.0007739938080495357,0.06114551083591331,0.011609907120743035,0.006191950464396285,0.047987616099071206,-0.7561544029627045,0.8393943973107287,0.655673260162351,2.492614952183639,1.189755746092609,-1.7255549601508076,0.6387237018485776,1.8349744600806035,-1.179011253782738,-1.558500875487642,-1.0789277952257557,2.0012331579450264,-3.0248379442810682,0.9454539692710533,-0.689463028464032,-1.290236888892962,0.7048635043531228
903_904,66.0,17,female,-0.8571428571428612,1174,0.004258943781942078,0.009369676320272573,0.03492333901192504,0.008517887563884156,0.002555366269165247,0.0017035775127768314,0.5587734241908007,0.17632027257240204,0.005110732538330494,0.013628620102214651,0.007666098807495741,0.022998296422487224,0.005110732538330494,0.09965928449744463,0.02129471890971039,0.012776831345826235,0.015332197614991482,-1.23592494455791,-0.4983260014271309,0.7850203904403172,-0.589297779632858,-1.6879100683009671,-2.02438230492218,3.5462496569465154,2.3944583028744173,-1.0688708598947443,-0.1373126558898008,-0.6893812381898403,0.37351296787619015,-1.0688708598947443,1.8257652967878784,0.29800541536804515,-0.1998330128711343,-0.022902304712056676
904_905,66.0,17,female,-0.8571428571428612,1363,0.008070432868672046,0.020542920029347028,0.028613352898019074,0.05649303008070433,0.012472487160674981,0.001467351430667645,0.28686720469552457,0.14233308877476156,0.018341892883345562,0.06089508437270726,0.019809244314013204,0.10198092443140132,0.02714600146735143,0.16067498165810712,0.022010271460014674,0.012472487160674981,0.019809244314013204,-1.284907167387575,-0.3773501154821748,-0.050953530849703554,0.6230237336025217,-0.8650533218273115,-2.810963470882624,2.242731312674078,1.5431779603017213,-0.4885757505923993,0.6975924291000304,-0.4130681980842539,1.2108103985046408,-0.10291326978041448,1.6640980297584465,-0.3095275191434137,-0.8650533218273115,-0.4130681980842539
905_906,56.0,17,female,-10.857142857142861,852,0.011737089201877934,0.03051643192488263,0.025821596244131457,0.03286384976525822,0.012910798122065728,0.0,0.22652582159624413,0.29460093896713613,0.004694835680751174,0.015258215962441314,0.022300469483568074,0.07629107981220658,0.004694835680751174,0.18779342723004694,0.017605633802816902,0.004694835680751174,0.03169014084507042,-0.5918345192254297,0.33393495660326966,0.17030553282146732,0.40669431088569796,-0.5008627410197026,-3.6363569569488523,2.322067736080929,2.584233213150887,-1.4391323796126332,-0.3405200909445232,0.027204689180793995,1.2388403662522993,-1.4391323796126332,2.135084166181164,-0.20236975246370603,-1.4391323796126332,0.3709762282836184
906_907,71.0,18,male,4.857142857142861,942,0.013800424628450107,0.0074309978768577496,0.016985138004246284,0.09554140127388536,0.054140127388535034,0.005307855626326964,0.24097664543524416,0.262208067940552,0.010615711252653927,0.040339702760084924,0.009554140127388535,0.07430997876857749,0.006369426751592357,0.1029723991507431,0.012738853503184714,0.01910828025477707,0.027600849256900213,-0.702747392736732,-1.2905340576388507,-0.5020766972745805,1.199912772524765,0.6361447294885751,-1.6006889859426905,2.1217131602098895,2.2059735038276296,-0.9540618210176377,0.3452211631126234,-1.05414527957462,0.9501756316371077,-1.433634901279524,1.274415299822686,-0.7797084338728602,-0.38766634609683637,-0.02829234518893875
907_908,71.0,18,female,4.857142857142861,1127,0.007985803016858917,0.007985803016858917,0.12156166814551908,0.0044365572315882874,0.00354924578527063,0.00354924578527063,0.3797692990239574,0.18722271517302574,0.031055900621118012,0.032830523513753325,0.008873114463176575,0.09937888198757763,0.0,0.07630878438331855,0.009760425909494233,0.011535048802129548,0.01419698314108252,-0.7744271766875306,-0.7744271766875306,1.8979049418126004,-1.3209708830556002,-1.5216415785177517,-1.5216415785177517,3.034571762743809,2.328506023192307,0.5438137211873446,0.5986219576823397,-0.6743437181305474,1.6972342463504493,-3.718866155853971,1.434425438643808,-0.5833719399248212,-0.4230292898496417,-0.22235859438749017
908_909,63.0,18,female,-3.142857142857139,1233,0.0340632603406326,0.030819140308191405,0.014598540145985401,0.06731549067315491,0.016220600162206,0.0186536901865369,0.22303325223033252,0.2060016220600162,0.047039740470397405,0.029197080291970802,0.012976480129764802,0.09651257096512571,0.017842660178426603,0.11030008110300081,0.019464720194647202,0.030008110300081103,0.025952960259529603,-0.11315494076643517,-0.21200077540306772,-0.944888284612527,0.5621876151600036,-0.8422341305524439,-0.705658595546693,1.755928611896163,1.6766418192937713,0.2063677375410049,-0.26534675610836,-1.0592986357902712,0.9206573546747592,-0.7491437074864313,1.0536655979282084,-0.6639858991461245,-0.23831808372044083,-0.38141892736111416
909_910,63.0,18,female,-3.142857142857139,1566,0.0140485312899106,0.01532567049808429,0.03384418901660281,0.014687100893997445,0.0070242656449553,0.001277139208173691,0.40676883780332057,0.219029374201788,0.02234993614303959,0.06066411238825032,0.01277139208173691,0.07279693486590039,0.005108556832694764,0.07854406130268199,0.008301404853128991,0.0070242656449553,0.020434227330779056,-0.4439254225879643,-0.3587676142476579,0.42224092210362185,-0.4004403106482255,-1.1150936964291343,-2.6411499999241843,2.900113545234242,2.2817463798640647,0.012091964683031087,1.0016855156883455,-0.5370158456539769,1.1831340911959551,-1.4173745683020686,1.2588004242696926,-0.9547510463539557,-1.1150936964291343,-0.07620064246264713
90_90,75.0,55,female,18.285714285714285,963,0.01142263759086189,0.008307372793354102,0.08099688473520249,0.15991692627206647,0.07892004153686397,0.016614745586708203,0.04257528556593977,0.14641744548286603,0.010384215991692628,0.007268951194184839,0.01142263759086189,0.0893042575285566,0.005192107995846314,0.2502596053997923,0.033229491173416406,0.003115264797507788,0.0446521287642783,-0.8971530513555095,-1.199433923228443,1.023598538063649,1.7006940096130865,0.9977906541077766,-0.5361397058181785,0.3861933405119391,1.6127996303585785,-0.9881248295612357,-1.3245970661824487,-0.8971530513555095,1.1206443272131201,-1.6347519944862885,2.147369386367914,0.14174000261097808,-2.0867371182293457,0.43326085136992454
910_911,42.0,18,female,-24.14285714285714,1527,0.0183366077275704,0.03077930582842174,0.03339882121807466,0.010478061558611657,0.0006548788474132286,0.007858546168958742,0.343811394891945,0.17288801571709234,0.022920759659463,0.12639161755075312,0.01309757694826457,0.14603798297314996,0.0006548788474132286,0.02619515389652914,0.011787819253438114,0.019646365422396856,0.015062213490504257,-0.15555900738073758,0.35526661638525336,0.436118713014348,-0.7021027137488076,-3.0999979865471783,-0.9797344503470873,2.7588870956616636,2.072378156643012,0.06406960182602761,1.759814417814494,-0.48503820851097945,1.9039483193982811,-3.0999979865471783,0.19583887945715128,-0.5876923625710635,-0.08773641104197649,-0.34846267350522897
911_912,65.0,18,female,-1.1428571428571388,1484,0.02021563342318059,0.02021563342318059,0.09973045822102426,0.04851752021563342,0.01752021563342318,0.004043126684636119,0.28706199460916443,0.1752021563342318,0.022911051212938006,0.04245283018867924,0.01078167115902965,0.09973045822102426,0.03975741239892183,0.06132075471698113,0.020889487870619946,0.00876010781671159,0.020889487870619946,-0.493315178526335,-0.493315178526335,1.0895430961030534,0.3725446997209283,-0.6338971291475239,-2.039239685238109,2.144570504792033,1.651560999053721,-0.37008253810238667,0.2399980437589453,-1.1076814812331657,1.0895430961030534,0.17493445041188327,0.605297110141775,-0.46105431630811333,-1.3083521766953172,-0.46105431630811333
912_913,73.0,18,male,6.857142857142861,1460,0.003424657534246575,0.015068493150684932,0.03424657534246575,0.08698630136986302,0.06232876712328767,0.0027397260273972603,0.13013698630136986,0.3013698630136986,0.01986301369863014,0.05273972602739726,0.014383561643835616,0.06232876712328767,0.00684931506849315,0.15273972602739727,0.028767123287671233,0.004794520547945206,0.021232876712328767,-2.0152856449363292,-0.6065184279643803,0.2019395991065598,1.1280826274237263,0.7963052351067215,-2.21595634039848,1.5296184573920013,2.36787670820148,-0.3356434738289802,0.6302441991845469,-0.6519808020411371,0.7963052351067215,-1.3686584800112764,1.689377676878869,0.029470338755616776,-1.7051307166324894,-0.2700461913431669
914_915,87.0,19,female,13.583333333333329,2089,0.013882240306366683,0.0205840114887506,0.00861656294877932,0.024413595021541407,0.014360938247965534,0.02537099090473911,0.15749162278602202,0.21685016754427955,0.04164672091910005,0.014839636189564385,0.007180469123982767,0.2848252752513164,0.004786979415988511,0.11201531833413117,0.022498803255146003,0.02202010531354715,0.00861656294877932,-0.6630882692948834,-0.2747175945460185,-1.1297078005563783,-0.1058967249709668,-0.6297518490272909,-0.067796878738696,1.7500978213019047,2.069516736914534,0.4241602607229118,-0.5974909868090696,-1.306638508715456,2.3419228561546976,-1.6961032754771797,1.409977055245677,-0.18674882160006145,-0.2080262200473464,-1.1297078005563783
915_916,73.0,19,female,-0.4166666666666714,1419,0.021141649048625793,0.031007751937984496,0.05144467935165609,0.019027484143763214,0.007751937984496124,0.004228329809725159,0.1959126145172657,0.22692036645525018,0.042283298097251586,0.015503875968992248,0.006342494714587738,0.08668076109936575,0.0028188865398167725,0.21212121212121213,0.019732205778717406,0.014799154334038054,0.042283298097251586,-0.262361382319638,0.11540112323919027,0.6171973402857871,-0.36590206126047864,-1.2377410305638001,-1.8082858890314126,1.9493299934343347,2.096015070302823,0.42255529910379197,-0.5665727567226293,-1.4287962673265087,1.1361530901350276,-2.17601066915673,2.028681950234236,-0.3301839786583991,-0.612035130799387,0.42255529910379197
916_917,72.0,19,female,-1.4166666666666714,1417,0.015525758645024701,0.019760056457304165,0.05504587155963303,0.019054340155257588,0.017642907551164433,0.009174311926605505,0.17501764290755117,0.18489767113620326,0.026817219477769938,0.024700070571630206,0.011291460832745237,0.11997177134791814,0.0028228652081863093,0.1863091037402964,0.03175723359209598,0.0776287932251235,0.022582921665490474,-0.7285987667221692,-0.49220998865793897,0.5209845488558194,-0.5279280712600181,-0.6034356237681635,-1.2394243904881597,1.67332876960414,1.728137006099135,-0.1914558346388051,-0.27258137945117333,-1.038753695026009,1.2966212207910277,-2.3380366791562697,1.7357271753658106,-0.024401749975638598,0.8629014450252637,-0.360873986596852
917_918,86.0,19,male,12.583333333333329,1460,0.003424657534246575,0.004794520547945206,0.038356164383561646,0.010958904109589041,0.0027397260273972603,0.009589041095890411,0.35547945205479453,0.1773972602739726,0.015753424657534248,0.012328767123287671,0.0061643835616438354,0.15205479452054796,0.0027397260273972603,0.15821917808219177,0.015753424657534248,0.026027397260273973,0.00821917808219178,-1.622318750213899,-1.312163821910059,0.7071737957000712,-0.5237064615457889,-1.8229894456760496,-0.652918193025795,2.925799968086958,2.2316898601536193,-0.17006642130221117,-0.4092961103680448,-1.0757750438458284,2.077860259153971,-1.8229894456760496,2.1175130310739645,-0.17006642130221117,0.3235913988414145,-0.8013381981440686
918_919,75.0,20,male,-2.357142857142861,1257,0.0,0.002386634844868735,0.0007955449482895784,0.008750994431185362,0.006364359586316627,0.017501988862370723,0.16388225934765313,0.16308671439936356,0.007159904534606206,0.00954653937947494,0.015115354017501989,0.19729514717581542,0.0007955449482895784,0.36992840095465396,0.015115354017501989,0.012728719172633254,0.00954653937947494,-3.4830127276239295,-1.537102578568616,-2.3844004389558195,-0.3475185116947799,-0.6497993835677134,0.3236497621463901,2.540434865337103,2.535580486872305,-0.5385737484574893,-0.26413690275572854,0.18054891850571675,2.7255772984726994,-2.3844004389558195,3.3532465496531376,0.18054891850571675,0.013494833842551124,-0.26413690275572854
91_91,53.0,55,male,-3.7142857142857153,1389,0.012239020878329733,0.02663786897048236,0.03455723542116631,0.14038876889848811,0.028077753779697623,0.042476601871850254,0.10943124550035997,0.15190784737221022,0.01511879049676026,0.023758099352051837,0.03023758099352052,0.3102951763858891,0.0007199424046076314,0.02591792656587473,0.023038156947444204,0.003599712023038157,0.02159827213822894,-0.8313399875746339,-0.06919993552773729,0.18802292943933496,1.582019510921318,-0.017240196597026358,0.39243544404748176,1.333623727543364,1.6606841299822301,-0.625487933370485,-0.1819954296730817,0.05596320742626881,2.3737266420193803,-3.288075760395938,-0.0962286079156569,-0.2123007791684106,-1.9887927762656772,-0.2758141848907365
920_921,41.0,26,male,-16.92307692307692,840,0.030952380952380953,0.03333333333333333,0.0988095238095238,0.10476190476190476,0.02023809523809524,0.0,0.10238095238095238,0.0869047619047619,0.011904761904761904,0.008333333333333333,0.002380952380952381,0.03571428571428571,0.036904761904761905,0.36666666666666664,0.007142857142857143,0.015476190476190477,0.0380952380952381,0.200725994244201,0.2734853485266293,1.3484278931088345,1.4065838132659083,-0.214217857818507,-3.769565919307921,1.3837256751898583,1.2208666674708155,-0.7250434815844975,-1.0615157182057104,-2.1601280068738204,0.34130794486539084,0.37356880708361206,2.655303104597467,-1.2046165618463838,-0.47372905330359183,0.4048213505877163
921_922,76.0,26,female,18.07692307692308,952,0.0031512605042016808,0.01680672268907563,0.045168067226890755,0.01050420168067227,0.0010504201680672268,0.0010504201680672268,0.2426470588235294,0.31092436974789917,0.004201680672268907,0.017857142857142856,0.01365546218487395,0.06827731092436974,0.0010504201680672268,0.19222689075630253,0.0273109243697479,0.029411764705882353,0.014705882352941176,-1.5823965729121525,-0.0317991605009853,0.9376013966871182,-0.4837842842440425,-2.429694433299356,-2.429694433299356,2.6094203321187686,2.85688767703026,-1.331082144631246,0.027041339521947982,-0.23246985596313685,1.346890601233686,-2.429694433299356,2.3770551260871047,0.441985191584656,0.5147445458670843,-0.1610108919809914
922_923,36.0,26,male,-21.92307692307692,998,0.014028056112224449,0.017034068136272545,0.026052104208416832,0.009018036072144289,0.004008016032064128,0.008016032064128256,0.18637274549098196,0.11823647294589178,0.008016032064128256,0.02905811623246493,0.004008016032064128,0.4318637274549098,0.006012024048096192,0.0841683366733467,0.004008016032064128,0.0070140280561122245,0.04308617234468938,-0.34987312837970475,-0.16182089687676537,0.2531229551859431,-0.7727299791997382,-1.5199443810299593,-0.8839556143099623,2.2044094612776366,1.7508911827689526,-0.8839556143099623,0.3603684855395408,-1.5199443810299593,3.0432457327172493,-1.1522196009046421,1.4127297565568946,-1.5199443810299593,-1.0091187572639688,0.7487391602884048
923_924,38.0,26,female,-19.92307692307692,1735,0.025936599423631124,0.02190201729106628,0.0553314121037464,0.020172910662824207,0.02478386167146974,0.013256484149855908,0.14236311239193083,0.12910662824207492,0.012103746397694525,0.0414985590778098,0.0138328530259366,0.3573487031700288,0.004610951008645533,0.08760806916426513,0.01037463976945245,0.02478386167146974,0.014985590778097982,-0.15747822124410504,-0.3245323059072711,0.5943524611439304,-0.40565785071963933,-0.2024296091063711,-0.8181901260508964,1.5362200348077353,1.4386851599812993,-0.9071376120673929,0.3083960146596194,-0.7765174296503279,2.4553350574436523,-1.8351243837047386,1.0519740488464566,-1.0574198151167309,-0.2024296091063711,-0.6980458142088333
924_925,39.0,26,female,-18.92307692307692,1056,0.017992424242424244,0.017992424242424244,0.09185606060606061,0.00946969696969697,0.004734848484848485,0.02462121212121212,0.2490530303030303,0.11079545454545454,0.01231060606060606,0.03409090909090909,0.008522727272727272,0.2471590909090909,0.008522727272727272,0.07007575757575757,0.008522727272727272,0.06628787878787878,0.017992424242424244,-0.4561490061499245,-0.4561490061499245,1.1532889062841756,-1.0751882145561482,-1.7218153794812001,-0.14941873872744926,2.147489896261791,1.3398748618645882,-0.8238737862752417,0.17074878886882017,-1.1752716731131305,2.139870811785352,-1.1752716731131305,0.884235653665888,-1.1752716731131305,0.8290492380985972,-0.4561490061499245
926_927,70.0,73,male,13.0,1547,0.02456367162249515,0.023270846800258566,0.06722689075630252,0.13122171945701358,0.027795733678086618,0.025856496444731737,0.16354234001292825,0.14156431803490627,0.026502908855850032,0.031027795733678087,0.004524886877828055,0.12669683257918551,0.02068519715578539,0.10536522301228184,0.0200387847446671,0.025210084033613446,0.03490627020038785,-0.47986924235542805,-0.5332152230607203,0.5186595877556992,1.1851385212334833,-0.357766545554528,-0.42922550953667304,1.4048363393820715,1.2608247488660598,-0.4048340564125139,-0.2489636857057289,-2.1156244631069017,1.1501349476601495,-0.6492873943134745,0.9662855066881417,-0.6805399378175792,-0.45422681174209023,-0.13232678197996783
927_928,66.0,73,female,9.0,1865,0.016621983914209115,0.02198391420911528,0.03163538873994638,0.07613941018766757,0.0353887399463807,0.016621983914209115,0.23109919571045576,0.18873994638069705,0.013941018766756031,0.05308310991957105,0.009115281501340482,0.15764075067024128,0.00804289544235925,0.0772117962466488,0.012868632707774798,0.02198391420911528,0.027882037533512063,-0.716164714088305,-0.44045883268323927,-0.08017594736830791,0.7931897397888132,0.03104968774191663,-0.716164714088305,1.9011152506035907,1.6988983623324314,-0.8890075269277151,0.4340053842446552,-1.3039513789904236,1.5191267431717494,-1.4253122359946913,0.8071272476325948,-0.9674791423692106,-0.44045883268323927,-0.205339090322314
929_930,59.0,73,female,2.0,1560,0.028205128205128206,0.02435897435897436,0.07243589743589744,0.05641025641025641,0.008333333333333333,0.010897435897435897,0.11282051282051282,0.1782051282051282,0.04358974358974359,0.021153846153846155,0.01217948717948718,0.2878205128205128,0.002564102564102564,0.09038461538461538,0.025,0.014102564102564103,0.011538461538461539,-0.08153879036649325,-0.22636973824494966,0.8547748573827691,0.6059745724751959,-1.2743382940943038,-1.0148270986092198,1.2962928968346632,1.7523900798286507,0.34980576572949174,-0.36548254070766717,-0.9066135139689866,2.231107874372987,-2.3729505827624138,1.0752717375446044,-0.20072730763161184,-0.7635126703283133,-0.959257247454409
92_92,71.0,55,male,14.285714285714285,1114,0.005385996409335727,0.017055655296229804,0.00718132854578097,0.1059245960502693,0.13464991023339318,0.03231597845601436,0.09515260323159784,0.15439856373429084,0.01615798922800718,0.010771992818671455,0.003590664272890485,0.22351885098743268,0.003590664272890485,0.09245960502692999,0.018850987432675045,0.009874326750448833,0.06912028725314183,-1.5786905253128332,-0.48007823664472316,-1.3104265387181542,1.3244202583607612,1.563470381974506,0.14681955837402105,1.2176522829350551,1.6999045342569898,-0.5327219701301456,-0.9247640579061693,-1.9464153054381503,2.0689662129771484,-1.9464153054381503,1.1890789104909993,-0.3824397670808075,-1.0081456668452207,0.8997852341448764
930_931,43.0,73,female,-14.0,1298,0.026194144838212634,0.02234206471494607,0.061633281972265024,0.17103235747303544,0.020801232665639446,0.0007704160246533128,0.162557781201849,0.25654853620955315,0.032357473035439135,0.020030816640986132,0.01386748844375963,0.05161787365177196,0.0015408320493066256,0.09784283513097072,0.026194144838212634,0.004622496147919877,0.030046224961479198,-0.02445651468271759,-0.18102557537425756,0.8228413457044863,1.8395112628862635,-0.25122983404750565,-3.1599507306118673,1.7888091597663012,2.244227026635647,0.1840882372103394,-0.28827110572785486,-0.6476451066357525,0.6467117591584528,-2.6491251068458768,1.2827005258784494,-0.02445651468271759,-1.69361366181844,0.11088483318704467
932_933,32.0,73,male,-25.0,1942,0.014933058702368692,0.014933058702368692,0.04325437693099897,0.08959835221421215,0.01905252317198764,0.007723995880535531,0.12976313079299692,0.20545829042224512,0.0345005149330587,0.05973223480947477,0.01184346035015448,0.1791967044284243,0.022142121524201853,0.08650875386199794,0.013903192584963954,0.046343975283213185,0.021112255406797117,-0.8908948111399626,-0.8908948111399626,0.1614664598773916,0.8866396671567451,-0.6509441415093717,-1.534445050560536,1.2561261742296779,1.7149286907205925,-0.06315747660725268,0.4826061985200183,-1.1182846533356239,1.5783531557148418,-0.5025241363910986,0.8516506753066797,-0.9610990698132111,0.23006477622014376,-0.549591647249084
933_934,48.0,73,male,-9.0,2045,0.02493887530562347,0.03471882640586797,0.04645476772616137,0.08655256723716381,0.015647921760391197,0.015647921760391197,0.1354523227383863,0.1877750611246944,0.041075794621026895,0.037163814180929094,0.007823960880195598,0.17310513447432763,0.004400977995110024,0.1393643031784841,0.010757946210268949,0.022982885085574573,0.01613691931540342,-0.3130685631205603,0.015047078909711242,0.3044758766964337,0.9243202381252198,-0.7734102814545594,-0.7734102814545594,1.3711705623962387,1.697293418155448,0.1821011635728773,0.08264037004223956,-1.4512899898837155,1.6160579751819315,-2.003358572183756,1.3995916583058143,-1.1411350615798765,-0.3939206597496554,-0.7431049319592296
934_935,76.0,73,female,19.0,1505,0.0212624584717608,0.0212624584717608,0.029900332225913623,0.11760797342192691,0.030564784053156147,0.022591362126245847,0.14485049833887043,0.15813953488372093,0.016611295681063124,0.0425249169435216,0.0033222591362126247,0.22059800664451829,0.0019933554817275745,0.12425249169435217,0.014617940199335547,0.009302325581395349,0.020598006644518274,-0.3329749119415544,-0.3329749119415544,0.0034973246796585755,1.364755607638224,0.025237311316064215,-0.2732556772399324,1.5725710132583983,1.6601543090511495,-0.5755365491128663,0.3524502225244803,-2.109466909038821,1.9924248588186624,-2.561452032781878,1.419563844133219,-0.700699692066872,-1.140066351850718,-0.36422745544565904
935_936,71.0,73,male,14.0,1858,0.03229278794402583,0.024219590958019375,0.03229278794402583,0.16792249730893433,0.03767491926803014,0.007534983853606028,0.08934337997847147,0.2319698600645856,0.042518837459634015,0.03713670613562971,0.0032292787944025836,0.09795479009687837,0.007534983853606028,0.1232508073196986,0.01883745963401507,0.012378902045209902,0.03390742734122713,-0.04811478384603474,-0.3330458229259259,-0.04811478384603474,1.5938463202936255,0.10485456093539236,-1.4766094994563024,0.9642371605376678,1.9165093616406519,0.22499887277745545,0.09056860368791586,-2.278955971981239,1.0559920241397154,-1.4766094994563024,1.2851448806177692,-0.5812254524014606,-0.9937577277327176,0.0002817570158151206
937_938,48.0,73,female,-9.0,1209,0.10918114143920596,0.05789909015715467,0.052109181141439205,0.12241521918941274,0.034739454094292806,0.005789909015715467,0.13399503722084366,0.1687344913151365,0.028949545078577336,0.02481389578163772,0.009098428453267164,0.07444168734491315,0.008271298593879239,0.1141439205955335,0.006617038875103391,0.013234077750206782,0.03556658395368073,1.0981789616280806,0.467209026020027,0.36263622210044977,1.2121812744445584,-0.0388996078678252,-1.773500663255931,1.3022743179715963,1.5321642916846603,-0.21887098731682597,-0.3706770001848301,-1.3460566484289918,0.7169461669076842,-1.437028426634718,1.142466641829197,-1.6483375203019253,-0.9850433028916608,-0.015642745703557726
938_939,62.0,74,male,7.666666666666664,921,0.033659066232356136,0.03908794788273615,0.07926167209554831,0.10314875135722042,0.00760043431053203,0.004343105320304018,0.09120521172638436,0.22366992399565688,0.04017372421281216,0.0249728555917481,0.031487513572204126,0.12920738327904452,0.004343105320304018,0.13463626492942454,0.03474484256243214,0.009771986970684038,0.008686210640608035,0.018236194233259173,0.165560908990118,0.8655340546204631,1.1273748958883565,-1.416848331056063,-1.9276739548220543,1.0050001827648,1.8985490608027595,0.19258958137803717,-0.2747509304482145,-0.047361088252553696,1.3515650197732376,-1.9276739548220543,1.3925543643064344,0.04948873773736384,-1.1804595529918331,-1.2916851881020572
939_940,72.0,74,male,17.666666666666664,708,0.00847457627118644,0.02824858757062147,0.1440677966101695,0.062146892655367235,0.02824858757062147,0.012711864406779662,0.07627118644067797,0.288135593220339,0.014124293785310734,0.012711864406779662,0.0211864406779661,0.10028248587570622,0.00423728813559322,0.13559322033898305,0.02401129943502825,0.018361581920903956,0.0211864406779661,-1.278156970700409,-0.12953426145763824,1.4799036509764623,0.6455300415701939,-0.12953426145763824,-0.8986673489955059,0.8482415540671977,2.170608827880856,-0.7985838904385227,-0.8986673489955059,-0.4091191236767999,1.1197383020979612,-1.8971961791066327,1.4195838607429394,-0.28775826667253224,-0.5472694621576171,-0.4091191236767999
93_93,60.0,55,male,3.2857142857142847,1188,0.01430976430976431,0.027777777777777776,0.03872053872053872,0.20622895622895623,0.046296296296296294,0.005050505050505051,0.2239057239057239,0.1994949494949495,0.015151515151515152,0.029461279461279462,0.008417508417508417,0.031144781144781145,0.005050505050505051,0.08838383838383838,0.029461279461279462,0.0016835016835016834,0.029461279461279462,-0.6500997965812991,-0.0007552386797464727,0.32715163508254363,1.990996269723808,0.5040823432416217,-1.640498500609176,2.073073566095132,1.9578669459639286,-0.5945299454264883,0.057232018970602816,-1.1609254203472896,0.11204025546559793,-1.640498500609176,1.146410275405354,0.057232018970602816,-2.5960099456366117,0.057232018970602816
940_941,71.0,74,male,16.666666666666664,477,0.025157232704402517,0.012578616352201259,0.031446540880503145,0.0041928721174004195,0.008385744234800839,0.016771488469601678,0.20335429769392033,0.1069182389937107,0.006289308176100629,0.0440251572327044,0.006289308176100629,0.29979035639413,0.0020964360587002098,0.19077568134171907,0.023060796645702306,0.0041928721174004195,0.014675052410901468,0.11069934439916507,-0.5432271230074988,0.3258107240161108,-1.4987385680349354,-0.9109519031328159,-0.2749631364128198,2.1648230780947113,1.5265525077606,-1.1622663314137225,0.6530236352245269,-1.1622663314137225,2.5513057352905855,-2.009564191800926,2.101309672372385,0.02731773546011418,-1.4987385680349354,-0.40012627936682543
941_942,68.0,74,female,13.666666666666664,1336,0.0074850299401197605,0.030688622754491017,0.08008982035928144,0.01721556886227545,0.0074850299401197605,0.0037425149700598802,0.10853293413173652,0.3001497005988024,0.03293413173652695,0.04416167664670659,0.0074850299401197605,0.059880239520958084,0.021706586826347306,0.2252994011976048,0.02694610778443114,0.009730538922155689,0.016467065868263474,-1.293968413459241,0.08034975661393418,1.0321471769449988,-0.4883432494726052,-1.293968413459241,-1.940595578384293,1.3348324159888287,2.3498638627640975,0.150145518549476,0.44063264192886553,-1.293968413459241,0.742913513801799,-0.2609534072769444,2.0634263455445216,-0.04803141003427269,-1.0426539851783345,-0.531828361412344
942_943,64.0,74,female,9.666666666666664,768,0.010416666666666666,0.00390625,0.02734375,0.010416666666666666,0.0013020833333333333,0.0078125,0.3098958333333333,0.21354166666666666,0.020833333333333332,0.040364583333333336,0.0013020833333333333,0.20572916666666666,0.00390625,0.06510416666666667,0.029947916666666668,0.029947916666666668,0.018229166666666668,-0.6448131789056215,-1.5321163739065242,0.2831735927317247,-0.6448131789056215,-2.3794142342937286,-0.9130771655003014,2.6894899679265034,2.3180312278035338,0.018481038504642555,0.6651082034296949,-2.3794142342937286,2.280875250915443,-1.5321163739065242,1.1370939938794216,0.37212107874822076,0.37212107874822076,-0.11073069297536398
943_944,77.0,74,male,22.666666666666664,1137,0.06156552330694811,0.079155672823219,0.08003518029903255,0.03518029903254178,0.032541776605101144,0.001759014951627089,0.04573438874230431,0.22691292875989447,0.021108179419525065,0.001759014951627089,0.0043975373790677225,0.07563764291996482,0.003518029903254178,0.30782761653474056,0.012313104661389622,0.005277044854881266,0.005277044854881266,1.0146720335007897,1.264409174388447,1.2753982959640422,0.46036129779505996,0.38340025665893185,-2.3246499444432778,0.7198724932801448,2.3139550176310504,-0.042267558766752256,-2.3246499444432778,-1.5361925840790085,1.2192037376204001,-1.7368632795411592,2.6184200301572114,-0.5667920268909046,-1.369138499415842,-1.369138499415842
944_945,40.0,74,female,-14.333333333333336,1177,0.034834324553950725,0.018691588785046728,0.13593882752761258,0.028037383177570093,0.008496176720475786,0.021240441801189464,0.09770603228547153,0.2259983007646559,0.02888700084961767,0.04078164825828377,0.008496176720475786,0.06966864910790145,0.011045029736618521,0.1903143585386576,0.021240441801189464,0.04672897196261682,0.0118946474086661,-0.008790030892674938,-0.6209681489189531,1.343810484440743,-0.2229380192983066,-1.3831082009658497,-0.49580500596494703,1.014787071832521,1.8508907854765717,-0.19352413409201352,0.14708033981411006,-1.3831082009658497,0.678314835211308,-1.131793772684944,1.6793922490529816,-0.49580500596494703,0.28189956262306115,-1.0603348087027986
945_946,30.0,74,male,-24.333333333333336,1098,0.010018214936247723,0.01092896174863388,0.06739526411657559,0.033697632058287796,0.00546448087431694,0.010018214936247723,0.15846994535519127,0.2122040072859745,0.0273224043715847,0.08652094717668488,0.018214936247723135,0.1302367941712204,0.03642987249544627,0.1429872495446266,0.02185792349726776,0.015482695810564663,0.012750455373406194,-1.1630550059125913,-1.07967339697354,0.7053970841037183,0.018938891694569637,-1.7335998643802037,-1.1630550059125913,1.5565227003606865,1.8477800358271566,-0.18767535766842958,0.953724206204889,-0.584977155137433,1.3609329939178805,0.0958999328306982,1.4540234169838924,-0.406728923731114,-0.743201160352327,-0.9312533918552663
946_947,42.0,74,female,-12.333333333333336,1271,0.0967741935483871,0.02753737214791503,0.06215578284815106,0.01888276947285602,0.0015735641227380016,0.014948859166011016,0.1935483870967742,0.24232887490165225,0.03855232100708104,0.042486231313926044,0.025177025963808025,0.10149488591660111,0.004720692368214005,0.07002360346184107,0.02989771833202203,0.01888276947285602,0.011014948859166011,1.0973818514677443,-0.1493266081189173,0.6568977170599988,-0.5201861870496058,-2.8025685727261327,-0.748444839030586,1.7885026888824573,2.0128625387451553,0.18311336497435748,0.27934139706891115,-0.2376192152645955,1.144821576539305,-1.847057127698696,0.7753793206805222,-0.06820106330654907,-0.5201861870496058,-1.0447106551737586
947_948,29.0,74,male,-25.333333333333336,1731,0.02772963604852686,0.04563835932986713,0.02772963604852686,0.02772963604852686,0.014442518775274409,0.0017331022530329288,0.24436741767764297,0.24610051993067592,0.020219526285384173,0.14038128249566725,0.015020219526285385,0.05488157134604275,0.0017331022530329288,0.07336799537839399,0.019641825534373193,0.024263431542461005,0.015020219526285385,-0.011698778686608069,0.48249444503024064,-0.011698778686608069,-0.011698778686608069,-0.6545841244656652,-2.640499608134678,2.1552909374620635,2.162349790301688,-0.3237298801486759,1.6018543658925988,-0.6161178436378689,0.665863670856639,-2.640499608134678,0.9548537879684349,-0.35230325259273165,-0.14375850069967466,-0.6161178436378689
949_950,31.0,74,male,-23.333333333333336,1550,0.016129032258064516,0.015483870967741935,0.03612903225806452,0.012903225806451613,0.012258064516129033,0.0012903225806451613,0.22774193548387098,0.22258064516129034,0.034193548387096775,0.10774193548387097,0.011612903225806452,0.1367741935483871,0.02967741935483871,0.07677419354838709,0.023225806451612905,0.026451612903225806,0.00903225806451613,-0.5900803223551709,-0.6300856569688702,0.2054818636328437,-0.8083338883751892,-0.8583443089498508,-2.9124680426453966,2.0391247108170756,2.016233868688173,0.15092287938240911,1.2922245767455696,-0.9109880424352723,1.5301832138449198,0.010693538073759168,0.9545575968520139,-0.2314465139311057,-0.10306534728289884,-1.1546101250930225
950_951,66.0,74,male,11.666666666666664,615,0.011382113821138212,0.016260162601626018,0.008130081300813009,0.0032520325203252032,0.00975609756097561,0.030894308943089432,0.2032520325203252,0.1967479674796748,0.00975609756097561,0.026016260162601626,0.004878048780487805,0.3300813008130081,0.0,0.0991869918699187,0.014634146341463415,0.022764227642276424,0.013008130081300813,-0.5260817972583247,-0.18960956063711176,-0.8362367255621646,-1.6246940859264347,-0.669182640898998,0.4294296477691111,2.2913209407712487,2.2589294449800135,-0.669182640898998,0.262375563105945,-1.2882218493052218,2.77468118708206,-3.234131998360535,1.5780523570118823,-0.28969301919409496,0.13316383162593892,-0.40091865430431906
951_952,20.0,75,female,-29.5,2091,0.04065040650406504,0.031085604973696796,0.07317073170731707,0.03156384505021521,0.003347680535628886,0.00047824007651841227,0.23672883787661406,0.24007651841224295,0.026303204208512673,0.12482065997130559,0.025346724055475847,0.03443328550932568,0.02295552367288379,0.04447632711621234,0.021999043519846963,0.02965088474414156,0.01291248206599713,0.3154919180666602,0.04902568476515201,0.9006761091511972,0.0641774897857541,-2.1181214373337895,-3.72755934976789,2.072542895893988,2.0865711820571766,-0.1166414371236657,1.4334098256289232,-0.1533428039740934,0.1505621039845746,-0.2514606599326168,0.4049369784185868,-0.2935721452827438,0.002142098866301456,-0.8188384532035289
952_953,73.0,75,male,23.5,972,0.013374485596707819,0.0102880658436214,0.012345679012345678,0.0030864197530864196,0.00102880658436214,0.0,0.3775720164609053,0.3786008230452675,0.0102880658436214,0.0051440329218107,0.0030864197530864196,0.050411522633744855,0.0,0.08950617283950617,0.03497942386831276,0.0030864197530864196,0.00720164609053498,0.24627707211541505,-0.005037356165490614,0.16931603097928694,-1.1036496448336006,-1.950947505220804,-3.049559793888914,3.5503107053239225,3.5530280983004223,-0.005037356165490614,-0.6516645210905434,-1.1036496448336006,1.5455600562456757,-3.049559793888914,2.1152261800346,1.1845467107083452,-1.1036496448336006,-0.34150959278670356
953_954,65.0,75,male,15.5,1588,0.01322418136020151,0.02518891687657431,0.09949622166246852,0.014483627204030227,0.005037783375314861,0.003778337531486146,0.21662468513853905,0.20906801007556675,0.0163727959697733,0.030226700251889168,0.00818639798488665,0.06108312342569269,0.00818639798488665,0.24811083123425692,0.014483627204030227,0.018261964735516372,0.00818639798488665,-0.6212618886731724,0.011987150305703409,1.3764397695105455,-0.5323144026566768,-1.549248660310519,-1.817512646905198,2.1527792666469234,2.117325036289119,-0.41217009081461287,0.19224897413664754,-1.0866251383624062,0.8905375541970115,-1.0866251383624062,2.288304316479139,-0.5323144026566768,-0.30492456046101557,-1.0866251383624062
954_955,31.0,75,male,-18.5,1222,0.03436988543371522,0.036824877250409165,0.05810147299509002,0.030278232405891982,0.00900163666121113,0.004909983633387889,0.2733224222585925,0.18657937806873978,0.028641571194762683,0.1276595744680851,0.011456628477905073,0.03764320785597381,0.031914893617021274,0.0662847790507365,0.018821603927986905,0.031096563011456628,0.01309328968903437,-0.006007070582724872,0.06220117944380865,0.5141863031868659,-0.13117021353673097,-1.3131641111438923,-1.8837089696115048,2.0571257330551873,1.6760250638211631,-0.18597845003172608,1.2975448634671118,-1.0813624970865674,0.08394116608021429,-0.07921047460602004,0.6450918737337208,-0.5985107253629831,-0.10485290521935742,-0.9521507656065613
955_956,44.0,75,male,-5.5,1064,0.03383458646616541,0.02537593984962406,0.10150375939849623,0.03477443609022556,0.016917293233082706,0.0018796992481203006,0.20676691729323307,0.18515037593984962,0.010338345864661654,0.12406015037593984,0.009398496240601503,0.02443609022556391,0.02443609022556391,0.13909774436090225,0.022556390977443608,0.017857142857142856,0.021616541353383457,0.05027964406721441,-0.2328466118487058,1.1397175564592827,0.07730831645513359,-0.6292618844369522,-2.6307418846470765,1.848865078365669,1.738705967819945,-1.1046855811520273,1.3395500289050455,-1.1956573593577535,-0.269887883529055,-0.269887883529055,1.4535523417215228,-0.3483594989705501,-0.5766181509515307,-0.3900321953711181
956_957,45.0,75,male,-4.5,1876,0.042643923240938165,0.04211087420042644,0.11673773987206823,0.024520255863539446,0.0031982942430703624,0.0037313432835820895,0.15991471215351813,0.31076759061833686,0.03624733475479744,0.037846481876332626,0.01812366737739872,0.04744136460554371,0.0026652452025586353,0.10874200426439233,0.020788912579957356,0.010127931769722815,0.014392324093816631,0.4192005662776994,0.4067004035134678,1.4222956143684078,-0.12960430555350788,-2.097254441245227,-1.9541535976045536,1.7363911358284438,2.399987833579792,0.2577771271213609,0.3006408315531437,-0.4280972941095045,0.5251820071339912,-2.2643085259083935,1.351511357336038,-0.2927559462397422,-0.998642152577117,-0.654870613474293
957_958,27.0,75,male,-22.5,1690,0.03431952662721893,0.01893491124260355,0.06272189349112427,0.02544378698224852,0.009467455621301775,0.0017751479289940828,0.25266272189349115,0.15976331360946747,0.028402366863905324,0.1893491124260355,0.01242603550295858,0.05917159763313609,0.011834319526627219,0.08520710059171598,0.020118343195266272,0.018343195266272188,0.010059171597633136,0.1347896139839868,-0.4529970509181318,0.733907844895656,-0.16147620215918534,-1.1308767593472888,-2.681474171758456,2.1237171481229913,1.6660349580327125,-0.05267334231038623,1.8356451361069008,-0.8661842051202067,0.6759205872453067,-0.9138122541094615,1.0390423672986633,-0.3932778162165098,-0.4842495944222365,-1.0720362593243555
958_959,78.0,75,female,28.5,1400,0.018571428571428572,0.030714285714285715,0.041428571428571426,0.045,0.029285714285714286,0.0014285714285714286,0.22714285714285715,0.34,0.015,0.03357142857142857,0.007142857142857143,0.019285714285714285,0.0014285714285714286,0.14785714285714285,0.027142857142857142,0.007142857142857143,0.007857142857142858,-0.2012195729973585,0.2943966321051037,0.5906624482482759,0.6726755999091112,0.2473291212471178,-2.56207357411538,2.285258169022683,2.6881034171047222,-0.4103113708559176,0.38236540505106076,-1.126989048826057,-0.16417830131700928,-2.56207357411538,1.8567670336812183,0.17229393530420367,-1.126989048826057,-1.0360172706203308
959_960,19.0,75,female,-30.5,1657,0.06940253470126735,0.10742305371152686,0.02595051297525649,0.012070006035003017,0.009052504526252263,0.0018105009052504525,0.07966203983101991,0.3095956547978274,0.030175015087507542,0.07242003621001811,0.04465902232951117,0.13397706698853348,0.015691007845503924,0.03500301750150875,0.02051901025950513,0.022329511164755584,0.010259505129752565,0.7697703791375563,1.2050884503954018,-0.20673921272965368,-0.9590752646799294,-1.238660126899091,-2.726737182328924,0.9070824946019851,2.261749878544321,-0.0575268145429777,0.8121496021064178,0.3312989745612218,1.4254269507820028,-0.702355417832115,0.08952660341351892,-0.4385408267869777,-0.3551592178479268,-1.1172992698948234
95_95,69.0,56,male,16.307692307692307,1124,0.033807829181494664,0.020462633451957295,0.026690391459074734,0.18416370106761565,0.00800711743772242,0.004448398576512456,0.15569395017793594,0.24199288256227758,0.03113879003558719,0.008896797153024912,0.017793594306049824,0.05249110320284697,0.013345195729537367,0.13434163701067617,0.029359430604982206,0.0071174377224199285,0.030249110320284697,0.10517942004890735,-0.3884784000947179,-0.12775213763146498,1.7896525184259218,-1.2941870226383356,-1.840730729006406,1.6221602216610893,2.0621597928584676,0.024053875236539124,-1.1941035640813533,-0.5250539351004688,0.5404974913067528,-0.8046387973196305,1.475106803704593,-0.033933382413810165,-1.4054126577485606,-0.004519497207517098
960_961,73.0,75,female,23.5,1115,0.006278026905829596,0.013452914798206279,0.026905829596412557,0.08520179372197309,0.019730941704035873,0.019730941704035873,0.09237668161434978,0.24125560538116592,0.034080717488789235,0.017040358744394617,0.006278026905829596,0.14977578475336323,0.009865470852017937,0.21524663677130046,0.025112107623318385,0.02242152466367713,0.015246636771300448,-1.533836757163443,-0.8078997537805073,-0.13101309409234219,1.0103864697809763,-0.43522446849533347,-0.43522446849533347,1.0908318349997157,2.0478286126433436,0.10191846358803014,-0.5783253121360072,-1.533836757163443,1.572243573559413,-1.1063927423365039,1.9339803118401078,-0.19883569043110327,-0.3100613255413278,-0.6865388967762396
961_962,62.0,75,female,12.5,1441,0.020124913254684247,0.02220680083275503,0.11311589174184594,0.04371963913948647,0.021512838306731435,0.002081887578070784,0.25537820957668284,0.2248438584316447,0.005551700208188758,0.047883414295628035,0.002775850104094379,0.01179736294240111,0.0,0.18945176960444135,0.020818875780707843,0.0006939625260235947,0.018043025676613464,0.1329713121218643,0.22982113811178184,1.845394039113398,0.8996209546747358,0.19856859460767717,-1.9986559827285424,2.6580217604054814,2.5308665849202345,-1.1113527877276388,0.9899078013468365,-1.7473415544476358,-0.3892180702944419,-3.944566131783855,2.359882670638126,0.16630773238945595,-2.845953843115746,0.025725781768266565
962_963,57.0,75,male,7.5,1605,0.020560747663551402,0.007476635514018692,0.024299065420560748,0.03177570093457944,0.04361370716510903,0.009968847352024923,0.15327102803738318,0.2641744548286604,0.048598130841121495,0.029906542056074768,0.007476635514018692,0.10965732087227414,0.008722741433021807,0.15077881619937694,0.021806853582554516,0.052336448598130844,0.01557632398753894,-0.466468010516115,-1.4522848050388801,-0.3017127774400592,-0.03643164167744484,0.2775992604710873,-1.1746530684406005,1.5293485441356092,2.072898556404266,0.385085175441227,-0.09644965140369788,-1.4522848050388801,1.1953074270262158,-1.3038647999206066,1.5129882610304022,-0.4084807528657657,0.4587380850159928,-0.739334997182755
968_969,60.0,5,male,-16.92857142857143,1340,0.023880597014925373,0.007462686567164179,0.05373134328358209,0.02164179104477612,0.013432835820895522,0.0052238805970149255,0.2007462686567164,0.16417910447761194,0.027611940298507463,0.014925373134328358,0.008955223880597015,0.2716417910447761,0.007462686567164179,0.1373134328358209,0.020895522388059702,0.010447761194029851,0.010447761194029851,-0.09299397720651292,-1.2228588093787276,0.7093524953184245,-0.1898438031964309,-0.6564633344579254,-1.5593310459999397,2.022334323806847,1.8216636283446959,0.0501068664341604,-0.5538091803978422,-1.0485054222339492,2.3242924849065076,-1.2228588093787276,1.6434153969383771,-0.2243299792675999,-0.9000854171156765,-0.9000854171156765
969_970,59.0,6,female,-9.5,1209,0.010752688172043012,0.02481389578163772,0.05128205128205128,0.011579818031430935,0.0206782464846981,0.014061207609594707,0.045492142266335814,0.2142266335814723,0.09181141439205956,0.01902398676592225,0.010752688172043012,0.37799834574028124,0.01488833746898263,0.04880066170388751,0.013234077750206782,0.01902398676592225,0.011579818031430935,-0.9704572974972692,-0.15542029932828694,0.5620195738007028,-0.8989983335151246,-0.33446853077727257,-0.7109461020121843,0.4432360378107356,1.9856097196642903,1.1408776079585206,-0.41614656179153986,-0.9704572974972692,2.552629901773923,-0.6553762508573735,0.5128293296099313,-0.7697866020351176,-0.41614656179153986,-0.8989983335151246
96_96,64.0,56,male,11.307692307692307,1417,0.02328863796753705,0.030345800988002825,0.026817219477769938,0.07833450952717008,0.020465772759350742,0.0056457304163726185,0.11362032462949895,0.24841213832039521,0.028228652081863093,0.03458009880028229,0.009174311926605505,0.1834862385321101,0.009174311926605505,0.13267466478475654,0.019054340155257588,0.011997177134791814,0.024700070571630206,-0.3401766709111804,-0.07896117164756244,-0.20106386844846247,0.8623024811579727,-0.4673318463964269,-1.71165594624593,1.2327830329205103,2.0133285125101223,-0.15042013562970746,0.05025055983244364,-1.249032424297817,1.7108807514512205,-1.249032424297817,1.3873758971458647,-0.5375361050696754,-0.9895212288127331,-0.2821894132608307
970_971,58.0,5,female,-18.92857142857143,1156,0.012110726643598616,0.04152249134948097,0.007785467128027681,0.014705882352941176,0.01730103806228374,0.005190311418685121,0.23269896193771628,0.18252595155709342,0.009515570934256055,0.037197231833910036,0.009515570934256055,0.07006920415224914,0.015570934256055362,0.2768166089965398,0.023356401384083045,0.03546712802768166,0.00865051903114187,-0.7758037803019882,0.4316113682149205,-1.1986606311220216,-0.5877515487990488,-0.4295275435841548,-1.5781502528269256,2.146615960620535,1.9042725687578155,-1.007605394359313,0.3228085083661214,-1.007605394359313,0.9506505905183,-0.532181697644238,2.3199298466322076,-0.13576642505599157,0.2757409975081355,-1.0985771725650393
971_972,62.0,5,female,-14.92857142857143,1258,0.019077901430842606,0.025437201907790145,0.01589825119236884,0.028616852146263912,0.017488076311605722,0.0023847376788553257,0.2217806041335453,0.1589825119236884,0.02066772655007949,0.10254372019077901,0.008744038155802861,0.08108108108108109,0.0047694753577106515,0.2575516693163752,0.016693163751987282,0.006359300476947536,0.01192368839427663,-0.2962579091756101,-0.013690937390599789,-0.4745061405819291,0.10238123386215436,-0.3814157175159174,-2.2421680582309236,2.138071265868862,1.8058832200203323,-0.21778629373411507,1.3687498544133008,-1.0525839913570874,1.1349317718521714,-1.6231288498246998,2.287354509417853,-0.4268780915926742,-1.3548648632300209,-0.7540910028010908
972_973,81.0,6,female,12.5,1270,0.009448818897637795,0.026771653543307086,0.014960629921259842,0.013385826771653543,0.014960629921259842,0.03700787401574803,0.14409448818897638,0.15748031496062992,0.027559055118110236,0.030708661417322834,0.013385826771653543,0.27795275590551183,0.015748031496062992,0.18110236220472442,0.006299212598425197,0.02204724409448819,0.007086614173228346,-1.0872908814746425,-0.07206020174558336,-0.6426050602131963,-0.7508186448534295,-0.6426050602131963,0.24771018525769772,1.5991951417117274,1.6877947209637263,-0.043486829301527585,0.06328114612417846,-0.7508186448534295,2.25486395955373,-0.5925946396385355,1.8272313366538055,-1.4729533622866264,-0.2631154385082928,-1.3617277271764023
973_974,79.0,6,male,10.5,794,0.017632241813602016,0.02392947103274559,0.022670025188916875,0.08564231738035265,0.0163727959697733,0.028967254408060455,0.17380352644836272,0.16750629722921914,0.03400503778337532,0.013853904282115869,0.010075566750629723,0.17632241813602015,0.0012594458438287153,0.09571788413098237,0.011335012594458438,0.10957178841309824,0.011335012594458438,-0.5571816114111128,-0.2609157952679402,-0.3135595287533621,0.9955034844305386,-0.6286405753932574,-0.07432983968752804,1.699540064789752,1.6627712170026632,0.08285574383488425,-0.7889832254684368,-1.0912640973413703,1.7138772279361594,-2.8258651527294765,1.1059604799948493,-0.9800384622311462,1.2403085325259275,-0.9800384622311462
974_975,74.0,6,male,5.5,916,0.03056768558951965,0.014192139737991267,0.06331877729257641,0.039301310043668124,0.03056768558951965,0.017467248908296942,0.20414847161572053,0.19868995633187772,0.027292576419213975,0.014192139737991267,0.009825327510917031,0.15502183406113537,0.007641921397379912,0.14519650655021835,0.007641921397379912,0.02074235807860262,0.014192139737991267,-0.04784531743258835,-0.7950597192628095,0.6712773495306177,0.19956285588125233,-0.04784531743258835,-0.5943890238006588,1.8360294407032722,1.8090007683153528,-0.1590709525428129,-0.7950597192628095,-1.1464576061006984,1.561592595001512,-1.382846384164929,1.4963520731331108,-1.382846384164929,-0.4273349391374923,-0.7950597192628095
975_976,75.0,6,male,6.5,1049,0.03145853193517636,0.032411820781696854,0.011439466158245948,0.016205910390848427,0.0,0.0076263107721639654,0.27645376549094375,0.20305052430886558,0.02001906577693041,0.04957102001906578,0.005719733079122974,0.17635843660629172,0.0009532888465204957,0.11439466158245949,0.0219256434699714,0.020972354623450904,0.011439466158245948,0.39156449298449525,0.42097837819078876,-0.5942523015382704,-0.2577800649170574,-3.8131281264064705,-0.9799147823502543,2.551622630445441,2.243655886822154,-0.05192801071290809,0.8408322237510526,-1.2481787689449342,2.1030739362009645,-2.7145158377383614,1.6716688070841843,0.037019475303587956,-0.006465636636150851,-0.5942523015382704
976_977,67.0,6,female,-1.5,915,0.029508196721311476,0.053551912568306013,0.09726775956284153,0.006557377049180328,0.004371584699453552,0.05683060109289618,0.16065573770491803,0.24262295081967214,0.034972677595628415,0.01092896174863388,0.004371584699453552,0.18360655737704917,0.00546448087431694,0.07650273224043716,0.006557377049180328,0.007650273224043716,0.018579234972677595,0.1013189050438541,0.6891055699459732,1.2813715256521383,-1.3410649227270803,-1.7087897028523975,0.7479460699689064,1.7809610761512031,2.1920600019776235,0.26837298970702017,-0.8614918424651941,-1.7087897028523975,1.914068650163745,-1.508119007390246,1.0427456101895514,-1.3410649227270803,-1.197964079086407,-0.3506662186992031
977_978,70.0,6,female,1.5,1130,0.023893805309734513,0.033628318584070796,0.10530973451327434,0.007964601769911504,0.01504424778761062,0.0008849557522123894,0.2814159292035398,0.2743362831858407,0.03185840707964602,0.05398230088495575,0.007964601769911504,0.036283185840707964,0.008849557522123894,0.09469026548672567,0.011504424778761062,0.0,0.012389380530973451,0.1333144339869996,0.46978667060821255,1.6024448006860394,-0.9295797720790309,-0.31867068975605806,-2.775406462577361,2.582750904326692,2.5573123306880072,0.4164406899029198,0.9381656041269464,-0.9295797720790309,0.5448218565511267,-0.8294963135220486,1.4966192768821913,-0.578181885241142,-3.874018751245471,-0.5067229212589974
978_979,71.0,6,female,2.5,1285,0.010116731517509728,0.012451361867704281,0.14863813229571984,0.024902723735408562,0.005447470817120622,0.0038910505836575876,0.333852140077821,0.24202334630350195,0.013229571984435798,0.0715953307392996,0.005447470817120622,0.034241245136186774,0.007003891050583658,0.05992217898832685,0.013229571984435798,0.0007782101167315176,0.013229571984435798,-0.6677272849576759,-0.4670565894955243,1.9844708382186413,0.2108231189336327,-1.2555139498597945,-1.5656688781636343,2.7922047710222504,2.4709823678254486,-0.408216089472591,1.2567916741163199,-1.2555139498597945,0.5250722187701351,-1.0191251717955638,1.0798609659572418,-0.408216089472591,-2.864951862293895,-0.408216089472591
979_980,64.0,6,male,-4.5,777,0.06048906048906049,0.018018018018018018,0.0978120978120978,0.002574002574002574,0.0,0.001287001287001287,0.18146718146718147,0.16216216216216217,0.04247104247104247,0.05662805662805663,0.006435006435006435,0.1287001287001287,0.003861003861003861,0.2059202059202059,0.01287001287001287,0.006435006435006435,0.01287001287001287,1.0575640786085696,-0.12901698300549702,1.5341251084004646,-1.8868749005578707,-3.496312812991971,-2.397700524323861,2.1491340846512665,2.037076675735549,0.708379806398995,0.9923235567401689,-1.0984175401936005,1.8069920950671046,-1.5504026639366577,2.2751283101380446,-0.4517903752685477,-1.0984175401936005,-0.4517903752685477
97_97,59.0,56,male,6.307692307692307,2017,0.02330193356470005,0.02478929102627665,0.047595438770451165,0.07535944471988101,0.02330193356470005,0.005949429846306396,0.16212196331184928,0.24095190877540903,0.026276648487853247,0.05850272682201289,0.010411502231036193,0.06593951412989589,0.012890431333663858,0.17302925136341102,0.022806147744174516,0.005949429846306396,0.020823004462072386,-0.3574865430013796,-0.29624291776066114,0.3513267543029652,0.808948342005491,-0.3574865430013796,-1.6924876097337194,1.5732718010333315,1.9690206475840846,-0.23853460014001415,0.5566967065332107,-1.1501633189083584,0.6758852237983293,-0.9410715210497989,1.63828730763189,-0.37876394144866454,-1.6924876097337194,-0.46871217811160415
980_981,71.0,7,female,-4.666666666666671,953,0.030430220356768102,0.04302203567681007,0.053515215110178385,0.005246589716684155,0.01049317943336831,0.0031479538300104933,0.15320041972717732,0.3252885624344176,0.022035676810073453,0.01888772298006296,0.011542497376705142,0.11437565582371459,0.0031479538300104933,0.155299055613851,0.015739769150052464,0.024134312696747113,0.01049317943336831,0.1660126147104437,0.5073157786013223,0.7232041590343599,-1.5136295563969053,-0.8670023914718525,-1.9656146801399625,1.7686477798217914,2.519806252738203,-0.1503247135017136,-0.3006069165510512,-0.7760306132661263,1.477546900621225,-1.9656146801399625,1.7822073096074238,-0.4775376247101297,-0.06137722748521712,-0.8670023914718525
981_982,73.0,7,male,-2.6666666666666714,1693,0.00767867690490254,0.014176018901358535,0.04193738924985233,0.01004134672179563,0.010632014176018901,0.05375073833431778,0.12049616066154754,0.2563496751329002,0.07324276432368576,0.014766686355581808,0.014766686355581808,0.1961015948021264,0.004725339633786178,0.1512108682811577,0.012404016538688719,0.00767867690490254,0.01004134672179563,-1.2261677009157665,-0.6301842688094688,0.4408400633398122,-0.9666565054306817,-0.9110866542758709,0.6874815859213257,1.4917105891227065,2.2453385583452965,0.9954483295446122,-0.5901789341957695,-0.5901789341957695,1.977782473735759,-1.6887912228638795,1.7182712782506744,-0.7608044512265328,-1.2261677009157665,-0.9666565054306817
982_983,72.0,7,female,-3.6666666666666714,1241,0.052377115229653506,0.020950846091861403,0.04754230459307011,0.0,0.0032232070910556,0.008863819500402902,0.20145044319097502,0.2771958098307816,0.015310233682514102,0.0499597099113618,0.010475423045930701,0.06285253827558421,0.0128928283642224,0.2054794520547945,0.0128928283642224,0.008058017727639,0.010475423045930701,0.8679690310318753,-0.03693637861715482,0.7718952009422528,-4.007228292169277,-1.8100037148330572,-0.8717340762401267,2.209377808915588,2.528012978844382,-0.34366664603963004,0.8210854451330247,-0.7113914261649472,1.0490175131790314,-0.5107207307027966,2.2291412980344276,-0.5107207307027966,-0.9627058544458538,-0.7113914261649472
983_984,62.0,8,female,-2.642857142857139,1436,0.034122562674094706,0.032729805013927575,0.12534818941504178,0.005571030640668524,0.001392757660167131,0.022284122562674095,0.0947075208913649,0.2736768802228412,0.04456824512534819,0.09122562674094707,0.005571030640668524,0.13022284122562675,0.006267409470752089,0.09192200557103064,0.009052924791086351,0.016713091922005572,0.014623955431754874,0.20701719357085047,0.16577423503680144,1.5007753017691416,-1.5548893125075236,-2.7786647441296393,-0.21371538666810208,1.2213691386212204,2.280125591853664,0.47170974779793307,1.1840513756140254,-1.5548893125075236,1.5388233694066717,-1.4436636773972986,1.1916271694224827,-1.0922657905594106,-0.49628235845311286,-0.6269025408701769
984_985,60.0,8,female,-4.642857142857139,1281,0.0195160031225605,0.03590944574551132,0.1092896174863388,0.00312256049960968,0.00624512099921936,0.00312256049960968,0.18032786885245902,0.25136612021857924,0.0117096018735363,0.0234192037470726,0.00546448087431694,0.2107728337236534,0.00234192037470726,0.11553473848555816,0.0039032006245121,0.00156128024980484,0.01639344262295082,0.05582999730002003,0.6566038577289506,1.7623590339094402,-1.6787710580880861,-1.042782291368089,-1.6787710580880861,2.2617314186619284,2.5932546813714668,-0.442008430939159,0.23487822874900566,-1.1679454343220956,2.417423643422176,-1.9300854863689918,1.817736503378394,-1.4781003626259346,-2.2665577229902047,-0.11479551973074331
985_986,76.0,11,female,4.5,1167,0.015424164524421594,0.02056555269922879,0.02570694087403599,0.0,0.001713796058269066,0.002570694087403599,0.24850042844901457,0.27335047129391604,0.02913453299057412,0.05998286203941731,0.022279348757497857,0.02913453299057412,0.002570694087403599,0.2390745501285347,0.013710368466152529,0.005998286203941731,0.010282776349614395,-0.0994569914980783,0.18144539396832426,0.4004989600310087,-3.710374904142302,-2.1009369917082026,-1.7644647550869896,2.6543758527096086,2.7495295502352324,0.5237316004549566,1.2383849862358658,0.2599170094098193,0.5237316004549566,-1.7644647550869896,2.615774569012797,-0.2138673426758224,-1.0023247030400926,-0.4914990792741021
986_987,69.0,12,male,3.0,1189,0.023549201009251473,0.024390243902439025,0.08746846089150546,0.023549201009251473,0.015138772077375946,0.001682085786375105,0.24558452481076534,0.18671152228763668,0.009251471825063078,0.02943650126156434,0.017661900756938603,0.056349873843566024,0.00672834314550042,0.20521446593776282,0.022708158116063918,0.014297729184188394,0.030277544154751892,-0.20044177301956,-0.16595559694839057,1.098841211110701,-0.20044177301956,-0.6325751282098859,-2.6340551284200093,2.1281188063777465,1.8545812413121303,-1.1079988249249602,0.01918683618720518,-0.4822929251605479,0.6617817375843194,-1.4102796967978937,1.948869448620762,-0.2361598556216391,-0.6881449793646968,0.04696640029428112
987_988,74.0,13,female,12.357142857142854,1312,0.024390243902439025,0.019054878048780487,0.05945121951219512,0.04344512195121951,0.03201219512195122,0.011432926829268292,0.23780487804878048,0.17759146341463414,0.023628048780487805,0.03125,0.003048780487804878,0.16463414634146342,0.005335365853658537,0.13338414634146342,0.010670731707317074,0.01676829268292683,0.006097560975609756,-0.16526307908202265,-0.40782471625333416,0.7165954563706483,0.4052817793855903,0.10300090751265678,-0.9056631444925141,2.0981013007587417,1.8066789086912374,-0.19651562258612731,0.07919025881893793,-2.1424257716414403,1.73108737902483,-1.6316001478754498,1.521135874488206,-0.9723545189911857,-0.5329878592073398,-1.5064370049214442
988_989,81.0,13,female,19.357142857142854,812,0.013546798029556651,0.01600985221674877,0.0049261083743842365,0.1145320197044335,0.02586206896551724,0.003694581280788177,0.1416256157635468,0.27832512315270935,0.01600985221674877,0.019704433497536946,0.006157635467980296,0.11945812807881774,0.008620689655172414,0.16133004926108374,0.020935960591133004,0.024630541871921183,0.024630541871921183,-0.6792716701819632,-0.5189290201067838,-1.6175413087748929,1.416342730743474,-0.05356577041755006,-1.8688557370557994,1.627651824410681,2.3011262393719214,-0.5189290201067838,-0.3182583246446322,-1.4168706133127422,1.458233672452634,-1.1067156850089024,1.7573881460666518,-0.25941782462169893,-0.10119381940680494,-0.10119381940680494
989_990,61.0,11,male,-10.5,1326,0.014328808446455505,0.017345399698340876,0.06033182503770739,0.003770739064856712,0.003770739064856712,0.015082956259426848,0.33031674208144796,0.14102564102564102,0.033936651583710405,0.04147812971342383,0.006033182503770739,0.06259426847662142,0.004524886877828055,0.22850678733031674,0.01885369532428356,0.006033182503770739,0.012066365007541479,-0.46670487119612014,-0.280118915615708,0.9511378476586962,-1.7323712445273967,-1.7323712445273967,-0.4166944506214585,2.646240475046416,1.7966595086446442,0.3805929891910833,0.5792636839865675,-1.2970531732695503,0.9877272950909881,-1.5653171598642301,2.2782622737337315,-0.19844088460144116,-1.2970531732695503,-0.6337589558592867
98_98,28.0,39,female,-31.42857142857143,1500,0.02266666666666667,0.03266666666666666,0.06066666666666667,0.0026666666666666666,0.0026666666666666666,0.010666666666666666,0.3453333333333333,0.17266666666666666,0.032,0.06133333333333333,0.013333333333333334,0.048666666666666664,0.016666666666666666,0.076,0.076,0.008666666666666666,0.017333333333333333,-0.21825409490636405,0.1427592506309665,0.7571255533377976,-2.255136022167404,-2.255136022167404,-0.9558530380371435,2.491726608725904,1.7995432836622651,0.12235037899975953,0.7679952255747011,-0.7387885327993153,0.5380719872751127,-0.520534966779298,0.9813614040506162,0.9813614040506162,-1.1565237334992942,-0.48206868595150176
990_991,69.0,11,female,-2.5,1316,0.026595744680851064,0.020516717325227963,0.0425531914893617,0.0,0.00303951367781155,0.022036474164133738,0.23632218844984804,0.1580547112462006,0.029635258358662615,0.028875379939209727,0.011398176291793313,0.25987841945288753,0.0022796352583586625,0.10714285714285714,0.014437689969604863,0.031914893617021274,0.005319148936170213,0.21432251761171983,-0.04102417419712445,0.6790304592827452,-4.048357359429596,-1.8511327820933765,0.02918008447612408,2.3861891593578575,1.9847288623692059,0.3210904930374259,0.2954480624240885,-0.6143701549444494,2.4810614788326295,-2.102447210374282,1.597089538213642,-0.3847957132999493,0.39429389706072104,-1.340307158327386
991_992,76.0,12,female,10.0,1214,0.02059308072487644,0.0214168039538715,0.05601317957166392,0.02059308072487644,0.02471169686985173,0.08319604612850082,0.14250411861614498,0.20675453047775946,0.05354200988467875,0.027182866556836903,0.009060955518945634,0.19934102141680396,0.013179571663920923,0.07660626029654036,0.009060955518945634,0.023064250411861616,0.013179571663920923,-0.5417109067521801,-0.5032446259243839,0.4464443863516192,-0.5417109067521801,-0.3626626753031945,0.8396694395652813,1.3757882404703534,1.7470536306232334,0.40166078372464575,-0.2688439200855397,-1.3380423235473557,1.7106123514609775,-0.9770289780100256,0.7575720773780805,-1.3380423235473557,-0.4304852716419556,-0.9770289780100256
992_993,63.0,12,female,-3.0,956,0.015690376569037656,0.008368200836820083,0.03347280334728033,0.0010460251046025104,0.006276150627615063,0.016736401673640166,0.36297071129707115,0.22384937238493724,0.03138075313807531,0.0198744769874477,0.011506276150627616,0.19246861924686193,0.0020920502092050207,0.04184100418410042,0.006276150627615063,0.009414225941422594,0.016736401673640166,-0.21527956763247547,-0.8160534280614056,0.5251204977780155,-2.5506544834495117,-1.0843174146560846,-0.15275921065114195,2.8946450734471707,2.4121901468103952,0.4616070920556896,0.014294874012024561,-0.5137725561884721,2.2615298719229058,-2.0398288596835212,0.745182382554817,-1.0843174146560846,-0.7048277929511815,-0.15275921065114195
993_994,69.0,12,male,3.0,1338,0.009715994020926755,0.01943198804185351,0.03139013452914798,0.0515695067264574,0.009715994020926755,0.0037369207772795215,0.24738415545590434,0.2563527653213752,0.01943198804185351,0.061285500747384154,0.01195814648729447,0.07249626307922272,0.014200298953662182,0.13079222720478326,0.02466367713004484,0.01943198804185351,0.016442451420029897,-1.0993298863592127,-0.4248748388114203,0.04748450412677441,0.5393071807671497,-1.0993298863592127,-1.9972714795651711,2.1016082378223206,2.1371675398588073,-0.4248748388114203,0.7107787215370385,-0.898659190897062,0.877832806200205,-0.7316051062338955,1.4656194711023236,-0.1904741329725761,-0.4248748388114203,-0.5885042625932222
994_995,66.0,12,female,0.0,1648,0.05703883495145631,0.07402912621359223,0.035800970873786406,0.014563106796116505,0.00424757281553398,0.0036407766990291263,0.10983009708737865,0.3137135922330097,0.08131067961165049,0.022451456310679612,0.028519417475728157,0.16565533980582525,0.006674757281553398,0.0345873786407767,0.019417475728155338,0.013349514563106795,0.01516990291262136,0.6483743656950574,0.9078855611801417,0.1857508437469444,-0.7015523512539583,-1.8853224482623747,-2.028423291903048,1.3010301849002657,2.3487840563348845,1.0013387302372538,-0.27588453582827466,-0.03949575776404446,1.711076153057396,-1.4578784334354356,0.15155947899866495,-0.418985379468948,-0.7867101595942656,-0.6615470166402591
995_996,71.0,12,female,5.0,1371,0.006564551422319475,0.02261123267687819,0.04522246535375638,0.010211524434719184,0.010211524434719184,0.0014587892049598833,0.23194748358862144,0.20933625091174327,0.034281546316557256,0.016046681254558718,0.01823486506199854,0.2049598832968636,0.011670313639679067,0.11816192560175055,0.021152443471918306,0.025528811086797956,0.012399708242159009,-1.3421845196632294,-0.14348877243813707,0.5416902384726314,-0.9193276688431959,-0.9193276688431959,-2.677185586395569,2.1701461567424936,2.0677465419676806,0.2672533927708711,-0.47996100905935,-0.3547978661053439,2.0466561293100205,-0.7901159373631899,1.4972016835000677,-0.20908605492395038,-0.02394362178835463,-0.7312754373402566
996_997,68.0,12,female,2.0,1715,0.0239067055393586,0.02507288629737609,0.11486880466472303,0.0029154518950437317,0.00641399416909621,0.0023323615160349854,0.2600583090379009,0.30145772594752185,0.01574344023323615,0.052478134110787174,0.01282798833819242,0.037317784256559766,0.00641399416909621,0.10903790087463557,0.01282798833819242,0.006997084548104956,0.009329446064139942,0.07838395646560592,0.1254514673235918,1.6384291135701297,-1.9425613785326217,-1.2049624354018427,-2.1432320739947723,2.4541299295455072,2.6017000543684774,-0.33312346609852117,0.8580403799348337,-0.5337941615606727,0.51935575303068,-1.2049624354018427,1.5864693746394187,-0.5337941615606727,-1.1215808264627913,-0.8439490898645117
997_998,68.0,11,male,-3.5,1212,0.012376237623762377,0.015676567656765675,0.027227722772277228,0.00825082508250825,0.0049504950495049506,0.009900990099009901,0.18894389438943895,0.3481848184818482,0.034653465346534656,0.009900990099009901,0.02145214521452145,0.08333333333333333,0.0033003300330033004,0.20297029702970298,0.02145214521452145,0.004125412541254125,0.0033003300330033004,-0.5017272906027772,-0.2721528489582772,0.2689781243030427,-0.8911920573645,-1.3707651376263863,-0.7168386702197225,2.193335714972622,2.8036221322692505,0.5069367614023932,-0.7168386702197225,0.034577418464198484,1.3774914839538641,-1.7384899177517035,2.264794678954767,0.034577418464198484,-1.5378192222895528,-1.7384899177517035
998_999,71.0,12,male,5.0,1283,0.012470771628994544,0.02338269680436477,0.06858924395947,0.0,0.002338269680436477,0.003117692907248636,0.2540919719407638,0.2509742790335152,0.034294621979735,0.024162120031176928,0.017926734216679657,0.13016367887763056,0.013250194855806703,0.11379579111457522,0.01636788776305534,0.012470771628994544,0.02260327357755261,-0.5472752827634255,0.06709101994340516,1.132366888343923,-4.043782844229906,-2.0978726951745927,-1.846558266893687,2.437794285046525,2.4254674725658663,0.44485352550223345,0.09935188216162638,-0.19363524251984776,1.7703476875951605,-0.48843478274049223,1.636389764787161,-0.28258272853634336,-0.5472752827634255,0.03375459967581351
999_1000,62.0,12,female,-4.0,1297,0.014649190439475714,0.01233616037008481,0.06861989205859677,0.0007710100231303007,0.0007710100231303007,0.0030840400925212026,0.323053199691596,0.29760986892829605,0.03392444101773323,0.03469545104086353,0.036237471087124135,0.07710100231303008,0.0038550501156515036,0.04471858134155744,0.025443330763299923,0.006168080185042405,0.016962220508866616,-0.2767741926871885,-0.443828277350355,1.2470499670239201,-2.8417235501487257,-2.8417235501487257,-1.7431112614806157,2.791874867650371,2.7099432097705867,0.5483005309153048,0.570523667700015,0.6135410527837055,1.3629690692422405,-1.542440566018465,0.8218380959809211,0.2643567805741309,-1.1071224947606195,-0.13367334904651518
99_99,43.0,41,female,-18.214285714285715,1473,0.008146639511201629,0.008825526137135099,0.06653088934147998,0.004073319755600814,0.0033944331296673455,0.02172437202987101,0.37678207739307534,0.2111337406653089,0.04005431093007468,0.034623217922606926,0.006109979633401222,0.07399864222674814,0.0027155465037338763,0.08486082824168364,0.03937542430414121,0.008146639511201629,0.009504412763068567,-0.9694239942281326,-0.8924629530920045,1.0949039096416548,-1.6233504616347973,-1.790404546297963,-0.0139125492006964,2.8247159705432963,2.2462466996911195,0.5908236740151955,0.4464291691333018,-1.2438608399298934,1.2007719107201669,-1.9910752417601145,1.3371531200354503,0.5738741157014222,-0.9694239942281326,-0.8210039891098599
9_9,32.0,68,female,-23.769230769230766,1046,0.016252390057361378,0.032504780114722756,0.0372848948374761,0.008604206500956023,0.0,0.0,0.4684512428298279,0.1711281070745698,0.008604206500956023,0.11376673040152964,0.010516252390057362,0.009560229445506692,0.0019120458891013384,0.07074569789674952,0.03154875717017208,0.0038240917782026767,0.015296367112810707,0.0854678022483828,0.7642262453562285,0.8995675932259908,-0.52544128007459,-3.4698802592410303,-3.4698802592410303,3.4186922003243323,2.4134421292472483,-0.52544128007459,2.00658329269048,-0.3343860433118806,-0.4253578215176077,-1.8604423468069307,1.5340660467044285,0.7348123601499355,-1.2726556819048112,0.026627302225449512
