number,sentence,location,verdict,source_path,source_field,source_value,searched
EMAIL:kih7920@gmail.com,"Roger Kwon, independent researcher, Seoul, Republic of Korea. Correspondence: kih7920@gmail.com",P3,not_a_claim,,,email address,
652,"We built a transcriptomic age ruler in cultured human dermal fibroblasts (652 GTEx donors) by supervised ridge regression on donor age, and froze it. It orders donors by age in cohorts that differ in laboratory, collection site and platform (Spearman ρ 0.43 to 0.56 across four transfers), but it does not predict age in calibrated years. In an independent bulk cohort of 82 donors, the frozen ruler tracks donor age better than the curated mesenchymal-drift (MD) signature used as an age readout by Lu et al. (paired bootstrap Δρ +0.47, 95% CI +0.24 to +0.70). In a second, single-cell cohort the difference points the same way, but once its samples are grouped into the 65 people they came from, the interval includes zero (+0.17, −0.12 to +0.41).",P7,match,results/fibro/freeze.json,n_donors,652,
0.43,"We built a transcriptomic age ruler in cultured human dermal fibroblasts (652 GTEx donors) by supervised ridge regression on donor age, and froze it. It orders donors by age in cohorts that differ in laboratory, collection site and platform (Spearman ρ 0.43 to 0.56 across four transfers), but it does not predict age in calibrated years. In an independent bulk cohort of 82 donors, the frozen ruler tracks donor age better than the curated mesenchymal-drift (MD) signature used as an age readout by Lu et al. (paired bootstrap Δρ +0.47, 95% CI +0.24 to +0.70). In a second, single-cell cohort the difference points the same way, but once its samples are grouped into the 65 people they came from, the interval includes zero (+0.17, −0.12 to +0.41).",P7,match,results/paper_figs/cxg_true_donor_results.csv,true_donor ruler_spearman rho,0.43338041757870716,
0.56,"We built a transcriptomic age ruler in cultured human dermal fibroblasts (652 GTEx donors) by supervised ridge regression on donor age, and froze it. It orders donors by age in cohorts that differ in laboratory, collection site and platform (Spearman ρ 0.43 to 0.56 across four transfers), but it does not predict age in calibrated years. In an independent bulk cohort of 82 donors, the frozen ruler tracks donor age better than the curated mesenchymal-drift (MD) signature used as an age readout by Lu et al. (paired bootstrap Δρ +0.47, 95% CI +0.24 to +0.70). In a second, single-cell cohort the difference points the same way, but once its samples are grouped into the 65 people they came from, the interval includes zero (+0.17, −0.12 to +0.41).",P7,match,results/fibro/stage1_transfer.csv,C1→B1 raw ridge rho,0.5611771722875578,
82,"We built a transcriptomic age ruler in cultured human dermal fibroblasts (652 GTEx donors) by supervised ridge regression on donor age, and froze it. It orders donors by age in cohorts that differ in laboratory, collection site and platform (Spearman ρ 0.43 to 0.56 across four transfers), but it does not predict age in calibrated years. In an independent bulk cohort of 82 donors, the frozen ruler tracks donor age better than the curated mesenchymal-drift (MD) signature used as an age readout by Lu et al. (paired bootstrap Δρ +0.47, 95% CI +0.24 to +0.70). In a second, single-cell cohort the difference points the same way, but once its samples are grouped into the 65 people they came from, the interval includes zero (+0.17, −0.12 to +0.41).",P7,match,results/fibro2/ta_GSE226189_near_miss_bulk_result.json,n_donors and n_samples,82,
+0.47,"We built a transcriptomic age ruler in cultured human dermal fibroblasts (652 GTEx donors) by supervised ridge regression on donor age, and froze it. It orders donors by age in cohorts that differ in laboratory, collection site and platform (Spearman ρ 0.43 to 0.56 across four transfers), but it does not predict age in calibrated years. In an independent bulk cohort of 82 donors, the frozen ruler tracks donor age better than the curated mesenchymal-drift (MD) signature used as an age readout by Lu et al. (paired bootstrap Δρ +0.47, 95% CI +0.24 to +0.70). In a second, single-cell cohort the difference points the same way, but once its samples are grouped into the 65 people they came from, the interval includes zero (+0.17, −0.12 to +0.41).",P7,match,results/md3/t2_delta_rho.csv,gse226189_ruler_minus_MD delta_rho,0.4667026698495139,
95%,"We built a transcriptomic age ruler in cultured human dermal fibroblasts (652 GTEx donors) by supervised ridge regression on donor age, and froze it. It orders donors by age in cohorts that differ in laboratory, collection site and platform (Spearman ρ 0.43 to 0.56 across four transfers), but it does not predict age in calibrated years. In an independent bulk cohort of 82 donors, the frozen ruler tracks donor age better than the curated mesenchymal-drift (MD) signature used as an age readout by Lu et al. (paired bootstrap Δρ +0.47, 95% CI +0.24 to +0.70). In a second, single-cell cohort the difference points the same way, but once its samples are grouped into the 65 people they came from, the interval includes zero (+0.17, −0.12 to +0.41).",P7,untraceable,,,,"searched results/fibro/manifest.json, results/md3/t2_delta_rho.csv and results/toward/summary.json for a stored percentile 95, 2.5 or 97.5; the draft states the interval level, and those files store n_boot=200 without the percentile"
+0.24,"We built a transcriptomic age ruler in cultured human dermal fibroblasts (652 GTEx donors) by supervised ridge regression on donor age, and froze it. It orders donors by age in cohorts that differ in laboratory, collection site and platform (Spearman ρ 0.43 to 0.56 across four transfers), but it does not predict age in calibrated years. In an independent bulk cohort of 82 donors, the frozen ruler tracks donor age better than the curated mesenchymal-drift (MD) signature used as an age readout by Lu et al. (paired bootstrap Δρ +0.47, 95% CI +0.24 to +0.70). In a second, single-cell cohort the difference points the same way, but once its samples are grouped into the 65 people they came from, the interval includes zero (+0.17, −0.12 to +0.41).",P7,match,results/md3/t2_delta_rho.csv,gse226189_ruler_minus_MD delta_ci_lo,0.238787945597333,
+0.70,"We built a transcriptomic age ruler in cultured human dermal fibroblasts (652 GTEx donors) by supervised ridge regression on donor age, and froze it. It orders donors by age in cohorts that differ in laboratory, collection site and platform (Spearman ρ 0.43 to 0.56 across four transfers), but it does not predict age in calibrated years. In an independent bulk cohort of 82 donors, the frozen ruler tracks donor age better than the curated mesenchymal-drift (MD) signature used as an age readout by Lu et al. (paired bootstrap Δρ +0.47, 95% CI +0.24 to +0.70). In a second, single-cell cohort the difference points the same way, but once its samples are grouped into the 65 people they came from, the interval includes zero (+0.17, −0.12 to +0.41).",P7,match,results/md3/t2_delta_rho.csv,gse226189_ruler_minus_MD delta_ci_hi,0.6957578197697852,
65,"We built a transcriptomic age ruler in cultured human dermal fibroblasts (652 GTEx donors) by supervised ridge regression on donor age, and froze it. It orders donors by age in cohorts that differ in laboratory, collection site and platform (Spearman ρ 0.43 to 0.56 across four transfers), but it does not predict age in calibrated years. In an independent bulk cohort of 82 donors, the frozen ruler tracks donor age better than the curated mesenchymal-drift (MD) signature used as an age readout by Lu et al. (paired bootstrap Δρ +0.47, 95% CI +0.24 to +0.70). In a second, single-cell cohort the difference points the same way, but once its samples are grouped into the 65 people they came from, the interval includes zero (+0.17, −0.12 to +0.41).",P7,match,results/paper_figs/cxg_true_donor_results.csv,true_donor n_units,65,
+0.17,"We built a transcriptomic age ruler in cultured human dermal fibroblasts (652 GTEx donors) by supervised ridge regression on donor age, and froze it. It orders donors by age in cohorts that differ in laboratory, collection site and platform (Spearman ρ 0.43 to 0.56 across four transfers), but it does not predict age in calibrated years. In an independent bulk cohort of 82 donors, the frozen ruler tracks donor age better than the curated mesenchymal-drift (MD) signature used as an age readout by Lu et al. (paired bootstrap Δρ +0.47, 95% CI +0.24 to +0.70). In a second, single-cell cohort the difference points the same way, but once its samples are grouped into the 65 people they came from, the interval includes zero (+0.17, −0.12 to +0.41).",P7,match,results/paper_figs/cxg_true_donor_results.csv,true_donor ruler_minus_MD delta_rho,0.17138424384368856,
−0.12,"We built a transcriptomic age ruler in cultured human dermal fibroblasts (652 GTEx donors) by supervised ridge regression on donor age, and froze it. It orders donors by age in cohorts that differ in laboratory, collection site and platform (Spearman ρ 0.43 to 0.56 across four transfers), but it does not predict age in calibrated years. In an independent bulk cohort of 82 donors, the frozen ruler tracks donor age better than the curated mesenchymal-drift (MD) signature used as an age readout by Lu et al. (paired bootstrap Δρ +0.47, 95% CI +0.24 to +0.70). In a second, single-cell cohort the difference points the same way, but once its samples are grouped into the 65 people they came from, the interval includes zero (+0.17, −0.12 to +0.41).",P7,match,results/paper_figs/cxg_true_donor_results.csv,true_donor ruler_minus_MD delta_ci_lo,-0.11763286051760118,
+0.41,"We built a transcriptomic age ruler in cultured human dermal fibroblasts (652 GTEx donors) by supervised ridge regression on donor age, and froze it. It orders donors by age in cohorts that differ in laboratory, collection site and platform (Spearman ρ 0.43 to 0.56 across four transfers), but it does not predict age in calibrated years. In an independent bulk cohort of 82 donors, the frozen ruler tracks donor age better than the curated mesenchymal-drift (MD) signature used as an age readout by Lu et al. (paired bootstrap Δρ +0.47, 95% CI +0.24 to +0.70). In a second, single-cell cohort the difference points the same way, but once its samples are grouped into the 65 people they came from, the interval includes zero (+0.17, −0.12 to +0.41).",P7,match,results/paper_figs/cxg_true_donor_results.csv,true_donor ruler_minus_MD delta_ci_hi,0.41248891146806693,
+9.4,"Applying the distance-to-target framework to OSKM partial reprogramming of fibroblasts (Lu et al.), the aged donor's partially reprogrammed cells end farther from young fibroblasts than the cells they came from, whether young is defined by GTEx donors (+9.4 z units) or by a 22-year-old donor assayed in the same experiment (+131), even though against the latter target they travel two thirds of the way along the aged-to-young axis. A dose-response control on the same statistic detects a known approach, so the null result is not simply insensitivity, and a reverse test rules out mutual convergence of the two donors.",P8,match,results/toward/stats.csv,GM00731 PartialReprog delta_young,9.369675854981608,
22,"Applying the distance-to-target framework to OSKM partial reprogramming of fibroblasts (Lu et al.), the aged donor's partially reprogrammed cells end farther from young fibroblasts than the cells they came from, whether young is defined by GTEx donors (+9.4 z units) or by a 22-year-old donor assayed in the same experiment (+131), even though against the latter target they travel two thirds of the way along the aged-to-young axis. A dose-response control on the same statistic detects a known approach, so the null result is not simply insensitivity, and a reverse test rules out mutual convergence of the two donors.",P8,match,results/survey/datasets.csv,age field,22 and 96 (two donors),
+131,"Applying the distance-to-target framework to OSKM partial reprogramming of fibroblasts (Lu et al.), the aged donor's partially reprogrammed cells end farther from young fibroblasts than the cells they came from, whether young is defined by GTEx donors (+9.4 z units) or by a 22-year-old donor assayed in the same experiment (+131), even though against the latter target they travel two thirds of the way along the aged-to-young axis. A dose-response control on the same statistic detects a known approach, so the null result is not simply insensitivity, and a reverse test rules out mutual convergence of the two donors.",P8,match,results/same/stats.csv,forward delta,130.89356478446803,
652,"We trained a ridge-regression ruler on donor chronological age from transcriptome-wide log expression in cultured dermal fibroblasts from 652 GTEx donors, and froze its weights, training mean and standard deviation before any evaluation. The frozen ruler was then applied unchanged to held-out donors and to two external cohorts differing in laboratory, protocol and sequencing platform (Table 1, Figure 1).",P21,match,results/fibro/freeze.json,n_donors,652,
1,"We trained a ridge-regression ruler on donor chronological age from transcriptome-wide log expression in cultured dermal fibroblasts from 652 GTEx donors, and froze its weights, training mean and standard deviation before any evaluation. The frozen ruler was then applied unchanged to held-out donors and to two external cohorts differing in laboratory, protocol and sequencing platform (Table 1, Figure 1).",P21,not_a_claim,,,figure or table number,
1,"We trained a ridge-regression ruler on donor chronological age from transcriptome-wide log expression in cultured dermal fibroblasts from 652 GTEx donors, and froze its weights, training mean and standard deviation before any evaluation. The frozen ruler was then applied unchanged to held-out donors and to two external cohorts differing in laboratory, protocol and sequencing platform (Table 1, Figure 1).",P21,not_a_claim,,,figure or table number,
1,"Table 1. Transfer of the frozen fibroblast ruler to held-out donors. ρ is Spearman correlation between the ruler score and donor age. R² is uncalibrated, applying the training-set intercept and slopes unchanged, and is defined only for the within-GTEx rows: the external cohorts are scored with the frozen unit-length projection, which has no intercept or scale and so is not an age in years. GTEx ages are public only as decade bins, so the GTEx rows correlate against bin midpoints. The last row repeats the fibroblast atlas test with the 93 pseudobulks grouped into the 65 people they came from.",P22,not_a_claim,,,figure or table number,
93,"Table 1. Transfer of the frozen fibroblast ruler to held-out donors. ρ is Spearman correlation between the ruler score and donor age. R² is uncalibrated, applying the training-set intercept and slopes unchanged, and is defined only for the within-GTEx rows: the external cohorts are scored with the frozen unit-length projection, which has no intercept or scale and so is not an age in years. GTEx ages are public only as decade bins, so the GTEx rows correlate against bin midpoints. The last row repeats the fibroblast atlas test with the 93 pseudobulks grouped into the 65 people they came from.",P22,match,results/fibro2/ta_cxg_a19d1667_result.json,n_donors,93,
65,"Table 1. Transfer of the frozen fibroblast ruler to held-out donors. ρ is Spearman correlation between the ruler score and donor age. R² is uncalibrated, applying the training-set intercept and slopes unchanged, and is defined only for the within-GTEx rows: the external cohorts are scored with the frozen unit-length projection, which has no intercept or scale and so is not an age in years. GTEx ages are public only as decade bins, so the GTEx rows correlate against bin midpoints. The last row repeats the fibroblast atlas test with the 93 pseudobulks grouped into the 65 people they came from.",P22,match,results/paper_figs/cxg_true_donor_results.csv,true_donor n_units,65,
SITE:B1,"GTEx fibroblasts, site B1 | GTEx site C1 | 421 → 224 | +0.529 | +0.289 | p = 0.005",T1R2,not_a_claim,,,GTEx site code,
SITE:C1,"GTEx fibroblasts, site B1 | GTEx site C1 | 421 → 224 | +0.529 | +0.289 | p = 0.005",T1R2,not_a_claim,,,GTEx site code,
421,"GTEx fibroblasts, site B1 | GTEx site C1 | 421 → 224 | +0.529 | +0.289 | p = 0.005",T1R2,match,results/fibro/stage1_cohort.csv,SMCENTER_counts B1,421,
224,"GTEx fibroblasts, site B1 | GTEx site C1 | 421 → 224 | +0.529 | +0.289 | p = 0.005",T1R2,match,results/fibro/stage1_cohort.csv,SMCENTER_counts C1,224,
+0.529,"GTEx fibroblasts, site B1 | GTEx site C1 | 421 → 224 | +0.529 | +0.289 | p = 0.005",T1R2,match,results/fibro/stage1_transfer.csv,B1→C1 raw ridge rho,0.5291743878674791,
+0.289,"GTEx fibroblasts, site B1 | GTEx site C1 | 421 → 224 | +0.529 | +0.289 | p = 0.005",T1R2,match,results/fibro/stage1_transfer.csv,B1→C1 raw ridge r2,0.2887350924387061,
0.005,"GTEx fibroblasts, site B1 | GTEx site C1 | 421 → 224 | +0.529 | +0.289 | p = 0.005",T1R2,match,results/fibro/stage1_transfer.csv,rho_p (also 0.004975124378109453 on the external and toward rows),0.004975124378109453,
SITE:C1,"GTEx fibroblasts, site C1 | GTEx site B1 | 224 → 421 | +0.561 | +0.251 | p = 0.005",T1R3,not_a_claim,,,GTEx site code,
SITE:B1,"GTEx fibroblasts, site C1 | GTEx site B1 | 224 → 421 | +0.561 | +0.251 | p = 0.005",T1R3,not_a_claim,,,GTEx site code,
224,"GTEx fibroblasts, site C1 | GTEx site B1 | 224 → 421 | +0.561 | +0.251 | p = 0.005",T1R3,match,results/fibro/stage1_cohort.csv,SMCENTER_counts C1,224,
421,"GTEx fibroblasts, site C1 | GTEx site B1 | 224 → 421 | +0.561 | +0.251 | p = 0.005",T1R3,match,results/fibro/stage1_cohort.csv,SMCENTER_counts B1,421,
+0.561,"GTEx fibroblasts, site C1 | GTEx site B1 | 224 → 421 | +0.561 | +0.251 | p = 0.005",T1R3,match,results/fibro/stage1_transfer.csv,C1→B1 raw ridge rho,0.5611771722875578,
+0.251,"GTEx fibroblasts, site C1 | GTEx site B1 | 224 → 421 | +0.561 | +0.251 | p = 0.005",T1R3,match,results/fibro/stage1_transfer.csv,C1→B1 raw ridge r2,0.2509655416218788,
0.005,"GTEx fibroblasts, site C1 | GTEx site B1 | 224 → 421 | +0.561 | +0.251 | p = 0.005",T1R3,match,results/fibro/stage1_transfer.csv,rho_p (also 0.004975124378109453 on the external and toward rows),0.004975124378109453,
652,"GTEx fibroblasts, 652 donors (frozen) | GSE226189, bulk | 652 → 82 | +0.549 | n/a | p = 0.005",T1R4,match,results/fibro/freeze.json,n_donors,652,
GSE:GSE226189,"GTEx fibroblasts, 652 donors (frozen) | GSE226189, bulk | 652 → 82 | +0.549 | n/a | p = 0.005",T1R4,match,results/fibro2/ta_GSE226189_near_miss_bulk_result.json,tag,GSE226189_near_miss_bulk,
652,"GTEx fibroblasts, 652 donors (frozen) | GSE226189, bulk | 652 → 82 | +0.549 | n/a | p = 0.005",T1R4,match,results/fibro/freeze.json,n_donors,652,
82,"GTEx fibroblasts, 652 donors (frozen) | GSE226189, bulk | 652 → 82 | +0.549 | n/a | p = 0.005",T1R4,match,results/fibro2/ta_GSE226189_near_miss_bulk_result.json,n_donors and n_samples,82,
+0.549,"GTEx fibroblasts, 652 donors (frozen) | GSE226189, bulk | 652 → 82 | +0.549 | n/a | p = 0.005",T1R4,match,results/fibro2/ta_GSE226189_near_miss_bulk_result.json,rho,0.5486680204481721,
0.005,"GTEx fibroblasts, 652 donors (frozen) | GSE226189, bulk | 652 → 82 | +0.549 | n/a | p = 0.005",T1R4,match,results/fibro/stage1_transfer.csv,rho_p (also 0.004975124378109453 on the external and toward rows),0.004975124378109453,
652,"GTEx fibroblasts, 652 donors (frozen) | Dermal fibroblast atlas, 10x, 93 pseudobulks as run | 652 → 93 | +0.455 | n/a | p = 0.005",T1R5,match,results/fibro/freeze.json,n_donors,652,
TENX:10x,"GTEx fibroblasts, 652 donors (frozen) | Dermal fibroblast atlas, 10x, 93 pseudobulks as run | 652 → 93 | +0.455 | n/a | p = 0.005",T1R5,not_a_claim,,,assay label 10x,
93,"GTEx fibroblasts, 652 donors (frozen) | Dermal fibroblast atlas, 10x, 93 pseudobulks as run | 652 → 93 | +0.455 | n/a | p = 0.005",T1R5,match,results/fibro2/ta_cxg_a19d1667_result.json,n_donors,93,
652,"GTEx fibroblasts, 652 donors (frozen) | Dermal fibroblast atlas, 10x, 93 pseudobulks as run | 652 → 93 | +0.455 | n/a | p = 0.005",T1R5,match,results/fibro/freeze.json,n_donors,652,
93,"GTEx fibroblasts, 652 donors (frozen) | Dermal fibroblast atlas, 10x, 93 pseudobulks as run | 652 → 93 | +0.455 | n/a | p = 0.005",T1R5,match,results/fibro2/ta_cxg_a19d1667_result.json,n_donors,93,
+0.455,"GTEx fibroblasts, 652 donors (frozen) | Dermal fibroblast atlas, 10x, 93 pseudobulks as run | 652 → 93 | +0.455 | n/a | p = 0.005",T1R5,match,results/fibro2/ta_cxg_a19d1667_result.json,rho,0.45512666633316906,
0.005,"GTEx fibroblasts, 652 donors (frozen) | Dermal fibroblast atlas, 10x, 93 pseudobulks as run | 652 → 93 | +0.455 | n/a | p = 0.005",T1R5,match,results/fibro/stage1_transfer.csv,rho_p (also 0.004975124378109453 on the external and toward rows),0.004975124378109453,
TENX:10x,"the same, grouped into real donors | Dermal fibroblast atlas, 10x | 652 → 65 | +0.433 | — | p = 0.005",T1R6,not_a_claim,,,assay label 10x,
652,"the same, grouped into real donors | Dermal fibroblast atlas, 10x | 652 → 65 | +0.433 | — | p = 0.005",T1R6,match,results/fibro/freeze.json,n_donors,652,
65,"the same, grouped into real donors | Dermal fibroblast atlas, 10x | 652 → 65 | +0.433 | — | p = 0.005",T1R6,match,results/paper_figs/cxg_true_donor_results.csv,true_donor n_units,65,
+0.433,"the same, grouped into real donors | Dermal fibroblast atlas, 10x | 652 → 65 | +0.433 | — | p = 0.005",T1R6,match,results/paper_figs/cxg_true_donor_results.csv,true_donor ruler_spearman rho,0.43338041757870716,
0.005,"the same, grouped into real donors | Dermal fibroblast atlas, 10x | 652 → 65 | +0.433 | — | p = 0.005",T1R6,match,results/fibro/stage1_transfer.csv,rho_p (also 0.004975124378109453 on the external and toward rows),0.004975124378109453,
+0.29,"First, transfer is directional, not calibrated. Within GTEx, where the ruler outputs a predicted age in years, uncalibrated R² is positive but modest (+0.29 and +0.25). In the external cohorts the frozen score is a unit-length projection with no intercept or scale, so it is not an age at all and only the ordering can be evaluated. We therefore use the ruler as an ordering instrument or as a coordinate system, never as an age estimate, and every statistic below uses it as a direction, a distance or a context column.",P25,match,results/fibro/stage1_transfer.csv,B1→C1 raw ridge r2,0.2887350924387061,
+0.25,"First, transfer is directional, not calibrated. Within GTEx, where the ruler outputs a predicted age in years, uncalibrated R² is positive but modest (+0.29 and +0.25). In the external cohorts the frozen score is a unit-length projection with no intercept or scale, so it is not an age at all and only the ordering can be evaluated. We therefore use the ruler as an ordering instrument or as a coordinate system, never as an age estimate, and every statistic below uses it as a direction, a distance or a context column.",P25,match,results/fibro/stage1_transfer.csv,C1→B1 raw ridge r2,0.2509655416218788,
200,"Second, the permutation nulls are donor-label nulls on Spearman ρ: donor ages are shuffled with the expression matrix held fixed, and ρ is recomputed 200 times. A p-value of 0.005 is the smallest attainable with 200 permutations; it means that no permuted draw matched the observed value.",P26,match,results/fibro/stage1_transfer.csv,n_perm,200,
0.005,"Second, the permutation nulls are donor-label nulls on Spearman ρ: donor ages are shuffled with the expression matrix held fixed, and ρ is recomputed 200 times. A p-value of 0.005 is the smallest attainable with 200 permutations; it means that no permuted draw matched the observed value.",P26,match,results/fibro/stage1_transfer.csv,rho_p (also 0.004975124378109453 on the external and toward rows),0.004975124378109453,
200,"Second, the permutation nulls are donor-label nulls on Spearman ρ: donor ages are shuffled with the expression matrix held fixed, and ρ is recomputed 200 times. A p-value of 0.005 is the smallest attainable with 200 permutations; it means that no permuted draw matched the observed value.",P26,match,results/fibro/stage1_transfer.csv,n_perm,200,
93,"One of these transfers is weaker than it looks. The dermal fibroblast atlas is an integration of published studies rather than a single cohort, and the pre-registered analysis treated each of its 93 donor identifiers as a person. They are not. Tracing each identifier to its source study shows that the 93 pseudobulks come from 65 people: one study contributes 23 sequencing accessions from five donors, whose recorded age of 42 is a placeholder for an author-reported range of 25 to 60 years, and several other studies contribute repeated samples from the same donor. With the correct unit the transfer holds (ρ = +0.433, 95% CI +0.174 to +0.610, permutation p = 0.005, against +0.455 as run), but the effective sample is smaller and some ages are imprecise. We report both values and interpret the corrected one. The bulk cohort GSE226189, in which 82 samples carry 82 distinct donor identifiers, is the cleaner of the two external tests.",P27,match,results/fibro2/ta_cxg_a19d1667_result.json,n_donors,93,
93,"One of these transfers is weaker than it looks. The dermal fibroblast atlas is an integration of published studies rather than a single cohort, and the pre-registered analysis treated each of its 93 donor identifiers as a person. They are not. Tracing each identifier to its source study shows that the 93 pseudobulks come from 65 people: one study contributes 23 sequencing accessions from five donors, whose recorded age of 42 is a placeholder for an author-reported range of 25 to 60 years, and several other studies contribute repeated samples from the same donor. With the correct unit the transfer holds (ρ = +0.433, 95% CI +0.174 to +0.610, permutation p = 0.005, against +0.455 as run), but the effective sample is smaller and some ages are imprecise. We report both values and interpret the corrected one. The bulk cohort GSE226189, in which 82 samples carry 82 distinct donor identifiers, is the cleaner of the two external tests.",P27,match,results/fibro2/ta_cxg_a19d1667_result.json,n_donors,93,
65,"One of these transfers is weaker than it looks. The dermal fibroblast atlas is an integration of published studies rather than a single cohort, and the pre-registered analysis treated each of its 93 donor identifiers as a person. They are not. Tracing each identifier to its source study shows that the 93 pseudobulks come from 65 people: one study contributes 23 sequencing accessions from five donors, whose recorded age of 42 is a placeholder for an author-reported range of 25 to 60 years, and several other studies contribute repeated samples from the same donor. With the correct unit the transfer holds (ρ = +0.433, 95% CI +0.174 to +0.610, permutation p = 0.005, against +0.455 as run), but the effective sample is smaller and some ages are imprecise. We report both values and interpret the corrected one. The bulk cohort GSE226189, in which 82 samples carry 82 distinct donor identifiers, is the cleaner of the two external tests.",P27,match,results/paper_figs/cxg_true_donor_results.csv,true_donor n_units,65,
23,"One of these transfers is weaker than it looks. The dermal fibroblast atlas is an integration of published studies rather than a single cohort, and the pre-registered analysis treated each of its 93 donor identifiers as a person. They are not. Tracing each identifier to its source study shows that the 93 pseudobulks come from 65 people: one study contributes 23 sequencing accessions from five donors, whose recorded age of 42 is a placeholder for an author-reported range of 25 to 60 years, and several other studies contribute repeated samples from the same donor. With the correct unit the transfer holds (ρ = +0.433, 95% CI +0.174 to +0.610, permutation p = 0.005, against +0.455 as run), but the effective sample is smaller and some ages are imprecise. We report both values and interpret the corrected one. The bulk cohort GSE226189, in which 82 samples carry 82 distinct donor identifiers, is the cleaner of the two external tests.",P27,match,results/paper_figs/cxg_true_donor_report.txt,Reynolds_2021 line,accessions unique=23,
42,"One of these transfers is weaker than it looks. The dermal fibroblast atlas is an integration of published studies rather than a single cohort, and the pre-registered analysis treated each of its 93 donor identifiers as a person. They are not. Tracing each identifier to its source study shows that the 93 pseudobulks come from 65 people: one study contributes 23 sequencing accessions from five donors, whose recorded age of 42 is a placeholder for an author-reported range of 25 to 60 years, and several other studies contribute repeated samples from the same donor. With the correct unit the transfer holds (ρ = +0.433, 95% CI +0.174 to +0.610, permutation p = 0.005, against +0.455 as run), but the effective sample is smaller and some ages are imprecise. We report both values and interpret the corrected one. The bulk cohort GSE226189, in which 82 samples carry 82 distinct donor identifiers, is the cleaner of the two external tests.",P27,match,results/paper_figs/cxg_true_donor_report.txt,Reynolds_2021 ages,ages=[np.float64(42.0)],
25,"One of these transfers is weaker than it looks. The dermal fibroblast atlas is an integration of published studies rather than a single cohort, and the pre-registered analysis treated each of its 93 donor identifiers as a person. They are not. Tracing each identifier to its source study shows that the 93 pseudobulks come from 65 people: one study contributes 23 sequencing accessions from five donors, whose recorded age of 42 is a placeholder for an author-reported range of 25 to 60 years, and several other studies contribute repeated samples from the same donor. With the correct unit the transfer holds (ρ = +0.433, 95% CI +0.174 to +0.610, permutation p = 0.005, against +0.455 as run), but the effective sample is smaller and some ages are imprecise. We report both values and interpret the corrected one. The bulk cohort GSE226189, in which 82 samples carry 82 distinct donor identifiers, is the cleaner of the two external tests.",P27,match,results/paper_figs/cxg_true_donor_report.txt,author Age,25-60 y,
60,"One of these transfers is weaker than it looks. The dermal fibroblast atlas is an integration of published studies rather than a single cohort, and the pre-registered analysis treated each of its 93 donor identifiers as a person. They are not. Tracing each identifier to its source study shows that the 93 pseudobulks come from 65 people: one study contributes 23 sequencing accessions from five donors, whose recorded age of 42 is a placeholder for an author-reported range of 25 to 60 years, and several other studies contribute repeated samples from the same donor. With the correct unit the transfer holds (ρ = +0.433, 95% CI +0.174 to +0.610, permutation p = 0.005, against +0.455 as run), but the effective sample is smaller and some ages are imprecise. We report both values and interpret the corrected one. The bulk cohort GSE226189, in which 82 samples carry 82 distinct donor identifiers, is the cleaner of the two external tests.",P27,match,results/paper_figs/cxg_true_donor_report.txt,author Age,25-60 y,
+0.433,"One of these transfers is weaker than it looks. The dermal fibroblast atlas is an integration of published studies rather than a single cohort, and the pre-registered analysis treated each of its 93 donor identifiers as a person. They are not. Tracing each identifier to its source study shows that the 93 pseudobulks come from 65 people: one study contributes 23 sequencing accessions from five donors, whose recorded age of 42 is a placeholder for an author-reported range of 25 to 60 years, and several other studies contribute repeated samples from the same donor. With the correct unit the transfer holds (ρ = +0.433, 95% CI +0.174 to +0.610, permutation p = 0.005, against +0.455 as run), but the effective sample is smaller and some ages are imprecise. We report both values and interpret the corrected one. The bulk cohort GSE226189, in which 82 samples carry 82 distinct donor identifiers, is the cleaner of the two external tests.",P27,match,results/paper_figs/cxg_true_donor_results.csv,true_donor ruler_spearman rho,0.43338041757870716,
95%,"One of these transfers is weaker than it looks. The dermal fibroblast atlas is an integration of published studies rather than a single cohort, and the pre-registered analysis treated each of its 93 donor identifiers as a person. They are not. Tracing each identifier to its source study shows that the 93 pseudobulks come from 65 people: one study contributes 23 sequencing accessions from five donors, whose recorded age of 42 is a placeholder for an author-reported range of 25 to 60 years, and several other studies contribute repeated samples from the same donor. With the correct unit the transfer holds (ρ = +0.433, 95% CI +0.174 to +0.610, permutation p = 0.005, against +0.455 as run), but the effective sample is smaller and some ages are imprecise. We report both values and interpret the corrected one. The bulk cohort GSE226189, in which 82 samples carry 82 distinct donor identifiers, is the cleaner of the two external tests.",P27,untraceable,,,,"searched results/fibro/manifest.json, results/md3/t2_delta_rho.csv and results/toward/summary.json for a stored percentile 95, 2.5 or 97.5; the draft states the interval level, and those files store n_boot=200 without the percentile"
+0.174,"One of these transfers is weaker than it looks. The dermal fibroblast atlas is an integration of published studies rather than a single cohort, and the pre-registered analysis treated each of its 93 donor identifiers as a person. They are not. Tracing each identifier to its source study shows that the 93 pseudobulks come from 65 people: one study contributes 23 sequencing accessions from five donors, whose recorded age of 42 is a placeholder for an author-reported range of 25 to 60 years, and several other studies contribute repeated samples from the same donor. With the correct unit the transfer holds (ρ = +0.433, 95% CI +0.174 to +0.610, permutation p = 0.005, against +0.455 as run), but the effective sample is smaller and some ages are imprecise. We report both values and interpret the corrected one. The bulk cohort GSE226189, in which 82 samples carry 82 distinct donor identifiers, is the cleaner of the two external tests.",P27,match,results/paper_figs/cxg_true_donor_results.csv,true_donor ruler_spearman rho_ci_lo,0.17438575111784008,
+0.610,"One of these transfers is weaker than it looks. The dermal fibroblast atlas is an integration of published studies rather than a single cohort, and the pre-registered analysis treated each of its 93 donor identifiers as a person. They are not. Tracing each identifier to its source study shows that the 93 pseudobulks come from 65 people: one study contributes 23 sequencing accessions from five donors, whose recorded age of 42 is a placeholder for an author-reported range of 25 to 60 years, and several other studies contribute repeated samples from the same donor. With the correct unit the transfer holds (ρ = +0.433, 95% CI +0.174 to +0.610, permutation p = 0.005, against +0.455 as run), but the effective sample is smaller and some ages are imprecise. We report both values and interpret the corrected one. The bulk cohort GSE226189, in which 82 samples carry 82 distinct donor identifiers, is the cleaner of the two external tests.",P27,match,results/paper_figs/cxg_true_donor_results.csv,true_donor ruler_spearman rho_ci_hi,0.6102577413879697,
0.005,"One of these transfers is weaker than it looks. The dermal fibroblast atlas is an integration of published studies rather than a single cohort, and the pre-registered analysis treated each of its 93 donor identifiers as a person. They are not. Tracing each identifier to its source study shows that the 93 pseudobulks come from 65 people: one study contributes 23 sequencing accessions from five donors, whose recorded age of 42 is a placeholder for an author-reported range of 25 to 60 years, and several other studies contribute repeated samples from the same donor. With the correct unit the transfer holds (ρ = +0.433, 95% CI +0.174 to +0.610, permutation p = 0.005, against +0.455 as run), but the effective sample is smaller and some ages are imprecise. We report both values and interpret the corrected one. The bulk cohort GSE226189, in which 82 samples carry 82 distinct donor identifiers, is the cleaner of the two external tests.",P27,match,results/fibro/stage1_transfer.csv,rho_p (also 0.004975124378109453 on the external and toward rows),0.004975124378109453,
+0.455,"One of these transfers is weaker than it looks. The dermal fibroblast atlas is an integration of published studies rather than a single cohort, and the pre-registered analysis treated each of its 93 donor identifiers as a person. They are not. Tracing each identifier to its source study shows that the 93 pseudobulks come from 65 people: one study contributes 23 sequencing accessions from five donors, whose recorded age of 42 is a placeholder for an author-reported range of 25 to 60 years, and several other studies contribute repeated samples from the same donor. With the correct unit the transfer holds (ρ = +0.433, 95% CI +0.174 to +0.610, permutation p = 0.005, against +0.455 as run), but the effective sample is smaller and some ages are imprecise. We report both values and interpret the corrected one. The bulk cohort GSE226189, in which 82 samples carry 82 distinct donor identifiers, is the cleaner of the two external tests.",P27,match,results/fibro2/ta_cxg_a19d1667_result.json,rho,0.45512666633316906,
GSE:GSE226189,"One of these transfers is weaker than it looks. The dermal fibroblast atlas is an integration of published studies rather than a single cohort, and the pre-registered analysis treated each of its 93 donor identifiers as a person. They are not. Tracing each identifier to its source study shows that the 93 pseudobulks come from 65 people: one study contributes 23 sequencing accessions from five donors, whose recorded age of 42 is a placeholder for an author-reported range of 25 to 60 years, and several other studies contribute repeated samples from the same donor. With the correct unit the transfer holds (ρ = +0.433, 95% CI +0.174 to +0.610, permutation p = 0.005, against +0.455 as run), but the effective sample is smaller and some ages are imprecise. We report both values and interpret the corrected one. The bulk cohort GSE226189, in which 82 samples carry 82 distinct donor identifiers, is the cleaner of the two external tests.",P27,match,results/fibro2/ta_GSE226189_near_miss_bulk_result.json,tag,GSE226189_near_miss_bulk,
82,"One of these transfers is weaker than it looks. The dermal fibroblast atlas is an integration of published studies rather than a single cohort, and the pre-registered analysis treated each of its 93 donor identifiers as a person. They are not. Tracing each identifier to its source study shows that the 93 pseudobulks come from 65 people: one study contributes 23 sequencing accessions from five donors, whose recorded age of 42 is a placeholder for an author-reported range of 25 to 60 years, and several other studies contribute repeated samples from the same donor. With the correct unit the transfer holds (ρ = +0.433, 95% CI +0.174 to +0.610, permutation p = 0.005, against +0.455 as run), but the effective sample is smaller and some ages are imprecise. We report both values and interpret the corrected one. The bulk cohort GSE226189, in which 82 samples carry 82 distinct donor identifiers, is the cleaner of the two external tests.",P27,match,results/fibro2/ta_GSE226189_near_miss_bulk_result.json,n_donors and n_samples,82,
82,"One of these transfers is weaker than it looks. The dermal fibroblast atlas is an integration of published studies rather than a single cohort, and the pre-registered analysis treated each of its 93 donor identifiers as a person. They are not. Tracing each identifier to its source study shows that the 93 pseudobulks come from 65 people: one study contributes 23 sequencing accessions from five donors, whose recorded age of 42 is a placeholder for an author-reported range of 25 to 60 years, and several other studies contribute repeated samples from the same donor. With the correct unit the transfer holds (ρ = +0.433, 95% CI +0.174 to +0.610, permutation p = 0.005, against +0.455 as run), but the effective sample is smaller and some ages are imprecise. We report both values and interpret the corrected one. The bulk cohort GSE226189, in which 82 samples carry 82 distinct donor identifiers, is the cleaner of the two external tests.",P27,match,results/fibro2/ta_GSE226189_near_miss_bulk_result.json,n_donors and n_samples,82,
1,"Figure 1. Transfer of the frozen fibroblast ruler. (A) Spearman ρ with donor age for every transfer in Table 1, with 95% percentile bootstrap intervals (B = 200). Filled circles are pre-registered tests; the open circle is the same fibroblast atlas test with the analysis unit corrected from pseudobulks to people. (B) GSE226189 bulk cohort, 82 donors. (C) Dermal fibroblast atlas, 93 pseudobulks from 65 people; the 23 pseudobulks from five donors of one constituent study, whose age is recorded as 42 but reported by the source authors only as 25 to 60 years, are drawn as open circles.",P29,not_a_claim,,,figure or table number,
1,"Figure 1. Transfer of the frozen fibroblast ruler. (A) Spearman ρ with donor age for every transfer in Table 1, with 95% percentile bootstrap intervals (B = 200). Filled circles are pre-registered tests; the open circle is the same fibroblast atlas test with the analysis unit corrected from pseudobulks to people. (B) GSE226189 bulk cohort, 82 donors. (C) Dermal fibroblast atlas, 93 pseudobulks from 65 people; the 23 pseudobulks from five donors of one constituent study, whose age is recorded as 42 but reported by the source authors only as 25 to 60 years, are drawn as open circles.",P29,not_a_claim,,,figure or table number,
95%,"Figure 1. Transfer of the frozen fibroblast ruler. (A) Spearman ρ with donor age for every transfer in Table 1, with 95% percentile bootstrap intervals (B = 200). Filled circles are pre-registered tests; the open circle is the same fibroblast atlas test with the analysis unit corrected from pseudobulks to people. (B) GSE226189 bulk cohort, 82 donors. (C) Dermal fibroblast atlas, 93 pseudobulks from 65 people; the 23 pseudobulks from five donors of one constituent study, whose age is recorded as 42 but reported by the source authors only as 25 to 60 years, are drawn as open circles.",P29,untraceable,,,,"searched results/fibro/manifest.json, results/md3/t2_delta_rho.csv and results/toward/summary.json for a stored percentile 95, 2.5 or 97.5; the draft states the interval level, and those files store n_boot=200 without the percentile"
200,"Figure 1. Transfer of the frozen fibroblast ruler. (A) Spearman ρ with donor age for every transfer in Table 1, with 95% percentile bootstrap intervals (B = 200). Filled circles are pre-registered tests; the open circle is the same fibroblast atlas test with the analysis unit corrected from pseudobulks to people. (B) GSE226189 bulk cohort, 82 donors. (C) Dermal fibroblast atlas, 93 pseudobulks from 65 people; the 23 pseudobulks from five donors of one constituent study, whose age is recorded as 42 but reported by the source authors only as 25 to 60 years, are drawn as open circles.",P29,match,results/fibro2/ta_GSE226189_near_miss_bulk_result.json,n_boot,200,
GSE:GSE226189,"Figure 1. Transfer of the frozen fibroblast ruler. (A) Spearman ρ with donor age for every transfer in Table 1, with 95% percentile bootstrap intervals (B = 200). Filled circles are pre-registered tests; the open circle is the same fibroblast atlas test with the analysis unit corrected from pseudobulks to people. (B) GSE226189 bulk cohort, 82 donors. (C) Dermal fibroblast atlas, 93 pseudobulks from 65 people; the 23 pseudobulks from five donors of one constituent study, whose age is recorded as 42 but reported by the source authors only as 25 to 60 years, are drawn as open circles.",P29,match,results/fibro2/ta_GSE226189_near_miss_bulk_result.json,tag,GSE226189_near_miss_bulk,
82,"Figure 1. Transfer of the frozen fibroblast ruler. (A) Spearman ρ with donor age for every transfer in Table 1, with 95% percentile bootstrap intervals (B = 200). Filled circles are pre-registered tests; the open circle is the same fibroblast atlas test with the analysis unit corrected from pseudobulks to people. (B) GSE226189 bulk cohort, 82 donors. (C) Dermal fibroblast atlas, 93 pseudobulks from 65 people; the 23 pseudobulks from five donors of one constituent study, whose age is recorded as 42 but reported by the source authors only as 25 to 60 years, are drawn as open circles.",P29,match,results/fibro2/ta_GSE226189_near_miss_bulk_result.json,n_donors and n_samples,82,
93,"Figure 1. Transfer of the frozen fibroblast ruler. (A) Spearman ρ with donor age for every transfer in Table 1, with 95% percentile bootstrap intervals (B = 200). Filled circles are pre-registered tests; the open circle is the same fibroblast atlas test with the analysis unit corrected from pseudobulks to people. (B) GSE226189 bulk cohort, 82 donors. (C) Dermal fibroblast atlas, 93 pseudobulks from 65 people; the 23 pseudobulks from five donors of one constituent study, whose age is recorded as 42 but reported by the source authors only as 25 to 60 years, are drawn as open circles.",P29,match,results/fibro2/ta_cxg_a19d1667_result.json,n_donors,93,
65,"Figure 1. Transfer of the frozen fibroblast ruler. (A) Spearman ρ with donor age for every transfer in Table 1, with 95% percentile bootstrap intervals (B = 200). Filled circles are pre-registered tests; the open circle is the same fibroblast atlas test with the analysis unit corrected from pseudobulks to people. (B) GSE226189 bulk cohort, 82 donors. (C) Dermal fibroblast atlas, 93 pseudobulks from 65 people; the 23 pseudobulks from five donors of one constituent study, whose age is recorded as 42 but reported by the source authors only as 25 to 60 years, are drawn as open circles.",P29,match,results/paper_figs/cxg_true_donor_results.csv,true_donor n_units,65,
23,"Figure 1. Transfer of the frozen fibroblast ruler. (A) Spearman ρ with donor age for every transfer in Table 1, with 95% percentile bootstrap intervals (B = 200). Filled circles are pre-registered tests; the open circle is the same fibroblast atlas test with the analysis unit corrected from pseudobulks to people. (B) GSE226189 bulk cohort, 82 donors. (C) Dermal fibroblast atlas, 93 pseudobulks from 65 people; the 23 pseudobulks from five donors of one constituent study, whose age is recorded as 42 but reported by the source authors only as 25 to 60 years, are drawn as open circles.",P29,match,results/paper_figs/cxg_true_donor_report.txt,Reynolds_2021 line,accessions unique=23,
42,"Figure 1. Transfer of the frozen fibroblast ruler. (A) Spearman ρ with donor age for every transfer in Table 1, with 95% percentile bootstrap intervals (B = 200). Filled circles are pre-registered tests; the open circle is the same fibroblast atlas test with the analysis unit corrected from pseudobulks to people. (B) GSE226189 bulk cohort, 82 donors. (C) Dermal fibroblast atlas, 93 pseudobulks from 65 people; the 23 pseudobulks from five donors of one constituent study, whose age is recorded as 42 but reported by the source authors only as 25 to 60 years, are drawn as open circles.",P29,match,results/paper_figs/cxg_true_donor_report.txt,Reynolds_2021 ages,ages=[np.float64(42.0)],
25,"Figure 1. Transfer of the frozen fibroblast ruler. (A) Spearman ρ with donor age for every transfer in Table 1, with 95% percentile bootstrap intervals (B = 200). Filled circles are pre-registered tests; the open circle is the same fibroblast atlas test with the analysis unit corrected from pseudobulks to people. (B) GSE226189 bulk cohort, 82 donors. (C) Dermal fibroblast atlas, 93 pseudobulks from 65 people; the 23 pseudobulks from five donors of one constituent study, whose age is recorded as 42 but reported by the source authors only as 25 to 60 years, are drawn as open circles.",P29,match,results/paper_figs/cxg_true_donor_report.txt,author Age,25-60 y,
60,"Figure 1. Transfer of the frozen fibroblast ruler. (A) Spearman ρ with donor age for every transfer in Table 1, with 95% percentile bootstrap intervals (B = 200). Filled circles are pre-registered tests; the open circle is the same fibroblast atlas test with the analysis unit corrected from pseudobulks to people. (B) GSE226189 bulk cohort, 82 donors. (C) Dermal fibroblast atlas, 93 pseudobulks from 65 people; the 23 pseudobulks from five donors of one constituent study, whose age is recorded as 42 but reported by the source authors only as 25 to 60 years, are drawn as open circles.",P29,match,results/paper_figs/cxg_true_donor_report.txt,author Age,25-60 y,
22,"One property of the fibroblast ruler matters for everything that follows. Its score is anticorrelated with distance from its own training distribution: across 22 donor × cluster × timepoint pseudobulks in the reprogramming dataset, Spearman ρ between nearest-neighbour distance to the GTEx training donors and the frozen score is −0.625 (95% CI −0.834 to −0.320; Figure 2), and the same sign holds within each donor separately (−0.78 and −0.81). Cells far outside the training manifold are scored as young. Because distance and reprogramming state move together here, this correlation cannot by itself separate an extrapolation artefact from genuine change; pluripotent cells, for example, are reset to near-zero age by DNA-methylation clocks. What it does show is that a low ruler score on these cells cannot be taken at face value, which is a plausible mechanism by which a one-dimensional score mistakes departure for rejuvenation, and it applies to our ruler exactly as it applies to the readouts we examine below. This analysis was pre-registered as report-only, and it had anticipated the opposite sign, a score that rises with distance; the observation is that it falls.",P30,match,results/fibro3/t2_summary.json,n_rows_scored,22,
−0.625,"One property of the fibroblast ruler matters for everything that follows. Its score is anticorrelated with distance from its own training distribution: across 22 donor × cluster × timepoint pseudobulks in the reprogramming dataset, Spearman ρ between nearest-neighbour distance to the GTEx training donors and the frozen score is −0.625 (95% CI −0.834 to −0.320; Figure 2), and the same sign holds within each donor separately (−0.78 and −0.81). Cells far outside the training manifold are scored as young. Because distance and reprogramming state move together here, this correlation cannot by itself separate an extrapolation artefact from genuine change; pluripotent cells, for example, are reset to near-zero age by DNA-methylation clocks. What it does show is that a low ruler score on these cells cannot be taken at face value, which is a plausible mechanism by which a one-dimensional score mistakes departure for rejuvenation, and it applies to our ruler exactly as it applies to the readouts we examine below. This analysis was pre-registered as report-only, and it had anticipated the opposite sign, a score that rises with distance; the observation is that it falls.",P30,match,results/fibro3/t2_correlation.csv,nn_euclidean all_donor_cluster_timepoint_n_ge_20 rho,-0.6250705815923208,
95%,"One property of the fibroblast ruler matters for everything that follows. Its score is anticorrelated with distance from its own training distribution: across 22 donor × cluster × timepoint pseudobulks in the reprogramming dataset, Spearman ρ between nearest-neighbour distance to the GTEx training donors and the frozen score is −0.625 (95% CI −0.834 to −0.320; Figure 2), and the same sign holds within each donor separately (−0.78 and −0.81). Cells far outside the training manifold are scored as young. Because distance and reprogramming state move together here, this correlation cannot by itself separate an extrapolation artefact from genuine change; pluripotent cells, for example, are reset to near-zero age by DNA-methylation clocks. What it does show is that a low ruler score on these cells cannot be taken at face value, which is a plausible mechanism by which a one-dimensional score mistakes departure for rejuvenation, and it applies to our ruler exactly as it applies to the readouts we examine below. This analysis was pre-registered as report-only, and it had anticipated the opposite sign, a score that rises with distance; the observation is that it falls.",P30,untraceable,,,,"searched results/fibro/manifest.json, results/md3/t2_delta_rho.csv and results/toward/summary.json for a stored percentile 95, 2.5 or 97.5; the draft states the interval level, and those files store n_boot=200 without the percentile"
−0.834,"One property of the fibroblast ruler matters for everything that follows. Its score is anticorrelated with distance from its own training distribution: across 22 donor × cluster × timepoint pseudobulks in the reprogramming dataset, Spearman ρ between nearest-neighbour distance to the GTEx training donors and the frozen score is −0.625 (95% CI −0.834 to −0.320; Figure 2), and the same sign holds within each donor separately (−0.78 and −0.81). Cells far outside the training manifold are scored as young. Because distance and reprogramming state move together here, this correlation cannot by itself separate an extrapolation artefact from genuine change; pluripotent cells, for example, are reset to near-zero age by DNA-methylation clocks. What it does show is that a low ruler score on these cells cannot be taken at face value, which is a plausible mechanism by which a one-dimensional score mistakes departure for rejuvenation, and it applies to our ruler exactly as it applies to the readouts we examine below. This analysis was pre-registered as report-only, and it had anticipated the opposite sign, a score that rises with distance; the observation is that it falls.",P30,match,results/fibro3/t2_correlation.csv,rho_ci_lo,-0.8342929119275445,
−0.320,"One property of the fibroblast ruler matters for everything that follows. Its score is anticorrelated with distance from its own training distribution: across 22 donor × cluster × timepoint pseudobulks in the reprogramming dataset, Spearman ρ between nearest-neighbour distance to the GTEx training donors and the frozen score is −0.625 (95% CI −0.834 to −0.320; Figure 2), and the same sign holds within each donor separately (−0.78 and −0.81). Cells far outside the training manifold are scored as young. Because distance and reprogramming state move together here, this correlation cannot by itself separate an extrapolation artefact from genuine change; pluripotent cells, for example, are reset to near-zero age by DNA-methylation clocks. What it does show is that a low ruler score on these cells cannot be taken at face value, which is a plausible mechanism by which a one-dimensional score mistakes departure for rejuvenation, and it applies to our ruler exactly as it applies to the readouts we examine below. This analysis was pre-registered as report-only, and it had anticipated the opposite sign, a score that rises with distance; the observation is that it falls.",P30,match,results/fibro3/t2_correlation.csv,rho_ci_hi,-0.3195726495726496,
2,"One property of the fibroblast ruler matters for everything that follows. Its score is anticorrelated with distance from its own training distribution: across 22 donor × cluster × timepoint pseudobulks in the reprogramming dataset, Spearman ρ between nearest-neighbour distance to the GTEx training donors and the frozen score is −0.625 (95% CI −0.834 to −0.320; Figure 2), and the same sign holds within each donor separately (−0.78 and −0.81). Cells far outside the training manifold are scored as young. Because distance and reprogramming state move together here, this correlation cannot by itself separate an extrapolation artefact from genuine change; pluripotent cells, for example, are reset to near-zero age by DNA-methylation clocks. What it does show is that a low ruler score on these cells cannot be taken at face value, which is a plausible mechanism by which a one-dimensional score mistakes departure for rejuvenation, and it applies to our ruler exactly as it applies to the readouts we examine below. This analysis was pre-registered as report-only, and it had anticipated the opposite sign, a score that rises with distance; the observation is that it falls.",P30,not_a_claim,,,figure number,
−0.78,"One property of the fibroblast ruler matters for everything that follows. Its score is anticorrelated with distance from its own training distribution: across 22 donor × cluster × timepoint pseudobulks in the reprogramming dataset, Spearman ρ between nearest-neighbour distance to the GTEx training donors and the frozen score is −0.625 (95% CI −0.834 to −0.320; Figure 2), and the same sign holds within each donor separately (−0.78 and −0.81). Cells far outside the training manifold are scored as young. Because distance and reprogramming state move together here, this correlation cannot by itself separate an extrapolation artefact from genuine change; pluripotent cells, for example, are reset to near-zero age by DNA-methylation clocks. What it does show is that a low ruler score on these cells cannot be taken at face value, which is a plausible mechanism by which a one-dimensional score mistakes departure for rejuvenation, and it applies to our ruler exactly as it applies to the readouts we examine below. This analysis was pre-registered as report-only, and it had anticipated the opposite sign, a score that rises with distance; the observation is that it falls.",P30,match,results/fibro3/t2_correlation.csv,per_donor_GM00731 rho,-0.7818181818181819,
−0.81,"One property of the fibroblast ruler matters for everything that follows. Its score is anticorrelated with distance from its own training distribution: across 22 donor × cluster × timepoint pseudobulks in the reprogramming dataset, Spearman ρ between nearest-neighbour distance to the GTEx training donors and the frozen score is −0.625 (95% CI −0.834 to −0.320; Figure 2), and the same sign holds within each donor separately (−0.78 and −0.81). Cells far outside the training manifold are scored as young. Because distance and reprogramming state move together here, this correlation cannot by itself separate an extrapolation artefact from genuine change; pluripotent cells, for example, are reset to near-zero age by DNA-methylation clocks. What it does show is that a low ruler score on these cells cannot be taken at face value, which is a plausible mechanism by which a one-dimensional score mistakes departure for rejuvenation, and it applies to our ruler exactly as it applies to the readouts we examine below. This analysis was pre-registered as report-only, and it had anticipated the opposite sign, a score that rises with distance; the observation is that it falls.",P30,match,results/fibro3/t2_correlation.csv,per_donor_GM23815 rho,-0.8090909090909091,
2,"Figure 2. The frozen ruler reads cells outside its training distribution as young. Each point is one donor × cluster × timepoint pseudobulk from the reprogramming dataset with at least 20 cells (n = 22). Distance is the nearest-neighbour Euclidean distance to the GTEx training donors in a 50-component PCA space, read as computed and not recomputed here.",P32,not_a_claim,,,figure or table number,
20,"Figure 2. The frozen ruler reads cells outside its training distribution as young. Each point is one donor × cluster × timepoint pseudobulk from the reprogramming dataset with at least 20 cells (n = 22). Distance is the nearest-neighbour Euclidean distance to the GTEx training donors in a 50-component PCA space, read as computed and not recomputed here.",P32,match,results/fibro3/t2_summary.json,min_cells,20,
22,"Figure 2. The frozen ruler reads cells outside its training distribution as young. Each point is one donor × cluster × timepoint pseudobulk from the reprogramming dataset with at least 20 cells (n = 22). Distance is the nearest-neighbour Euclidean distance to the GTEx training donors in a 50-component PCA space, read as computed and not recomputed here.",P32,match,results/fibro3/t2_summary.json,n_rows_scored,22,
50,"Figure 2. The frozen ruler reads cells outside its training distribution as young. Each point is one donor × cluster × timepoint pseudobulk from the reprogramming dataset with at least 20 cells (n = 22). Distance is the nearest-neighbour Euclidean distance to the GTEx training donors in a 50-component PCA space, read as computed and not recomputed here.",P32,match,results/fibro3/t2_summary.json,pca_k,50,
GENE:SNAI1,"Lu et al. use a mesenchymal-drift (MD) signature, the HALLMARK epithelial-mesenchymal transition gene set augmented with SNAI1, ZEB1, ZEB2, TWIST1 and TWIST2, as their readout of aging, and separately report age-up and age-down gene lists derived from Fleischer et al. If MD is to serve as an age readout, it should predict donor age. We compared three instruments, none of them refit here, on two fibroblast cohorts that none of them was fitted on (Table 2, Figure 3).",P34,not_a_claim,,,gene symbol,
GENE:ZEB1,"Lu et al. use a mesenchymal-drift (MD) signature, the HALLMARK epithelial-mesenchymal transition gene set augmented with SNAI1, ZEB1, ZEB2, TWIST1 and TWIST2, as their readout of aging, and separately report age-up and age-down gene lists derived from Fleischer et al. If MD is to serve as an age readout, it should predict donor age. We compared three instruments, none of them refit here, on two fibroblast cohorts that none of them was fitted on (Table 2, Figure 3).",P34,not_a_claim,,,gene symbol,
GENE:ZEB2,"Lu et al. use a mesenchymal-drift (MD) signature, the HALLMARK epithelial-mesenchymal transition gene set augmented with SNAI1, ZEB1, ZEB2, TWIST1 and TWIST2, as their readout of aging, and separately report age-up and age-down gene lists derived from Fleischer et al. If MD is to serve as an age readout, it should predict donor age. We compared three instruments, none of them refit here, on two fibroblast cohorts that none of them was fitted on (Table 2, Figure 3).",P34,not_a_claim,,,gene symbol,
GENE:TWIST1,"Lu et al. use a mesenchymal-drift (MD) signature, the HALLMARK epithelial-mesenchymal transition gene set augmented with SNAI1, ZEB1, ZEB2, TWIST1 and TWIST2, as their readout of aging, and separately report age-up and age-down gene lists derived from Fleischer et al. If MD is to serve as an age readout, it should predict donor age. We compared three instruments, none of them refit here, on two fibroblast cohorts that none of them was fitted on (Table 2, Figure 3).",P34,not_a_claim,,,gene symbol,
GENE:TWIST2,"Lu et al. use a mesenchymal-drift (MD) signature, the HALLMARK epithelial-mesenchymal transition gene set augmented with SNAI1, ZEB1, ZEB2, TWIST1 and TWIST2, as their readout of aging, and separately report age-up and age-down gene lists derived from Fleischer et al. If MD is to serve as an age readout, it should predict donor age. We compared three instruments, none of them refit here, on two fibroblast cohorts that none of them was fitted on (Table 2, Figure 3).",P34,not_a_claim,,,gene symbol,
2,"Lu et al. use a mesenchymal-drift (MD) signature, the HALLMARK epithelial-mesenchymal transition gene set augmented with SNAI1, ZEB1, ZEB2, TWIST1 and TWIST2, as their readout of aging, and separately report age-up and age-down gene lists derived from Fleischer et al. If MD is to serve as an age readout, it should predict donor age. We compared three instruments, none of them refit here, on two fibroblast cohorts that none of them was fitted on (Table 2, Figure 3).",P34,not_a_claim,,,figure or table number,
3,"Lu et al. use a mesenchymal-drift (MD) signature, the HALLMARK epithelial-mesenchymal transition gene set augmented with SNAI1, ZEB1, ZEB2, TWIST1 and TWIST2, as their readout of aging, and separately report age-up and age-down gene lists derived from Fleischer et al. If MD is to serve as an age readout, it should predict donor age. We compared three instruments, none of them refit here, on two fibroblast cohorts that none of them was fitted on (Table 2, Figure 3).",P34,not_a_claim,,,figure or table number,
2,"Table 2. Three frozen instruments against donor age in two external fibroblast cohorts. Δρ is paired: both correlations are recomputed on the same resampled donors (B = 200), so the interval is on the difference itself rather than on the overlap of two separate intervals. The first atlas row is the analysis as pre-registered, with pseudobulks treated as donors; the second groups them into people and is the one we interpret. Instrument ρ values in the second row are ruler ρ minus the reported Δρ and are shown to two decimals.",P35,not_a_claim,,,figure or table number,
200,"Table 2. Three frozen instruments against donor age in two external fibroblast cohorts. Δρ is paired: both correlations are recomputed on the same resampled donors (B = 200), so the interval is on the difference itself rather than on the overlap of two separate intervals. The first atlas row is the analysis as pre-registered, with pseudobulks treated as donors; the second groups them into people and is the one we interpret. Instrument ρ values in the second row are ruler ρ minus the reported Δρ and are shown to two decimals.",P35,match,results/md3/t2_delta_rho.csv,n_boot,200,
95%,Cohort | Ruler ρ | MD ρ | Age-up − age-down ρ | Δρ vs MD [95% CI] | Δρ vs age-up/down [95% CI],T2R1,untraceable,,,,"searched results/fibro/manifest.json, results/md3/t2_delta_rho.csv and results/toward/summary.json for a stored percentile 95, 2.5 or 97.5; the draft states the interval level, and those files store n_boot=200 without the percentile"
95%,Cohort | Ruler ρ | MD ρ | Age-up − age-down ρ | Δρ vs MD [95% CI] | Δρ vs age-up/down [95% CI],T2R1,untraceable,,,,"searched results/fibro/manifest.json, results/md3/t2_delta_rho.csv and results/toward/summary.json for a stored percentile 95, 2.5 or 97.5; the draft states the interval level, and those files store n_boot=200 without the percentile"
93,"Fibroblast atlas, 93 pseudobulks as run | 0.455 | 0.253 | 0.161 | +0.20 [+0.01, +0.44] | +0.29 [+0.11, +0.49]",T2R2,match,results/fibro2/ta_cxg_a19d1667_result.json,n_donors,93,
0.455,"Fibroblast atlas, 93 pseudobulks as run | 0.455 | 0.253 | 0.161 | +0.20 [+0.01, +0.44] | +0.29 [+0.11, +0.49]",T2R2,match,results/md3/t2_delta_rho.csv,cxg_ruler_minus_MD rho_ruler,0.45512666633316906,
0.253,"Fibroblast atlas, 93 pseudobulks as run | 0.455 | 0.253 | 0.161 | +0.20 [+0.01, +0.44] | +0.29 [+0.11, +0.49]",T2R2,match,results/md3/t2_delta_rho.csv,cxg_ruler_minus_MD rho_other,0.2534037480038296,
0.161,"Fibroblast atlas, 93 pseudobulks as run | 0.455 | 0.253 | 0.161 | +0.20 [+0.01, +0.44] | +0.29 [+0.11, +0.49]",T2R2,match,results/md3/t2_delta_rho.csv,cxg_ruler_minus_S3 rho_other,0.16061436371993473,
+0.20,"Fibroblast atlas, 93 pseudobulks as run | 0.455 | 0.253 | 0.161 | +0.20 [+0.01, +0.44] | +0.29 [+0.11, +0.49]",T2R2,match,results/md3/t2_delta_rho.csv,cxg_ruler_minus_MD delta_rho,0.20172291832933947,
+0.01,"Fibroblast atlas, 93 pseudobulks as run | 0.455 | 0.253 | 0.161 | +0.20 [+0.01, +0.44] | +0.29 [+0.11, +0.49]",T2R2,match,results/md3/t2_delta_rho.csv,cxg_ruler_minus_MD delta_ci_lo,0.005755702956966147,
+0.44,"Fibroblast atlas, 93 pseudobulks as run | 0.455 | 0.253 | 0.161 | +0.20 [+0.01, +0.44] | +0.29 [+0.11, +0.49]",T2R2,match,results/md3/t2_delta_rho.csv,cxg_ruler_minus_MD delta_ci_hi,0.44042949765765654,
+0.29,"Fibroblast atlas, 93 pseudobulks as run | 0.455 | 0.253 | 0.161 | +0.20 [+0.01, +0.44] | +0.29 [+0.11, +0.49]",T2R2,match,results/md3/t2_delta_rho.csv,cxg_ruler_minus_S3 delta_rho,0.29451230261323436,
+0.11,"Fibroblast atlas, 93 pseudobulks as run | 0.455 | 0.253 | 0.161 | +0.20 [+0.01, +0.44] | +0.29 [+0.11, +0.49]",T2R2,match,results/md3/t2_delta_rho.csv,cxg_ruler_minus_S3 delta_ci_lo,0.10702354725911561,
+0.49,"Fibroblast atlas, 93 pseudobulks as run | 0.455 | 0.253 | 0.161 | +0.20 [+0.01, +0.44] | +0.29 [+0.11, +0.49]",T2R2,match,results/md3/t2_delta_rho.csv,cxg_ruler_minus_S3 delta_ci_hi,0.48707353752319016,
65,"Fibroblast atlas, 65 donors | 0.433 | 0.26 | 0.06 | +0.171 [−0.118, +0.413] | +0.372 [+0.094, +0.595]",T2R3,match,results/paper_figs/cxg_true_donor_results.csv,true_donor n_units,65,
0.433,"Fibroblast atlas, 65 donors | 0.433 | 0.26 | 0.06 | +0.171 [−0.118, +0.413] | +0.372 [+0.094, +0.595]",T2R3,match,results/paper_figs/cxg_true_donor_results.csv,true_donor rho_ruler,0.43338041757870716,
0.26,"Fibroblast atlas, 65 donors | 0.433 | 0.26 | 0.06 | +0.171 [−0.118, +0.413] | +0.372 [+0.094, +0.595]",T2R3,match,results/paper_figs/cxg_true_donor_results.csv,true_donor ruler_minus_MD rho_other,0.2619961737350186,
0.06,"Fibroblast atlas, 65 donors | 0.433 | 0.26 | 0.06 | +0.171 [−0.118, +0.413] | +0.372 [+0.094, +0.595]",T2R3,match,results/paper_figs/cxg_true_donor_results.csv,true_donor ruler_minus_age_up_minus_age_down rho_other,0.061770922283544284,
+0.171,"Fibroblast atlas, 65 donors | 0.433 | 0.26 | 0.06 | +0.171 [−0.118, +0.413] | +0.372 [+0.094, +0.595]",T2R3,match,results/paper_figs/cxg_true_donor_results.csv,true_donor ruler_minus_MD delta_rho,0.17138424384368856,
−0.118,"Fibroblast atlas, 65 donors | 0.433 | 0.26 | 0.06 | +0.171 [−0.118, +0.413] | +0.372 [+0.094, +0.595]",T2R3,match,results/paper_figs/cxg_true_donor_results.csv,true_donor ruler_minus_MD delta_ci_lo,-0.11763286051760118,
+0.413,"Fibroblast atlas, 65 donors | 0.433 | 0.26 | 0.06 | +0.171 [−0.118, +0.413] | +0.372 [+0.094, +0.595]",T2R3,rounding,results/paper_figs/cxg_true_donor_results.csv,true_donor ruler_minus_MD delta_ci_hi,0.41248891146806693,
+0.372,"Fibroblast atlas, 65 donors | 0.433 | 0.26 | 0.06 | +0.171 [−0.118, +0.413] | +0.372 [+0.094, +0.595]",T2R3,match,results/paper_figs/cxg_true_donor_results.csv,true_donor ruler_minus_age_up_minus_age_down delta_rho,0.37160949529516285,
+0.094,"Fibroblast atlas, 65 donors | 0.433 | 0.26 | 0.06 | +0.171 [−0.118, +0.413] | +0.372 [+0.094, +0.595]",T2R3,match,results/paper_figs/cxg_true_donor_results.csv,delta_ci_lo,0.09435247390329693,
+0.595,"Fibroblast atlas, 65 donors | 0.433 | 0.26 | 0.06 | +0.171 [−0.118, +0.413] | +0.372 [+0.094, +0.595]",T2R3,match,results/paper_figs/cxg_true_donor_results.csv,delta_ci_hi,0.5953153752034761,
GSE:GSE226189,"GSE226189, bulk (82 donors) | 0.549 | 0.082 | 0.037 | +0.47 [+0.24, +0.70] | +0.51 [+0.25, +0.77]",T2R4,match,results/fibro2/ta_GSE226189_near_miss_bulk_result.json,tag,GSE226189_near_miss_bulk,
82,"GSE226189, bulk (82 donors) | 0.549 | 0.082 | 0.037 | +0.47 [+0.24, +0.70] | +0.51 [+0.25, +0.77]",T2R4,match,results/fibro2/ta_GSE226189_near_miss_bulk_result.json,n_donors and n_samples,82,
0.549,"GSE226189, bulk (82 donors) | 0.549 | 0.082 | 0.037 | +0.47 [+0.24, +0.70] | +0.51 [+0.25, +0.77]",T2R4,match,results/md3/t2_delta_rho.csv,gse226189_ruler_minus_MD rho_ruler,0.5486680204481721,
0.082,"GSE226189, bulk (82 donors) | 0.549 | 0.082 | 0.037 | +0.47 [+0.24, +0.70] | +0.51 [+0.25, +0.77]",T2R4,match,results/md3/t2_delta_rho.csv,gse226189_ruler_minus_MD rho_other,0.08196535059865816,
0.037,"GSE226189, bulk (82 donors) | 0.549 | 0.082 | 0.037 | +0.47 [+0.24, +0.70] | +0.51 [+0.25, +0.77]",T2R4,match,results/md3/t2_delta_rho.csv,gse226189_ruler_minus_S3 rho_other,0.037372802345502165,
+0.47,"GSE226189, bulk (82 donors) | 0.549 | 0.082 | 0.037 | +0.47 [+0.24, +0.70] | +0.51 [+0.25, +0.77]",T2R4,match,results/md3/t2_delta_rho.csv,gse226189_ruler_minus_MD delta_rho,0.4667026698495139,
+0.24,"GSE226189, bulk (82 donors) | 0.549 | 0.082 | 0.037 | +0.47 [+0.24, +0.70] | +0.51 [+0.25, +0.77]",T2R4,match,results/md3/t2_delta_rho.csv,delta_ci_lo,0.238787945597333,
+0.70,"GSE226189, bulk (82 donors) | 0.549 | 0.082 | 0.037 | +0.47 [+0.24, +0.70] | +0.51 [+0.25, +0.77]",T2R4,match,results/md3/t2_delta_rho.csv,delta_ci_hi,0.6957578197697852,
+0.51,"GSE226189, bulk (82 donors) | 0.549 | 0.082 | 0.037 | +0.47 [+0.24, +0.70] | +0.51 [+0.25, +0.77]",T2R4,match,results/md3/t2_delta_rho.csv,gse226189_ruler_minus_S3 delta_rho,0.51129521810267,
+0.25,"GSE226189, bulk (82 donors) | 0.549 | 0.082 | 0.037 | +0.47 [+0.24, +0.70] | +0.51 [+0.25, +0.77]",T2R4,match,results/md3/t2_delta_rho.csv,gse226189_ruler_minus_S3 delta_ci_lo,0.24819062904898104,
+0.77,"GSE226189, bulk (82 donors) | 0.549 | 0.082 | 0.037 | +0.47 [+0.24, +0.70] | +0.51 [+0.25, +0.77]",T2R4,match,results/md3/t2_delta_rho.csv,gse226189_ruler_minus_S3 delta_ci_hi,0.7720164199723213,
3,"Figure 3. The frozen ruler against two curated instruments. (A) Spearman ρ with donor age for each instrument in GSE226189, with 95% percentile bootstrap intervals. (B) Paired Δρ (ruler minus the other instrument). Grey open points are the fibroblast atlas as originally run, with pseudobulks treated as donors; black points use real donors. Against MD, the atlas interval includes zero once the unit is corrected. A third pre-registered cohort, GSE113957, is not shown because it could not be scored.",P38,not_a_claim,,,figure or table number,
GSE:GSE226189,"Figure 3. The frozen ruler against two curated instruments. (A) Spearman ρ with donor age for each instrument in GSE226189, with 95% percentile bootstrap intervals. (B) Paired Δρ (ruler minus the other instrument). Grey open points are the fibroblast atlas as originally run, with pseudobulks treated as donors; black points use real donors. Against MD, the atlas interval includes zero once the unit is corrected. A third pre-registered cohort, GSE113957, is not shown because it could not be scored.",P38,match,results/fibro2/ta_GSE226189_near_miss_bulk_result.json,tag,GSE226189_near_miss_bulk,
95%,"Figure 3. The frozen ruler against two curated instruments. (A) Spearman ρ with donor age for each instrument in GSE226189, with 95% percentile bootstrap intervals. (B) Paired Δρ (ruler minus the other instrument). Grey open points are the fibroblast atlas as originally run, with pseudobulks treated as donors; black points use real donors. Against MD, the atlas interval includes zero once the unit is corrected. A third pre-registered cohort, GSE113957, is not shown because it could not be scored.",P38,untraceable,,,,"searched results/fibro/manifest.json, results/md3/t2_delta_rho.csv and results/toward/summary.json for a stored percentile 95, 2.5 or 97.5; the draft states the interval level, and those files store n_boot=200 without the percentile"
GSE:GSE113957,"Figure 3. The frozen ruler against two curated instruments. (A) Spearman ρ with donor age for each instrument in GSE226189, with 95% percentile bootstrap intervals. (B) Paired Δρ (ruler minus the other instrument). Grey open points are the fibroblast atlas as originally run, with pseudobulks treated as donors; black points use real donors. Against MD, the atlas interval includes zero once the unit is corrected. A third pre-registered cohort, GSE113957, is not shown because it could not be scored.",P38,match,results/fibro2/ta_summary.json,text,GSE113957 ... are not integer counts,
GSE:GSE226189,"The evidence is therefore uneven, and we state it that way. In GSE226189 the ruler beats both curated instruments clearly, and neither MD nor the age-up and age-down lists order donors better than chance there (MD permutation p = 0.26). In the fibroblast atlas the ruler still beats the age-up and age-down lists after the unit correction (+0.372, 95% CI +0.094 to +0.595), but its advantage over MD (+0.171, CI −0.118 to +0.413) is no longer distinguishable from zero. The original analysis had reported that interval as excluding zero; that result depended on counting repeated samples from the same person as independent, and we withdraw it. The claim that survives is that the ruler tracks donor age better than MD in one clean cohort and at least as well in a second. MD was also not applied exactly as published: the gene list is the authors' own, but the score is a Python reimplementation of the Seurat AddModuleScore algorithm on log-normalised pseudobulks, because the published environment could not be run here. A third pre-registered cohort, GSE113957, could not be scored at all, because the deposit provides FPKM values rather than counts and our normalisation requires counts; it is reported as not scored rather than as a negative result.",P39,match,results/fibro2/ta_GSE226189_near_miss_bulk_result.json,tag,GSE226189_near_miss_bulk,
0.26,"The evidence is therefore uneven, and we state it that way. In GSE226189 the ruler beats both curated instruments clearly, and neither MD nor the age-up and age-down lists order donors better than chance there (MD permutation p = 0.26). In the fibroblast atlas the ruler still beats the age-up and age-down lists after the unit correction (+0.372, 95% CI +0.094 to +0.595), but its advantage over MD (+0.171, CI −0.118 to +0.413) is no longer distinguishable from zero. The original analysis had reported that interval as excluding zero; that result depended on counting repeated samples from the same person as independent, and we withdraw it. The claim that survives is that the ruler tracks donor age better than MD in one clean cohort and at least as well in a second. MD was also not applied exactly as published: the gene list is the authors' own, but the score is a Python reimplementation of the Seurat AddModuleScore algorithm on log-normalised pseudobulks, because the published environment could not be run here. A third pre-registered cohort, GSE113957, could not be scored at all, because the deposit provides FPKM values rather than counts and our normalisation requires counts; it is reported as not scored rather than as a negative result.",P39,match,results/md3/t2_instruments.csv,gse226189_md_check rho_p,0.25870646766169153,
+0.372,"The evidence is therefore uneven, and we state it that way. In GSE226189 the ruler beats both curated instruments clearly, and neither MD nor the age-up and age-down lists order donors better than chance there (MD permutation p = 0.26). In the fibroblast atlas the ruler still beats the age-up and age-down lists after the unit correction (+0.372, 95% CI +0.094 to +0.595), but its advantage over MD (+0.171, CI −0.118 to +0.413) is no longer distinguishable from zero. The original analysis had reported that interval as excluding zero; that result depended on counting repeated samples from the same person as independent, and we withdraw it. The claim that survives is that the ruler tracks donor age better than MD in one clean cohort and at least as well in a second. MD was also not applied exactly as published: the gene list is the authors' own, but the score is a Python reimplementation of the Seurat AddModuleScore algorithm on log-normalised pseudobulks, because the published environment could not be run here. A third pre-registered cohort, GSE113957, could not be scored at all, because the deposit provides FPKM values rather than counts and our normalisation requires counts; it is reported as not scored rather than as a negative result.",P39,match,results/paper_figs/cxg_true_donor_results.csv,delta_rho age-up/down,0.37160949529516285,
95%,"The evidence is therefore uneven, and we state it that way. In GSE226189 the ruler beats both curated instruments clearly, and neither MD nor the age-up and age-down lists order donors better than chance there (MD permutation p = 0.26). In the fibroblast atlas the ruler still beats the age-up and age-down lists after the unit correction (+0.372, 95% CI +0.094 to +0.595), but its advantage over MD (+0.171, CI −0.118 to +0.413) is no longer distinguishable from zero. The original analysis had reported that interval as excluding zero; that result depended on counting repeated samples from the same person as independent, and we withdraw it. The claim that survives is that the ruler tracks donor age better than MD in one clean cohort and at least as well in a second. MD was also not applied exactly as published: the gene list is the authors' own, but the score is a Python reimplementation of the Seurat AddModuleScore algorithm on log-normalised pseudobulks, because the published environment could not be run here. A third pre-registered cohort, GSE113957, could not be scored at all, because the deposit provides FPKM values rather than counts and our normalisation requires counts; it is reported as not scored rather than as a negative result.",P39,untraceable,,,,"searched results/fibro/manifest.json, results/md3/t2_delta_rho.csv and results/toward/summary.json for a stored percentile 95, 2.5 or 97.5; the draft states the interval level, and those files store n_boot=200 without the percentile"
+0.094,"The evidence is therefore uneven, and we state it that way. In GSE226189 the ruler beats both curated instruments clearly, and neither MD nor the age-up and age-down lists order donors better than chance there (MD permutation p = 0.26). In the fibroblast atlas the ruler still beats the age-up and age-down lists after the unit correction (+0.372, 95% CI +0.094 to +0.595), but its advantage over MD (+0.171, CI −0.118 to +0.413) is no longer distinguishable from zero. The original analysis had reported that interval as excluding zero; that result depended on counting repeated samples from the same person as independent, and we withdraw it. The claim that survives is that the ruler tracks donor age better than MD in one clean cohort and at least as well in a second. MD was also not applied exactly as published: the gene list is the authors' own, but the score is a Python reimplementation of the Seurat AddModuleScore algorithm on log-normalised pseudobulks, because the published environment could not be run here. A third pre-registered cohort, GSE113957, could not be scored at all, because the deposit provides FPKM values rather than counts and our normalisation requires counts; it is reported as not scored rather than as a negative result.",P39,match,results/paper_figs/cxg_true_donor_results.csv,delta_ci_lo,0.09435247390329693,
+0.595,"The evidence is therefore uneven, and we state it that way. In GSE226189 the ruler beats both curated instruments clearly, and neither MD nor the age-up and age-down lists order donors better than chance there (MD permutation p = 0.26). In the fibroblast atlas the ruler still beats the age-up and age-down lists after the unit correction (+0.372, 95% CI +0.094 to +0.595), but its advantage over MD (+0.171, CI −0.118 to +0.413) is no longer distinguishable from zero. The original analysis had reported that interval as excluding zero; that result depended on counting repeated samples from the same person as independent, and we withdraw it. The claim that survives is that the ruler tracks donor age better than MD in one clean cohort and at least as well in a second. MD was also not applied exactly as published: the gene list is the authors' own, but the score is a Python reimplementation of the Seurat AddModuleScore algorithm on log-normalised pseudobulks, because the published environment could not be run here. A third pre-registered cohort, GSE113957, could not be scored at all, because the deposit provides FPKM values rather than counts and our normalisation requires counts; it is reported as not scored rather than as a negative result.",P39,match,results/paper_figs/cxg_true_donor_results.csv,delta_ci_hi,0.5953153752034761,
+0.171,"The evidence is therefore uneven, and we state it that way. In GSE226189 the ruler beats both curated instruments clearly, and neither MD nor the age-up and age-down lists order donors better than chance there (MD permutation p = 0.26). In the fibroblast atlas the ruler still beats the age-up and age-down lists after the unit correction (+0.372, 95% CI +0.094 to +0.595), but its advantage over MD (+0.171, CI −0.118 to +0.413) is no longer distinguishable from zero. The original analysis had reported that interval as excluding zero; that result depended on counting repeated samples from the same person as independent, and we withdraw it. The claim that survives is that the ruler tracks donor age better than MD in one clean cohort and at least as well in a second. MD was also not applied exactly as published: the gene list is the authors' own, but the score is a Python reimplementation of the Seurat AddModuleScore algorithm on log-normalised pseudobulks, because the published environment could not be run here. A third pre-registered cohort, GSE113957, could not be scored at all, because the deposit provides FPKM values rather than counts and our normalisation requires counts; it is reported as not scored rather than as a negative result.",P39,match,results/paper_figs/cxg_true_donor_results.csv,MD delta_rho,0.17138424384368856,
−0.118,"The evidence is therefore uneven, and we state it that way. In GSE226189 the ruler beats both curated instruments clearly, and neither MD nor the age-up and age-down lists order donors better than chance there (MD permutation p = 0.26). In the fibroblast atlas the ruler still beats the age-up and age-down lists after the unit correction (+0.372, 95% CI +0.094 to +0.595), but its advantage over MD (+0.171, CI −0.118 to +0.413) is no longer distinguishable from zero. The original analysis had reported that interval as excluding zero; that result depended on counting repeated samples from the same person as independent, and we withdraw it. The claim that survives is that the ruler tracks donor age better than MD in one clean cohort and at least as well in a second. MD was also not applied exactly as published: the gene list is the authors' own, but the score is a Python reimplementation of the Seurat AddModuleScore algorithm on log-normalised pseudobulks, because the published environment could not be run here. A third pre-registered cohort, GSE113957, could not be scored at all, because the deposit provides FPKM values rather than counts and our normalisation requires counts; it is reported as not scored rather than as a negative result.",P39,match,results/paper_figs/cxg_true_donor_results.csv,MD delta_ci_lo,-0.11763286051760118,
+0.413,"The evidence is therefore uneven, and we state it that way. In GSE226189 the ruler beats both curated instruments clearly, and neither MD nor the age-up and age-down lists order donors better than chance there (MD permutation p = 0.26). In the fibroblast atlas the ruler still beats the age-up and age-down lists after the unit correction (+0.372, 95% CI +0.094 to +0.595), but its advantage over MD (+0.171, CI −0.118 to +0.413) is no longer distinguishable from zero. The original analysis had reported that interval as excluding zero; that result depended on counting repeated samples from the same person as independent, and we withdraw it. The claim that survives is that the ruler tracks donor age better than MD in one clean cohort and at least as well in a second. MD was also not applied exactly as published: the gene list is the authors' own, but the score is a Python reimplementation of the Seurat AddModuleScore algorithm on log-normalised pseudobulks, because the published environment could not be run here. A third pre-registered cohort, GSE113957, could not be scored at all, because the deposit provides FPKM values rather than counts and our normalisation requires counts; it is reported as not scored rather than as a negative result.",P39,rounding,results/paper_figs/cxg_true_donor_results.csv,MD delta_ci_hi,0.41248891146806693,
GSE:GSE113957,"The evidence is therefore uneven, and we state it that way. In GSE226189 the ruler beats both curated instruments clearly, and neither MD nor the age-up and age-down lists order donors better than chance there (MD permutation p = 0.26). In the fibroblast atlas the ruler still beats the age-up and age-down lists after the unit correction (+0.372, 95% CI +0.094 to +0.595), but its advantage over MD (+0.171, CI −0.118 to +0.413) is no longer distinguishable from zero. The original analysis had reported that interval as excluding zero; that result depended on counting repeated samples from the same person as independent, and we withdraw it. The claim that survives is that the ruler tracks donor age better than MD in one clean cohort and at least as well in a second. MD was also not applied exactly as published: the gene list is the authors' own, but the score is a Python reimplementation of the Seurat AddModuleScore algorithm on log-normalised pseudobulks, because the published environment could not be run here. A third pre-registered cohort, GSE113957, could not be scored at all, because the deposit provides FPKM values rather than counts and our normalisation requires counts; it is reported as not scored rather than as a negative result.",P39,match,results/fibro2/ta_summary.json,text,GSE113957 ... are not integer counts,
−0.938,"MD nonetheless behaves within the reprogramming trajectory as Lu et al. describe: it falls as cells leave the fibroblast state. Across cluster × timepoint pseudobulks in their own OSKM dataset, the MD score is almost perfectly anticorrelated with a pluripotency-minus-fibroblast score (ρ = −0.938 in the aged donor and −0.960 in the young donor). MD genes are largely mesenchymal identity genes, so a falling MD score is in the first instance a statement about how fibroblast-like a cell remains. This is consistent with MD being a good marker of position along the reprogramming trajectory and a weak marker of donor age, which is the distinction this paper is about.",P40,match,results/md3/t3_md_covariation.csv,GM00731_MD_vs_pluri_primary rho,-0.9378342245989305,
−0.960,"MD nonetheless behaves within the reprogramming trajectory as Lu et al. describe: it falls as cells leave the fibroblast state. Across cluster × timepoint pseudobulks in their own OSKM dataset, the MD score is almost perfectly anticorrelated with a pluripotency-minus-fibroblast score (ρ = −0.938 in the aged donor and −0.960 in the young donor). MD genes are largely mesenchymal identity genes, so a falling MD score is in the first instance a statement about how fibroblast-like a cell remains. This is consistent with MD being a good marker of position along the reprogramming trajectory and a weak marker of donor age, which is the distinction this paper is about.",P40,match,results/md3/t3_md_covariation.csv,GM23815_MD_vs_pluri_primary rho,-0.9599694423223835,
GSE:GSE297234,"We analysed GSE297234 (Lu et al.), an OSKM reprogramming time course in dermal fibroblasts from a 96-year-old donor (GM00731) and a 22-year-old donor (GM23815) sampled at days 0, 3, 7 and 10, using the published cell-state assignments. Displacement was measured from the aged donor's day-0 fibroblast pseudobulk to its partially reprogrammed pseudobulk (5,832 cells), in the frozen ruler's gene space. Those 5,832 cells are overwhelmingly day-3 cells (5,220 of them), assayed while OSKM is still being expressed; this is the population the source paper treats as rejuvenated, and it is the population we test, but it is not a test of cells allowed to recover after the factors are withdrawn.",P42,match,results/survey/datasets.csv,GSE297234 row,GSE297234,
96,"We analysed GSE297234 (Lu et al.), an OSKM reprogramming time course in dermal fibroblasts from a 96-year-old donor (GM00731) and a 22-year-old donor (GM23815) sampled at days 0, 3, 7 and 10, using the published cell-state assignments. Displacement was measured from the aged donor's day-0 fibroblast pseudobulk to its partially reprogrammed pseudobulk (5,832 cells), in the frozen ruler's gene space. Those 5,832 cells are overwhelmingly day-3 cells (5,220 of them), assayed while OSKM is still being expressed; this is the population the source paper treats as rejuvenated, and it is the population we test, but it is not a test of cells allowed to recover after the factors are withdrawn.",P42,match,results/survey/datasets.csv,age field,22 and 96 (two donors),
GM:GM00731,"We analysed GSE297234 (Lu et al.), an OSKM reprogramming time course in dermal fibroblasts from a 96-year-old donor (GM00731) and a 22-year-old donor (GM23815) sampled at days 0, 3, 7 and 10, using the published cell-state assignments. Displacement was measured from the aged donor's day-0 fibroblast pseudobulk to its partially reprogrammed pseudobulk (5,832 cells), in the frozen ruler's gene space. Those 5,832 cells are overwhelmingly day-3 cells (5,220 of them), assayed while OSKM is still being expressed; this is the population the source paper treats as rejuvenated, and it is the population we test, but it is not a test of cells allowed to recover after the factors are withdrawn.",P42,match,results/toward/stats.csv,cell_line,GM00731,
22,"We analysed GSE297234 (Lu et al.), an OSKM reprogramming time course in dermal fibroblasts from a 96-year-old donor (GM00731) and a 22-year-old donor (GM23815) sampled at days 0, 3, 7 and 10, using the published cell-state assignments. Displacement was measured from the aged donor's day-0 fibroblast pseudobulk to its partially reprogrammed pseudobulk (5,832 cells), in the frozen ruler's gene space. Those 5,832 cells are overwhelmingly day-3 cells (5,220 of them), assayed while OSKM is still being expressed; this is the population the source paper treats as rejuvenated, and it is the population we test, but it is not a test of cells allowed to recover after the factors are withdrawn.",P42,match,results/survey/datasets.csv,age field,22 and 96 (two donors),
GM:GM23815,"We analysed GSE297234 (Lu et al.), an OSKM reprogramming time course in dermal fibroblasts from a 96-year-old donor (GM00731) and a 22-year-old donor (GM23815) sampled at days 0, 3, 7 and 10, using the published cell-state assignments. Displacement was measured from the aged donor's day-0 fibroblast pseudobulk to its partially reprogrammed pseudobulk (5,832 cells), in the frozen ruler's gene space. Those 5,832 cells are overwhelmingly day-3 cells (5,220 of them), assayed while OSKM is still being expressed; this is the population the source paper treats as rejuvenated, and it is the population we test, but it is not a test of cells allowed to recover after the factors are withdrawn.",P42,match,results/toward/stats.csv,cell_line,GM23815,
0,"We analysed GSE297234 (Lu et al.), an OSKM reprogramming time course in dermal fibroblasts from a 96-year-old donor (GM00731) and a 22-year-old donor (GM23815) sampled at days 0, 3, 7 and 10, using the published cell-state assignments. Displacement was measured from the aged donor's day-0 fibroblast pseudobulk to its partially reprogrammed pseudobulk (5,832 cells), in the frozen ruler's gene space. Those 5,832 cells are overwhelmingly day-3 cells (5,220 of them), assayed while OSKM is still being expressed; this is the population the source paper treats as rejuvenated, and it is the population we test, but it is not a test of cells allowed to recover after the factors are withdrawn.",P42,match,results/toward/stats.csv,columns n_d0 n_d3 n_d7 n_d10,"n_d0,n_d3,n_d7,n_d10",
3,"We analysed GSE297234 (Lu et al.), an OSKM reprogramming time course in dermal fibroblasts from a 96-year-old donor (GM00731) and a 22-year-old donor (GM23815) sampled at days 0, 3, 7 and 10, using the published cell-state assignments. Displacement was measured from the aged donor's day-0 fibroblast pseudobulk to its partially reprogrammed pseudobulk (5,832 cells), in the frozen ruler's gene space. Those 5,832 cells are overwhelmingly day-3 cells (5,220 of them), assayed while OSKM is still being expressed; this is the population the source paper treats as rejuvenated, and it is the population we test, but it is not a test of cells allowed to recover after the factors are withdrawn.",P42,match,results/toward/stats.csv,columns n_d0 n_d3 n_d7 n_d10,"n_d0,n_d3,n_d7,n_d10",
7,"We analysed GSE297234 (Lu et al.), an OSKM reprogramming time course in dermal fibroblasts from a 96-year-old donor (GM00731) and a 22-year-old donor (GM23815) sampled at days 0, 3, 7 and 10, using the published cell-state assignments. Displacement was measured from the aged donor's day-0 fibroblast pseudobulk to its partially reprogrammed pseudobulk (5,832 cells), in the frozen ruler's gene space. Those 5,832 cells are overwhelmingly day-3 cells (5,220 of them), assayed while OSKM is still being expressed; this is the population the source paper treats as rejuvenated, and it is the population we test, but it is not a test of cells allowed to recover after the factors are withdrawn.",P42,match,results/toward/stats.csv,columns n_d0 n_d3 n_d7 n_d10,"n_d0,n_d3,n_d7,n_d10",
10,"We analysed GSE297234 (Lu et al.), an OSKM reprogramming time course in dermal fibroblasts from a 96-year-old donor (GM00731) and a 22-year-old donor (GM23815) sampled at days 0, 3, 7 and 10, using the published cell-state assignments. Displacement was measured from the aged donor's day-0 fibroblast pseudobulk to its partially reprogrammed pseudobulk (5,832 cells), in the frozen ruler's gene space. Those 5,832 cells are overwhelmingly day-3 cells (5,220 of them), assayed while OSKM is still being expressed; this is the population the source paper treats as rejuvenated, and it is the population we test, but it is not a test of cells allowed to recover after the factors are withdrawn.",P42,match,results/toward/stats.csv,columns n_d0 n_d3 n_d7 n_d10,"n_d0,n_d3,n_d7,n_d10",
-0,"We analysed GSE297234 (Lu et al.), an OSKM reprogramming time course in dermal fibroblasts from a 96-year-old donor (GM00731) and a 22-year-old donor (GM23815) sampled at days 0, 3, 7 and 10, using the published cell-state assignments. Displacement was measured from the aged donor's day-0 fibroblast pseudobulk to its partially reprogrammed pseudobulk (5,832 cells), in the frozen ruler's gene space. Those 5,832 cells are overwhelmingly day-3 cells (5,220 of them), assayed while OSKM is still being expressed; this is the population the source paper treats as rejuvenated, and it is the population we test, but it is not a test of cells allowed to recover after the factors are withdrawn.",P42,match,results/toward/stats.csv,columns n_d0 n_d3 n_d7 n_d10,"n_d0,n_d3,n_d7,n_d10",
"5,832","We analysed GSE297234 (Lu et al.), an OSKM reprogramming time course in dermal fibroblasts from a 96-year-old donor (GM00731) and a 22-year-old donor (GM23815) sampled at days 0, 3, 7 and 10, using the published cell-state assignments. Displacement was measured from the aged donor's day-0 fibroblast pseudobulk to its partially reprogrammed pseudobulk (5,832 cells), in the frozen ruler's gene space. Those 5,832 cells are overwhelmingly day-3 cells (5,220 of them), assayed while OSKM is still being expressed; this is the population the source paper treats as rejuvenated, and it is the population we test, but it is not a test of cells allowed to recover after the factors are withdrawn.",P42,match,results/toward/stats.csv,GM00731 PartialReprog n_cells,5832,
"5,832","We analysed GSE297234 (Lu et al.), an OSKM reprogramming time course in dermal fibroblasts from a 96-year-old donor (GM00731) and a 22-year-old donor (GM23815) sampled at days 0, 3, 7 and 10, using the published cell-state assignments. Displacement was measured from the aged donor's day-0 fibroblast pseudobulk to its partially reprogrammed pseudobulk (5,832 cells), in the frozen ruler's gene space. Those 5,832 cells are overwhelmingly day-3 cells (5,220 of them), assayed while OSKM is still being expressed; this is the population the source paper treats as rejuvenated, and it is the population we test, but it is not a test of cells allowed to recover after the factors are withdrawn.",P42,match,results/toward/stats.csv,GM00731 PartialReprog n_cells,5832,
-3,"We analysed GSE297234 (Lu et al.), an OSKM reprogramming time course in dermal fibroblasts from a 96-year-old donor (GM00731) and a 22-year-old donor (GM23815) sampled at days 0, 3, 7 and 10, using the published cell-state assignments. Displacement was measured from the aged donor's day-0 fibroblast pseudobulk to its partially reprogrammed pseudobulk (5,832 cells), in the frozen ruler's gene space. Those 5,832 cells are overwhelmingly day-3 cells (5,220 of them), assayed while OSKM is still being expressed; this is the population the source paper treats as rejuvenated, and it is the population we test, but it is not a test of cells allowed to recover after the factors are withdrawn.",P42,match,results/toward/stats.csv,columns n_d0 n_d3 n_d7 n_d10,"n_d0,n_d3,n_d7,n_d10",
"5,220","We analysed GSE297234 (Lu et al.), an OSKM reprogramming time course in dermal fibroblasts from a 96-year-old donor (GM00731) and a 22-year-old donor (GM23815) sampled at days 0, 3, 7 and 10, using the published cell-state assignments. Displacement was measured from the aged donor's day-0 fibroblast pseudobulk to its partially reprogrammed pseudobulk (5,832 cells), in the frozen ruler's gene space. Those 5,832 cells are overwhelmingly day-3 cells (5,220 of them), assayed while OSKM is still being expressed; this is the population the source paper treats as rejuvenated, and it is the population we test, but it is not a test of cells allowed to recover after the factors are withdrawn.",P42,match,results/toward/stats.csv,GM00731 PartialReprog n_d3,5220,
20,"Young defined by GTEx donors. Anchors were the mean expression of GTEx fibroblast donors aged 20 to 39 (n = 113) and 60 to 79 (n = 231), with the 40 to 59 bins excluded and reported. The displacement is almost orthogonal to the young-minus-old axis (cosine +0.077). That small alignment survives a gene-permutation null (p = 0.005) but not a null in which GTEx donors are split at random ignoring age (p = 0.39), so it is not specifically an age alignment. The cells end farther from the young centroid (+9.4) and farther from the old centroid (+10.9): they recede from both. A five-fold positive control, in which held-out old GTEx donors are displaced toward the young centroid, gave fold cosines of 0.615, 0.714, 0.825, 0.849 and 0.874, clearing the pre-registered bar of 0.5 and confirming that the statistic registers a genuine approach when one occurs (Figure 4D). That control has a limit worth stating. It runs entirely within GTEx bulk data and ends at the young centroid itself, whereas the reprogramming origin is a single-cell pseudobulk that already sits 467 z units from the young centroid while the young and old centroids are only 32 apart. The GTEx-anchored distances are therefore dominated by the platform gap, and the control does not show that a partial approach would be visible across that gap. This is why the next test uses a young target measured in the same experiment.",P43,match,results/toward/anchors.json,bin_n keys,"20-29, 30-39, 40-49, 50-59, 60-69, 70-79",
39,"Young defined by GTEx donors. Anchors were the mean expression of GTEx fibroblast donors aged 20 to 39 (n = 113) and 60 to 79 (n = 231), with the 40 to 59 bins excluded and reported. The displacement is almost orthogonal to the young-minus-old axis (cosine +0.077). That small alignment survives a gene-permutation null (p = 0.005) but not a null in which GTEx donors are split at random ignoring age (p = 0.39), so it is not specifically an age alignment. The cells end farther from the young centroid (+9.4) and farther from the old centroid (+10.9): they recede from both. A five-fold positive control, in which held-out old GTEx donors are displaced toward the young centroid, gave fold cosines of 0.615, 0.714, 0.825, 0.849 and 0.874, clearing the pre-registered bar of 0.5 and confirming that the statistic registers a genuine approach when one occurs (Figure 4D). That control has a limit worth stating. It runs entirely within GTEx bulk data and ends at the young centroid itself, whereas the reprogramming origin is a single-cell pseudobulk that already sits 467 z units from the young centroid while the young and old centroids are only 32 apart. The GTEx-anchored distances are therefore dominated by the platform gap, and the control does not show that a partial approach would be visible across that gap. This is why the next test uses a young target measured in the same experiment.",P43,match,results/toward/anchors.json,bin_n keys,"20-29, 30-39, 40-49, 50-59, 60-69, 70-79",
113,"Young defined by GTEx donors. Anchors were the mean expression of GTEx fibroblast donors aged 20 to 39 (n = 113) and 60 to 79 (n = 231), with the 40 to 59 bins excluded and reported. The displacement is almost orthogonal to the young-minus-old axis (cosine +0.077). That small alignment survives a gene-permutation null (p = 0.005) but not a null in which GTEx donors are split at random ignoring age (p = 0.39), so it is not specifically an age alignment. The cells end farther from the young centroid (+9.4) and farther from the old centroid (+10.9): they recede from both. A five-fold positive control, in which held-out old GTEx donors are displaced toward the young centroid, gave fold cosines of 0.615, 0.714, 0.825, 0.849 and 0.874, clearing the pre-registered bar of 0.5 and confirming that the statistic registers a genuine approach when one occurs (Figure 4D). That control has a limit worth stating. It runs entirely within GTEx bulk data and ends at the young centroid itself, whereas the reprogramming origin is a single-cell pseudobulk that already sits 467 z units from the young centroid while the young and old centroids are only 32 apart. The GTEx-anchored distances are therefore dominated by the platform gap, and the control does not show that a partial approach would be visible across that gap. This is why the next test uses a young target measured in the same experiment.",P43,match,results/toward/anchors.json,n_young,113,
60,"Young defined by GTEx donors. Anchors were the mean expression of GTEx fibroblast donors aged 20 to 39 (n = 113) and 60 to 79 (n = 231), with the 40 to 59 bins excluded and reported. The displacement is almost orthogonal to the young-minus-old axis (cosine +0.077). That small alignment survives a gene-permutation null (p = 0.005) but not a null in which GTEx donors are split at random ignoring age (p = 0.39), so it is not specifically an age alignment. The cells end farther from the young centroid (+9.4) and farther from the old centroid (+10.9): they recede from both. A five-fold positive control, in which held-out old GTEx donors are displaced toward the young centroid, gave fold cosines of 0.615, 0.714, 0.825, 0.849 and 0.874, clearing the pre-registered bar of 0.5 and confirming that the statistic registers a genuine approach when one occurs (Figure 4D). That control has a limit worth stating. It runs entirely within GTEx bulk data and ends at the young centroid itself, whereas the reprogramming origin is a single-cell pseudobulk that already sits 467 z units from the young centroid while the young and old centroids are only 32 apart. The GTEx-anchored distances are therefore dominated by the platform gap, and the control does not show that a partial approach would be visible across that gap. This is why the next test uses a young target measured in the same experiment.",P43,match,results/toward/anchors.json,bin_n keys,"20-29, 30-39, 40-49, 50-59, 60-69, 70-79",
79,"Young defined by GTEx donors. Anchors were the mean expression of GTEx fibroblast donors aged 20 to 39 (n = 113) and 60 to 79 (n = 231), with the 40 to 59 bins excluded and reported. The displacement is almost orthogonal to the young-minus-old axis (cosine +0.077). That small alignment survives a gene-permutation null (p = 0.005) but not a null in which GTEx donors are split at random ignoring age (p = 0.39), so it is not specifically an age alignment. The cells end farther from the young centroid (+9.4) and farther from the old centroid (+10.9): they recede from both. A five-fold positive control, in which held-out old GTEx donors are displaced toward the young centroid, gave fold cosines of 0.615, 0.714, 0.825, 0.849 and 0.874, clearing the pre-registered bar of 0.5 and confirming that the statistic registers a genuine approach when one occurs (Figure 4D). That control has a limit worth stating. It runs entirely within GTEx bulk data and ends at the young centroid itself, whereas the reprogramming origin is a single-cell pseudobulk that already sits 467 z units from the young centroid while the young and old centroids are only 32 apart. The GTEx-anchored distances are therefore dominated by the platform gap, and the control does not show that a partial approach would be visible across that gap. This is why the next test uses a young target measured in the same experiment.",P43,match,results/toward/anchors.json,bin_n keys,"20-29, 30-39, 40-49, 50-59, 60-69, 70-79",
231,"Young defined by GTEx donors. Anchors were the mean expression of GTEx fibroblast donors aged 20 to 39 (n = 113) and 60 to 79 (n = 231), with the 40 to 59 bins excluded and reported. The displacement is almost orthogonal to the young-minus-old axis (cosine +0.077). That small alignment survives a gene-permutation null (p = 0.005) but not a null in which GTEx donors are split at random ignoring age (p = 0.39), so it is not specifically an age alignment. The cells end farther from the young centroid (+9.4) and farther from the old centroid (+10.9): they recede from both. A five-fold positive control, in which held-out old GTEx donors are displaced toward the young centroid, gave fold cosines of 0.615, 0.714, 0.825, 0.849 and 0.874, clearing the pre-registered bar of 0.5 and confirming that the statistic registers a genuine approach when one occurs (Figure 4D). That control has a limit worth stating. It runs entirely within GTEx bulk data and ends at the young centroid itself, whereas the reprogramming origin is a single-cell pseudobulk that already sits 467 z units from the young centroid while the young and old centroids are only 32 apart. The GTEx-anchored distances are therefore dominated by the platform gap, and the control does not show that a partial approach would be visible across that gap. This is why the next test uses a young target measured in the same experiment.",P43,match,results/toward/anchors.json,n_old,231,
40,"Young defined by GTEx donors. Anchors were the mean expression of GTEx fibroblast donors aged 20 to 39 (n = 113) and 60 to 79 (n = 231), with the 40 to 59 bins excluded and reported. The displacement is almost orthogonal to the young-minus-old axis (cosine +0.077). That small alignment survives a gene-permutation null (p = 0.005) but not a null in which GTEx donors are split at random ignoring age (p = 0.39), so it is not specifically an age alignment. The cells end farther from the young centroid (+9.4) and farther from the old centroid (+10.9): they recede from both. A five-fold positive control, in which held-out old GTEx donors are displaced toward the young centroid, gave fold cosines of 0.615, 0.714, 0.825, 0.849 and 0.874, clearing the pre-registered bar of 0.5 and confirming that the statistic registers a genuine approach when one occurs (Figure 4D). That control has a limit worth stating. It runs entirely within GTEx bulk data and ends at the young centroid itself, whereas the reprogramming origin is a single-cell pseudobulk that already sits 467 z units from the young centroid while the young and old centroids are only 32 apart. The GTEx-anchored distances are therefore dominated by the platform gap, and the control does not show that a partial approach would be visible across that gap. This is why the next test uses a young target measured in the same experiment.",P43,match,results/toward/anchors.json,bin_n keys,"20-29, 30-39, 40-49, 50-59, 60-69, 70-79",
59,"Young defined by GTEx donors. Anchors were the mean expression of GTEx fibroblast donors aged 20 to 39 (n = 113) and 60 to 79 (n = 231), with the 40 to 59 bins excluded and reported. The displacement is almost orthogonal to the young-minus-old axis (cosine +0.077). That small alignment survives a gene-permutation null (p = 0.005) but not a null in which GTEx donors are split at random ignoring age (p = 0.39), so it is not specifically an age alignment. The cells end farther from the young centroid (+9.4) and farther from the old centroid (+10.9): they recede from both. A five-fold positive control, in which held-out old GTEx donors are displaced toward the young centroid, gave fold cosines of 0.615, 0.714, 0.825, 0.849 and 0.874, clearing the pre-registered bar of 0.5 and confirming that the statistic registers a genuine approach when one occurs (Figure 4D). That control has a limit worth stating. It runs entirely within GTEx bulk data and ends at the young centroid itself, whereas the reprogramming origin is a single-cell pseudobulk that already sits 467 z units from the young centroid while the young and old centroids are only 32 apart. The GTEx-anchored distances are therefore dominated by the platform gap, and the control does not show that a partial approach would be visible across that gap. This is why the next test uses a young target measured in the same experiment.",P43,match,results/toward/anchors.json,bin_n keys,"20-29, 30-39, 40-49, 50-59, 60-69, 70-79",
+0.077,"Young defined by GTEx donors. Anchors were the mean expression of GTEx fibroblast donors aged 20 to 39 (n = 113) and 60 to 79 (n = 231), with the 40 to 59 bins excluded and reported. The displacement is almost orthogonal to the young-minus-old axis (cosine +0.077). That small alignment survives a gene-permutation null (p = 0.005) but not a null in which GTEx donors are split at random ignoring age (p = 0.39), so it is not specifically an age alignment. The cells end farther from the young centroid (+9.4) and farther from the old centroid (+10.9): they recede from both. A five-fold positive control, in which held-out old GTEx donors are displaced toward the young centroid, gave fold cosines of 0.615, 0.714, 0.825, 0.849 and 0.874, clearing the pre-registered bar of 0.5 and confirming that the statistic registers a genuine approach when one occurs (Figure 4D). That control has a limit worth stating. It runs entirely within GTEx bulk data and ends at the young centroid itself, whereas the reprogramming origin is a single-cell pseudobulk that already sits 467 z units from the young centroid while the young and old centroids are only 32 apart. The GTEx-anchored distances are therefore dominated by the platform gap, and the control does not show that a partial approach would be visible across that gap. This is why the next test uses a young target measured in the same experiment.",P43,match,results/toward/stats.csv,GM00731 PartialReprog cos_S,0.07724629325885633,
0.005,"Young defined by GTEx donors. Anchors were the mean expression of GTEx fibroblast donors aged 20 to 39 (n = 113) and 60 to 79 (n = 231), with the 40 to 59 bins excluded and reported. The displacement is almost orthogonal to the young-minus-old axis (cosine +0.077). That small alignment survives a gene-permutation null (p = 0.005) but not a null in which GTEx donors are split at random ignoring age (p = 0.39), so it is not specifically an age alignment. The cells end farther from the young centroid (+9.4) and farther from the old centroid (+10.9): they recede from both. A five-fold positive control, in which held-out old GTEx donors are displaced toward the young centroid, gave fold cosines of 0.615, 0.714, 0.825, 0.849 and 0.874, clearing the pre-registered bar of 0.5 and confirming that the statistic registers a genuine approach when one occurs (Figure 4D). That control has a limit worth stating. It runs entirely within GTEx bulk data and ends at the young centroid itself, whereas the reprogramming origin is a single-cell pseudobulk that already sits 467 z units from the young centroid while the young and old centroids are only 32 apart. The GTEx-anchored distances are therefore dominated by the platform gap, and the control does not show that a partial approach would be visible across that gap. This is why the next test uses a young target measured in the same experiment.",P43,match,results/fibro/stage1_transfer.csv,rho_p (also 0.004975124378109453 on the external and toward rows),0.004975124378109453,
0.39,"Young defined by GTEx donors. Anchors were the mean expression of GTEx fibroblast donors aged 20 to 39 (n = 113) and 60 to 79 (n = 231), with the 40 to 59 bins excluded and reported. The displacement is almost orthogonal to the young-minus-old axis (cosine +0.077). That small alignment survives a gene-permutation null (p = 0.005) but not a null in which GTEx donors are split at random ignoring age (p = 0.39), so it is not specifically an age alignment. The cells end farther from the young centroid (+9.4) and farther from the old centroid (+10.9): they recede from both. A five-fold positive control, in which held-out old GTEx donors are displaced toward the young centroid, gave fold cosines of 0.615, 0.714, 0.825, 0.849 and 0.874, clearing the pre-registered bar of 0.5 and confirming that the statistic registers a genuine approach when one occurs (Figure 4D). That control has a limit worth stating. It runs entirely within GTEx bulk data and ends at the young centroid itself, whereas the reprogramming origin is a single-cell pseudobulk that already sits 467 z units from the young centroid while the young and old centroids are only 32 apart. The GTEx-anchored distances are therefore dominated by the platform gap, and the control does not show that a partial approach would be visible across that gap. This is why the next test uses a young target measured in the same experiment.",P43,match,results/toward/stats.csv,GM00731 PartialReprog p_N2,0.3880597014925373,
+9.4,"Young defined by GTEx donors. Anchors were the mean expression of GTEx fibroblast donors aged 20 to 39 (n = 113) and 60 to 79 (n = 231), with the 40 to 59 bins excluded and reported. The displacement is almost orthogonal to the young-minus-old axis (cosine +0.077). That small alignment survives a gene-permutation null (p = 0.005) but not a null in which GTEx donors are split at random ignoring age (p = 0.39), so it is not specifically an age alignment. The cells end farther from the young centroid (+9.4) and farther from the old centroid (+10.9): they recede from both. A five-fold positive control, in which held-out old GTEx donors are displaced toward the young centroid, gave fold cosines of 0.615, 0.714, 0.825, 0.849 and 0.874, clearing the pre-registered bar of 0.5 and confirming that the statistic registers a genuine approach when one occurs (Figure 4D). That control has a limit worth stating. It runs entirely within GTEx bulk data and ends at the young centroid itself, whereas the reprogramming origin is a single-cell pseudobulk that already sits 467 z units from the young centroid while the young and old centroids are only 32 apart. The GTEx-anchored distances are therefore dominated by the platform gap, and the control does not show that a partial approach would be visible across that gap. This is why the next test uses a young target measured in the same experiment.",P43,match,results/toward/stats.csv,GM00731 PartialReprog delta_young,9.369675854981608,
+10.9,"Young defined by GTEx donors. Anchors were the mean expression of GTEx fibroblast donors aged 20 to 39 (n = 113) and 60 to 79 (n = 231), with the 40 to 59 bins excluded and reported. The displacement is almost orthogonal to the young-minus-old axis (cosine +0.077). That small alignment survives a gene-permutation null (p = 0.005) but not a null in which GTEx donors are split at random ignoring age (p = 0.39), so it is not specifically an age alignment. The cells end farther from the young centroid (+9.4) and farther from the old centroid (+10.9): they recede from both. A five-fold positive control, in which held-out old GTEx donors are displaced toward the young centroid, gave fold cosines of 0.615, 0.714, 0.825, 0.849 and 0.874, clearing the pre-registered bar of 0.5 and confirming that the statistic registers a genuine approach when one occurs (Figure 4D). That control has a limit worth stating. It runs entirely within GTEx bulk data and ends at the young centroid itself, whereas the reprogramming origin is a single-cell pseudobulk that already sits 467 z units from the young centroid while the young and old centroids are only 32 apart. The GTEx-anchored distances are therefore dominated by the platform gap, and the control does not show that a partial approach would be visible across that gap. This is why the next test uses a young target measured in the same experiment.",P43,match,results/toward/stats.csv,GM00731 PartialReprog delta_old,10.857057907390072,
0.615,"Young defined by GTEx donors. Anchors were the mean expression of GTEx fibroblast donors aged 20 to 39 (n = 113) and 60 to 79 (n = 231), with the 40 to 59 bins excluded and reported. The displacement is almost orthogonal to the young-minus-old axis (cosine +0.077). That small alignment survives a gene-permutation null (p = 0.005) but not a null in which GTEx donors are split at random ignoring age (p = 0.39), so it is not specifically an age alignment. The cells end farther from the young centroid (+9.4) and farther from the old centroid (+10.9): they recede from both. A five-fold positive control, in which held-out old GTEx donors are displaced toward the young centroid, gave fold cosines of 0.615, 0.714, 0.825, 0.849 and 0.874, clearing the pre-registered bar of 0.5 and confirming that the statistic registers a genuine approach when one occurs (Figure 4D). That control has a limit worth stating. It runs entirely within GTEx bulk data and ends at the young centroid itself, whereas the reprogramming origin is a single-cell pseudobulk that already sits 467 z units from the young centroid while the young and old centroids are only 32 apart. The GTEx-anchored distances are therefore dominated by the platform gap, and the control does not show that a partial approach would be visible across that gap. This is why the next test uses a young target measured in the same experiment.",P43,match,results/toward/c3_folds.csv,fold 0 cos,0.6146975302850424,
0.714,"Young defined by GTEx donors. Anchors were the mean expression of GTEx fibroblast donors aged 20 to 39 (n = 113) and 60 to 79 (n = 231), with the 40 to 59 bins excluded and reported. The displacement is almost orthogonal to the young-minus-old axis (cosine +0.077). That small alignment survives a gene-permutation null (p = 0.005) but not a null in which GTEx donors are split at random ignoring age (p = 0.39), so it is not specifically an age alignment. The cells end farther from the young centroid (+9.4) and farther from the old centroid (+10.9): they recede from both. A five-fold positive control, in which held-out old GTEx donors are displaced toward the young centroid, gave fold cosines of 0.615, 0.714, 0.825, 0.849 and 0.874, clearing the pre-registered bar of 0.5 and confirming that the statistic registers a genuine approach when one occurs (Figure 4D). That control has a limit worth stating. It runs entirely within GTEx bulk data and ends at the young centroid itself, whereas the reprogramming origin is a single-cell pseudobulk that already sits 467 z units from the young centroid while the young and old centroids are only 32 apart. The GTEx-anchored distances are therefore dominated by the platform gap, and the control does not show that a partial approach would be visible across that gap. This is why the next test uses a young target measured in the same experiment.",P43,match,results/toward/c3_folds.csv,fold 2 cos,0.7144592461417902,
0.825,"Young defined by GTEx donors. Anchors were the mean expression of GTEx fibroblast donors aged 20 to 39 (n = 113) and 60 to 79 (n = 231), with the 40 to 59 bins excluded and reported. The displacement is almost orthogonal to the young-minus-old axis (cosine +0.077). That small alignment survives a gene-permutation null (p = 0.005) but not a null in which GTEx donors are split at random ignoring age (p = 0.39), so it is not specifically an age alignment. The cells end farther from the young centroid (+9.4) and farther from the old centroid (+10.9): they recede from both. A five-fold positive control, in which held-out old GTEx donors are displaced toward the young centroid, gave fold cosines of 0.615, 0.714, 0.825, 0.849 and 0.874, clearing the pre-registered bar of 0.5 and confirming that the statistic registers a genuine approach when one occurs (Figure 4D). That control has a limit worth stating. It runs entirely within GTEx bulk data and ends at the young centroid itself, whereas the reprogramming origin is a single-cell pseudobulk that already sits 467 z units from the young centroid while the young and old centroids are only 32 apart. The GTEx-anchored distances are therefore dominated by the platform gap, and the control does not show that a partial approach would be visible across that gap. This is why the next test uses a young target measured in the same experiment.",P43,match,results/toward/c3_folds.csv,fold 3 cos,0.8251547386232909,
0.849,"Young defined by GTEx donors. Anchors were the mean expression of GTEx fibroblast donors aged 20 to 39 (n = 113) and 60 to 79 (n = 231), with the 40 to 59 bins excluded and reported. The displacement is almost orthogonal to the young-minus-old axis (cosine +0.077). That small alignment survives a gene-permutation null (p = 0.005) but not a null in which GTEx donors are split at random ignoring age (p = 0.39), so it is not specifically an age alignment. The cells end farther from the young centroid (+9.4) and farther from the old centroid (+10.9): they recede from both. A five-fold positive control, in which held-out old GTEx donors are displaced toward the young centroid, gave fold cosines of 0.615, 0.714, 0.825, 0.849 and 0.874, clearing the pre-registered bar of 0.5 and confirming that the statistic registers a genuine approach when one occurs (Figure 4D). That control has a limit worth stating. It runs entirely within GTEx bulk data and ends at the young centroid itself, whereas the reprogramming origin is a single-cell pseudobulk that already sits 467 z units from the young centroid while the young and old centroids are only 32 apart. The GTEx-anchored distances are therefore dominated by the platform gap, and the control does not show that a partial approach would be visible across that gap. This is why the next test uses a young target measured in the same experiment.",P43,match,results/toward/c3_folds.csv,fold 1 cos,0.8486163048997541,
0.874,"Young defined by GTEx donors. Anchors were the mean expression of GTEx fibroblast donors aged 20 to 39 (n = 113) and 60 to 79 (n = 231), with the 40 to 59 bins excluded and reported. The displacement is almost orthogonal to the young-minus-old axis (cosine +0.077). That small alignment survives a gene-permutation null (p = 0.005) but not a null in which GTEx donors are split at random ignoring age (p = 0.39), so it is not specifically an age alignment. The cells end farther from the young centroid (+9.4) and farther from the old centroid (+10.9): they recede from both. A five-fold positive control, in which held-out old GTEx donors are displaced toward the young centroid, gave fold cosines of 0.615, 0.714, 0.825, 0.849 and 0.874, clearing the pre-registered bar of 0.5 and confirming that the statistic registers a genuine approach when one occurs (Figure 4D). That control has a limit worth stating. It runs entirely within GTEx bulk data and ends at the young centroid itself, whereas the reprogramming origin is a single-cell pseudobulk that already sits 467 z units from the young centroid while the young and old centroids are only 32 apart. The GTEx-anchored distances are therefore dominated by the platform gap, and the control does not show that a partial approach would be visible across that gap. This is why the next test uses a young target measured in the same experiment.",P43,match,results/toward/c3_folds.csv,fold 4 cos,0.8740972886541529,
0.5,"Young defined by GTEx donors. Anchors were the mean expression of GTEx fibroblast donors aged 20 to 39 (n = 113) and 60 to 79 (n = 231), with the 40 to 59 bins excluded and reported. The displacement is almost orthogonal to the young-minus-old axis (cosine +0.077). That small alignment survives a gene-permutation null (p = 0.005) but not a null in which GTEx donors are split at random ignoring age (p = 0.39), so it is not specifically an age alignment. The cells end farther from the young centroid (+9.4) and farther from the old centroid (+10.9): they recede from both. A five-fold positive control, in which held-out old GTEx donors are displaced toward the young centroid, gave fold cosines of 0.615, 0.714, 0.825, 0.849 and 0.874, clearing the pre-registered bar of 0.5 and confirming that the statistic registers a genuine approach when one occurs (Figure 4D). That control has a limit worth stating. It runs entirely within GTEx bulk data and ends at the young centroid itself, whereas the reprogramming origin is a single-cell pseudobulk that already sits 467 z units from the young centroid while the young and old centroids are only 32 apart. The GTEx-anchored distances are therefore dominated by the platform gap, and the control does not show that a partial approach would be visible across that gap. This is why the next test uses a young target measured in the same experiment.",P43,match,results/toward/summary.json,c3.bar,0.5,
4,"Young defined by GTEx donors. Anchors were the mean expression of GTEx fibroblast donors aged 20 to 39 (n = 113) and 60 to 79 (n = 231), with the 40 to 59 bins excluded and reported. The displacement is almost orthogonal to the young-minus-old axis (cosine +0.077). That small alignment survives a gene-permutation null (p = 0.005) but not a null in which GTEx donors are split at random ignoring age (p = 0.39), so it is not specifically an age alignment. The cells end farther from the young centroid (+9.4) and farther from the old centroid (+10.9): they recede from both. A five-fold positive control, in which held-out old GTEx donors are displaced toward the young centroid, gave fold cosines of 0.615, 0.714, 0.825, 0.849 and 0.874, clearing the pre-registered bar of 0.5 and confirming that the statistic registers a genuine approach when one occurs (Figure 4D). That control has a limit worth stating. It runs entirely within GTEx bulk data and ends at the young centroid itself, whereas the reprogramming origin is a single-cell pseudobulk that already sits 467 z units from the young centroid while the young and old centroids are only 32 apart. The GTEx-anchored distances are therefore dominated by the platform gap, and the control does not show that a partial approach would be visible across that gap. This is why the next test uses a young target measured in the same experiment.",P43,not_a_claim,,,figure or table number,
467,"Young defined by GTEx donors. Anchors were the mean expression of GTEx fibroblast donors aged 20 to 39 (n = 113) and 60 to 79 (n = 231), with the 40 to 59 bins excluded and reported. The displacement is almost orthogonal to the young-minus-old axis (cosine +0.077). That small alignment survives a gene-permutation null (p = 0.005) but not a null in which GTEx donors are split at random ignoring age (p = 0.39), so it is not specifically an age alignment. The cells end farther from the young centroid (+9.4) and farther from the old centroid (+10.9): they recede from both. A five-fold positive control, in which held-out old GTEx donors are displaced toward the young centroid, gave fold cosines of 0.615, 0.714, 0.825, 0.849 and 0.874, clearing the pre-registered bar of 0.5 and confirming that the statistic registers a genuine approach when one occurs (Figure 4D). That control has a limit worth stating. It runs entirely within GTEx bulk data and ends at the young centroid itself, whereas the reprogramming origin is a single-cell pseudobulk that already sits 467 z units from the young centroid while the young and old centroids are only 32 apart. The GTEx-anchored distances are therefore dominated by the platform gap, and the control does not show that a partial approach would be visible across that gap. This is why the next test uses a young target measured in the same experiment.",P43,match,results/toward/stats.csv,GM00731 PartialReprog dist_young_origin,467.45033308708304,
32,"Young defined by GTEx donors. Anchors were the mean expression of GTEx fibroblast donors aged 20 to 39 (n = 113) and 60 to 79 (n = 231), with the 40 to 59 bins excluded and reported. The displacement is almost orthogonal to the young-minus-old axis (cosine +0.077). That small alignment survives a gene-permutation null (p = 0.005) but not a null in which GTEx donors are split at random ignoring age (p = 0.39), so it is not specifically an age alignment. The cells end farther from the young centroid (+9.4) and farther from the old centroid (+10.9): they recede from both. A five-fold positive control, in which held-out old GTEx donors are displaced toward the young centroid, gave fold cosines of 0.615, 0.714, 0.825, 0.849 and 0.874, clearing the pre-registered bar of 0.5 and confirming that the statistic registers a genuine approach when one occurs (Figure 4D). That control has a limit worth stating. It runs entirely within GTEx bulk data and ends at the young centroid itself, whereas the reprogramming origin is a single-cell pseudobulk that already sits 467 z units from the young centroid while the young and old centroids are only 32 apart. The GTEx-anchored distances are therefore dominated by the platform gap, and the control does not show that a partial approach would be visible across that gap. This is why the next test uses a young target measured in the same experiment.",P43,match,results/toward/anchors.json,axis_norm,32.28394904985961,
+0.077,"The full trajectory makes the point. Cosine alignment with the youth axis rises from partially reprogrammed to early pluripotent to pluripotent cells (+0.077, +0.117, +0.126), while the change in distance to young fibroblasts rises far faster over the same states (+9.4, +30.5, +184.0), and the one-dimensional ruler score falls monotonically (+0.65, −2.62, −10.40). The farther cells travel from the aged fibroblast state, the younger they look on a directional score and the less they resemble a young fibroblast. We note that the distance travelled is not monotonic across these states (271.7, 268.6, 546.4 z units), so cosine order and displacement order are not the same ordering.",P44,match,results/toward/stats.csv,PartialReprog cos_S,0.07724629325885633,
+0.117,"The full trajectory makes the point. Cosine alignment with the youth axis rises from partially reprogrammed to early pluripotent to pluripotent cells (+0.077, +0.117, +0.126), while the change in distance to young fibroblasts rises far faster over the same states (+9.4, +30.5, +184.0), and the one-dimensional ruler score falls monotonically (+0.65, −2.62, −10.40). The farther cells travel from the aged fibroblast state, the younger they look on a directional score and the less they resemble a young fibroblast. We note that the distance travelled is not monotonic across these states (271.7, 268.6, 546.4 z units), so cosine order and displacement order are not the same ordering.",P44,match,results/toward/stats.csv,EarlyPluripotency cos_S,0.11749386211345066,
+0.126,"The full trajectory makes the point. Cosine alignment with the youth axis rises from partially reprogrammed to early pluripotent to pluripotent cells (+0.077, +0.117, +0.126), while the change in distance to young fibroblasts rises far faster over the same states (+9.4, +30.5, +184.0), and the one-dimensional ruler score falls monotonically (+0.65, −2.62, −10.40). The farther cells travel from the aged fibroblast state, the younger they look on a directional score and the less they resemble a young fibroblast. We note that the distance travelled is not monotonic across these states (271.7, 268.6, 546.4 z units), so cosine order and displacement order are not the same ordering.",P44,match,results/toward/stats.csv,Pluripotency cos_S,0.12573888806099967,
+9.4,"The full trajectory makes the point. Cosine alignment with the youth axis rises from partially reprogrammed to early pluripotent to pluripotent cells (+0.077, +0.117, +0.126), while the change in distance to young fibroblasts rises far faster over the same states (+9.4, +30.5, +184.0), and the one-dimensional ruler score falls monotonically (+0.65, −2.62, −10.40). The farther cells travel from the aged fibroblast state, the younger they look on a directional score and the less they resemble a young fibroblast. We note that the distance travelled is not monotonic across these states (271.7, 268.6, 546.4 z units), so cosine order and displacement order are not the same ordering.",P44,match,results/toward/stats.csv,PartialReprog delta_young,9.369675854981608,
+30.5,"The full trajectory makes the point. Cosine alignment with the youth axis rises from partially reprogrammed to early pluripotent to pluripotent cells (+0.077, +0.117, +0.126), while the change in distance to young fibroblasts rises far faster over the same states (+9.4, +30.5, +184.0), and the one-dimensional ruler score falls monotonically (+0.65, −2.62, −10.40). The farther cells travel from the aged fibroblast state, the younger they look on a directional score and the less they resemble a young fibroblast. We note that the distance travelled is not monotonic across these states (271.7, 268.6, 546.4 z units), so cosine order and displacement order are not the same ordering.",P44,match,results/toward/stats.csv,EarlyPluripotency delta_young,30.45586262454492,
+184.0,"The full trajectory makes the point. Cosine alignment with the youth axis rises from partially reprogrammed to early pluripotent to pluripotent cells (+0.077, +0.117, +0.126), while the change in distance to young fibroblasts rises far faster over the same states (+9.4, +30.5, +184.0), and the one-dimensional ruler score falls monotonically (+0.65, −2.62, −10.40). The farther cells travel from the aged fibroblast state, the younger they look on a directional score and the less they resemble a young fibroblast. We note that the distance travelled is not monotonic across these states (271.7, 268.6, 546.4 z units), so cosine order and displacement order are not the same ordering.",P44,match,results/toward/stats.csv,Pluripotency delta_young,184.04936725232898,
+0.65,"The full trajectory makes the point. Cosine alignment with the youth axis rises from partially reprogrammed to early pluripotent to pluripotent cells (+0.077, +0.117, +0.126), while the change in distance to young fibroblasts rises far faster over the same states (+9.4, +30.5, +184.0), and the one-dimensional ruler score falls monotonically (+0.65, −2.62, −10.40). The farther cells travel from the aged fibroblast state, the younger they look on a directional score and the less they resemble a young fibroblast. We note that the distance travelled is not monotonic across these states (271.7, 268.6, 546.4 z units), so cosine order and displacement order are not the same ordering.",P44,match,results/toward/stats.csv,PartialReprog ruler_score_context,0.649671949099142,
−2.62,"The full trajectory makes the point. Cosine alignment with the youth axis rises from partially reprogrammed to early pluripotent to pluripotent cells (+0.077, +0.117, +0.126), while the change in distance to young fibroblasts rises far faster over the same states (+9.4, +30.5, +184.0), and the one-dimensional ruler score falls monotonically (+0.65, −2.62, −10.40). The farther cells travel from the aged fibroblast state, the younger they look on a directional score and the less they resemble a young fibroblast. We note that the distance travelled is not monotonic across these states (271.7, 268.6, 546.4 z units), so cosine order and displacement order are not the same ordering.",P44,match,results/toward/stats.csv,EarlyPluripotency ruler_score_context,-2.6214814234252284,
−10.40,"The full trajectory makes the point. Cosine alignment with the youth axis rises from partially reprogrammed to early pluripotent to pluripotent cells (+0.077, +0.117, +0.126), while the change in distance to young fibroblasts rises far faster over the same states (+9.4, +30.5, +184.0), and the one-dimensional ruler score falls monotonically (+0.65, −2.62, −10.40). The farther cells travel from the aged fibroblast state, the younger they look on a directional score and the less they resemble a young fibroblast. We note that the distance travelled is not monotonic across these states (271.7, 268.6, 546.4 z units), so cosine order and displacement order are not the same ordering.",P44,match,results/toward/stats.csv,Pluripotency ruler_score_context,-10.401708090903364,
271.7,"The full trajectory makes the point. Cosine alignment with the youth axis rises from partially reprogrammed to early pluripotent to pluripotent cells (+0.077, +0.117, +0.126), while the change in distance to young fibroblasts rises far faster over the same states (+9.4, +30.5, +184.0), and the one-dimensional ruler score falls monotonically (+0.65, −2.62, −10.40). The farther cells travel from the aged fibroblast state, the younger they look on a directional score and the less they resemble a young fibroblast. We note that the distance travelled is not monotonic across these states (271.7, 268.6, 546.4 z units), so cosine order and displacement order are not the same ordering.",P44,match,results/toward/stats.csv,PartialReprog d_norm,271.6863716459631,
268.6,"The full trajectory makes the point. Cosine alignment with the youth axis rises from partially reprogrammed to early pluripotent to pluripotent cells (+0.077, +0.117, +0.126), while the change in distance to young fibroblasts rises far faster over the same states (+9.4, +30.5, +184.0), and the one-dimensional ruler score falls monotonically (+0.65, −2.62, −10.40). The farther cells travel from the aged fibroblast state, the younger they look on a directional score and the less they resemble a young fibroblast. We note that the distance travelled is not monotonic across these states (271.7, 268.6, 546.4 z units), so cosine order and displacement order are not the same ordering.",P44,match,results/toward/stats.csv,EarlyPluripotency d_norm,268.5799370968526,
546.4,"The full trajectory makes the point. Cosine alignment with the youth axis rises from partially reprogrammed to early pluripotent to pluripotent cells (+0.077, +0.117, +0.126), while the change in distance to young fibroblasts rises far faster over the same states (+9.4, +30.5, +184.0), and the one-dimensional ruler score falls monotonically (+0.65, −2.62, −10.40). The farther cells travel from the aged fibroblast state, the younger they look on a directional score and the less they resemble a young fibroblast. We note that the distance travelled is not monotonic across these states (271.7, 268.6, 546.4 z units), so cosine order and displacement order are not the same ordering.",P44,match,results/toward/stats.csv,Pluripotency d_norm,546.4201075247154,
4,"Figure 4. Reprogramming states against a GTEx-defined youth axis. (A) Cosine between each state's displacement from day-0 fibroblasts and the GTEx young-minus-old direction. (B) Change in Euclidean distance to the GTEx young centroid; positive is farther. (C) The frozen one-dimensional ruler score of each state, shown as context. (D) Positive control: five folds in which held-out old GTEx donors are displaced toward the training fold's young centroid. Open symbols in A to C are non-reprogrammed cells, which are off the reprogramming trajectory. Donors are never pooled; the 22-year-old donor is a contrast, not a replicate.",P46,not_a_claim,,,figure or table number,
-0,"Figure 4. Reprogramming states against a GTEx-defined youth axis. (A) Cosine between each state's displacement from day-0 fibroblasts and the GTEx young-minus-old direction. (B) Change in Euclidean distance to the GTEx young centroid; positive is farther. (C) The frozen one-dimensional ruler score of each state, shown as context. (D) Positive control: five folds in which held-out old GTEx donors are displaced toward the training fold's young centroid. Open symbols in A to C are non-reprogrammed cells, which are off the reprogramming trajectory. Donors are never pooled; the 22-year-old donor is a contrast, not a replicate.",P46,match,results/toward/stats.csv,column n_d0,n_d0,
22,"Figure 4. Reprogramming states against a GTEx-defined youth axis. (A) Cosine between each state's displacement from day-0 fibroblasts and the GTEx young-minus-old direction. (B) Change in Euclidean distance to the GTEx young centroid; positive is farther. (C) The frozen one-dimensional ruler score of each state, shown as context. (D) Positive control: five folds in which held-out old GTEx donors are displaced toward the training fold's young centroid. Open symbols in A to C are non-reprogrammed cells, which are off the reprogramming trajectory. Donors are never pooled; the 22-year-old donor is a contrast, not a replicate.",P46,match,results/survey/datasets.csv,age field,22 and 96 (two donors),
22,"Young defined within the experiment. To remove the bulk-versus-single-cell platform gap, we repeated the test with the 22-year-old donor's untreated day-0 cells as the target, splitting each donor's day-0 fibroblasts in half so that the anchors and the positive control use disjoint cells. The result is the clearest illustration of the paper's argument. The aged donor's partially reprogrammed cells travel 67% of the way along the aged-to-young donor axis (progress 0.674, 95% CI 0.667 to 0.680), which on a projection-based readout would look like substantial rejuvenation, and yet their distance to the young target increases by 131 z units (Figure 5A). The displacement is long and largely orthogonal: its cosine with the axis is 0.323, so the cells move far enough sideways that projecting a large distance along the axis is compatible with ending much farther away.",P47,match,results/survey/datasets.csv,age field,22 and 96 (two donors),
-0,"Young defined within the experiment. To remove the bulk-versus-single-cell platform gap, we repeated the test with the 22-year-old donor's untreated day-0 cells as the target, splitting each donor's day-0 fibroblasts in half so that the anchors and the positive control use disjoint cells. The result is the clearest illustration of the paper's argument. The aged donor's partially reprogrammed cells travel 67% of the way along the aged-to-young donor axis (progress 0.674, 95% CI 0.667 to 0.680), which on a projection-based readout would look like substantial rejuvenation, and yet their distance to the young target increases by 131 z units (Figure 5A). The displacement is long and largely orthogonal: its cosine with the axis is 0.323, so the cells move far enough sideways that projecting a large distance along the axis is compatible with ending much farther away.",P47,match,results/toward/stats.csv,column n_d0,n_d0,
-0,"Young defined within the experiment. To remove the bulk-versus-single-cell platform gap, we repeated the test with the 22-year-old donor's untreated day-0 cells as the target, splitting each donor's day-0 fibroblasts in half so that the anchors and the positive control use disjoint cells. The result is the clearest illustration of the paper's argument. The aged donor's partially reprogrammed cells travel 67% of the way along the aged-to-young donor axis (progress 0.674, 95% CI 0.667 to 0.680), which on a projection-based readout would look like substantial rejuvenation, and yet their distance to the young target increases by 131 z units (Figure 5A). The displacement is long and largely orthogonal: its cosine with the axis is 0.323, so the cells move far enough sideways that projecting a large distance along the axis is compatible with ending much farther away.",P47,match,results/toward/stats.csv,column n_d0,n_d0,
67%,"Young defined within the experiment. To remove the bulk-versus-single-cell platform gap, we repeated the test with the 22-year-old donor's untreated day-0 cells as the target, splitting each donor's day-0 fibroblasts in half so that the anchors and the positive control use disjoint cells. The result is the clearest illustration of the paper's argument. The aged donor's partially reprogrammed cells travel 67% of the way along the aged-to-young donor axis (progress 0.674, 95% CI 0.667 to 0.680), which on a projection-based readout would look like substantial rejuvenation, and yet their distance to the young target increases by 131 z units (Figure 5A). The displacement is long and largely orthogonal: its cosine with the axis is 0.323, so the cells move far enough sideways that projecting a large distance along the axis is compatible with ending much farther away.",P47,match,results/same/stats.csv,forward frac,0.674440748216413,
0.674,"Young defined within the experiment. To remove the bulk-versus-single-cell platform gap, we repeated the test with the 22-year-old donor's untreated day-0 cells as the target, splitting each donor's day-0 fibroblasts in half so that the anchors and the positive control use disjoint cells. The result is the clearest illustration of the paper's argument. The aged donor's partially reprogrammed cells travel 67% of the way along the aged-to-young donor axis (progress 0.674, 95% CI 0.667 to 0.680), which on a projection-based readout would look like substantial rejuvenation, and yet their distance to the young target increases by 131 z units (Figure 5A). The displacement is long and largely orthogonal: its cosine with the axis is 0.323, so the cells move far enough sideways that projecting a large distance along the axis is compatible with ending much farther away.",P47,match,results/same/stats.csv,forward frac,0.674440748216413,
95%,"Young defined within the experiment. To remove the bulk-versus-single-cell platform gap, we repeated the test with the 22-year-old donor's untreated day-0 cells as the target, splitting each donor's day-0 fibroblasts in half so that the anchors and the positive control use disjoint cells. The result is the clearest illustration of the paper's argument. The aged donor's partially reprogrammed cells travel 67% of the way along the aged-to-young donor axis (progress 0.674, 95% CI 0.667 to 0.680), which on a projection-based readout would look like substantial rejuvenation, and yet their distance to the young target increases by 131 z units (Figure 5A). The displacement is long and largely orthogonal: its cosine with the axis is 0.323, so the cells move far enough sideways that projecting a large distance along the axis is compatible with ending much farther away.",P47,untraceable,,,,"searched results/fibro/manifest.json, results/md3/t2_delta_rho.csv and results/toward/summary.json for a stored percentile 95, 2.5 or 97.5; the draft states the interval level, and those files store n_boot=200 without the percentile"
0.667,"Young defined within the experiment. To remove the bulk-versus-single-cell platform gap, we repeated the test with the 22-year-old donor's untreated day-0 cells as the target, splitting each donor's day-0 fibroblasts in half so that the anchors and the positive control use disjoint cells. The result is the clearest illustration of the paper's argument. The aged donor's partially reprogrammed cells travel 67% of the way along the aged-to-young donor axis (progress 0.674, 95% CI 0.667 to 0.680), which on a projection-based readout would look like substantial rejuvenation, and yet their distance to the young target increases by 131 z units (Figure 5A). The displacement is long and largely orthogonal: its cosine with the axis is 0.323, so the cells move far enough sideways that projecting a large distance along the axis is compatible with ending much farther away.",P47,match,results/same/stats.csv,forward frac_ci_lo,0.6673919962871651,
0.680,"Young defined within the experiment. To remove the bulk-versus-single-cell platform gap, we repeated the test with the 22-year-old donor's untreated day-0 cells as the target, splitting each donor's day-0 fibroblasts in half so that the anchors and the positive control use disjoint cells. The result is the clearest illustration of the paper's argument. The aged donor's partially reprogrammed cells travel 67% of the way along the aged-to-young donor axis (progress 0.674, 95% CI 0.667 to 0.680), which on a projection-based readout would look like substantial rejuvenation, and yet their distance to the young target increases by 131 z units (Figure 5A). The displacement is long and largely orthogonal: its cosine with the axis is 0.323, so the cells move far enough sideways that projecting a large distance along the axis is compatible with ending much farther away.",P47,match,results/same/stats.csv,forward frac_ci_hi,0.6800921160425388,
131,"Young defined within the experiment. To remove the bulk-versus-single-cell platform gap, we repeated the test with the 22-year-old donor's untreated day-0 cells as the target, splitting each donor's day-0 fibroblasts in half so that the anchors and the positive control use disjoint cells. The result is the clearest illustration of the paper's argument. The aged donor's partially reprogrammed cells travel 67% of the way along the aged-to-young donor axis (progress 0.674, 95% CI 0.667 to 0.680), which on a projection-based readout would look like substantial rejuvenation, and yet their distance to the young target increases by 131 z units (Figure 5A). The displacement is long and largely orthogonal: its cosine with the axis is 0.323, so the cells move far enough sideways that projecting a large distance along the axis is compatible with ending much farther away.",P47,match,results/same/stats.csv,forward delta,130.89356478446803,
5,"Young defined within the experiment. To remove the bulk-versus-single-cell platform gap, we repeated the test with the 22-year-old donor's untreated day-0 cells as the target, splitting each donor's day-0 fibroblasts in half so that the anchors and the positive control use disjoint cells. The result is the clearest illustration of the paper's argument. The aged donor's partially reprogrammed cells travel 67% of the way along the aged-to-young donor axis (progress 0.674, 95% CI 0.667 to 0.680), which on a projection-based readout would look like substantial rejuvenation, and yet their distance to the young target increases by 131 z units (Figure 5A). The displacement is long and largely orthogonal: its cosine with the axis is 0.323, so the cells move far enough sideways that projecting a large distance along the axis is compatible with ending much farther away.",P47,not_a_claim,,,figure or table number,
0.323,"Young defined within the experiment. To remove the bulk-versus-single-cell platform gap, we repeated the test with the 22-year-old donor's untreated day-0 cells as the target, splitting each donor's day-0 fibroblasts in half so that the anchors and the positive control use disjoint cells. The result is the clearest illustration of the paper's argument. The aged donor's partially reprogrammed cells travel 67% of the way along the aged-to-young donor axis (progress 0.674, 95% CI 0.667 to 0.680), which on a projection-based readout would look like substantial rejuvenation, and yet their distance to the young target increases by 131 z units (Figure 5A). The displacement is long and largely orthogonal: its cosine with the axis is 0.323, so the cells move far enough sideways that projecting a large distance along the axis is compatible with ending much farther away.",P47,match,results/same/stats.csv,forward cos,0.3231778798753444,
-0,"A dose-response positive control, mixing young day-0 cells into aged day-0 cells at 10%, 25% and 50%, produced monotonically increasing progress (0.115, 0.182, 0.283, 0.441) and monotonically decreasing distance (+0.07, −7.87, −18.91, −34.44), so the statistic could have detected an approach had one occurred. Two honest caveats attach to that control. The zero-mixture point does not sit at zero progress (+0.115). The anchors are built from one random half of the day-0 cells and the mixtures from the other, so some offset is expected, but why it leans toward the young target was not resolved by our diagnostics; it is reported as the statistic's noise floor rather than subtracted. And the bootstrap intervals on the distance values do not contain their point estimates and are flagged invalid, so the monotonicity claim rests on the point estimates alone, as stated. The intervals used as gates, those on progress, are valid.",P48,match,results/toward/stats.csv,column n_d0,n_d0,
-0,"A dose-response positive control, mixing young day-0 cells into aged day-0 cells at 10%, 25% and 50%, produced monotonically increasing progress (0.115, 0.182, 0.283, 0.441) and monotonically decreasing distance (+0.07, −7.87, −18.91, −34.44), so the statistic could have detected an approach had one occurred. Two honest caveats attach to that control. The zero-mixture point does not sit at zero progress (+0.115). The anchors are built from one random half of the day-0 cells and the mixtures from the other, so some offset is expected, but why it leans toward the young target was not resolved by our diagnostics; it is reported as the statistic's noise floor rather than subtracted. And the bootstrap intervals on the distance values do not contain their point estimates and are flagged invalid, so the monotonicity claim rests on the point estimates alone, as stated. The intervals used as gates, those on progress, are valid.",P48,match,results/toward/stats.csv,column n_d0,n_d0,
10%,"A dose-response positive control, mixing young day-0 cells into aged day-0 cells at 10%, 25% and 50%, produced monotonically increasing progress (0.115, 0.182, 0.283, 0.441) and monotonically decreasing distance (+0.07, −7.87, −18.91, −34.44), so the statistic could have detected an approach had one occurred. Two honest caveats attach to that control. The zero-mixture point does not sit at zero progress (+0.115). The anchors are built from one random half of the day-0 cells and the mixtures from the other, so some offset is expected, but why it leans toward the young target was not resolved by our diagnostics; it is reported as the statistic's noise floor rather than subtracted. And the bootstrap intervals on the distance values do not contain their point estimates and are flagged invalid, so the monotonicity claim rests on the point estimates alone, as stated. The intervals used as gates, those on progress, are valid.",P48,match,results/same/posctrl.csv,f,0.1,
25%,"A dose-response positive control, mixing young day-0 cells into aged day-0 cells at 10%, 25% and 50%, produced monotonically increasing progress (0.115, 0.182, 0.283, 0.441) and monotonically decreasing distance (+0.07, −7.87, −18.91, −34.44), so the statistic could have detected an approach had one occurred. Two honest caveats attach to that control. The zero-mixture point does not sit at zero progress (+0.115). The anchors are built from one random half of the day-0 cells and the mixtures from the other, so some offset is expected, but why it leans toward the young target was not resolved by our diagnostics; it is reported as the statistic's noise floor rather than subtracted. And the bootstrap intervals on the distance values do not contain their point estimates and are flagged invalid, so the monotonicity claim rests on the point estimates alone, as stated. The intervals used as gates, those on progress, are valid.",P48,match,results/same/posctrl.csv,f,0.25,
50%,"A dose-response positive control, mixing young day-0 cells into aged day-0 cells at 10%, 25% and 50%, produced monotonically increasing progress (0.115, 0.182, 0.283, 0.441) and monotonically decreasing distance (+0.07, −7.87, −18.91, −34.44), so the statistic could have detected an approach had one occurred. Two honest caveats attach to that control. The zero-mixture point does not sit at zero progress (+0.115). The anchors are built from one random half of the day-0 cells and the mixtures from the other, so some offset is expected, but why it leans toward the young target was not resolved by our diagnostics; it is reported as the statistic's noise floor rather than subtracted. And the bootstrap intervals on the distance values do not contain their point estimates and are flagged invalid, so the monotonicity claim rests on the point estimates alone, as stated. The intervals used as gates, those on progress, are valid.",P48,match,results/same/posctrl.csv,f,0.5,
0.115,"A dose-response positive control, mixing young day-0 cells into aged day-0 cells at 10%, 25% and 50%, produced monotonically increasing progress (0.115, 0.182, 0.283, 0.441) and monotonically decreasing distance (+0.07, −7.87, −18.91, −34.44), so the statistic could have detected an approach had one occurred. Two honest caveats attach to that control. The zero-mixture point does not sit at zero progress (+0.115). The anchors are built from one random half of the day-0 cells and the mixtures from the other, so some offset is expected, but why it leans toward the young target was not resolved by our diagnostics; it is reported as the statistic's noise floor rather than subtracted. And the bootstrap intervals on the distance values do not contain their point estimates and are flagged invalid, so the monotonicity claim rests on the point estimates alone, as stated. The intervals used as gates, those on progress, are valid.",P48,match,results/same/posctrl.csv,f=0 frac,0.11458744592963613,
0.182,"A dose-response positive control, mixing young day-0 cells into aged day-0 cells at 10%, 25% and 50%, produced monotonically increasing progress (0.115, 0.182, 0.283, 0.441) and monotonically decreasing distance (+0.07, −7.87, −18.91, −34.44), so the statistic could have detected an approach had one occurred. Two honest caveats attach to that control. The zero-mixture point does not sit at zero progress (+0.115). The anchors are built from one random half of the day-0 cells and the mixtures from the other, so some offset is expected, but why it leans toward the young target was not resolved by our diagnostics; it is reported as the statistic's noise floor rather than subtracted. And the bootstrap intervals on the distance values do not contain their point estimates and are flagged invalid, so the monotonicity claim rests on the point estimates alone, as stated. The intervals used as gates, those on progress, are valid.",P48,match,results/same/posctrl.csv,f=0.10 frac,0.18243537091412526,
0.283,"A dose-response positive control, mixing young day-0 cells into aged day-0 cells at 10%, 25% and 50%, produced monotonically increasing progress (0.115, 0.182, 0.283, 0.441) and monotonically decreasing distance (+0.07, −7.87, −18.91, −34.44), so the statistic could have detected an approach had one occurred. Two honest caveats attach to that control. The zero-mixture point does not sit at zero progress (+0.115). The anchors are built from one random half of the day-0 cells and the mixtures from the other, so some offset is expected, but why it leans toward the young target was not resolved by our diagnostics; it is reported as the statistic's noise floor rather than subtracted. And the bootstrap intervals on the distance values do not contain their point estimates and are flagged invalid, so the monotonicity claim rests on the point estimates alone, as stated. The intervals used as gates, those on progress, are valid.",P48,match,results/same/posctrl.csv,f=0.25 frac,0.2829286266887166,
0.441,"A dose-response positive control, mixing young day-0 cells into aged day-0 cells at 10%, 25% and 50%, produced monotonically increasing progress (0.115, 0.182, 0.283, 0.441) and monotonically decreasing distance (+0.07, −7.87, −18.91, −34.44), so the statistic could have detected an approach had one occurred. Two honest caveats attach to that control. The zero-mixture point does not sit at zero progress (+0.115). The anchors are built from one random half of the day-0 cells and the mixtures from the other, so some offset is expected, but why it leans toward the young target was not resolved by our diagnostics; it is reported as the statistic's noise floor rather than subtracted. And the bootstrap intervals on the distance values do not contain their point estimates and are flagged invalid, so the monotonicity claim rests on the point estimates alone, as stated. The intervals used as gates, those on progress, are valid.",P48,match,results/same/posctrl.csv,f=0.50 frac,0.4408188614368522,
+0.07,"A dose-response positive control, mixing young day-0 cells into aged day-0 cells at 10%, 25% and 50%, produced monotonically increasing progress (0.115, 0.182, 0.283, 0.441) and monotonically decreasing distance (+0.07, −7.87, −18.91, −34.44), so the statistic could have detected an approach had one occurred. Two honest caveats attach to that control. The zero-mixture point does not sit at zero progress (+0.115). The anchors are built from one random half of the day-0 cells and the mixtures from the other, so some offset is expected, but why it leans toward the young target was not resolved by our diagnostics; it is reported as the statistic's noise floor rather than subtracted. And the bootstrap intervals on the distance values do not contain their point estimates and are flagged invalid, so the monotonicity claim rests on the point estimates alone, as stated. The intervals used as gates, those on progress, are valid.",P48,match,results/same/posctrl.csv,f=0 delta,0.06805109688137634,
−7.87,"A dose-response positive control, mixing young day-0 cells into aged day-0 cells at 10%, 25% and 50%, produced monotonically increasing progress (0.115, 0.182, 0.283, 0.441) and monotonically decreasing distance (+0.07, −7.87, −18.91, −34.44), so the statistic could have detected an approach had one occurred. Two honest caveats attach to that control. The zero-mixture point does not sit at zero progress (+0.115). The anchors are built from one random half of the day-0 cells and the mixtures from the other, so some offset is expected, but why it leans toward the young target was not resolved by our diagnostics; it is reported as the statistic's noise floor rather than subtracted. And the bootstrap intervals on the distance values do not contain their point estimates and are flagged invalid, so the monotonicity claim rests on the point estimates alone, as stated. The intervals used as gates, those on progress, are valid.",P48,match,results/same/posctrl.csv,f=0.10 delta,-7.870024259533409,
−18.91,"A dose-response positive control, mixing young day-0 cells into aged day-0 cells at 10%, 25% and 50%, produced monotonically increasing progress (0.115, 0.182, 0.283, 0.441) and monotonically decreasing distance (+0.07, −7.87, −18.91, −34.44), so the statistic could have detected an approach had one occurred. Two honest caveats attach to that control. The zero-mixture point does not sit at zero progress (+0.115). The anchors are built from one random half of the day-0 cells and the mixtures from the other, so some offset is expected, but why it leans toward the young target was not resolved by our diagnostics; it is reported as the statistic's noise floor rather than subtracted. And the bootstrap intervals on the distance values do not contain their point estimates and are flagged invalid, so the monotonicity claim rests on the point estimates alone, as stated. The intervals used as gates, those on progress, are valid.",P48,match,results/same/posctrl.csv,f=0.25 delta,-18.91286402632018,
−34.44,"A dose-response positive control, mixing young day-0 cells into aged day-0 cells at 10%, 25% and 50%, produced monotonically increasing progress (0.115, 0.182, 0.283, 0.441) and monotonically decreasing distance (+0.07, −7.87, −18.91, −34.44), so the statistic could have detected an approach had one occurred. Two honest caveats attach to that control. The zero-mixture point does not sit at zero progress (+0.115). The anchors are built from one random half of the day-0 cells and the mixtures from the other, so some offset is expected, but why it leans toward the young target was not resolved by our diagnostics; it is reported as the statistic's noise floor rather than subtracted. And the bootstrap intervals on the distance values do not contain their point estimates and are flagged invalid, so the monotonicity claim rests on the point estimates alone, as stated. The intervals used as gates, those on progress, are valid.",P48,match,results/same/posctrl.csv,f=0.50 delta,-34.443006230983826,
+0.115,"A dose-response positive control, mixing young day-0 cells into aged day-0 cells at 10%, 25% and 50%, produced monotonically increasing progress (0.115, 0.182, 0.283, 0.441) and monotonically decreasing distance (+0.07, −7.87, −18.91, −34.44), so the statistic could have detected an approach had one occurred. Two honest caveats attach to that control. The zero-mixture point does not sit at zero progress (+0.115). The anchors are built from one random half of the day-0 cells and the mixtures from the other, so some offset is expected, but why it leans toward the young target was not resolved by our diagnostics; it is reported as the statistic's noise floor rather than subtracted. And the bootstrap intervals on the distance values do not contain their point estimates and are flagged invalid, so the monotonicity claim rests on the point estimates alone, as stated. The intervals used as gates, those on progress, are valid.",P48,match,results/same/posctrl.csv,f=0 frac,0.11458744592963613,
-0,"A dose-response positive control, mixing young day-0 cells into aged day-0 cells at 10%, 25% and 50%, produced monotonically increasing progress (0.115, 0.182, 0.283, 0.441) and monotonically decreasing distance (+0.07, −7.87, −18.91, −34.44), so the statistic could have detected an approach had one occurred. Two honest caveats attach to that control. The zero-mixture point does not sit at zero progress (+0.115). The anchors are built from one random half of the day-0 cells and the mixtures from the other, so some offset is expected, but why it leans toward the young target was not resolved by our diagnostics; it is reported as the statistic's noise floor rather than subtracted. And the bootstrap intervals on the distance values do not contain their point estimates and are flagged invalid, so the monotonicity claim rests on the point estimates alone, as stated. The intervals used as gates, those on progress, are valid.",P48,match,results/toward/stats.csv,column n_d0,n_d0,
−0.057,"Convergence versus rejuvenation. A treatment that merely erased donor-specific expression would move both donors toward each other and mimic rejuvenation. Reversing the test, the young donor's partially reprogrammed cells do not move toward the aged donor at all (progress −0.057, 95% CI −0.063 to −0.054), giving a clear asymmetry (+0.732, CI +0.724 to +0.740). The forward movement is therefore not symmetric mutual convergence. But it is also not obviously age: the aged-to-young donor axis is itself nearly orthogonal to the GTEx donor-age axis (cosine 0.039), so with one donor at each age we cannot separate age from everything else that differs between two cell lines, including proliferative state and culture history.",P49,match,results/same/stats.csv,reverse frac,-0.05727522677873291,
95%,"Convergence versus rejuvenation. A treatment that merely erased donor-specific expression would move both donors toward each other and mimic rejuvenation. Reversing the test, the young donor's partially reprogrammed cells do not move toward the aged donor at all (progress −0.057, 95% CI −0.063 to −0.054), giving a clear asymmetry (+0.732, CI +0.724 to +0.740). The forward movement is therefore not symmetric mutual convergence. But it is also not obviously age: the aged-to-young donor axis is itself nearly orthogonal to the GTEx donor-age axis (cosine 0.039), so with one donor at each age we cannot separate age from everything else that differs between two cell lines, including proliferative state and culture history.",P49,untraceable,,,,"searched results/fibro/manifest.json, results/md3/t2_delta_rho.csv and results/toward/summary.json for a stored percentile 95, 2.5 or 97.5; the draft states the interval level, and those files store n_boot=200 without the percentile"
−0.063,"Convergence versus rejuvenation. A treatment that merely erased donor-specific expression would move both donors toward each other and mimic rejuvenation. Reversing the test, the young donor's partially reprogrammed cells do not move toward the aged donor at all (progress −0.057, 95% CI −0.063 to −0.054), giving a clear asymmetry (+0.732, CI +0.724 to +0.740). The forward movement is therefore not symmetric mutual convergence. But it is also not obviously age: the aged-to-young donor axis is itself nearly orthogonal to the GTEx donor-age axis (cosine 0.039), so with one donor at each age we cannot separate age from everything else that differs between two cell lines, including proliferative state and culture history.",P49,match,results/same/stats.csv,reverse frac_ci_lo,-0.0628257203048914,
−0.054,"Convergence versus rejuvenation. A treatment that merely erased donor-specific expression would move both donors toward each other and mimic rejuvenation. Reversing the test, the young donor's partially reprogrammed cells do not move toward the aged donor at all (progress −0.057, 95% CI −0.063 to −0.054), giving a clear asymmetry (+0.732, CI +0.724 to +0.740). The forward movement is therefore not symmetric mutual convergence. But it is also not obviously age: the aged-to-young donor axis is itself nearly orthogonal to the GTEx donor-age axis (cosine 0.039), so with one donor at each age we cannot separate age from everything else that differs between two cell lines, including proliferative state and culture history.",P49,match,results/same/stats.csv,reverse frac_ci_hi,-0.05383465334427416,
+0.732,"Convergence versus rejuvenation. A treatment that merely erased donor-specific expression would move both donors toward each other and mimic rejuvenation. Reversing the test, the young donor's partially reprogrammed cells do not move toward the aged donor at all (progress −0.057, 95% CI −0.063 to −0.054), giving a clear asymmetry (+0.732, CI +0.724 to +0.740). The forward movement is therefore not symmetric mutual convergence. But it is also not obviously age: the aged-to-young donor axis is itself nearly orthogonal to the GTEx donor-age axis (cosine 0.039), so with one donor at each age we cannot separate age from everything else that differs between two cell lines, including proliferative state and culture history.",P49,match,results/same/summary.json,asymmetry,0.7317159749951458,
+0.724,"Convergence versus rejuvenation. A treatment that merely erased donor-specific expression would move both donors toward each other and mimic rejuvenation. Reversing the test, the young donor's partially reprogrammed cells do not move toward the aged donor at all (progress −0.057, 95% CI −0.063 to −0.054), giving a clear asymmetry (+0.732, CI +0.724 to +0.740). The forward movement is therefore not symmetric mutual convergence. But it is also not obviously age: the aged-to-young donor axis is itself nearly orthogonal to the GTEx donor-age axis (cosine 0.039), so with one donor at each age we cannot separate age from everything else that differs between two cell lines, including proliferative state and culture history.",P49,match,results/same/summary.json,asymmetry_ci_lo,0.7240405163302078,
+0.740,"Convergence versus rejuvenation. A treatment that merely erased donor-specific expression would move both donors toward each other and mimic rejuvenation. Reversing the test, the young donor's partially reprogrammed cells do not move toward the aged donor at all (progress −0.057, 95% CI −0.063 to −0.054), giving a clear asymmetry (+0.732, CI +0.724 to +0.740). The forward movement is therefore not symmetric mutual convergence. But it is also not obviously age: the aged-to-young donor axis is itself nearly orthogonal to the GTEx donor-age axis (cosine 0.039), so with one donor at each age we cannot separate age from everything else that differs between two cell lines, including proliferative state and culture history.",P49,match,results/same/summary.json,asymmetry_ci_hi,0.7404332563572681,
0.039,"Convergence versus rejuvenation. A treatment that merely erased donor-specific expression would move both donors toward each other and mimic rejuvenation. Reversing the test, the young donor's partially reprogrammed cells do not move toward the aged donor at all (progress −0.057, 95% CI −0.063 to −0.054), giving a clear asymmetry (+0.732, CI +0.724 to +0.740). The forward movement is therefore not symmetric mutual convergence. But it is also not obviously age: the aged-to-young donor axis is itself nearly orthogonal to the GTEx donor-age axis (cosine 0.039), so with one donor at each age we cannot separate age from everything else that differs between two cell lines, including proliferative state and culture history.",P49,match,results/same/summary.json,cos_v_u_toward,0.038815304035390776,
5,"Figure 5. Same-platform test against a young target measured in the same experiment. (A) The forward test drawn in the plane spanned by the origin-to-target axis and the orthogonal component of each displacement, in units of the axis length. Points inside the dashed circle are closer to the target than the origin was. The aged donor's partially reprogrammed cells project two thirds of the way along the axis and still land far outside the circle. Grey points are the positive-control mixtures. (B) The reverse test, with donors swapped. (C) Progress and (D) change in distance for the mixture control; open orange circles mark the zero-mixture noise floor.",P51,not_a_claim,,,figure or table number,
−0.94,"The mechanism is the same in kind across readouts of this form. A directional score learned by regression can be confounded with distance from its own training distribution, so cells that leave the manifold can score young; we show this for our own ruler rather than only for other people's. A curated identity-gene signature such as MD falls whenever the cell type is abandoned, which is why MD tracks position along the reprogramming trajectory closely (ρ −0.94 and −0.96 against a pluripotency-minus-fibroblast score) and donor age weakly. And a correlation-based reversal score is invariant to the magnitude of a displacement, so it registers orientation without destination: a displacement ends closer to the target only if its length is less than twice the target distance times the cosine of the angle between them, and no correlation contains that length. Adding genes to a signature does not address any of this, because the problem is the shape of the statistic rather than its gene content.",P55,match,results/md3/t3_md_covariation.csv,GM00731 rho,-0.9378342245989305,
−0.96,"The mechanism is the same in kind across readouts of this form. A directional score learned by regression can be confounded with distance from its own training distribution, so cells that leave the manifold can score young; we show this for our own ruler rather than only for other people's. A curated identity-gene signature such as MD falls whenever the cell type is abandoned, which is why MD tracks position along the reprogramming trajectory closely (ρ −0.94 and −0.96 against a pluripotency-minus-fibroblast score) and donor age weakly. And a correlation-based reversal score is invariant to the magnitude of a displacement, so it registers orientation without destination: a displacement ends closer to the target only if its length is less than twice the target distance times the cosine of the angle between them, and no correlation contains that length. Adding genes to a signature does not address any of this, because the problem is the shape of the statistic rather than its gene content.",P55,match,results/md3/t3_md_covariation.csv,GM23815 rho,-0.9599694423223835,
"1,836","Two extensions follow directly. The first is temporal: the cells tested here were assayed during factor expression, and whether cells allowed to recover after withdrawal approach a young target is not something these data can answer. The second is prospective. Genome-scale CRISPRa Perturb-seq in primary human fibroblasts now covers 1,836 transcription factors with a transcriptome-wide readout, enough to rank candidate interventions by approach to a young target rather than by departure from an old one, with a dose-response control built in from the start. Whether any single factor produces a measurable approach, and whether such factors overlap with those nominated by directional scores, is an open and directly testable question.",P57,match,results/survey/opened/bioproject_esummary.json,project_description,"1,836 transcription factors",
-3,The partially reprogrammed population tested is dominated by day-3 cells assayed during OSKM expression. We do not test cells allowed to recover after factor withdrawal.,P60,match,results/toward/stats.csv,GM00731 PartialReprog n_d3,5220,
+0.115,"Several reported distance intervals do not contain their point estimates and are flagged invalid; the claims that depend on them rest on point estimates, which is stated at each occurrence. The zero-mixture progress offset (+0.115) is reported as a noise floor but its direction was not explained by our diagnostics.",P63,match,results/same/posctrl.csv,f=0 frac,0.11458744592963613,
93,"In the single-cell external fibroblast cohort, an integration of published studies, the pre-registered analysis counted 93 pseudobulks from 65 people as 93 donors, and some recorded ages are placeholders. With the correct unit the ruler still transfers, but its advantage over MD in that cohort is no longer distinguishable from zero.",P64,match,results/fibro2/ta_cxg_a19d1667_result.json,n_donors,93,
65,"In the single-cell external fibroblast cohort, an integration of published studies, the pre-registered analysis counted 93 pseudobulks from 65 people as 93 donors, and some recorded ages are placeholders. With the correct unit the ruler still transfers, but its advantage over MD in that cohort is no longer distinguishable from zero.",P64,match,results/paper_figs/cxg_true_donor_results.csv,true_donor n_units,65,
93,"In the single-cell external fibroblast cohort, an integration of published studies, the pre-registered analysis counted 93 pseudobulks from 65 people as 93 donors, and some recorded ages are placeholders. With the correct unit the ruler still transfers, but its advantage over MD in that cohort is no longer distinguishable from zero.",P64,match,results/fibro2/ta_cxg_a19d1667_result.json,n_donors,93,
0.01,"The ruler is a ridge regression of donor chronological age on z-scored gene expression, fit through the n × n Gram matrix, and frozen with its coefficients and its training mean and standard deviation before any evaluation. The regularisation parameter was selected over the grid 0.01, 0.03, 0.1, 0.3, 1, 3, 10, 30, 100, 300, 1000, 3000, 10000 by minimising a leave-one-out residual sum of squares computed from the hat-matrix diagonal, not by grouped cross-validation. The frozen fibroblast ruler stores alpha = 0.01, the smallest value on the grid, so a smaller optimum cannot be excluded. The frozen fibroblast vector is the ridge coefficient vector, unit-normalised and sign-aligned so that the score increases with age. Transfers within GTEx use the full prediction (training mean age plus the ridge coefficients applied to the z-scored profile), which is in years. The external cohorts and all reprogramming analyses use the frozen unit-length score, which orders samples identically but has no intercept or scale and is not in years. A PLS-1 model was fit in parallel for comparison and is neither the frozen ruler nor any gate. Within-site fibroblast cross-validation, grouped by sequencing batch with up to five folds, reports ρ but does not choose alpha. The ruler was never refit on any evaluation cohort.",P74,untraceable,,,,"searched results/fibro/freeze.json and results/fibro/manifest.json for the alpha grid; only alpha=0.01 is stored, not 0.03, 0.1, 0.3, 1, 3, 10, 30, 100, 300, 1000, 3000 or 10000"
0.03,"The ruler is a ridge regression of donor chronological age on z-scored gene expression, fit through the n × n Gram matrix, and frozen with its coefficients and its training mean and standard deviation before any evaluation. The regularisation parameter was selected over the grid 0.01, 0.03, 0.1, 0.3, 1, 3, 10, 30, 100, 300, 1000, 3000, 10000 by minimising a leave-one-out residual sum of squares computed from the hat-matrix diagonal, not by grouped cross-validation. The frozen fibroblast ruler stores alpha = 0.01, the smallest value on the grid, so a smaller optimum cannot be excluded. The frozen fibroblast vector is the ridge coefficient vector, unit-normalised and sign-aligned so that the score increases with age. Transfers within GTEx use the full prediction (training mean age plus the ridge coefficients applied to the z-scored profile), which is in years. The external cohorts and all reprogramming analyses use the frozen unit-length score, which orders samples identically but has no intercept or scale and is not in years. A PLS-1 model was fit in parallel for comparison and is neither the frozen ruler nor any gate. Within-site fibroblast cross-validation, grouped by sequencing batch with up to five folds, reports ρ but does not choose alpha. The ruler was never refit on any evaluation cohort.",P74,untraceable,,,,alpha grid value is not stored; results/fibro/freeze.json has alpha 0.01 only
0.1,"The ruler is a ridge regression of donor chronological age on z-scored gene expression, fit through the n × n Gram matrix, and frozen with its coefficients and its training mean and standard deviation before any evaluation. The regularisation parameter was selected over the grid 0.01, 0.03, 0.1, 0.3, 1, 3, 10, 30, 100, 300, 1000, 3000, 10000 by minimising a leave-one-out residual sum of squares computed from the hat-matrix diagonal, not by grouped cross-validation. The frozen fibroblast ruler stores alpha = 0.01, the smallest value on the grid, so a smaller optimum cannot be excluded. The frozen fibroblast vector is the ridge coefficient vector, unit-normalised and sign-aligned so that the score increases with age. Transfers within GTEx use the full prediction (training mean age plus the ridge coefficients applied to the z-scored profile), which is in years. The external cohorts and all reprogramming analyses use the frozen unit-length score, which orders samples identically but has no intercept or scale and is not in years. A PLS-1 model was fit in parallel for comparison and is neither the frozen ruler nor any gate. Within-site fibroblast cross-validation, grouped by sequencing batch with up to five folds, reports ρ but does not choose alpha. The ruler was never refit on any evaluation cohort.",P74,untraceable,,,,alpha grid value is not stored; results/fibro/freeze.json has alpha 0.01 only
0.3,"The ruler is a ridge regression of donor chronological age on z-scored gene expression, fit through the n × n Gram matrix, and frozen with its coefficients and its training mean and standard deviation before any evaluation. The regularisation parameter was selected over the grid 0.01, 0.03, 0.1, 0.3, 1, 3, 10, 30, 100, 300, 1000, 3000, 10000 by minimising a leave-one-out residual sum of squares computed from the hat-matrix diagonal, not by grouped cross-validation. The frozen fibroblast ruler stores alpha = 0.01, the smallest value on the grid, so a smaller optimum cannot be excluded. The frozen fibroblast vector is the ridge coefficient vector, unit-normalised and sign-aligned so that the score increases with age. Transfers within GTEx use the full prediction (training mean age plus the ridge coefficients applied to the z-scored profile), which is in years. The external cohorts and all reprogramming analyses use the frozen unit-length score, which orders samples identically but has no intercept or scale and is not in years. A PLS-1 model was fit in parallel for comparison and is neither the frozen ruler nor any gate. Within-site fibroblast cross-validation, grouped by sequencing batch with up to five folds, reports ρ but does not choose alpha. The ruler was never refit on any evaluation cohort.",P74,untraceable,,,,alpha grid value is not stored; results/fibro/freeze.json has alpha 0.01 only
1,"The ruler is a ridge regression of donor chronological age on z-scored gene expression, fit through the n × n Gram matrix, and frozen with its coefficients and its training mean and standard deviation before any evaluation. The regularisation parameter was selected over the grid 0.01, 0.03, 0.1, 0.3, 1, 3, 10, 30, 100, 300, 1000, 3000, 10000 by minimising a leave-one-out residual sum of squares computed from the hat-matrix diagonal, not by grouped cross-validation. The frozen fibroblast ruler stores alpha = 0.01, the smallest value on the grid, so a smaller optimum cannot be excluded. The frozen fibroblast vector is the ridge coefficient vector, unit-normalised and sign-aligned so that the score increases with age. Transfers within GTEx use the full prediction (training mean age plus the ridge coefficients applied to the z-scored profile), which is in years. The external cohorts and all reprogramming analyses use the frozen unit-length score, which orders samples identically but has no intercept or scale and is not in years. A PLS-1 model was fit in parallel for comparison and is neither the frozen ruler nor any gate. Within-site fibroblast cross-validation, grouped by sequencing batch with up to five folds, reports ρ but does not choose alpha. The ruler was never refit on any evaluation cohort.",P74,untraceable,,,,alpha grid value is not stored; results/fibro/freeze.json has alpha 0.01 only
3,"The ruler is a ridge regression of donor chronological age on z-scored gene expression, fit through the n × n Gram matrix, and frozen with its coefficients and its training mean and standard deviation before any evaluation. The regularisation parameter was selected over the grid 0.01, 0.03, 0.1, 0.3, 1, 3, 10, 30, 100, 300, 1000, 3000, 10000 by minimising a leave-one-out residual sum of squares computed from the hat-matrix diagonal, not by grouped cross-validation. The frozen fibroblast ruler stores alpha = 0.01, the smallest value on the grid, so a smaller optimum cannot be excluded. The frozen fibroblast vector is the ridge coefficient vector, unit-normalised and sign-aligned so that the score increases with age. Transfers within GTEx use the full prediction (training mean age plus the ridge coefficients applied to the z-scored profile), which is in years. The external cohorts and all reprogramming analyses use the frozen unit-length score, which orders samples identically but has no intercept or scale and is not in years. A PLS-1 model was fit in parallel for comparison and is neither the frozen ruler nor any gate. Within-site fibroblast cross-validation, grouped by sequencing batch with up to five folds, reports ρ but does not choose alpha. The ruler was never refit on any evaluation cohort.",P74,untraceable,,,,alpha grid value is not stored; results/fibro/freeze.json has alpha 0.01 only
10,"The ruler is a ridge regression of donor chronological age on z-scored gene expression, fit through the n × n Gram matrix, and frozen with its coefficients and its training mean and standard deviation before any evaluation. The regularisation parameter was selected over the grid 0.01, 0.03, 0.1, 0.3, 1, 3, 10, 30, 100, 300, 1000, 3000, 10000 by minimising a leave-one-out residual sum of squares computed from the hat-matrix diagonal, not by grouped cross-validation. The frozen fibroblast ruler stores alpha = 0.01, the smallest value on the grid, so a smaller optimum cannot be excluded. The frozen fibroblast vector is the ridge coefficient vector, unit-normalised and sign-aligned so that the score increases with age. Transfers within GTEx use the full prediction (training mean age plus the ridge coefficients applied to the z-scored profile), which is in years. The external cohorts and all reprogramming analyses use the frozen unit-length score, which orders samples identically but has no intercept or scale and is not in years. A PLS-1 model was fit in parallel for comparison and is neither the frozen ruler nor any gate. Within-site fibroblast cross-validation, grouped by sequencing batch with up to five folds, reports ρ but does not choose alpha. The ruler was never refit on any evaluation cohort.",P74,untraceable,,,,alpha grid value is not stored; results/fibro/freeze.json has alpha 0.01 only
30,"The ruler is a ridge regression of donor chronological age on z-scored gene expression, fit through the n × n Gram matrix, and frozen with its coefficients and its training mean and standard deviation before any evaluation. The regularisation parameter was selected over the grid 0.01, 0.03, 0.1, 0.3, 1, 3, 10, 30, 100, 300, 1000, 3000, 10000 by minimising a leave-one-out residual sum of squares computed from the hat-matrix diagonal, not by grouped cross-validation. The frozen fibroblast ruler stores alpha = 0.01, the smallest value on the grid, so a smaller optimum cannot be excluded. The frozen fibroblast vector is the ridge coefficient vector, unit-normalised and sign-aligned so that the score increases with age. Transfers within GTEx use the full prediction (training mean age plus the ridge coefficients applied to the z-scored profile), which is in years. The external cohorts and all reprogramming analyses use the frozen unit-length score, which orders samples identically but has no intercept or scale and is not in years. A PLS-1 model was fit in parallel for comparison and is neither the frozen ruler nor any gate. Within-site fibroblast cross-validation, grouped by sequencing batch with up to five folds, reports ρ but does not choose alpha. The ruler was never refit on any evaluation cohort.",P74,untraceable,,,,alpha grid value is not stored; results/fibro/freeze.json has alpha 0.01 only
100,"The ruler is a ridge regression of donor chronological age on z-scored gene expression, fit through the n × n Gram matrix, and frozen with its coefficients and its training mean and standard deviation before any evaluation. The regularisation parameter was selected over the grid 0.01, 0.03, 0.1, 0.3, 1, 3, 10, 30, 100, 300, 1000, 3000, 10000 by minimising a leave-one-out residual sum of squares computed from the hat-matrix diagonal, not by grouped cross-validation. The frozen fibroblast ruler stores alpha = 0.01, the smallest value on the grid, so a smaller optimum cannot be excluded. The frozen fibroblast vector is the ridge coefficient vector, unit-normalised and sign-aligned so that the score increases with age. Transfers within GTEx use the full prediction (training mean age plus the ridge coefficients applied to the z-scored profile), which is in years. The external cohorts and all reprogramming analyses use the frozen unit-length score, which orders samples identically but has no intercept or scale and is not in years. A PLS-1 model was fit in parallel for comparison and is neither the frozen ruler nor any gate. Within-site fibroblast cross-validation, grouped by sequencing batch with up to five folds, reports ρ but does not choose alpha. The ruler was never refit on any evaluation cohort.",P74,untraceable,,,,alpha grid value is not stored; results/fibro/freeze.json has alpha 0.01 only
300,"The ruler is a ridge regression of donor chronological age on z-scored gene expression, fit through the n × n Gram matrix, and frozen with its coefficients and its training mean and standard deviation before any evaluation. The regularisation parameter was selected over the grid 0.01, 0.03, 0.1, 0.3, 1, 3, 10, 30, 100, 300, 1000, 3000, 10000 by minimising a leave-one-out residual sum of squares computed from the hat-matrix diagonal, not by grouped cross-validation. The frozen fibroblast ruler stores alpha = 0.01, the smallest value on the grid, so a smaller optimum cannot be excluded. The frozen fibroblast vector is the ridge coefficient vector, unit-normalised and sign-aligned so that the score increases with age. Transfers within GTEx use the full prediction (training mean age plus the ridge coefficients applied to the z-scored profile), which is in years. The external cohorts and all reprogramming analyses use the frozen unit-length score, which orders samples identically but has no intercept or scale and is not in years. A PLS-1 model was fit in parallel for comparison and is neither the frozen ruler nor any gate. Within-site fibroblast cross-validation, grouped by sequencing batch with up to five folds, reports ρ but does not choose alpha. The ruler was never refit on any evaluation cohort.",P74,untraceable,,,,alpha grid value is not stored; results/fibro/freeze.json has alpha 0.01 only
1000,"The ruler is a ridge regression of donor chronological age on z-scored gene expression, fit through the n × n Gram matrix, and frozen with its coefficients and its training mean and standard deviation before any evaluation. The regularisation parameter was selected over the grid 0.01, 0.03, 0.1, 0.3, 1, 3, 10, 30, 100, 300, 1000, 3000, 10000 by minimising a leave-one-out residual sum of squares computed from the hat-matrix diagonal, not by grouped cross-validation. The frozen fibroblast ruler stores alpha = 0.01, the smallest value on the grid, so a smaller optimum cannot be excluded. The frozen fibroblast vector is the ridge coefficient vector, unit-normalised and sign-aligned so that the score increases with age. Transfers within GTEx use the full prediction (training mean age plus the ridge coefficients applied to the z-scored profile), which is in years. The external cohorts and all reprogramming analyses use the frozen unit-length score, which orders samples identically but has no intercept or scale and is not in years. A PLS-1 model was fit in parallel for comparison and is neither the frozen ruler nor any gate. Within-site fibroblast cross-validation, grouped by sequencing batch with up to five folds, reports ρ but does not choose alpha. The ruler was never refit on any evaluation cohort.",P74,untraceable,,,,alpha grid value is not stored; results/fibro/freeze.json has alpha 0.01 only
3000,"The ruler is a ridge regression of donor chronological age on z-scored gene expression, fit through the n × n Gram matrix, and frozen with its coefficients and its training mean and standard deviation before any evaluation. The regularisation parameter was selected over the grid 0.01, 0.03, 0.1, 0.3, 1, 3, 10, 30, 100, 300, 1000, 3000, 10000 by minimising a leave-one-out residual sum of squares computed from the hat-matrix diagonal, not by grouped cross-validation. The frozen fibroblast ruler stores alpha = 0.01, the smallest value on the grid, so a smaller optimum cannot be excluded. The frozen fibroblast vector is the ridge coefficient vector, unit-normalised and sign-aligned so that the score increases with age. Transfers within GTEx use the full prediction (training mean age plus the ridge coefficients applied to the z-scored profile), which is in years. The external cohorts and all reprogramming analyses use the frozen unit-length score, which orders samples identically but has no intercept or scale and is not in years. A PLS-1 model was fit in parallel for comparison and is neither the frozen ruler nor any gate. Within-site fibroblast cross-validation, grouped by sequencing batch with up to five folds, reports ρ but does not choose alpha. The ruler was never refit on any evaluation cohort.",P74,untraceable,,,,alpha grid value is not stored; results/fibro/freeze.json has alpha 0.01 only
10000,"The ruler is a ridge regression of donor chronological age on z-scored gene expression, fit through the n × n Gram matrix, and frozen with its coefficients and its training mean and standard deviation before any evaluation. The regularisation parameter was selected over the grid 0.01, 0.03, 0.1, 0.3, 1, 3, 10, 30, 100, 300, 1000, 3000, 10000 by minimising a leave-one-out residual sum of squares computed from the hat-matrix diagonal, not by grouped cross-validation. The frozen fibroblast ruler stores alpha = 0.01, the smallest value on the grid, so a smaller optimum cannot be excluded. The frozen fibroblast vector is the ridge coefficient vector, unit-normalised and sign-aligned so that the score increases with age. Transfers within GTEx use the full prediction (training mean age plus the ridge coefficients applied to the z-scored profile), which is in years. The external cohorts and all reprogramming analyses use the frozen unit-length score, which orders samples identically but has no intercept or scale and is not in years. A PLS-1 model was fit in parallel for comparison and is neither the frozen ruler nor any gate. Within-site fibroblast cross-validation, grouped by sequencing batch with up to five folds, reports ρ but does not choose alpha. The ruler was never refit on any evaluation cohort.",P74,untraceable,,,,alpha grid value is not stored; results/fibro/freeze.json has alpha 0.01 only
0.01,"The ruler is a ridge regression of donor chronological age on z-scored gene expression, fit through the n × n Gram matrix, and frozen with its coefficients and its training mean and standard deviation before any evaluation. The regularisation parameter was selected over the grid 0.01, 0.03, 0.1, 0.3, 1, 3, 10, 30, 100, 300, 1000, 3000, 10000 by minimising a leave-one-out residual sum of squares computed from the hat-matrix diagonal, not by grouped cross-validation. The frozen fibroblast ruler stores alpha = 0.01, the smallest value on the grid, so a smaller optimum cannot be excluded. The frozen fibroblast vector is the ridge coefficient vector, unit-normalised and sign-aligned so that the score increases with age. Transfers within GTEx use the full prediction (training mean age plus the ridge coefficients applied to the z-scored profile), which is in years. The external cohorts and all reprogramming analyses use the frozen unit-length score, which orders samples identically but has no intercept or scale and is not in years. A PLS-1 model was fit in parallel for comparison and is neither the frozen ruler nor any gate. Within-site fibroblast cross-validation, grouped by sequencing batch with up to five folds, reports ρ but does not choose alpha. The ruler was never refit on any evaluation cohort.",P74,match,results/fibro/freeze.json,alpha,0.01,
PLS:PLS-1,"The ruler is a ridge regression of donor chronological age on z-scored gene expression, fit through the n × n Gram matrix, and frozen with its coefficients and its training mean and standard deviation before any evaluation. The regularisation parameter was selected over the grid 0.01, 0.03, 0.1, 0.3, 1, 3, 10, 30, 100, 300, 1000, 3000, 10000 by minimising a leave-one-out residual sum of squares computed from the hat-matrix diagonal, not by grouped cross-validation. The frozen fibroblast ruler stores alpha = 0.01, the smallest value on the grid, so a smaller optimum cannot be excluded. The frozen fibroblast vector is the ridge coefficient vector, unit-normalised and sign-aligned so that the score increases with age. Transfers within GTEx use the full prediction (training mean age plus the ridge coefficients applied to the z-scored profile), which is in years. The external cohorts and all reprogramming analyses use the frozen unit-length score, which orders samples identically but has no intercept or scale and is not in years. A PLS-1 model was fit in parallel for comparison and is neither the frozen ruler nor any gate. Within-site fibroblast cross-validation, grouped by sequencing batch with up to five folds, reports ρ but does not choose alpha. The ruler was never refit on any evaluation cohort.",P74,not_a_claim,,,model name PLS-1,
V10:v10,"Training data. GTEx v10 cultured fibroblasts, 652 donors including the seven donors at the small collection site D1, 23,485 genes after filtering. Genes were retained at a count of at least 6 in at least 20% of samples. Counts were TMM-normalised (edgeR-style, log-ratio trim 0.30, absolute-expression trim 0.05, factors scaled to geometric mean 1), converted to log2 counts per million with prior count 2, and z-scored with the training mean and standard deviation; standard deviations below 1e-12 were set to 1. Site D1 is included in the freeze and excluded from the B1 to C1 transfer and from within-site cross-validation, which is stated rather than silently applied.",P75,not_a_claim,,,GTEx release label,
652,"Training data. GTEx v10 cultured fibroblasts, 652 donors including the seven donors at the small collection site D1, 23,485 genes after filtering. Genes were retained at a count of at least 6 in at least 20% of samples. Counts were TMM-normalised (edgeR-style, log-ratio trim 0.30, absolute-expression trim 0.05, factors scaled to geometric mean 1), converted to log2 counts per million with prior count 2, and z-scored with the training mean and standard deviation; standard deviations below 1e-12 were set to 1. Site D1 is included in the freeze and excluded from the B1 to C1 transfer and from within-site cross-validation, which is stated rather than silently applied.",P75,match,results/fibro/freeze.json,n_donors,652,
SITE:D1,"Training data. GTEx v10 cultured fibroblasts, 652 donors including the seven donors at the small collection site D1, 23,485 genes after filtering. Genes were retained at a count of at least 6 in at least 20% of samples. Counts were TMM-normalised (edgeR-style, log-ratio trim 0.30, absolute-expression trim 0.05, factors scaled to geometric mean 1), converted to log2 counts per million with prior count 2, and z-scored with the training mean and standard deviation; standard deviations below 1e-12 were set to 1. Site D1 is included in the freeze and excluded from the B1 to C1 transfer and from within-site cross-validation, which is stated rather than silently applied.",P75,not_a_claim,,,GTEx site code,
"23,485","Training data. GTEx v10 cultured fibroblasts, 652 donors including the seven donors at the small collection site D1, 23,485 genes after filtering. Genes were retained at a count of at least 6 in at least 20% of samples. Counts were TMM-normalised (edgeR-style, log-ratio trim 0.30, absolute-expression trim 0.05, factors scaled to geometric mean 1), converted to log2 counts per million with prior count 2, and z-scored with the training mean and standard deviation; standard deviations below 1e-12 were set to 1. Site D1 is included in the freeze and excluded from the B1 to C1 transfer and from within-site cross-validation, which is stated rather than silently applied.",P75,match,results/fibro/freeze.json,n_genes,23485,
6,"Training data. GTEx v10 cultured fibroblasts, 652 donors including the seven donors at the small collection site D1, 23,485 genes after filtering. Genes were retained at a count of at least 6 in at least 20% of samples. Counts were TMM-normalised (edgeR-style, log-ratio trim 0.30, absolute-expression trim 0.05, factors scaled to geometric mean 1), converted to log2 counts per million with prior count 2, and z-scored with the training mean and standard deviation; standard deviations below 1e-12 were set to 1. Site D1 is included in the freeze and excluded from the B1 to C1 transfer and from within-site cross-validation, which is stated rather than silently applied.",P75,match,results/fibro/manifest.json,gene_filter,>=6 counts in >=20% of samples,
20%,"Training data. GTEx v10 cultured fibroblasts, 652 donors including the seven donors at the small collection site D1, 23,485 genes after filtering. Genes were retained at a count of at least 6 in at least 20% of samples. Counts were TMM-normalised (edgeR-style, log-ratio trim 0.30, absolute-expression trim 0.05, factors scaled to geometric mean 1), converted to log2 counts per million with prior count 2, and z-scored with the training mean and standard deviation; standard deviations below 1e-12 were set to 1. Site D1 is included in the freeze and excluded from the B1 to C1 transfer and from within-site cross-validation, which is stated rather than silently applied.",P75,match,results/fibro/manifest.json,gene_filter,>=6 counts in >=20% of samples,
0.30,"Training data. GTEx v10 cultured fibroblasts, 652 donors including the seven donors at the small collection site D1, 23,485 genes after filtering. Genes were retained at a count of at least 6 in at least 20% of samples. Counts were TMM-normalised (edgeR-style, log-ratio trim 0.30, absolute-expression trim 0.05, factors scaled to geometric mean 1), converted to log2 counts per million with prior count 2, and z-scored with the training mean and standard deviation; standard deviations below 1e-12 were set to 1. Site D1 is included in the freeze and excluded from the B1 to C1 transfer and from within-site cross-validation, which is stated rather than silently applied.",P75,untraceable,,,,searched results/fibro/manifest.json key normalization; stored text is 'TMM then log2-CPM prior.count=2' and does not contain trim 0.30 or 0.05
0.05,"Training data. GTEx v10 cultured fibroblasts, 652 donors including the seven donors at the small collection site D1, 23,485 genes after filtering. Genes were retained at a count of at least 6 in at least 20% of samples. Counts were TMM-normalised (edgeR-style, log-ratio trim 0.30, absolute-expression trim 0.05, factors scaled to geometric mean 1), converted to log2 counts per million with prior count 2, and z-scored with the training mean and standard deviation; standard deviations below 1e-12 were set to 1. Site D1 is included in the freeze and excluded from the B1 to C1 transfer and from within-site cross-validation, which is stated rather than silently applied.",P75,untraceable,,,,searched results/fibro/manifest.json key normalization; stored text is 'TMM then log2-CPM prior.count=2' and does not contain trim 0.30 or 0.05
1,"Training data. GTEx v10 cultured fibroblasts, 652 donors including the seven donors at the small collection site D1, 23,485 genes after filtering. Genes were retained at a count of at least 6 in at least 20% of samples. Counts were TMM-normalised (edgeR-style, log-ratio trim 0.30, absolute-expression trim 0.05, factors scaled to geometric mean 1), converted to log2 counts per million with prior count 2, and z-scored with the training mean and standard deviation; standard deviations below 1e-12 were set to 1. Site D1 is included in the freeze and excluded from the B1 to C1 transfer and from within-site cross-validation, which is stated rather than silently applied.",P75,untraceable,,,,searched results/fibro/manifest.json normalization string for geometric mean; it is not stored there
2,"Training data. GTEx v10 cultured fibroblasts, 652 donors including the seven donors at the small collection site D1, 23,485 genes after filtering. Genes were retained at a count of at least 6 in at least 20% of samples. Counts were TMM-normalised (edgeR-style, log-ratio trim 0.30, absolute-expression trim 0.05, factors scaled to geometric mean 1), converted to log2 counts per million with prior count 2, and z-scored with the training mean and standard deviation; standard deviations below 1e-12 were set to 1. Site D1 is included in the freeze and excluded from the B1 to C1 transfer and from within-site cross-validation, which is stated rather than silently applied.",P75,match,results/fibro/manifest.json,normalization,log2-CPM,
2,"Training data. GTEx v10 cultured fibroblasts, 652 donors including the seven donors at the small collection site D1, 23,485 genes after filtering. Genes were retained at a count of at least 6 in at least 20% of samples. Counts were TMM-normalised (edgeR-style, log-ratio trim 0.30, absolute-expression trim 0.05, factors scaled to geometric mean 1), converted to log2 counts per million with prior count 2, and z-scored with the training mean and standard deviation; standard deviations below 1e-12 were set to 1. Site D1 is included in the freeze and excluded from the B1 to C1 transfer and from within-site cross-validation, which is stated rather than silently applied.",P75,match,results/fibro/manifest.json,normalization,prior.count=2,
SCI:1e-12,"Training data. GTEx v10 cultured fibroblasts, 652 donors including the seven donors at the small collection site D1, 23,485 genes after filtering. Genes were retained at a count of at least 6 in at least 20% of samples. Counts were TMM-normalised (edgeR-style, log-ratio trim 0.30, absolute-expression trim 0.05, factors scaled to geometric mean 1), converted to log2 counts per million with prior count 2, and z-scored with the training mean and standard deviation; standard deviations below 1e-12 were set to 1. Site D1 is included in the freeze and excluded from the B1 to C1 transfer and from within-site cross-validation, which is stated rather than silently applied.",P75,untraceable,,,,searched results/fibro/manifest.json normalization and gene_filter strings for 1e-12; the stored strings are 'TMM then log2-CPM prior.count=2' and '>=6 counts in >=20% of samples'
1,"Training data. GTEx v10 cultured fibroblasts, 652 donors including the seven donors at the small collection site D1, 23,485 genes after filtering. Genes were retained at a count of at least 6 in at least 20% of samples. Counts were TMM-normalised (edgeR-style, log-ratio trim 0.30, absolute-expression trim 0.05, factors scaled to geometric mean 1), converted to log2 counts per million with prior count 2, and z-scored with the training mean and standard deviation; standard deviations below 1e-12 were set to 1. Site D1 is included in the freeze and excluded from the B1 to C1 transfer and from within-site cross-validation, which is stated rather than silently applied.",P75,untraceable,,,,searched results/fibro/manifest.json for the standard-deviation floor replacement; 1e-12 and the replacement value 1 are not in that file
SITE:D1,"Training data. GTEx v10 cultured fibroblasts, 652 donors including the seven donors at the small collection site D1, 23,485 genes after filtering. Genes were retained at a count of at least 6 in at least 20% of samples. Counts were TMM-normalised (edgeR-style, log-ratio trim 0.30, absolute-expression trim 0.05, factors scaled to geometric mean 1), converted to log2 counts per million with prior count 2, and z-scored with the training mean and standard deviation; standard deviations below 1e-12 were set to 1. Site D1 is included in the freeze and excluded from the B1 to C1 transfer and from within-site cross-validation, which is stated rather than silently applied.",P75,not_a_claim,,,GTEx site code,
SITE:B1,"Training data. GTEx v10 cultured fibroblasts, 652 donors including the seven donors at the small collection site D1, 23,485 genes after filtering. Genes were retained at a count of at least 6 in at least 20% of samples. Counts were TMM-normalised (edgeR-style, log-ratio trim 0.30, absolute-expression trim 0.05, factors scaled to geometric mean 1), converted to log2 counts per million with prior count 2, and z-scored with the training mean and standard deviation; standard deviations below 1e-12 were set to 1. Site D1 is included in the freeze and excluded from the B1 to C1 transfer and from within-site cross-validation, which is stated rather than silently applied.",P75,not_a_claim,,,GTEx site code,
SITE:C1,"Training data. GTEx v10 cultured fibroblasts, 652 donors including the seven donors at the small collection site D1, 23,485 genes after filtering. Genes were retained at a count of at least 6 in at least 20% of samples. Counts were TMM-normalised (edgeR-style, log-ratio trim 0.30, absolute-expression trim 0.05, factors scaled to geometric mean 1), converted to log2 counts per million with prior count 2, and z-scored with the training mean and standard deviation; standard deviations below 1e-12 were set to 1. Site D1 is included in the freeze and excluded from the B1 to C1 transfer and from within-site cross-validation, which is stated rather than silently applied.",P75,not_a_claim,,,GTEx site code,
65,"Analysis unit in the fibroblast atlas. The atlas's donor field holds one identifier per sequencing sample in several constituent studies. For the corrected analysis each identifier was traced to its source study and the original author's donor identifier, and pseudobulk scores were averaged within each person before any correlation, permutation or bootstrap, giving 65 donors (64 after dropping pseudobulks with fewer than 30 cells, which gave the same conclusion). Seeds and resampling settings were unchanged.",P77,match,results/paper_figs/cxg_true_donor_results.csv,true_donor n_units,65,
64,"Analysis unit in the fibroblast atlas. The atlas's donor field holds one identifier per sequencing sample in several constituent studies. For the corrected analysis each identifier was traced to its source study and the original author's donor identifier, and pseudobulk scores were averaged within each person before any correlation, permutation or bootstrap, giving 65 donors (64 after dropping pseudobulks with fewer than 30 cells, which gave the same conclusion). Seeds and resampling settings were unchanged.",P77,match,results/paper_figs/cxg_true_donor_results.csv,true_donor_pseudobulk_ge30cells n_units,64,
30,"Analysis unit in the fibroblast atlas. The atlas's donor field holds one identifier per sequencing sample in several constituent studies. For the corrected analysis each identifier was traced to its source study and the original author's donor identifier, and pseudobulk scores were averaged within each person before any correlation, permutation or bootstrap, giving 65 donors (64 after dropping pseudobulks with fewer than 30 cells, which gave the same conclusion). Seeds and resampling settings were unchanged.",P77,match,results/paper_figs/cxg_true_donor_results.csv,analysis name,true_donor_pseudobulk_ge30cells,
2,"All datasets, including the external cohorts and the reprogramming data, are processed identically to the training set: counts summed per group, TMM-normalised, converted to log2 CPM with prior count 2 across that analysis's own pseudobulk panel, then z-scored with the frozen GTEx training mean and standard deviation. Genes absent from the new dataset are set to zero after the frozen z-score, as are genes present but all-zero in that panel. Gene overlap is reported for each cohort (for example 21,351 of 23,485 ruler genes present in GSE226189, and 17,047 in the fibroblast atlas). Because TMM is estimated within each analysis panel, a statistic computed on that panel is coupled to the panel's membership, which is why bootstrap resamples re-estimate it.",P79,match,results/fibro/manifest.json,normalization,log2-CPM,
2,"All datasets, including the external cohorts and the reprogramming data, are processed identically to the training set: counts summed per group, TMM-normalised, converted to log2 CPM with prior count 2 across that analysis's own pseudobulk panel, then z-scored with the frozen GTEx training mean and standard deviation. Genes absent from the new dataset are set to zero after the frozen z-score, as are genes present but all-zero in that panel. Gene overlap is reported for each cohort (for example 21,351 of 23,485 ruler genes present in GSE226189, and 17,047 in the fibroblast atlas). Because TMM is estimated within each analysis panel, a statistic computed on that panel is coupled to the panel's membership, which is why bootstrap resamples re-estimate it.",P79,match,results/fibro/manifest.json,normalization,prior.count=2,
"21,351","All datasets, including the external cohorts and the reprogramming data, are processed identically to the training set: counts summed per group, TMM-normalised, converted to log2 CPM with prior count 2 across that analysis's own pseudobulk panel, then z-scored with the frozen GTEx training mean and standard deviation. Genes absent from the new dataset are set to zero after the frozen z-score, as are genes present but all-zero in that panel. Gene overlap is reported for each cohort (for example 21,351 of 23,485 ruler genes present in GSE226189, and 17,047 in the fibroblast atlas). Because TMM is estimated within each analysis panel, a statistic computed on that panel is coupled to the panel's membership, which is why bootstrap resamples re-estimate it.",P79,match,results/fibro2/ta_GSE226189_near_miss_bulk_result.json,n_overlap,21351,
"23,485","All datasets, including the external cohorts and the reprogramming data, are processed identically to the training set: counts summed per group, TMM-normalised, converted to log2 CPM with prior count 2 across that analysis's own pseudobulk panel, then z-scored with the frozen GTEx training mean and standard deviation. Genes absent from the new dataset are set to zero after the frozen z-score, as are genes present but all-zero in that panel. Gene overlap is reported for each cohort (for example 21,351 of 23,485 ruler genes present in GSE226189, and 17,047 in the fibroblast atlas). Because TMM is estimated within each analysis panel, a statistic computed on that panel is coupled to the panel's membership, which is why bootstrap resamples re-estimate it.",P79,match,results/fibro/freeze.json,n_genes,23485,
GSE:GSE226189,"All datasets, including the external cohorts and the reprogramming data, are processed identically to the training set: counts summed per group, TMM-normalised, converted to log2 CPM with prior count 2 across that analysis's own pseudobulk panel, then z-scored with the frozen GTEx training mean and standard deviation. Genes absent from the new dataset are set to zero after the frozen z-score, as are genes present but all-zero in that panel. Gene overlap is reported for each cohort (for example 21,351 of 23,485 ruler genes present in GSE226189, and 17,047 in the fibroblast atlas). Because TMM is estimated within each analysis panel, a statistic computed on that panel is coupled to the panel's membership, which is why bootstrap resamples re-estimate it.",P79,match,results/fibro2/ta_GSE226189_near_miss_bulk_result.json,tag,GSE226189_near_miss_bulk,
"17,047","All datasets, including the external cohorts and the reprogramming data, are processed identically to the training set: counts summed per group, TMM-normalised, converted to log2 CPM with prior count 2 across that analysis's own pseudobulk panel, then z-scored with the frozen GTEx training mean and standard deviation. Genes absent from the new dataset are set to zero after the frozen z-score, as are genes present but all-zero in that panel. Gene overlap is reported for each cohort (for example 21,351 of 23,485 ruler genes present in GSE226189, and 17,047 in the fibroblast atlas). Because TMM is estimated within each analysis panel, a statistic computed on that panel is coupled to the panel's membership, which is why bootstrap resamples re-estimate it.",P79,match,results/fibro2/ta_cxg_a19d1667_result.json,n_overlap,17047,
0,"For a displacement d from an origin pseudobulk toward a target direction v we report three quantities. Cosine alignment is d·v / (‖d‖ ‖v‖). Progress along the axis is d·v / ‖v‖², which equals 0 at the origin and 1 at the target. The change in distance is ‖z_S − z_target‖ − ‖z_origin − z_target‖, so a positive value means the state ended farther from the target.",P81,not_a_claim,,,endpoints in the definition of progress,
1,"For a displacement d from an origin pseudobulk toward a target direction v we report three quantities. Cosine alignment is d·v / (‖d‖ ‖v‖). Progress along the axis is d·v / ‖v‖², which equals 0 at the origin and 1 at the target. The change in distance is ‖z_S − z_target‖ − ‖z_origin − z_target‖, so a positive value means the state ended farther from the target.",P81,not_a_claim,,,endpoints in the definition of progress,
-0,"The two cosines in this paper are not interchangeable and are never combined. In the GTEx-anchored test the target direction is the unit vector from the old centroid to the young centroid, and the reported change in distance is to the young centroid. In the same-platform test the axis runs from one donor's day-0 cells to the other donor's day-0 cells, and progress is the projection defined above. This distinction matters numerically: the change in distance at pluripotency is +184 on the GTEx axis and +382 within the experiment, and those are two different measurements of two different things.",P82,match,results/toward/stats.csv,column n_d0,n_d0,
-0,"The two cosines in this paper are not interchangeable and are never combined. In the GTEx-anchored test the target direction is the unit vector from the old centroid to the young centroid, and the reported change in distance is to the young centroid. In the same-platform test the axis runs from one donor's day-0 cells to the other donor's day-0 cells, and progress is the projection defined above. This distinction matters numerically: the change in distance at pluripotency is +184 on the GTEx axis and +382 within the experiment, and those are two different measurements of two different things.",P82,match,results/toward/stats.csv,column n_d0,n_d0,
+184,"The two cosines in this paper are not interchangeable and are never combined. In the GTEx-anchored test the target direction is the unit vector from the old centroid to the young centroid, and the reported change in distance is to the young centroid. In the same-platform test the axis runs from one donor's day-0 cells to the other donor's day-0 cells, and progress is the projection defined above. This distinction matters numerically: the change in distance at pluripotency is +184 on the GTEx axis and +382 within the experiment, and those are two different measurements of two different things.",P82,match,results/toward/stats.csv,Pluripotency delta_young,184.04936725232898,
+382,"The two cosines in this paper are not interchangeable and are never combined. In the GTEx-anchored test the target direction is the unit vector from the old centroid to the young centroid, and the reported change in distance is to the young centroid. In the same-platform test the axis runs from one donor's day-0 cells to the other donor's day-0 cells, and progress is the projection defined above. This distinction matters numerically: the change in distance at pluripotency is +184 on the GTEx axis and +382 within the experiment, and those are two different measurements of two different things.",P82,match,results/same/summary.json,pluri_delta,382.1055693488854,
200,"All nulls use 200 draws and an empirical p-value of (exceedances + 1) / 201. Three constructions appear, and they are not interchangeable. A donor-label permutation shuffles donor age within the training bank, holding the expression matrix fixed, and is the null for every transfer statistic. A gene-permutation null shuffles the entries of the frozen target direction across genes, and tests whether a cosine is larger than for a direction with the same coefficient distribution. An anchor null rebuilds the young-minus-old direction from equal-size random splits of all GTEx fibroblast donors, ignoring age, and tests whether an alignment is specifically with age rather than with any donor contrast.",P85,match,results/fibro/manifest.json,n_perm,200,
1,"All nulls use 200 draws and an empirical p-value of (exceedances + 1) / 201. Three constructions appear, and they are not interchangeable. A donor-label permutation shuffles donor age within the training bank, holding the expression matrix fixed, and is the null for every transfer statistic. A gene-permutation null shuffles the entries of the frozen target direction across genes, and tests whether a cosine is larger than for a direction with the same coefficient distribution. An anchor null rebuilds the young-minus-old direction from equal-size random splits of all GTEx fibroblast donors, ignoring age, and tests whether an alignment is specifically with age rather than with any donor contrast.",P85,untraceable,,,,searched results/fibro/manifest.json and results/toward/stats.csv for the string 201 or the formula (exceedances+1)/201; they store n_perm=200 and p=0.004975124378109453
201,"All nulls use 200 draws and an empirical p-value of (exceedances + 1) / 201. Three constructions appear, and they are not interchangeable. A donor-label permutation shuffles donor age within the training bank, holding the expression matrix fixed, and is the null for every transfer statistic. A gene-permutation null shuffles the entries of the frozen target direction across genes, and tests whether a cosine is larger than for a direction with the same coefficient distribution. An anchor null rebuilds the young-minus-old direction from equal-size random splits of all GTEx fibroblast donors, ignoring age, and tests whether an alignment is specifically with age rather than with any donor contrast.",P85,untraceable,,,,searched results/fibro/manifest.json and results/toward/stats.csv for the string 201 or the formula (exceedances+1)/201; they store n_perm=200 and p=0.004975124378109453
200,"Confidence intervals are 200-draw percentile bootstraps at the 2.5th and 97.5th percentiles. The resampling unit is the donor for transfer statistics and the cell for displacement statistics. Paired comparisons recompute both quantities on the same resampled donors, so that the interval is on the difference rather than on two separate intervals. Any interval that does not contain its own point estimate is flagged invalid and is not used as a gate; this happens for distance intervals in the high-dimensional displacement tests and is reported at each occurrence.",P86,match,results/md3/t2_delta_rho.csv,n_boot,200,
2.5,"Confidence intervals are 200-draw percentile bootstraps at the 2.5th and 97.5th percentiles. The resampling unit is the donor for transfer statistics and the cell for displacement statistics. Paired comparisons recompute both quantities on the same resampled donors, so that the interval is on the difference rather than on two separate intervals. Any interval that does not contain its own point estimate is flagged invalid and is not used as a gate; this happens for distance intervals in the high-dimensional displacement tests and is reported at each occurrence.",P86,untraceable,,,,searched results/fibro/manifest.json and results/md3/t2_delta_rho.csv for 2.5 or 97.5; not present
97.5,"Confidence intervals are 200-draw percentile bootstraps at the 2.5th and 97.5th percentiles. The resampling unit is the donor for transfer statistics and the cell for displacement statistics. Paired comparisons recompute both quantities on the same resampled donors, so that the interval is on the difference rather than on two separate intervals. Any interval that does not contain its own point estimate is flagged invalid and is not used as a gate; this happens for distance intervals in the high-dimensional displacement tests and is reported at each occurrence.",P86,untraceable,,,,searched results/fibro/manifest.json and results/md3/t2_delta_rho.csv for 2.5 or 97.5; not present
20260914,"Seeds are fixed: 20260914 for splits, permutations and null directions, 20260918 for bootstraps, with an independent generator per cell.",P87,match,results/fibro/manifest.json,seed,20260914,
20260918,"Seeds are fixed: 20260914 for splits, permutations and null directions, 20260918 for bootstraps, with an independent generator per cell.",P87,match,results/fibro2/ta_GSE226189_near_miss_bulk_result.json,boot_seed,20260918,
0.5,"No test is interpreted until a control has recovered a known effect. Two kinds are used. In the GTEx-anchored test, five folds displace held-out old donors toward the training fold's young centroid; the pre-registered bar was every fold cosine above 0.5, and the observed minimum was 0.615. In the same-platform test, synthetic mixtures combine known fractions of young day-0 cells into aged day-0 cells at fixed total cell count; the control passes if progress increases monotonically with the mixing fraction, the interval on progress at the highest fraction excludes zero, and the change in distance at that fraction is negative. The zero-mixture point is reported as the noise floor and is not subtracted.",P89,match,results/toward/summary.json,c3.bar,0.5,
0.615,"No test is interpreted until a control has recovered a known effect. Two kinds are used. In the GTEx-anchored test, five folds displace held-out old donors toward the training fold's young centroid; the pre-registered bar was every fold cosine above 0.5, and the observed minimum was 0.615. In the same-platform test, synthetic mixtures combine known fractions of young day-0 cells into aged day-0 cells at fixed total cell count; the control passes if progress increases monotonically with the mixing fraction, the interval on progress at the highest fraction excludes zero, and the change in distance at that fraction is negative. The zero-mixture point is reported as the noise floor and is not subtracted.",P89,match,results/toward/summary.json,c3.min_cos,0.6146975302850424,
-0,"No test is interpreted until a control has recovered a known effect. Two kinds are used. In the GTEx-anchored test, five folds displace held-out old donors toward the training fold's young centroid; the pre-registered bar was every fold cosine above 0.5, and the observed minimum was 0.615. In the same-platform test, synthetic mixtures combine known fractions of young day-0 cells into aged day-0 cells at fixed total cell count; the control passes if progress increases monotonically with the mixing fraction, the interval on progress at the highest fraction excludes zero, and the change in distance at that fraction is negative. The zero-mixture point is reported as the noise floor and is not subtracted.",P89,match,results/toward/stats.csv,column n_d0,n_d0,
-0,"No test is interpreted until a control has recovered a known effect. Two kinds are used. In the GTEx-anchored test, five folds displace held-out old donors toward the training fold's young centroid; the pre-registered bar was every fold cosine above 0.5, and the observed minimum was 0.615. In the same-platform test, synthetic mixtures combine known fractions of young day-0 cells into aged day-0 cells at fixed total cell count; the control passes if progress increases monotonically with the mixing fraction, the interval on progress at the highest fraction excludes zero, and the change in distance at that fraction is negative. The zero-mixture point is reported as the noise floor and is not subtracted.",P89,match,results/toward/stats.csv,column n_d0,n_d0,
3,Table 3. Datasets used in this paper. All are public. Accession-level detail and per-cohort sample tables are in the repository.,P91,not_a_claim,,,figure or table number,
V10:v10,GTEx v10 cultured fibroblasts | GTEx Portal release v10 (dbGaP phs000424) | Ruler training (652 donors); young and old anchors (113 and 231 donors),T3R2,not_a_claim,,,GTEx release label,
V10:v10,GTEx v10 cultured fibroblasts | GTEx Portal release v10 (dbGaP phs000424) | Ruler training (652 donors); young and old anchors (113 and 231 donors),T3R2,not_a_claim,,,GTEx release label,
PHS:phs000424,GTEx v10 cultured fibroblasts | GTEx Portal release v10 (dbGaP phs000424) | Ruler training (652 donors); young and old anchors (113 and 231 donors),T3R2,match,results/fibro/stage1_report.txt,header,phs000424.v10,
652,GTEx v10 cultured fibroblasts | GTEx Portal release v10 (dbGaP phs000424) | Ruler training (652 donors); young and old anchors (113 and 231 donors),T3R2,match,results/fibro/freeze.json,n_donors,652,
113,GTEx v10 cultured fibroblasts | GTEx Portal release v10 (dbGaP phs000424) | Ruler training (652 donors); young and old anchors (113 and 231 donors),T3R2,match,results/toward/anchors.json,n_young,113,
231,GTEx v10 cultured fibroblasts | GTEx Portal release v10 (dbGaP phs000424) | Ruler training (652 donors); young and old anchors (113 and 231 donors),T3R2,match,results/toward/anchors.json,n_old,231,
UUID:a19d1667-a7b5-4556-9e5f-f9bfa690c0f1,"Consensus dermal fibroblast atlas | CELLxGENE a19d1667-a7b5-4556-9e5f-f9bfa690c0f1 | External fibroblast transfer, 93 pseudobulks from 65 donors, 10x assays only",T3R3,match,results/fibro2/ta_cxg_a19d1667_result.json,filename contains a19d1667,a19d1667,CELLxGENE id is in the result filename
93,"Consensus dermal fibroblast atlas | CELLxGENE a19d1667-a7b5-4556-9e5f-f9bfa690c0f1 | External fibroblast transfer, 93 pseudobulks from 65 donors, 10x assays only",T3R3,match,results/fibro2/ta_cxg_a19d1667_result.json,n_donors,93,
65,"Consensus dermal fibroblast atlas | CELLxGENE a19d1667-a7b5-4556-9e5f-f9bfa690c0f1 | External fibroblast transfer, 93 pseudobulks from 65 donors, 10x assays only",T3R3,match,results/paper_figs/cxg_true_donor_results.csv,true_donor n_units,65,
TENX:10x,"Consensus dermal fibroblast atlas | CELLxGENE a19d1667-a7b5-4556-9e5f-f9bfa690c0f1 | External fibroblast transfer, 93 pseudobulks from 65 donors, 10x assays only",T3R3,not_a_claim,,,assay label 10x,
GSE:GSE226189,"Human skin fibroblast bulk RNA-seq | GSE226189 | External fibroblast transfer, 82 donors",T3R4,match,results/fibro2/ta_GSE226189_near_miss_bulk_result.json,tag,GSE226189_near_miss_bulk,
82,"Human skin fibroblast bulk RNA-seq | GSE226189 | External fibroblast transfer, 82 donors",T3R4,match,results/fibro2/ta_GSE226189_near_miss_bulk_result.json,n_donors and n_samples,82,
GSE:GSE113957,"Human fibroblast bulk RNA-seq (FPKM) | GSE113957 | Pre-registered third cohort; not scored (FPKM, not counts)",T3R5,match,results/fibro2/ta_summary.json,text,GSE113957 ... are not integer counts,
GSE:GSE297234,"OSKM reprogramming time course | GSE297234 | Reprogramming tests (two donors, days 0, 3, 7, 10)",T3R6,match,results/survey/datasets.csv,GSE297234 row,GSE297234,
0,"OSKM reprogramming time course | GSE297234 | Reprogramming tests (two donors, days 0, 3, 7, 10)",T3R6,match,results/toward/stats.csv,columns n_d0 n_d3 n_d7 n_d10,"n_d0,n_d3,n_d7,n_d10",
3,"OSKM reprogramming time course | GSE297234 | Reprogramming tests (two donors, days 0, 3, 7, 10)",T3R6,match,results/toward/stats.csv,columns n_d0 n_d3 n_d7 n_d10,"n_d0,n_d3,n_d7,n_d10",
7,"OSKM reprogramming time course | GSE297234 | Reprogramming tests (two donors, days 0, 3, 7, 10)",T3R6,match,results/toward/stats.csv,columns n_d0 n_d3 n_d7 n_d10,"n_d0,n_d3,n_d7,n_d10",
10,"OSKM reprogramming time course | GSE297234 | Reprogramming tests (two donors, days 0, 3, 7, 10)",T3R6,match,results/toward/stats.csv,columns n_d0 n_d3 n_d7 n_d10,"n_d0,n_d3,n_d7,n_d10",
VER:Python 3.12.7,"Analyses were implemented in Python 3.12.7 with numpy 2.5.3, scipy 1.18.1, pandas 3.0.5, scikit-learn 1.9.1, anndata 0.13.3.post0 and h5py 3.16.0, and figures were drawn with matplotlib 3.11.2. Versions were recorded from the analysis environment at the time of writing; the full listing is in the repository. Entry-point scripts, one per analysis, are listed in the repository README and reproduce every table in this paper from the frozen instruments and the public inputs. Seeds are given above. The Seurat AddModuleScore algorithm was reimplemented in Python (control-gene bins matched on mean expression, 24 bins, 100 control genes per bin, log-normalisation with scale factor 10,000); Seurat v5 and sctransform were not available in this environment, and this is a deviation from the published MD pipeline rather than a substitution.",P94,match,results/paper_figs/environment_versions.txt,version line,3.12.7,
VER:numpy 2.5.3,"Analyses were implemented in Python 3.12.7 with numpy 2.5.3, scipy 1.18.1, pandas 3.0.5, scikit-learn 1.9.1, anndata 0.13.3.post0 and h5py 3.16.0, and figures were drawn with matplotlib 3.11.2. Versions were recorded from the analysis environment at the time of writing; the full listing is in the repository. Entry-point scripts, one per analysis, are listed in the repository README and reproduce every table in this paper from the frozen instruments and the public inputs. Seeds are given above. The Seurat AddModuleScore algorithm was reimplemented in Python (control-gene bins matched on mean expression, 24 bins, 100 control genes per bin, log-normalisation with scale factor 10,000); Seurat v5 and sctransform were not available in this environment, and this is a deviation from the published MD pipeline rather than a substitution.",P94,match,results/paper_figs/environment_versions.txt,version line,2.5.3,
VER:scipy 1.18.1,"Analyses were implemented in Python 3.12.7 with numpy 2.5.3, scipy 1.18.1, pandas 3.0.5, scikit-learn 1.9.1, anndata 0.13.3.post0 and h5py 3.16.0, and figures were drawn with matplotlib 3.11.2. Versions were recorded from the analysis environment at the time of writing; the full listing is in the repository. Entry-point scripts, one per analysis, are listed in the repository README and reproduce every table in this paper from the frozen instruments and the public inputs. Seeds are given above. The Seurat AddModuleScore algorithm was reimplemented in Python (control-gene bins matched on mean expression, 24 bins, 100 control genes per bin, log-normalisation with scale factor 10,000); Seurat v5 and sctransform were not available in this environment, and this is a deviation from the published MD pipeline rather than a substitution.",P94,match,results/paper_figs/environment_versions.txt,version line,1.18.1,
VER:pandas 3.0.5,"Analyses were implemented in Python 3.12.7 with numpy 2.5.3, scipy 1.18.1, pandas 3.0.5, scikit-learn 1.9.1, anndata 0.13.3.post0 and h5py 3.16.0, and figures were drawn with matplotlib 3.11.2. Versions were recorded from the analysis environment at the time of writing; the full listing is in the repository. Entry-point scripts, one per analysis, are listed in the repository README and reproduce every table in this paper from the frozen instruments and the public inputs. Seeds are given above. The Seurat AddModuleScore algorithm was reimplemented in Python (control-gene bins matched on mean expression, 24 bins, 100 control genes per bin, log-normalisation with scale factor 10,000); Seurat v5 and sctransform were not available in this environment, and this is a deviation from the published MD pipeline rather than a substitution.",P94,match,results/paper_figs/environment_versions.txt,version line,3.0.5,
VER:scikit-learn 1.9.1,"Analyses were implemented in Python 3.12.7 with numpy 2.5.3, scipy 1.18.1, pandas 3.0.5, scikit-learn 1.9.1, anndata 0.13.3.post0 and h5py 3.16.0, and figures were drawn with matplotlib 3.11.2. Versions were recorded from the analysis environment at the time of writing; the full listing is in the repository. Entry-point scripts, one per analysis, are listed in the repository README and reproduce every table in this paper from the frozen instruments and the public inputs. Seeds are given above. The Seurat AddModuleScore algorithm was reimplemented in Python (control-gene bins matched on mean expression, 24 bins, 100 control genes per bin, log-normalisation with scale factor 10,000); Seurat v5 and sctransform were not available in this environment, and this is a deviation from the published MD pipeline rather than a substitution.",P94,match,results/paper_figs/environment_versions.txt,version line,1.9.1,
VER:anndata 0.13.3.post0,"Analyses were implemented in Python 3.12.7 with numpy 2.5.3, scipy 1.18.1, pandas 3.0.5, scikit-learn 1.9.1, anndata 0.13.3.post0 and h5py 3.16.0, and figures were drawn with matplotlib 3.11.2. Versions were recorded from the analysis environment at the time of writing; the full listing is in the repository. Entry-point scripts, one per analysis, are listed in the repository README and reproduce every table in this paper from the frozen instruments and the public inputs. Seeds are given above. The Seurat AddModuleScore algorithm was reimplemented in Python (control-gene bins matched on mean expression, 24 bins, 100 control genes per bin, log-normalisation with scale factor 10,000); Seurat v5 and sctransform were not available in this environment, and this is a deviation from the published MD pipeline rather than a substitution.",P94,match,results/paper_figs/environment_versions.txt,version line,0.13.3.post0,
VER:h5py 3.16.0,"Analyses were implemented in Python 3.12.7 with numpy 2.5.3, scipy 1.18.1, pandas 3.0.5, scikit-learn 1.9.1, anndata 0.13.3.post0 and h5py 3.16.0, and figures were drawn with matplotlib 3.11.2. Versions were recorded from the analysis environment at the time of writing; the full listing is in the repository. Entry-point scripts, one per analysis, are listed in the repository README and reproduce every table in this paper from the frozen instruments and the public inputs. Seeds are given above. The Seurat AddModuleScore algorithm was reimplemented in Python (control-gene bins matched on mean expression, 24 bins, 100 control genes per bin, log-normalisation with scale factor 10,000); Seurat v5 and sctransform were not available in this environment, and this is a deviation from the published MD pipeline rather than a substitution.",P94,match,results/paper_figs/environment_versions.txt,version line,3.16.0,
VER:matplotlib 3.11.2,"Analyses were implemented in Python 3.12.7 with numpy 2.5.3, scipy 1.18.1, pandas 3.0.5, scikit-learn 1.9.1, anndata 0.13.3.post0 and h5py 3.16.0, and figures were drawn with matplotlib 3.11.2. Versions were recorded from the analysis environment at the time of writing; the full listing is in the repository. Entry-point scripts, one per analysis, are listed in the repository README and reproduce every table in this paper from the frozen instruments and the public inputs. Seeds are given above. The Seurat AddModuleScore algorithm was reimplemented in Python (control-gene bins matched on mean expression, 24 bins, 100 control genes per bin, log-normalisation with scale factor 10,000); Seurat v5 and sctransform were not available in this environment, and this is a deviation from the published MD pipeline rather than a substitution.",P94,match,results/paper_figs/environment_versions.txt,version line,3.11.2,
24,"Analyses were implemented in Python 3.12.7 with numpy 2.5.3, scipy 1.18.1, pandas 3.0.5, scikit-learn 1.9.1, anndata 0.13.3.post0 and h5py 3.16.0, and figures were drawn with matplotlib 3.11.2. Versions were recorded from the analysis environment at the time of writing; the full listing is in the repository. Entry-point scripts, one per analysis, are listed in the repository README and reproduce every table in this paper from the frozen instruments and the public inputs. Seeds are given above. The Seurat AddModuleScore algorithm was reimplemented in Python (control-gene bins matched on mean expression, 24 bins, 100 control genes per bin, log-normalisation with scale factor 10,000); Seurat v5 and sctransform were not available in this environment, and this is a deviation from the published MD pipeline rather than a substitution.",P94,match,results/md3/t1_ams_meta_GM00731.json,nbin,24,
100,"Analyses were implemented in Python 3.12.7 with numpy 2.5.3, scipy 1.18.1, pandas 3.0.5, scikit-learn 1.9.1, anndata 0.13.3.post0 and h5py 3.16.0, and figures were drawn with matplotlib 3.11.2. Versions were recorded from the analysis environment at the time of writing; the full listing is in the repository. Entry-point scripts, one per analysis, are listed in the repository README and reproduce every table in this paper from the frozen instruments and the public inputs. Seeds are given above. The Seurat AddModuleScore algorithm was reimplemented in Python (control-gene bins matched on mean expression, 24 bins, 100 control genes per bin, log-normalisation with scale factor 10,000); Seurat v5 and sctransform were not available in this environment, and this is a deviation from the published MD pipeline rather than a substitution.",P94,match,results/md3/t1_ams_meta_GM00731.json,ctrl_per_gene,100,
"10,000","Analyses were implemented in Python 3.12.7 with numpy 2.5.3, scipy 1.18.1, pandas 3.0.5, scikit-learn 1.9.1, anndata 0.13.3.post0 and h5py 3.16.0, and figures were drawn with matplotlib 3.11.2. Versions were recorded from the analysis environment at the time of writing; the full listing is in the repository. Entry-point scripts, one per analysis, are listed in the repository README and reproduce every table in this paper from the frozen instruments and the public inputs. Seeds are given above. The Seurat AddModuleScore algorithm was reimplemented in Python (control-gene bins matched on mean expression, 24 bins, 100 control genes per bin, log-normalisation with scale factor 10,000); Seurat v5 and sctransform were not available in this environment, and this is a deviation from the published MD pipeline rather than a substitution.",P94,match,results/md2/cluster_meta.json,deviation_from_STAR,LogNormalize scale.factor=10000,
VER:Seurat v5,"Analyses were implemented in Python 3.12.7 with numpy 2.5.3, scipy 1.18.1, pandas 3.0.5, scikit-learn 1.9.1, anndata 0.13.3.post0 and h5py 3.16.0, and figures were drawn with matplotlib 3.11.2. Versions were recorded from the analysis environment at the time of writing; the full listing is in the repository. Entry-point scripts, one per analysis, are listed in the repository README and reproduce every table in this paper from the frozen instruments and the public inputs. Seeds are given above. The Seurat AddModuleScore algorithm was reimplemented in Python (control-gene bins matched on mean expression, 24 bins, 100 control genes per bin, log-normalisation with scale factor 10,000); Seurat v5 and sctransform were not available in this environment, and this is a deviation from the published MD pipeline rather than a substitution.",P94,match,results/md2/cluster_meta.json,deviation_from_STAR,STAR Methods specify Seurat v5.0.0 sctransform v2. This environment has no R/sctransform.,
3,"All input data are public and are listed in Table 3. Analysis code, the frozen instruments, the pre-registration documents with their timestamp flags, and every result table used in this paper are available at [GITHUB REPOSITORY URL] and archived at [ZENODO DOI]. The frozen fibroblast ruler is a single file containing the unit weight vector, the un-normalised coefficients and the training mean and standard deviation over 23,485 genes; the young and old GTEx anchors are provided as a separate file. The repository README lists the entry-point script that reproduces each table and figure. Raw input data are not redistributed and must be obtained from the sources in Table 3.",P96,not_a_claim,,,figure or table number,
"23,485","All input data are public and are listed in Table 3. Analysis code, the frozen instruments, the pre-registration documents with their timestamp flags, and every result table used in this paper are available at [GITHUB REPOSITORY URL] and archived at [ZENODO DOI]. The frozen fibroblast ruler is a single file containing the unit weight vector, the un-normalised coefficients and the training mean and standard deviation over 23,485 genes; the young and old GTEx anchors are provided as a separate file. The repository README lists the entry-point script that reproduces each table and figure. Raw input data are not redistributed and must be obtained from the sources in Table 3.",P96,match,results/fibro/freeze.json,n_genes,23485,
3,"All input data are public and are listed in Table 3. Analysis code, the frozen instruments, the pre-registration documents with their timestamp flags, and every result table used in this paper are available at [GITHUB REPOSITORY URL] and archived at [ZENODO DOI]. The frozen fibroblast ruler is a single file containing the unit weight vector, the un-normalised coefficients and the training mean and standard deviation over 23,485 genes; the young and old GTEx anchors are provided as a separate file. The repository README lists the entry-point script that reproduces each table and figure. Raw input data are not redistributed and must be obtained from the sources in Table 3.",P96,not_a_claim,,,figure or table number,
GSE:GSE226189,"The author thanks the investigators and consortia who generated and publicly released the datasets analysed here, including the GTEx Consortium, the authors of the studies integrated in the dermal fibroblast atlas, and the authors of GSE226189 and GSE297234. The Genotype-Tissue Expression (GTEx) Project was supported by the Common Fund of the Office of the Director of the National Institutes of Health, and by NCI, NHGRI, NHLBI, NIDA, NIMH and NINDS. The data used for the analyses described in this manuscript were obtained from the GTEx Portal. This work received no specific funding.",P104,match,results/fibro2/ta_GSE226189_near_miss_bulk_result.json,tag,GSE226189_near_miss_bulk,
GSE:GSE297234,"The author thanks the investigators and consortia who generated and publicly released the datasets analysed here, including the GTEx Consortium, the authors of the studies integrated in the dermal fibroblast atlas, and the authors of GSE226189 and GSE297234. The Genotype-Tissue Expression (GTEx) Project was supported by the Common Fund of the Office of the Director of the National Institutes of Health, and by NCI, NHGRI, NHLBI, NIDA, NIMH and NINDS. The data used for the analyses described in this manuscript were obtained from the GTEx Portal. This work received no specific funding.",P104,match,results/survey/datasets.csv,GSE297234 row,GSE297234,
188,"Lu, J. Y. et al. Prevalent mesenchymal drift in aging and disease is reversed by partial reprogramming. Cell 188, 5895–5911.e17 (2025).",P106,not_a_claim,,,bibliographic number,
5895,"Lu, J. Y. et al. Prevalent mesenchymal drift in aging and disease is reversed by partial reprogramming. Cell 188, 5895–5911.e17 (2025).",P106,not_a_claim,,,bibliographic number,
5911,"Lu, J. Y. et al. Prevalent mesenchymal drift in aging and disease is reversed by partial reprogramming. Cell 188, 5895–5911.e17 (2025).",P106,not_a_claim,,,bibliographic number,
17,"Lu, J. Y. et al. Prevalent mesenchymal drift in aging and disease is reversed by partial reprogramming. Cell 188, 5895–5911.e17 (2025).",P106,not_a_claim,,,bibliographic number,
2025,"Lu, J. Y. et al. Prevalent mesenchymal drift in aging and disease is reversed by partial reprogramming. Cell 188, 5895–5911.e17 (2025).",P106,not_a_claim,,,bibliographic number,
57,"Southard, K. M. et al. Comprehensive transcription factor perturbations recapitulate fibroblast transcriptional states. Nat. Genet. 57, 2323–2334 (2025).",P107,not_a_claim,,,bibliographic number,
2323,"Southard, K. M. et al. Comprehensive transcription factor perturbations recapitulate fibroblast transcriptional states. Nat. Genet. 57, 2323–2334 (2025).",P107,not_a_claim,,,bibliographic number,
2334,"Southard, K. M. et al. Comprehensive transcription factor perturbations recapitulate fibroblast transcriptional states. Nat. Genet. 57, 2323–2334 (2025).",P107,not_a_claim,,,bibliographic number,
2025,"Southard, K. M. et al. Comprehensive transcription factor perturbations recapitulate fibroblast transcriptional states. Nat. Genet. 57, 2323–2334 (2025).",P107,not_a_claim,,,bibliographic number,
369,"GTEx Consortium. The GTEx Consortium atlas of genetic regulatory effects across human tissues. Science 369, 1318–1330 (2020).",P108,not_a_claim,,,bibliographic number,
1318,"GTEx Consortium. The GTEx Consortium atlas of genetic regulatory effects across human tissues. Science 369, 1318–1330 (2020).",P108,not_a_claim,,,bibliographic number,
1330,"GTEx Consortium. The GTEx Consortium atlas of genetic regulatory effects across human tissues. Science 369, 1318–1330 (2020).",P108,not_a_claim,,,bibliographic number,
2020,"GTEx Consortium. The GTEx Consortium atlas of genetic regulatory effects across human tissues. Science 369, 1318–1330 (2020).",P108,not_a_claim,,,bibliographic number,
2024.09,"Ascensión, A. M. & Izeta, A. A consensus single-cell transcriptomic atlas of dermal fibroblast heterogeneity. bioRxiv 2024.09.05.611379 (2024).",P109,not_a_claim,,,bibliographic number,
05.611379,"Ascensión, A. M. & Izeta, A. A consensus single-cell transcriptomic atlas of dermal fibroblast heterogeneity. bioRxiv 2024.09.05.611379 (2024).",P109,not_a_claim,,,bibliographic number,
2024,"Ascensión, A. M. & Izeta, A. A consensus single-cell transcriptomic atlas of dermal fibroblast heterogeneity. bioRxiv 2024.09.05.611379 (2024).",P109,not_a_claim,,,bibliographic number,
19,"Fleischer, J. G. et al. Predicting age from the transcriptome of human dermal fibroblasts. Genome Biol. 19, 221 (2018).",P110,not_a_claim,,,bibliographic number,
221,"Fleischer, J. G. et al. Predicting age from the transcriptome of human dermal fibroblasts. Genome Biol. 19, 221 (2018).",P110,not_a_claim,,,bibliographic number,
2018,"Fleischer, J. G. et al. Predicting age from the transcriptome of human dermal fibroblasts. Genome Biol. 19, 221 (2018).",P110,not_a_claim,,,bibliographic number,
1,"Liberzon, A. et al. The Molecular Signatures Database hallmark gene set collection. Cell Syst. 1, 417–425 (2015).",P111,not_a_claim,,,bibliographic number,
417,"Liberzon, A. et al. The Molecular Signatures Database hallmark gene set collection. Cell Syst. 1, 417–425 (2015).",P111,not_a_claim,,,bibliographic number,
425,"Liberzon, A. et al. The Molecular Signatures Database hallmark gene set collection. Cell Syst. 1, 417–425 (2015).",P111,not_a_claim,,,bibliographic number,
2015,"Liberzon, A. et al. The Molecular Signatures Database hallmark gene set collection. Cell Syst. 1, 417–425 (2015).",P111,not_a_claim,,,bibliographic number,
42,"Hao, Y. et al. Dictionary learning for integrative, multimodal and scalable single-cell analysis. Nat. Biotechnol. 42, 293–304 (2024).",P112,not_a_claim,,,bibliographic number,
293,"Hao, Y. et al. Dictionary learning for integrative, multimodal and scalable single-cell analysis. Nat. Biotechnol. 42, 293–304 (2024).",P112,not_a_claim,,,bibliographic number,
304,"Hao, Y. et al. Dictionary learning for integrative, multimodal and scalable single-cell analysis. Nat. Biotechnol. 42, 293–304 (2024).",P112,not_a_claim,,,bibliographic number,
2024,"Hao, Y. et al. Dictionary learning for integrative, multimodal and scalable single-cell analysis. Nat. Biotechnol. 42, 293–304 (2024).",P112,not_a_claim,,,bibliographic number,
11,"Robinson, M. D. & Oshlack, A. A scaling normalization method for differential expression analysis of RNA-seq data. Genome Biol. 11, R25 (2010).",P113,not_a_claim,,,bibliographic number,
25,"Robinson, M. D. & Oshlack, A. A scaling normalization method for differential expression analysis of RNA-seq data. Genome Biol. 11, R25 (2010).",P113,not_a_claim,,,bibliographic number,
2010,"Robinson, M. D. & Oshlack, A. A scaling normalization method for differential expression analysis of RNA-seq data. Genome Biol. 11, R25 (2010).",P113,not_a_claim,,,bibliographic number,
126,"Takahashi, K. & Yamanaka, S. Induction of pluripotent stem cells from mouse embryonic and adult fibroblast cultures by defined factors. Cell 126, 663–676 (2006).",P114,not_a_claim,,,bibliographic number,
663,"Takahashi, K. & Yamanaka, S. Induction of pluripotent stem cells from mouse embryonic and adult fibroblast cultures by defined factors. Cell 126, 663–676 (2006).",P114,not_a_claim,,,bibliographic number,
676,"Takahashi, K. & Yamanaka, S. Induction of pluripotent stem cells from mouse embryonic and adult fibroblast cultures by defined factors. Cell 126, 663–676 (2006).",P114,not_a_claim,,,bibliographic number,
2006,"Takahashi, K. & Yamanaka, S. Induction of pluripotent stem cells from mouse embryonic and adult fibroblast cultures by defined factors. Cell 126, 663–676 (2006).",P114,not_a_claim,,,bibliographic number,
167,"Ocampo, A. et al. In vivo amelioration of age-associated hallmarks by partial reprogramming. Cell 167, 1719–1733.e12 (2016).",P115,not_a_claim,,,bibliographic number,
1719,"Ocampo, A. et al. In vivo amelioration of age-associated hallmarks by partial reprogramming. Cell 167, 1719–1733.e12 (2016).",P115,not_a_claim,,,bibliographic number,
1733,"Ocampo, A. et al. In vivo amelioration of age-associated hallmarks by partial reprogramming. Cell 167, 1719–1733.e12 (2016).",P115,not_a_claim,,,bibliographic number,
12,"Ocampo, A. et al. In vivo amelioration of age-associated hallmarks by partial reprogramming. Cell 167, 1719–1733.e12 (2016).",P115,not_a_claim,,,bibliographic number,
2016,"Ocampo, A. et al. In vivo amelioration of age-associated hallmarks by partial reprogramming. Cell 167, 1719–1733.e12 (2016).",P115,not_a_claim,,,bibliographic number,
11,"Gill, D. et al. Multi-omic rejuvenation of human cells by maturation phase transient reprogramming. eLife 11, e71624 (2022).",P116,not_a_claim,,,bibliographic number,
71624,"Gill, D. et al. Multi-omic rejuvenation of human cells by maturation phase transient reprogramming. eLife 11, e71624 (2022).",P116,not_a_claim,,,bibliographic number,
2022,"Gill, D. et al. Multi-omic rejuvenation of human cells by maturation phase transient reprogramming. eLife 11, e71624 (2022).",P116,not_a_claim,,,bibliographic number,
14,"Horvath, S. DNA methylation age of human tissues and cell types. Genome Biol. 14, R115 (2013).",P117,not_a_claim,,,bibliographic number,
115,"Horvath, S. DNA methylation age of human tissues and cell types. Genome Biol. 14, R115 (2013).",P117,not_a_claim,,,bibliographic number,
2013,"Horvath, S. DNA methylation age of human tissues and cell types. Genome Biol. 14, R115 (2013).",P117,not_a_claim,,,bibliographic number,
49,"Hannum, G. et al. Genome-wide methylation profiles reveal quantitative views of human aging rates. Mol. Cell 49, 359–367 (2013).",P118,not_a_claim,,,bibliographic number,
359,"Hannum, G. et al. Genome-wide methylation profiles reveal quantitative views of human aging rates. Mol. Cell 49, 359–367 (2013).",P118,not_a_claim,,,bibliographic number,
367,"Hannum, G. et al. Genome-wide methylation profiles reveal quantitative views of human aging rates. Mol. Cell 49, 359–367 (2013).",P118,not_a_claim,,,bibliographic number,
2013,"Hannum, G. et al. Genome-wide methylation profiles reveal quantitative views of human aging rates. Mol. Cell 49, 359–367 (2013).",P118,not_a_claim,,,bibliographic number,
2,"Kabacik, S. et al. The relationship between epigenetic age and the hallmarks of aging in human cells. Nat. Aging 2, 484–493 (2022).",P119,not_a_claim,,,bibliographic number,
484,"Kabacik, S. et al. The relationship between epigenetic age and the hallmarks of aging in human cells. Nat. Aging 2, 484–493 (2022).",P119,not_a_claim,,,bibliographic number,
493,"Kabacik, S. et al. The relationship between epigenetic age and the hallmarks of aging in human cells. Nat. Aging 2, 484–493 (2022).",P119,not_a_claim,,,bibliographic number,
2022,"Kabacik, S. et al. The relationship between epigenetic age and the hallmarks of aging in human cells. Nat. Aging 2, 484–493 (2022).",P119,not_a_claim,,,bibliographic number,
four,"We built a transcriptomic age ruler in cultured human dermal fibroblasts (652 GTEx donors) by supervised ridge regression on donor age, and froze it. It orders donors by age in cohorts that differ in laboratory, collection site and platform (Spearman ρ 0.43 to 0.56 across four transfers), but it does not predict age in calibrated years. In an independent bulk cohort of 82 donors, the frozen ruler tracks donor age better than the curated mesenchymal-drift (MD) signature used as an age readout by Lu et al. (paired bootstrap Δρ +0.47, 95% CI +0.24 to +0.70). In a second, single-cell cohort the difference points the same way, but once its samples are grouped into the 65 people they came from, the interval includes zero (+0.17, −0.12 to +0.41).",P7,untraceable,,,,"searched results/fibro/stage1_transfer.csv, results/fibro2/ta_summary.json and results/paper_figs/cxg_true_donor_results.csv for a stored transfer count of 4; no such field. Table 1 prints five Spearman rows."
two thirds,"Applying the distance-to-target framework to OSKM partial reprogramming of fibroblasts (Lu et al.), the aged donor's partially reprogrammed cells end farther from young fibroblasts than the cells they came from, whether young is defined by GTEx donors (+9.4 z units) or by a 22-year-old donor assayed in the same experiment (+131), even though against the latter target they travel two thirds of the way along the aged-to-young axis. A dose-response control on the same statistic detects a known approach, so the null result is not simply insensitivity, and a reverse test rules out mutual convergence of the two donors.",P8,rounding,results/same/stats.csv,forward frac,0.674440748216413,"words denote 2/3; stored progress 0.674440748216413 rounds to 0.67, as does 2/3"
twenty thousand,"This form has a structural weakness: it records the direction a cell moves and not where it ends up. In a space of twenty thousand genes almost every direction leads away from the old state, and only a narrow cone of them leads toward young cells of the same type. A score anchored on not-old falls across that whole space. The condition for genuine approach is quantitative: a displacement ends closer to the young target only when its length is less than twice the target distance times the cosine of the angle between them. A directional score carries the angle and discards the length, so it cannot evaluate that condition even in principle. Three outcomes therefore become hard to tell apart:",P12,untraceable,,,,"searched results/fibro/freeze.json for a gene count of 20000; the stored n_genes is 23485, and the sentence does not say it is that count"
five,"One of these transfers is weaker than it looks. The dermal fibroblast atlas is an integration of published studies rather than a single cohort, and the pre-registered analysis treated each of its 93 donor identifiers as a person. They are not. Tracing each identifier to its source study shows that the 93 pseudobulks come from 65 people: one study contributes 23 sequencing accessions from five donors, whose recorded age of 42 is a placeholder for an author-reported range of 25 to 60 years, and several other studies contribute repeated samples from the same donor. With the correct unit the transfer holds (ρ = +0.433, 95% CI +0.174 to +0.610, permutation p = 0.005, against +0.455 as run), but the effective sample is smaller and some ages are imprecise. We report both values and interpret the corrected one. The bulk cohort GSE226189, in which 82 samples carry 82 distinct donor identifiers, is the cleaner of the two external tests.",P27,match,results/paper_figs/cxg_true_donor_report.txt,orig Donor identifier,"['S4', 'S5', 's1', 's2', 's3']",
two thirds,"Figure 5. Same-platform test against a young target measured in the same experiment. (A) The forward test drawn in the plane spanned by the origin-to-target axis and the orthogonal component of each displacement, in units of the axis length. Points inside the dashed circle are closer to the target than the origin was. The aged donor's partially reprogrammed cells project two thirds of the way along the axis and still land far outside the circle. Grey points are the positive-control mixtures. (B) The reverse test, with donors swapped. (C) Progress and (D) change in distance for the mixture control; open orange circles mark the zero-mixture noise floor.",P51,rounding,results/same/stats.csv,forward frac,0.674440748216413,"words denote 2/3; stored progress 0.674440748216413 rounds to 0.67, as does 2/3"
two thirds,"In the dataset where the distinction can be tested, what is scored as rejuvenation is well explained by departure from the aged state, and is not accompanied by a measurable approach to a young cell of the same type. The aged donor's partially reprogrammed cells project two thirds of the way along the aged-to-young axis while ending twice as far from the young target as they started, and the same sign holds against a GTEx-defined young centroid. A dose-response control shows the statistic would have seen an approach had one occurred, and a reverse test shows the movement is not mutual convergence of two donors.",P53,rounding,results/same/stats.csv,forward frac,0.674440748216413,"words denote 2/3; stored progress 0.674440748216413 rounds to 0.67, as does 2/3"
twice,"In the dataset where the distinction can be tested, what is scored as rejuvenation is well explained by departure from the aged state, and is not accompanied by a measurable approach to a young cell of the same type. The aged donor's partially reprogrammed cells project two thirds of the way along the aged-to-young axis while ending twice as far from the young target as they started, and the same sign holds against a GTEx-defined young centroid. A dose-response control shows the statistic would have seen an approach had one occurred, and a reverse test shows the movement is not mutual convergence of two donors.",P53,untraceable,,,,searched results/same/stats.csv and results/same/summary.json for a stored ratio of 2. Forward row has delta=130.89356478446803 and v_norm=130.68843692001553. No field stores twice or a ratio.
three,"Each analysis was specified in writing before any number was computed, including its statistics, nulls, positive controls, decision thresholds and the exact wording of each possible conclusion. A flag file was written before execution and the pre-registration text is reproduced verbatim in the results file for each analysis. Only the pre-registered reading whose conditions fired is reported as the conclusion of that analysis. Where a later analysis superseded an earlier reading, the earlier text was retained and marked withdrawn rather than edited; three readings were withdrawn in this way. Analyses run as diagnostics after a gate had fired are labelled as such and are not treated as gated results. One later correction is reported alongside the original result rather than in place of it: the regrouping of the fibroblast atlas into real donors, which was done after the pre-registered result was known and is reported as a correction of the analysis unit. Analyses of brain tissue and of a published transcription-factor screen were carried out in the same project under the same protocols; they do not bear on the question tested here and are not reported in this paper. Their pre-registrations, code and results, including a transfer that failed its gate, are in the archive.",P72,untraceable,,,,searched results/**/*.json for withdrawn; the only hit is results/md4/t1_reading.json key md3_status_withdrawn. No file stores a count of three withdrawn readings.
five,"The ruler is a ridge regression of donor chronological age on z-scored gene expression, fit through the n × n Gram matrix, and frozen with its coefficients and its training mean and standard deviation before any evaluation. The regularisation parameter was selected over the grid 0.01, 0.03, 0.1, 0.3, 1, 3, 10, 30, 100, 300, 1000, 3000, 10000 by minimising a leave-one-out residual sum of squares computed from the hat-matrix diagonal, not by grouped cross-validation. The frozen fibroblast ruler stores alpha = 0.01, the smallest value on the grid, so a smaller optimum cannot be excluded. The frozen fibroblast vector is the ridge coefficient vector, unit-normalised and sign-aligned so that the score increases with age. Transfers within GTEx use the full prediction (training mean age plus the ridge coefficients applied to the z-scored profile), which is in years. The external cohorts and all reprogramming analyses use the frozen unit-length score, which orders samples identically but has no intercept or scale and is not in years. A PLS-1 model was fit in parallel for comparison and is neither the frozen ruler nor any gate. Within-site fibroblast cross-validation, grouped by sequencing batch with up to five folds, reports ρ but does not choose alpha. The ruler was never refit on any evaluation cohort.",P74,match,results/fibro/stage1_cv.json,n_folds,5,
five,"No test is interpreted until a control has recovered a known effect. Two kinds are used. In the GTEx-anchored test, five folds displace held-out old donors toward the training fold's young centroid; the pre-registered bar was every fold cosine above 0.5, and the observed minimum was 0.615. In the same-platform test, synthetic mixtures combine known fractions of young day-0 cells into aged day-0 cells at fixed total cell count; the control passes if progress increases monotonically with the mixing fraction, the interval on progress at the highest fraction excludes zero, and the change in distance at that fraction is negative. The zero-mixture point is reported as the noise floor and is not subtracted.",P89,match,results/toward/summary.json,c3.n_folds,5,
seven,"Training data. GTEx v10 cultured fibroblasts, 652 donors including the seven donors at the small collection site D1, 23,485 genes after filtering. Genes were retained at a count of at least 6 in at least 20% of samples. Counts were TMM-normalised (edgeR-style, log-ratio trim 0.30, absolute-expression trim 0.05, factors scaled to geometric mean 1), converted to log2 counts per million with prior count 2, and z-scored with the training mean and standard deviation; standard deviations below 1e-12 were set to 1. Site D1 is included in the freeze and excluded from the B1 to C1 transfer and from within-site cross-validation, which is stated rather than silently applied.",P75,match,results/fibro/stage1_cohort.csv,D1_n,7,
