number,location,verdict,source_path,source_field,source_value,note,sentence
96,P7,no-source,,,,donor age from the GSE297234 sample metadata; not stored under results/,"Treatments said to rejuvenate cells are usually judged by a single score that falls when cells look younger. But such a score shows only which way cells moved, not where they ended up: it also falls when cells simply stop looking old, for example by drifting toward a different cell type, without becoming any more like young cells. We ask a more direct question: after treatment, are the cells closer to young cells of the same type than they were before? In skin fibroblasts from a 96-year-old donor that were partially reprogrammed (Lu et al.), the published aging score fell well below the level of a 22-year-old donor's untreated cells, which looks like strong rejuvenation. Yet the same cells ended about twice as far from the young donor's cells as they started, even when judged only by the genes that make up that score. The same was true with other published aging genes, with all genes, with hundreds of randomly chosen gene sets, and with an age score we built that follows donor age across several independent cohorts. Our measure does register cells getting closer when young cells are mixed into old ones, so it can see real rejuvenation when it happens, and the result is not the two donors' cells simply becoming more alike. A falling aging score therefore cannot tell rejuvenation apart from cells moving away from their old state in some other direction. We provide a frozen age score, young reference points and code for measuring distance to young cells instead."
22,P7,no-source,,,,donor age from the GSE297234 sample metadata; not stored under results/,"Treatments said to rejuvenate cells are usually judged by a single score that falls when cells look younger. But such a score shows only which way cells moved, not where they ended up: it also falls when cells simply stop looking old, for example by drifting toward a different cell type, without becoming any more like young cells. We ask a more direct question: after treatment, are the cells closer to young cells of the same type than they were before? In skin fibroblasts from a 96-year-old donor that were partially reprogrammed (Lu et al.), the published aging score fell well below the level of a 22-year-old donor's untreated cells, which looks like strong rejuvenation. Yet the same cells ended about twice as far from the young donor's cells as they started, even when judged only by the genes that make up that score. The same was true with other published aging genes, with all genes, with hundreds of randomly chosen gene sets, and with an age score we built that follows donor age across several independent cohorts. Our measure does register cells getting closer when young cells are mixed into old ones, so it can see real rejuvenation when it happens, and the result is not the two donors' cells simply becoming more alike. A falling aging score therefore cannot tell rejuvenation apart from cells moving away from their old state in some other direction. We provide a frozen age score, young reference points and code for measuring distance to young cells instead."
205,P20,verified,results/newstory/partA_meta.json,md_genes,205,,"Lu et al. use a mesenchymal-drift (MD) signature, the HALLMARK epithelial-mesenchymal transition gene set augmented with SNAI1, ZEB1, ZEB2, TWIST1 and TWIST2 (205 genes), as their readout of aging, and report that it falls when aged fibroblasts are partially reprogrammed. Their dataset GSE297234 is an OSKM reprogramming time course in dermal fibroblasts from a 96-year-old donor (GM00731) and a 22-year-old donor (GM23815), sampled at days 0, 3, 7 and 10. It is unusual among rejuvenation datasets in containing young cells of the same type, on the same platform, in the same experiment, which is what makes the question in this paper answerable. Cell states were labelled with the published state signatures (Methods). The population tested is the aged donor's partially reprogrammed cells (5,832 cells). They are overwhelmingly day-3 cells (5,220 of them), assayed while OSKM is still being expressed; this is the population the source paper treats as rejuvenated. Donors are never pooled, and the 22-year-old donor is a contrast, not a replicate."
96,P20,no-source,,,,donor age from the GSE297234 sample metadata; not stored under results/,"Lu et al. use a mesenchymal-drift (MD) signature, the HALLMARK epithelial-mesenchymal transition gene set augmented with SNAI1, ZEB1, ZEB2, TWIST1 and TWIST2 (205 genes), as their readout of aging, and report that it falls when aged fibroblasts are partially reprogrammed. Their dataset GSE297234 is an OSKM reprogramming time course in dermal fibroblasts from a 96-year-old donor (GM00731) and a 22-year-old donor (GM23815), sampled at days 0, 3, 7 and 10. It is unusual among rejuvenation datasets in containing young cells of the same type, on the same platform, in the same experiment, which is what makes the question in this paper answerable. Cell states were labelled with the published state signatures (Methods). The population tested is the aged donor's partially reprogrammed cells (5,832 cells). They are overwhelmingly day-3 cells (5,220 of them), assayed while OSKM is still being expressed; this is the population the source paper treats as rejuvenated. Donors are never pooled, and the 22-year-old donor is a contrast, not a replicate."
22,P20,no-source,,,,donor age from the GSE297234 sample metadata; not stored under results/,"Lu et al. use a mesenchymal-drift (MD) signature, the HALLMARK epithelial-mesenchymal transition gene set augmented with SNAI1, ZEB1, ZEB2, TWIST1 and TWIST2 (205 genes), as their readout of aging, and report that it falls when aged fibroblasts are partially reprogrammed. Their dataset GSE297234 is an OSKM reprogramming time course in dermal fibroblasts from a 96-year-old donor (GM00731) and a 22-year-old donor (GM23815), sampled at days 0, 3, 7 and 10. It is unusual among rejuvenation datasets in containing young cells of the same type, on the same platform, in the same experiment, which is what makes the question in this paper answerable. Cell states were labelled with the published state signatures (Methods). The population tested is the aged donor's partially reprogrammed cells (5,832 cells). They are overwhelmingly day-3 cells (5,220 of them), assayed while OSKM is still being expressed; this is the population the source paper treats as rejuvenated. Donors are never pooled, and the 22-year-old donor is a contrast, not a replicate."
0,P20,not_a_claim,results/md3/t1_occupancy_pooled.csv,column n_d0 [GM00731],timepoint label,sampling timepoint in the GSE297234 design,"Lu et al. use a mesenchymal-drift (MD) signature, the HALLMARK epithelial-mesenchymal transition gene set augmented with SNAI1, ZEB1, ZEB2, TWIST1 and TWIST2 (205 genes), as their readout of aging, and report that it falls when aged fibroblasts are partially reprogrammed. Their dataset GSE297234 is an OSKM reprogramming time course in dermal fibroblasts from a 96-year-old donor (GM00731) and a 22-year-old donor (GM23815), sampled at days 0, 3, 7 and 10. It is unusual among rejuvenation datasets in containing young cells of the same type, on the same platform, in the same experiment, which is what makes the question in this paper answerable. Cell states were labelled with the published state signatures (Methods). The population tested is the aged donor's partially reprogrammed cells (5,832 cells). They are overwhelmingly day-3 cells (5,220 of them), assayed while OSKM is still being expressed; this is the population the source paper treats as rejuvenated. Donors are never pooled, and the 22-year-old donor is a contrast, not a replicate."
3,P20,not_a_claim,results/md3/t1_occupancy_pooled.csv,column n_d3 [GM00731],timepoint label,sampling timepoint in the GSE297234 design,"Lu et al. use a mesenchymal-drift (MD) signature, the HALLMARK epithelial-mesenchymal transition gene set augmented with SNAI1, ZEB1, ZEB2, TWIST1 and TWIST2 (205 genes), as their readout of aging, and report that it falls when aged fibroblasts are partially reprogrammed. Their dataset GSE297234 is an OSKM reprogramming time course in dermal fibroblasts from a 96-year-old donor (GM00731) and a 22-year-old donor (GM23815), sampled at days 0, 3, 7 and 10. It is unusual among rejuvenation datasets in containing young cells of the same type, on the same platform, in the same experiment, which is what makes the question in this paper answerable. Cell states were labelled with the published state signatures (Methods). The population tested is the aged donor's partially reprogrammed cells (5,832 cells). They are overwhelmingly day-3 cells (5,220 of them), assayed while OSKM is still being expressed; this is the population the source paper treats as rejuvenated. Donors are never pooled, and the 22-year-old donor is a contrast, not a replicate."
7,P20,not_a_claim,results/md3/t1_occupancy_pooled.csv,column n_d7 [GM00731],timepoint label,sampling timepoint in the GSE297234 design,"Lu et al. use a mesenchymal-drift (MD) signature, the HALLMARK epithelial-mesenchymal transition gene set augmented with SNAI1, ZEB1, ZEB2, TWIST1 and TWIST2 (205 genes), as their readout of aging, and report that it falls when aged fibroblasts are partially reprogrammed. Their dataset GSE297234 is an OSKM reprogramming time course in dermal fibroblasts from a 96-year-old donor (GM00731) and a 22-year-old donor (GM23815), sampled at days 0, 3, 7 and 10. It is unusual among rejuvenation datasets in containing young cells of the same type, on the same platform, in the same experiment, which is what makes the question in this paper answerable. Cell states were labelled with the published state signatures (Methods). The population tested is the aged donor's partially reprogrammed cells (5,832 cells). They are overwhelmingly day-3 cells (5,220 of them), assayed while OSKM is still being expressed; this is the population the source paper treats as rejuvenated. Donors are never pooled, and the 22-year-old donor is a contrast, not a replicate."
10,P20,not_a_claim,results/md3/t1_occupancy_pooled.csv,column n_d10 [GM00731],timepoint label,sampling timepoint in the GSE297234 design,"Lu et al. use a mesenchymal-drift (MD) signature, the HALLMARK epithelial-mesenchymal transition gene set augmented with SNAI1, ZEB1, ZEB2, TWIST1 and TWIST2 (205 genes), as their readout of aging, and report that it falls when aged fibroblasts are partially reprogrammed. Their dataset GSE297234 is an OSKM reprogramming time course in dermal fibroblasts from a 96-year-old donor (GM00731) and a 22-year-old donor (GM23815), sampled at days 0, 3, 7 and 10. It is unusual among rejuvenation datasets in containing young cells of the same type, on the same platform, in the same experiment, which is what makes the question in this paper answerable. Cell states were labelled with the published state signatures (Methods). The population tested is the aged donor's partially reprogrammed cells (5,832 cells). They are overwhelmingly day-3 cells (5,220 of them), assayed while OSKM is still being expressed; this is the population the source paper treats as rejuvenated. Donors are never pooled, and the 22-year-old donor is a contrast, not a replicate."
"5,832",P20,verified,results/newstory/partB_meta.json,n_cells/S,5832,,"Lu et al. use a mesenchymal-drift (MD) signature, the HALLMARK epithelial-mesenchymal transition gene set augmented with SNAI1, ZEB1, ZEB2, TWIST1 and TWIST2 (205 genes), as their readout of aging, and report that it falls when aged fibroblasts are partially reprogrammed. Their dataset GSE297234 is an OSKM reprogramming time course in dermal fibroblasts from a 96-year-old donor (GM00731) and a 22-year-old donor (GM23815), sampled at days 0, 3, 7 and 10. It is unusual among rejuvenation datasets in containing young cells of the same type, on the same platform, in the same experiment, which is what makes the question in this paper answerable. Cell states were labelled with the published state signatures (Methods). The population tested is the aged donor's partially reprogrammed cells (5,832 cells). They are overwhelmingly day-3 cells (5,220 of them), assayed while OSKM is still being expressed; this is the population the source paper treats as rejuvenated. Donors are never pooled, and the 22-year-old donor is a contrast, not a replicate."
3,P20,not_a_claim,results/md3/t1_occupancy_pooled.csv,column n_d3 [GM00731],timepoint label,sampling timepoint in the GSE297234 design,"Lu et al. use a mesenchymal-drift (MD) signature, the HALLMARK epithelial-mesenchymal transition gene set augmented with SNAI1, ZEB1, ZEB2, TWIST1 and TWIST2 (205 genes), as their readout of aging, and report that it falls when aged fibroblasts are partially reprogrammed. Their dataset GSE297234 is an OSKM reprogramming time course in dermal fibroblasts from a 96-year-old donor (GM00731) and a 22-year-old donor (GM23815), sampled at days 0, 3, 7 and 10. It is unusual among rejuvenation datasets in containing young cells of the same type, on the same platform, in the same experiment, which is what makes the question in this paper answerable. Cell states were labelled with the published state signatures (Methods). The population tested is the aged donor's partially reprogrammed cells (5,832 cells). They are overwhelmingly day-3 cells (5,220 of them), assayed while OSKM is still being expressed; this is the population the source paper treats as rejuvenated. Donors are never pooled, and the 22-year-old donor is a contrast, not a replicate."
"5,220",P20,verified,results/md3/t1_occupancy_pooled.csv,n_d3 [GM00731],5220,,"Lu et al. use a mesenchymal-drift (MD) signature, the HALLMARK epithelial-mesenchymal transition gene set augmented with SNAI1, ZEB1, ZEB2, TWIST1 and TWIST2 (205 genes), as their readout of aging, and report that it falls when aged fibroblasts are partially reprogrammed. Their dataset GSE297234 is an OSKM reprogramming time course in dermal fibroblasts from a 96-year-old donor (GM00731) and a 22-year-old donor (GM23815), sampled at days 0, 3, 7 and 10. It is unusual among rejuvenation datasets in containing young cells of the same type, on the same platform, in the same experiment, which is what makes the question in this paper answerable. Cell states were labelled with the published state signatures (Methods). The population tested is the aged donor's partially reprogrammed cells (5,832 cells). They are overwhelmingly day-3 cells (5,220 of them), assayed while OSKM is still being expressed; this is the population the source paper treats as rejuvenated. Donors are never pooled, and the 22-year-old donor is a contrast, not a replicate."
22,P20,no-source,,,,donor age from the GSE297234 sample metadata; not stored under results/,"Lu et al. use a mesenchymal-drift (MD) signature, the HALLMARK epithelial-mesenchymal transition gene set augmented with SNAI1, ZEB1, ZEB2, TWIST1 and TWIST2 (205 genes), as their readout of aging, and report that it falls when aged fibroblasts are partially reprogrammed. Their dataset GSE297234 is an OSKM reprogramming time course in dermal fibroblasts from a 96-year-old donor (GM00731) and a 22-year-old donor (GM23815), sampled at days 0, 3, 7 and 10. It is unusual among rejuvenation datasets in containing young cells of the same type, on the same platform, in the same experiment, which is what makes the question in this paper answerable. Cell states were labelled with the published state signatures (Methods). The population tested is the aged donor's partially reprogrammed cells (5,832 cells). They are overwhelmingly day-3 cells (5,220 of them), assayed while OSKM is still being expressed; this is the population the source paper treats as rejuvenated. Donors are never pooled, and the 22-year-old donor is a contrast, not a replicate."
0.515,P21,verified,results/newstory/partA_gap_drop.csv,aged_d0 [joint],0.5151367570932331,,"We scored MD per cell with a reimplementation of the published algorithm (Methods), scoring both donors against the same control genes so that their scores are comparable. The score behaves as reported. In the aged donor it falls from 0.515 (95% CI 0.514 to 0.517) in day-0 fibroblasts to 0.158 (0.153 to 0.162) in partially reprogrammed cells, and continues downward through early pluripotency (0.147) to pluripotency (0.022). The relevant comparison is the difference between the two donors' day-0 fibroblasts, which is what 74 years of donor age look like on this scale: 0.046 (0.043 to 0.049). The drop on partial reprogramming is 7.7 times that difference (95% CI 7.3 to 8.2). Read as an age readout, the 96-year-old's partially reprogrammed cells are far younger than the 22-year-old's actual cells (Figure 1A)."
95,P21,no-source,,,,"the interval level stated in the text; results/ files store n_boot = 200 without the percentile, so the figure 95 itself has no stored source","We scored MD per cell with a reimplementation of the published algorithm (Methods), scoring both donors against the same control genes so that their scores are comparable. The score behaves as reported. In the aged donor it falls from 0.515 (95% CI 0.514 to 0.517) in day-0 fibroblasts to 0.158 (0.153 to 0.162) in partially reprogrammed cells, and continues downward through early pluripotency (0.147) to pluripotency (0.022). The relevant comparison is the difference between the two donors' day-0 fibroblasts, which is what 74 years of donor age look like on this scale: 0.046 (0.043 to 0.049). The drop on partial reprogramming is 7.7 times that difference (95% CI 7.3 to 8.2). Read as an age readout, the 96-year-old's partially reprogrammed cells are far younger than the 22-year-old's actual cells (Figure 1A)."
0.514,P21,mismatch,results/newstory/partA_md_by_state.csv,joint_ci_lo [GM00731 Fibroblast_d0],0.5134646010253517,"stored lower bound prints as 0.513 at three decimals, draft prints 0.514 (rounding only)","We scored MD per cell with a reimplementation of the published algorithm (Methods), scoring both donors against the same control genes so that their scores are comparable. The score behaves as reported. In the aged donor it falls from 0.515 (95% CI 0.514 to 0.517) in day-0 fibroblasts to 0.158 (0.153 to 0.162) in partially reprogrammed cells, and continues downward through early pluripotency (0.147) to pluripotency (0.022). The relevant comparison is the difference between the two donors' day-0 fibroblasts, which is what 74 years of donor age look like on this scale: 0.046 (0.043 to 0.049). The drop on partial reprogramming is 7.7 times that difference (95% CI 7.3 to 8.2). Read as an age readout, the 96-year-old's partially reprogrammed cells are far younger than the 22-year-old's actual cells (Figure 1A)."
0.517,P21,verified,results/newstory/partA_md_by_state.csv,joint_ci_hi [GM00731 Fibroblast_d0],0.5169498495629744,,"We scored MD per cell with a reimplementation of the published algorithm (Methods), scoring both donors against the same control genes so that their scores are comparable. The score behaves as reported. In the aged donor it falls from 0.515 (95% CI 0.514 to 0.517) in day-0 fibroblasts to 0.158 (0.153 to 0.162) in partially reprogrammed cells, and continues downward through early pluripotency (0.147) to pluripotency (0.022). The relevant comparison is the difference between the two donors' day-0 fibroblasts, which is what 74 years of donor age look like on this scale: 0.046 (0.043 to 0.049). The drop on partial reprogramming is 7.7 times that difference (95% CI 7.3 to 8.2). Read as an age readout, the 96-year-old's partially reprogrammed cells are far younger than the 22-year-old's actual cells (Figure 1A)."
0,P21,not_a_claim,results/md3/t1_occupancy_pooled.csv,column n_d0 [GM00731],timepoint label,sampling timepoint in the GSE297234 design,"We scored MD per cell with a reimplementation of the published algorithm (Methods), scoring both donors against the same control genes so that their scores are comparable. The score behaves as reported. In the aged donor it falls from 0.515 (95% CI 0.514 to 0.517) in day-0 fibroblasts to 0.158 (0.153 to 0.162) in partially reprogrammed cells, and continues downward through early pluripotency (0.147) to pluripotency (0.022). The relevant comparison is the difference between the two donors' day-0 fibroblasts, which is what 74 years of donor age look like on this scale: 0.046 (0.043 to 0.049). The drop on partial reprogramming is 7.7 times that difference (95% CI 7.3 to 8.2). Read as an age readout, the 96-year-old's partially reprogrammed cells are far younger than the 22-year-old's actual cells (Figure 1A)."
0.158,P21,verified,results/newstory/partA_gap_drop.csv,aged_PartialReprog [joint],0.15752579308739909,,"We scored MD per cell with a reimplementation of the published algorithm (Methods), scoring both donors against the same control genes so that their scores are comparable. The score behaves as reported. In the aged donor it falls from 0.515 (95% CI 0.514 to 0.517) in day-0 fibroblasts to 0.158 (0.153 to 0.162) in partially reprogrammed cells, and continues downward through early pluripotency (0.147) to pluripotency (0.022). The relevant comparison is the difference between the two donors' day-0 fibroblasts, which is what 74 years of donor age look like on this scale: 0.046 (0.043 to 0.049). The drop on partial reprogramming is 7.7 times that difference (95% CI 7.3 to 8.2). Read as an age readout, the 96-year-old's partially reprogrammed cells are far younger than the 22-year-old's actual cells (Figure 1A)."
0.153,P21,verified,results/newstory/partA_md_by_state.csv,joint_ci_lo [GM00731 PartialReprog],0.1531354436736409,,"We scored MD per cell with a reimplementation of the published algorithm (Methods), scoring both donors against the same control genes so that their scores are comparable. The score behaves as reported. In the aged donor it falls from 0.515 (95% CI 0.514 to 0.517) in day-0 fibroblasts to 0.158 (0.153 to 0.162) in partially reprogrammed cells, and continues downward through early pluripotency (0.147) to pluripotency (0.022). The relevant comparison is the difference between the two donors' day-0 fibroblasts, which is what 74 years of donor age look like on this scale: 0.046 (0.043 to 0.049). The drop on partial reprogramming is 7.7 times that difference (95% CI 7.3 to 8.2). Read as an age readout, the 96-year-old's partially reprogrammed cells are far younger than the 22-year-old's actual cells (Figure 1A)."
0.162,P21,verified,results/newstory/partA_md_by_state.csv,joint_ci_hi [GM00731 PartialReprog],0.1617369394380799,,"We scored MD per cell with a reimplementation of the published algorithm (Methods), scoring both donors against the same control genes so that their scores are comparable. The score behaves as reported. In the aged donor it falls from 0.515 (95% CI 0.514 to 0.517) in day-0 fibroblasts to 0.158 (0.153 to 0.162) in partially reprogrammed cells, and continues downward through early pluripotency (0.147) to pluripotency (0.022). The relevant comparison is the difference between the two donors' day-0 fibroblasts, which is what 74 years of donor age look like on this scale: 0.046 (0.043 to 0.049). The drop on partial reprogramming is 7.7 times that difference (95% CI 7.3 to 8.2). Read as an age readout, the 96-year-old's partially reprogrammed cells are far younger than the 22-year-old's actual cells (Figure 1A)."
0.147,P21,verified,results/newstory/partA_md_by_state.csv,joint_mean [GM00731 EarlyPluripotency],0.1467058603483695,,"We scored MD per cell with a reimplementation of the published algorithm (Methods), scoring both donors against the same control genes so that their scores are comparable. The score behaves as reported. In the aged donor it falls from 0.515 (95% CI 0.514 to 0.517) in day-0 fibroblasts to 0.158 (0.153 to 0.162) in partially reprogrammed cells, and continues downward through early pluripotency (0.147) to pluripotency (0.022). The relevant comparison is the difference between the two donors' day-0 fibroblasts, which is what 74 years of donor age look like on this scale: 0.046 (0.043 to 0.049). The drop on partial reprogramming is 7.7 times that difference (95% CI 7.3 to 8.2). Read as an age readout, the 96-year-old's partially reprogrammed cells are far younger than the 22-year-old's actual cells (Figure 1A)."
0.022,P21,verified,results/newstory/partA_md_by_state.csv,joint_mean [GM00731 Pluripotency],0.021948962428081423,,"We scored MD per cell with a reimplementation of the published algorithm (Methods), scoring both donors against the same control genes so that their scores are comparable. The score behaves as reported. In the aged donor it falls from 0.515 (95% CI 0.514 to 0.517) in day-0 fibroblasts to 0.158 (0.153 to 0.162) in partially reprogrammed cells, and continues downward through early pluripotency (0.147) to pluripotency (0.022). The relevant comparison is the difference between the two donors' day-0 fibroblasts, which is what 74 years of donor age look like on this scale: 0.046 (0.043 to 0.049). The drop on partial reprogramming is 7.7 times that difference (95% CI 7.3 to 8.2). Read as an age readout, the 96-year-old's partially reprogrammed cells are far younger than the 22-year-old's actual cells (Figure 1A)."
0,P21,not_a_claim,results/md3/t1_occupancy_pooled.csv,column n_d0 [GM00731],timepoint label,sampling timepoint in the GSE297234 design,"We scored MD per cell with a reimplementation of the published algorithm (Methods), scoring both donors against the same control genes so that their scores are comparable. The score behaves as reported. In the aged donor it falls from 0.515 (95% CI 0.514 to 0.517) in day-0 fibroblasts to 0.158 (0.153 to 0.162) in partially reprogrammed cells, and continues downward through early pluripotency (0.147) to pluripotency (0.022). The relevant comparison is the difference between the two donors' day-0 fibroblasts, which is what 74 years of donor age look like on this scale: 0.046 (0.043 to 0.049). The drop on partial reprogramming is 7.7 times that difference (95% CI 7.3 to 8.2). Read as an age readout, the 96-year-old's partially reprogrammed cells are far younger than the 22-year-old's actual cells (Figure 1A)."
74,P21,no-source,,,,donor age difference (96 minus 22 years); donor ages are GEO metadata for GSE297234 and are not stored under results/,"We scored MD per cell with a reimplementation of the published algorithm (Methods), scoring both donors against the same control genes so that their scores are comparable. The score behaves as reported. In the aged donor it falls from 0.515 (95% CI 0.514 to 0.517) in day-0 fibroblasts to 0.158 (0.153 to 0.162) in partially reprogrammed cells, and continues downward through early pluripotency (0.147) to pluripotency (0.022). The relevant comparison is the difference between the two donors' day-0 fibroblasts, which is what 74 years of donor age look like on this scale: 0.046 (0.043 to 0.049). The drop on partial reprogramming is 7.7 times that difference (95% CI 7.3 to 8.2). Read as an age readout, the 96-year-old's partially reprogrammed cells are far younger than the 22-year-old's actual cells (Figure 1A)."
0.046,P21,verified,results/newstory/partA_gap_drop.csv,gap [joint],0.046328235750955515,,"We scored MD per cell with a reimplementation of the published algorithm (Methods), scoring both donors against the same control genes so that their scores are comparable. The score behaves as reported. In the aged donor it falls from 0.515 (95% CI 0.514 to 0.517) in day-0 fibroblasts to 0.158 (0.153 to 0.162) in partially reprogrammed cells, and continues downward through early pluripotency (0.147) to pluripotency (0.022). The relevant comparison is the difference between the two donors' day-0 fibroblasts, which is what 74 years of donor age look like on this scale: 0.046 (0.043 to 0.049). The drop on partial reprogramming is 7.7 times that difference (95% CI 7.3 to 8.2). Read as an age readout, the 96-year-old's partially reprogrammed cells are far younger than the 22-year-old's actual cells (Figure 1A)."
0.043,P21,verified,results/newstory/partA_gap_drop.csv,gap_ci_lo [joint],0.04343393678893401,,"We scored MD per cell with a reimplementation of the published algorithm (Methods), scoring both donors against the same control genes so that their scores are comparable. The score behaves as reported. In the aged donor it falls from 0.515 (95% CI 0.514 to 0.517) in day-0 fibroblasts to 0.158 (0.153 to 0.162) in partially reprogrammed cells, and continues downward through early pluripotency (0.147) to pluripotency (0.022). The relevant comparison is the difference between the two donors' day-0 fibroblasts, which is what 74 years of donor age look like on this scale: 0.046 (0.043 to 0.049). The drop on partial reprogramming is 7.7 times that difference (95% CI 7.3 to 8.2). Read as an age readout, the 96-year-old's partially reprogrammed cells are far younger than the 22-year-old's actual cells (Figure 1A)."
0.049,P21,verified,results/newstory/partA_gap_drop.csv,gap_ci_hi [joint],0.04866379792217704,,"We scored MD per cell with a reimplementation of the published algorithm (Methods), scoring both donors against the same control genes so that their scores are comparable. The score behaves as reported. In the aged donor it falls from 0.515 (95% CI 0.514 to 0.517) in day-0 fibroblasts to 0.158 (0.153 to 0.162) in partially reprogrammed cells, and continues downward through early pluripotency (0.147) to pluripotency (0.022). The relevant comparison is the difference between the two donors' day-0 fibroblasts, which is what 74 years of donor age look like on this scale: 0.046 (0.043 to 0.049). The drop on partial reprogramming is 7.7 times that difference (95% CI 7.3 to 8.2). Read as an age readout, the 96-year-old's partially reprogrammed cells are far younger than the 22-year-old's actual cells (Figure 1A)."
7.7,P21,verified,results/newstory/partA_gap_drop.csv,drop_over_gap [joint],7.719071495150954,,"We scored MD per cell with a reimplementation of the published algorithm (Methods), scoring both donors against the same control genes so that their scores are comparable. The score behaves as reported. In the aged donor it falls from 0.515 (95% CI 0.514 to 0.517) in day-0 fibroblasts to 0.158 (0.153 to 0.162) in partially reprogrammed cells, and continues downward through early pluripotency (0.147) to pluripotency (0.022). The relevant comparison is the difference between the two donors' day-0 fibroblasts, which is what 74 years of donor age look like on this scale: 0.046 (0.043 to 0.049). The drop on partial reprogramming is 7.7 times that difference (95% CI 7.3 to 8.2). Read as an age readout, the 96-year-old's partially reprogrammed cells are far younger than the 22-year-old's actual cells (Figure 1A)."
95,P21,no-source,,,,"the interval level stated in the text; results/ files store n_boot = 200 without the percentile, so the figure 95 itself has no stored source","We scored MD per cell with a reimplementation of the published algorithm (Methods), scoring both donors against the same control genes so that their scores are comparable. The score behaves as reported. In the aged donor it falls from 0.515 (95% CI 0.514 to 0.517) in day-0 fibroblasts to 0.158 (0.153 to 0.162) in partially reprogrammed cells, and continues downward through early pluripotency (0.147) to pluripotency (0.022). The relevant comparison is the difference between the two donors' day-0 fibroblasts, which is what 74 years of donor age look like on this scale: 0.046 (0.043 to 0.049). The drop on partial reprogramming is 7.7 times that difference (95% CI 7.3 to 8.2). Read as an age readout, the 96-year-old's partially reprogrammed cells are far younger than the 22-year-old's actual cells (Figure 1A)."
7.3,P21,verified,results/newstory/partA_gap_drop.csv,ratio_ci_lo [joint],7.331864573036845,,"We scored MD per cell with a reimplementation of the published algorithm (Methods), scoring both donors against the same control genes so that their scores are comparable. The score behaves as reported. In the aged donor it falls from 0.515 (95% CI 0.514 to 0.517) in day-0 fibroblasts to 0.158 (0.153 to 0.162) in partially reprogrammed cells, and continues downward through early pluripotency (0.147) to pluripotency (0.022). The relevant comparison is the difference between the two donors' day-0 fibroblasts, which is what 74 years of donor age look like on this scale: 0.046 (0.043 to 0.049). The drop on partial reprogramming is 7.7 times that difference (95% CI 7.3 to 8.2). Read as an age readout, the 96-year-old's partially reprogrammed cells are far younger than the 22-year-old's actual cells (Figure 1A)."
8.2,P21,verified,results/newstory/partA_gap_drop.csv,ratio_ci_hi [joint],8.212028238641178,,"We scored MD per cell with a reimplementation of the published algorithm (Methods), scoring both donors against the same control genes so that their scores are comparable. The score behaves as reported. In the aged donor it falls from 0.515 (95% CI 0.514 to 0.517) in day-0 fibroblasts to 0.158 (0.153 to 0.162) in partially reprogrammed cells, and continues downward through early pluripotency (0.147) to pluripotency (0.022). The relevant comparison is the difference between the two donors' day-0 fibroblasts, which is what 74 years of donor age look like on this scale: 0.046 (0.043 to 0.049). The drop on partial reprogramming is 7.7 times that difference (95% CI 7.3 to 8.2). Read as an age readout, the 96-year-old's partially reprogrammed cells are far younger than the 22-year-old's actual cells (Figure 1A)."
96,P21,no-source,,,,donor age from the GSE297234 sample metadata; not stored under results/,"We scored MD per cell with a reimplementation of the published algorithm (Methods), scoring both donors against the same control genes so that their scores are comparable. The score behaves as reported. In the aged donor it falls from 0.515 (95% CI 0.514 to 0.517) in day-0 fibroblasts to 0.158 (0.153 to 0.162) in partially reprogrammed cells, and continues downward through early pluripotency (0.147) to pluripotency (0.022). The relevant comparison is the difference between the two donors' day-0 fibroblasts, which is what 74 years of donor age look like on this scale: 0.046 (0.043 to 0.049). The drop on partial reprogramming is 7.7 times that difference (95% CI 7.3 to 8.2). Read as an age readout, the 96-year-old's partially reprogrammed cells are far younger than the 22-year-old's actual cells (Figure 1A)."
22,P21,no-source,,,,donor age from the GSE297234 sample metadata; not stored under results/,"We scored MD per cell with a reimplementation of the published algorithm (Methods), scoring both donors against the same control genes so that their scores are comparable. The score behaves as reported. In the aged donor it falls from 0.515 (95% CI 0.514 to 0.517) in day-0 fibroblasts to 0.158 (0.153 to 0.162) in partially reprogrammed cells, and continues downward through early pluripotency (0.147) to pluripotency (0.022). The relevant comparison is the difference between the two donors' day-0 fibroblasts, which is what 74 years of donor age look like on this scale: 0.046 (0.043 to 0.049). The drop on partial reprogramming is 7.7 times that difference (95% CI 7.3 to 8.2). Read as an age readout, the 96-year-old's partially reprogrammed cells are far younger than the 22-year-old's actual cells (Figure 1A)."
1,P21,not_a_claim,,,,a constant inside a stated formula or definition,"We scored MD per cell with a reimplementation of the published algorithm (Methods), scoring both donors against the same control genes so that their scores are comparable. The score behaves as reported. In the aged donor it falls from 0.515 (95% CI 0.514 to 0.517) in day-0 fibroblasts to 0.158 (0.153 to 0.162) in partially reprogrammed cells, and continues downward through early pluripotency (0.147) to pluripotency (0.022). The relevant comparison is the difference between the two donors' day-0 fibroblasts, which is what 74 years of donor age look like on this scale: 0.046 (0.043 to 0.049). The drop on partial reprogramming is 7.7 times that difference (95% CI 7.3 to 8.2). Read as an age readout, the 96-year-old's partially reprogrammed cells are far younger than the 22-year-old's actual cells (Figure 1A)."
652,P22,verified,results/genespace/summary.json,anchors/n_donors,652,,"We then asked where those cells are. Each population's counts were summed and normalised, and each gene was standardised against its mean and spread across cultured dermal fibroblasts from 652 adult GTEx donors, which serve throughout as a fixed reference and define a panel of 23,485 expressed genes (Methods). Restricted to the 205 MD genes, and with the young donor's untreated day-0 cells as the target, the aged donor's day-0 cells start 14.6 units away. After partial reprogramming they are 31.7 away: 2.2 times farther than they began. They cover 79% of the line from the aged donor's cells to the young donor's (progress 0.790, 95% CI 0.780 to 0.811), which a projection-based readout would score as substantial rejuvenation, but they also move 2.16 times that line's length off to the side. Covering most of the line is therefore compatible with ending much farther away (Figure 1B). Complete reprogramming goes further in the same way (pluripotent cells: progress 1.33, final distance 3.9 times the starting distance)."
"23,485",P22,verified,results/newstory/partB_meta.json,spaces/FULL,23485,,"We then asked where those cells are. Each population's counts were summed and normalised, and each gene was standardised against its mean and spread across cultured dermal fibroblasts from 652 adult GTEx donors, which serve throughout as a fixed reference and define a panel of 23,485 expressed genes (Methods). Restricted to the 205 MD genes, and with the young donor's untreated day-0 cells as the target, the aged donor's day-0 cells start 14.6 units away. After partial reprogramming they are 31.7 away: 2.2 times farther than they began. They cover 79% of the line from the aged donor's cells to the young donor's (progress 0.790, 95% CI 0.780 to 0.811), which a projection-based readout would score as substantial rejuvenation, but they also move 2.16 times that line's length off to the side. Covering most of the line is therefore compatible with ending much farther away (Figure 1B). Complete reprogramming goes further in the same way (pluripotent cells: progress 1.33, final distance 3.9 times the starting distance)."
205,P22,verified,results/newstory/partA_meta.json,md_genes,205,,"We then asked where those cells are. Each population's counts were summed and normalised, and each gene was standardised against its mean and spread across cultured dermal fibroblasts from 652 adult GTEx donors, which serve throughout as a fixed reference and define a panel of 23,485 expressed genes (Methods). Restricted to the 205 MD genes, and with the young donor's untreated day-0 cells as the target, the aged donor's day-0 cells start 14.6 units away. After partial reprogramming they are 31.7 away: 2.2 times farther than they began. They cover 79% of the line from the aged donor's cells to the young donor's (progress 0.790, 95% CI 0.780 to 0.811), which a projection-based readout would score as substantial rejuvenation, but they also move 2.16 times that line's length off to the side. Covering most of the line is therefore compatible with ending much farther away (Figure 1B). Complete reprogramming goes further in the same way (pluripotent cells: progress 1.33, final distance 3.9 times the starting distance)."
0,P22,not_a_claim,results/md3/t1_occupancy_pooled.csv,column n_d0 [GM00731],timepoint label,sampling timepoint in the GSE297234 design,"We then asked where those cells are. Each population's counts were summed and normalised, and each gene was standardised against its mean and spread across cultured dermal fibroblasts from 652 adult GTEx donors, which serve throughout as a fixed reference and define a panel of 23,485 expressed genes (Methods). Restricted to the 205 MD genes, and with the young donor's untreated day-0 cells as the target, the aged donor's day-0 cells start 14.6 units away. After partial reprogramming they are 31.7 away: 2.2 times farther than they began. They cover 79% of the line from the aged donor's cells to the young donor's (progress 0.790, 95% CI 0.780 to 0.811), which a projection-based readout would score as substantial rejuvenation, but they also move 2.16 times that line's length off to the side. Covering most of the line is therefore compatible with ending much farther away (Figure 1B). Complete reprogramming goes further in the same way (pluripotent cells: progress 1.33, final distance 3.9 times the starting distance)."
0,P22,not_a_claim,results/md3/t1_occupancy_pooled.csv,column n_d0 [GM00731],timepoint label,sampling timepoint in the GSE297234 design,"We then asked where those cells are. Each population's counts were summed and normalised, and each gene was standardised against its mean and spread across cultured dermal fibroblasts from 652 adult GTEx donors, which serve throughout as a fixed reference and define a panel of 23,485 expressed genes (Methods). Restricted to the 205 MD genes, and with the young donor's untreated day-0 cells as the target, the aged donor's day-0 cells start 14.6 units away. After partial reprogramming they are 31.7 away: 2.2 times farther than they began. They cover 79% of the line from the aged donor's cells to the young donor's (progress 0.790, 95% CI 0.780 to 0.811), which a projection-based readout would score as substantial rejuvenation, but they also move 2.16 times that line's length off to the side. Covering most of the line is therefore compatible with ending much farther away (Figure 1B). Complete reprogramming goes further in the same way (pluripotent cells: progress 1.33, final distance 3.9 times the starting distance)."
14.6,P22,verified,results/newstory/partB_same_distances.csv,dist_start [MD forward],14.59760865100002,,"We then asked where those cells are. Each population's counts were summed and normalised, and each gene was standardised against its mean and spread across cultured dermal fibroblasts from 652 adult GTEx donors, which serve throughout as a fixed reference and define a panel of 23,485 expressed genes (Methods). Restricted to the 205 MD genes, and with the young donor's untreated day-0 cells as the target, the aged donor's day-0 cells start 14.6 units away. After partial reprogramming they are 31.7 away: 2.2 times farther than they began. They cover 79% of the line from the aged donor's cells to the young donor's (progress 0.790, 95% CI 0.780 to 0.811), which a projection-based readout would score as substantial rejuvenation, but they also move 2.16 times that line's length off to the side. Covering most of the line is therefore compatible with ending much farther away (Figure 1B). Complete reprogramming goes further in the same way (pluripotent cells: progress 1.33, final distance 3.9 times the starting distance)."
31.7,P22,verified,results/newstory/partB_same_distances.csv,dist_final [MD forward],31.68557801438903,,"We then asked where those cells are. Each population's counts were summed and normalised, and each gene was standardised against its mean and spread across cultured dermal fibroblasts from 652 adult GTEx donors, which serve throughout as a fixed reference and define a panel of 23,485 expressed genes (Methods). Restricted to the 205 MD genes, and with the young donor's untreated day-0 cells as the target, the aged donor's day-0 cells start 14.6 units away. After partial reprogramming they are 31.7 away: 2.2 times farther than they began. They cover 79% of the line from the aged donor's cells to the young donor's (progress 0.790, 95% CI 0.780 to 0.811), which a projection-based readout would score as substantial rejuvenation, but they also move 2.16 times that line's length off to the side. Covering most of the line is therefore compatible with ending much farther away (Figure 1B). Complete reprogramming goes further in the same way (pluripotent cells: progress 1.33, final distance 3.9 times the starting distance)."
2.2,P22,verified,results/newstory/partB_same_distances.csv,final_over_start [MD forward],2.1706005943801205,,"We then asked where those cells are. Each population's counts were summed and normalised, and each gene was standardised against its mean and spread across cultured dermal fibroblasts from 652 adult GTEx donors, which serve throughout as a fixed reference and define a panel of 23,485 expressed genes (Methods). Restricted to the 205 MD genes, and with the young donor's untreated day-0 cells as the target, the aged donor's day-0 cells start 14.6 units away. After partial reprogramming they are 31.7 away: 2.2 times farther than they began. They cover 79% of the line from the aged donor's cells to the young donor's (progress 0.790, 95% CI 0.780 to 0.811), which a projection-based readout would score as substantial rejuvenation, but they also move 2.16 times that line's length off to the side. Covering most of the line is therefore compatible with ending much farther away (Figure 1B). Complete reprogramming goes further in the same way (pluripotent cells: progress 1.33, final distance 3.9 times the starting distance)."
79,P22,verified,results/newstory/partB_same_distances.csv,progress [MD forward],0.7901113656148799,,"We then asked where those cells are. Each population's counts were summed and normalised, and each gene was standardised against its mean and spread across cultured dermal fibroblasts from 652 adult GTEx donors, which serve throughout as a fixed reference and define a panel of 23,485 expressed genes (Methods). Restricted to the 205 MD genes, and with the young donor's untreated day-0 cells as the target, the aged donor's day-0 cells start 14.6 units away. After partial reprogramming they are 31.7 away: 2.2 times farther than they began. They cover 79% of the line from the aged donor's cells to the young donor's (progress 0.790, 95% CI 0.780 to 0.811), which a projection-based readout would score as substantial rejuvenation, but they also move 2.16 times that line's length off to the side. Covering most of the line is therefore compatible with ending much farther away (Figure 1B). Complete reprogramming goes further in the same way (pluripotent cells: progress 1.33, final distance 3.9 times the starting distance)."
0.790,P22,verified,results/newstory/partB_same_distances.csv,progress [MD forward],0.7901113656148799,,"We then asked where those cells are. Each population's counts were summed and normalised, and each gene was standardised against its mean and spread across cultured dermal fibroblasts from 652 adult GTEx donors, which serve throughout as a fixed reference and define a panel of 23,485 expressed genes (Methods). Restricted to the 205 MD genes, and with the young donor's untreated day-0 cells as the target, the aged donor's day-0 cells start 14.6 units away. After partial reprogramming they are 31.7 away: 2.2 times farther than they began. They cover 79% of the line from the aged donor's cells to the young donor's (progress 0.790, 95% CI 0.780 to 0.811), which a projection-based readout would score as substantial rejuvenation, but they also move 2.16 times that line's length off to the side. Covering most of the line is therefore compatible with ending much farther away (Figure 1B). Complete reprogramming goes further in the same way (pluripotent cells: progress 1.33, final distance 3.9 times the starting distance)."
95,P22,no-source,,,,"the interval level stated in the text; results/ files store n_boot = 200 without the percentile, so the figure 95 itself has no stored source","We then asked where those cells are. Each population's counts were summed and normalised, and each gene was standardised against its mean and spread across cultured dermal fibroblasts from 652 adult GTEx donors, which serve throughout as a fixed reference and define a panel of 23,485 expressed genes (Methods). Restricted to the 205 MD genes, and with the young donor's untreated day-0 cells as the target, the aged donor's day-0 cells start 14.6 units away. After partial reprogramming they are 31.7 away: 2.2 times farther than they began. They cover 79% of the line from the aged donor's cells to the young donor's (progress 0.790, 95% CI 0.780 to 0.811), which a projection-based readout would score as substantial rejuvenation, but they also move 2.16 times that line's length off to the side. Covering most of the line is therefore compatible with ending much farther away (Figure 1B). Complete reprogramming goes further in the same way (pluripotent cells: progress 1.33, final distance 3.9 times the starting distance)."
0.780,P22,verified,results/genespace/same_stats.csv,progress_ci_lo [MD forward],0.7798009928245563,,"We then asked where those cells are. Each population's counts were summed and normalised, and each gene was standardised against its mean and spread across cultured dermal fibroblasts from 652 adult GTEx donors, which serve throughout as a fixed reference and define a panel of 23,485 expressed genes (Methods). Restricted to the 205 MD genes, and with the young donor's untreated day-0 cells as the target, the aged donor's day-0 cells start 14.6 units away. After partial reprogramming they are 31.7 away: 2.2 times farther than they began. They cover 79% of the line from the aged donor's cells to the young donor's (progress 0.790, 95% CI 0.780 to 0.811), which a projection-based readout would score as substantial rejuvenation, but they also move 2.16 times that line's length off to the side. Covering most of the line is therefore compatible with ending much farther away (Figure 1B). Complete reprogramming goes further in the same way (pluripotent cells: progress 1.33, final distance 3.9 times the starting distance)."
0.811,P22,verified,results/genespace/same_stats.csv,progress_ci_hi [MD forward],0.8106261018732633,,"We then asked where those cells are. Each population's counts were summed and normalised, and each gene was standardised against its mean and spread across cultured dermal fibroblasts from 652 adult GTEx donors, which serve throughout as a fixed reference and define a panel of 23,485 expressed genes (Methods). Restricted to the 205 MD genes, and with the young donor's untreated day-0 cells as the target, the aged donor's day-0 cells start 14.6 units away. After partial reprogramming they are 31.7 away: 2.2 times farther than they began. They cover 79% of the line from the aged donor's cells to the young donor's (progress 0.790, 95% CI 0.780 to 0.811), which a projection-based readout would score as substantial rejuvenation, but they also move 2.16 times that line's length off to the side. Covering most of the line is therefore compatible with ending much farther away (Figure 1B). Complete reprogramming goes further in the same way (pluripotent cells: progress 1.33, final distance 3.9 times the starting distance)."
2.16,P22,verified,results/newstory/partB_same_distances.csv,perp [MD forward],2.160429054951651,,"We then asked where those cells are. Each population's counts were summed and normalised, and each gene was standardised against its mean and spread across cultured dermal fibroblasts from 652 adult GTEx donors, which serve throughout as a fixed reference and define a panel of 23,485 expressed genes (Methods). Restricted to the 205 MD genes, and with the young donor's untreated day-0 cells as the target, the aged donor's day-0 cells start 14.6 units away. After partial reprogramming they are 31.7 away: 2.2 times farther than they began. They cover 79% of the line from the aged donor's cells to the young donor's (progress 0.790, 95% CI 0.780 to 0.811), which a projection-based readout would score as substantial rejuvenation, but they also move 2.16 times that line's length off to the side. Covering most of the line is therefore compatible with ending much farther away (Figure 1B). Complete reprogramming goes further in the same way (pluripotent cells: progress 1.33, final distance 3.9 times the starting distance)."
1,P22,not_a_claim,,,,a constant inside a stated formula or definition,"We then asked where those cells are. Each population's counts were summed and normalised, and each gene was standardised against its mean and spread across cultured dermal fibroblasts from 652 adult GTEx donors, which serve throughout as a fixed reference and define a panel of 23,485 expressed genes (Methods). Restricted to the 205 MD genes, and with the young donor's untreated day-0 cells as the target, the aged donor's day-0 cells start 14.6 units away. After partial reprogramming they are 31.7 away: 2.2 times farther than they began. They cover 79% of the line from the aged donor's cells to the young donor's (progress 0.790, 95% CI 0.780 to 0.811), which a projection-based readout would score as substantial rejuvenation, but they also move 2.16 times that line's length off to the side. Covering most of the line is therefore compatible with ending much farther away (Figure 1B). Complete reprogramming goes further in the same way (pluripotent cells: progress 1.33, final distance 3.9 times the starting distance)."
1.33,P22,verified,results/newstory/partB_same_distances.csv,progress [MD Pluri],1.3273477262262154,,"We then asked where those cells are. Each population's counts were summed and normalised, and each gene was standardised against its mean and spread across cultured dermal fibroblasts from 652 adult GTEx donors, which serve throughout as a fixed reference and define a panel of 23,485 expressed genes (Methods). Restricted to the 205 MD genes, and with the young donor's untreated day-0 cells as the target, the aged donor's day-0 cells start 14.6 units away. After partial reprogramming they are 31.7 away: 2.2 times farther than they began. They cover 79% of the line from the aged donor's cells to the young donor's (progress 0.790, 95% CI 0.780 to 0.811), which a projection-based readout would score as substantial rejuvenation, but they also move 2.16 times that line's length off to the side. Covering most of the line is therefore compatible with ending much farther away (Figure 1B). Complete reprogramming goes further in the same way (pluripotent cells: progress 1.33, final distance 3.9 times the starting distance)."
3.9,P22,verified,results/newstory/partB_same_distances.csv,final_over_start [MD Pluri],3.8968976785838114,,"We then asked where those cells are. Each population's counts were summed and normalised, and each gene was standardised against its mean and spread across cultured dermal fibroblasts from 652 adult GTEx donors, which serve throughout as a fixed reference and define a panel of 23,485 expressed genes (Methods). Restricted to the 205 MD genes, and with the young donor's untreated day-0 cells as the target, the aged donor's day-0 cells start 14.6 units away. After partial reprogramming they are 31.7 away: 2.2 times farther than they began. They cover 79% of the line from the aged donor's cells to the young donor's (progress 0.790, 95% CI 0.780 to 0.811), which a projection-based readout would score as substantial rejuvenation, but they also move 2.16 times that line's length off to the side. Covering most of the line is therefore compatible with ending much farther away (Figure 1B). Complete reprogramming goes further in the same way (pluripotent cells: progress 1.33, final distance 3.9 times the starting distance)."
0,P23,verified,results/newstory/partB_meta.json,mixes[0]/f,0.0,,"Two checks decide whether this is a real result or an insensitive measure. First, mixing known fractions of the young donor's day-0 cells into the aged donor's day-0 cells, a sample that genuinely moves toward young, gives steadily increasing progress (0.010, 0.096, 0.207 and 0.388 at 0%, 10%, 25% and 50%) and steadily decreasing distance to the young target (−0.007, −1.195, −2.676 and −5.143), with intervals that contain their point estimates. The measure sees a real approach of this size when one occurs. Second, with the roles of the donors reversed, the young donor's partially reprogrammed cells do not move toward the aged donor (progress −0.229, 95% CI −0.251 to −0.224) and end 2.7 times farther from it, so the forward result is not the two donors' cells becoming more alike."
0,P23,verified,results/newstory/partB_meta.json,mixes[0]/f,0.0,,"Two checks decide whether this is a real result or an insensitive measure. First, mixing known fractions of the young donor's day-0 cells into the aged donor's day-0 cells, a sample that genuinely moves toward young, gives steadily increasing progress (0.010, 0.096, 0.207 and 0.388 at 0%, 10%, 25% and 50%) and steadily decreasing distance to the young target (−0.007, −1.195, −2.676 and −5.143), with intervals that contain their point estimates. The measure sees a real approach of this size when one occurs. Second, with the roles of the donors reversed, the young donor's partially reprogrammed cells do not move toward the aged donor (progress −0.229, 95% CI −0.251 to −0.224) and end 2.7 times farther from it, so the forward result is not the two donors' cells becoming more alike."
0.010,P23,verified,results/newstory/partB_mixture.csv,progress [MD f=0.00],0.010364271848283138,,"Two checks decide whether this is a real result or an insensitive measure. First, mixing known fractions of the young donor's day-0 cells into the aged donor's day-0 cells, a sample that genuinely moves toward young, gives steadily increasing progress (0.010, 0.096, 0.207 and 0.388 at 0%, 10%, 25% and 50%) and steadily decreasing distance to the young target (−0.007, −1.195, −2.676 and −5.143), with intervals that contain their point estimates. The measure sees a real approach of this size when one occurs. Second, with the roles of the donors reversed, the young donor's partially reprogrammed cells do not move toward the aged donor (progress −0.229, 95% CI −0.251 to −0.224) and end 2.7 times farther from it, so the forward result is not the two donors' cells becoming more alike."
0.096,P23,verified,results/newstory/partB_mixture.csv,progress [MD f=0.10],0.09554746919636642,,"Two checks decide whether this is a real result or an insensitive measure. First, mixing known fractions of the young donor's day-0 cells into the aged donor's day-0 cells, a sample that genuinely moves toward young, gives steadily increasing progress (0.010, 0.096, 0.207 and 0.388 at 0%, 10%, 25% and 50%) and steadily decreasing distance to the young target (−0.007, −1.195, −2.676 and −5.143), with intervals that contain their point estimates. The measure sees a real approach of this size when one occurs. Second, with the roles of the donors reversed, the young donor's partially reprogrammed cells do not move toward the aged donor (progress −0.229, 95% CI −0.251 to −0.224) and end 2.7 times farther from it, so the forward result is not the two donors' cells becoming more alike."
0.207,P23,verified,results/newstory/partB_mixture.csv,progress [MD f=0.25],0.20744910784602918,,"Two checks decide whether this is a real result or an insensitive measure. First, mixing known fractions of the young donor's day-0 cells into the aged donor's day-0 cells, a sample that genuinely moves toward young, gives steadily increasing progress (0.010, 0.096, 0.207 and 0.388 at 0%, 10%, 25% and 50%) and steadily decreasing distance to the young target (−0.007, −1.195, −2.676 and −5.143), with intervals that contain their point estimates. The measure sees a real approach of this size when one occurs. Second, with the roles of the donors reversed, the young donor's partially reprogrammed cells do not move toward the aged donor (progress −0.229, 95% CI −0.251 to −0.224) and end 2.7 times farther from it, so the forward result is not the two donors' cells becoming more alike."
0.388,P23,verified,results/newstory/partB_mixture.csv,progress [MD f=0.50],0.38831794054922353,,"Two checks decide whether this is a real result or an insensitive measure. First, mixing known fractions of the young donor's day-0 cells into the aged donor's day-0 cells, a sample that genuinely moves toward young, gives steadily increasing progress (0.010, 0.096, 0.207 and 0.388 at 0%, 10%, 25% and 50%) and steadily decreasing distance to the young target (−0.007, −1.195, −2.676 and −5.143), with intervals that contain their point estimates. The measure sees a real approach of this size when one occurs. Second, with the roles of the donors reversed, the young donor's partially reprogrammed cells do not move toward the aged donor (progress −0.229, 95% CI −0.251 to −0.224) and end 2.7 times farther from it, so the forward result is not the two donors' cells becoming more alike."
0,P23,verified,results/newstory/partB_meta.json,mixes[0]/f,0.0,,"Two checks decide whether this is a real result or an insensitive measure. First, mixing known fractions of the young donor's day-0 cells into the aged donor's day-0 cells, a sample that genuinely moves toward young, gives steadily increasing progress (0.010, 0.096, 0.207 and 0.388 at 0%, 10%, 25% and 50%) and steadily decreasing distance to the young target (−0.007, −1.195, −2.676 and −5.143), with intervals that contain their point estimates. The measure sees a real approach of this size when one occurs. Second, with the roles of the donors reversed, the young donor's partially reprogrammed cells do not move toward the aged donor (progress −0.229, 95% CI −0.251 to −0.224) and end 2.7 times farther from it, so the forward result is not the two donors' cells becoming more alike."
10,P23,verified,results/newstory/partB_meta.json,mixes[1]/f,0.1,,"Two checks decide whether this is a real result or an insensitive measure. First, mixing known fractions of the young donor's day-0 cells into the aged donor's day-0 cells, a sample that genuinely moves toward young, gives steadily increasing progress (0.010, 0.096, 0.207 and 0.388 at 0%, 10%, 25% and 50%) and steadily decreasing distance to the young target (−0.007, −1.195, −2.676 and −5.143), with intervals that contain their point estimates. The measure sees a real approach of this size when one occurs. Second, with the roles of the donors reversed, the young donor's partially reprogrammed cells do not move toward the aged donor (progress −0.229, 95% CI −0.251 to −0.224) and end 2.7 times farther from it, so the forward result is not the two donors' cells becoming more alike."
25,P23,verified,results/newstory/partB_meta.json,mixes[2]/f,0.25,,"Two checks decide whether this is a real result or an insensitive measure. First, mixing known fractions of the young donor's day-0 cells into the aged donor's day-0 cells, a sample that genuinely moves toward young, gives steadily increasing progress (0.010, 0.096, 0.207 and 0.388 at 0%, 10%, 25% and 50%) and steadily decreasing distance to the young target (−0.007, −1.195, −2.676 and −5.143), with intervals that contain their point estimates. The measure sees a real approach of this size when one occurs. Second, with the roles of the donors reversed, the young donor's partially reprogrammed cells do not move toward the aged donor (progress −0.229, 95% CI −0.251 to −0.224) and end 2.7 times farther from it, so the forward result is not the two donors' cells becoming more alike."
50,P23,verified,results/newstory/partB_meta.json,mixes[3]/f,0.5,,"Two checks decide whether this is a real result or an insensitive measure. First, mixing known fractions of the young donor's day-0 cells into the aged donor's day-0 cells, a sample that genuinely moves toward young, gives steadily increasing progress (0.010, 0.096, 0.207 and 0.388 at 0%, 10%, 25% and 50%) and steadily decreasing distance to the young target (−0.007, −1.195, −2.676 and −5.143), with intervals that contain their point estimates. The measure sees a real approach of this size when one occurs. Second, with the roles of the donors reversed, the young donor's partially reprogrammed cells do not move toward the aged donor (progress −0.229, 95% CI −0.251 to −0.224) and end 2.7 times farther from it, so the forward result is not the two donors' cells becoming more alike."
−0.007,P23,verified,results/newstory/partB_mixture.csv,delta [MD f=0.00],-0.006861808050512508,,"Two checks decide whether this is a real result or an insensitive measure. First, mixing known fractions of the young donor's day-0 cells into the aged donor's day-0 cells, a sample that genuinely moves toward young, gives steadily increasing progress (0.010, 0.096, 0.207 and 0.388 at 0%, 10%, 25% and 50%) and steadily decreasing distance to the young target (−0.007, −1.195, −2.676 and −5.143), with intervals that contain their point estimates. The measure sees a real approach of this size when one occurs. Second, with the roles of the donors reversed, the young donor's partially reprogrammed cells do not move toward the aged donor (progress −0.229, 95% CI −0.251 to −0.224) and end 2.7 times farther from it, so the forward result is not the two donors' cells becoming more alike."
−1.195,P23,verified,results/newstory/partB_mixture.csv,delta [MD f=0.10],-1.1949618382181928,,"Two checks decide whether this is a real result or an insensitive measure. First, mixing known fractions of the young donor's day-0 cells into the aged donor's day-0 cells, a sample that genuinely moves toward young, gives steadily increasing progress (0.010, 0.096, 0.207 and 0.388 at 0%, 10%, 25% and 50%) and steadily decreasing distance to the young target (−0.007, −1.195, −2.676 and −5.143), with intervals that contain their point estimates. The measure sees a real approach of this size when one occurs. Second, with the roles of the donors reversed, the young donor's partially reprogrammed cells do not move toward the aged donor (progress −0.229, 95% CI −0.251 to −0.224) and end 2.7 times farther from it, so the forward result is not the two donors' cells becoming more alike."
−2.676,P23,verified,results/newstory/partB_mixture.csv,delta [MD f=0.25],-2.67617971082327,,"Two checks decide whether this is a real result or an insensitive measure. First, mixing known fractions of the young donor's day-0 cells into the aged donor's day-0 cells, a sample that genuinely moves toward young, gives steadily increasing progress (0.010, 0.096, 0.207 and 0.388 at 0%, 10%, 25% and 50%) and steadily decreasing distance to the young target (−0.007, −1.195, −2.676 and −5.143), with intervals that contain their point estimates. The measure sees a real approach of this size when one occurs. Second, with the roles of the donors reversed, the young donor's partially reprogrammed cells do not move toward the aged donor (progress −0.229, 95% CI −0.251 to −0.224) and end 2.7 times farther from it, so the forward result is not the two donors' cells becoming more alike."
−5.143,P23,verified,results/newstory/partB_mixture.csv,delta [MD f=0.50],-5.142994419554855,,"Two checks decide whether this is a real result or an insensitive measure. First, mixing known fractions of the young donor's day-0 cells into the aged donor's day-0 cells, a sample that genuinely moves toward young, gives steadily increasing progress (0.010, 0.096, 0.207 and 0.388 at 0%, 10%, 25% and 50%) and steadily decreasing distance to the young target (−0.007, −1.195, −2.676 and −5.143), with intervals that contain their point estimates. The measure sees a real approach of this size when one occurs. Second, with the roles of the donors reversed, the young donor's partially reprogrammed cells do not move toward the aged donor (progress −0.229, 95% CI −0.251 to −0.224) and end 2.7 times farther from it, so the forward result is not the two donors' cells becoming more alike."
−0.229,P23,verified,results/newstory/partB_same_distances.csv,progress [MD reverse],-0.22945373289586363,,"Two checks decide whether this is a real result or an insensitive measure. First, mixing known fractions of the young donor's day-0 cells into the aged donor's day-0 cells, a sample that genuinely moves toward young, gives steadily increasing progress (0.010, 0.096, 0.207 and 0.388 at 0%, 10%, 25% and 50%) and steadily decreasing distance to the young target (−0.007, −1.195, −2.676 and −5.143), with intervals that contain their point estimates. The measure sees a real approach of this size when one occurs. Second, with the roles of the donors reversed, the young donor's partially reprogrammed cells do not move toward the aged donor (progress −0.229, 95% CI −0.251 to −0.224) and end 2.7 times farther from it, so the forward result is not the two donors' cells becoming more alike."
95,P23,no-source,,,,"the interval level stated in the text; results/ files store n_boot = 200 without the percentile, so the figure 95 itself has no stored source","Two checks decide whether this is a real result or an insensitive measure. First, mixing known fractions of the young donor's day-0 cells into the aged donor's day-0 cells, a sample that genuinely moves toward young, gives steadily increasing progress (0.010, 0.096, 0.207 and 0.388 at 0%, 10%, 25% and 50%) and steadily decreasing distance to the young target (−0.007, −1.195, −2.676 and −5.143), with intervals that contain their point estimates. The measure sees a real approach of this size when one occurs. Second, with the roles of the donors reversed, the young donor's partially reprogrammed cells do not move toward the aged donor (progress −0.229, 95% CI −0.251 to −0.224) and end 2.7 times farther from it, so the forward result is not the two donors' cells becoming more alike."
−0.251,P23,verified,results/genespace/same_stats.csv,progress_ci_lo [MD reverse],-0.2510898072757622,,"Two checks decide whether this is a real result or an insensitive measure. First, mixing known fractions of the young donor's day-0 cells into the aged donor's day-0 cells, a sample that genuinely moves toward young, gives steadily increasing progress (0.010, 0.096, 0.207 and 0.388 at 0%, 10%, 25% and 50%) and steadily decreasing distance to the young target (−0.007, −1.195, −2.676 and −5.143), with intervals that contain their point estimates. The measure sees a real approach of this size when one occurs. Second, with the roles of the donors reversed, the young donor's partially reprogrammed cells do not move toward the aged donor (progress −0.229, 95% CI −0.251 to −0.224) and end 2.7 times farther from it, so the forward result is not the two donors' cells becoming more alike."
−0.224,P23,verified,results/genespace/same_stats.csv,progress_ci_hi [MD reverse],-0.22392714445153084,,"Two checks decide whether this is a real result or an insensitive measure. First, mixing known fractions of the young donor's day-0 cells into the aged donor's day-0 cells, a sample that genuinely moves toward young, gives steadily increasing progress (0.010, 0.096, 0.207 and 0.388 at 0%, 10%, 25% and 50%) and steadily decreasing distance to the young target (−0.007, −1.195, −2.676 and −5.143), with intervals that contain their point estimates. The measure sees a real approach of this size when one occurs. Second, with the roles of the donors reversed, the young donor's partially reprogrammed cells do not move toward the aged donor (progress −0.229, 95% CI −0.251 to −0.224) and end 2.7 times farther from it, so the forward result is not the two donors' cells becoming more alike."
2.7,P23,verified,results/newstory/partB_same_distances.csv,final_over_start [MD reverse],2.704477941280305,,"Two checks decide whether this is a real result or an insensitive measure. First, mixing known fractions of the young donor's day-0 cells into the aged donor's day-0 cells, a sample that genuinely moves toward young, gives steadily increasing progress (0.010, 0.096, 0.207 and 0.388 at 0%, 10%, 25% and 50%) and steadily decreasing distance to the young target (−0.007, −1.195, −2.676 and −5.143), with intervals that contain their point estimates. The measure sees a real approach of this size when one occurs. Second, with the roles of the donors reversed, the young donor's partially reprogrammed cells do not move toward the aged donor (progress −0.229, 95% CI −0.251 to −0.224) and end 2.7 times farther from it, so the forward result is not the two donors' cells becoming more alike."
0.53,P24,verified,results/genespace/readout_cos.csv,cos [MD r_MD same forward GM00731 PartialReprog],0.5339874027335022,,"The reason the score still falls is visible in the same genes. Approximating MD by the direction in which every MD gene decreases, the cells' displacement aligns with that direction at cosine 0.53, whereas the difference between the two donors' day-0 fibroblasts aligns with it at only 0.20. The score rewards a pattern that the donors' age difference resembles only weakly. MD genes are largely mesenchymal identity genes, so a falling MD score is in the first instance a statement about how fibroblast-like a cell remains, which is consistent with what Lu et al. describe."
0,P24,not_a_claim,results/md3/t1_occupancy_pooled.csv,column n_d0 [GM00731],timepoint label,sampling timepoint in the GSE297234 design,"The reason the score still falls is visible in the same genes. Approximating MD by the direction in which every MD gene decreases, the cells' displacement aligns with that direction at cosine 0.53, whereas the difference between the two donors' day-0 fibroblasts aligns with it at only 0.20. The score rewards a pattern that the donors' age difference resembles only weakly. MD genes are largely mesenchymal identity genes, so a falling MD score is in the first instance a statement about how fibroblast-like a cell remains, which is consistent with what Lu et al. describe."
0.20,P24,verified,results/genespace/readout_cos.csv,cos [MD r_MD same axis v = z(Y) - z(O)],0.2024998566506805,,"The reason the score still falls is visible in the same genes. Approximating MD by the direction in which every MD gene decreases, the cells' displacement aligns with that direction at cosine 0.53, whereas the difference between the two donors' day-0 fibroblasts aligns with it at only 0.20. The score rewards a pattern that the donors' age difference resembles only weakly. MD genes are largely mesenchymal identity genes, so a falling MD score is in the first instance a statement about how fibroblast-like a cell remains, which is consistent with what Lu et al. describe."
1,P27,not_a_claim,,,,a constant inside a stated formula or definition,"Figure 1. A published aging score falls while the cells move away from young cells. (A) MD score in the aged donor's cells by state, mean and 95% bootstrap interval over cells, with both donors scored against the same control genes. The dashed line is the 22-year-old donor's day-0 fibroblasts: the same score applied to cells that really are young. (B) The same cells in the 205 MD genes, drawn in the plane spanned by the line from the aged donor's day-0 cells (square, at 0) to the young donor's day-0 cells (star, at 1) and the direction perpendicular to it, in units of that line's length. Points inside the dashed circle are closer to the young target than the starting point was. Grey points are young-cell mixtures (0 to 50% young cells; open, 0%); the reverse test is drawn in its own frame with the donors swapped. Donors are never pooled."
95,P27,no-source,,,,"the interval level stated in the text; results/ files store n_boot = 200 without the percentile, so the figure 95 itself has no stored source","Figure 1. A published aging score falls while the cells move away from young cells. (A) MD score in the aged donor's cells by state, mean and 95% bootstrap interval over cells, with both donors scored against the same control genes. The dashed line is the 22-year-old donor's day-0 fibroblasts: the same score applied to cells that really are young. (B) The same cells in the 205 MD genes, drawn in the plane spanned by the line from the aged donor's day-0 cells (square, at 0) to the young donor's day-0 cells (star, at 1) and the direction perpendicular to it, in units of that line's length. Points inside the dashed circle are closer to the young target than the starting point was. Grey points are young-cell mixtures (0 to 50% young cells; open, 0%); the reverse test is drawn in its own frame with the donors swapped. Donors are never pooled."
22,P27,no-source,,,,donor age from the GSE297234 sample metadata; not stored under results/,"Figure 1. A published aging score falls while the cells move away from young cells. (A) MD score in the aged donor's cells by state, mean and 95% bootstrap interval over cells, with both donors scored against the same control genes. The dashed line is the 22-year-old donor's day-0 fibroblasts: the same score applied to cells that really are young. (B) The same cells in the 205 MD genes, drawn in the plane spanned by the line from the aged donor's day-0 cells (square, at 0) to the young donor's day-0 cells (star, at 1) and the direction perpendicular to it, in units of that line's length. Points inside the dashed circle are closer to the young target than the starting point was. Grey points are young-cell mixtures (0 to 50% young cells; open, 0%); the reverse test is drawn in its own frame with the donors swapped. Donors are never pooled."
0,P27,verified,results/newstory/partB_meta.json,mixes[0]/f,0.0,,"Figure 1. A published aging score falls while the cells move away from young cells. (A) MD score in the aged donor's cells by state, mean and 95% bootstrap interval over cells, with both donors scored against the same control genes. The dashed line is the 22-year-old donor's day-0 fibroblasts: the same score applied to cells that really are young. (B) The same cells in the 205 MD genes, drawn in the plane spanned by the line from the aged donor's day-0 cells (square, at 0) to the young donor's day-0 cells (star, at 1) and the direction perpendicular to it, in units of that line's length. Points inside the dashed circle are closer to the young target than the starting point was. Grey points are young-cell mixtures (0 to 50% young cells; open, 0%); the reverse test is drawn in its own frame with the donors swapped. Donors are never pooled."
205,P27,verified,results/newstory/partA_meta.json,md_genes,205,,"Figure 1. A published aging score falls while the cells move away from young cells. (A) MD score in the aged donor's cells by state, mean and 95% bootstrap interval over cells, with both donors scored against the same control genes. The dashed line is the 22-year-old donor's day-0 fibroblasts: the same score applied to cells that really are young. (B) The same cells in the 205 MD genes, drawn in the plane spanned by the line from the aged donor's day-0 cells (square, at 0) to the young donor's day-0 cells (star, at 1) and the direction perpendicular to it, in units of that line's length. Points inside the dashed circle are closer to the young target than the starting point was. Grey points are young-cell mixtures (0 to 50% young cells; open, 0%); the reverse test is drawn in its own frame with the donors swapped. Donors are never pooled."
0,P27,verified,results/newstory/partB_meta.json,mixes[0]/f,0.0,,"Figure 1. A published aging score falls while the cells move away from young cells. (A) MD score in the aged donor's cells by state, mean and 95% bootstrap interval over cells, with both donors scored against the same control genes. The dashed line is the 22-year-old donor's day-0 fibroblasts: the same score applied to cells that really are young. (B) The same cells in the 205 MD genes, drawn in the plane spanned by the line from the aged donor's day-0 cells (square, at 0) to the young donor's day-0 cells (star, at 1) and the direction perpendicular to it, in units of that line's length. Points inside the dashed circle are closer to the young target than the starting point was. Grey points are young-cell mixtures (0 to 50% young cells; open, 0%); the reverse test is drawn in its own frame with the donors swapped. Donors are never pooled."
0,P27,verified,results/newstory/partB_meta.json,mixes[0]/f,0.0,,"Figure 1. A published aging score falls while the cells move away from young cells. (A) MD score in the aged donor's cells by state, mean and 95% bootstrap interval over cells, with both donors scored against the same control genes. The dashed line is the 22-year-old donor's day-0 fibroblasts: the same score applied to cells that really are young. (B) The same cells in the 205 MD genes, drawn in the plane spanned by the line from the aged donor's day-0 cells (square, at 0) to the young donor's day-0 cells (star, at 1) and the direction perpendicular to it, in units of that line's length. Points inside the dashed circle are closer to the young target than the starting point was. Grey points are young-cell mixtures (0 to 50% young cells; open, 0%); the reverse test is drawn in its own frame with the donors swapped. Donors are never pooled."
0,P27,verified,results/newstory/partB_meta.json,mixes[0]/f,0.0,,"Figure 1. A published aging score falls while the cells move away from young cells. (A) MD score in the aged donor's cells by state, mean and 95% bootstrap interval over cells, with both donors scored against the same control genes. The dashed line is the 22-year-old donor's day-0 fibroblasts: the same score applied to cells that really are young. (B) The same cells in the 205 MD genes, drawn in the plane spanned by the line from the aged donor's day-0 cells (square, at 0) to the young donor's day-0 cells (star, at 1) and the direction perpendicular to it, in units of that line's length. Points inside the dashed circle are closer to the young target than the starting point was. Grey points are young-cell mixtures (0 to 50% young cells; open, 0%); the reverse test is drawn in its own frame with the donors swapped. Donors are never pooled."
1,P27,not_a_claim,,,,a constant inside a stated formula or definition,"Figure 1. A published aging score falls while the cells move away from young cells. (A) MD score in the aged donor's cells by state, mean and 95% bootstrap interval over cells, with both donors scored against the same control genes. The dashed line is the 22-year-old donor's day-0 fibroblasts: the same score applied to cells that really are young. (B) The same cells in the 205 MD genes, drawn in the plane spanned by the line from the aged donor's day-0 cells (square, at 0) to the young donor's day-0 cells (star, at 1) and the direction perpendicular to it, in units of that line's length. Points inside the dashed circle are closer to the young target than the starting point was. Grey points are young-cell mixtures (0 to 50% young cells; open, 0%); the reverse test is drawn in its own frame with the donors swapped. Donors are never pooled."
0,P27,verified,results/newstory/partB_meta.json,mixes[0]/f,0.0,,"Figure 1. A published aging score falls while the cells move away from young cells. (A) MD score in the aged donor's cells by state, mean and 95% bootstrap interval over cells, with both donors scored against the same control genes. The dashed line is the 22-year-old donor's day-0 fibroblasts: the same score applied to cells that really are young. (B) The same cells in the 205 MD genes, drawn in the plane spanned by the line from the aged donor's day-0 cells (square, at 0) to the young donor's day-0 cells (star, at 1) and the direction perpendicular to it, in units of that line's length. Points inside the dashed circle are closer to the young target than the starting point was. Grey points are young-cell mixtures (0 to 50% young cells; open, 0%); the reverse test is drawn in its own frame with the donors swapped. Donors are never pooled."
50,P27,verified,results/newstory/partB_meta.json,mixes[3]/f,0.5,,"Figure 1. A published aging score falls while the cells move away from young cells. (A) MD score in the aged donor's cells by state, mean and 95% bootstrap interval over cells, with both donors scored against the same control genes. The dashed line is the 22-year-old donor's day-0 fibroblasts: the same score applied to cells that really are young. (B) The same cells in the 205 MD genes, drawn in the plane spanned by the line from the aged donor's day-0 cells (square, at 0) to the young donor's day-0 cells (star, at 1) and the direction perpendicular to it, in units of that line's length. Points inside the dashed circle are closer to the young target than the starting point was. Grey points are young-cell mixtures (0 to 50% young cells; open, 0%); the reverse test is drawn in its own frame with the donors swapped. Donors are never pooled."
0,P27,verified,results/newstory/partB_meta.json,mixes[0]/f,0.0,,"Figure 1. A published aging score falls while the cells move away from young cells. (A) MD score in the aged donor's cells by state, mean and 95% bootstrap interval over cells, with both donors scored against the same control genes. The dashed line is the 22-year-old donor's day-0 fibroblasts: the same score applied to cells that really are young. (B) The same cells in the 205 MD genes, drawn in the plane spanned by the line from the aged donor's day-0 cells (square, at 0) to the young donor's day-0 cells (star, at 1) and the direction perpendicular to it, in units of that line's length. Points inside the dashed circle are closer to the young target than the starting point was. Grey points are young-cell mixtures (0 to 50% young cells; open, 0%); the reverse test is drawn in its own frame with the donors swapped. Donors are never pooled."
1,P30,not_a_claim,,,,"cross-reference to a figure, table or note","One reading of Figure 1 is that MD is simply the wrong list of genes, and that a list chosen for age rather than for mesenchymal identity would behave differently. We repeated the test in other gene spaces, rebuilding the target, the mixtures and the reverse test inside each one: the age-up and age-down lists that Lu et al. report alongside MD, derived from Fleischer et al. (3,089 of their 3,538 genes are in the reference panel); all 23,485 genes of the panel; and, to ask whether any list at all would show an approach, 200 random gene sets of 205 genes and 200 of 3,089 genes, each matched to the real sets on expression level and on whether the genes are detected in these cells."
"3,089",P30,verified,results/newstory/partB_meta.json,spaces/AGE,3089,,"One reading of Figure 1 is that MD is simply the wrong list of genes, and that a list chosen for age rather than for mesenchymal identity would behave differently. We repeated the test in other gene spaces, rebuilding the target, the mixtures and the reverse test inside each one: the age-up and age-down lists that Lu et al. report alongside MD, derived from Fleischer et al. (3,089 of their 3,538 genes are in the reference panel); all 23,485 genes of the panel; and, to ask whether any list at all would show an approach, 200 random gene sets of 205 genes and 200 of 3,089 genes, each matched to the real sets on expression level and on whether the genes are detected in these cells."
"3,538",P30,no-source,,,,"size of the published Fleischer et al. age list before mapping; the repository stores the mapped counts, not the source-list total","One reading of Figure 1 is that MD is simply the wrong list of genes, and that a list chosen for age rather than for mesenchymal identity would behave differently. We repeated the test in other gene spaces, rebuilding the target, the mixtures and the reverse test inside each one: the age-up and age-down lists that Lu et al. report alongside MD, derived from Fleischer et al. (3,089 of their 3,538 genes are in the reference panel); all 23,485 genes of the panel; and, to ask whether any list at all would show an approach, 200 random gene sets of 205 genes and 200 of 3,089 genes, each matched to the real sets on expression level and on whether the genes are detected in these cells."
"23,485",P30,verified,results/newstory/partB_meta.json,spaces/FULL,23485,,"One reading of Figure 1 is that MD is simply the wrong list of genes, and that a list chosen for age rather than for mesenchymal identity would behave differently. We repeated the test in other gene spaces, rebuilding the target, the mixtures and the reverse test inside each one: the age-up and age-down lists that Lu et al. report alongside MD, derived from Fleischer et al. (3,089 of their 3,538 genes are in the reference panel); all 23,485 genes of the panel; and, to ask whether any list at all would show an approach, 200 random gene sets of 205 genes and 200 of 3,089 genes, each matched to the real sets on expression level and on whether the genes are detected in these cells."
200,P30,verified,results/newstory/partB_random_sets_counts.csv,n_sets [MD] and n_sets [AGE],200,,"One reading of Figure 1 is that MD is simply the wrong list of genes, and that a list chosen for age rather than for mesenchymal identity would behave differently. We repeated the test in other gene spaces, rebuilding the target, the mixtures and the reverse test inside each one: the age-up and age-down lists that Lu et al. report alongside MD, derived from Fleischer et al. (3,089 of their 3,538 genes are in the reference panel); all 23,485 genes of the panel; and, to ask whether any list at all would show an approach, 200 random gene sets of 205 genes and 200 of 3,089 genes, each matched to the real sets on expression level and on whether the genes are detected in these cells."
205,P30,verified,results/newstory/partA_meta.json,md_genes,205,,"One reading of Figure 1 is that MD is simply the wrong list of genes, and that a list chosen for age rather than for mesenchymal identity would behave differently. We repeated the test in other gene spaces, rebuilding the target, the mixtures and the reverse test inside each one: the age-up and age-down lists that Lu et al. report alongside MD, derived from Fleischer et al. (3,089 of their 3,538 genes are in the reference panel); all 23,485 genes of the panel; and, to ask whether any list at all would show an approach, 200 random gene sets of 205 genes and 200 of 3,089 genes, each matched to the real sets on expression level and on whether the genes are detected in these cells."
200,P30,verified,results/newstory/partB_random_sets_counts.csv,n_sets [MD] and n_sets [AGE],200,,"One reading of Figure 1 is that MD is simply the wrong list of genes, and that a list chosen for age rather than for mesenchymal identity would behave differently. We repeated the test in other gene spaces, rebuilding the target, the mixtures and the reverse test inside each one: the age-up and age-down lists that Lu et al. report alongside MD, derived from Fleischer et al. (3,089 of their 3,538 genes are in the reference panel); all 23,485 genes of the panel; and, to ask whether any list at all would show an approach, 200 random gene sets of 205 genes and 200 of 3,089 genes, each matched to the real sets on expression level and on whether the genes are detected in these cells."
"3,089",P30,verified,results/newstory/partB_meta.json,spaces/AGE,3089,,"One reading of Figure 1 is that MD is simply the wrong list of genes, and that a list chosen for age rather than for mesenchymal identity would behave differently. We repeated the test in other gene spaces, rebuilding the target, the mixtures and the reverse test inside each one: the age-up and age-down lists that Lu et al. report alongside MD, derived from Fleischer et al. (3,089 of their 3,538 genes are in the reference panel); all 23,485 genes of the panel; and, to ask whether any list at all would show an approach, 200 random gene sets of 205 genes and 200 of 3,089 genes, each matched to the real sets on expression level and on whether the genes are detected in these cells."
2,P31,not_a_claim,,,,"cross-reference to a figure, table or note","The answer is the same everywhere (Figure 2). In the age genes the partially reprogrammed cells cover 82% of the line toward the young donor and end 1.9 times farther from the young target than they started; in all genes, 67% and 2.0 times. Of the 400 random gene sets, none ends closer to the young target, in either direction of the test; the closest any comes is 1.81 times its starting distance. Yet all 400 register the 50% young-cell mixture as moving closer. Every gene set can see a real approach, and in none of them do the reprogrammed cells make one. Moving sideways is not a property of the MD gene list, nor of any list we could draw at these sizes: it is where these cells go."
82,P31,verified,results/newstory/partB_same_distances.csv,progress [AGE forward],0.8220892242835468,,"The answer is the same everywhere (Figure 2). In the age genes the partially reprogrammed cells cover 82% of the line toward the young donor and end 1.9 times farther from the young target than they started; in all genes, 67% and 2.0 times. Of the 400 random gene sets, none ends closer to the young target, in either direction of the test; the closest any comes is 1.81 times its starting distance. Yet all 400 register the 50% young-cell mixture as moving closer. Every gene set can see a real approach, and in none of them do the reprogrammed cells make one. Moving sideways is not a property of the MD gene list, nor of any list we could draw at these sizes: it is where these cells go."
1.9,P31,verified,results/newstory/partB_same_distances.csv,final_over_start [AGE forward],1.9227675469214034,,"The answer is the same everywhere (Figure 2). In the age genes the partially reprogrammed cells cover 82% of the line toward the young donor and end 1.9 times farther from the young target than they started; in all genes, 67% and 2.0 times. Of the 400 random gene sets, none ends closer to the young target, in either direction of the test; the closest any comes is 1.81 times its starting distance. Yet all 400 register the 50% young-cell mixture as moving closer. Every gene set can see a real approach, and in none of them do the reprogrammed cells make one. Moving sideways is not a property of the MD gene list, nor of any list we could draw at these sizes: it is where these cells go."
67,P31,verified,results/newstory/partB_same_distances.csv,progress [FULL forward],0.674440748216413,,"The answer is the same everywhere (Figure 2). In the age genes the partially reprogrammed cells cover 82% of the line toward the young donor and end 1.9 times farther from the young target than they started; in all genes, 67% and 2.0 times. Of the 400 random gene sets, none ends closer to the young target, in either direction of the test; the closest any comes is 1.81 times its starting distance. Yet all 400 register the 50% young-cell mixture as moving closer. Every gene set can see a real approach, and in none of them do the reprogrammed cells make one. Moving sideways is not a property of the MD gene list, nor of any list we could draw at these sizes: it is where these cells go."
2.0,P31,verified,results/newstory/partB_same_distances.csv,final_over_start [FULL forward],2.001569594596789,,"The answer is the same everywhere (Figure 2). In the age genes the partially reprogrammed cells cover 82% of the line toward the young donor and end 1.9 times farther from the young target than they started; in all genes, 67% and 2.0 times. Of the 400 random gene sets, none ends closer to the young target, in either direction of the test; the closest any comes is 1.81 times its starting distance. Yet all 400 register the 50% young-cell mixture as moving closer. Every gene set can see a real approach, and in none of them do the reprogrammed cells make one. Moving sideways is not a property of the MD gene list, nor of any list we could draw at these sizes: it is where these cells go."
400,P31,verified,results/newstory/partB_random_sets_counts.csv,"n_sets, 200 at MD size plus 200 at AGE size",200 + 200,,"The answer is the same everywhere (Figure 2). In the age genes the partially reprogrammed cells cover 82% of the line toward the young donor and end 1.9 times farther from the young target than they started; in all genes, 67% and 2.0 times. Of the 400 random gene sets, none ends closer to the young target, in either direction of the test; the closest any comes is 1.81 times its starting distance. Yet all 400 register the 50% young-cell mixture as moving closer. Every gene set can see a real approach, and in none of them do the reprogrammed cells make one. Moving sideways is not a property of the MD gene list, nor of any list we could draw at these sizes: it is where these cells go."
1.81,P31,verified,results/newstory/partB_random_sets_counts.csv,fwd_min_final_over_start [MD],1.8141918397334453,,"The answer is the same everywhere (Figure 2). In the age genes the partially reprogrammed cells cover 82% of the line toward the young donor and end 1.9 times farther from the young target than they started; in all genes, 67% and 2.0 times. Of the 400 random gene sets, none ends closer to the young target, in either direction of the test; the closest any comes is 1.81 times its starting distance. Yet all 400 register the 50% young-cell mixture as moving closer. Every gene set can see a real approach, and in none of them do the reprogrammed cells make one. Moving sideways is not a property of the MD gene list, nor of any list we could draw at these sizes: it is where these cells go."
400,P31,verified,results/newstory/partB_random_sets_counts.csv,"n_sets, 200 at MD size plus 200 at AGE size",200 + 200,,"The answer is the same everywhere (Figure 2). In the age genes the partially reprogrammed cells cover 82% of the line toward the young donor and end 1.9 times farther from the young target than they started; in all genes, 67% and 2.0 times. Of the 400 random gene sets, none ends closer to the young target, in either direction of the test; the closest any comes is 1.81 times its starting distance. Yet all 400 register the 50% young-cell mixture as moving closer. Every gene set can see a real approach, and in none of them do the reprogrammed cells make one. Moving sideways is not a property of the MD gene list, nor of any list we could draw at these sizes: it is where these cells go."
50,P31,verified,results/newstory/partB_meta.json,mixes[3]/f,0.5,,"The answer is the same everywhere (Figure 2). In the age genes the partially reprogrammed cells cover 82% of the line toward the young donor and end 1.9 times farther from the young target than they started; in all genes, 67% and 2.0 times. Of the 400 random gene sets, none ends closer to the young target, in either direction of the test; the closest any comes is 1.81 times its starting distance. Yet all 400 register the 50% young-cell mixture as moving closer. Every gene set can see a real approach, and in none of them do the reprogrammed cells make one. Moving sideways is not a property of the MD gene list, nor of any list we could draw at these sizes: it is where these cells go."
0.822,P32,verified,results/newstory/partB_same_distances.csv,progress [AGE forward],0.8220892242835468,,"The age lists are not arbitrary, which strengthens the point rather than weakening it. Their progress along the line toward the young donor, 0.822, is higher than that of all 200 random sets of the same size, so these genes do capture more of the difference between the two donors than random genes do, and the cells still end farther away."
200,P32,verified,results/newstory/partB_random_sets_counts.csv,n_sets [MD] and n_sets [AGE],200,,"The age lists are not arbitrary, which strengthens the point rather than weakening it. Their progress along the line toward the young donor, 0.822, is higher than that of all 200 random sets of the same size, so these genes do capture more of the difference between the two donors than random genes do, and the cells still end farther away."
20,P33,verified,results/toward/anchors.json,bin_n key '20-29',20-29,,"Nor does the result depend on the other choices the test makes. The young target is a single donor, so we also defined young as the GTEx reference donors aged 20 to 39 and old as those aged 60 to 79. In all genes and in the MD genes, the partially reprogrammed cells end farther from the young group and farther still from the old one: they recede from both. In the age genes they end slightly closer to both, more so to the old group, which is movement toward fibroblasts in general rather than toward young ones (Supplementary Table S1, Supplementary Figure S1). This comparison crosses the gap between single-cell and bulk sequencing, so it shows departure clearly but could not show a small approach (Supplementary Note 1). Relabelling the cells, by clustering both donors together as Lu et al. did or by using their published per-cell labels, left every conclusion unchanged (Methods)."
39,P33,verified,results/toward/anchors.json,bin_n key '30-39',30-39,,"Nor does the result depend on the other choices the test makes. The young target is a single donor, so we also defined young as the GTEx reference donors aged 20 to 39 and old as those aged 60 to 79. In all genes and in the MD genes, the partially reprogrammed cells end farther from the young group and farther still from the old one: they recede from both. In the age genes they end slightly closer to both, more so to the old group, which is movement toward fibroblasts in general rather than toward young ones (Supplementary Table S1, Supplementary Figure S1). This comparison crosses the gap between single-cell and bulk sequencing, so it shows departure clearly but could not show a small approach (Supplementary Note 1). Relabelling the cells, by clustering both donors together as Lu et al. did or by using their published per-cell labels, left every conclusion unchanged (Methods)."
60,P33,verified,results/toward/anchors.json,bin_n key '60-69',60-69,,"Nor does the result depend on the other choices the test makes. The young target is a single donor, so we also defined young as the GTEx reference donors aged 20 to 39 and old as those aged 60 to 79. In all genes and in the MD genes, the partially reprogrammed cells end farther from the young group and farther still from the old one: they recede from both. In the age genes they end slightly closer to both, more so to the old group, which is movement toward fibroblasts in general rather than toward young ones (Supplementary Table S1, Supplementary Figure S1). This comparison crosses the gap between single-cell and bulk sequencing, so it shows departure clearly but could not show a small approach (Supplementary Note 1). Relabelling the cells, by clustering both donors together as Lu et al. did or by using their published per-cell labels, left every conclusion unchanged (Methods)."
79,P33,verified,results/toward/anchors.json,bin_n key '70-79',70-79,,"Nor does the result depend on the other choices the test makes. The young target is a single donor, so we also defined young as the GTEx reference donors aged 20 to 39 and old as those aged 60 to 79. In all genes and in the MD genes, the partially reprogrammed cells end farther from the young group and farther still from the old one: they recede from both. In the age genes they end slightly closer to both, more so to the old group, which is movement toward fibroblasts in general rather than toward young ones (Supplementary Table S1, Supplementary Figure S1). This comparison crosses the gap between single-cell and bulk sequencing, so it shows departure clearly but could not show a small approach (Supplementary Note 1). Relabelling the cells, by clustering both donors together as Lu et al. did or by using their published per-cell labels, left every conclusion unchanged (Methods)."
1,P33,not_a_claim,,,,"cross-reference to a figure, table or note","Nor does the result depend on the other choices the test makes. The young target is a single donor, so we also defined young as the GTEx reference donors aged 20 to 39 and old as those aged 60 to 79. In all genes and in the MD genes, the partially reprogrammed cells end farther from the young group and farther still from the old one: they recede from both. In the age genes they end slightly closer to both, more so to the old group, which is movement toward fibroblasts in general rather than toward young ones (Supplementary Table S1, Supplementary Figure S1). This comparison crosses the gap between single-cell and bulk sequencing, so it shows departure clearly but could not show a small approach (Supplementary Note 1). Relabelling the cells, by clustering both donors together as Lu et al. did or by using their published per-cell labels, left every conclusion unchanged (Methods)."
2,P36,not_a_claim,,,,"cross-reference to a figure, table or note","Figure 2. The result does not depend on which genes are read. (A) The test drawn as in Figure 1B for the MD genes (205), the published age-up and age-down genes (3,089) and all genes of the reference panel (23,485), with 200 random gene sets of each of the two smaller sizes matched on expression level and detection. Points inside the dashed circle are closer to the young target than the starting point was. (B) The reverse test, with the donors swapped. (C) Young-cell mixtures in the three gene spaces: change in distance to the young target divided by the starting distance, against the fraction of young cells mixed in; open symbols are the zero-mixture noise floor. No gene set ends inside the circle in A or B, and every gene set registers the mixtures as moving closer in C."
1,P36,not_a_claim,,,,"cross-reference to a figure, table or note","Figure 2. The result does not depend on which genes are read. (A) The test drawn as in Figure 1B for the MD genes (205), the published age-up and age-down genes (3,089) and all genes of the reference panel (23,485), with 200 random gene sets of each of the two smaller sizes matched on expression level and detection. Points inside the dashed circle are closer to the young target than the starting point was. (B) The reverse test, with the donors swapped. (C) Young-cell mixtures in the three gene spaces: change in distance to the young target divided by the starting distance, against the fraction of young cells mixed in; open symbols are the zero-mixture noise floor. No gene set ends inside the circle in A or B, and every gene set registers the mixtures as moving closer in C."
205,P36,verified,results/newstory/partA_meta.json,md_genes,205,,"Figure 2. The result does not depend on which genes are read. (A) The test drawn as in Figure 1B for the MD genes (205), the published age-up and age-down genes (3,089) and all genes of the reference panel (23,485), with 200 random gene sets of each of the two smaller sizes matched on expression level and detection. Points inside the dashed circle are closer to the young target than the starting point was. (B) The reverse test, with the donors swapped. (C) Young-cell mixtures in the three gene spaces: change in distance to the young target divided by the starting distance, against the fraction of young cells mixed in; open symbols are the zero-mixture noise floor. No gene set ends inside the circle in A or B, and every gene set registers the mixtures as moving closer in C."
"3,089",P36,verified,results/newstory/partB_meta.json,spaces/AGE,3089,,"Figure 2. The result does not depend on which genes are read. (A) The test drawn as in Figure 1B for the MD genes (205), the published age-up and age-down genes (3,089) and all genes of the reference panel (23,485), with 200 random gene sets of each of the two smaller sizes matched on expression level and detection. Points inside the dashed circle are closer to the young target than the starting point was. (B) The reverse test, with the donors swapped. (C) Young-cell mixtures in the three gene spaces: change in distance to the young target divided by the starting distance, against the fraction of young cells mixed in; open symbols are the zero-mixture noise floor. No gene set ends inside the circle in A or B, and every gene set registers the mixtures as moving closer in C."
"23,485",P36,verified,results/newstory/partB_meta.json,spaces/FULL,23485,,"Figure 2. The result does not depend on which genes are read. (A) The test drawn as in Figure 1B for the MD genes (205), the published age-up and age-down genes (3,089) and all genes of the reference panel (23,485), with 200 random gene sets of each of the two smaller sizes matched on expression level and detection. Points inside the dashed circle are closer to the young target than the starting point was. (B) The reverse test, with the donors swapped. (C) Young-cell mixtures in the three gene spaces: change in distance to the young target divided by the starting distance, against the fraction of young cells mixed in; open symbols are the zero-mixture noise floor. No gene set ends inside the circle in A or B, and every gene set registers the mixtures as moving closer in C."
200,P36,verified,results/newstory/partB_random_sets_counts.csv,n_sets [MD] and n_sets [AGE],200,,"Figure 2. The result does not depend on which genes are read. (A) The test drawn as in Figure 1B for the MD genes (205), the published age-up and age-down genes (3,089) and all genes of the reference panel (23,485), with 200 random gene sets of each of the two smaller sizes matched on expression level and detection. Points inside the dashed circle are closer to the young target than the starting point was. (B) The reverse test, with the donors swapped. (C) Young-cell mixtures in the three gene spaces: change in distance to the young target divided by the starting distance, against the fraction of young cells mixed in; open symbols are the zero-mixture noise floor. No gene set ends inside the circle in A or B, and every gene set registers the mixtures as moving closer in C."
"23,485",P39,verified,results/newstory/partB_meta.json,spaces/FULL,23485,,"One objection remains: MD may simply be a poor measure of age, and a score that genuinely tracked donor age might not be misled. To test this we built an age score from public data. We trained a ridge-regression ruler on donor chronological age from all 23,485 genes of the reference panel, in the same 652 GTEx fibroblast donors, and froze its weights, training mean and standard deviation before any evaluation. The frozen ruler was then applied unchanged to held-out donors and to two external cohorts that differ in laboratory, protocol and sequencing platform (Table 1, Figure 3)."
652,P39,verified,results/genespace/summary.json,anchors/n_donors,652,,"One objection remains: MD may simply be a poor measure of age, and a score that genuinely tracked donor age might not be misled. To test this we built an age score from public data. We trained a ridge-regression ruler on donor chronological age from all 23,485 genes of the reference panel, in the same 652 GTEx fibroblast donors, and froze its weights, training mean and standard deviation before any evaluation. The frozen ruler was then applied unchanged to held-out donors and to two external cohorts that differ in laboratory, protocol and sequencing platform (Table 1, Figure 3)."
1,P39,not_a_claim,,,,"cross-reference to a figure, table or note","One objection remains: MD may simply be a poor measure of age, and a score that genuinely tracked donor age might not be misled. To test this we built an age score from public data. We trained a ridge-regression ruler on donor chronological age from all 23,485 genes of the reference panel, in the same 652 GTEx fibroblast donors, and froze its weights, training mean and standard deviation before any evaluation. The frozen ruler was then applied unchanged to held-out donors and to two external cohorts that differ in laboratory, protocol and sequencing platform (Table 1, Figure 3)."
3,P39,not_a_claim,results/md3/t1_occupancy_pooled.csv,column n_d3 [GM00731],timepoint label,sampling timepoint in the GSE297234 design,"One objection remains: MD may simply be a poor measure of age, and a score that genuinely tracked donor age might not be misled. To test this we built an age score from public data. We trained a ridge-regression ruler on donor chronological age from all 23,485 genes of the reference panel, in the same 652 GTEx fibroblast donors, and froze its weights, training mean and standard deviation before any evaluation. The frozen ruler was then applied unchanged to held-out donors and to two external cohorts that differ in laboratory, protocol and sequencing platform (Table 1, Figure 3)."
1,P41,not_a_claim,,,,"cross-reference to a figure, table or note","Table 1. Transfer of the frozen fibroblast ruler to held-out donors. ρ is Spearman correlation between the ruler score and donor age. The ruler orders donors; it is not a calibrated age in years. External cohorts are scored with the frozen unit-length projection (the direction of the fitted weights only: no added constant and no conversion into years). GTEx ages are public only as decade bins, so the GTEx rows correlate against bin midpoints. The dermal fibroblast atlas is scored with one value per person (65 donors)."
65,P41,verified,results/paper_figs/cxg_true_donor_results.csv,n_units [true_donor],65,,"Table 1. Transfer of the frozen fibroblast ruler to held-out donors. ρ is Spearman correlation between the ruler score and donor age. The ruler orders donors; it is not a calibrated age in years. External cohorts are scored with the frozen unit-length projection (the direction of the fitted weights only: no added constant and no conversion into years). GTEx ages are public only as decade bins, so the GTEx rows correlate against bin midpoints. The dermal fibroblast atlas is scored with one value per person (65 donors)."
421,T1R2,verified,results/fibro/stage1_transfer.csv,n_train [B1->C1 raw ridge],421,,"GTEx fibroblasts, site B1 | GTEx site C1 | 421 → 224 | +0.529 | p = 0.005"
224,T1R2,verified,results/fibro/stage1_transfer.csv,n_test [B1->C1 raw ridge],224,,"GTEx fibroblasts, site B1 | GTEx site C1 | 421 → 224 | +0.529 | p = 0.005"
+0.529,T1R2,verified,results/fibro/stage1_transfer.csv,rho [B1->C1 raw ridge],0.5291743878674791,,"GTEx fibroblasts, site B1 | GTEx site C1 | 421 → 224 | +0.529 | p = 0.005"
0.005,T1R2,verified,results/fibro/stage1_transfer.csv,rho_p [B1->C1 raw ridge],0.004975124378109453,,"GTEx fibroblasts, site B1 | GTEx site C1 | 421 → 224 | +0.529 | p = 0.005"
224,T1R3,verified,results/fibro/stage1_transfer.csv,n_train [C1->B1 raw ridge],224,,"GTEx fibroblasts, site C1 | GTEx site B1 | 224 → 421 | +0.561 | p = 0.005"
421,T1R3,verified,results/fibro/stage1_transfer.csv,n_test [C1->B1 raw ridge],421,,"GTEx fibroblasts, site C1 | GTEx site B1 | 224 → 421 | +0.561 | p = 0.005"
+0.561,T1R3,verified,results/fibro/stage1_transfer.csv,rho [C1->B1 raw ridge],0.5611771722875578,,"GTEx fibroblasts, site C1 | GTEx site B1 | 224 → 421 | +0.561 | p = 0.005"
0.005,T1R3,verified,results/fibro/stage1_transfer.csv,rho_p [C1->B1 raw ridge],0.004975124378109453,,"GTEx fibroblasts, site C1 | GTEx site B1 | 224 → 421 | +0.561 | p = 0.005"
652,T1R4,verified,results/genespace/summary.json,anchors/n_donors,652,,"GTEx fibroblasts, 652 donors (frozen) | GSE226189, bulk | 652 → 82 | +0.549 | p = 0.005"
652,T1R4,verified,results/genespace/summary.json,anchors/n_donors,652,,"GTEx fibroblasts, 652 donors (frozen) | GSE226189, bulk | 652 → 82 | +0.549 | p = 0.005"
82,T1R4,verified,results/md3/t2_instruments.csv,n_donors [gse226189_ruler_check],82,,"GTEx fibroblasts, 652 donors (frozen) | GSE226189, bulk | 652 → 82 | +0.549 | p = 0.005"
+0.549,T1R4,verified,results/md3/t2_instruments.csv,rho [gse226189_ruler_check],0.5486680204481721,,"GTEx fibroblasts, 652 donors (frozen) | GSE226189, bulk | 652 → 82 | +0.549 | p = 0.005"
0.005,T1R4,verified,results/md3/t2_instruments.csv,rho_p [gse226189_ruler_check],0.004975124378109453,,"GTEx fibroblasts, 652 donors (frozen) | GSE226189, bulk | 652 → 82 | +0.549 | p = 0.005"
652,T1R5,verified,results/genespace/summary.json,anchors/n_donors,652,,"GTEx fibroblasts, 652 donors (frozen) | Dermal fibroblast atlas, 10x, 65 donors | 652 → 65 | +0.433 | p = 0.005"
10,T1R5,not_a_claim,results/md3/t1_occupancy_pooled.csv,column n_d10 [GM00731],timepoint label,sampling timepoint in the GSE297234 design,"GTEx fibroblasts, 652 donors (frozen) | Dermal fibroblast atlas, 10x, 65 donors | 652 → 65 | +0.433 | p = 0.005"
65,T1R5,verified,results/paper_figs/cxg_true_donor_results.csv,n_units [true_donor ruler_spearman],65,,"GTEx fibroblasts, 652 donors (frozen) | Dermal fibroblast atlas, 10x, 65 donors | 652 → 65 | +0.433 | p = 0.005"
652,T1R5,verified,results/genespace/summary.json,anchors/n_donors,652,,"GTEx fibroblasts, 652 donors (frozen) | Dermal fibroblast atlas, 10x, 65 donors | 652 → 65 | +0.433 | p = 0.005"
65,T1R5,verified,results/paper_figs/cxg_true_donor_results.csv,n_units [true_donor ruler_spearman],65,,"GTEx fibroblasts, 652 donors (frozen) | Dermal fibroblast atlas, 10x, 65 donors | 652 → 65 | +0.433 | p = 0.005"
+0.433,T1R5,verified,results/paper_figs/cxg_true_donor_results.csv,rho [true_donor ruler_spearman],0.43338041757870716,,"GTEx fibroblasts, 652 donors (frozen) | Dermal fibroblast atlas, 10x, 65 donors | 652 → 65 | +0.433 | p = 0.005"
0.005,T1R5,verified,results/paper_figs/cxg_true_donor_results.csv,rho_p [true_donor ruler_spearman],0.004975124378109453,,"GTEx fibroblasts, 652 donors (frozen) | Dermal fibroblast atlas, 10x, 65 donors | 652 → 65 | +0.433 | p = 0.005"
3,P44,not_a_claim,results/md3/t1_occupancy_pooled.csv,column n_d3 [GM00731],timepoint label,sampling timepoint in the GSE297234 design,"Figure 3. Transfer of the frozen fibroblast ruler. (A) Spearman ρ with donor age for every transfer in Table 1, with 95% percentile bootstrap intervals from 200 resamples of donors. (B) GSE226189 bulk cohort, 82 donors. (C) Dermal fibroblast atlas, 65 donors. Repeated samples from the same person are averaged; the 23 accessions from five donors of one constituent study, whose age is recorded as 42 but reported by the source authors only as 25 to 60 years, are drawn as open circles."
1,P44,not_a_claim,,,,"cross-reference to a figure, table or note","Figure 3. Transfer of the frozen fibroblast ruler. (A) Spearman ρ with donor age for every transfer in Table 1, with 95% percentile bootstrap intervals from 200 resamples of donors. (B) GSE226189 bulk cohort, 82 donors. (C) Dermal fibroblast atlas, 65 donors. Repeated samples from the same person are averaged; the 23 accessions from five donors of one constituent study, whose age is recorded as 42 but reported by the source authors only as 25 to 60 years, are drawn as open circles."
95,P44,no-source,,,,"the interval level stated in the text; results/ files store n_boot = 200 without the percentile, so the figure 95 itself has no stored source","Figure 3. Transfer of the frozen fibroblast ruler. (A) Spearman ρ with donor age for every transfer in Table 1, with 95% percentile bootstrap intervals from 200 resamples of donors. (B) GSE226189 bulk cohort, 82 donors. (C) Dermal fibroblast atlas, 65 donors. Repeated samples from the same person are averaged; the 23 accessions from five donors of one constituent study, whose age is recorded as 42 but reported by the source authors only as 25 to 60 years, are drawn as open circles."
200,P44,verified,results/newstory/partA_meta.json,n_boot,200,,"Figure 3. Transfer of the frozen fibroblast ruler. (A) Spearman ρ with donor age for every transfer in Table 1, with 95% percentile bootstrap intervals from 200 resamples of donors. (B) GSE226189 bulk cohort, 82 donors. (C) Dermal fibroblast atlas, 65 donors. Repeated samples from the same person are averaged; the 23 accessions from five donors of one constituent study, whose age is recorded as 42 but reported by the source authors only as 25 to 60 years, are drawn as open circles."
82,P44,verified,results/md3/t2_instruments.csv,n_donors [gse226189_ruler_check],82,,"Figure 3. Transfer of the frozen fibroblast ruler. (A) Spearman ρ with donor age for every transfer in Table 1, with 95% percentile bootstrap intervals from 200 resamples of donors. (B) GSE226189 bulk cohort, 82 donors. (C) Dermal fibroblast atlas, 65 donors. Repeated samples from the same person are averaged; the 23 accessions from five donors of one constituent study, whose age is recorded as 42 but reported by the source authors only as 25 to 60 years, are drawn as open circles."
65,P44,verified,results/paper_figs/cxg_true_donor_results.csv,n_units [true_donor],65,,"Figure 3. Transfer of the frozen fibroblast ruler. (A) Spearman ρ with donor age for every transfer in Table 1, with 95% percentile bootstrap intervals from 200 resamples of donors. (B) GSE226189 bulk cohort, 82 donors. (C) Dermal fibroblast atlas, 65 donors. Repeated samples from the same person are averaged; the 23 accessions from five donors of one constituent study, whose age is recorded as 42 but reported by the source authors only as 25 to 60 years, are drawn as open circles."
23,P44,verified,results/paper_figs/cxg_donor_audit.csv,accessions traced to one constituent study's five donors,23,,"Figure 3. Transfer of the frozen fibroblast ruler. (A) Spearman ρ with donor age for every transfer in Table 1, with 95% percentile bootstrap intervals from 200 resamples of donors. (B) GSE226189 bulk cohort, 82 donors. (C) Dermal fibroblast atlas, 65 donors. Repeated samples from the same person are averaged; the 23 accessions from five donors of one constituent study, whose age is recorded as 42 but reported by the source authors only as 25 to 60 years, are drawn as open circles."
42,P44,verified,results/paper_figs/cxg_donor_audit.csv,recorded placeholder age for those five donors,42,,"Figure 3. Transfer of the frozen fibroblast ruler. (A) Spearman ρ with donor age for every transfer in Table 1, with 95% percentile bootstrap intervals from 200 resamples of donors. (B) GSE226189 bulk cohort, 82 donors. (C) Dermal fibroblast atlas, 65 donors. Repeated samples from the same person are averaged; the 23 accessions from five donors of one constituent study, whose age is recorded as 42 but reported by the source authors only as 25 to 60 years, are drawn as open circles."
25,P44,verified,results/paper_figs/cxg_donor_audit.csv,author-reported lower bound of the age range,25,,"Figure 3. Transfer of the frozen fibroblast ruler. (A) Spearman ρ with donor age for every transfer in Table 1, with 95% percentile bootstrap intervals from 200 resamples of donors. (B) GSE226189 bulk cohort, 82 donors. (C) Dermal fibroblast atlas, 65 donors. Repeated samples from the same person are averaged; the 23 accessions from five donors of one constituent study, whose age is recorded as 42 but reported by the source authors only as 25 to 60 years, are drawn as open circles."
60,P44,verified,results/paper_figs/cxg_donor_audit.csv,author-reported upper bound of the age range,60,,"Figure 3. Transfer of the frozen fibroblast ruler. (A) Spearman ρ with donor age for every transfer in Table 1, with 95% percentile bootstrap intervals from 200 resamples of donors. (B) GSE226189 bulk cohort, 82 donors. (C) Dermal fibroblast atlas, 65 donors. Repeated samples from the same person are averaged; the 23 accessions from five donors of one constituent study, whose age is recorded as 42 but reported by the source authors only as 25 to 60 years, are drawn as open circles."
0.005,P46,verified,results/fibro/stage1_transfer.csv,"rho_p [B1->C1 raw ridge], the floor of a 200-draw permutation null",0.004975124378109453,,"Two qualifications apply. First, transfer is an ordering, not a calibrated age. In the external cohorts the frozen score is a unit-length projection with no intercept or scale, so only the ordering can be evaluated, and we never use the ruler as an age estimate. Second, the permutation nulls shuffle donor ages with the expression matrix held fixed; p = 0.005 is the smallest value attainable with 200 permutations."
200,P46,verified,results/newstory/partA_meta.json,n_boot,200,,"Two qualifications apply. First, transfer is an ordering, not a calibrated age. In the external cohorts the frozen score is a unit-length projection with no intercept or scale, so only the ordering can be evaluated, and we never use the ruler as an age estimate. Second, the permutation nulls shuffle donor ages with the expression matrix held fixed; p = 0.005 is the smallest value attainable with 200 permutations."
65,P47,verified,results/paper_figs/cxg_true_donor_results.csv,n_units [true_donor],65,,"One of these transfers is weaker than it looks. The dermal fibroblast atlas integrates published studies; tracing each sequencing identifier to its source shows 65 people, including five donors whose recorded age of 42 is a placeholder for an author-reported range of 25 to 60 years. Scores were averaged within person before correlation (ρ = +0.433, 95% CI +0.174 to +0.610). The bulk cohort GSE226189, with 82 distinct donors, is the cleaner external test."
42,P47,verified,results/paper_figs/cxg_donor_audit.csv,recorded placeholder age for those five donors,42,,"One of these transfers is weaker than it looks. The dermal fibroblast atlas integrates published studies; tracing each sequencing identifier to its source shows 65 people, including five donors whose recorded age of 42 is a placeholder for an author-reported range of 25 to 60 years. Scores were averaged within person before correlation (ρ = +0.433, 95% CI +0.174 to +0.610). The bulk cohort GSE226189, with 82 distinct donors, is the cleaner external test."
25,P47,verified,results/paper_figs/cxg_donor_audit.csv,author-reported lower bound of the age range,25,,"One of these transfers is weaker than it looks. The dermal fibroblast atlas integrates published studies; tracing each sequencing identifier to its source shows 65 people, including five donors whose recorded age of 42 is a placeholder for an author-reported range of 25 to 60 years. Scores were averaged within person before correlation (ρ = +0.433, 95% CI +0.174 to +0.610). The bulk cohort GSE226189, with 82 distinct donors, is the cleaner external test."
60,P47,verified,results/paper_figs/cxg_donor_audit.csv,author-reported upper bound of the age range,60,,"One of these transfers is weaker than it looks. The dermal fibroblast atlas integrates published studies; tracing each sequencing identifier to its source shows 65 people, including five donors whose recorded age of 42 is a placeholder for an author-reported range of 25 to 60 years. Scores were averaged within person before correlation (ρ = +0.433, 95% CI +0.174 to +0.610). The bulk cohort GSE226189, with 82 distinct donors, is the cleaner external test."
+0.433,P47,verified,results/paper_figs/cxg_true_donor_results.csv,rho [true_donor ruler_spearman],0.43338041757870716,,"One of these transfers is weaker than it looks. The dermal fibroblast atlas integrates published studies; tracing each sequencing identifier to its source shows 65 people, including five donors whose recorded age of 42 is a placeholder for an author-reported range of 25 to 60 years. Scores were averaged within person before correlation (ρ = +0.433, 95% CI +0.174 to +0.610). The bulk cohort GSE226189, with 82 distinct donors, is the cleaner external test."
95,P47,no-source,,,,"the interval level stated in the text; results/ files store n_boot = 200 without the percentile, so the figure 95 itself has no stored source","One of these transfers is weaker than it looks. The dermal fibroblast atlas integrates published studies; tracing each sequencing identifier to its source shows 65 people, including five donors whose recorded age of 42 is a placeholder for an author-reported range of 25 to 60 years. Scores were averaged within person before correlation (ρ = +0.433, 95% CI +0.174 to +0.610). The bulk cohort GSE226189, with 82 distinct donors, is the cleaner external test."
+0.174,P47,verified,results/paper_figs/cxg_true_donor_results.csv,rho_ci_lo [true_donor ruler_spearman],0.17438575111784008,,"One of these transfers is weaker than it looks. The dermal fibroblast atlas integrates published studies; tracing each sequencing identifier to its source shows 65 people, including five donors whose recorded age of 42 is a placeholder for an author-reported range of 25 to 60 years. Scores were averaged within person before correlation (ρ = +0.433, 95% CI +0.174 to +0.610). The bulk cohort GSE226189, with 82 distinct donors, is the cleaner external test."
+0.610,P47,verified,results/paper_figs/cxg_true_donor_results.csv,rho_ci_hi [true_donor ruler_spearman],0.6102577413879697,,"One of these transfers is weaker than it looks. The dermal fibroblast atlas integrates published studies; tracing each sequencing identifier to its source shows 65 people, including five donors whose recorded age of 42 is a placeholder for an author-reported range of 25 to 60 years. Scores were averaged within person before correlation (ρ = +0.433, 95% CI +0.174 to +0.610). The bulk cohort GSE226189, with 82 distinct donors, is the cleaner external test."
82,P47,verified,results/md3/t2_instruments.csv,n_donors [gse226189_ruler_check],82,,"One of these transfers is weaker than it looks. The dermal fibroblast atlas integrates published studies; tracing each sequencing identifier to its source shows 65 people, including five donors whose recorded age of 42 is a placeholder for an author-reported range of 25 to 60 years. Scores were averaged within person before correlation (ρ = +0.433, 95% CI +0.174 to +0.610). The bulk cohort GSE226189, with 82 distinct donors, is the cleaner external test."
2,P49,not_a_claim,,,,"cross-reference to a figure, table or note","If MD is to serve as an age readout, it should predict donor age. We compared three frozen instruments, none of them refit here, on two fibroblast cohorts that none of them was fitted on: the ruler, MD, and the difference between the age-up and age-down scores (Table 2, Figure 4)."
4,P49,not_a_claim,,,,"cross-reference to a figure, table or note","If MD is to serve as an age readout, it should predict donor age. We compared three frozen instruments, none of them refit here, on two fibroblast cohorts that none of them was fitted on: the ruler, MD, and the difference between the age-up and age-down scores (Table 2, Figure 4)."
2,P51,not_a_claim,,,,"cross-reference to a figure, table or note","Table 2. Three frozen instruments against donor age in two external fibroblast cohorts. Δρ is paired: both correlations are recomputed on the same resampled donors (B = 200), so the interval is on the difference itself rather than on the overlap of two separate intervals. Atlas scores are one value per person (65 donors)."
200,P51,verified,results/newstory/partA_meta.json,n_boot,200,,"Table 2. Three frozen instruments against donor age in two external fibroblast cohorts. Δρ is paired: both correlations are recomputed on the same resampled donors (B = 200), so the interval is on the difference itself rather than on the overlap of two separate intervals. Atlas scores are one value per person (65 donors)."
65,P51,verified,results/paper_figs/cxg_true_donor_results.csv,n_units [true_donor],65,,"Table 2. Three frozen instruments against donor age in two external fibroblast cohorts. Δρ is paired: both correlations are recomputed on the same resampled donors (B = 200), so the interval is on the difference itself rather than on the overlap of two separate intervals. Atlas scores are one value per person (65 donors)."
95,T2R1,no-source,,,,"the interval level stated in the text; results/ files store n_boot = 200 without the percentile, so the figure 95 itself has no stored source",Cohort | Ruler ρ | MD ρ | Age-up − age-down ρ | Δρ (ruler − MD) [95% CI] | Δρ (ruler − age-up/down) [95% CI]
95,T2R1,no-source,,,,"the interval level stated in the text; results/ files store n_boot = 200 without the percentile, so the figure 95 itself has no stored source",Cohort | Ruler ρ | MD ρ | Age-up − age-down ρ | Δρ (ruler − MD) [95% CI] | Δρ (ruler − age-up/down) [95% CI]
65,T2R2,verified,results/paper_figs/cxg_true_donor_results.csv,n_units [true_donor],65,,"Fibroblast atlas, 65 donors | 0.433 | 0.26 | 0.06 | +0.171 [−0.118, +0.412] | +0.372 [+0.094, +0.595]"
0.433,T2R2,verified,results/paper_figs/cxg_true_donor_results.csv,rho [true_donor ruler_spearman],0.43338041757870716,,"Fibroblast atlas, 65 donors | 0.433 | 0.26 | 0.06 | +0.171 [−0.118, +0.412] | +0.372 [+0.094, +0.595]"
0.26,T2R2,verified,results/paper_figs/cxg_true_donor_results.csv,rho_other [true_donor ruler_minus_MD],0.2619961737350186,,"Fibroblast atlas, 65 donors | 0.433 | 0.26 | 0.06 | +0.171 [−0.118, +0.412] | +0.372 [+0.094, +0.595]"
0.06,T2R2,verified,results/paper_figs/cxg_true_donor_results.csv,rho_other [true_donor ruler_minus_age_up_minus_age_down],0.061770922283544284,,"Fibroblast atlas, 65 donors | 0.433 | 0.26 | 0.06 | +0.171 [−0.118, +0.412] | +0.372 [+0.094, +0.595]"
+0.171,T2R2,verified,results/paper_figs/cxg_true_donor_results.csv,delta_rho [true_donor ruler_minus_MD],0.17138424384368856,,"Fibroblast atlas, 65 donors | 0.433 | 0.26 | 0.06 | +0.171 [−0.118, +0.412] | +0.372 [+0.094, +0.595]"
−0.118,T2R2,verified,results/paper_figs/cxg_true_donor_results.csv,delta_ci_lo [true_donor ruler_minus_MD],-0.11763286051760118,,"Fibroblast atlas, 65 donors | 0.433 | 0.26 | 0.06 | +0.171 [−0.118, +0.412] | +0.372 [+0.094, +0.595]"
+0.412,T2R2,verified,results/paper_figs/cxg_true_donor_results.csv,delta_ci_hi [true_donor ruler_minus_MD],0.41248891146806693,,"Fibroblast atlas, 65 donors | 0.433 | 0.26 | 0.06 | +0.171 [−0.118, +0.412] | +0.372 [+0.094, +0.595]"
+0.372,T2R2,verified,results/paper_figs/cxg_true_donor_results.csv,delta_rho [true_donor ruler_minus_age_up_minus_age_down],0.37160949529516285,,"Fibroblast atlas, 65 donors | 0.433 | 0.26 | 0.06 | +0.171 [−0.118, +0.412] | +0.372 [+0.094, +0.595]"
+0.094,T2R2,verified,results/paper_figs/cxg_true_donor_results.csv,delta_ci_lo [true_donor ruler_minus_age_up_minus_age_down],0.09435247390329693,,"Fibroblast atlas, 65 donors | 0.433 | 0.26 | 0.06 | +0.171 [−0.118, +0.412] | +0.372 [+0.094, +0.595]"
+0.595,T2R2,verified,results/paper_figs/cxg_true_donor_results.csv,delta_ci_hi [true_donor ruler_minus_age_up_minus_age_down],0.5953153752034761,,"Fibroblast atlas, 65 donors | 0.433 | 0.26 | 0.06 | +0.171 [−0.118, +0.412] | +0.372 [+0.094, +0.595]"
82,T2R3,verified,results/md3/t2_instruments.csv,n_donors [gse226189_ruler_check],82,,"GSE226189, bulk (82 donors) | 0.549 | 0.082 | 0.037 | +0.47 [+0.24, +0.70] | +0.51 [+0.25, +0.77]"
0.549,T2R3,verified,results/md3/t2_instruments.csv,rho [gse226189_ruler_check],0.5486680204481721,,"GSE226189, bulk (82 donors) | 0.549 | 0.082 | 0.037 | +0.47 [+0.24, +0.70] | +0.51 [+0.25, +0.77]"
0.082,T2R3,verified,results/md3/t2_instruments.csv,rho [gse226189_md_check],0.08196535059865816,,"GSE226189, bulk (82 donors) | 0.549 | 0.082 | 0.037 | +0.47 [+0.24, +0.70] | +0.51 [+0.25, +0.77]"
0.037,T2R3,verified,results/md3/t2_instruments.csv,rho [GSE226189_S3],0.037372802345502165,,"GSE226189, bulk (82 donors) | 0.549 | 0.082 | 0.037 | +0.47 [+0.24, +0.70] | +0.51 [+0.25, +0.77]"
+0.47,T2R3,verified,results/md3/t2_delta_rho.csv,delta_rho [gse226189_ruler_minus_MD],0.4667026698495139,,"GSE226189, bulk (82 donors) | 0.549 | 0.082 | 0.037 | +0.47 [+0.24, +0.70] | +0.51 [+0.25, +0.77]"
+0.24,T2R3,verified,results/md3/t2_delta_rho.csv,delta_ci_lo [gse226189_ruler_minus_MD],0.238787945597333,,"GSE226189, bulk (82 donors) | 0.549 | 0.082 | 0.037 | +0.47 [+0.24, +0.70] | +0.51 [+0.25, +0.77]"
+0.70,T2R3,verified,results/md3/t2_delta_rho.csv,delta_ci_hi [gse226189_ruler_minus_MD],0.6957578197697852,,"GSE226189, bulk (82 donors) | 0.549 | 0.082 | 0.037 | +0.47 [+0.24, +0.70] | +0.51 [+0.25, +0.77]"
+0.51,T2R3,verified,results/md3/t2_delta_rho.csv,delta_rho [gse226189_ruler_minus_S3],0.51129521810267,,"GSE226189, bulk (82 donors) | 0.549 | 0.082 | 0.037 | +0.47 [+0.24, +0.70] | +0.51 [+0.25, +0.77]"
+0.25,T2R3,verified,results/md3/t2_delta_rho.csv,delta_ci_lo [gse226189_ruler_minus_S3],0.24819062904898104,,"GSE226189, bulk (82 donors) | 0.549 | 0.082 | 0.037 | +0.47 [+0.24, +0.70] | +0.51 [+0.25, +0.77]"
+0.77,T2R3,verified,results/md3/t2_delta_rho.csv,delta_ci_hi [gse226189_ruler_minus_S3],0.7720164199723213,,"GSE226189, bulk (82 donors) | 0.549 | 0.082 | 0.037 | +0.47 [+0.24, +0.70] | +0.51 [+0.25, +0.77]"
4,P54,not_a_claim,,,,"cross-reference to a figure, table or note","Figure 4. The frozen ruler against two curated instruments. (A) Spearman ρ with donor age for each instrument in GSE226189, with 95% percentile bootstrap intervals. (B) Paired Δρ (ruler minus the other instrument). Against MD, the atlas interval includes zero."
95,P54,no-source,,,,"the interval level stated in the text; results/ files store n_boot = 200 without the percentile, so the figure 95 itself has no stored source","Figure 4. The frozen ruler against two curated instruments. (A) Spearman ρ with donor age for each instrument in GSE226189, with 95% percentile bootstrap intervals. (B) Paired Δρ (ruler minus the other instrument). Against MD, the atlas interval includes zero."
0.26,P56,verified,results/md3/t2_instruments.csv,rho_p [gse226189_md_check],0.25870646766169153,,"The evidence is therefore uneven, and we state it that way. In GSE226189 the ruler beats both curated instruments clearly, and neither MD nor the age-up and age-down lists order donors better than chance there (MD permutation p = 0.26). In the fibroblast atlas the ruler still beats the age-up and age-down lists (+0.372, 95% CI +0.094 to +0.595), but its advantage over MD (+0.171, CI −0.118 to +0.412) is not distinguishable from zero. The claim that survives is that the ruler tracks donor age better than MD in one clean cohort and at least as well in a second. MD was scored with the authors' gene list and a reimplementation of their algorithm (Methods)."
+0.372,P56,verified,results/paper_figs/cxg_true_donor_results.csv,delta_rho [true_donor ruler_minus_age_up_minus_age_down],0.37160949529516285,,"The evidence is therefore uneven, and we state it that way. In GSE226189 the ruler beats both curated instruments clearly, and neither MD nor the age-up and age-down lists order donors better than chance there (MD permutation p = 0.26). In the fibroblast atlas the ruler still beats the age-up and age-down lists (+0.372, 95% CI +0.094 to +0.595), but its advantage over MD (+0.171, CI −0.118 to +0.412) is not distinguishable from zero. The claim that survives is that the ruler tracks donor age better than MD in one clean cohort and at least as well in a second. MD was scored with the authors' gene list and a reimplementation of their algorithm (Methods)."
95,P56,no-source,,,,"the interval level stated in the text; results/ files store n_boot = 200 without the percentile, so the figure 95 itself has no stored source","The evidence is therefore uneven, and we state it that way. In GSE226189 the ruler beats both curated instruments clearly, and neither MD nor the age-up and age-down lists order donors better than chance there (MD permutation p = 0.26). In the fibroblast atlas the ruler still beats the age-up and age-down lists (+0.372, 95% CI +0.094 to +0.595), but its advantage over MD (+0.171, CI −0.118 to +0.412) is not distinguishable from zero. The claim that survives is that the ruler tracks donor age better than MD in one clean cohort and at least as well in a second. MD was scored with the authors' gene list and a reimplementation of their algorithm (Methods)."
+0.094,P56,verified,results/paper_figs/cxg_true_donor_results.csv,delta_ci_lo [true_donor ruler_minus_age_up_minus_age_down],0.09435247390329693,,"The evidence is therefore uneven, and we state it that way. In GSE226189 the ruler beats both curated instruments clearly, and neither MD nor the age-up and age-down lists order donors better than chance there (MD permutation p = 0.26). In the fibroblast atlas the ruler still beats the age-up and age-down lists (+0.372, 95% CI +0.094 to +0.595), but its advantage over MD (+0.171, CI −0.118 to +0.412) is not distinguishable from zero. The claim that survives is that the ruler tracks donor age better than MD in one clean cohort and at least as well in a second. MD was scored with the authors' gene list and a reimplementation of their algorithm (Methods)."
+0.595,P56,verified,results/paper_figs/cxg_true_donor_results.csv,delta_ci_hi [true_donor ruler_minus_age_up_minus_age_down],0.5953153752034761,,"The evidence is therefore uneven, and we state it that way. In GSE226189 the ruler beats both curated instruments clearly, and neither MD nor the age-up and age-down lists order donors better than chance there (MD permutation p = 0.26). In the fibroblast atlas the ruler still beats the age-up and age-down lists (+0.372, 95% CI +0.094 to +0.595), but its advantage over MD (+0.171, CI −0.118 to +0.412) is not distinguishable from zero. The claim that survives is that the ruler tracks donor age better than MD in one clean cohort and at least as well in a second. MD was scored with the authors' gene list and a reimplementation of their algorithm (Methods)."
+0.171,P56,verified,results/paper_figs/cxg_true_donor_results.csv,delta_rho [true_donor ruler_minus_MD],0.17138424384368856,,"The evidence is therefore uneven, and we state it that way. In GSE226189 the ruler beats both curated instruments clearly, and neither MD nor the age-up and age-down lists order donors better than chance there (MD permutation p = 0.26). In the fibroblast atlas the ruler still beats the age-up and age-down lists (+0.372, 95% CI +0.094 to +0.595), but its advantage over MD (+0.171, CI −0.118 to +0.412) is not distinguishable from zero. The claim that survives is that the ruler tracks donor age better than MD in one clean cohort and at least as well in a second. MD was scored with the authors' gene list and a reimplementation of their algorithm (Methods)."
−0.118,P56,verified,results/paper_figs/cxg_true_donor_results.csv,delta_ci_lo [true_donor ruler_minus_MD],-0.11763286051760118,,"The evidence is therefore uneven, and we state it that way. In GSE226189 the ruler beats both curated instruments clearly, and neither MD nor the age-up and age-down lists order donors better than chance there (MD permutation p = 0.26). In the fibroblast atlas the ruler still beats the age-up and age-down lists (+0.372, 95% CI +0.094 to +0.595), but its advantage over MD (+0.171, CI −0.118 to +0.412) is not distinguishable from zero. The claim that survives is that the ruler tracks donor age better than MD in one clean cohort and at least as well in a second. MD was scored with the authors' gene list and a reimplementation of their algorithm (Methods)."
+0.412,P56,verified,results/paper_figs/cxg_true_donor_results.csv,delta_ci_hi [true_donor ruler_minus_MD],0.41248891146806693,,"The evidence is therefore uneven, and we state it that way. In GSE226189 the ruler beats both curated instruments clearly, and neither MD nor the age-up and age-down lists order donors better than chance there (MD permutation p = 0.26). In the fibroblast atlas the ruler still beats the age-up and age-down lists (+0.372, 95% CI +0.094 to +0.595), but its advantage over MD (+0.171, CI −0.118 to +0.412) is not distinguishable from zero. The claim that survives is that the ruler tracks donor age better than MD in one clean cohort and at least as well in a second. MD was scored with the authors' gene list and a reimplementation of their algorithm (Methods)."
202,P57,verified,results/md3/t2_instruments.csv,n_MD_mapped [cxg_md_check],202,,"Gene coverage also differed between instruments. The MD list was almost complete in both cohorts (202 and 204 of 205 genes), but the age-up list was substantially incomplete (986 and 1,040 of 1,533 genes in the atlas and GSE226189), as was the age-down list (1,595 and 1,745 of 2,007), so the ruler's advantage over the age-up and age-down lists may partly reflect missing genes rather than a weaker signature. The comparison with MD is not affected by this."
204,P57,verified,results/md3/t2_instruments.csv,n_MD_mapped [gse226189_md_check],204,,"Gene coverage also differed between instruments. The MD list was almost complete in both cohorts (202 and 204 of 205 genes), but the age-up list was substantially incomplete (986 and 1,040 of 1,533 genes in the atlas and GSE226189), as was the age-down list (1,595 and 1,745 of 2,007), so the ruler's advantage over the age-up and age-down lists may partly reflect missing genes rather than a weaker signature. The comparison with MD is not affected by this."
205,P57,verified,results/newstory/partA_meta.json,md_genes,205,,"Gene coverage also differed between instruments. The MD list was almost complete in both cohorts (202 and 204 of 205 genes), but the age-up list was substantially incomplete (986 and 1,040 of 1,533 genes in the atlas and GSE226189), as was the age-down list (1,595 and 1,745 of 2,007), so the ruler's advantage over the age-up and age-down lists may partly reflect missing genes rather than a weaker signature. The comparison with MD is not affected by this."
986,P57,verified,results/md3/t2_instruments.csv,n_age_up_mapped [cxg_a19d1667_S3],986,,"Gene coverage also differed between instruments. The MD list was almost complete in both cohorts (202 and 204 of 205 genes), but the age-up list was substantially incomplete (986 and 1,040 of 1,533 genes in the atlas and GSE226189), as was the age-down list (1,595 and 1,745 of 2,007), so the ruler's advantage over the age-up and age-down lists may partly reflect missing genes rather than a weaker signature. The comparison with MD is not affected by this."
"1,040",P57,verified,results/md3/t2_instruments.csv,n_age_up_mapped [GSE226189_S3],1040,,"Gene coverage also differed between instruments. The MD list was almost complete in both cohorts (202 and 204 of 205 genes), but the age-up list was substantially incomplete (986 and 1,040 of 1,533 genes in the atlas and GSE226189), as was the age-down list (1,595 and 1,745 of 2,007), so the ruler's advantage over the age-up and age-down lists may partly reflect missing genes rather than a weaker signature. The comparison with MD is not affected by this."
"1,533",P57,verified,results/md3/t2_instruments.csv,n_age_up_total [cxg_a19d1667_S3],1533,,"Gene coverage also differed between instruments. The MD list was almost complete in both cohorts (202 and 204 of 205 genes), but the age-up list was substantially incomplete (986 and 1,040 of 1,533 genes in the atlas and GSE226189), as was the age-down list (1,595 and 1,745 of 2,007), so the ruler's advantage over the age-up and age-down lists may partly reflect missing genes rather than a weaker signature. The comparison with MD is not affected by this."
"1,595",P57,verified,results/md3/t2_instruments.csv,n_age_down_mapped [cxg_a19d1667_S3],1595,,"Gene coverage also differed between instruments. The MD list was almost complete in both cohorts (202 and 204 of 205 genes), but the age-up list was substantially incomplete (986 and 1,040 of 1,533 genes in the atlas and GSE226189), as was the age-down list (1,595 and 1,745 of 2,007), so the ruler's advantage over the age-up and age-down lists may partly reflect missing genes rather than a weaker signature. The comparison with MD is not affected by this."
"1,745",P57,verified,results/md3/t2_instruments.csv,n_age_down_mapped [GSE226189_S3],1745,,"Gene coverage also differed between instruments. The MD list was almost complete in both cohorts (202 and 204 of 205 genes), but the age-up list was substantially incomplete (986 and 1,040 of 1,533 genes in the atlas and GSE226189), as was the age-down list (1,595 and 1,745 of 2,007), so the ruler's advantage over the age-up and age-down lists may partly reflect missing genes rather than a weaker signature. The comparison with MD is not affected by this."
"2,007",P57,verified,results/md3/t2_instruments.csv,n_age_down_total [cxg_a19d1667_S3],2007,,"Gene coverage also differed between instruments. The MD list was almost complete in both cohorts (202 and 204 of 205 genes), but the age-up list was substantially incomplete (986 and 1,040 of 1,533 genes in the atlas and GSE226189), as was the age-down list (1,595 and 1,745 of 2,007), so the ruler's advantage over the age-up and age-down lists may partly reflect missing genes rather than a weaker signature. The comparison with MD is not affected by this."
1,P58,not_a_claim,,,,"cross-reference to a figure, table or note","By the standard an age readout must meet, the ruler is at least as good as MD, and better in the cleaner cohort. What remains is whether that protects it from the failure shown in Figures 1 and 2."
2,P58,not_a_claim,,,,a constant inside a stated formula or definition,"By the standard an age readout must meet, the ruler is at least as good as MD, and better in the cleaner cohort. What remains is whether that protects it from the failure shown in Figures 1 and 2."
"23,485",P60,verified,results/newstory/partB_meta.json,spaces/FULL,23485,,"The ruler reads the same 23,485 genes in which Figure 2 already places the reprogrammed cells, so its score and their position can be set side by side. On the ruler, the aged donor's day-0 cells score +3.22 and the young donor's day-0 cells −1.89. The aged donor's partially reprogrammed cells score +0.65, half of the way to the young donor; its early pluripotent cells score −2.62, already younger than the young donor; and its pluripotent cells score −10.40, far younger still (Figure 5A). In the same genes, the partially reprogrammed cells end twice as far from the young donor's cells as they started (Figure 2A), and the pluripotent cells nearly four times as far. The more strongly the ruler says the cells are getting younger, the farther they are from young cells. It is the same failure as MD's, in an instrument built to track donor age."
2,P60,not_a_claim,,,,"cross-reference to a figure, table or note","The ruler reads the same 23,485 genes in which Figure 2 already places the reprogrammed cells, so its score and their position can be set side by side. On the ruler, the aged donor's day-0 cells score +3.22 and the young donor's day-0 cells −1.89. The aged donor's partially reprogrammed cells score +0.65, half of the way to the young donor; its early pluripotent cells score −2.62, already younger than the young donor; and its pluripotent cells score −10.40, far younger still (Figure 5A). In the same genes, the partially reprogrammed cells end twice as far from the young donor's cells as they started (Figure 2A), and the pluripotent cells nearly four times as far. The more strongly the ruler says the cells are getting younger, the farther they are from young cells. It is the same failure as MD's, in an instrument built to track donor age."
0,P60,not_a_claim,results/md3/t1_occupancy_pooled.csv,column n_d0 [GM00731],timepoint label,sampling timepoint in the GSE297234 design,"The ruler reads the same 23,485 genes in which Figure 2 already places the reprogrammed cells, so its score and their position can be set side by side. On the ruler, the aged donor's day-0 cells score +3.22 and the young donor's day-0 cells −1.89. The aged donor's partially reprogrammed cells score +0.65, half of the way to the young donor; its early pluripotent cells score −2.62, already younger than the young donor; and its pluripotent cells score −10.40, far younger still (Figure 5A). In the same genes, the partially reprogrammed cells end twice as far from the young donor's cells as they started (Figure 2A), and the pluripotent cells nearly four times as far. The more strongly the ruler says the cells are getting younger, the farther they are from young cells. It is the same failure as MD's, in an instrument built to track donor age."
+3.22,P60,verified,results/newstory/fig_N5_ruler_same_mistake_data.csv,y [A aged donor Fibroblast],3.2223431754797915,,"The ruler reads the same 23,485 genes in which Figure 2 already places the reprogrammed cells, so its score and their position can be set side by side. On the ruler, the aged donor's day-0 cells score +3.22 and the young donor's day-0 cells −1.89. The aged donor's partially reprogrammed cells score +0.65, half of the way to the young donor; its early pluripotent cells score −2.62, already younger than the young donor; and its pluripotent cells score −10.40, far younger still (Figure 5A). In the same genes, the partially reprogrammed cells end twice as far from the young donor's cells as they started (Figure 2A), and the pluripotent cells nearly four times as far. The more strongly the ruler says the cells are getting younger, the farther they are from young cells. It is the same failure as MD's, in an instrument built to track donor age."
0,P60,not_a_claim,results/md3/t1_occupancy_pooled.csv,column n_d0 [GM00731],timepoint label,sampling timepoint in the GSE297234 design,"The ruler reads the same 23,485 genes in which Figure 2 already places the reprogrammed cells, so its score and their position can be set side by side. On the ruler, the aged donor's day-0 cells score +3.22 and the young donor's day-0 cells −1.89. The aged donor's partially reprogrammed cells score +0.65, half of the way to the young donor; its early pluripotent cells score −2.62, already younger than the young donor; and its pluripotent cells score −10.40, far younger still (Figure 5A). In the same genes, the partially reprogrammed cells end twice as far from the young donor's cells as they started (Figure 2A), and the pluripotent cells nearly four times as far. The more strongly the ruler says the cells are getting younger, the farther they are from young cells. It is the same failure as MD's, in an instrument built to track donor age."
−1.89,P60,verified,results/newstory/fig_N5_ruler_same_mistake_data.csv,y [A young donor day 0 Fibroblast],-1.8926624376499435,,"The ruler reads the same 23,485 genes in which Figure 2 already places the reprogrammed cells, so its score and their position can be set side by side. On the ruler, the aged donor's day-0 cells score +3.22 and the young donor's day-0 cells −1.89. The aged donor's partially reprogrammed cells score +0.65, half of the way to the young donor; its early pluripotent cells score −2.62, already younger than the young donor; and its pluripotent cells score −10.40, far younger still (Figure 5A). In the same genes, the partially reprogrammed cells end twice as far from the young donor's cells as they started (Figure 2A), and the pluripotent cells nearly four times as far. The more strongly the ruler says the cells are getting younger, the farther they are from young cells. It is the same failure as MD's, in an instrument built to track donor age."
+0.65,P60,verified,results/newstory/fig_N5_ruler_same_mistake_data.csv,y [A aged donor PartialReprog],0.649671949099142,,"The ruler reads the same 23,485 genes in which Figure 2 already places the reprogrammed cells, so its score and their position can be set side by side. On the ruler, the aged donor's day-0 cells score +3.22 and the young donor's day-0 cells −1.89. The aged donor's partially reprogrammed cells score +0.65, half of the way to the young donor; its early pluripotent cells score −2.62, already younger than the young donor; and its pluripotent cells score −10.40, far younger still (Figure 5A). In the same genes, the partially reprogrammed cells end twice as far from the young donor's cells as they started (Figure 2A), and the pluripotent cells nearly four times as far. The more strongly the ruler says the cells are getting younger, the farther they are from young cells. It is the same failure as MD's, in an instrument built to track donor age."
−2.62,P60,verified,results/newstory/fig_N5_ruler_same_mistake_data.csv,y [A aged donor EarlyPluripotency],-2.6214814234252284,,"The ruler reads the same 23,485 genes in which Figure 2 already places the reprogrammed cells, so its score and their position can be set side by side. On the ruler, the aged donor's day-0 cells score +3.22 and the young donor's day-0 cells −1.89. The aged donor's partially reprogrammed cells score +0.65, half of the way to the young donor; its early pluripotent cells score −2.62, already younger than the young donor; and its pluripotent cells score −10.40, far younger still (Figure 5A). In the same genes, the partially reprogrammed cells end twice as far from the young donor's cells as they started (Figure 2A), and the pluripotent cells nearly four times as far. The more strongly the ruler says the cells are getting younger, the farther they are from young cells. It is the same failure as MD's, in an instrument built to track donor age."
−10.40,P60,verified,results/newstory/fig_N5_ruler_same_mistake_data.csv,y [A aged donor Pluripotency],-10.401708090903364,,"The ruler reads the same 23,485 genes in which Figure 2 already places the reprogrammed cells, so its score and their position can be set side by side. On the ruler, the aged donor's day-0 cells score +3.22 and the young donor's day-0 cells −1.89. The aged donor's partially reprogrammed cells score +0.65, half of the way to the young donor; its early pluripotent cells score −2.62, already younger than the young donor; and its pluripotent cells score −10.40, far younger still (Figure 5A). In the same genes, the partially reprogrammed cells end twice as far from the young donor's cells as they started (Figure 2A), and the pluripotent cells nearly four times as far. The more strongly the ruler says the cells are getting younger, the farther they are from young cells. It is the same failure as MD's, in an instrument built to track donor age."
5,P60,not_a_claim,,,,"cross-reference to a figure, table or note","The ruler reads the same 23,485 genes in which Figure 2 already places the reprogrammed cells, so its score and their position can be set side by side. On the ruler, the aged donor's day-0 cells score +3.22 and the young donor's day-0 cells −1.89. The aged donor's partially reprogrammed cells score +0.65, half of the way to the young donor; its early pluripotent cells score −2.62, already younger than the young donor; and its pluripotent cells score −10.40, far younger still (Figure 5A). In the same genes, the partially reprogrammed cells end twice as far from the young donor's cells as they started (Figure 2A), and the pluripotent cells nearly four times as far. The more strongly the ruler says the cells are getting younger, the farther they are from young cells. It is the same failure as MD's, in an instrument built to track donor age."
2,P60,not_a_claim,,,,"cross-reference to a figure, table or note","The ruler reads the same 23,485 genes in which Figure 2 already places the reprogrammed cells, so its score and their position can be set side by side. On the ruler, the aged donor's day-0 cells score +3.22 and the young donor's day-0 cells −1.89. The aged donor's partially reprogrammed cells score +0.65, half of the way to the young donor; its early pluripotent cells score −2.62, already younger than the young donor; and its pluripotent cells score −10.40, far younger still (Figure 5A). In the same genes, the partially reprogrammed cells end twice as far from the young donor's cells as they started (Figure 2A), and the pluripotent cells nearly four times as far. The more strongly the ruler says the cells are getting younger, the farther they are from young cells. It is the same failure as MD's, in an instrument built to track donor age."
22,P61,verified,results/fibro3/t2_correlation.csv,n [nn_euclidean all_donor_cluster_timepoint_n_ge_20],22,,"Part of the reason is a property of the ruler itself. Its score is anticorrelated with distance from its own training distribution: across 22 pseudobulks in the reprogramming dataset (one per donor, cell-state cluster and timepoint, with at least 20 cells), Spearman ρ between nearest-neighbour distance to the GTEx training donors and the frozen score is −0.625 (95% CI −0.834 to −0.320; Figure 5B), and the same sign holds within each donor separately (−0.78 and −0.81). Cells far outside the training data are scored as young. Because distance and reprogramming state move together here, this correlation cannot by itself separate an extrapolation artefact from genuine change, but it does show that a low score cannot be taken at face value."
20,P61,verified,results/fibro3/t2_correlation.csv,scope all_donor_cluster_timepoint_n_ge_20,20,,"Part of the reason is a property of the ruler itself. Its score is anticorrelated with distance from its own training distribution: across 22 pseudobulks in the reprogramming dataset (one per donor, cell-state cluster and timepoint, with at least 20 cells), Spearman ρ between nearest-neighbour distance to the GTEx training donors and the frozen score is −0.625 (95% CI −0.834 to −0.320; Figure 5B), and the same sign holds within each donor separately (−0.78 and −0.81). Cells far outside the training data are scored as young. Because distance and reprogramming state move together here, this correlation cannot by itself separate an extrapolation artefact from genuine change, but it does show that a low score cannot be taken at face value."
−0.625,P61,verified,results/fibro3/t2_correlation.csv,"rho [nn_euclidean, n=22]",-0.6250705815923208,,"Part of the reason is a property of the ruler itself. Its score is anticorrelated with distance from its own training distribution: across 22 pseudobulks in the reprogramming dataset (one per donor, cell-state cluster and timepoint, with at least 20 cells), Spearman ρ between nearest-neighbour distance to the GTEx training donors and the frozen score is −0.625 (95% CI −0.834 to −0.320; Figure 5B), and the same sign holds within each donor separately (−0.78 and −0.81). Cells far outside the training data are scored as young. Because distance and reprogramming state move together here, this correlation cannot by itself separate an extrapolation artefact from genuine change, but it does show that a low score cannot be taken at face value."
95,P61,no-source,,,,"the interval level stated in the text; results/ files store n_boot = 200 without the percentile, so the figure 95 itself has no stored source","Part of the reason is a property of the ruler itself. Its score is anticorrelated with distance from its own training distribution: across 22 pseudobulks in the reprogramming dataset (one per donor, cell-state cluster and timepoint, with at least 20 cells), Spearman ρ between nearest-neighbour distance to the GTEx training donors and the frozen score is −0.625 (95% CI −0.834 to −0.320; Figure 5B), and the same sign holds within each donor separately (−0.78 and −0.81). Cells far outside the training data are scored as young. Because distance and reprogramming state move together here, this correlation cannot by itself separate an extrapolation artefact from genuine change, but it does show that a low score cannot be taken at face value."
−0.834,P61,verified,results/fibro3/t2_correlation.csv,"rho_ci_lo [nn_euclidean, n=22]",-0.8342929119275445,,"Part of the reason is a property of the ruler itself. Its score is anticorrelated with distance from its own training distribution: across 22 pseudobulks in the reprogramming dataset (one per donor, cell-state cluster and timepoint, with at least 20 cells), Spearman ρ between nearest-neighbour distance to the GTEx training donors and the frozen score is −0.625 (95% CI −0.834 to −0.320; Figure 5B), and the same sign holds within each donor separately (−0.78 and −0.81). Cells far outside the training data are scored as young. Because distance and reprogramming state move together here, this correlation cannot by itself separate an extrapolation artefact from genuine change, but it does show that a low score cannot be taken at face value."
−0.320,P61,verified,results/fibro3/t2_correlation.csv,"rho_ci_hi [nn_euclidean, n=22]",-0.3195726495726496,,"Part of the reason is a property of the ruler itself. Its score is anticorrelated with distance from its own training distribution: across 22 pseudobulks in the reprogramming dataset (one per donor, cell-state cluster and timepoint, with at least 20 cells), Spearman ρ between nearest-neighbour distance to the GTEx training donors and the frozen score is −0.625 (95% CI −0.834 to −0.320; Figure 5B), and the same sign holds within each donor separately (−0.78 and −0.81). Cells far outside the training data are scored as young. Because distance and reprogramming state move together here, this correlation cannot by itself separate an extrapolation artefact from genuine change, but it does show that a low score cannot be taken at face value."
5,P61,not_a_claim,,,,"cross-reference to a figure, table or note","Part of the reason is a property of the ruler itself. Its score is anticorrelated with distance from its own training distribution: across 22 pseudobulks in the reprogramming dataset (one per donor, cell-state cluster and timepoint, with at least 20 cells), Spearman ρ between nearest-neighbour distance to the GTEx training donors and the frozen score is −0.625 (95% CI −0.834 to −0.320; Figure 5B), and the same sign holds within each donor separately (−0.78 and −0.81). Cells far outside the training data are scored as young. Because distance and reprogramming state move together here, this correlation cannot by itself separate an extrapolation artefact from genuine change, but it does show that a low score cannot be taken at face value."
−0.78,P61,verified,results/fibro3/t2_correlation.csv,rho [nn_euclidean per_donor_GM00731],-0.7818181818181819,,"Part of the reason is a property of the ruler itself. Its score is anticorrelated with distance from its own training distribution: across 22 pseudobulks in the reprogramming dataset (one per donor, cell-state cluster and timepoint, with at least 20 cells), Spearman ρ between nearest-neighbour distance to the GTEx training donors and the frozen score is −0.625 (95% CI −0.834 to −0.320; Figure 5B), and the same sign holds within each donor separately (−0.78 and −0.81). Cells far outside the training data are scored as young. Because distance and reprogramming state move together here, this correlation cannot by itself separate an extrapolation artefact from genuine change, but it does show that a low score cannot be taken at face value."
−0.81,P61,verified,results/fibro3/t2_correlation.csv,rho [nn_euclidean per_donor_GM23815],-0.8090909090909091,,"Part of the reason is a property of the ruler itself. Its score is anticorrelated with distance from its own training distribution: across 22 pseudobulks in the reprogramming dataset (one per donor, cell-state cluster and timepoint, with at least 20 cells), Spearman ρ between nearest-neighbour distance to the GTEx training donors and the frozen score is −0.625 (95% CI −0.834 to −0.320; Figure 5B), and the same sign holds within each donor separately (−0.78 and −0.81). Cells far outside the training data are scored as young. Because distance and reprogramming state move together here, this correlation cannot by itself separate an extrapolation artefact from genuine change, but it does show that a low score cannot be taken at face value."
5,P65,not_a_claim,,,,"cross-reference to a figure, table or note","Figure 5. A better age score makes the same mistake. (A) Frozen ruler score of the aged donor's cells by state; lower is scored younger. The dashed line is the 22-year-old donor's day-0 fibroblasts. Each value is one pseudobulk, with each donor's states normalised together. In the same 23,485 genes, the partially reprogrammed cells end twice as far from the young donor's cells as they started (Figure 2A). (B) The ruler scores cells far from its training data as young. Each point is one donor × cell-state cluster × timepoint pseudobulk from the reprogramming dataset, with at least 20 cells (n = 22). Distance is the nearest-neighbour Euclidean distance to the GTEx training donors in a 50-component PCA space."
22,P65,no-source,,,,donor age from the GSE297234 sample metadata; not stored under results/,"Figure 5. A better age score makes the same mistake. (A) Frozen ruler score of the aged donor's cells by state; lower is scored younger. The dashed line is the 22-year-old donor's day-0 fibroblasts. Each value is one pseudobulk, with each donor's states normalised together. In the same 23,485 genes, the partially reprogrammed cells end twice as far from the young donor's cells as they started (Figure 2A). (B) The ruler scores cells far from its training data as young. Each point is one donor × cell-state cluster × timepoint pseudobulk from the reprogramming dataset, with at least 20 cells (n = 22). Distance is the nearest-neighbour Euclidean distance to the GTEx training donors in a 50-component PCA space."
0,P65,not_a_claim,results/md3/t1_occupancy_pooled.csv,column n_d0 [GM00731],timepoint label,sampling timepoint in the GSE297234 design,"Figure 5. A better age score makes the same mistake. (A) Frozen ruler score of the aged donor's cells by state; lower is scored younger. The dashed line is the 22-year-old donor's day-0 fibroblasts. Each value is one pseudobulk, with each donor's states normalised together. In the same 23,485 genes, the partially reprogrammed cells end twice as far from the young donor's cells as they started (Figure 2A). (B) The ruler scores cells far from its training data as young. Each point is one donor × cell-state cluster × timepoint pseudobulk from the reprogramming dataset, with at least 20 cells (n = 22). Distance is the nearest-neighbour Euclidean distance to the GTEx training donors in a 50-component PCA space."
"23,485",P65,verified,results/newstory/partB_meta.json,spaces/FULL,23485,,"Figure 5. A better age score makes the same mistake. (A) Frozen ruler score of the aged donor's cells by state; lower is scored younger. The dashed line is the 22-year-old donor's day-0 fibroblasts. Each value is one pseudobulk, with each donor's states normalised together. In the same 23,485 genes, the partially reprogrammed cells end twice as far from the young donor's cells as they started (Figure 2A). (B) The ruler scores cells far from its training data as young. Each point is one donor × cell-state cluster × timepoint pseudobulk from the reprogramming dataset, with at least 20 cells (n = 22). Distance is the nearest-neighbour Euclidean distance to the GTEx training donors in a 50-component PCA space."
2,P65,not_a_claim,,,,"cross-reference to a figure, table or note","Figure 5. A better age score makes the same mistake. (A) Frozen ruler score of the aged donor's cells by state; lower is scored younger. The dashed line is the 22-year-old donor's day-0 fibroblasts. Each value is one pseudobulk, with each donor's states normalised together. In the same 23,485 genes, the partially reprogrammed cells end twice as far from the young donor's cells as they started (Figure 2A). (B) The ruler scores cells far from its training data as young. Each point is one donor × cell-state cluster × timepoint pseudobulk from the reprogramming dataset, with at least 20 cells (n = 22). Distance is the nearest-neighbour Euclidean distance to the GTEx training donors in a 50-component PCA space."
20,P65,verified,results/fibro3/t2_correlation.csv,scope all_donor_cluster_timepoint_n_ge_20,20,,"Figure 5. A better age score makes the same mistake. (A) Frozen ruler score of the aged donor's cells by state; lower is scored younger. The dashed line is the 22-year-old donor's day-0 fibroblasts. Each value is one pseudobulk, with each donor's states normalised together. In the same 23,485 genes, the partially reprogrammed cells end twice as far from the young donor's cells as they started (Figure 2A). (B) The ruler scores cells far from its training data as young. Each point is one donor × cell-state cluster × timepoint pseudobulk from the reprogramming dataset, with at least 20 cells (n = 22). Distance is the nearest-neighbour Euclidean distance to the GTEx training donors in a 50-component PCA space."
22,P65,no-source,,,,donor age from the GSE297234 sample metadata; not stored under results/,"Figure 5. A better age score makes the same mistake. (A) Frozen ruler score of the aged donor's cells by state; lower is scored younger. The dashed line is the 22-year-old donor's day-0 fibroblasts. Each value is one pseudobulk, with each donor's states normalised together. In the same 23,485 genes, the partially reprogrammed cells end twice as far from the young donor's cells as they started (Figure 2A). (B) The ruler scores cells far from its training data as young. Each point is one donor × cell-state cluster × timepoint pseudobulk from the reprogramming dataset, with at least 20 cells (n = 22). Distance is the nearest-neighbour Euclidean distance to the GTEx training donors in a 50-component PCA space."
50,P65,no-source,,,,"number of PCA components; a stated parameter, not a stored result","Figure 5. A better age score makes the same mistake. (A) Frozen ruler score of the aged donor's cells by state; lower is scored younger. The dashed line is the 22-year-old donor's day-0 fibroblasts. Each value is one pseudobulk, with each donor's states normalised together. In the same 23,485 genes, the partially reprogrammed cells end twice as far from the young donor's cells as they started (Figure 2A). (B) The ruler scores cells far from its training data as young. Each point is one donor × cell-state cluster × timepoint pseudobulk from the reprogramming dataset, with at least 20 cells (n = 22). Distance is the nearest-neighbour Euclidean distance to the GTEx training donors in a 50-component PCA space."
7.7,P68,verified,results/newstory/partA_gap_drop.csv,drop_over_gap [joint],7.719071495150954,,"In the dataset where the distinction can be tested, what is scored as rejuvenation is well explained by departure from the aged state and is not accompanied by a measurable approach to a young cell of the same type. The MD score of the aged donor's partially reprogrammed fibroblasts falls by 7.7 times the difference between that donor and a 22-year-old donor in the same experiment, while in MD's own genes those cells end 2.2 times farther from the young donor's cells than they started. The same holds in the published age gene lists, in all 23,485 genes, in 400 random gene sets, against a GTEx-defined young group, and for a frozen ruler built to track donor age. Young-cell mixtures show the measure would have seen an approach had one occurred, and reverse tests show the movement is not mutual convergence of two donors."
22,P68,no-source,,,,donor age from the GSE297234 sample metadata; not stored under results/,"In the dataset where the distinction can be tested, what is scored as rejuvenation is well explained by departure from the aged state and is not accompanied by a measurable approach to a young cell of the same type. The MD score of the aged donor's partially reprogrammed fibroblasts falls by 7.7 times the difference between that donor and a 22-year-old donor in the same experiment, while in MD's own genes those cells end 2.2 times farther from the young donor's cells than they started. The same holds in the published age gene lists, in all 23,485 genes, in 400 random gene sets, against a GTEx-defined young group, and for a frozen ruler built to track donor age. Young-cell mixtures show the measure would have seen an approach had one occurred, and reverse tests show the movement is not mutual convergence of two donors."
2.2,P68,verified,results/newstory/partB_same_distances.csv,final_over_start [MD forward],2.1706005943801205,,"In the dataset where the distinction can be tested, what is scored as rejuvenation is well explained by departure from the aged state and is not accompanied by a measurable approach to a young cell of the same type. The MD score of the aged donor's partially reprogrammed fibroblasts falls by 7.7 times the difference between that donor and a 22-year-old donor in the same experiment, while in MD's own genes those cells end 2.2 times farther from the young donor's cells than they started. The same holds in the published age gene lists, in all 23,485 genes, in 400 random gene sets, against a GTEx-defined young group, and for a frozen ruler built to track donor age. Young-cell mixtures show the measure would have seen an approach had one occurred, and reverse tests show the movement is not mutual convergence of two donors."
"23,485",P68,verified,results/newstory/partB_meta.json,spaces/FULL,23485,,"In the dataset where the distinction can be tested, what is scored as rejuvenation is well explained by departure from the aged state and is not accompanied by a measurable approach to a young cell of the same type. The MD score of the aged donor's partially reprogrammed fibroblasts falls by 7.7 times the difference between that donor and a 22-year-old donor in the same experiment, while in MD's own genes those cells end 2.2 times farther from the young donor's cells than they started. The same holds in the published age gene lists, in all 23,485 genes, in 400 random gene sets, against a GTEx-defined young group, and for a frozen ruler built to track donor age. Young-cell mixtures show the measure would have seen an approach had one occurred, and reverse tests show the movement is not mutual convergence of two donors."
400,P68,verified,results/newstory/partB_random_sets_counts.csv,"n_sets, 200 at MD size plus 200 at AGE size",200 + 200,,"In the dataset where the distinction can be tested, what is scored as rejuvenation is well explained by departure from the aged state and is not accompanied by a measurable approach to a young cell of the same type. The MD score of the aged donor's partially reprogrammed fibroblasts falls by 7.7 times the difference between that donor and a 22-year-old donor in the same experiment, while in MD's own genes those cells end 2.2 times farther from the young donor's cells than they started. The same holds in the published age gene lists, in all 23,485 genes, in 400 random gene sets, against a GTEx-defined young group, and for a frozen ruler built to track donor age. Young-cell mixtures show the measure would have seen an approach had one occurred, and reverse tests show the movement is not mutual convergence of two donors."
"1,836",P73,no-source,,,,the transcription-factor count is recorded in SURVEY_TF.md from BioProject PRJNA1108254; no file under results/ stores it,"A direct next test is whether any of the 1,836 transcription-factor perturbations in the Southard et al. fibroblast CRISPRa Perturb-seq screen produces a measurable approach to a young target rather than only departure from an old one."
3,P76,not_a_claim,results/md3/t1_occupancy_pooled.csv,column n_d3 [GM00731],timepoint label,sampling timepoint in the GSE297234 design,• The partially reprogrammed population tested is dominated by day-3 cells assayed during OSKM expression.
400,P79,verified,results/newstory/partB_random_sets_counts.csv,"n_sets, 200 at MD size plus 200 at AGE size",200 + 200,,"• The gene-space comparison tests whether the result depends on which genes are read, not whether some other signature could show an approach. The random sets are matched for size, expression level and detection, and none of the 400 showed one, but they are not an exhaustive search over gene sets."
+0.115,P81,verified,results/newstory/partB_mixture.csv,progress [FULL f=0.00],0.11458744592963613,,"• Some distance intervals in the all-gene and age-gene tests do not contain their point estimates and are flagged invalid; claims that depend on them rest on point estimates. The zero-mixture progress offset in all genes (+0.115) is reported as a noise floor, but its direction was not explained (Supplementary Note 2)."
2,P81,not_a_claim,,,,"cross-reference to a figure, table or note","• Some distance intervals in the all-gene and age-gene tests do not contain their point estimates and are flagged invalid; claims that depend on them rest on point estimates. The zero-mixture progress offset in all genes (+0.115) is reported as a noise floor, but its direction was not explained (Supplementary Note 2)."
65,P82,verified,results/paper_figs/cxg_true_donor_results.csv,n_units [true_donor],65,,"• In the single-cell external fibroblast cohort, an integration of published studies, scores are one value per person (65 donors), and some recorded ages are placeholders. The ruler transfers, but its advantage over MD in that cohort is not distinguishable from zero."
0.01,P91,verified,results/fibro/freeze.json,alpha,0.01,,"The ruler is a ridge regression of donor chronological age on z-scored gene expression, fit through the n × n Gram matrix, and frozen with its coefficients and its training mean and standard deviation before any evaluation. The regularisation parameter was selected over the grid 0.01, 0.03, 0.1, 0.3, 1, 3, 10, 30, 100, 300, 1000, 3000, 10000 by minimising a leave-one-out residual sum of squares computed from the hat-matrix diagonal, not by grouped cross-validation. The frozen fibroblast ruler stores alpha = 0.01, the smallest value on the grid, so a smaller optimum cannot be excluded. The frozen fibroblast vector is the ridge coefficient vector, unit-normalised and sign-aligned so that the score increases with age. Transfers within GTEx use the full prediction (training mean age plus the ridge coefficients applied to the z-scored profile), which is in years. The external cohorts and all reprogramming analyses use the frozen unit-length score, which orders samples identically but has no intercept or scale and is not in years. Within-site fibroblast cross-validation, grouped by sequencing batch with up to five folds, reports ρ but does not choose alpha. The ruler was never refit on any evaluation cohort."
0.03,P91,no-source,,,,a stated analysis parameter that is not written to any file under results/,"The ruler is a ridge regression of donor chronological age on z-scored gene expression, fit through the n × n Gram matrix, and frozen with its coefficients and its training mean and standard deviation before any evaluation. The regularisation parameter was selected over the grid 0.01, 0.03, 0.1, 0.3, 1, 3, 10, 30, 100, 300, 1000, 3000, 10000 by minimising a leave-one-out residual sum of squares computed from the hat-matrix diagonal, not by grouped cross-validation. The frozen fibroblast ruler stores alpha = 0.01, the smallest value on the grid, so a smaller optimum cannot be excluded. The frozen fibroblast vector is the ridge coefficient vector, unit-normalised and sign-aligned so that the score increases with age. Transfers within GTEx use the full prediction (training mean age plus the ridge coefficients applied to the z-scored profile), which is in years. The external cohorts and all reprogramming analyses use the frozen unit-length score, which orders samples identically but has no intercept or scale and is not in years. Within-site fibroblast cross-validation, grouped by sequencing batch with up to five folds, reports ρ but does not choose alpha. The ruler was never refit on any evaluation cohort."
0.1,P91,no-source,,,,a stated analysis parameter that is not written to any file under results/,"The ruler is a ridge regression of donor chronological age on z-scored gene expression, fit through the n × n Gram matrix, and frozen with its coefficients and its training mean and standard deviation before any evaluation. The regularisation parameter was selected over the grid 0.01, 0.03, 0.1, 0.3, 1, 3, 10, 30, 100, 300, 1000, 3000, 10000 by minimising a leave-one-out residual sum of squares computed from the hat-matrix diagonal, not by grouped cross-validation. The frozen fibroblast ruler stores alpha = 0.01, the smallest value on the grid, so a smaller optimum cannot be excluded. The frozen fibroblast vector is the ridge coefficient vector, unit-normalised and sign-aligned so that the score increases with age. Transfers within GTEx use the full prediction (training mean age plus the ridge coefficients applied to the z-scored profile), which is in years. The external cohorts and all reprogramming analyses use the frozen unit-length score, which orders samples identically but has no intercept or scale and is not in years. Within-site fibroblast cross-validation, grouped by sequencing batch with up to five folds, reports ρ but does not choose alpha. The ruler was never refit on any evaluation cohort."
0.3,P91,no-source,,,,a stated analysis parameter that is not written to any file under results/,"The ruler is a ridge regression of donor chronological age on z-scored gene expression, fit through the n × n Gram matrix, and frozen with its coefficients and its training mean and standard deviation before any evaluation. The regularisation parameter was selected over the grid 0.01, 0.03, 0.1, 0.3, 1, 3, 10, 30, 100, 300, 1000, 3000, 10000 by minimising a leave-one-out residual sum of squares computed from the hat-matrix diagonal, not by grouped cross-validation. The frozen fibroblast ruler stores alpha = 0.01, the smallest value on the grid, so a smaller optimum cannot be excluded. The frozen fibroblast vector is the ridge coefficient vector, unit-normalised and sign-aligned so that the score increases with age. Transfers within GTEx use the full prediction (training mean age plus the ridge coefficients applied to the z-scored profile), which is in years. The external cohorts and all reprogramming analyses use the frozen unit-length score, which orders samples identically but has no intercept or scale and is not in years. Within-site fibroblast cross-validation, grouped by sequencing batch with up to five folds, reports ρ but does not choose alpha. The ruler was never refit on any evaluation cohort."
1,P91,not_a_claim,,,,a constant inside a stated formula or definition,"The ruler is a ridge regression of donor chronological age on z-scored gene expression, fit through the n × n Gram matrix, and frozen with its coefficients and its training mean and standard deviation before any evaluation. The regularisation parameter was selected over the grid 0.01, 0.03, 0.1, 0.3, 1, 3, 10, 30, 100, 300, 1000, 3000, 10000 by minimising a leave-one-out residual sum of squares computed from the hat-matrix diagonal, not by grouped cross-validation. The frozen fibroblast ruler stores alpha = 0.01, the smallest value on the grid, so a smaller optimum cannot be excluded. The frozen fibroblast vector is the ridge coefficient vector, unit-normalised and sign-aligned so that the score increases with age. Transfers within GTEx use the full prediction (training mean age plus the ridge coefficients applied to the z-scored profile), which is in years. The external cohorts and all reprogramming analyses use the frozen unit-length score, which orders samples identically but has no intercept or scale and is not in years. Within-site fibroblast cross-validation, grouped by sequencing batch with up to five folds, reports ρ but does not choose alpha. The ruler was never refit on any evaluation cohort."
3,P91,no-source,,,,a stated analysis parameter that is not written to any file under results/,"The ruler is a ridge regression of donor chronological age on z-scored gene expression, fit through the n × n Gram matrix, and frozen with its coefficients and its training mean and standard deviation before any evaluation. The regularisation parameter was selected over the grid 0.01, 0.03, 0.1, 0.3, 1, 3, 10, 30, 100, 300, 1000, 3000, 10000 by minimising a leave-one-out residual sum of squares computed from the hat-matrix diagonal, not by grouped cross-validation. The frozen fibroblast ruler stores alpha = 0.01, the smallest value on the grid, so a smaller optimum cannot be excluded. The frozen fibroblast vector is the ridge coefficient vector, unit-normalised and sign-aligned so that the score increases with age. Transfers within GTEx use the full prediction (training mean age plus the ridge coefficients applied to the z-scored profile), which is in years. The external cohorts and all reprogramming analyses use the frozen unit-length score, which orders samples identically but has no intercept or scale and is not in years. Within-site fibroblast cross-validation, grouped by sequencing batch with up to five folds, reports ρ but does not choose alpha. The ruler was never refit on any evaluation cohort."
10,P91,no-source,,,,a stated analysis parameter that is not written to any file under results/,"The ruler is a ridge regression of donor chronological age on z-scored gene expression, fit through the n × n Gram matrix, and frozen with its coefficients and its training mean and standard deviation before any evaluation. The regularisation parameter was selected over the grid 0.01, 0.03, 0.1, 0.3, 1, 3, 10, 30, 100, 300, 1000, 3000, 10000 by minimising a leave-one-out residual sum of squares computed from the hat-matrix diagonal, not by grouped cross-validation. The frozen fibroblast ruler stores alpha = 0.01, the smallest value on the grid, so a smaller optimum cannot be excluded. The frozen fibroblast vector is the ridge coefficient vector, unit-normalised and sign-aligned so that the score increases with age. Transfers within GTEx use the full prediction (training mean age plus the ridge coefficients applied to the z-scored profile), which is in years. The external cohorts and all reprogramming analyses use the frozen unit-length score, which orders samples identically but has no intercept or scale and is not in years. Within-site fibroblast cross-validation, grouped by sequencing batch with up to five folds, reports ρ but does not choose alpha. The ruler was never refit on any evaluation cohort."
30,P91,no-source,,,,a stated analysis parameter that is not written to any file under results/,"The ruler is a ridge regression of donor chronological age on z-scored gene expression, fit through the n × n Gram matrix, and frozen with its coefficients and its training mean and standard deviation before any evaluation. The regularisation parameter was selected over the grid 0.01, 0.03, 0.1, 0.3, 1, 3, 10, 30, 100, 300, 1000, 3000, 10000 by minimising a leave-one-out residual sum of squares computed from the hat-matrix diagonal, not by grouped cross-validation. The frozen fibroblast ruler stores alpha = 0.01, the smallest value on the grid, so a smaller optimum cannot be excluded. The frozen fibroblast vector is the ridge coefficient vector, unit-normalised and sign-aligned so that the score increases with age. Transfers within GTEx use the full prediction (training mean age plus the ridge coefficients applied to the z-scored profile), which is in years. The external cohorts and all reprogramming analyses use the frozen unit-length score, which orders samples identically but has no intercept or scale and is not in years. Within-site fibroblast cross-validation, grouped by sequencing batch with up to five folds, reports ρ but does not choose alpha. The ruler was never refit on any evaluation cohort."
100,P91,no-source,,,,a stated analysis parameter that is not written to any file under results/,"The ruler is a ridge regression of donor chronological age on z-scored gene expression, fit through the n × n Gram matrix, and frozen with its coefficients and its training mean and standard deviation before any evaluation. The regularisation parameter was selected over the grid 0.01, 0.03, 0.1, 0.3, 1, 3, 10, 30, 100, 300, 1000, 3000, 10000 by minimising a leave-one-out residual sum of squares computed from the hat-matrix diagonal, not by grouped cross-validation. The frozen fibroblast ruler stores alpha = 0.01, the smallest value on the grid, so a smaller optimum cannot be excluded. The frozen fibroblast vector is the ridge coefficient vector, unit-normalised and sign-aligned so that the score increases with age. Transfers within GTEx use the full prediction (training mean age plus the ridge coefficients applied to the z-scored profile), which is in years. The external cohorts and all reprogramming analyses use the frozen unit-length score, which orders samples identically but has no intercept or scale and is not in years. Within-site fibroblast cross-validation, grouped by sequencing batch with up to five folds, reports ρ but does not choose alpha. The ruler was never refit on any evaluation cohort."
300,P91,no-source,,,,a stated analysis parameter that is not written to any file under results/,"The ruler is a ridge regression of donor chronological age on z-scored gene expression, fit through the n × n Gram matrix, and frozen with its coefficients and its training mean and standard deviation before any evaluation. The regularisation parameter was selected over the grid 0.01, 0.03, 0.1, 0.3, 1, 3, 10, 30, 100, 300, 1000, 3000, 10000 by minimising a leave-one-out residual sum of squares computed from the hat-matrix diagonal, not by grouped cross-validation. The frozen fibroblast ruler stores alpha = 0.01, the smallest value on the grid, so a smaller optimum cannot be excluded. The frozen fibroblast vector is the ridge coefficient vector, unit-normalised and sign-aligned so that the score increases with age. Transfers within GTEx use the full prediction (training mean age plus the ridge coefficients applied to the z-scored profile), which is in years. The external cohorts and all reprogramming analyses use the frozen unit-length score, which orders samples identically but has no intercept or scale and is not in years. Within-site fibroblast cross-validation, grouped by sequencing batch with up to five folds, reports ρ but does not choose alpha. The ruler was never refit on any evaluation cohort."
1000,P91,no-source,,,,a stated analysis parameter that is not written to any file under results/,"The ruler is a ridge regression of donor chronological age on z-scored gene expression, fit through the n × n Gram matrix, and frozen with its coefficients and its training mean and standard deviation before any evaluation. The regularisation parameter was selected over the grid 0.01, 0.03, 0.1, 0.3, 1, 3, 10, 30, 100, 300, 1000, 3000, 10000 by minimising a leave-one-out residual sum of squares computed from the hat-matrix diagonal, not by grouped cross-validation. The frozen fibroblast ruler stores alpha = 0.01, the smallest value on the grid, so a smaller optimum cannot be excluded. The frozen fibroblast vector is the ridge coefficient vector, unit-normalised and sign-aligned so that the score increases with age. Transfers within GTEx use the full prediction (training mean age plus the ridge coefficients applied to the z-scored profile), which is in years. The external cohorts and all reprogramming analyses use the frozen unit-length score, which orders samples identically but has no intercept or scale and is not in years. Within-site fibroblast cross-validation, grouped by sequencing batch with up to five folds, reports ρ but does not choose alpha. The ruler was never refit on any evaluation cohort."
3000,P91,no-source,,,,a stated analysis parameter that is not written to any file under results/,"The ruler is a ridge regression of donor chronological age on z-scored gene expression, fit through the n × n Gram matrix, and frozen with its coefficients and its training mean and standard deviation before any evaluation. The regularisation parameter was selected over the grid 0.01, 0.03, 0.1, 0.3, 1, 3, 10, 30, 100, 300, 1000, 3000, 10000 by minimising a leave-one-out residual sum of squares computed from the hat-matrix diagonal, not by grouped cross-validation. The frozen fibroblast ruler stores alpha = 0.01, the smallest value on the grid, so a smaller optimum cannot be excluded. The frozen fibroblast vector is the ridge coefficient vector, unit-normalised and sign-aligned so that the score increases with age. Transfers within GTEx use the full prediction (training mean age plus the ridge coefficients applied to the z-scored profile), which is in years. The external cohorts and all reprogramming analyses use the frozen unit-length score, which orders samples identically but has no intercept or scale and is not in years. Within-site fibroblast cross-validation, grouped by sequencing batch with up to five folds, reports ρ but does not choose alpha. The ruler was never refit on any evaluation cohort."
10000,P91,no-source,,,,a stated analysis parameter that is not written to any file under results/,"The ruler is a ridge regression of donor chronological age on z-scored gene expression, fit through the n × n Gram matrix, and frozen with its coefficients and its training mean and standard deviation before any evaluation. The regularisation parameter was selected over the grid 0.01, 0.03, 0.1, 0.3, 1, 3, 10, 30, 100, 300, 1000, 3000, 10000 by minimising a leave-one-out residual sum of squares computed from the hat-matrix diagonal, not by grouped cross-validation. The frozen fibroblast ruler stores alpha = 0.01, the smallest value on the grid, so a smaller optimum cannot be excluded. The frozen fibroblast vector is the ridge coefficient vector, unit-normalised and sign-aligned so that the score increases with age. Transfers within GTEx use the full prediction (training mean age plus the ridge coefficients applied to the z-scored profile), which is in years. The external cohorts and all reprogramming analyses use the frozen unit-length score, which orders samples identically but has no intercept or scale and is not in years. Within-site fibroblast cross-validation, grouped by sequencing batch with up to five folds, reports ρ but does not choose alpha. The ruler was never refit on any evaluation cohort."
0.01,P91,verified,results/fibro/freeze.json,alpha,0.01,,"The ruler is a ridge regression of donor chronological age on z-scored gene expression, fit through the n × n Gram matrix, and frozen with its coefficients and its training mean and standard deviation before any evaluation. The regularisation parameter was selected over the grid 0.01, 0.03, 0.1, 0.3, 1, 3, 10, 30, 100, 300, 1000, 3000, 10000 by minimising a leave-one-out residual sum of squares computed from the hat-matrix diagonal, not by grouped cross-validation. The frozen fibroblast ruler stores alpha = 0.01, the smallest value on the grid, so a smaller optimum cannot be excluded. The frozen fibroblast vector is the ridge coefficient vector, unit-normalised and sign-aligned so that the score increases with age. Transfers within GTEx use the full prediction (training mean age plus the ridge coefficients applied to the z-scored profile), which is in years. The external cohorts and all reprogramming analyses use the frozen unit-length score, which orders samples identically but has no intercept or scale and is not in years. Within-site fibroblast cross-validation, grouped by sequencing batch with up to five folds, reports ρ but does not choose alpha. The ruler was never refit on any evaluation cohort."
652,P92,verified,results/genespace/summary.json,anchors/n_donors,652,,"Training data. GTEx v10 cultured fibroblasts, 652 donors including the seven donors at the small collection site D1, 23,485 genes after filtering. Genes were retained at a count of at least 6 in at least 20% of samples. Counts were TMM-normalised (edgeR-style, log-ratio trim 0.30, absolute-expression trim 0.05, factors scaled to geometric mean 1), converted to log2 counts per million with prior count 2, and z-scored with the training mean and standard deviation; standard deviations below 1e-12 were set to 1. Site D1 is included in the freeze and excluded from the B1 to C1 transfer and from within-site cross-validation, which is stated rather than silently applied."
"23,485",P92,verified,results/newstory/partB_meta.json,spaces/FULL,23485,,"Training data. GTEx v10 cultured fibroblasts, 652 donors including the seven donors at the small collection site D1, 23,485 genes after filtering. Genes were retained at a count of at least 6 in at least 20% of samples. Counts were TMM-normalised (edgeR-style, log-ratio trim 0.30, absolute-expression trim 0.05, factors scaled to geometric mean 1), converted to log2 counts per million with prior count 2, and z-scored with the training mean and standard deviation; standard deviations below 1e-12 were set to 1. Site D1 is included in the freeze and excluded from the B1 to C1 transfer and from within-site cross-validation, which is stated rather than silently applied."
6,P92,verified,results/fibro/freeze.json,gene filter: min count,6,,"Training data. GTEx v10 cultured fibroblasts, 652 donors including the seven donors at the small collection site D1, 23,485 genes after filtering. Genes were retained at a count of at least 6 in at least 20% of samples. Counts were TMM-normalised (edgeR-style, log-ratio trim 0.30, absolute-expression trim 0.05, factors scaled to geometric mean 1), converted to log2 counts per million with prior count 2, and z-scored with the training mean and standard deviation; standard deviations below 1e-12 were set to 1. Site D1 is included in the freeze and excluded from the B1 to C1 transfer and from within-site cross-validation, which is stated rather than silently applied."
20,P92,verified,results/fibro/freeze.json,gene filter: min fraction of samples (%),0.2,,"Training data. GTEx v10 cultured fibroblasts, 652 donors including the seven donors at the small collection site D1, 23,485 genes after filtering. Genes were retained at a count of at least 6 in at least 20% of samples. Counts were TMM-normalised (edgeR-style, log-ratio trim 0.30, absolute-expression trim 0.05, factors scaled to geometric mean 1), converted to log2 counts per million with prior count 2, and z-scored with the training mean and standard deviation; standard deviations below 1e-12 were set to 1. Site D1 is included in the freeze and excluded from the B1 to C1 transfer and from within-site cross-validation, which is stated rather than silently applied."
0.30,P92,no-source,,,,a stated analysis parameter that is not written to any file under results/,"Training data. GTEx v10 cultured fibroblasts, 652 donors including the seven donors at the small collection site D1, 23,485 genes after filtering. Genes were retained at a count of at least 6 in at least 20% of samples. Counts were TMM-normalised (edgeR-style, log-ratio trim 0.30, absolute-expression trim 0.05, factors scaled to geometric mean 1), converted to log2 counts per million with prior count 2, and z-scored with the training mean and standard deviation; standard deviations below 1e-12 were set to 1. Site D1 is included in the freeze and excluded from the B1 to C1 transfer and from within-site cross-validation, which is stated rather than silently applied."
0.05,P92,no-source,,,,a stated analysis parameter that is not written to any file under results/,"Training data. GTEx v10 cultured fibroblasts, 652 donors including the seven donors at the small collection site D1, 23,485 genes after filtering. Genes were retained at a count of at least 6 in at least 20% of samples. Counts were TMM-normalised (edgeR-style, log-ratio trim 0.30, absolute-expression trim 0.05, factors scaled to geometric mean 1), converted to log2 counts per million with prior count 2, and z-scored with the training mean and standard deviation; standard deviations below 1e-12 were set to 1. Site D1 is included in the freeze and excluded from the B1 to C1 transfer and from within-site cross-validation, which is stated rather than silently applied."
1,P92,not_a_claim,,,,a constant inside a stated formula or definition,"Training data. GTEx v10 cultured fibroblasts, 652 donors including the seven donors at the small collection site D1, 23,485 genes after filtering. Genes were retained at a count of at least 6 in at least 20% of samples. Counts were TMM-normalised (edgeR-style, log-ratio trim 0.30, absolute-expression trim 0.05, factors scaled to geometric mean 1), converted to log2 counts per million with prior count 2, and z-scored with the training mean and standard deviation; standard deviations below 1e-12 were set to 1. Site D1 is included in the freeze and excluded from the B1 to C1 transfer and from within-site cross-validation, which is stated rather than silently applied."
2,P92,verified,results/fibro/freeze.json,log2 CPM prior count,2,,"Training data. GTEx v10 cultured fibroblasts, 652 donors including the seven donors at the small collection site D1, 23,485 genes after filtering. Genes were retained at a count of at least 6 in at least 20% of samples. Counts were TMM-normalised (edgeR-style, log-ratio trim 0.30, absolute-expression trim 0.05, factors scaled to geometric mean 1), converted to log2 counts per million with prior count 2, and z-scored with the training mean and standard deviation; standard deviations below 1e-12 were set to 1. Site D1 is included in the freeze and excluded from the B1 to C1 transfer and from within-site cross-validation, which is stated rather than silently applied."
1e-12,P92,no-source,,,,a stated analysis parameter that is not written to any file under results/,"Training data. GTEx v10 cultured fibroblasts, 652 donors including the seven donors at the small collection site D1, 23,485 genes after filtering. Genes were retained at a count of at least 6 in at least 20% of samples. Counts were TMM-normalised (edgeR-style, log-ratio trim 0.30, absolute-expression trim 0.05, factors scaled to geometric mean 1), converted to log2 counts per million with prior count 2, and z-scored with the training mean and standard deviation; standard deviations below 1e-12 were set to 1. Site D1 is included in the freeze and excluded from the B1 to C1 transfer and from within-site cross-validation, which is stated rather than silently applied."
1,P92,not_a_claim,,,,a constant inside a stated formula or definition,"Training data. GTEx v10 cultured fibroblasts, 652 donors including the seven donors at the small collection site D1, 23,485 genes after filtering. Genes were retained at a count of at least 6 in at least 20% of samples. Counts were TMM-normalised (edgeR-style, log-ratio trim 0.30, absolute-expression trim 0.05, factors scaled to geometric mean 1), converted to log2 counts per million with prior count 2, and z-scored with the training mean and standard deviation; standard deviations below 1e-12 were set to 1. Site D1 is included in the freeze and excluded from the B1 to C1 transfer and from within-site cross-validation, which is stated rather than silently applied."
65,P94,verified,results/paper_figs/cxg_true_donor_results.csv,n_units [true_donor],65,,"Analysis unit in the fibroblast atlas. The atlas's donor field holds one identifier per sequencing sample in several constituent studies. Each identifier was traced to its source study and the original author's donor identifier, and pseudobulk scores were averaged within each person before any correlation, permutation or bootstrap, giving 65 donors (64 after dropping pseudobulks with fewer than 30 cells, which gave the same conclusion). Seeds and resampling settings were unchanged."
64,P94,verified,results/paper_figs/cxg_true_donor_results.csv,n_units [true_donor_pseudobulk_ge30cells],64,,"Analysis unit in the fibroblast atlas. The atlas's donor field holds one identifier per sequencing sample in several constituent studies. Each identifier was traced to its source study and the original author's donor identifier, and pseudobulk scores were averaged within each person before any correlation, permutation or bootstrap, giving 65 donors (64 after dropping pseudobulks with fewer than 30 cells, which gave the same conclusion). Seeds and resampling settings were unchanged."
30,P94,no-source,,,,"the minimum-cell threshold for the sensitivity analysis; a threshold, not a stored result","Analysis unit in the fibroblast atlas. The atlas's donor field holds one identifier per sequencing sample in several constituent studies. Each identifier was traced to its source study and the original author's donor identifier, and pseudobulk scores were averaged within each person before any correlation, permutation or bootstrap, giving 65 donors (64 after dropping pseudobulks with fewer than 30 cells, which gave the same conclusion). Seeds and resampling settings were unchanged."
2,P96,not_a_claim,,,,a constant inside a stated formula or definition,"All datasets, including the external cohorts and the reprogramming data, are processed identically to the training set: counts summed per group, TMM-normalised, converted to log2 CPM with prior count 2 across that analysis's own pseudobulk panel, then z-scored with the frozen GTEx training mean and standard deviation. Genes absent from the new dataset are set to zero after the frozen z-score, as are genes present but all-zero in that panel. Of the 23,485 ruler genes, 21,351 are present in GSE226189, 17,047 in the fibroblast atlas and 20,452 in GSE297234. Because TMM is estimated within each analysis panel, a statistic computed on that panel is coupled to the panel's membership, which is why bootstrap resamples re-estimate it."
"23,485",P96,verified,results/newstory/partB_meta.json,spaces/FULL,23485,,"All datasets, including the external cohorts and the reprogramming data, are processed identically to the training set: counts summed per group, TMM-normalised, converted to log2 CPM with prior count 2 across that analysis's own pseudobulk panel, then z-scored with the frozen GTEx training mean and standard deviation. Genes absent from the new dataset are set to zero after the frozen z-score, as are genes present but all-zero in that panel. Of the 23,485 ruler genes, 21,351 are present in GSE226189, 17,047 in the fibroblast atlas and 20,452 in GSE297234. Because TMM is estimated within each analysis panel, a statistic computed on that panel is coupled to the panel's membership, which is why bootstrap resamples re-estimate it."
"21,351",P96,verified,results/md3/t2_instruments.csv,n_genes_mapped [gse226189_ruler_check],21351,,"All datasets, including the external cohorts and the reprogramming data, are processed identically to the training set: counts summed per group, TMM-normalised, converted to log2 CPM with prior count 2 across that analysis's own pseudobulk panel, then z-scored with the frozen GTEx training mean and standard deviation. Genes absent from the new dataset are set to zero after the frozen z-score, as are genes present but all-zero in that panel. Of the 23,485 ruler genes, 21,351 are present in GSE226189, 17,047 in the fibroblast atlas and 20,452 in GSE297234. Because TMM is estimated within each analysis panel, a statistic computed on that panel is coupled to the panel's membership, which is why bootstrap resamples re-estimate it."
"17,047",P96,verified,results/md3/t2_instruments.csv,n_genes_mapped [cxg_ruler_check],17047,,"All datasets, including the external cohorts and the reprogramming data, are processed identically to the training set: counts summed per group, TMM-normalised, converted to log2 CPM with prior count 2 across that analysis's own pseudobulk panel, then z-scored with the frozen GTEx training mean and standard deviation. Genes absent from the new dataset are set to zero after the frozen z-score, as are genes present but all-zero in that panel. Of the 23,485 ruler genes, 21,351 are present in GSE226189, 17,047 in the fibroblast atlas and 20,452 in GSE297234. Because TMM is estimated within each analysis panel, a statistic computed on that panel is coupled to the panel's membership, which is why bootstrap resamples re-estimate it."
"20,452",P96,verified,results/fibro/stage2_allcell_align.json,[0]/n_overlap,20452,,"All datasets, including the external cohorts and the reprogramming data, are processed identically to the training set: counts summed per group, TMM-normalised, converted to log2 CPM with prior count 2 across that analysis's own pseudobulk panel, then z-scored with the frozen GTEx training mean and standard deviation. Genes absent from the new dataset are set to zero after the frozen z-score, as are genes present but all-zero in that panel. Of the 23,485 ruler genes, 21,351 are present in GSE226189, 17,047 in the fibroblast atlas and 20,452 in GSE297234. Because TMM is estimated within each analysis panel, a statistic computed on that panel is coupled to the panel's membership, which is why bootstrap resamples re-estimate it."
0,P98,not_a_claim,results/md3/t1_occupancy_pooled.csv,column n_d0 [GM00731],timepoint label,sampling timepoint in the GSE297234 design,"For a displacement d from an origin pseudobulk toward a target direction v we report three quantities. Cosine alignment is d·v / (‖d‖ ‖v‖). Progress along the axis is d·v / ‖v‖², which equals 0 at the origin and 1 at the target. The change in distance is ‖z_S − z_target‖ − ‖z_origin − z_target‖, so a positive value means the state ended farther from the target. The sideways component is ‖d − progress·v‖ / ‖v‖, in units of the axis length. In the same-platform test, where the axis ends at the target, final distance divided by starting distance equals √((1 − progress)² + sideways²), so a state ends closer only if it falls inside the unit circle drawn in Figures 1B and 2."
1,P98,not_a_claim,,,,a constant inside a stated formula or definition,"For a displacement d from an origin pseudobulk toward a target direction v we report three quantities. Cosine alignment is d·v / (‖d‖ ‖v‖). Progress along the axis is d·v / ‖v‖², which equals 0 at the origin and 1 at the target. The change in distance is ‖z_S − z_target‖ − ‖z_origin − z_target‖, so a positive value means the state ended farther from the target. The sideways component is ‖d − progress·v‖ / ‖v‖, in units of the axis length. In the same-platform test, where the axis ends at the target, final distance divided by starting distance equals √((1 − progress)² + sideways²), so a state ends closer only if it falls inside the unit circle drawn in Figures 1B and 2."
1,P98,not_a_claim,,,,a constant inside a stated formula or definition,"For a displacement d from an origin pseudobulk toward a target direction v we report three quantities. Cosine alignment is d·v / (‖d‖ ‖v‖). Progress along the axis is d·v / ‖v‖², which equals 0 at the origin and 1 at the target. The change in distance is ‖z_S − z_target‖ − ‖z_origin − z_target‖, so a positive value means the state ended farther from the target. The sideways component is ‖d − progress·v‖ / ‖v‖, in units of the axis length. In the same-platform test, where the axis ends at the target, final distance divided by starting distance equals √((1 − progress)² + sideways²), so a state ends closer only if it falls inside the unit circle drawn in Figures 1B and 2."
1,P98,not_a_claim,,,,a constant inside a stated formula or definition,"For a displacement d from an origin pseudobulk toward a target direction v we report three quantities. Cosine alignment is d·v / (‖d‖ ‖v‖). Progress along the axis is d·v / ‖v‖², which equals 0 at the origin and 1 at the target. The change in distance is ‖z_S − z_target‖ − ‖z_origin − z_target‖, so a positive value means the state ended farther from the target. The sideways component is ‖d − progress·v‖ / ‖v‖, in units of the axis length. In the same-platform test, where the axis ends at the target, final distance divided by starting distance equals √((1 − progress)² + sideways²), so a state ends closer only if it falls inside the unit circle drawn in Figures 1B and 2."
2,P98,not_a_claim,,,,a constant inside a stated formula or definition,"For a displacement d from an origin pseudobulk toward a target direction v we report three quantities. Cosine alignment is d·v / (‖d‖ ‖v‖). Progress along the axis is d·v / ‖v‖², which equals 0 at the origin and 1 at the target. The change in distance is ‖z_S − z_target‖ − ‖z_origin − z_target‖, so a positive value means the state ended farther from the target. The sideways component is ‖d − progress·v‖ / ‖v‖, in units of the axis length. In the same-platform test, where the axis ends at the target, final distance divided by starting distance equals √((1 − progress)² + sideways²), so a state ends closer only if it falls inside the unit circle drawn in Figures 1B and 2."
0,P99,not_a_claim,results/md3/t1_occupancy_pooled.csv,column n_d0 [GM00731],timepoint label,sampling timepoint in the GSE297234 design,"The two cosines in this paper are not interchangeable and are never combined. In the GTEx-anchored test the target direction is the unit vector from the old centroid to the young centroid, and the reported change in distance is to the young centroid. In the same-platform test the axis runs from one donor's day-0 cells to the other donor's day-0 cells, and progress is the projection defined above. This distinction matters numerically: the change in distance at pluripotency is +184 on the GTEx axis and +382 within the experiment, and those are two different measurements of two different things."
0,P99,not_a_claim,results/md3/t1_occupancy_pooled.csv,column n_d0 [GM00731],timepoint label,sampling timepoint in the GSE297234 design,"The two cosines in this paper are not interchangeable and are never combined. In the GTEx-anchored test the target direction is the unit vector from the old centroid to the young centroid, and the reported change in distance is to the young centroid. In the same-platform test the axis runs from one donor's day-0 cells to the other donor's day-0 cells, and progress is the projection defined above. This distinction matters numerically: the change in distance at pluripotency is +184 on the GTEx axis and +382 within the experiment, and those are two different measurements of two different things."
+184,P99,verified,results/newstory/partB_gtex_distances.csv,delta_young [FULL GM00731 Pluripotency],184.04936725232898,,"The two cosines in this paper are not interchangeable and are never combined. In the GTEx-anchored test the target direction is the unit vector from the old centroid to the young centroid, and the reported change in distance is to the young centroid. In the same-platform test the axis runs from one donor's day-0 cells to the other donor's day-0 cells, and progress is the projection defined above. This distinction matters numerically: the change in distance at pluripotency is +184 on the GTEx axis and +382 within the experiment, and those are two different measurements of two different things."
+382,P99,verified,results/newstory/partB_same_distances.csv,delta [FULL Pluri],382.1055693488854,,"The two cosines in this paper are not interchangeable and are never combined. In the GTEx-anchored test the target direction is the unit vector from the old centroid to the young centroid, and the reported change in distance is to the young centroid. In the same-platform test the axis runs from one donor's day-0 cells to the other donor's day-0 cells, and progress is the projection defined above. This distinction matters numerically: the change in distance at pluripotency is +184 on the GTEx axis and +382 within the experiment, and those are two different measurements of two different things."
"3,000",P102,no-source,,,,Louvain clustering parameter stated in Methods; not written to a file under results/,"Cells were assigned to five states (fibroblast, partially reprogrammed, early pluripotent, pluripotent and non-reprogrammed) by Louvain clustering of each donor's cells separately, with a Python reimplementation of the published pipeline (log-normalisation with regression on the mitochondrial fraction, 3,000 variable genes, 50 principal components, resolution 0.8; the published pipeline uses sctransform in Seurat, which was not available), and labelling each cluster with the published state signatures. States are pooled across timepoints within each donor. Two alternative labellings were used as checks. Re-clustering both donors together, as Lu et al. did, changed the label of 7.8% of the aged donor's cells and 8.3% of the young donor's. The authors' published per-cell states (16 sub-states in the combined object deposited with GSE297234, grouped into the five states by name) agree with ours for 80% of the aged donor's cells and 72% of the young donor's; cells absent from the published object were excluded. Where day-0 fibroblast membership changed, the day-0 half-split was redrawn with the same seed. With the joint labels, the change in distance to the young target was +133.3 in all genes and +17.5 in the MD genes (original labels +130.9 and +17.1); with the published labels, +135.8 and +17.8. In every case the mixture control passed and the interval on the forward-minus-reverse asymmetry excluded zero, and the MD drop was 7.8 and 8.0 times the donor gap (original 7.7). The GTEx-anchored change in distance to the young centroid was +9.4 with the joint labels and +15.8 with the published labels (original +9.4)."
50,P102,no-source,,,,Louvain clustering parameter stated in Methods; not written to a file under results/,"Cells were assigned to five states (fibroblast, partially reprogrammed, early pluripotent, pluripotent and non-reprogrammed) by Louvain clustering of each donor's cells separately, with a Python reimplementation of the published pipeline (log-normalisation with regression on the mitochondrial fraction, 3,000 variable genes, 50 principal components, resolution 0.8; the published pipeline uses sctransform in Seurat, which was not available), and labelling each cluster with the published state signatures. States are pooled across timepoints within each donor. Two alternative labellings were used as checks. Re-clustering both donors together, as Lu et al. did, changed the label of 7.8% of the aged donor's cells and 8.3% of the young donor's. The authors' published per-cell states (16 sub-states in the combined object deposited with GSE297234, grouped into the five states by name) agree with ours for 80% of the aged donor's cells and 72% of the young donor's; cells absent from the published object were excluded. Where day-0 fibroblast membership changed, the day-0 half-split was redrawn with the same seed. With the joint labels, the change in distance to the young target was +133.3 in all genes and +17.5 in the MD genes (original labels +130.9 and +17.1); with the published labels, +135.8 and +17.8. In every case the mixture control passed and the interval on the forward-minus-reverse asymmetry excluded zero, and the MD drop was 7.8 and 8.0 times the donor gap (original 7.7). The GTEx-anchored change in distance to the young centroid was +9.4 with the joint labels and +15.8 with the published labels (original +9.4)."
0.8,P102,no-source,,,,Louvain clustering parameter stated in Methods; not written to a file under results/,"Cells were assigned to five states (fibroblast, partially reprogrammed, early pluripotent, pluripotent and non-reprogrammed) by Louvain clustering of each donor's cells separately, with a Python reimplementation of the published pipeline (log-normalisation with regression on the mitochondrial fraction, 3,000 variable genes, 50 principal components, resolution 0.8; the published pipeline uses sctransform in Seurat, which was not available), and labelling each cluster with the published state signatures. States are pooled across timepoints within each donor. Two alternative labellings were used as checks. Re-clustering both donors together, as Lu et al. did, changed the label of 7.8% of the aged donor's cells and 8.3% of the young donor's. The authors' published per-cell states (16 sub-states in the combined object deposited with GSE297234, grouped into the five states by name) agree with ours for 80% of the aged donor's cells and 72% of the young donor's; cells absent from the published object were excluded. Where day-0 fibroblast membership changed, the day-0 half-split was redrawn with the same seed. With the joint labels, the change in distance to the young target was +133.3 in all genes and +17.5 in the MD genes (original labels +130.9 and +17.1); with the published labels, +135.8 and +17.8. In every case the mixture control passed and the interval on the forward-minus-reverse asymmetry excluded zero, and the MD drop was 7.8 and 8.0 times the donor gap (original 7.7). The GTEx-anchored change in distance to the young centroid was +9.4 with the joint labels and +15.8 with the published labels (original +9.4)."
7.8,P102,verified,results/relabel_check/agreement_summary.csv,share_unchanged [GM00731 old x joint] (1 - 0.9223),0.9222844749683716,,"Cells were assigned to five states (fibroblast, partially reprogrammed, early pluripotent, pluripotent and non-reprogrammed) by Louvain clustering of each donor's cells separately, with a Python reimplementation of the published pipeline (log-normalisation with regression on the mitochondrial fraction, 3,000 variable genes, 50 principal components, resolution 0.8; the published pipeline uses sctransform in Seurat, which was not available), and labelling each cluster with the published state signatures. States are pooled across timepoints within each donor. Two alternative labellings were used as checks. Re-clustering both donors together, as Lu et al. did, changed the label of 7.8% of the aged donor's cells and 8.3% of the young donor's. The authors' published per-cell states (16 sub-states in the combined object deposited with GSE297234, grouped into the five states by name) agree with ours for 80% of the aged donor's cells and 72% of the young donor's; cells absent from the published object were excluded. Where day-0 fibroblast membership changed, the day-0 half-split was redrawn with the same seed. With the joint labels, the change in distance to the young target was +133.3 in all genes and +17.5 in the MD genes (original labels +130.9 and +17.1); with the published labels, +135.8 and +17.8. In every case the mixture control passed and the interval on the forward-minus-reverse asymmetry excluded zero, and the MD drop was 7.8 and 8.0 times the donor gap (original 7.7). The GTEx-anchored change in distance to the young centroid was +9.4 with the joint labels and +15.8 with the published labels (original +9.4)."
8.3,P102,verified,results/relabel_check/agreement_summary.csv,share_unchanged [GM23815 old x joint] (1 - 0.9172),0.9172426014531277,,"Cells were assigned to five states (fibroblast, partially reprogrammed, early pluripotent, pluripotent and non-reprogrammed) by Louvain clustering of each donor's cells separately, with a Python reimplementation of the published pipeline (log-normalisation with regression on the mitochondrial fraction, 3,000 variable genes, 50 principal components, resolution 0.8; the published pipeline uses sctransform in Seurat, which was not available), and labelling each cluster with the published state signatures. States are pooled across timepoints within each donor. Two alternative labellings were used as checks. Re-clustering both donors together, as Lu et al. did, changed the label of 7.8% of the aged donor's cells and 8.3% of the young donor's. The authors' published per-cell states (16 sub-states in the combined object deposited with GSE297234, grouped into the five states by name) agree with ours for 80% of the aged donor's cells and 72% of the young donor's; cells absent from the published object were excluded. Where day-0 fibroblast membership changed, the day-0 half-split was redrawn with the same seed. With the joint labels, the change in distance to the young target was +133.3 in all genes and +17.5 in the MD genes (original labels +130.9 and +17.1); with the published labels, +135.8 and +17.8. In every case the mixture control passed and the interval on the forward-minus-reverse asymmetry excluded zero, and the MD drop was 7.8 and 8.0 times the donor gap (original 7.7). The GTEx-anchored change in distance to the young centroid was +9.4 with the joint labels and +15.8 with the published labels (original +9.4)."
16,P102,no-source,,,,"count of published sub-states in the GSE297234 combined object; a property of the deposit, not a stored output","Cells were assigned to five states (fibroblast, partially reprogrammed, early pluripotent, pluripotent and non-reprogrammed) by Louvain clustering of each donor's cells separately, with a Python reimplementation of the published pipeline (log-normalisation with regression on the mitochondrial fraction, 3,000 variable genes, 50 principal components, resolution 0.8; the published pipeline uses sctransform in Seurat, which was not available), and labelling each cluster with the published state signatures. States are pooled across timepoints within each donor. Two alternative labellings were used as checks. Re-clustering both donors together, as Lu et al. did, changed the label of 7.8% of the aged donor's cells and 8.3% of the young donor's. The authors' published per-cell states (16 sub-states in the combined object deposited with GSE297234, grouped into the five states by name) agree with ours for 80% of the aged donor's cells and 72% of the young donor's; cells absent from the published object were excluded. Where day-0 fibroblast membership changed, the day-0 half-split was redrawn with the same seed. With the joint labels, the change in distance to the young target was +133.3 in all genes and +17.5 in the MD genes (original labels +130.9 and +17.1); with the published labels, +135.8 and +17.8. In every case the mixture control passed and the interval on the forward-minus-reverse asymmetry excluded zero, and the MD drop was 7.8 and 8.0 times the donor gap (original 7.7). The GTEx-anchored change in distance to the young centroid was +9.4 with the joint labels and +15.8 with the published labels (original +9.4)."
80,P102,verified,results/relabel_check/agreement_summary.csv,share_unchanged [GM00731 old x lu],0.7997432605905006,,"Cells were assigned to five states (fibroblast, partially reprogrammed, early pluripotent, pluripotent and non-reprogrammed) by Louvain clustering of each donor's cells separately, with a Python reimplementation of the published pipeline (log-normalisation with regression on the mitochondrial fraction, 3,000 variable genes, 50 principal components, resolution 0.8; the published pipeline uses sctransform in Seurat, which was not available), and labelling each cluster with the published state signatures. States are pooled across timepoints within each donor. Two alternative labellings were used as checks. Re-clustering both donors together, as Lu et al. did, changed the label of 7.8% of the aged donor's cells and 8.3% of the young donor's. The authors' published per-cell states (16 sub-states in the combined object deposited with GSE297234, grouped into the five states by name) agree with ours for 80% of the aged donor's cells and 72% of the young donor's; cells absent from the published object were excluded. Where day-0 fibroblast membership changed, the day-0 half-split was redrawn with the same seed. With the joint labels, the change in distance to the young target was +133.3 in all genes and +17.5 in the MD genes (original labels +130.9 and +17.1); with the published labels, +135.8 and +17.8. In every case the mixture control passed and the interval on the forward-minus-reverse asymmetry excluded zero, and the MD drop was 7.8 and 8.0 times the donor gap (original 7.7). The GTEx-anchored change in distance to the young centroid was +9.4 with the joint labels and +15.8 with the published labels (original +9.4)."
72,P102,verified,results/relabel_check/agreement_summary.csv,share_unchanged [GM23815 old x lu],0.7156297233104044,,"Cells were assigned to five states (fibroblast, partially reprogrammed, early pluripotent, pluripotent and non-reprogrammed) by Louvain clustering of each donor's cells separately, with a Python reimplementation of the published pipeline (log-normalisation with regression on the mitochondrial fraction, 3,000 variable genes, 50 principal components, resolution 0.8; the published pipeline uses sctransform in Seurat, which was not available), and labelling each cluster with the published state signatures. States are pooled across timepoints within each donor. Two alternative labellings were used as checks. Re-clustering both donors together, as Lu et al. did, changed the label of 7.8% of the aged donor's cells and 8.3% of the young donor's. The authors' published per-cell states (16 sub-states in the combined object deposited with GSE297234, grouped into the five states by name) agree with ours for 80% of the aged donor's cells and 72% of the young donor's; cells absent from the published object were excluded. Where day-0 fibroblast membership changed, the day-0 half-split was redrawn with the same seed. With the joint labels, the change in distance to the young target was +133.3 in all genes and +17.5 in the MD genes (original labels +130.9 and +17.1); with the published labels, +135.8 and +17.8. In every case the mixture control passed and the interval on the forward-minus-reverse asymmetry excluded zero, and the MD drop was 7.8 and 8.0 times the donor gap (original 7.7). The GTEx-anchored change in distance to the young centroid was +9.4 with the joint labels and +15.8 with the published labels (original +9.4)."
0,P102,not_a_claim,results/md3/t1_occupancy_pooled.csv,column n_d0 [GM00731],timepoint label,sampling timepoint in the GSE297234 design,"Cells were assigned to five states (fibroblast, partially reprogrammed, early pluripotent, pluripotent and non-reprogrammed) by Louvain clustering of each donor's cells separately, with a Python reimplementation of the published pipeline (log-normalisation with regression on the mitochondrial fraction, 3,000 variable genes, 50 principal components, resolution 0.8; the published pipeline uses sctransform in Seurat, which was not available), and labelling each cluster with the published state signatures. States are pooled across timepoints within each donor. Two alternative labellings were used as checks. Re-clustering both donors together, as Lu et al. did, changed the label of 7.8% of the aged donor's cells and 8.3% of the young donor's. The authors' published per-cell states (16 sub-states in the combined object deposited with GSE297234, grouped into the five states by name) agree with ours for 80% of the aged donor's cells and 72% of the young donor's; cells absent from the published object were excluded. Where day-0 fibroblast membership changed, the day-0 half-split was redrawn with the same seed. With the joint labels, the change in distance to the young target was +133.3 in all genes and +17.5 in the MD genes (original labels +130.9 and +17.1); with the published labels, +135.8 and +17.8. In every case the mixture control passed and the interval on the forward-minus-reverse asymmetry excluded zero, and the MD drop was 7.8 and 8.0 times the donor gap (original 7.7). The GTEx-anchored change in distance to the young centroid was +9.4 with the joint labels and +15.8 with the published labels (original +9.4)."
0,P102,not_a_claim,results/md3/t1_occupancy_pooled.csv,column n_d0 [GM00731],timepoint label,sampling timepoint in the GSE297234 design,"Cells were assigned to five states (fibroblast, partially reprogrammed, early pluripotent, pluripotent and non-reprogrammed) by Louvain clustering of each donor's cells separately, with a Python reimplementation of the published pipeline (log-normalisation with regression on the mitochondrial fraction, 3,000 variable genes, 50 principal components, resolution 0.8; the published pipeline uses sctransform in Seurat, which was not available), and labelling each cluster with the published state signatures. States are pooled across timepoints within each donor. Two alternative labellings were used as checks. Re-clustering both donors together, as Lu et al. did, changed the label of 7.8% of the aged donor's cells and 8.3% of the young donor's. The authors' published per-cell states (16 sub-states in the combined object deposited with GSE297234, grouped into the five states by name) agree with ours for 80% of the aged donor's cells and 72% of the young donor's; cells absent from the published object were excluded. Where day-0 fibroblast membership changed, the day-0 half-split was redrawn with the same seed. With the joint labels, the change in distance to the young target was +133.3 in all genes and +17.5 in the MD genes (original labels +130.9 and +17.1); with the published labels, +135.8 and +17.8. In every case the mixture control passed and the interval on the forward-minus-reverse asymmetry excluded zero, and the MD drop was 7.8 and 8.0 times the donor gap (original 7.7). The GTEx-anchored change in distance to the young centroid was +9.4 with the joint labels and +15.8 with the published labels (original +9.4)."
+133.3,P102,verified,results/relabel_check/headline.json,joint/b/FULL/forward_delta,133.3027083939924,,"Cells were assigned to five states (fibroblast, partially reprogrammed, early pluripotent, pluripotent and non-reprogrammed) by Louvain clustering of each donor's cells separately, with a Python reimplementation of the published pipeline (log-normalisation with regression on the mitochondrial fraction, 3,000 variable genes, 50 principal components, resolution 0.8; the published pipeline uses sctransform in Seurat, which was not available), and labelling each cluster with the published state signatures. States are pooled across timepoints within each donor. Two alternative labellings were used as checks. Re-clustering both donors together, as Lu et al. did, changed the label of 7.8% of the aged donor's cells and 8.3% of the young donor's. The authors' published per-cell states (16 sub-states in the combined object deposited with GSE297234, grouped into the five states by name) agree with ours for 80% of the aged donor's cells and 72% of the young donor's; cells absent from the published object were excluded. Where day-0 fibroblast membership changed, the day-0 half-split was redrawn with the same seed. With the joint labels, the change in distance to the young target was +133.3 in all genes and +17.5 in the MD genes (original labels +130.9 and +17.1); with the published labels, +135.8 and +17.8. In every case the mixture control passed and the interval on the forward-minus-reverse asymmetry excluded zero, and the MD drop was 7.8 and 8.0 times the donor gap (original 7.7). The GTEx-anchored change in distance to the young centroid was +9.4 with the joint labels and +15.8 with the published labels (original +9.4)."
+17.5,P102,verified,results/relabel_check/headline.json,joint/b/MD/forward_delta,17.459922736038322,,"Cells were assigned to five states (fibroblast, partially reprogrammed, early pluripotent, pluripotent and non-reprogrammed) by Louvain clustering of each donor's cells separately, with a Python reimplementation of the published pipeline (log-normalisation with regression on the mitochondrial fraction, 3,000 variable genes, 50 principal components, resolution 0.8; the published pipeline uses sctransform in Seurat, which was not available), and labelling each cluster with the published state signatures. States are pooled across timepoints within each donor. Two alternative labellings were used as checks. Re-clustering both donors together, as Lu et al. did, changed the label of 7.8% of the aged donor's cells and 8.3% of the young donor's. The authors' published per-cell states (16 sub-states in the combined object deposited with GSE297234, grouped into the five states by name) agree with ours for 80% of the aged donor's cells and 72% of the young donor's; cells absent from the published object were excluded. Where day-0 fibroblast membership changed, the day-0 half-split was redrawn with the same seed. With the joint labels, the change in distance to the young target was +133.3 in all genes and +17.5 in the MD genes (original labels +130.9 and +17.1); with the published labels, +135.8 and +17.8. In every case the mixture control passed and the interval on the forward-minus-reverse asymmetry excluded zero, and the MD drop was 7.8 and 8.0 times the donor gap (original 7.7). The GTEx-anchored change in distance to the young centroid was +9.4 with the joint labels and +15.8 with the published labels (original +9.4)."
+130.9,P102,verified,results/relabel_check/headline.json,old/b/FULL/forward_delta,130.89356478446803,,"Cells were assigned to five states (fibroblast, partially reprogrammed, early pluripotent, pluripotent and non-reprogrammed) by Louvain clustering of each donor's cells separately, with a Python reimplementation of the published pipeline (log-normalisation with regression on the mitochondrial fraction, 3,000 variable genes, 50 principal components, resolution 0.8; the published pipeline uses sctransform in Seurat, which was not available), and labelling each cluster with the published state signatures. States are pooled across timepoints within each donor. Two alternative labellings were used as checks. Re-clustering both donors together, as Lu et al. did, changed the label of 7.8% of the aged donor's cells and 8.3% of the young donor's. The authors' published per-cell states (16 sub-states in the combined object deposited with GSE297234, grouped into the five states by name) agree with ours for 80% of the aged donor's cells and 72% of the young donor's; cells absent from the published object were excluded. Where day-0 fibroblast membership changed, the day-0 half-split was redrawn with the same seed. With the joint labels, the change in distance to the young target was +133.3 in all genes and +17.5 in the MD genes (original labels +130.9 and +17.1); with the published labels, +135.8 and +17.8. In every case the mixture control passed and the interval on the forward-minus-reverse asymmetry excluded zero, and the MD drop was 7.8 and 8.0 times the donor gap (original 7.7). The GTEx-anchored change in distance to the young centroid was +9.4 with the joint labels and +15.8 with the published labels (original +9.4)."
+17.1,P102,verified,results/relabel_check/headline.json,old/b/MD/forward_delta,17.08796936338901,,"Cells were assigned to five states (fibroblast, partially reprogrammed, early pluripotent, pluripotent and non-reprogrammed) by Louvain clustering of each donor's cells separately, with a Python reimplementation of the published pipeline (log-normalisation with regression on the mitochondrial fraction, 3,000 variable genes, 50 principal components, resolution 0.8; the published pipeline uses sctransform in Seurat, which was not available), and labelling each cluster with the published state signatures. States are pooled across timepoints within each donor. Two alternative labellings were used as checks. Re-clustering both donors together, as Lu et al. did, changed the label of 7.8% of the aged donor's cells and 8.3% of the young donor's. The authors' published per-cell states (16 sub-states in the combined object deposited with GSE297234, grouped into the five states by name) agree with ours for 80% of the aged donor's cells and 72% of the young donor's; cells absent from the published object were excluded. Where day-0 fibroblast membership changed, the day-0 half-split was redrawn with the same seed. With the joint labels, the change in distance to the young target was +133.3 in all genes and +17.5 in the MD genes (original labels +130.9 and +17.1); with the published labels, +135.8 and +17.8. In every case the mixture control passed and the interval on the forward-minus-reverse asymmetry excluded zero, and the MD drop was 7.8 and 8.0 times the donor gap (original 7.7). The GTEx-anchored change in distance to the young centroid was +9.4 with the joint labels and +15.8 with the published labels (original +9.4)."
+135.8,P102,verified,results/relabel_check/headline.json,lu/b/FULL/forward_delta,135.83424192210444,,"Cells were assigned to five states (fibroblast, partially reprogrammed, early pluripotent, pluripotent and non-reprogrammed) by Louvain clustering of each donor's cells separately, with a Python reimplementation of the published pipeline (log-normalisation with regression on the mitochondrial fraction, 3,000 variable genes, 50 principal components, resolution 0.8; the published pipeline uses sctransform in Seurat, which was not available), and labelling each cluster with the published state signatures. States are pooled across timepoints within each donor. Two alternative labellings were used as checks. Re-clustering both donors together, as Lu et al. did, changed the label of 7.8% of the aged donor's cells and 8.3% of the young donor's. The authors' published per-cell states (16 sub-states in the combined object deposited with GSE297234, grouped into the five states by name) agree with ours for 80% of the aged donor's cells and 72% of the young donor's; cells absent from the published object were excluded. Where day-0 fibroblast membership changed, the day-0 half-split was redrawn with the same seed. With the joint labels, the change in distance to the young target was +133.3 in all genes and +17.5 in the MD genes (original labels +130.9 and +17.1); with the published labels, +135.8 and +17.8. In every case the mixture control passed and the interval on the forward-minus-reverse asymmetry excluded zero, and the MD drop was 7.8 and 8.0 times the donor gap (original 7.7). The GTEx-anchored change in distance to the young centroid was +9.4 with the joint labels and +15.8 with the published labels (original +9.4)."
+17.8,P102,verified,results/relabel_check/headline.json,lu/b/MD/forward_delta,17.838689642310854,,"Cells were assigned to five states (fibroblast, partially reprogrammed, early pluripotent, pluripotent and non-reprogrammed) by Louvain clustering of each donor's cells separately, with a Python reimplementation of the published pipeline (log-normalisation with regression on the mitochondrial fraction, 3,000 variable genes, 50 principal components, resolution 0.8; the published pipeline uses sctransform in Seurat, which was not available), and labelling each cluster with the published state signatures. States are pooled across timepoints within each donor. Two alternative labellings were used as checks. Re-clustering both donors together, as Lu et al. did, changed the label of 7.8% of the aged donor's cells and 8.3% of the young donor's. The authors' published per-cell states (16 sub-states in the combined object deposited with GSE297234, grouped into the five states by name) agree with ours for 80% of the aged donor's cells and 72% of the young donor's; cells absent from the published object were excluded. Where day-0 fibroblast membership changed, the day-0 half-split was redrawn with the same seed. With the joint labels, the change in distance to the young target was +133.3 in all genes and +17.5 in the MD genes (original labels +130.9 and +17.1); with the published labels, +135.8 and +17.8. In every case the mixture control passed and the interval on the forward-minus-reverse asymmetry excluded zero, and the MD drop was 7.8 and 8.0 times the donor gap (original 7.7). The GTEx-anchored change in distance to the young centroid was +9.4 with the joint labels and +15.8 with the published labels (original +9.4)."
7.8,P102,verified,results/relabel_check/agreement_summary.csv,share_unchanged [GM00731 old x joint] (1 - 0.9223),0.9222844749683716,,"Cells were assigned to five states (fibroblast, partially reprogrammed, early pluripotent, pluripotent and non-reprogrammed) by Louvain clustering of each donor's cells separately, with a Python reimplementation of the published pipeline (log-normalisation with regression on the mitochondrial fraction, 3,000 variable genes, 50 principal components, resolution 0.8; the published pipeline uses sctransform in Seurat, which was not available), and labelling each cluster with the published state signatures. States are pooled across timepoints within each donor. Two alternative labellings were used as checks. Re-clustering both donors together, as Lu et al. did, changed the label of 7.8% of the aged donor's cells and 8.3% of the young donor's. The authors' published per-cell states (16 sub-states in the combined object deposited with GSE297234, grouped into the five states by name) agree with ours for 80% of the aged donor's cells and 72% of the young donor's; cells absent from the published object were excluded. Where day-0 fibroblast membership changed, the day-0 half-split was redrawn with the same seed. With the joint labels, the change in distance to the young target was +133.3 in all genes and +17.5 in the MD genes (original labels +130.9 and +17.1); with the published labels, +135.8 and +17.8. In every case the mixture control passed and the interval on the forward-minus-reverse asymmetry excluded zero, and the MD drop was 7.8 and 8.0 times the donor gap (original 7.7). The GTEx-anchored change in distance to the young centroid was +9.4 with the joint labels and +15.8 with the published labels (original +9.4)."
8.0,P102,verified,results/relabel_check/headline.json,lu/a/drop_over_gap,8.025482117490686,,"Cells were assigned to five states (fibroblast, partially reprogrammed, early pluripotent, pluripotent and non-reprogrammed) by Louvain clustering of each donor's cells separately, with a Python reimplementation of the published pipeline (log-normalisation with regression on the mitochondrial fraction, 3,000 variable genes, 50 principal components, resolution 0.8; the published pipeline uses sctransform in Seurat, which was not available), and labelling each cluster with the published state signatures. States are pooled across timepoints within each donor. Two alternative labellings were used as checks. Re-clustering both donors together, as Lu et al. did, changed the label of 7.8% of the aged donor's cells and 8.3% of the young donor's. The authors' published per-cell states (16 sub-states in the combined object deposited with GSE297234, grouped into the five states by name) agree with ours for 80% of the aged donor's cells and 72% of the young donor's; cells absent from the published object were excluded. Where day-0 fibroblast membership changed, the day-0 half-split was redrawn with the same seed. With the joint labels, the change in distance to the young target was +133.3 in all genes and +17.5 in the MD genes (original labels +130.9 and +17.1); with the published labels, +135.8 and +17.8. In every case the mixture control passed and the interval on the forward-minus-reverse asymmetry excluded zero, and the MD drop was 7.8 and 8.0 times the donor gap (original 7.7). The GTEx-anchored change in distance to the young centroid was +9.4 with the joint labels and +15.8 with the published labels (original +9.4)."
7.7,P102,verified,results/relabel_check/headline.json,old/a/drop_over_gap,7.719071495150954,,"Cells were assigned to five states (fibroblast, partially reprogrammed, early pluripotent, pluripotent and non-reprogrammed) by Louvain clustering of each donor's cells separately, with a Python reimplementation of the published pipeline (log-normalisation with regression on the mitochondrial fraction, 3,000 variable genes, 50 principal components, resolution 0.8; the published pipeline uses sctransform in Seurat, which was not available), and labelling each cluster with the published state signatures. States are pooled across timepoints within each donor. Two alternative labellings were used as checks. Re-clustering both donors together, as Lu et al. did, changed the label of 7.8% of the aged donor's cells and 8.3% of the young donor's. The authors' published per-cell states (16 sub-states in the combined object deposited with GSE297234, grouped into the five states by name) agree with ours for 80% of the aged donor's cells and 72% of the young donor's; cells absent from the published object were excluded. Where day-0 fibroblast membership changed, the day-0 half-split was redrawn with the same seed. With the joint labels, the change in distance to the young target was +133.3 in all genes and +17.5 in the MD genes (original labels +130.9 and +17.1); with the published labels, +135.8 and +17.8. In every case the mixture control passed and the interval on the forward-minus-reverse asymmetry excluded zero, and the MD drop was 7.8 and 8.0 times the donor gap (original 7.7). The GTEx-anchored change in distance to the young centroid was +9.4 with the joint labels and +15.8 with the published labels (original +9.4)."
+9.4,P102,verified,results/relabel_check/headline.json,joint/c/delta_young,9.407292151287379,,"Cells were assigned to five states (fibroblast, partially reprogrammed, early pluripotent, pluripotent and non-reprogrammed) by Louvain clustering of each donor's cells separately, with a Python reimplementation of the published pipeline (log-normalisation with regression on the mitochondrial fraction, 3,000 variable genes, 50 principal components, resolution 0.8; the published pipeline uses sctransform in Seurat, which was not available), and labelling each cluster with the published state signatures. States are pooled across timepoints within each donor. Two alternative labellings were used as checks. Re-clustering both donors together, as Lu et al. did, changed the label of 7.8% of the aged donor's cells and 8.3% of the young donor's. The authors' published per-cell states (16 sub-states in the combined object deposited with GSE297234, grouped into the five states by name) agree with ours for 80% of the aged donor's cells and 72% of the young donor's; cells absent from the published object were excluded. Where day-0 fibroblast membership changed, the day-0 half-split was redrawn with the same seed. With the joint labels, the change in distance to the young target was +133.3 in all genes and +17.5 in the MD genes (original labels +130.9 and +17.1); with the published labels, +135.8 and +17.8. In every case the mixture control passed and the interval on the forward-minus-reverse asymmetry excluded zero, and the MD drop was 7.8 and 8.0 times the donor gap (original 7.7). The GTEx-anchored change in distance to the young centroid was +9.4 with the joint labels and +15.8 with the published labels (original +9.4)."
+15.8,P102,verified,results/relabel_check/headline.json,lu/c/delta_young,15.786652851324504,,"Cells were assigned to five states (fibroblast, partially reprogrammed, early pluripotent, pluripotent and non-reprogrammed) by Louvain clustering of each donor's cells separately, with a Python reimplementation of the published pipeline (log-normalisation with regression on the mitochondrial fraction, 3,000 variable genes, 50 principal components, resolution 0.8; the published pipeline uses sctransform in Seurat, which was not available), and labelling each cluster with the published state signatures. States are pooled across timepoints within each donor. Two alternative labellings were used as checks. Re-clustering both donors together, as Lu et al. did, changed the label of 7.8% of the aged donor's cells and 8.3% of the young donor's. The authors' published per-cell states (16 sub-states in the combined object deposited with GSE297234, grouped into the five states by name) agree with ours for 80% of the aged donor's cells and 72% of the young donor's; cells absent from the published object were excluded. Where day-0 fibroblast membership changed, the day-0 half-split was redrawn with the same seed. With the joint labels, the change in distance to the young target was +133.3 in all genes and +17.5 in the MD genes (original labels +130.9 and +17.1); with the published labels, +135.8 and +17.8. In every case the mixture control passed and the interval on the forward-minus-reverse asymmetry excluded zero, and the MD drop was 7.8 and 8.0 times the donor gap (original 7.7). The GTEx-anchored change in distance to the young centroid was +9.4 with the joint labels and +15.8 with the published labels (original +9.4)."
+9.4,P102,verified,results/relabel_check/headline.json,joint/c/delta_young,9.407292151287379,,"Cells were assigned to five states (fibroblast, partially reprogrammed, early pluripotent, pluripotent and non-reprogrammed) by Louvain clustering of each donor's cells separately, with a Python reimplementation of the published pipeline (log-normalisation with regression on the mitochondrial fraction, 3,000 variable genes, 50 principal components, resolution 0.8; the published pipeline uses sctransform in Seurat, which was not available), and labelling each cluster with the published state signatures. States are pooled across timepoints within each donor. Two alternative labellings were used as checks. Re-clustering both donors together, as Lu et al. did, changed the label of 7.8% of the aged donor's cells and 8.3% of the young donor's. The authors' published per-cell states (16 sub-states in the combined object deposited with GSE297234, grouped into the five states by name) agree with ours for 80% of the aged donor's cells and 72% of the young donor's; cells absent from the published object were excluded. Where day-0 fibroblast membership changed, the day-0 half-split was redrawn with the same seed. With the joint labels, the change in distance to the young target was +133.3 in all genes and +17.5 in the MD genes (original labels +130.9 and +17.1); with the published labels, +135.8 and +17.8. In every case the mixture control passed and the interval on the forward-minus-reverse asymmetry excluded zero, and the MD drop was 7.8 and 8.0 times the donor gap (original 7.7). The GTEx-anchored change in distance to the young centroid was +9.4 with the joint labels and +15.8 with the published labels (original +9.4)."
24,P104,verified,results/newstory/partA_meta.json,nbin,24,,"Signature scores. MD, the age-up and age-down lists and the cell-state signatures are the published gene lists, scored with a Python reimplementation of the Seurat AddModuleScore algorithm on log-normalised counts (24 expression bins, 100 control genes per bin, scale factor 10,000). For the per-state MD scores reported above and in Figure 1A, the two donors were placed on a single gene axis and one set of bins and control genes was drawn from the pooled cells of both donors, so that the two donors' scores are on the same scale; the source pipeline scores each donor separately, which widens the ratio of the reprogramming drop to the donor gap from 7.7 to 13.0 and does not otherwise change the result."
100,P104,verified,results/newstory/partA_meta.json,ctrl,100,,"Signature scores. MD, the age-up and age-down lists and the cell-state signatures are the published gene lists, scored with a Python reimplementation of the Seurat AddModuleScore algorithm on log-normalised counts (24 expression bins, 100 control genes per bin, scale factor 10,000). For the per-state MD scores reported above and in Figure 1A, the two donors were placed on a single gene axis and one set of bins and control genes was drawn from the pooled cells of both donors, so that the two donors' scores are on the same scale; the source pipeline scores each donor separately, which widens the ratio of the reprogramming drop to the donor gap from 7.7 to 13.0 and does not otherwise change the result."
"10,000",P104,no-source,,,,AddModuleScore scale factor; stated in Methods and not written to a file under results/,"Signature scores. MD, the age-up and age-down lists and the cell-state signatures are the published gene lists, scored with a Python reimplementation of the Seurat AddModuleScore algorithm on log-normalised counts (24 expression bins, 100 control genes per bin, scale factor 10,000). For the per-state MD scores reported above and in Figure 1A, the two donors were placed on a single gene axis and one set of bins and control genes was drawn from the pooled cells of both donors, so that the two donors' scores are on the same scale; the source pipeline scores each donor separately, which widens the ratio of the reprogramming drop to the donor gap from 7.7 to 13.0 and does not otherwise change the result."
1,P104,not_a_claim,,,,a constant inside a stated formula or definition,"Signature scores. MD, the age-up and age-down lists and the cell-state signatures are the published gene lists, scored with a Python reimplementation of the Seurat AddModuleScore algorithm on log-normalised counts (24 expression bins, 100 control genes per bin, scale factor 10,000). For the per-state MD scores reported above and in Figure 1A, the two donors were placed on a single gene axis and one set of bins and control genes was drawn from the pooled cells of both donors, so that the two donors' scores are on the same scale; the source pipeline scores each donor separately, which widens the ratio of the reprogramming drop to the donor gap from 7.7 to 13.0 and does not otherwise change the result."
7.7,P104,verified,results/newstory/partA_gap_drop.csv,drop_over_gap [joint],7.719071495150954,,"Signature scores. MD, the age-up and age-down lists and the cell-state signatures are the published gene lists, scored with a Python reimplementation of the Seurat AddModuleScore algorithm on log-normalised counts (24 expression bins, 100 control genes per bin, scale factor 10,000). For the per-state MD scores reported above and in Figure 1A, the two donors were placed on a single gene axis and one set of bins and control genes was drawn from the pooled cells of both donors, so that the two donors' scores are on the same scale; the source pipeline scores each donor separately, which widens the ratio of the reprogramming drop to the donor gap from 7.7 to 13.0 and does not otherwise change the result."
13.0,P104,verified,results/newstory/partA_gap_drop.csv,drop_over_gap [per-donor (md2 stored)],12.98754879908938,,"Signature scores. MD, the age-up and age-down lists and the cell-state signatures are the published gene lists, scored with a Python reimplementation of the Seurat AddModuleScore algorithm on log-normalised counts (24 expression bins, 100 control genes per bin, scale factor 10,000). For the per-state MD scores reported above and in Figure 1A, the two donors were placed on a single gene axis and one set of bins and control genes was drawn from the pooled cells of both donors, so that the two donors' scores are on the same scale; the source pipeline scores each donor separately, which widens the ratio of the reprogramming drop to the donor gap from 7.7 to 13.0 and does not otherwise change the result."
"23,485",P105,not_a_claim,,,,"cross-reference to a figure, table or note","Gene spaces. A gene space is a subset of the reference panel's 23,485 genes. Every space uses the same TMM-normalised, frozen z-scored matrix, with the columns selected afterwards, so normalisation is never re-estimated on a subset. Published symbols are matched to the panel's symbols exactly after trimming and upper-casing, with no alias resolution: 205 of 205 MD genes, 1,312 of 1,533 age-up genes and 1,777 of 2,007 age-down genes map, the two age lists do not overlap, and 43 genes are shared between MD and the age lists. Within each space the origin, the target, the axis, the mixture control and the reverse test are rebuilt from that space's own columns rather than projected from the full space. Cosines and distances are not comparable between spaces of different dimension, so every cross-space statement uses progress, the perpendicular component in axis lengths, the ratio of final to starting distance, or the random-set baseline. Random sets are drawn without replacement within strata defined by 24 equal-count bins of the frozen GTEx training mean crossed with whether the gene has any reads in the panel, so that a random set of a given size has the same expression profile and the same number of undetected genes as the real set it is compared with."
205,P105,verified,results/newstory/partA_meta.json,md_genes,205,,"Gene spaces. A gene space is a subset of the reference panel's 23,485 genes. Every space uses the same TMM-normalised, frozen z-scored matrix, with the columns selected afterwards, so normalisation is never re-estimated on a subset. Published symbols are matched to the panel's symbols exactly after trimming and upper-casing, with no alias resolution: 205 of 205 MD genes, 1,312 of 1,533 age-up genes and 1,777 of 2,007 age-down genes map, the two age lists do not overlap, and 43 genes are shared between MD and the age lists. Within each space the origin, the target, the axis, the mixture control and the reverse test are rebuilt from that space's own columns rather than projected from the full space. Cosines and distances are not comparable between spaces of different dimension, so every cross-space statement uses progress, the perpendicular component in axis lengths, the ratio of final to starting distance, or the random-set baseline. Random sets are drawn without replacement within strata defined by 24 equal-count bins of the frozen GTEx training mean crossed with whether the gene has any reads in the panel, so that a random set of a given size has the same expression profile and the same number of undetected genes as the real set it is compared with."
205,P105,verified,results/newstory/partA_meta.json,md_genes,205,,"Gene spaces. A gene space is a subset of the reference panel's 23,485 genes. Every space uses the same TMM-normalised, frozen z-scored matrix, with the columns selected afterwards, so normalisation is never re-estimated on a subset. Published symbols are matched to the panel's symbols exactly after trimming and upper-casing, with no alias resolution: 205 of 205 MD genes, 1,312 of 1,533 age-up genes and 1,777 of 2,007 age-down genes map, the two age lists do not overlap, and 43 genes are shared between MD and the age lists. Within each space the origin, the target, the axis, the mixture control and the reverse test are rebuilt from that space's own columns rather than projected from the full space. Cosines and distances are not comparable between spaces of different dimension, so every cross-space statement uses progress, the perpendicular component in axis lengths, the ratio of final to starting distance, or the random-set baseline. Random sets are drawn without replacement within strata defined by 24 equal-count bins of the frozen GTEx training mean crossed with whether the gene has any reads in the panel, so that a random set of a given size has the same expression profile and the same number of undetected genes as the real set it is compared with."
"1,312",P105,verified,results/genespace/spaces.json,lists/age_up/n_mapped,1312,,"Gene spaces. A gene space is a subset of the reference panel's 23,485 genes. Every space uses the same TMM-normalised, frozen z-scored matrix, with the columns selected afterwards, so normalisation is never re-estimated on a subset. Published symbols are matched to the panel's symbols exactly after trimming and upper-casing, with no alias resolution: 205 of 205 MD genes, 1,312 of 1,533 age-up genes and 1,777 of 2,007 age-down genes map, the two age lists do not overlap, and 43 genes are shared between MD and the age lists. Within each space the origin, the target, the axis, the mixture control and the reverse test are rebuilt from that space's own columns rather than projected from the full space. Cosines and distances are not comparable between spaces of different dimension, so every cross-space statement uses progress, the perpendicular component in axis lengths, the ratio of final to starting distance, or the random-set baseline. Random sets are drawn without replacement within strata defined by 24 equal-count bins of the frozen GTEx training mean crossed with whether the gene has any reads in the panel, so that a random set of a given size has the same expression profile and the same number of undetected genes as the real set it is compared with."
"1,533",P105,verified,results/genespace/spaces.json,lists/age_up/n_total,1533,,"Gene spaces. A gene space is a subset of the reference panel's 23,485 genes. Every space uses the same TMM-normalised, frozen z-scored matrix, with the columns selected afterwards, so normalisation is never re-estimated on a subset. Published symbols are matched to the panel's symbols exactly after trimming and upper-casing, with no alias resolution: 205 of 205 MD genes, 1,312 of 1,533 age-up genes and 1,777 of 2,007 age-down genes map, the two age lists do not overlap, and 43 genes are shared between MD and the age lists. Within each space the origin, the target, the axis, the mixture control and the reverse test are rebuilt from that space's own columns rather than projected from the full space. Cosines and distances are not comparable between spaces of different dimension, so every cross-space statement uses progress, the perpendicular component in axis lengths, the ratio of final to starting distance, or the random-set baseline. Random sets are drawn without replacement within strata defined by 24 equal-count bins of the frozen GTEx training mean crossed with whether the gene has any reads in the panel, so that a random set of a given size has the same expression profile and the same number of undetected genes as the real set it is compared with."
"1,777",P105,verified,results/genespace/spaces.json,lists/age_down/n_mapped,1777,,"Gene spaces. A gene space is a subset of the reference panel's 23,485 genes. Every space uses the same TMM-normalised, frozen z-scored matrix, with the columns selected afterwards, so normalisation is never re-estimated on a subset. Published symbols are matched to the panel's symbols exactly after trimming and upper-casing, with no alias resolution: 205 of 205 MD genes, 1,312 of 1,533 age-up genes and 1,777 of 2,007 age-down genes map, the two age lists do not overlap, and 43 genes are shared between MD and the age lists. Within each space the origin, the target, the axis, the mixture control and the reverse test are rebuilt from that space's own columns rather than projected from the full space. Cosines and distances are not comparable between spaces of different dimension, so every cross-space statement uses progress, the perpendicular component in axis lengths, the ratio of final to starting distance, or the random-set baseline. Random sets are drawn without replacement within strata defined by 24 equal-count bins of the frozen GTEx training mean crossed with whether the gene has any reads in the panel, so that a random set of a given size has the same expression profile and the same number of undetected genes as the real set it is compared with."
"2,007",P105,verified,results/genespace/spaces.json,lists/age_down/n_total,2007,,"Gene spaces. A gene space is a subset of the reference panel's 23,485 genes. Every space uses the same TMM-normalised, frozen z-scored matrix, with the columns selected afterwards, so normalisation is never re-estimated on a subset. Published symbols are matched to the panel's symbols exactly after trimming and upper-casing, with no alias resolution: 205 of 205 MD genes, 1,312 of 1,533 age-up genes and 1,777 of 2,007 age-down genes map, the two age lists do not overlap, and 43 genes are shared between MD and the age lists. Within each space the origin, the target, the axis, the mixture control and the reverse test are rebuilt from that space's own columns rather than projected from the full space. Cosines and distances are not comparable between spaces of different dimension, so every cross-space statement uses progress, the perpendicular component in axis lengths, the ratio of final to starting distance, or the random-set baseline. Random sets are drawn without replacement within strata defined by 24 equal-count bins of the frozen GTEx training mean crossed with whether the gene has any reads in the panel, so that a random set of a given size has the same expression profile and the same number of undetected genes as the real set it is compared with."
43,P105,verified,results/genespace/readout_cos.csv,n_nonzero [MD r_AGE],43,,"Gene spaces. A gene space is a subset of the reference panel's 23,485 genes. Every space uses the same TMM-normalised, frozen z-scored matrix, with the columns selected afterwards, so normalisation is never re-estimated on a subset. Published symbols are matched to the panel's symbols exactly after trimming and upper-casing, with no alias resolution: 205 of 205 MD genes, 1,312 of 1,533 age-up genes and 1,777 of 2,007 age-down genes map, the two age lists do not overlap, and 43 genes are shared between MD and the age lists. Within each space the origin, the target, the axis, the mixture control and the reverse test are rebuilt from that space's own columns rather than projected from the full space. Cosines and distances are not comparable between spaces of different dimension, so every cross-space statement uses progress, the perpendicular component in axis lengths, the ratio of final to starting distance, or the random-set baseline. Random sets are drawn without replacement within strata defined by 24 equal-count bins of the frozen GTEx training mean crossed with whether the gene has any reads in the panel, so that a random set of a given size has the same expression profile and the same number of undetected genes as the real set it is compared with."
24,P105,verified,results/newstory/partA_meta.json,nbin,24,,"Gene spaces. A gene space is a subset of the reference panel's 23,485 genes. Every space uses the same TMM-normalised, frozen z-scored matrix, with the columns selected afterwards, so normalisation is never re-estimated on a subset. Published symbols are matched to the panel's symbols exactly after trimming and upper-casing, with no alias resolution: 205 of 205 MD genes, 1,312 of 1,533 age-up genes and 1,777 of 2,007 age-down genes map, the two age lists do not overlap, and 43 genes are shared between MD and the age lists. Within each space the origin, the target, the axis, the mixture control and the reverse test are rebuilt from that space's own columns rather than projected from the full space. Cosines and distances are not comparable between spaces of different dimension, so every cross-space statement uses progress, the perpendicular component in axis lengths, the ratio of final to starting distance, or the random-set baseline. Random sets are drawn without replacement within strata defined by 24 equal-count bins of the frozen GTEx training mean crossed with whether the gene has any reads in the panel, so that a random set of a given size has the same expression profile and the same number of undetected genes as the real set it is compared with."
200,P107,verified,results/newstory/partA_meta.json,n_boot,200,,"All nulls use 200 draws and an empirical p-value of (exceedances + 1) / 201. Three constructions appear, and they are not interchangeable. A donor-label permutation shuffles donor age within the training bank, holding the expression matrix fixed, and is the null for every transfer statistic. A gene-permutation null shuffles the entries of the frozen target direction across genes, and tests whether a cosine is larger than for a direction with the same coefficient distribution. An anchor null rebuilds the young-minus-old direction from equal-size random splits of all GTEx fibroblast donors, ignoring age, and tests whether an alignment is specifically with age rather than with any donor contrast."
1,P107,not_a_claim,,,,a constant inside a stated formula or definition,"All nulls use 200 draws and an empirical p-value of (exceedances + 1) / 201. Three constructions appear, and they are not interchangeable. A donor-label permutation shuffles donor age within the training bank, holding the expression matrix fixed, and is the null for every transfer statistic. A gene-permutation null shuffles the entries of the frozen target direction across genes, and tests whether a cosine is larger than for a direction with the same coefficient distribution. An anchor null rebuilds the young-minus-old direction from equal-size random splits of all GTEx fibroblast donors, ignoring age, and tests whether an alignment is specifically with age rather than with any donor contrast."
201,P107,no-source,,,,a stated analysis parameter that is not written to any file under results/,"All nulls use 200 draws and an empirical p-value of (exceedances + 1) / 201. Three constructions appear, and they are not interchangeable. A donor-label permutation shuffles donor age within the training bank, holding the expression matrix fixed, and is the null for every transfer statistic. A gene-permutation null shuffles the entries of the frozen target direction across genes, and tests whether a cosine is larger than for a direction with the same coefficient distribution. An anchor null rebuilds the young-minus-old direction from equal-size random splits of all GTEx fibroblast donors, ignoring age, and tests whether an alignment is specifically with age rather than with any donor contrast."
200,P108,verified,results/newstory/partA_meta.json,n_boot,200,,"Confidence intervals are 200-draw percentile bootstraps at the 2.5th and 97.5th percentiles. The resampling unit is the donor for transfer statistics and the cell for displacement statistics. Paired comparisons recompute both quantities on the same resampled donors, so that the interval is on the difference rather than on two separate intervals. Any interval that does not contain its own point estimate is flagged invalid and is not used as a gate; this happens for distance intervals in the high-dimensional displacement tests and is reported at each occurrence."
2.5,P108,no-source,,,,a stated analysis parameter that is not written to any file under results/,"Confidence intervals are 200-draw percentile bootstraps at the 2.5th and 97.5th percentiles. The resampling unit is the donor for transfer statistics and the cell for displacement statistics. Paired comparisons recompute both quantities on the same resampled donors, so that the interval is on the difference rather than on two separate intervals. Any interval that does not contain its own point estimate is flagged invalid and is not used as a gate; this happens for distance intervals in the high-dimensional displacement tests and is reported at each occurrence."
97.5,P108,no-source,,,,a stated analysis parameter that is not written to any file under results/,"Confidence intervals are 200-draw percentile bootstraps at the 2.5th and 97.5th percentiles. The resampling unit is the donor for transfer statistics and the cell for displacement statistics. Paired comparisons recompute both quantities on the same resampled donors, so that the interval is on the difference rather than on two separate intervals. Any interval that does not contain its own point estimate is flagged invalid and is not used as a gate; this happens for distance intervals in the high-dimensional displacement tests and is reported at each occurrence."
20260914,P109,verified,results/newstory/partA_meta.json,seed,20260914,,"Seeds are fixed: 20260914 for splits, permutations and null directions, 20260918 for bootstraps, with an independent generator per cell."
20260918,P109,verified,results/newstory/partA_meta.json,boot_seed,20260918,,"Seeds are fixed: 20260914 for splits, permutations and null directions, 20260918 for bootstraps, with an independent generator per cell."
0,P111,verified,results/newstory/partB_meta.json,mixes[0]/f,0.0,,"No test is interpreted until a control has recovered a known effect, and the controls are rebuilt inside each gene space rather than carried over from the full space. Two kinds are used. In the same-platform test, synthetic mixtures combine known fractions of young day-0 cells into aged day-0 cells at fixed total cell count; the control passes if progress increases monotonically with the mixing fraction, the interval on progress at the highest fraction excludes zero, and the change in distance at that fraction is negative. The zero-mixture point is reported as the noise floor and is not subtracted. In the GTEx-anchored test, five folds displace held-out old donors toward the training fold's young centroid; the bar was every fold cosine above 0.5, and the observed minimum was 0.615 in all genes, 0.733 in the MD genes and 0.681 in the age genes."
0,P111,verified,results/newstory/partB_meta.json,mixes[0]/f,0.0,,"No test is interpreted until a control has recovered a known effect, and the controls are rebuilt inside each gene space rather than carried over from the full space. Two kinds are used. In the same-platform test, synthetic mixtures combine known fractions of young day-0 cells into aged day-0 cells at fixed total cell count; the control passes if progress increases monotonically with the mixing fraction, the interval on progress at the highest fraction excludes zero, and the change in distance at that fraction is negative. The zero-mixture point is reported as the noise floor and is not subtracted. In the GTEx-anchored test, five folds displace held-out old donors toward the training fold's young centroid; the bar was every fold cosine above 0.5, and the observed minimum was 0.615 in all genes, 0.733 in the MD genes and 0.681 in the age genes."
0.5,P111,no-source,,,,"the pre-registered pass bar for the five-fold control; a threshold, not a stored result","No test is interpreted until a control has recovered a known effect, and the controls are rebuilt inside each gene space rather than carried over from the full space. Two kinds are used. In the same-platform test, synthetic mixtures combine known fractions of young day-0 cells into aged day-0 cells at fixed total cell count; the control passes if progress increases monotonically with the mixing fraction, the interval on progress at the highest fraction excludes zero, and the change in distance at that fraction is negative. The zero-mixture point is reported as the noise floor and is not subtracted. In the GTEx-anchored test, five folds displace held-out old donors toward the training fold's young centroid; the bar was every fold cosine above 0.5, and the observed minimum was 0.615 in all genes, 0.733 in the MD genes and 0.681 in the age genes."
0.615,P111,verified,results/toward/c3_folds.csv,cos [fold 0],0.6146975302850424,,"No test is interpreted until a control has recovered a known effect, and the controls are rebuilt inside each gene space rather than carried over from the full space. Two kinds are used. In the same-platform test, synthetic mixtures combine known fractions of young day-0 cells into aged day-0 cells at fixed total cell count; the control passes if progress increases monotonically with the mixing fraction, the interval on progress at the highest fraction excludes zero, and the change in distance at that fraction is negative. The zero-mixture point is reported as the noise floor and is not subtracted. In the GTEx-anchored test, five folds displace held-out old donors toward the training fold's young centroid; the bar was every fold cosine above 0.5, and the observed minimum was 0.615 in all genes, 0.733 in the MD genes and 0.681 in the age genes."
0.733,P111,verified,results/genespace/gtex_c3.csv,cos [MD fold 0],0.7331490433108905,,"No test is interpreted until a control has recovered a known effect, and the controls are rebuilt inside each gene space rather than carried over from the full space. Two kinds are used. In the same-platform test, synthetic mixtures combine known fractions of young day-0 cells into aged day-0 cells at fixed total cell count; the control passes if progress increases monotonically with the mixing fraction, the interval on progress at the highest fraction excludes zero, and the change in distance at that fraction is negative. The zero-mixture point is reported as the noise floor and is not subtracted. In the GTEx-anchored test, five folds displace held-out old donors toward the training fold's young centroid; the bar was every fold cosine above 0.5, and the observed minimum was 0.615 in all genes, 0.733 in the MD genes and 0.681 in the age genes."
0.681,P111,verified,results/genespace/gtex_c3.csv,cos [AGE fold 0],0.6812900395847539,,"No test is interpreted until a control has recovered a known effect, and the controls are rebuilt inside each gene space rather than carried over from the full space. Two kinds are used. In the same-platform test, synthetic mixtures combine known fractions of young day-0 cells into aged day-0 cells at fixed total cell count; the control passes if progress increases monotonically with the mixing fraction, the interval on progress at the highest fraction excludes zero, and the change in distance at that fraction is negative. The zero-mixture point is reported as the noise floor and is not subtracted. In the GTEx-anchored test, five folds displace held-out old donors toward the training fold's young centroid; the bar was every fold cosine above 0.5, and the observed minimum was 0.615 in all genes, 0.733 in the MD genes and 0.681 in the age genes."
3,P114,not_a_claim,results/md3/t1_occupancy_pooled.csv,column n_d3 [GM00731],timepoint label,sampling timepoint in the GSE297234 design,Table 3. Datasets used in this paper. All are public. Accession-level detail and per-cohort sample tables are in the repository.
652,T3R2,verified,results/genespace/summary.json,anchors/n_donors,652,,GTEx v10 cultured fibroblasts | GTEx Portal release v10 (dbGaP phs000424) | Ruler training (652 donors); young and old anchors (113 and 231 donors)
113,T3R2,verified,results/genespace/summary.json,anchors/n_young,113,,GTEx v10 cultured fibroblasts | GTEx Portal release v10 (dbGaP phs000424) | Ruler training (652 donors); young and old anchors (113 and 231 donors)
231,T3R2,verified,results/genespace/summary.json,anchors/n_old,231,,GTEx v10 cultured fibroblasts | GTEx Portal release v10 (dbGaP phs000424) | Ruler training (652 donors); young and old anchors (113 and 231 donors)
4556,T3R3,not_a_claim,,,,part of an accession or identifier,"Consensus dermal fibroblast atlas | CELLxGENE a19d1667-a7b5-4556-9e5f-f9bfa690c0f1 | External fibroblast transfer, 65 donors, 10x assays only"
9e5,T3R3,not_a_claim,,,,part of an accession or identifier,"Consensus dermal fibroblast atlas | CELLxGENE a19d1667-a7b5-4556-9e5f-f9bfa690c0f1 | External fibroblast transfer, 65 donors, 10x assays only"
65,T3R3,verified,results/paper_figs/cxg_true_donor_results.csv,n_units [true_donor],65,,"Consensus dermal fibroblast atlas | CELLxGENE a19d1667-a7b5-4556-9e5f-f9bfa690c0f1 | External fibroblast transfer, 65 donors, 10x assays only"
10,T3R3,not_a_claim,results/md3/t1_occupancy_pooled.csv,column n_d10 [GM00731],timepoint label,sampling timepoint in the GSE297234 design,"Consensus dermal fibroblast atlas | CELLxGENE a19d1667-a7b5-4556-9e5f-f9bfa690c0f1 | External fibroblast transfer, 65 donors, 10x assays only"
82,T3R4,verified,results/md3/t2_instruments.csv,n_donors [gse226189_ruler_check],82,,"Human skin fibroblast bulk RNA-seq | GSE226189 | External fibroblast transfer, 82 donors"
0,T3R5,not_a_claim,results/md3/t1_occupancy_pooled.csv,column n_d0 [GM00731],timepoint label,sampling timepoint in the GSE297234 design,"OSKM reprogramming time course | GSE297234 | Reprogramming tests (two donors, days 0, 3, 7, 10)"
3,T3R5,not_a_claim,results/md3/t1_occupancy_pooled.csv,column n_d3 [GM00731],timepoint label,sampling timepoint in the GSE297234 design,"OSKM reprogramming time course | GSE297234 | Reprogramming tests (two donors, days 0, 3, 7, 10)"
7,T3R5,not_a_claim,results/md3/t1_occupancy_pooled.csv,column n_d7 [GM00731],timepoint label,sampling timepoint in the GSE297234 design,"OSKM reprogramming time course | GSE297234 | Reprogramming tests (two donors, days 0, 3, 7, 10)"
10,T3R5,not_a_claim,results/md3/t1_occupancy_pooled.csv,column n_d10 [GM00731],timepoint label,sampling timepoint in the GSE297234 design,"OSKM reprogramming time course | GSE297234 | Reprogramming tests (two donors, days 0, 3, 7, 10)"
3.12,P117,verified,results/paper_figs/environment_versions.txt,python,3.12.7,,"Analyses were implemented in Python 3.12.7 with numpy 2.5.3, scipy 1.18.1, pandas 3.0.5, scikit-learn 1.9.1, anndata 0.13.3.post0 and h5py 3.16.0, and figures were drawn with matplotlib 3.11.2. Versions were recorded from the analysis environment at the time of writing; the full listing is in the repository. Entry-point scripts, one per analysis, are listed in the repository README and reproduce every table in this paper from the frozen instruments and the public inputs. Seeds are given above. Seurat v5 and sctransform were not available in this environment; the AddModuleScore reimplementation (Signature scores, above) is a deviation from the published MD pipeline rather than a substitution."
2.5,P117,verified,results/paper_figs/environment_versions.txt,numpy,2.5.3,,"Analyses were implemented in Python 3.12.7 with numpy 2.5.3, scipy 1.18.1, pandas 3.0.5, scikit-learn 1.9.1, anndata 0.13.3.post0 and h5py 3.16.0, and figures were drawn with matplotlib 3.11.2. Versions were recorded from the analysis environment at the time of writing; the full listing is in the repository. Entry-point scripts, one per analysis, are listed in the repository README and reproduce every table in this paper from the frozen instruments and the public inputs. Seeds are given above. Seurat v5 and sctransform were not available in this environment; the AddModuleScore reimplementation (Signature scores, above) is a deviation from the published MD pipeline rather than a substitution."
1.18,P117,verified,results/paper_figs/environment_versions.txt,scipy,1.18.1,,"Analyses were implemented in Python 3.12.7 with numpy 2.5.3, scipy 1.18.1, pandas 3.0.5, scikit-learn 1.9.1, anndata 0.13.3.post0 and h5py 3.16.0, and figures were drawn with matplotlib 3.11.2. Versions were recorded from the analysis environment at the time of writing; the full listing is in the repository. Entry-point scripts, one per analysis, are listed in the repository README and reproduce every table in this paper from the frozen instruments and the public inputs. Seeds are given above. Seurat v5 and sctransform were not available in this environment; the AddModuleScore reimplementation (Signature scores, above) is a deviation from the published MD pipeline rather than a substitution."
3.0,P117,verified,results/paper_figs/environment_versions.txt,pandas,3.0.5,,"Analyses were implemented in Python 3.12.7 with numpy 2.5.3, scipy 1.18.1, pandas 3.0.5, scikit-learn 1.9.1, anndata 0.13.3.post0 and h5py 3.16.0, and figures were drawn with matplotlib 3.11.2. Versions were recorded from the analysis environment at the time of writing; the full listing is in the repository. Entry-point scripts, one per analysis, are listed in the repository README and reproduce every table in this paper from the frozen instruments and the public inputs. Seeds are given above. Seurat v5 and sctransform were not available in this environment; the AddModuleScore reimplementation (Signature scores, above) is a deviation from the published MD pipeline rather than a substitution."
1.9,P117,verified,results/paper_figs/environment_versions.txt,scikit-learn,1.9.1,,"Analyses were implemented in Python 3.12.7 with numpy 2.5.3, scipy 1.18.1, pandas 3.0.5, scikit-learn 1.9.1, anndata 0.13.3.post0 and h5py 3.16.0, and figures were drawn with matplotlib 3.11.2. Versions were recorded from the analysis environment at the time of writing; the full listing is in the repository. Entry-point scripts, one per analysis, are listed in the repository README and reproduce every table in this paper from the frozen instruments and the public inputs. Seeds are given above. Seurat v5 and sctransform were not available in this environment; the AddModuleScore reimplementation (Signature scores, above) is a deviation from the published MD pipeline rather than a substitution."
0.13,P117,verified,results/paper_figs/environment_versions.txt,anndata,0.13.3.post0,,"Analyses were implemented in Python 3.12.7 with numpy 2.5.3, scipy 1.18.1, pandas 3.0.5, scikit-learn 1.9.1, anndata 0.13.3.post0 and h5py 3.16.0, and figures were drawn with matplotlib 3.11.2. Versions were recorded from the analysis environment at the time of writing; the full listing is in the repository. Entry-point scripts, one per analysis, are listed in the repository README and reproduce every table in this paper from the frozen instruments and the public inputs. Seeds are given above. Seurat v5 and sctransform were not available in this environment; the AddModuleScore reimplementation (Signature scores, above) is a deviation from the published MD pipeline rather than a substitution."
3.16,P117,verified,results/paper_figs/environment_versions.txt,h5py,3.16.0,,"Analyses were implemented in Python 3.12.7 with numpy 2.5.3, scipy 1.18.1, pandas 3.0.5, scikit-learn 1.9.1, anndata 0.13.3.post0 and h5py 3.16.0, and figures were drawn with matplotlib 3.11.2. Versions were recorded from the analysis environment at the time of writing; the full listing is in the repository. Entry-point scripts, one per analysis, are listed in the repository README and reproduce every table in this paper from the frozen instruments and the public inputs. Seeds are given above. Seurat v5 and sctransform were not available in this environment; the AddModuleScore reimplementation (Signature scores, above) is a deviation from the published MD pipeline rather than a substitution."
3.11,P117,verified,results/paper_figs/environment_versions.txt,matplotlib,3.11.2,,"Analyses were implemented in Python 3.12.7 with numpy 2.5.3, scipy 1.18.1, pandas 3.0.5, scikit-learn 1.9.1, anndata 0.13.3.post0 and h5py 3.16.0, and figures were drawn with matplotlib 3.11.2. Versions were recorded from the analysis environment at the time of writing; the full listing is in the repository. Entry-point scripts, one per analysis, are listed in the repository README and reproduce every table in this paper from the frozen instruments and the public inputs. Seeds are given above. Seurat v5 and sctransform were not available in this environment; the AddModuleScore reimplementation (Signature scores, above) is a deviation from the published MD pipeline rather than a substitution."
3,P119,not_a_claim,results/md3/t1_occupancy_pooled.csv,column n_d3 [GM00731],timepoint label,sampling timepoint in the GSE297234 design,"All input data are public and are listed in Table 3. Analysis code, the frozen instruments, the pre-registration documents with their timestamp flags, and every result table used in this paper are available at [GITHUB REPOSITORY URL] and archived at [ZENODO DOI]. The frozen fibroblast ruler is a single file containing the unit weight vector, the un-normalised coefficients and the training mean and standard deviation over 23,485 genes; the young and old GTEx anchors are provided as a separate file. The repository README lists the entry-point script that reproduces each table and figure. Raw input data are not redistributed and must be obtained from the sources in Table 3."
"23,485",P119,not_a_claim,,,,"reference list, dataset table or back matter","All input data are public and are listed in Table 3. Analysis code, the frozen instruments, the pre-registration documents with their timestamp flags, and every result table used in this paper are available at [GITHUB REPOSITORY URL] and archived at [ZENODO DOI]. The frozen fibroblast ruler is a single file containing the unit weight vector, the un-normalised coefficients and the training mean and standard deviation over 23,485 genes; the young and old GTEx anchors are provided as a separate file. The repository README lists the entry-point script that reproduces each table and figure. Raw input data are not redistributed and must be obtained from the sources in Table 3."
3,P119,not_a_claim,results/md3/t1_occupancy_pooled.csv,column n_d3 [GM00731],timepoint label,sampling timepoint in the GSE297234 design,"All input data are public and are listed in Table 3. Analysis code, the frozen instruments, the pre-registration documents with their timestamp flags, and every result table used in this paper are available at [GITHUB REPOSITORY URL] and archived at [ZENODO DOI]. The frozen fibroblast ruler is a single file containing the unit weight vector, the un-normalised coefficients and the training mean and standard deviation over 23,485 genes; the young and old GTEx anchors are provided as a separate file. The repository README lists the entry-point script that reproduces each table and figure. Raw input data are not redistributed and must be obtained from the sources in Table 3."
1,P129,not_a_claim,,,,"reference list, dataset table or back matter","1. Lu, J. Y. et al. Prevalent mesenchymal drift in aging and disease is reversed by partial reprogramming. Cell 188, 5895–5911.e17 (2025)."
188,P129,not_a_claim,,,,"reference list, dataset table or back matter","1. Lu, J. Y. et al. Prevalent mesenchymal drift in aging and disease is reversed by partial reprogramming. Cell 188, 5895–5911.e17 (2025)."
5895,P129,not_a_claim,,,,"reference list, dataset table or back matter","1. Lu, J. Y. et al. Prevalent mesenchymal drift in aging and disease is reversed by partial reprogramming. Cell 188, 5895–5911.e17 (2025)."
5911,P129,not_a_claim,,,,"reference list, dataset table or back matter","1. Lu, J. Y. et al. Prevalent mesenchymal drift in aging and disease is reversed by partial reprogramming. Cell 188, 5895–5911.e17 (2025)."
2025,P129,not_a_claim,,,,"reference list, dataset table or back matter","1. Lu, J. Y. et al. Prevalent mesenchymal drift in aging and disease is reversed by partial reprogramming. Cell 188, 5895–5911.e17 (2025)."
2,P130,not_a_claim,,,,"reference list, dataset table or back matter","2. Southard, K. M. et al. Comprehensive transcription factor perturbations recapitulate fibroblast transcriptional states. Nat. Genet. 57, 2323–2334 (2025)."
57,P130,not_a_claim,,,,"reference list, dataset table or back matter","2. Southard, K. M. et al. Comprehensive transcription factor perturbations recapitulate fibroblast transcriptional states. Nat. Genet. 57, 2323–2334 (2025)."
2323,P130,not_a_claim,,,,"reference list, dataset table or back matter","2. Southard, K. M. et al. Comprehensive transcription factor perturbations recapitulate fibroblast transcriptional states. Nat. Genet. 57, 2323–2334 (2025)."
2334,P130,not_a_claim,,,,"reference list, dataset table or back matter","2. Southard, K. M. et al. Comprehensive transcription factor perturbations recapitulate fibroblast transcriptional states. Nat. Genet. 57, 2323–2334 (2025)."
2025,P130,not_a_claim,,,,"reference list, dataset table or back matter","2. Southard, K. M. et al. Comprehensive transcription factor perturbations recapitulate fibroblast transcriptional states. Nat. Genet. 57, 2323–2334 (2025)."
3,P131,not_a_claim,results/md3/t1_occupancy_pooled.csv,column n_d3 [GM00731],timepoint label,sampling timepoint in the GSE297234 design,"3. GTEx Consortium. The GTEx Consortium atlas of genetic regulatory effects across human tissues. Science 369, 1318–1330 (2020)."
369,P131,not_a_claim,,,,"reference list, dataset table or back matter","3. GTEx Consortium. The GTEx Consortium atlas of genetic regulatory effects across human tissues. Science 369, 1318–1330 (2020)."
1318,P131,not_a_claim,,,,"reference list, dataset table or back matter","3. GTEx Consortium. The GTEx Consortium atlas of genetic regulatory effects across human tissues. Science 369, 1318–1330 (2020)."
1330,P131,not_a_claim,,,,"reference list, dataset table or back matter","3. GTEx Consortium. The GTEx Consortium atlas of genetic regulatory effects across human tissues. Science 369, 1318–1330 (2020)."
2020,P131,not_a_claim,,,,"reference list, dataset table or back matter","3. GTEx Consortium. The GTEx Consortium atlas of genetic regulatory effects across human tissues. Science 369, 1318–1330 (2020)."
4,P132,not_a_claim,,,,"reference list, dataset table or back matter","4. Ascensión, A. M. & Izeta, A. A consensus single-cell transcriptomic atlas of dermal fibroblast heterogeneity. bioRxiv 2024.09.05.611379 (2024)."
2024.09,P132,not_a_claim,,,,"reference list, dataset table or back matter","4. Ascensión, A. M. & Izeta, A. A consensus single-cell transcriptomic atlas of dermal fibroblast heterogeneity. bioRxiv 2024.09.05.611379 (2024)."
2024,P132,not_a_claim,,,,"reference list, dataset table or back matter","4. Ascensión, A. M. & Izeta, A. A consensus single-cell transcriptomic atlas of dermal fibroblast heterogeneity. bioRxiv 2024.09.05.611379 (2024)."
5,P133,not_a_claim,,,,"reference list, dataset table or back matter","5. Fleischer, J. G. et al. Predicting age from the transcriptome of human dermal fibroblasts. Genome Biol. 19, 221 (2018)."
19,P133,not_a_claim,,,,"reference list, dataset table or back matter","5. Fleischer, J. G. et al. Predicting age from the transcriptome of human dermal fibroblasts. Genome Biol. 19, 221 (2018)."
221,P133,not_a_claim,,,,"reference list, dataset table or back matter","5. Fleischer, J. G. et al. Predicting age from the transcriptome of human dermal fibroblasts. Genome Biol. 19, 221 (2018)."
2018,P133,not_a_claim,,,,"reference list, dataset table or back matter","5. Fleischer, J. G. et al. Predicting age from the transcriptome of human dermal fibroblasts. Genome Biol. 19, 221 (2018)."
6,P134,not_a_claim,,,,"reference list, dataset table or back matter","6. Liberzon, A. et al. The Molecular Signatures Database hallmark gene set collection. Cell Syst. 1, 417–425 (2015)."
1,P134,not_a_claim,,,,"reference list, dataset table or back matter","6. Liberzon, A. et al. The Molecular Signatures Database hallmark gene set collection. Cell Syst. 1, 417–425 (2015)."
417,P134,not_a_claim,,,,"reference list, dataset table or back matter","6. Liberzon, A. et al. The Molecular Signatures Database hallmark gene set collection. Cell Syst. 1, 417–425 (2015)."
425,P134,not_a_claim,,,,"reference list, dataset table or back matter","6. Liberzon, A. et al. The Molecular Signatures Database hallmark gene set collection. Cell Syst. 1, 417–425 (2015)."
2015,P134,not_a_claim,,,,"reference list, dataset table or back matter","6. Liberzon, A. et al. The Molecular Signatures Database hallmark gene set collection. Cell Syst. 1, 417–425 (2015)."
7,P135,not_a_claim,results/md3/t1_occupancy_pooled.csv,column n_d7 [GM00731],timepoint label,sampling timepoint in the GSE297234 design,"7. Hao, Y. et al. Dictionary learning for integrative, multimodal and scalable single-cell analysis. Nat. Biotechnol. 42, 293–304 (2024)."
42,P135,not_a_claim,,,,"reference list, dataset table or back matter","7. Hao, Y. et al. Dictionary learning for integrative, multimodal and scalable single-cell analysis. Nat. Biotechnol. 42, 293–304 (2024)."
293,P135,not_a_claim,,,,"reference list, dataset table or back matter","7. Hao, Y. et al. Dictionary learning for integrative, multimodal and scalable single-cell analysis. Nat. Biotechnol. 42, 293–304 (2024)."
304,P135,not_a_claim,,,,"reference list, dataset table or back matter","7. Hao, Y. et al. Dictionary learning for integrative, multimodal and scalable single-cell analysis. Nat. Biotechnol. 42, 293–304 (2024)."
2024,P135,not_a_claim,,,,"reference list, dataset table or back matter","7. Hao, Y. et al. Dictionary learning for integrative, multimodal and scalable single-cell analysis. Nat. Biotechnol. 42, 293–304 (2024)."
8,P136,not_a_claim,,,,"reference list, dataset table or back matter","8. Robinson, M. D. & Oshlack, A. A scaling normalization method for differential expression analysis of RNA-seq data. Genome Biol. 11, R25 (2010)."
11,P136,not_a_claim,,,,"reference list, dataset table or back matter","8. Robinson, M. D. & Oshlack, A. A scaling normalization method for differential expression analysis of RNA-seq data. Genome Biol. 11, R25 (2010)."
2010,P136,not_a_claim,,,,"reference list, dataset table or back matter","8. Robinson, M. D. & Oshlack, A. A scaling normalization method for differential expression analysis of RNA-seq data. Genome Biol. 11, R25 (2010)."
9,P137,not_a_claim,,,,"reference list, dataset table or back matter","9. Takahashi, K. & Yamanaka, S. Induction of pluripotent stem cells from mouse embryonic and adult fibroblast cultures by defined factors. Cell 126, 663–676 (2006)."
126,P137,not_a_claim,,,,"reference list, dataset table or back matter","9. Takahashi, K. & Yamanaka, S. Induction of pluripotent stem cells from mouse embryonic and adult fibroblast cultures by defined factors. Cell 126, 663–676 (2006)."
663,P137,not_a_claim,,,,"reference list, dataset table or back matter","9. Takahashi, K. & Yamanaka, S. Induction of pluripotent stem cells from mouse embryonic and adult fibroblast cultures by defined factors. Cell 126, 663–676 (2006)."
676,P137,not_a_claim,,,,"reference list, dataset table or back matter","9. Takahashi, K. & Yamanaka, S. Induction of pluripotent stem cells from mouse embryonic and adult fibroblast cultures by defined factors. Cell 126, 663–676 (2006)."
2006,P137,not_a_claim,,,,"reference list, dataset table or back matter","9. Takahashi, K. & Yamanaka, S. Induction of pluripotent stem cells from mouse embryonic and adult fibroblast cultures by defined factors. Cell 126, 663–676 (2006)."
10,P138,not_a_claim,results/md3/t1_occupancy_pooled.csv,column n_d10 [GM00731],timepoint label,sampling timepoint in the GSE297234 design,"10. Ocampo, A. et al. In vivo amelioration of age-associated hallmarks by partial reprogramming. Cell 167, 1719–1733.e12 (2016)."
167,P138,not_a_claim,,,,"reference list, dataset table or back matter","10. Ocampo, A. et al. In vivo amelioration of age-associated hallmarks by partial reprogramming. Cell 167, 1719–1733.e12 (2016)."
1719,P138,not_a_claim,,,,"reference list, dataset table or back matter","10. Ocampo, A. et al. In vivo amelioration of age-associated hallmarks by partial reprogramming. Cell 167, 1719–1733.e12 (2016)."
1733,P138,not_a_claim,,,,"reference list, dataset table or back matter","10. Ocampo, A. et al. In vivo amelioration of age-associated hallmarks by partial reprogramming. Cell 167, 1719–1733.e12 (2016)."
2016,P138,not_a_claim,,,,"reference list, dataset table or back matter","10. Ocampo, A. et al. In vivo amelioration of age-associated hallmarks by partial reprogramming. Cell 167, 1719–1733.e12 (2016)."
11,P139,not_a_claim,,,,"reference list, dataset table or back matter","11. Gill, D. et al. Multi-omic rejuvenation of human cells by maturation phase transient reprogramming. eLife 11, e71624 (2022)."
11,P139,not_a_claim,,,,"reference list, dataset table or back matter","11. Gill, D. et al. Multi-omic rejuvenation of human cells by maturation phase transient reprogramming. eLife 11, e71624 (2022)."
2022,P139,not_a_claim,,,,"reference list, dataset table or back matter","11. Gill, D. et al. Multi-omic rejuvenation of human cells by maturation phase transient reprogramming. eLife 11, e71624 (2022)."
12,P140,not_a_claim,,,,"reference list, dataset table or back matter","12. Horvath, S. DNA methylation age of human tissues and cell types. Genome Biol. 14, R115 (2013)."
14,P140,not_a_claim,,,,"reference list, dataset table or back matter","12. Horvath, S. DNA methylation age of human tissues and cell types. Genome Biol. 14, R115 (2013)."
2013,P140,not_a_claim,,,,"reference list, dataset table or back matter","12. Horvath, S. DNA methylation age of human tissues and cell types. Genome Biol. 14, R115 (2013)."
13,P141,not_a_claim,,,,"reference list, dataset table or back matter","13. Hannum, G. et al. Genome-wide methylation profiles reveal quantitative views of human aging rates. Mol. Cell 49, 359–367 (2013)."
49,P141,not_a_claim,,,,"reference list, dataset table or back matter","13. Hannum, G. et al. Genome-wide methylation profiles reveal quantitative views of human aging rates. Mol. Cell 49, 359–367 (2013)."
359,P141,not_a_claim,,,,"reference list, dataset table or back matter","13. Hannum, G. et al. Genome-wide methylation profiles reveal quantitative views of human aging rates. Mol. Cell 49, 359–367 (2013)."
367,P141,not_a_claim,,,,"reference list, dataset table or back matter","13. Hannum, G. et al. Genome-wide methylation profiles reveal quantitative views of human aging rates. Mol. Cell 49, 359–367 (2013)."
2013,P141,not_a_claim,,,,"reference list, dataset table or back matter","13. Hannum, G. et al. Genome-wide methylation profiles reveal quantitative views of human aging rates. Mol. Cell 49, 359–367 (2013)."
14,P142,not_a_claim,,,,"reference list, dataset table or back matter","14. Kabacik, S. et al. The relationship between epigenetic age and the hallmarks of aging in human cells. Nat. Aging 2, 484–493 (2022)."
2,P142,not_a_claim,,,,"reference list, dataset table or back matter","14. Kabacik, S. et al. The relationship between epigenetic age and the hallmarks of aging in human cells. Nat. Aging 2, 484–493 (2022)."
484,P142,not_a_claim,,,,"reference list, dataset table or back matter","14. Kabacik, S. et al. The relationship between epigenetic age and the hallmarks of aging in human cells. Nat. Aging 2, 484–493 (2022)."
493,P142,not_a_claim,,,,"reference list, dataset table or back matter","14. Kabacik, S. et al. The relationship between epigenetic age and the hallmarks of aging in human cells. Nat. Aging 2, 484–493 (2022)."
2022,P142,not_a_claim,,,,"reference list, dataset table or back matter","14. Kabacik, S. et al. The relationship between epigenetic age and the hallmarks of aging in human cells. Nat. Aging 2, 484–493 (2022)."
15,P143,not_a_claim,,,,"reference list, dataset table or back matter","15. Tsitsipatis, D. et al. Transcriptomes of human primary skin fibroblasts of healthy individuals reveal age-associated mRNAs and long noncoding RNAs. Aging Cell 22, e13915 (2023)."
22,P143,not_a_claim,,,,"reference list, dataset table or back matter","15. Tsitsipatis, D. et al. Transcriptomes of human primary skin fibroblasts of healthy individuals reveal age-associated mRNAs and long noncoding RNAs. Aging Cell 22, e13915 (2023)."
2023,P143,not_a_claim,,,,"reference list, dataset table or back matter","15. Tsitsipatis, D. et al. Transcriptomes of human primary skin fibroblasts of healthy individuals reveal age-associated mRNAs and long noncoding RNAs. Aging Cell 22, e13915 (2023)."
16,P144,not_a_claim,,,,"reference list, dataset table or back matter","16. Cahan, P. et al. CellNet: network biology applied to stem cell engineering. Cell 158, 903–915 (2014)."
158,P144,not_a_claim,,,,"reference list, dataset table or back matter","16. Cahan, P. et al. CellNet: network biology applied to stem cell engineering. Cell 158, 903–915 (2014)."
903,P144,not_a_claim,,,,"reference list, dataset table or back matter","16. Cahan, P. et al. CellNet: network biology applied to stem cell engineering. Cell 158, 903–915 (2014)."
915,P144,not_a_claim,,,,"reference list, dataset table or back matter","16. Cahan, P. et al. CellNet: network biology applied to stem cell engineering. Cell 158, 903–915 (2014)."
2014,P144,not_a_claim,,,,"reference list, dataset table or back matter","16. Cahan, P. et al. CellNet: network biology applied to stem cell engineering. Cell 158, 903–915 (2014)."
1,P147,not_a_claim,,,,"cross-reference to a figure, table or note",Supplementary Note 1. Young defined by GTEx donors
20,P148,verified,results/toward/anchors.json,bin_n key '20-29',20-29,,"Anchors were the mean expression of the GTEx reference donors aged 20 to 39 (n = 113) and 60 to 79 (n = 231), with the 40 to 59 bins excluded. In all genes, the aged donor's partially reprogrammed displacement is almost orthogonal to the young-minus-old axis (cosine +0.077). That small alignment survives a gene-permutation null (p = 0.005) but not a null in which GTEx donors are split at random ignoring age (p = 0.39), so it is not specifically an age alignment. The cells end farther from the young centroid (+9.4) and farther from the old centroid (+10.9): they recede from both. A five-fold positive control, in which held-out old GTEx donors are displaced toward the young centroid, gave fold cosines of 0.615 to 0.874, above the bar of 0.5, so the statistic registers a genuine approach when one occurs (Supplementary Figure S1D); the control also passes in the MD genes (0.733 to 0.895) and the age genes (0.681 to 0.895)."
39,P148,verified,results/toward/anchors.json,bin_n key '30-39',30-39,,"Anchors were the mean expression of the GTEx reference donors aged 20 to 39 (n = 113) and 60 to 79 (n = 231), with the 40 to 59 bins excluded. In all genes, the aged donor's partially reprogrammed displacement is almost orthogonal to the young-minus-old axis (cosine +0.077). That small alignment survives a gene-permutation null (p = 0.005) but not a null in which GTEx donors are split at random ignoring age (p = 0.39), so it is not specifically an age alignment. The cells end farther from the young centroid (+9.4) and farther from the old centroid (+10.9): they recede from both. A five-fold positive control, in which held-out old GTEx donors are displaced toward the young centroid, gave fold cosines of 0.615 to 0.874, above the bar of 0.5, so the statistic registers a genuine approach when one occurs (Supplementary Figure S1D); the control also passes in the MD genes (0.733 to 0.895) and the age genes (0.681 to 0.895)."
113,P148,verified,results/genespace/summary.json,anchors/n_young,113,,"Anchors were the mean expression of the GTEx reference donors aged 20 to 39 (n = 113) and 60 to 79 (n = 231), with the 40 to 59 bins excluded. In all genes, the aged donor's partially reprogrammed displacement is almost orthogonal to the young-minus-old axis (cosine +0.077). That small alignment survives a gene-permutation null (p = 0.005) but not a null in which GTEx donors are split at random ignoring age (p = 0.39), so it is not specifically an age alignment. The cells end farther from the young centroid (+9.4) and farther from the old centroid (+10.9): they recede from both. A five-fold positive control, in which held-out old GTEx donors are displaced toward the young centroid, gave fold cosines of 0.615 to 0.874, above the bar of 0.5, so the statistic registers a genuine approach when one occurs (Supplementary Figure S1D); the control also passes in the MD genes (0.733 to 0.895) and the age genes (0.681 to 0.895)."
60,P148,verified,results/toward/anchors.json,bin_n key '60-69',60-69,,"Anchors were the mean expression of the GTEx reference donors aged 20 to 39 (n = 113) and 60 to 79 (n = 231), with the 40 to 59 bins excluded. In all genes, the aged donor's partially reprogrammed displacement is almost orthogonal to the young-minus-old axis (cosine +0.077). That small alignment survives a gene-permutation null (p = 0.005) but not a null in which GTEx donors are split at random ignoring age (p = 0.39), so it is not specifically an age alignment. The cells end farther from the young centroid (+9.4) and farther from the old centroid (+10.9): they recede from both. A five-fold positive control, in which held-out old GTEx donors are displaced toward the young centroid, gave fold cosines of 0.615 to 0.874, above the bar of 0.5, so the statistic registers a genuine approach when one occurs (Supplementary Figure S1D); the control also passes in the MD genes (0.733 to 0.895) and the age genes (0.681 to 0.895)."
79,P148,verified,results/toward/anchors.json,bin_n key '70-79',70-79,,"Anchors were the mean expression of the GTEx reference donors aged 20 to 39 (n = 113) and 60 to 79 (n = 231), with the 40 to 59 bins excluded. In all genes, the aged donor's partially reprogrammed displacement is almost orthogonal to the young-minus-old axis (cosine +0.077). That small alignment survives a gene-permutation null (p = 0.005) but not a null in which GTEx donors are split at random ignoring age (p = 0.39), so it is not specifically an age alignment. The cells end farther from the young centroid (+9.4) and farther from the old centroid (+10.9): they recede from both. A five-fold positive control, in which held-out old GTEx donors are displaced toward the young centroid, gave fold cosines of 0.615 to 0.874, above the bar of 0.5, so the statistic registers a genuine approach when one occurs (Supplementary Figure S1D); the control also passes in the MD genes (0.733 to 0.895) and the age genes (0.681 to 0.895)."
231,P148,verified,results/genespace/summary.json,anchors/n_old,231,,"Anchors were the mean expression of the GTEx reference donors aged 20 to 39 (n = 113) and 60 to 79 (n = 231), with the 40 to 59 bins excluded. In all genes, the aged donor's partially reprogrammed displacement is almost orthogonal to the young-minus-old axis (cosine +0.077). That small alignment survives a gene-permutation null (p = 0.005) but not a null in which GTEx donors are split at random ignoring age (p = 0.39), so it is not specifically an age alignment. The cells end farther from the young centroid (+9.4) and farther from the old centroid (+10.9): they recede from both. A five-fold positive control, in which held-out old GTEx donors are displaced toward the young centroid, gave fold cosines of 0.615 to 0.874, above the bar of 0.5, so the statistic registers a genuine approach when one occurs (Supplementary Figure S1D); the control also passes in the MD genes (0.733 to 0.895) and the age genes (0.681 to 0.895)."
40,P148,verified,results/toward/anchors.json,bin_n key '40-49' (excluded middle bins),40-49,,"Anchors were the mean expression of the GTEx reference donors aged 20 to 39 (n = 113) and 60 to 79 (n = 231), with the 40 to 59 bins excluded. In all genes, the aged donor's partially reprogrammed displacement is almost orthogonal to the young-minus-old axis (cosine +0.077). That small alignment survives a gene-permutation null (p = 0.005) but not a null in which GTEx donors are split at random ignoring age (p = 0.39), so it is not specifically an age alignment. The cells end farther from the young centroid (+9.4) and farther from the old centroid (+10.9): they recede from both. A five-fold positive control, in which held-out old GTEx donors are displaced toward the young centroid, gave fold cosines of 0.615 to 0.874, above the bar of 0.5, so the statistic registers a genuine approach when one occurs (Supplementary Figure S1D); the control also passes in the MD genes (0.733 to 0.895) and the age genes (0.681 to 0.895)."
59,P148,verified,results/toward/anchors.json,bin_n key '50-59' (excluded middle bins),50-59,,"Anchors were the mean expression of the GTEx reference donors aged 20 to 39 (n = 113) and 60 to 79 (n = 231), with the 40 to 59 bins excluded. In all genes, the aged donor's partially reprogrammed displacement is almost orthogonal to the young-minus-old axis (cosine +0.077). That small alignment survives a gene-permutation null (p = 0.005) but not a null in which GTEx donors are split at random ignoring age (p = 0.39), so it is not specifically an age alignment. The cells end farther from the young centroid (+9.4) and farther from the old centroid (+10.9): they recede from both. A five-fold positive control, in which held-out old GTEx donors are displaced toward the young centroid, gave fold cosines of 0.615 to 0.874, above the bar of 0.5, so the statistic registers a genuine approach when one occurs (Supplementary Figure S1D); the control also passes in the MD genes (0.733 to 0.895) and the age genes (0.681 to 0.895)."
+0.077,P148,verified,results/genespace/gtex_stats.csv,cos_S [FULL GM00731 PartialReprog],0.07724629325885633,,"Anchors were the mean expression of the GTEx reference donors aged 20 to 39 (n = 113) and 60 to 79 (n = 231), with the 40 to 59 bins excluded. In all genes, the aged donor's partially reprogrammed displacement is almost orthogonal to the young-minus-old axis (cosine +0.077). That small alignment survives a gene-permutation null (p = 0.005) but not a null in which GTEx donors are split at random ignoring age (p = 0.39), so it is not specifically an age alignment. The cells end farther from the young centroid (+9.4) and farther from the old centroid (+10.9): they recede from both. A five-fold positive control, in which held-out old GTEx donors are displaced toward the young centroid, gave fold cosines of 0.615 to 0.874, above the bar of 0.5, so the statistic registers a genuine approach when one occurs (Supplementary Figure S1D); the control also passes in the MD genes (0.733 to 0.895) and the age genes (0.681 to 0.895)."
0.005,P148,verified,results/genespace/gtex_stats.csv,p_N1 [FULL GM00731 PartialReprog],0.004975124378109453,,"Anchors were the mean expression of the GTEx reference donors aged 20 to 39 (n = 113) and 60 to 79 (n = 231), with the 40 to 59 bins excluded. In all genes, the aged donor's partially reprogrammed displacement is almost orthogonal to the young-minus-old axis (cosine +0.077). That small alignment survives a gene-permutation null (p = 0.005) but not a null in which GTEx donors are split at random ignoring age (p = 0.39), so it is not specifically an age alignment. The cells end farther from the young centroid (+9.4) and farther from the old centroid (+10.9): they recede from both. A five-fold positive control, in which held-out old GTEx donors are displaced toward the young centroid, gave fold cosines of 0.615 to 0.874, above the bar of 0.5, so the statistic registers a genuine approach when one occurs (Supplementary Figure S1D); the control also passes in the MD genes (0.733 to 0.895) and the age genes (0.681 to 0.895)."
0.39,P148,verified,results/genespace/gtex_stats.csv,p_N2 [FULL GM00731 PartialReprog],0.3880597014925373,,"Anchors were the mean expression of the GTEx reference donors aged 20 to 39 (n = 113) and 60 to 79 (n = 231), with the 40 to 59 bins excluded. In all genes, the aged donor's partially reprogrammed displacement is almost orthogonal to the young-minus-old axis (cosine +0.077). That small alignment survives a gene-permutation null (p = 0.005) but not a null in which GTEx donors are split at random ignoring age (p = 0.39), so it is not specifically an age alignment. The cells end farther from the young centroid (+9.4) and farther from the old centroid (+10.9): they recede from both. A five-fold positive control, in which held-out old GTEx donors are displaced toward the young centroid, gave fold cosines of 0.615 to 0.874, above the bar of 0.5, so the statistic registers a genuine approach when one occurs (Supplementary Figure S1D); the control also passes in the MD genes (0.733 to 0.895) and the age genes (0.681 to 0.895)."
+9.4,P148,verified,results/newstory/partB_gtex_distances.csv,delta_young [FULL GM00731 PartialReprog],9.369675854981608,,"Anchors were the mean expression of the GTEx reference donors aged 20 to 39 (n = 113) and 60 to 79 (n = 231), with the 40 to 59 bins excluded. In all genes, the aged donor's partially reprogrammed displacement is almost orthogonal to the young-minus-old axis (cosine +0.077). That small alignment survives a gene-permutation null (p = 0.005) but not a null in which GTEx donors are split at random ignoring age (p = 0.39), so it is not specifically an age alignment. The cells end farther from the young centroid (+9.4) and farther from the old centroid (+10.9): they recede from both. A five-fold positive control, in which held-out old GTEx donors are displaced toward the young centroid, gave fold cosines of 0.615 to 0.874, above the bar of 0.5, so the statistic registers a genuine approach when one occurs (Supplementary Figure S1D); the control also passes in the MD genes (0.733 to 0.895) and the age genes (0.681 to 0.895)."
+10.9,P148,verified,results/newstory/partB_gtex_distances.csv,delta_old [FULL GM00731 PartialReprog],10.857057907390072,,"Anchors were the mean expression of the GTEx reference donors aged 20 to 39 (n = 113) and 60 to 79 (n = 231), with the 40 to 59 bins excluded. In all genes, the aged donor's partially reprogrammed displacement is almost orthogonal to the young-minus-old axis (cosine +0.077). That small alignment survives a gene-permutation null (p = 0.005) but not a null in which GTEx donors are split at random ignoring age (p = 0.39), so it is not specifically an age alignment. The cells end farther from the young centroid (+9.4) and farther from the old centroid (+10.9): they recede from both. A five-fold positive control, in which held-out old GTEx donors are displaced toward the young centroid, gave fold cosines of 0.615 to 0.874, above the bar of 0.5, so the statistic registers a genuine approach when one occurs (Supplementary Figure S1D); the control also passes in the MD genes (0.733 to 0.895) and the age genes (0.681 to 0.895)."
0.615,P148,verified,results/toward/c3_folds.csv,cos [fold 0],0.6146975302850424,,"Anchors were the mean expression of the GTEx reference donors aged 20 to 39 (n = 113) and 60 to 79 (n = 231), with the 40 to 59 bins excluded. In all genes, the aged donor's partially reprogrammed displacement is almost orthogonal to the young-minus-old axis (cosine +0.077). That small alignment survives a gene-permutation null (p = 0.005) but not a null in which GTEx donors are split at random ignoring age (p = 0.39), so it is not specifically an age alignment. The cells end farther from the young centroid (+9.4) and farther from the old centroid (+10.9): they recede from both. A five-fold positive control, in which held-out old GTEx donors are displaced toward the young centroid, gave fold cosines of 0.615 to 0.874, above the bar of 0.5, so the statistic registers a genuine approach when one occurs (Supplementary Figure S1D); the control also passes in the MD genes (0.733 to 0.895) and the age genes (0.681 to 0.895)."
0.874,P148,verified,results/toward/c3_folds.csv,cos [fold 4],0.8740972886541529,,"Anchors were the mean expression of the GTEx reference donors aged 20 to 39 (n = 113) and 60 to 79 (n = 231), with the 40 to 59 bins excluded. In all genes, the aged donor's partially reprogrammed displacement is almost orthogonal to the young-minus-old axis (cosine +0.077). That small alignment survives a gene-permutation null (p = 0.005) but not a null in which GTEx donors are split at random ignoring age (p = 0.39), so it is not specifically an age alignment. The cells end farther from the young centroid (+9.4) and farther from the old centroid (+10.9): they recede from both. A five-fold positive control, in which held-out old GTEx donors are displaced toward the young centroid, gave fold cosines of 0.615 to 0.874, above the bar of 0.5, so the statistic registers a genuine approach when one occurs (Supplementary Figure S1D); the control also passes in the MD genes (0.733 to 0.895) and the age genes (0.681 to 0.895)."
0.5,P148,no-source,,,,"the pre-registered pass bar for the five-fold control; a threshold, not a stored result","Anchors were the mean expression of the GTEx reference donors aged 20 to 39 (n = 113) and 60 to 79 (n = 231), with the 40 to 59 bins excluded. In all genes, the aged donor's partially reprogrammed displacement is almost orthogonal to the young-minus-old axis (cosine +0.077). That small alignment survives a gene-permutation null (p = 0.005) but not a null in which GTEx donors are split at random ignoring age (p = 0.39), so it is not specifically an age alignment. The cells end farther from the young centroid (+9.4) and farther from the old centroid (+10.9): they recede from both. A five-fold positive control, in which held-out old GTEx donors are displaced toward the young centroid, gave fold cosines of 0.615 to 0.874, above the bar of 0.5, so the statistic registers a genuine approach when one occurs (Supplementary Figure S1D); the control also passes in the MD genes (0.733 to 0.895) and the age genes (0.681 to 0.895)."
0.733,P148,verified,results/genespace/gtex_c3.csv,cos [MD fold 0],0.7331490433108905,,"Anchors were the mean expression of the GTEx reference donors aged 20 to 39 (n = 113) and 60 to 79 (n = 231), with the 40 to 59 bins excluded. In all genes, the aged donor's partially reprogrammed displacement is almost orthogonal to the young-minus-old axis (cosine +0.077). That small alignment survives a gene-permutation null (p = 0.005) but not a null in which GTEx donors are split at random ignoring age (p = 0.39), so it is not specifically an age alignment. The cells end farther from the young centroid (+9.4) and farther from the old centroid (+10.9): they recede from both. A five-fold positive control, in which held-out old GTEx donors are displaced toward the young centroid, gave fold cosines of 0.615 to 0.874, above the bar of 0.5, so the statistic registers a genuine approach when one occurs (Supplementary Figure S1D); the control also passes in the MD genes (0.733 to 0.895) and the age genes (0.681 to 0.895)."
0.895,P148,verified,results/genespace/gtex_c3.csv,cos [MD fold 4],0.8949599515806387,,"Anchors were the mean expression of the GTEx reference donors aged 20 to 39 (n = 113) and 60 to 79 (n = 231), with the 40 to 59 bins excluded. In all genes, the aged donor's partially reprogrammed displacement is almost orthogonal to the young-minus-old axis (cosine +0.077). That small alignment survives a gene-permutation null (p = 0.005) but not a null in which GTEx donors are split at random ignoring age (p = 0.39), so it is not specifically an age alignment. The cells end farther from the young centroid (+9.4) and farther from the old centroid (+10.9): they recede from both. A five-fold positive control, in which held-out old GTEx donors are displaced toward the young centroid, gave fold cosines of 0.615 to 0.874, above the bar of 0.5, so the statistic registers a genuine approach when one occurs (Supplementary Figure S1D); the control also passes in the MD genes (0.733 to 0.895) and the age genes (0.681 to 0.895)."
0.681,P148,verified,results/genespace/gtex_c3.csv,cos [AGE fold 0],0.6812900395847539,,"Anchors were the mean expression of the GTEx reference donors aged 20 to 39 (n = 113) and 60 to 79 (n = 231), with the 40 to 59 bins excluded. In all genes, the aged donor's partially reprogrammed displacement is almost orthogonal to the young-minus-old axis (cosine +0.077). That small alignment survives a gene-permutation null (p = 0.005) but not a null in which GTEx donors are split at random ignoring age (p = 0.39), so it is not specifically an age alignment. The cells end farther from the young centroid (+9.4) and farther from the old centroid (+10.9): they recede from both. A five-fold positive control, in which held-out old GTEx donors are displaced toward the young centroid, gave fold cosines of 0.615 to 0.874, above the bar of 0.5, so the statistic registers a genuine approach when one occurs (Supplementary Figure S1D); the control also passes in the MD genes (0.733 to 0.895) and the age genes (0.681 to 0.895)."
0.895,P148,verified,results/genespace/gtex_c3.csv,cos [MD fold 4],0.8949599515806387,,"Anchors were the mean expression of the GTEx reference donors aged 20 to 39 (n = 113) and 60 to 79 (n = 231), with the 40 to 59 bins excluded. In all genes, the aged donor's partially reprogrammed displacement is almost orthogonal to the young-minus-old axis (cosine +0.077). That small alignment survives a gene-permutation null (p = 0.005) but not a null in which GTEx donors are split at random ignoring age (p = 0.39), so it is not specifically an age alignment. The cells end farther from the young centroid (+9.4) and farther from the old centroid (+10.9): they recede from both. A five-fold positive control, in which held-out old GTEx donors are displaced toward the young centroid, gave fold cosines of 0.615 to 0.874, above the bar of 0.5, so the statistic registers a genuine approach when one occurs (Supplementary Figure S1D); the control also passes in the MD genes (0.733 to 0.895) and the age genes (0.681 to 0.895)."
467,P149,verified,results/newstory/partB_gtex_distances.csv,dist_d0_to_gtex_young [FULL],467.45033308708304,,"That control has a limit worth stating. It runs entirely within GTEx bulk data and ends at the young centroid itself, whereas the reprogramming origin is a single-cell pseudobulk that already sits 467 units from the young centroid while the young and old centroids are only 32 apart (42.0 and 3.3 in the MD genes; 164.0 and 12.3 in the age genes). The GTEx-anchored distances are therefore dominated by the platform gap, and the control does not show that a partial approach would be visible across that gap. This is why the main test uses a young target measured in the same experiment."
32,P149,verified,results/newstory/partB_gtex_distances.csv,gtex_young_to_old [FULL],32.28394904985961,,"That control has a limit worth stating. It runs entirely within GTEx bulk data and ends at the young centroid itself, whereas the reprogramming origin is a single-cell pseudobulk that already sits 467 units from the young centroid while the young and old centroids are only 32 apart (42.0 and 3.3 in the MD genes; 164.0 and 12.3 in the age genes). The GTEx-anchored distances are therefore dominated by the platform gap, and the control does not show that a partial approach would be visible across that gap. This is why the main test uses a young target measured in the same experiment."
42.0,P149,verified,results/newstory/partB_gtex_distances.csv,dist_d0_to_gtex_young [MD],41.98833238121599,,"That control has a limit worth stating. It runs entirely within GTEx bulk data and ends at the young centroid itself, whereas the reprogramming origin is a single-cell pseudobulk that already sits 467 units from the young centroid while the young and old centroids are only 32 apart (42.0 and 3.3 in the MD genes; 164.0 and 12.3 in the age genes). The GTEx-anchored distances are therefore dominated by the platform gap, and the control does not show that a partial approach would be visible across that gap. This is why the main test uses a young target measured in the same experiment."
3.3,P149,verified,results/newstory/partB_gtex_distances.csv,gtex_young_to_old [MD],3.288359329420909,,"That control has a limit worth stating. It runs entirely within GTEx bulk data and ends at the young centroid itself, whereas the reprogramming origin is a single-cell pseudobulk that already sits 467 units from the young centroid while the young and old centroids are only 32 apart (42.0 and 3.3 in the MD genes; 164.0 and 12.3 in the age genes). The GTEx-anchored distances are therefore dominated by the platform gap, and the control does not show that a partial approach would be visible across that gap. This is why the main test uses a young target measured in the same experiment."
164.0,P149,verified,results/newstory/partB_gtex_distances.csv,dist_d0_to_gtex_young [AGE],164.03627489341443,,"That control has a limit worth stating. It runs entirely within GTEx bulk data and ends at the young centroid itself, whereas the reprogramming origin is a single-cell pseudobulk that already sits 467 units from the young centroid while the young and old centroids are only 32 apart (42.0 and 3.3 in the MD genes; 164.0 and 12.3 in the age genes). The GTEx-anchored distances are therefore dominated by the platform gap, and the control does not show that a partial approach would be visible across that gap. This is why the main test uses a young target measured in the same experiment."
12.3,P149,verified,results/newstory/partB_gtex_distances.csv,gtex_young_to_old [AGE],12.295946545858211,,"That control has a limit worth stating. It runs entirely within GTEx bulk data and ends at the young centroid itself, whereas the reprogramming origin is a single-cell pseudobulk that already sits 467 units from the young centroid while the young and old centroids are only 32 apart (42.0 and 3.3 in the MD genes; 164.0 and 12.3 in the age genes). The GTEx-anchored distances are therefore dominated by the platform gap, and the control does not show that a partial approach would be visible across that gap. This is why the main test uses a young target measured in the same experiment."
+0.077,P150,verified,results/genespace/gtex_stats.csv,cos_S [FULL GM00731 PartialReprog],0.07724629325885633,,"Along the full trajectory, cosine alignment with the youth axis rises from partially reprogrammed to early pluripotent to pluripotent cells (+0.077, +0.117, +0.126), while the change in distance to young fibroblasts rises far faster (+9.4, +30.5, +184.0) and the ruler score falls (+0.65, −2.62, −10.40). The farther the cells travel from the aged fibroblast state, the younger they look on a directional score and the less they resemble a young fibroblast. The distance travelled is not monotonic across these states (271.7, 268.6, 546.4 units), so cosine order and displacement order are not the same ordering."
+0.117,P150,verified,results/genespace/gtex_stats.csv,cos_S [FULL GM00731 EarlyPluripotency],0.11749386211345066,,"Along the full trajectory, cosine alignment with the youth axis rises from partially reprogrammed to early pluripotent to pluripotent cells (+0.077, +0.117, +0.126), while the change in distance to young fibroblasts rises far faster (+9.4, +30.5, +184.0) and the ruler score falls (+0.65, −2.62, −10.40). The farther the cells travel from the aged fibroblast state, the younger they look on a directional score and the less they resemble a young fibroblast. The distance travelled is not monotonic across these states (271.7, 268.6, 546.4 units), so cosine order and displacement order are not the same ordering."
+0.126,P150,verified,results/genespace/gtex_stats.csv,cos_S [FULL GM00731 Pluripotency],0.12573888806099967,,"Along the full trajectory, cosine alignment with the youth axis rises from partially reprogrammed to early pluripotent to pluripotent cells (+0.077, +0.117, +0.126), while the change in distance to young fibroblasts rises far faster (+9.4, +30.5, +184.0) and the ruler score falls (+0.65, −2.62, −10.40). The farther the cells travel from the aged fibroblast state, the younger they look on a directional score and the less they resemble a young fibroblast. The distance travelled is not monotonic across these states (271.7, 268.6, 546.4 units), so cosine order and displacement order are not the same ordering."
+9.4,P150,verified,results/newstory/partB_gtex_distances.csv,delta_young [FULL GM00731 PartialReprog],9.369675854981608,,"Along the full trajectory, cosine alignment with the youth axis rises from partially reprogrammed to early pluripotent to pluripotent cells (+0.077, +0.117, +0.126), while the change in distance to young fibroblasts rises far faster (+9.4, +30.5, +184.0) and the ruler score falls (+0.65, −2.62, −10.40). The farther the cells travel from the aged fibroblast state, the younger they look on a directional score and the less they resemble a young fibroblast. The distance travelled is not monotonic across these states (271.7, 268.6, 546.4 units), so cosine order and displacement order are not the same ordering."
+30.5,P150,verified,results/newstory/partB_gtex_distances.csv,delta_young [FULL GM00731 EarlyPluripotency],30.45586262454492,,"Along the full trajectory, cosine alignment with the youth axis rises from partially reprogrammed to early pluripotent to pluripotent cells (+0.077, +0.117, +0.126), while the change in distance to young fibroblasts rises far faster (+9.4, +30.5, +184.0) and the ruler score falls (+0.65, −2.62, −10.40). The farther the cells travel from the aged fibroblast state, the younger they look on a directional score and the less they resemble a young fibroblast. The distance travelled is not monotonic across these states (271.7, 268.6, 546.4 units), so cosine order and displacement order are not the same ordering."
+184.0,P150,verified,results/newstory/partB_gtex_distances.csv,delta_young [FULL GM00731 Pluripotency],184.04936725232898,,"Along the full trajectory, cosine alignment with the youth axis rises from partially reprogrammed to early pluripotent to pluripotent cells (+0.077, +0.117, +0.126), while the change in distance to young fibroblasts rises far faster (+9.4, +30.5, +184.0) and the ruler score falls (+0.65, −2.62, −10.40). The farther the cells travel from the aged fibroblast state, the younger they look on a directional score and the less they resemble a young fibroblast. The distance travelled is not monotonic across these states (271.7, 268.6, 546.4 units), so cosine order and displacement order are not the same ordering."
+0.65,P150,verified,results/newstory/fig_N5_ruler_same_mistake_data.csv,y [A aged donor PartialReprog],0.649671949099142,,"Along the full trajectory, cosine alignment with the youth axis rises from partially reprogrammed to early pluripotent to pluripotent cells (+0.077, +0.117, +0.126), while the change in distance to young fibroblasts rises far faster (+9.4, +30.5, +184.0) and the ruler score falls (+0.65, −2.62, −10.40). The farther the cells travel from the aged fibroblast state, the younger they look on a directional score and the less they resemble a young fibroblast. The distance travelled is not monotonic across these states (271.7, 268.6, 546.4 units), so cosine order and displacement order are not the same ordering."
−2.62,P150,verified,results/newstory/fig_N5_ruler_same_mistake_data.csv,y [A aged donor EarlyPluripotency],-2.6214814234252284,,"Along the full trajectory, cosine alignment with the youth axis rises from partially reprogrammed to early pluripotent to pluripotent cells (+0.077, +0.117, +0.126), while the change in distance to young fibroblasts rises far faster (+9.4, +30.5, +184.0) and the ruler score falls (+0.65, −2.62, −10.40). The farther the cells travel from the aged fibroblast state, the younger they look on a directional score and the less they resemble a young fibroblast. The distance travelled is not monotonic across these states (271.7, 268.6, 546.4 units), so cosine order and displacement order are not the same ordering."
−10.40,P150,verified,results/newstory/fig_N5_ruler_same_mistake_data.csv,y [A aged donor Pluripotency],-10.401708090903364,,"Along the full trajectory, cosine alignment with the youth axis rises from partially reprogrammed to early pluripotent to pluripotent cells (+0.077, +0.117, +0.126), while the change in distance to young fibroblasts rises far faster (+9.4, +30.5, +184.0) and the ruler score falls (+0.65, −2.62, −10.40). The farther the cells travel from the aged fibroblast state, the younger they look on a directional score and the less they resemble a young fibroblast. The distance travelled is not monotonic across these states (271.7, 268.6, 546.4 units), so cosine order and displacement order are not the same ordering."
271.7,P150,verified,results/toward/stats.csv,d_norm [GM00731 PartialReprog],271.6863716459631,,"Along the full trajectory, cosine alignment with the youth axis rises from partially reprogrammed to early pluripotent to pluripotent cells (+0.077, +0.117, +0.126), while the change in distance to young fibroblasts rises far faster (+9.4, +30.5, +184.0) and the ruler score falls (+0.65, −2.62, −10.40). The farther the cells travel from the aged fibroblast state, the younger they look on a directional score and the less they resemble a young fibroblast. The distance travelled is not monotonic across these states (271.7, 268.6, 546.4 units), so cosine order and displacement order are not the same ordering."
268.6,P150,verified,results/toward/stats.csv,d_norm [GM00731 EarlyPluripotency],268.5799370968526,,"Along the full trajectory, cosine alignment with the youth axis rises from partially reprogrammed to early pluripotent to pluripotent cells (+0.077, +0.117, +0.126), while the change in distance to young fibroblasts rises far faster (+9.4, +30.5, +184.0) and the ruler score falls (+0.65, −2.62, −10.40). The farther the cells travel from the aged fibroblast state, the younger they look on a directional score and the less they resemble a young fibroblast. The distance travelled is not monotonic across these states (271.7, 268.6, 546.4 units), so cosine order and displacement order are not the same ordering."
546.4,P150,verified,results/toward/stats.csv,d_norm [GM00731 Pluripotency],546.4201075247154,,"Along the full trajectory, cosine alignment with the youth axis rises from partially reprogrammed to early pluripotent to pluripotent cells (+0.077, +0.117, +0.126), while the change in distance to young fibroblasts rises far faster (+9.4, +30.5, +184.0) and the ruler score falls (+0.65, −2.62, −10.40). The farther the cells travel from the aged fibroblast state, the younger they look on a directional score and the less they resemble a young fibroblast. The distance travelled is not monotonic across these states (271.7, 268.6, 546.4 units), so cosine order and displacement order are not the same ordering."
0,P153,not_a_claim,results/md3/t1_occupancy_pooled.csv,column n_d0 [GM00731],timepoint label,sampling timepoint in the GSE297234 design,"Supplementary Figure S1. Reprogramming states against a GTEx-defined youth axis, all genes. (A) Cosine between each state's displacement from day-0 fibroblasts and the GTEx young-minus-old direction. (B) Change in Euclidean distance to the GTEx young centroid; positive is farther. (C) The frozen ruler score of each state, shown as context. (D) Positive control: the 652 GTEx fibroblast donors were split into five folds; in each fold, held-out old donors were displaced toward that fold's young centroid. Open symbols in A to C are non-reprogrammed cells (OSKM-exposed cells that remained off the reprogramming path), not a second day-0 sample. Donors are never pooled; the 22-year-old donor is a contrast, not a replicate."
652,P153,verified,results/genespace/summary.json,anchors/n_donors,652,,"Supplementary Figure S1. Reprogramming states against a GTEx-defined youth axis, all genes. (A) Cosine between each state's displacement from day-0 fibroblasts and the GTEx young-minus-old direction. (B) Change in Euclidean distance to the GTEx young centroid; positive is farther. (C) The frozen ruler score of each state, shown as context. (D) Positive control: the 652 GTEx fibroblast donors were split into five folds; in each fold, held-out old donors were displaced toward that fold's young centroid. Open symbols in A to C are non-reprogrammed cells (OSKM-exposed cells that remained off the reprogramming path), not a second day-0 sample. Donors are never pooled; the 22-year-old donor is a contrast, not a replicate."
0,P153,not_a_claim,results/md3/t1_occupancy_pooled.csv,column n_d0 [GM00731],timepoint label,sampling timepoint in the GSE297234 design,"Supplementary Figure S1. Reprogramming states against a GTEx-defined youth axis, all genes. (A) Cosine between each state's displacement from day-0 fibroblasts and the GTEx young-minus-old direction. (B) Change in Euclidean distance to the GTEx young centroid; positive is farther. (C) The frozen ruler score of each state, shown as context. (D) Positive control: the 652 GTEx fibroblast donors were split into five folds; in each fold, held-out old donors were displaced toward that fold's young centroid. Open symbols in A to C are non-reprogrammed cells (OSKM-exposed cells that remained off the reprogramming path), not a second day-0 sample. Donors are never pooled; the 22-year-old donor is a contrast, not a replicate."
22,P153,no-source,,,,donor age from the GSE297234 sample metadata; not stored under results/,"Supplementary Figure S1. Reprogramming states against a GTEx-defined youth axis, all genes. (A) Cosine between each state's displacement from day-0 fibroblasts and the GTEx young-minus-old direction. (B) Change in Euclidean distance to the GTEx young centroid; positive is farther. (C) The frozen ruler score of each state, shown as context. (D) Positive control: the 652 GTEx fibroblast donors were split into five folds; in each fold, held-out old donors were displaced toward that fold's young centroid. Open symbols in A to C are non-reprogrammed cells (OSKM-exposed cells that remained off the reprogramming path), not a second day-0 sample. Donors are never pooled; the 22-year-old donor is a contrast, not a replicate."
0,P154,not_a_claim,results/md3/t1_occupancy_pooled.csv,column n_d0 [GM00731],timepoint label,sampling timepoint in the GSE297234 design,"Supplementary Table S1. The GTEx-anchored test in three gene spaces, aged donor (GM00731). Change in Euclidean distance from the donor's day-0 fibroblasts to the GTEx young (20 to 39 years) and old (60 to 79 years) centroids, restricted to each gene space; positive is farther. The last column is the lowest fold cosine of the five-fold positive control in that space (pass bar 0.5). In every space the day-0 cells start far from both centroids relative to the young-to-old gap (all genes 467.5 against 32.3; MD genes 42.0 against 3.3; age genes 164.0 against 12.3), so this test shows departure but could not show a small approach."
20,P154,verified,results/toward/anchors.json,bin_n key '20-29',20-29,,"Supplementary Table S1. The GTEx-anchored test in three gene spaces, aged donor (GM00731). Change in Euclidean distance from the donor's day-0 fibroblasts to the GTEx young (20 to 39 years) and old (60 to 79 years) centroids, restricted to each gene space; positive is farther. The last column is the lowest fold cosine of the five-fold positive control in that space (pass bar 0.5). In every space the day-0 cells start far from both centroids relative to the young-to-old gap (all genes 467.5 against 32.3; MD genes 42.0 against 3.3; age genes 164.0 against 12.3), so this test shows departure but could not show a small approach."
39,P154,verified,results/toward/anchors.json,bin_n key '30-39',30-39,,"Supplementary Table S1. The GTEx-anchored test in three gene spaces, aged donor (GM00731). Change in Euclidean distance from the donor's day-0 fibroblasts to the GTEx young (20 to 39 years) and old (60 to 79 years) centroids, restricted to each gene space; positive is farther. The last column is the lowest fold cosine of the five-fold positive control in that space (pass bar 0.5). In every space the day-0 cells start far from both centroids relative to the young-to-old gap (all genes 467.5 against 32.3; MD genes 42.0 against 3.3; age genes 164.0 against 12.3), so this test shows departure but could not show a small approach."
60,P154,verified,results/toward/anchors.json,bin_n key '60-69',60-69,,"Supplementary Table S1. The GTEx-anchored test in three gene spaces, aged donor (GM00731). Change in Euclidean distance from the donor's day-0 fibroblasts to the GTEx young (20 to 39 years) and old (60 to 79 years) centroids, restricted to each gene space; positive is farther. The last column is the lowest fold cosine of the five-fold positive control in that space (pass bar 0.5). In every space the day-0 cells start far from both centroids relative to the young-to-old gap (all genes 467.5 against 32.3; MD genes 42.0 against 3.3; age genes 164.0 against 12.3), so this test shows departure but could not show a small approach."
79,P154,verified,results/toward/anchors.json,bin_n key '70-79',70-79,,"Supplementary Table S1. The GTEx-anchored test in three gene spaces, aged donor (GM00731). Change in Euclidean distance from the donor's day-0 fibroblasts to the GTEx young (20 to 39 years) and old (60 to 79 years) centroids, restricted to each gene space; positive is farther. The last column is the lowest fold cosine of the five-fold positive control in that space (pass bar 0.5). In every space the day-0 cells start far from both centroids relative to the young-to-old gap (all genes 467.5 against 32.3; MD genes 42.0 against 3.3; age genes 164.0 against 12.3), so this test shows departure but could not show a small approach."
0.5,P154,no-source,,,,"the pre-registered pass bar for the five-fold control; a threshold, not a stored result","Supplementary Table S1. The GTEx-anchored test in three gene spaces, aged donor (GM00731). Change in Euclidean distance from the donor's day-0 fibroblasts to the GTEx young (20 to 39 years) and old (60 to 79 years) centroids, restricted to each gene space; positive is farther. The last column is the lowest fold cosine of the five-fold positive control in that space (pass bar 0.5). In every space the day-0 cells start far from both centroids relative to the young-to-old gap (all genes 467.5 against 32.3; MD genes 42.0 against 3.3; age genes 164.0 against 12.3), so this test shows departure but could not show a small approach."
0,P154,not_a_claim,results/md3/t1_occupancy_pooled.csv,column n_d0 [GM00731],timepoint label,sampling timepoint in the GSE297234 design,"Supplementary Table S1. The GTEx-anchored test in three gene spaces, aged donor (GM00731). Change in Euclidean distance from the donor's day-0 fibroblasts to the GTEx young (20 to 39 years) and old (60 to 79 years) centroids, restricted to each gene space; positive is farther. The last column is the lowest fold cosine of the five-fold positive control in that space (pass bar 0.5). In every space the day-0 cells start far from both centroids relative to the young-to-old gap (all genes 467.5 against 32.3; MD genes 42.0 against 3.3; age genes 164.0 against 12.3), so this test shows departure but could not show a small approach."
467.5,P154,verified,results/newstory/partB_gtex_distances.csv,dist_d0_to_gtex_young [FULL],467.45033308708304,,"Supplementary Table S1. The GTEx-anchored test in three gene spaces, aged donor (GM00731). Change in Euclidean distance from the donor's day-0 fibroblasts to the GTEx young (20 to 39 years) and old (60 to 79 years) centroids, restricted to each gene space; positive is farther. The last column is the lowest fold cosine of the five-fold positive control in that space (pass bar 0.5). In every space the day-0 cells start far from both centroids relative to the young-to-old gap (all genes 467.5 against 32.3; MD genes 42.0 against 3.3; age genes 164.0 against 12.3), so this test shows departure but could not show a small approach."
32.3,P154,verified,results/newstory/partB_gtex_distances.csv,gtex_young_to_old [FULL],32.28394904985961,,"Supplementary Table S1. The GTEx-anchored test in three gene spaces, aged donor (GM00731). Change in Euclidean distance from the donor's day-0 fibroblasts to the GTEx young (20 to 39 years) and old (60 to 79 years) centroids, restricted to each gene space; positive is farther. The last column is the lowest fold cosine of the five-fold positive control in that space (pass bar 0.5). In every space the day-0 cells start far from both centroids relative to the young-to-old gap (all genes 467.5 against 32.3; MD genes 42.0 against 3.3; age genes 164.0 against 12.3), so this test shows departure but could not show a small approach."
42.0,P154,verified,results/newstory/partB_gtex_distances.csv,dist_d0_to_gtex_young [MD],41.98833238121599,,"Supplementary Table S1. The GTEx-anchored test in three gene spaces, aged donor (GM00731). Change in Euclidean distance from the donor's day-0 fibroblasts to the GTEx young (20 to 39 years) and old (60 to 79 years) centroids, restricted to each gene space; positive is farther. The last column is the lowest fold cosine of the five-fold positive control in that space (pass bar 0.5). In every space the day-0 cells start far from both centroids relative to the young-to-old gap (all genes 467.5 against 32.3; MD genes 42.0 against 3.3; age genes 164.0 against 12.3), so this test shows departure but could not show a small approach."
3.3,P154,verified,results/newstory/partB_gtex_distances.csv,gtex_young_to_old [MD],3.288359329420909,,"Supplementary Table S1. The GTEx-anchored test in three gene spaces, aged donor (GM00731). Change in Euclidean distance from the donor's day-0 fibroblasts to the GTEx young (20 to 39 years) and old (60 to 79 years) centroids, restricted to each gene space; positive is farther. The last column is the lowest fold cosine of the five-fold positive control in that space (pass bar 0.5). In every space the day-0 cells start far from both centroids relative to the young-to-old gap (all genes 467.5 against 32.3; MD genes 42.0 against 3.3; age genes 164.0 against 12.3), so this test shows departure but could not show a small approach."
164.0,P154,verified,results/newstory/partB_gtex_distances.csv,dist_d0_to_gtex_young [AGE],164.03627489341443,,"Supplementary Table S1. The GTEx-anchored test in three gene spaces, aged donor (GM00731). Change in Euclidean distance from the donor's day-0 fibroblasts to the GTEx young (20 to 39 years) and old (60 to 79 years) centroids, restricted to each gene space; positive is farther. The last column is the lowest fold cosine of the five-fold positive control in that space (pass bar 0.5). In every space the day-0 cells start far from both centroids relative to the young-to-old gap (all genes 467.5 against 32.3; MD genes 42.0 against 3.3; age genes 164.0 against 12.3), so this test shows departure but could not show a small approach."
12.3,P154,verified,results/newstory/partB_gtex_distances.csv,gtex_young_to_old [AGE],12.295946545858211,,"Supplementary Table S1. The GTEx-anchored test in three gene spaces, aged donor (GM00731). Change in Euclidean distance from the donor's day-0 fibroblasts to the GTEx young (20 to 39 years) and old (60 to 79 years) centroids, restricted to each gene space; positive is farther. The last column is the lowest fold cosine of the five-fold positive control in that space (pass bar 0.5). In every space the day-0 cells start far from both centroids relative to the young-to-old gap (all genes 467.5 against 32.3; MD genes 42.0 against 3.3; age genes 164.0 against 12.3), so this test shows departure but could not show a small approach."
"23,485",T4R2,verified,results/newstory/partB_meta.json,spaces/FULL,23485,,"All genes (23,485) | Partially reprogrammed | +9.4 | +10.9 | 0.615"
+9.4,T4R2,verified,results/newstory/partB_gtex_distances.csv,delta_young [FULL PartialReprog],9.369675854981608,,"All genes (23,485) | Partially reprogrammed | +9.4 | +10.9 | 0.615"
+10.9,T4R2,verified,results/newstory/partB_gtex_distances.csv,delta_old [FULL PartialReprog],10.857057907390072,,"All genes (23,485) | Partially reprogrammed | +9.4 | +10.9 | 0.615"
0.615,T4R2,verified,results/newstory/partB_gtex_distances.csv,cos [fold 0] in results/toward/c3_folds.csv,0.6146975302850424,,"All genes (23,485) | Partially reprogrammed | +9.4 | +10.9 | 0.615"
+30.5,T4R3,verified,results/newstory/partB_gtex_distances.csv,delta_young [FULL EarlyPluripotency],30.45586262454492,,| Early pluripotent | +30.5 | +32.7 |
+32.7,T4R3,verified,results/newstory/partB_gtex_distances.csv,delta_old [FULL EarlyPluripotency],32.69521518262934,,| Early pluripotent | +30.5 | +32.7 |
+184.0,T4R4,verified,results/newstory/partB_gtex_distances.csv,delta_young [FULL Pluripotency],184.04936725232898,,| Pluripotent | +184.0 | +188.3 |
+188.3,T4R4,verified,results/newstory/partB_gtex_distances.csv,delta_old [FULL Pluripotency],188.31283962221562,,| Pluripotent | +184.0 | +188.3 |
+8.9,T4R5,verified,results/newstory/partB_gtex_distances.csv,delta_young [FULL NonReprog],8.93175032427473,,| Non-reprogrammed | +8.9 | +9.8 |
+9.8,T4R5,verified,results/newstory/partB_gtex_distances.csv,delta_old [FULL NonReprog],9.817991231265125,,| Non-reprogrammed | +8.9 | +9.8 |
205,T4R6,verified,results/newstory/partA_meta.json,md_genes,205,,MD genes (205) | Partially reprogrammed | +6.5 | +7.0 | 0.733
+6.5,T4R6,verified,results/newstory/partB_gtex_distances.csv,delta_young [MD PartialReprog],6.461008801798265,,MD genes (205) | Partially reprogrammed | +6.5 | +7.0 | 0.733
+7.0,T4R6,verified,results/newstory/partB_gtex_distances.csv,delta_old [MD PartialReprog],7.001610676561732,,MD genes (205) | Partially reprogrammed | +6.5 | +7.0 | 0.733
0.733,T4R6,verified,results/newstory/partB_gtex_distances.csv,cos [MD fold 0] in results/genespace/gtex_c3.csv,0.7331490433108905,,MD genes (205) | Partially reprogrammed | +6.5 | +7.0 | 0.733
+7.4,T4R7,verified,results/newstory/partB_gtex_distances.csv,delta_young [MD EarlyPluripotency],7.4468035635586105,,| Early pluripotent | +7.4 | +8.0 |
+8.0,T4R7,verified,results/newstory/partB_gtex_distances.csv,delta_old [MD EarlyPluripotency],8.024868032291387,,| Early pluripotent | +7.4 | +8.0 |
+28.2,T4R8,verified,results/newstory/partB_gtex_distances.csv,delta_young [MD Pluripotency],28.216045205181636,,| Pluripotent | +28.2 | +29.2 |
+29.2,T4R8,verified,results/newstory/partB_gtex_distances.csv,delta_old [MD Pluripotency],29.236454438306815,,| Pluripotent | +28.2 | +29.2 |
−1.4,T4R9,verified,results/newstory/partB_gtex_distances.csv,delta_young [MD NonReprog],-1.400007308113146,,| Non-reprogrammed | −1.4 | −1.3 |
−1.3,T4R9,verified,results/newstory/partB_gtex_distances.csv,delta_old [MD NonReprog],-1.3203556622230295,,| Non-reprogrammed | −1.4 | −1.3 |
"3,089",T4R10,verified,results/newstory/partB_meta.json,spaces/AGE,3089,,"Age genes (3,089) | Partially reprogrammed | −5.4 | −5.9 | 0.681"
−5.4,T4R10,verified,results/newstory/partB_gtex_distances.csv,delta_young [AGE PartialReprog],-5.439240805450794,,"Age genes (3,089) | Partially reprogrammed | −5.4 | −5.9 | 0.681"
−5.9,T4R10,verified,results/newstory/partB_gtex_distances.csv,delta_old [AGE PartialReprog],-5.925136503077169,,"Age genes (3,089) | Partially reprogrammed | −5.4 | −5.9 | 0.681"
0.681,T4R10,verified,results/newstory/partB_gtex_distances.csv,cos [AGE fold 0] in results/genespace/gtex_c3.csv,0.6812900395847539,,"Age genes (3,089) | Partially reprogrammed | −5.4 | −5.9 | 0.681"
+1.7,T4R11,verified,results/newstory/partB_gtex_distances.csv,delta_young [AGE EarlyPluripotency],1.6860027114202865,,| Early pluripotent | +1.7 | +2.1 |
+2.1,T4R11,verified,results/newstory/partB_gtex_distances.csv,delta_old [AGE EarlyPluripotency],2.0933388997501936,,| Early pluripotent | +1.7 | +2.1 |
+44.7,T4R12,verified,results/newstory/partB_gtex_distances.csv,delta_young [AGE Pluripotency],44.71979960739898,,| Pluripotent | +44.7 | +45.9 |
+45.9,T4R12,verified,results/newstory/partB_gtex_distances.csv,delta_old [AGE Pluripotency],45.93086083190539,,| Pluripotent | +44.7 | +45.9 |
−1.0,T4R13,verified,results/newstory/partB_gtex_distances.csv,delta_young [AGE NonReprog],-1.015374853447014,,| Non-reprogrammed | −1.0 | −0.7 |
−0.7,T4R13,verified,results/newstory/partB_gtex_distances.csv,delta_old [AGE NonReprog],-0.742459228233173,,| Non-reprogrammed | −1.0 | −0.7 |
2,P157,not_a_claim,,,,"cross-reference to a figure, table or note",Supplementary Note 2. The same-platform test in all genes
"23,485",P158,verified,results/newstory/partB_meta.json,spaces/FULL,23485,,"In all 23,485 genes, the young-cell mixtures at 0%, 10%, 25% and 50% produced monotonically increasing progress (0.115, 0.182, 0.283, 0.441) and monotonically decreasing distance (+0.07, −7.87, −18.91, −34.44), so the statistic could have detected an approach had one occurred. Two caveats attach to that control. The zero-mixture point does not sit at zero progress (+0.115); the anchors are built from one random half of the day-0 cells and the mixtures from the other, so some offset is expected, but why it leans toward the young target was not resolved by our diagnostics, and it is reported as the statistic's noise floor rather than subtracted. In the MD genes the same offset is 0.010. And in all genes the bootstrap intervals on the distance values do not contain their point estimates and are flagged invalid, so there the monotonicity claim rests on the point estimates alone; the intervals on progress, used as the gates, are valid."
0,P158,verified,results/newstory/partB_meta.json,mixes[0]/f,0.0,,"In all 23,485 genes, the young-cell mixtures at 0%, 10%, 25% and 50% produced monotonically increasing progress (0.115, 0.182, 0.283, 0.441) and monotonically decreasing distance (+0.07, −7.87, −18.91, −34.44), so the statistic could have detected an approach had one occurred. Two caveats attach to that control. The zero-mixture point does not sit at zero progress (+0.115); the anchors are built from one random half of the day-0 cells and the mixtures from the other, so some offset is expected, but why it leans toward the young target was not resolved by our diagnostics, and it is reported as the statistic's noise floor rather than subtracted. In the MD genes the same offset is 0.010. And in all genes the bootstrap intervals on the distance values do not contain their point estimates and are flagged invalid, so there the monotonicity claim rests on the point estimates alone; the intervals on progress, used as the gates, are valid."
10,P158,verified,results/newstory/partB_meta.json,mixes[1]/f,0.1,,"In all 23,485 genes, the young-cell mixtures at 0%, 10%, 25% and 50% produced monotonically increasing progress (0.115, 0.182, 0.283, 0.441) and monotonically decreasing distance (+0.07, −7.87, −18.91, −34.44), so the statistic could have detected an approach had one occurred. Two caveats attach to that control. The zero-mixture point does not sit at zero progress (+0.115); the anchors are built from one random half of the day-0 cells and the mixtures from the other, so some offset is expected, but why it leans toward the young target was not resolved by our diagnostics, and it is reported as the statistic's noise floor rather than subtracted. In the MD genes the same offset is 0.010. And in all genes the bootstrap intervals on the distance values do not contain their point estimates and are flagged invalid, so there the monotonicity claim rests on the point estimates alone; the intervals on progress, used as the gates, are valid."
25,P158,verified,results/newstory/partB_meta.json,mixes[2]/f,0.25,,"In all 23,485 genes, the young-cell mixtures at 0%, 10%, 25% and 50% produced monotonically increasing progress (0.115, 0.182, 0.283, 0.441) and monotonically decreasing distance (+0.07, −7.87, −18.91, −34.44), so the statistic could have detected an approach had one occurred. Two caveats attach to that control. The zero-mixture point does not sit at zero progress (+0.115); the anchors are built from one random half of the day-0 cells and the mixtures from the other, so some offset is expected, but why it leans toward the young target was not resolved by our diagnostics, and it is reported as the statistic's noise floor rather than subtracted. In the MD genes the same offset is 0.010. And in all genes the bootstrap intervals on the distance values do not contain their point estimates and are flagged invalid, so there the monotonicity claim rests on the point estimates alone; the intervals on progress, used as the gates, are valid."
50,P158,verified,results/newstory/partB_meta.json,mixes[3]/f,0.5,,"In all 23,485 genes, the young-cell mixtures at 0%, 10%, 25% and 50% produced monotonically increasing progress (0.115, 0.182, 0.283, 0.441) and monotonically decreasing distance (+0.07, −7.87, −18.91, −34.44), so the statistic could have detected an approach had one occurred. Two caveats attach to that control. The zero-mixture point does not sit at zero progress (+0.115); the anchors are built from one random half of the day-0 cells and the mixtures from the other, so some offset is expected, but why it leans toward the young target was not resolved by our diagnostics, and it is reported as the statistic's noise floor rather than subtracted. In the MD genes the same offset is 0.010. And in all genes the bootstrap intervals on the distance values do not contain their point estimates and are flagged invalid, so there the monotonicity claim rests on the point estimates alone; the intervals on progress, used as the gates, are valid."
0.115,P158,verified,results/newstory/partB_mixture.csv,progress [FULL f=0.00],0.11458744592963613,,"In all 23,485 genes, the young-cell mixtures at 0%, 10%, 25% and 50% produced monotonically increasing progress (0.115, 0.182, 0.283, 0.441) and monotonically decreasing distance (+0.07, −7.87, −18.91, −34.44), so the statistic could have detected an approach had one occurred. Two caveats attach to that control. The zero-mixture point does not sit at zero progress (+0.115); the anchors are built from one random half of the day-0 cells and the mixtures from the other, so some offset is expected, but why it leans toward the young target was not resolved by our diagnostics, and it is reported as the statistic's noise floor rather than subtracted. In the MD genes the same offset is 0.010. And in all genes the bootstrap intervals on the distance values do not contain their point estimates and are flagged invalid, so there the monotonicity claim rests on the point estimates alone; the intervals on progress, used as the gates, are valid."
0.182,P158,verified,results/newstory/partB_mixture.csv,progress [FULL f=0.10],0.18243537091412526,,"In all 23,485 genes, the young-cell mixtures at 0%, 10%, 25% and 50% produced monotonically increasing progress (0.115, 0.182, 0.283, 0.441) and monotonically decreasing distance (+0.07, −7.87, −18.91, −34.44), so the statistic could have detected an approach had one occurred. Two caveats attach to that control. The zero-mixture point does not sit at zero progress (+0.115); the anchors are built from one random half of the day-0 cells and the mixtures from the other, so some offset is expected, but why it leans toward the young target was not resolved by our diagnostics, and it is reported as the statistic's noise floor rather than subtracted. In the MD genes the same offset is 0.010. And in all genes the bootstrap intervals on the distance values do not contain their point estimates and are flagged invalid, so there the monotonicity claim rests on the point estimates alone; the intervals on progress, used as the gates, are valid."
0.283,P158,verified,results/newstory/partB_mixture.csv,progress [FULL f=0.25],0.2829286266887166,,"In all 23,485 genes, the young-cell mixtures at 0%, 10%, 25% and 50% produced monotonically increasing progress (0.115, 0.182, 0.283, 0.441) and monotonically decreasing distance (+0.07, −7.87, −18.91, −34.44), so the statistic could have detected an approach had one occurred. Two caveats attach to that control. The zero-mixture point does not sit at zero progress (+0.115); the anchors are built from one random half of the day-0 cells and the mixtures from the other, so some offset is expected, but why it leans toward the young target was not resolved by our diagnostics, and it is reported as the statistic's noise floor rather than subtracted. In the MD genes the same offset is 0.010. And in all genes the bootstrap intervals on the distance values do not contain their point estimates and are flagged invalid, so there the monotonicity claim rests on the point estimates alone; the intervals on progress, used as the gates, are valid."
0.441,P158,verified,results/newstory/partB_mixture.csv,progress [FULL f=0.50],0.4408188614368522,,"In all 23,485 genes, the young-cell mixtures at 0%, 10%, 25% and 50% produced monotonically increasing progress (0.115, 0.182, 0.283, 0.441) and monotonically decreasing distance (+0.07, −7.87, −18.91, −34.44), so the statistic could have detected an approach had one occurred. Two caveats attach to that control. The zero-mixture point does not sit at zero progress (+0.115); the anchors are built from one random half of the day-0 cells and the mixtures from the other, so some offset is expected, but why it leans toward the young target was not resolved by our diagnostics, and it is reported as the statistic's noise floor rather than subtracted. In the MD genes the same offset is 0.010. And in all genes the bootstrap intervals on the distance values do not contain their point estimates and are flagged invalid, so there the monotonicity claim rests on the point estimates alone; the intervals on progress, used as the gates, are valid."
+0.07,P158,verified,results/newstory/partB_mixture.csv,delta [FULL f=0.00],0.06805109688137634,,"In all 23,485 genes, the young-cell mixtures at 0%, 10%, 25% and 50% produced monotonically increasing progress (0.115, 0.182, 0.283, 0.441) and monotonically decreasing distance (+0.07, −7.87, −18.91, −34.44), so the statistic could have detected an approach had one occurred. Two caveats attach to that control. The zero-mixture point does not sit at zero progress (+0.115); the anchors are built from one random half of the day-0 cells and the mixtures from the other, so some offset is expected, but why it leans toward the young target was not resolved by our diagnostics, and it is reported as the statistic's noise floor rather than subtracted. In the MD genes the same offset is 0.010. And in all genes the bootstrap intervals on the distance values do not contain their point estimates and are flagged invalid, so there the monotonicity claim rests on the point estimates alone; the intervals on progress, used as the gates, are valid."
−7.87,P158,verified,results/newstory/partB_mixture.csv,delta [FULL f=0.10],-7.870024259533409,,"In all 23,485 genes, the young-cell mixtures at 0%, 10%, 25% and 50% produced monotonically increasing progress (0.115, 0.182, 0.283, 0.441) and monotonically decreasing distance (+0.07, −7.87, −18.91, −34.44), so the statistic could have detected an approach had one occurred. Two caveats attach to that control. The zero-mixture point does not sit at zero progress (+0.115); the anchors are built from one random half of the day-0 cells and the mixtures from the other, so some offset is expected, but why it leans toward the young target was not resolved by our diagnostics, and it is reported as the statistic's noise floor rather than subtracted. In the MD genes the same offset is 0.010. And in all genes the bootstrap intervals on the distance values do not contain their point estimates and are flagged invalid, so there the monotonicity claim rests on the point estimates alone; the intervals on progress, used as the gates, are valid."
−18.91,P158,verified,results/newstory/partB_mixture.csv,delta [FULL f=0.25],-18.91286402632018,,"In all 23,485 genes, the young-cell mixtures at 0%, 10%, 25% and 50% produced monotonically increasing progress (0.115, 0.182, 0.283, 0.441) and monotonically decreasing distance (+0.07, −7.87, −18.91, −34.44), so the statistic could have detected an approach had one occurred. Two caveats attach to that control. The zero-mixture point does not sit at zero progress (+0.115); the anchors are built from one random half of the day-0 cells and the mixtures from the other, so some offset is expected, but why it leans toward the young target was not resolved by our diagnostics, and it is reported as the statistic's noise floor rather than subtracted. In the MD genes the same offset is 0.010. And in all genes the bootstrap intervals on the distance values do not contain their point estimates and are flagged invalid, so there the monotonicity claim rests on the point estimates alone; the intervals on progress, used as the gates, are valid."
−34.44,P158,verified,results/newstory/partB_mixture.csv,delta [FULL f=0.50],-34.443006230983826,,"In all 23,485 genes, the young-cell mixtures at 0%, 10%, 25% and 50% produced monotonically increasing progress (0.115, 0.182, 0.283, 0.441) and monotonically decreasing distance (+0.07, −7.87, −18.91, −34.44), so the statistic could have detected an approach had one occurred. Two caveats attach to that control. The zero-mixture point does not sit at zero progress (+0.115); the anchors are built from one random half of the day-0 cells and the mixtures from the other, so some offset is expected, but why it leans toward the young target was not resolved by our diagnostics, and it is reported as the statistic's noise floor rather than subtracted. In the MD genes the same offset is 0.010. And in all genes the bootstrap intervals on the distance values do not contain their point estimates and are flagged invalid, so there the monotonicity claim rests on the point estimates alone; the intervals on progress, used as the gates, are valid."
+0.115,P158,verified,results/newstory/partB_mixture.csv,progress [FULL f=0.00],0.11458744592963613,,"In all 23,485 genes, the young-cell mixtures at 0%, 10%, 25% and 50% produced monotonically increasing progress (0.115, 0.182, 0.283, 0.441) and monotonically decreasing distance (+0.07, −7.87, −18.91, −34.44), so the statistic could have detected an approach had one occurred. Two caveats attach to that control. The zero-mixture point does not sit at zero progress (+0.115); the anchors are built from one random half of the day-0 cells and the mixtures from the other, so some offset is expected, but why it leans toward the young target was not resolved by our diagnostics, and it is reported as the statistic's noise floor rather than subtracted. In the MD genes the same offset is 0.010. And in all genes the bootstrap intervals on the distance values do not contain their point estimates and are flagged invalid, so there the monotonicity claim rests on the point estimates alone; the intervals on progress, used as the gates, are valid."
0,P158,verified,results/newstory/partB_meta.json,mixes[0]/f,0.0,,"In all 23,485 genes, the young-cell mixtures at 0%, 10%, 25% and 50% produced monotonically increasing progress (0.115, 0.182, 0.283, 0.441) and monotonically decreasing distance (+0.07, −7.87, −18.91, −34.44), so the statistic could have detected an approach had one occurred. Two caveats attach to that control. The zero-mixture point does not sit at zero progress (+0.115); the anchors are built from one random half of the day-0 cells and the mixtures from the other, so some offset is expected, but why it leans toward the young target was not resolved by our diagnostics, and it is reported as the statistic's noise floor rather than subtracted. In the MD genes the same offset is 0.010. And in all genes the bootstrap intervals on the distance values do not contain their point estimates and are flagged invalid, so there the monotonicity claim rests on the point estimates alone; the intervals on progress, used as the gates, are valid."
0.010,P158,verified,results/newstory/partB_mixture.csv,progress [MD f=0.00],0.010364271848283138,,"In all 23,485 genes, the young-cell mixtures at 0%, 10%, 25% and 50% produced monotonically increasing progress (0.115, 0.182, 0.283, 0.441) and monotonically decreasing distance (+0.07, −7.87, −18.91, −34.44), so the statistic could have detected an approach had one occurred. Two caveats attach to that control. The zero-mixture point does not sit at zero progress (+0.115); the anchors are built from one random half of the day-0 cells and the mixtures from the other, so some offset is expected, but why it leans toward the young target was not resolved by our diagnostics, and it is reported as the statistic's noise floor rather than subtracted. In the MD genes the same offset is 0.010. And in all genes the bootstrap intervals on the distance values do not contain their point estimates and are flagged invalid, so there the monotonicity claim rests on the point estimates alone; the intervals on progress, used as the gates, are valid."
−0.057,P159,verified,results/newstory/partB_same_distances.csv,progress [FULL reverse],-0.05727522677873291,,"With the roles of the donors reversed, the young donor's partially reprogrammed cells do not move toward the aged donor at all in all genes (progress −0.057, 95% CI −0.063 to −0.054), giving a clear asymmetry (+0.732, CI +0.724 to +0.740). The forward movement is therefore not symmetric mutual convergence. But it is also not obviously age: the aged-to-young donor axis is itself nearly orthogonal to the GTEx donor-age axis (cosine 0.039), so with one donor at each age we cannot separate age from everything else that differs between two cell lines, including proliferative state and culture history. The test can, and does, say that the cells did not approach the young line."
95,P159,no-source,,,,"the interval level stated in the text; results/ files store n_boot = 200 without the percentile, so the figure 95 itself has no stored source","With the roles of the donors reversed, the young donor's partially reprogrammed cells do not move toward the aged donor at all in all genes (progress −0.057, 95% CI −0.063 to −0.054), giving a clear asymmetry (+0.732, CI +0.724 to +0.740). The forward movement is therefore not symmetric mutual convergence. But it is also not obviously age: the aged-to-young donor axis is itself nearly orthogonal to the GTEx donor-age axis (cosine 0.039), so with one donor at each age we cannot separate age from everything else that differs between two cell lines, including proliferative state and culture history. The test can, and does, say that the cells did not approach the young line."
−0.063,P159,verified,results/genespace/same_stats.csv,progress_ci_lo [FULL reverse],-0.0628257203048914,,"With the roles of the donors reversed, the young donor's partially reprogrammed cells do not move toward the aged donor at all in all genes (progress −0.057, 95% CI −0.063 to −0.054), giving a clear asymmetry (+0.732, CI +0.724 to +0.740). The forward movement is therefore not symmetric mutual convergence. But it is also not obviously age: the aged-to-young donor axis is itself nearly orthogonal to the GTEx donor-age axis (cosine 0.039), so with one donor at each age we cannot separate age from everything else that differs between two cell lines, including proliferative state and culture history. The test can, and does, say that the cells did not approach the young line."
−0.054,P159,verified,results/genespace/same_stats.csv,progress_ci_hi [FULL reverse],-0.05383465334427416,,"With the roles of the donors reversed, the young donor's partially reprogrammed cells do not move toward the aged donor at all in all genes (progress −0.057, 95% CI −0.063 to −0.054), giving a clear asymmetry (+0.732, CI +0.724 to +0.740). The forward movement is therefore not symmetric mutual convergence. But it is also not obviously age: the aged-to-young donor axis is itself nearly orthogonal to the GTEx donor-age axis (cosine 0.039), so with one donor at each age we cannot separate age from everything else that differs between two cell lines, including proliferative state and culture history. The test can, and does, say that the cells did not approach the young line."
+0.732,P159,verified,results/genespace/same_stats.csv,asymmetry [FULL],0.7317159749951458,,"With the roles of the donors reversed, the young donor's partially reprogrammed cells do not move toward the aged donor at all in all genes (progress −0.057, 95% CI −0.063 to −0.054), giving a clear asymmetry (+0.732, CI +0.724 to +0.740). The forward movement is therefore not symmetric mutual convergence. But it is also not obviously age: the aged-to-young donor axis is itself nearly orthogonal to the GTEx donor-age axis (cosine 0.039), so with one donor at each age we cannot separate age from everything else that differs between two cell lines, including proliferative state and culture history. The test can, and does, say that the cells did not approach the young line."
+0.724,P159,verified,results/genespace/same_stats.csv,asymmetry_ci_lo [FULL],0.7240405163302078,,"With the roles of the donors reversed, the young donor's partially reprogrammed cells do not move toward the aged donor at all in all genes (progress −0.057, 95% CI −0.063 to −0.054), giving a clear asymmetry (+0.732, CI +0.724 to +0.740). The forward movement is therefore not symmetric mutual convergence. But it is also not obviously age: the aged-to-young donor axis is itself nearly orthogonal to the GTEx donor-age axis (cosine 0.039), so with one donor at each age we cannot separate age from everything else that differs between two cell lines, including proliferative state and culture history. The test can, and does, say that the cells did not approach the young line."
+0.740,P159,verified,results/genespace/same_stats.csv,asymmetry_ci_hi [FULL],0.7404332563572681,,"With the roles of the donors reversed, the young donor's partially reprogrammed cells do not move toward the aged donor at all in all genes (progress −0.057, 95% CI −0.063 to −0.054), giving a clear asymmetry (+0.732, CI +0.724 to +0.740). The forward movement is therefore not symmetric mutual convergence. But it is also not obviously age: the aged-to-young donor axis is itself nearly orthogonal to the GTEx donor-age axis (cosine 0.039), so with one donor at each age we cannot separate age from everything else that differs between two cell lines, including proliferative state and culture history. The test can, and does, say that the cells did not approach the young line."
0.039,P159,verified,results/genespace/readout_cos.csv,cos [AGE r_AGE gtex axis u(X)] / aged-to-young axis vs GTEx age axis,0.039318286738711315,,"With the roles of the donors reversed, the young donor's partially reprogrammed cells do not move toward the aged donor at all in all genes (progress −0.057, 95% CI −0.063 to −0.054), giving a clear asymmetry (+0.732, CI +0.724 to +0.740). The forward movement is therefore not symmetric mutual convergence. But it is also not obviously age: the aged-to-young donor axis is itself nearly orthogonal to the GTEx donor-age axis (cosine 0.039), so with one donor at each age we cannot separate age from everything else that differs between two cell lines, including proliferative state and culture history. The test can, and does, say that the cells did not approach the young line."
