space,pair,primary,members,size,n_hits,delta,own_floor,margin_over_floor,mda_margin_required,ratio,identity_drop,identity_flag,reported,leave_one_out
S1,O1_Y1,True,TRIM27,1,1,101.01132087138217,100.91425086361386,-0.0970700077683091,11.650200854386927,4.010144552432482,0.04755562072334378,False,False,TRIM27:+nan
S1,O1_Y1,True,GTF2E1,1,1,106.8326991120141,106.4556468924031,-0.3770522196110022,11.650200854386927,4.186960971009499,0.03367614275283444,False,False,GTF2E1:+nan
S1,O1_Y1,True,ZNF639,1,1,107.78891688115556,107.74225995584538,-0.04665692531017385,11.650200854386927,4.228484156886453,0.04177045058717312,False,False,ZNF639:+nan
S1,O1_Y1,True,PLAGL1,1,1,94.741981004547,95.15302882187594,0.41104781732893514,11.650200854386927,3.827471413173399,-0.100502545827337,False,False,PLAGL1:+nan
S1,O1_Y1,True,AATF,1,1,114.36366520689782,113.54856912495299,-0.8150960819448301,11.650200854386927,4.412975904268737,0.09650128223550791,False,False,AATF:+nan
S1,O1_Y1,True,ZNF221,1,1,111.02449243507147,111.22839062718596,0.20389819211449378,11.650200854386927,4.339188613887824,0.00465941511562522,False,False,ZNF221:+nan
S1,O1_Y1,True,STAT3,1,1,112.69561839469165,112.52089093514707,-0.17472745954458446,11.650200854386927,4.380143726236075,0.16592898447144225,False,False,STAT3:+nan
S1,O1_Y1,True,ZNF683,1,1,101.373127629648,101.495797089292,0.12266945964400122,11.650200854386927,4.02878915739456,-0.011282848247540046,False,False,ZNF683:+nan
S1,O1_Y1,True,KLF6,1,1,78.33270208627675,78.3854131663485,0.05271108007174519,11.650200854386927,3.286762720772734,0.10098499009758996,False,False,KLF6:+nan
S1,O1_Y1,True,THAP5,1,1,85.5678111056232,85.27493658796614,-0.2928745176570686,11.650200854386927,3.509246781424059,0.020981970482361167,False,False,THAP5:+nan
S1,O1_Y1,True,ZNF41,1,1,137.13727820671386,136.8130141534604,-0.3242640532534722,11.650200854386927,5.148494152610994,0.0015318078350319286,False,False,ZNF41:+nan
S1,O1_Y1,True,TARBP2,1,1,86.09872176064923,85.31166814021707,-0.787053620432161,11.650200854386927,3.5111151037149555,0.11554564899421385,False,False,TARBP2:+nan
S1,O1_Y1,True,ZNF429,1,1,144.2451857391152,143.91494896523903,-0.3302367738761518,11.650200854386927,5.372826543682103,-0.03904291270047391,False,False,ZNF429:+nan
S1,O1_Y1,True,VPS72,1,1,76.08060034342748,76.12174043366272,0.04114009023524545,11.650200854386927,3.2143325357589685,0.08057649966988863,False,False,VPS72:+nan
S1,O1_Y1,True,ZFP2,1,1,68.73043890445751,68.30074397304016,-0.4296949314173588,11.650200854386927,2.960054603175006,0.08856869142858641,False,False,ZFP2:+nan
S1,O1_Y1,True,MAP3K7,1,2,115.55701006670293,114.87774271507972,-0.67926735162321,11.650200854386927,4.455072332985263,0.14149756764898228,False,False,MAP3K7:+nan
S1,O1_Y1,True,TULP1,1,1,125.12714167416058,124.89577402682143,-0.23136764733915527,11.650200854386927,4.7724541339543265,0.00620860774598706,False,False,TULP1:+nan
S1,O1_Y1,True,HMGB1,1,1,113.37475884146329,112.62191002892045,-0.7528488125428368,11.650200854386927,4.383130129531084,0.034308271176683156,False,False,HMGB1:+nan
S1,O1_Y1,True,LHX8,1,1,103.27135339571149,103.34316161063535,0.07180821492386258,11.650200854386927,4.088125073532551,0.12305482081707234,False,False,LHX8:+nan
S1,O1_Y1,True,JDP2,1,1,48.21046271715719,46.33704072776232,-1.8734219893948705,11.650200854386927,2.2300066449050044,0.19145998656797847,False,False,JDP2:+nan
S1,O1_Y1,True,ZNF43,1,1,137.8510352921336,137.27179592617884,-0.5792393659547486,11.650200854386927,5.163105309098039,-0.05815087441663243,False,False,ZNF43:+nan
S1,O1_Y1,True,ZNF131,1,1,89.39204330281598,88.95656241077495,-0.4354808920410278,11.650200854386927,3.6284496025324646,0.050651315439139234,False,False,ZNF131:+nan
S1,O1_Y1,True,PRDM15,1,1,83.91079926550239,83.55920254597002,-0.3515967195323668,11.650200854386927,3.4542661621040667,0.055003794677901084,False,False,PRDM15:+nan
S1,O1_Y1,True,ZNF408,1,1,106.30798406441906,106.05681677620223,-0.2511672882168341,11.650200854386927,4.174534763970931,0.03909218495843423,False,False,ZNF408:+nan
S1,O1_Y1,True,ZNF891,1,1,95.38947111078679,94.65408046739788,-0.7353906433889108,11.650200854386927,3.810850676552769,0.03698561184583291,False,False,ZNF891:+nan
S1,O1_Y1,True,TRIM33,1,2,87.47341141438801,87.50071976506048,0.027308350672470283,11.650200854386927,3.58170318812047,-0.025663565344409788,False,False,TRIM33:+nan
S1,O1_Y1,True,ZBTB34,1,1,89.68765470669325,88.69428300235964,-0.9933717043336117,11.650200854386927,3.620168578237227,0.15570532938114612,False,False,ZBTB34:+nan
S1,O1_Y1,True,ERG,1,1,97.02687109557135,96.99788941795781,-0.028981677613543866,11.650200854386927,3.885543977523447,0.006347007282049,False,False,ERG:+nan
S1,O1_Y1,True,ZNF581,1,1,105.90103688821873,105.70873650344524,-0.19230038477348899,11.650200854386927,4.163358363909706,-0.040503051342523896,False,False,ZNF581:+nan
S1,O1_Y1,True,STOX2,1,1,80.66161823537166,80.67708785830511,0.015469622933451888,11.650200854386927,3.360839784497399,0.04224969450293834,False,False,STOX2:+nan
S1,O1_Y1,True,TBP,1,1,82.15836200311213,81.36456836794802,-0.7937936351641071,11.650200854386927,3.383050084367769,0.09554401378673352,False,False,TBP:+nan
S1,O1_Y1,True,RXRA,1,1,50.06288293293459,50.201565733347756,0.1386828004131644,11.650200854386927,2.360618544511544,-0.03336159581775673,False,False,RXRA:+nan
S1,O1_Y1,True,SRY,1,1,111.79192769192363,111.48424661261973,-0.3076810793039044,11.650200854386927,4.346850917907544,0.04469434858707546,False,False,SRY:+nan
S1,O1_Y1,True,ZNF211,1,1,62.5390245751724,62.1796783975524,-0.3593461776199973,11.650200854386927,2.758784333589271,0.07439919008381432,False,False,ZNF211:+nan
S1,O1_Y1,True,E2F8,1,1,116.11854709727592,115.3895827448579,-0.7289643524180178,11.650200854386927,4.47098778408564,-0.004674026691710842,False,False,E2F8:+nan
S1,O1_Y1,True,TEAD3,1,1,62.441002991964446,62.33932525173552,-0.10167774022892928,11.650200854386927,2.7643406143330047,0.11794217155280287,False,False,TEAD3:+nan
S1,O1_Y1,True,IKZF5,1,1,116.8866918787256,116.86813977484078,-0.018552103884815097,11.650200854386927,4.518548291268905,0.016148997612086567,False,False,IKZF5:+nan
S1,O1_Y1,True,SLC22A1,1,1,70.89104282662552,70.75622561750569,-0.13481720911983075,11.650200854386927,3.0401733445226293,0.1405010804077641,False,False,SLC22A1:+nan
S1,O1_Y1,True,SNW1,1,1,97.80206756219226,97.11641785161866,-0.6856497105735997,11.650200854386927,3.888955082268494,0.077614195643476,False,False,SNW1:+nan
S1,O1_Y1,True,TSC22D3,1,1,185.57793548894225,185.35315660081855,-0.2247788881236943,11.650200854386927,6.674156953937895,0.3419666707758516,False,False,TSC22D3:+nan
S1,O1_Y1,True,SIRT6,1,1,100.93462849560439,100.82613181543073,-0.10849668017365843,11.650200854386927,4.007264916644792,0.057127372168898315,False,False,SIRT6:+nan
S1,O1_Y1,True,ZNF189,1,1,97.65907637206112,98.2667880870457,0.6077117149845748,11.650200854386927,3.9259808315380127,-0.048612492253575466,False,False,ZNF189:+nan
S1,O1_Y1,True,ERCC8,1,1,82.15439588294069,81.87636720261476,-0.27802868032593153,11.650200854386927,3.4000855288729803,0.059259564911525085,False,False,ERCC8:+nan
S1,O1_Y1,True,ZNF878,1,1,133.63588038368377,133.21800073764183,-0.41787964604193917,11.650200854386927,5.035904183937468,0.1070318612076175,False,False,ZNF878:+nan
S1,O1_Y1,True,ZNF577,1,1,118.80814800726515,118.6562482341151,-0.1518997731500491,11.650200854386927,4.575141489991655,0.07952122204958319,False,False,ZNF577:+nan
S1,O1_Y1,True,ZNF397,1,1,122.64910207225958,122.72119928815239,0.0720972158928106,11.650200854386927,4.7040070145822845,0.11935759292177706,False,False,ZNF397:+nan
S1,O1_Y1,True,TCF3,1,1,105.91139703634832,105.61550657032745,-0.29589046602086455,11.650200854386927,4.160547731433261,0.12095312508420364,False,False,TCF3:+nan
S1,O1_Y1,True,ZNF660,1,1,76.18054202515472,75.71995992707522,-0.4605820980794988,11.650200854386927,3.201256794016128,0.02113006124072352,False,False,ZNF660:+nan
S2_k20,O1_Y1,True,MAPK8IP1;ZNF585B,2,1,2.2743905043320396,0.21584103082745634,-2.0585494735045833,0.5745238109975798,0.6715303847878533,0.13659241719065202,False,False,MAPK8IP1:+2.2846;ZNF585B:-0.6711
S2_k20,O1_Y1,True,MAPK8IP1;TAF4B,2,1,2.8581638419996622,0.2756919322576996,-2.5824719097419626,0.5745238109975798,0.6812286704477596,-0.026344858563649386,False,False,MAPK8IP1:+2.8700;TAF4B:-0.6711
S2_k20,O1_Y1,True,GSC2;MBD4,2,1,0.18586400239644618,-0.3174359123858981,-0.5032999147823443,0.5745238109975798,0.5199405940777515,0.010644587050687937,False,False,GSC2:+0.9397;MBD4:-1.9741
S2_k20,O1_Y1,True,DMRTA1;FOXN4;GSC2;MAPK8IP1,4,1,0.5211519318523088,-0.04475587688618561,-0.5659078087384944,0.5745238109975798,0.6580225488741592,0.0982823361276566,False,False,DMRTA1:+0.7163;FOXN4:-2.9387;GSC2:+0.4280;MAPK8IP1:+0.5505
S2_k20,O1_Y1,True,DMRTA1;ZNF230,2,1,2.7111598663967733,0.5164059552774803,-2.194753911119293,0.5745238109975798,0.6214180006923344,0.0976240035633333,False,False,DMRTA1:+3.5638;ZNF230:-2.0938
S2_k20,O1_Y1,True,MAPK8IP1;SALL1,2,1,3.295853731630608,-0.43538143800151496,-3.731235169632123,0.5745238109975798,0.5985972063279895,0.11794669103360947,False,False,MAPK8IP1:+3.6316;SALL1:-0.6711
S2_k20,O1_Y1,True,DMRTA1;ZNF233,2,1,2.1114663776414773,0.14337037872937328,-1.968095998912104,0.5745238109975798,0.5920035903496103,0.03662533582783263,False,False,DMRTA1:+2.6304;ZNF233:-2.0938
S2_k20,O1_Y1,True,DMRTA1;MAPK8IP1;MSX1,3,1,0.5580800661878946,-0.1410083681334556,-0.6990884343213503,0.5745238109975798,0.4722060769805354,0.1371093665955942,False,False,DMRTA1:+1.8339;MAPK8IP1:+1.0143;MSX1:-2.7255
S2_k20,O1_Y1,True,DMRTA1;ERCC2;MAPK8IP1,3,1,2.5096780797214073,0.18026078931646272,-2.329417290404945,0.5745238109975798,0.6250430804109729,0.053707694234770086,False,False,DMRTA1:+2.9910;ERCC2:-2.7255;MAPK8IP1:+2.7545
S2_k20,O1_Y1,True,DMRTA1;MAPK8IP1;ZKSCAN5,3,1,2.5093072982156173,0.263531146961559,-2.2457761512540584,0.5745238109975798,0.61312685592189,0.04330450318475669,False,False,DMRTA1:+2.6568;MAPK8IP1:+2.7709;ZKSCAN5:-2.7255
S2_k20,O1_Y1,True,GSC2;MAPK8IP1;SOHLH2,3,1,1.3321484080054802,-0.16290354861270492,-1.495051956618185,0.5745238109975798,0.5605190352681664,-0.11874506902940651,False,False,GSC2:+2.1580;MAPK8IP1:+1.4240;SOHLH2:-2.1734
S2_k20,O1_Y1,True,ZMYND11;ZNF41,2,1,9.274747102219749,0.5120311737082088,-8.76271592851154,0.5745238109975798,0.8329807618952012,0.08481370030135212,False,False,ZMYND11:+9.2839;ZNF41:-0.5789
S2_k20,O1_Y1,True,GLI1;MAFA,2,1,2.549276909274173,0.2066878159509362,-2.342589093323237,0.5745238109975798,0.6080042341004456,0.09957353580360084,False,False,GLI1:-0.8486;MAFA:+2.5524
S2_k20,O1_Y1,True,HOXD1;IKZF3;MAPK8IP1,3,1,1.8035733712236954,-0.11176342816717932,-1.9153367993908748,0.5745238109975798,0.5881700929196371,0.05502120251721143,False,False,HOXD1:+1.8101;IKZF3:-1.5396;MAPK8IP1:+2.1509
S2_k20,O1_Y1,True,MAPK8IP1;POU6F1,2,1,-0.8948056556746771,-0.3758165180204475,0.5189891376542295,0.5745238109975798,0.4497603342191567,0.04518760219612503,False,False,MAPK8IP1:-0.7266;POU6F1:-0.6711
S2_k20,O1_Y1,True,BNC1;DMRTA1;GSC2;KLF5,4,1,1.7472011418255704,0.570261261894603,-1.1769398799309674,0.5745238109975798,0.7653093069597142,0.03156430490023694,False,False,BNC1:+2.5128;DMRTA1:+2.2672;GSC2:+2.0932;KLF5:-0.7798
S2_k20,O1_Y1,True,DMRTA1;GSC2;RFX8,3,1,2.869231399149733,0.3792767448108517,-2.4899546543388813,0.5745238109975798,0.6599812918392182,0.04896502065744472,False,False,DMRTA1:+3.2071;GSC2:+3.3665;RFX8:-2.8273
S2_k20,O1_Y1,True,DMRTA1;MAPK8IP1;POU6F2,3,1,2.4786167589437795,0.1275691682262505,-2.351047590717529,0.5745238109975798,0.5421779839182093,0.07342556065933852,False,False,DMRTA1:+3.4512;MAPK8IP1:+2.6752;POU6F2:-2.7255
S2_k20,O1_Y1,True,DMRTA1;FOXR2;GSC2,3,1,1.3814756535296269,0.027599177141532275,-1.3538764763880946,0.5745238109975798,0.6029197080519568,0.06209820479282748,False,False,DMRTA1:+1.6614;FOXR2:-2.8273;GSC2:+1.9740
S2_k20,O1_Y1,True,GSC2;INSM2,2,1,4.142801054025284,-0.020025577714487444,-4.1628266317397715,0.5745238109975798,0.681595385852665,0.1393411005439964,False,False,GSC2:+5.2761;INSM2:-1.9741
S2_k20,O1_Y1,True,DMRTA1;GSC2;HOXD11,3,1,2.647571261563087,0.2902566683719515,-2.3573145931911355,0.5745238109975798,0.6556035581124569,-0.001159828641078775,False,False,DMRTA1:+3.0248;GSC2:+3.3905;HOXD11:-2.8273
S2_k20,O1_Y1,True,GTF3C2;RELA,2,1,-2.7122467531864842,-0.5169382490058897,2.1953085041805944,0.5745238109975798,0.48542412585958755,-0.18028976005408312,False,True,GTF3C2:-2.0134;RELA:-1.7703
S2_k20,O1_Y1,True,MAPK8IP1;ZBED2,2,1,2.132154035620214,-0.10961641998542271,-2.241770455605637,0.5745238109975798,0.5570730820447996,-0.0227216162226741,False,False,MAPK8IP1:+2.1870;ZBED2:-0.6711
S2_k20,O1_Y1,True,PA2G4,1,1,4.994957836829784,0.39176155300937304,-4.60319628382041,0.5745238109975798,0.7705623342419151,-0.01796759472073073,False,False,PA2G4:+nan
S2_k20,O1_Y1,True,BNC1;ZMYND11;ZNF383,3,1,1.113955426521592,0.13363298095767612,-0.9803224455639159,0.5745238109975798,0.49280640601324566,0.07165025519897952,False,False,BNC1:+3.1677;ZMYND11:+1.3689;ZNF383:-2.0305
S2_k20,O1_Y1,True,DMRTA1;MAPK8IP1;PAX3;RELA,4,1,0.36466868118676743,0.04539528214010887,-0.3192733990466586,0.5745238109975798,0.5363386040157371,-0.11218833855949277,False,False,DMRTA1:+1.4280;MAPK8IP1:+0.7657;PAX3:-2.6206;RELA:+1.4208
S2_k20,O1_Y1,True,GSC2;MAPK8IP1;TOX,3,1,0.6996387687757064,-0.36982130708460886,-1.0694600758603152,0.5745238109975798,0.4900580559949776,0.10440719972726861,False,False,GSC2:+1.8620;MAPK8IP1:+1.0249;TOX:-2.1734
S2_k20,O1_Y1,True,DMRTA1;MAPK8IP1;ZSCAN20,3,1,3.3435967868001377,0.3486242272824674,-2.99497255951767,0.5745238109975798,0.6347596939974196,0.07114277248514929,False,False,DMRTA1:+3.9187;MAPK8IP1:+3.5477;ZSCAN20:-2.7255
S2_k20,O1_Y1,True,DMRTA1;GSC2;HEY2,3,1,-2.2401523445470524,-0.47401388255996474,1.7661384619870877,0.5745238109975798,0.46794640630861395,0.04621542963540859,False,True,DMRTA1:-0.6079;GSC2:-1.1577;HEY2:-2.8273
S2_k20,O1_Y1,True,ATF1;DMRTA1;MAPK8IP1,3,1,0.6397944899884997,-0.06974415612661276,-0.7095386461151125,0.5745238109975798,0.5435506240024963,0.02076984416315255,False,False,ATF1:-2.7255;DMRTA1:+1.3169;MAPK8IP1:+0.7976
S2_k20,O1_Y1,True,GSC2;TULP2;ZMYND11,3,1,3.4048736031064095,0.03906873555271012,-3.3658048675536993,0.5745238109975798,0.565162346179235,0.13946169593341948,False,False,GSC2:+4.5039;TULP2:-2.1066;ZMYND11:+3.5860
S2_k20,O1_Y1,True,GSC2;LZTR1,2,1,0.9870015927310938,-0.6482445268422509,-1.6352461195733445,0.5745238109975798,0.5093880597534822,0.04136184483186791,False,False,GSC2:+1.8406;LZTR1:-1.9741
S2_k20,O1_Y1,True,DMRTA1;MAPK8IP1;THAP4,3,1,-1.9208941250984246,-0.1157052815824741,1.8051888435159504,0.5745238109975798,0.4604541560586213,-0.0070035703041054775,False,True,DMRTA1:-0.6467;MAPK8IP1:-1.4637;THAP4:-2.7255
S2_k20,O1_Y1,True,CAMTA1;MAPK8IP1,2,1,2.884163442835682,-0.10163371713279827,-2.98579715996848,0.5745238109975798,0.5196206587885832,0.05224819417854358,False,False,CAMTA1:-0.6711;MAPK8IP1:+2.9032
S2_k20,O1_Y1,True,DMRTA1;GSC2;MAPK8IP1;ZNF133,4,1,2.4505810635225806,0.10142698761444753,-2.349154075908133,0.5745238109975798,0.5919344446996746,0.08943480618200243,False,False,DMRTA1:+3.1939;GSC2:+3.3621;MAPK8IP1:+2.6078;ZNF133:-2.9387
S2_k20,O1_Y1,True,CAPN15;DMRTA1;MAPK8IP1;RELA,4,1,0.043299655672669246,-0.12393416845963483,-0.1672338241323041,0.5745238109975798,0.6205476724532498,-0.17674513238189637,False,False,CAPN15:-2.6206;DMRTA1:+0.0452;MAPK8IP1:+0.2204;RELA:-0.0557
S2_k20,O1_Y1,True,BNC1;MAPK8IP1;TERF1,3,1,-1.438946980426035,-0.1266280140117402,1.312318966414295,0.5745238109975798,0.5111943402438852,0.0848702234833342,False,True,BNC1:+0.4768;MAPK8IP1:-1.2534;TERF1:-2.1914
S2_k20,O1_Y1,True,DMRTA1;MAPK8IP1;VPS72,3,1,-1.049814403701351,-0.2619349402331675,0.7878794634681836,0.5745238109975798,0.5253616759984048,0.10389939644403305,False,True,DMRTA1:-0.3190;MAPK8IP1:-0.8299;VPS72:-2.7255
S2_k20,O1_Y1,True,DMRTA1;GSC2;MAPK8IP1;ZFP2,4,1,-0.7723964759684812,-0.004704210022511231,0.76769226594597,0.5745238109975798,0.5745877584696377,0.11466572052896329,False,True,DMRTA1:+0.5445;GSC2:+0.2164;MAPK8IP1:-0.7440;ZFP2:-2.9387
S2_k20,O1_Y1,True,DMRTA1;ZNF544,2,1,-0.078539240352125,-0.15942171447700507,-0.08088247412488006,0.5745238109975798,0.5504579129282376,-0.0027154623128156086,False,False,DMRTA1:+0.3120;ZNF544:-2.0938
S2_k20,O1_Y1,True,DMRTA1;MAPK8IP1;ZNF787,3,1,4.7810539505316925,0.58166732491962,-4.199386625612073,0.5745238109975798,0.7154608333956727,0.021738446754216212,False,False,DMRTA1:+4.8890;MAPK8IP1:+4.9897;ZNF787:-2.7255
S2_k20,O1_Y1,True,GSC2;ZNF669,2,1,4.249309663492426,-0.09617579897676824,-4.345485462469194,0.5745238109975798,0.6590729131168725,0.036698418158502166,False,False,GSC2:+4.6026;ZNF669:-1.9741
S2_k20,O1_Y1,True,GSC2;SOX13;ZMYND11,3,1,3.940751329497836,0.5779387613386537,-3.362812568159182,0.5745238109975798,0.6505238692437295,0.12323624668501088,False,False,GSC2:+5.2734;SOX13:-2.1066;ZMYND11:+4.1065
S2_k20,O1_Y1,True,DMRTA1;ERCC8;MAPK8IP1,3,1,-1.1705476162748845,-0.07020877444504162,1.1003388418298428,0.5745238109975798,0.44298943398811275,0.08258246168566952,False,True,DMRTA1:+0.1996;ERCC8:-2.7255;MAPK8IP1:-0.8809
S2_k20,O1_Y1,True,GSC2;IRX4;MAPK8IP1,3,1,-0.8851077089247497,-0.30354426428678005,0.5815634446379696,0.5745238109975798,0.5024930650477922,0.1349721295059714,False,True,GSC2:+0.3377;IRX4:-2.1734;MAPK8IP1:-0.5818
S2_k20,O1_Y1,True,MAPK8IP1;NR2F1,2,1,0.23723531356155547,-0.0806514562551996,-0.31788676981675507,0.5745238109975798,0.49367802180576725,0.02706193048339318,False,False,MAPK8IP1:+0.5214;NR2F1:-0.6711
S2_k20,O1_Y1,True,DMRTA1;LHX2;MAPK8IP1;RELA,4,1,0.6400691319242284,-0.015698287702667627,-0.6557674196268961,0.5745238109975798,0.5610324105495309,-0.231566378126998,False,False,DMRTA1:+1.2122;LHX2:-2.6206;MAPK8IP1:+0.9166;RELA:+1.1068
S2_k20,O1_Y1,True,GSC2;PRDM13,2,1,0.6665637904053199,-0.03460595468068597,-0.7011697450860058,0.5745238109975798,0.5981769619977874,0.08424770262670156,False,False,GSC2:+1.3194;PRDM13:-1.9741
S2_k20,O1_Y1,True,GTF3C2;XBP1,2,1,-0.817401346845763,-0.028982012736202007,0.788419334109561,0.5745238109975798,0.5240758085618485,0.10070861580926638,False,True,GTF3C2:-0.4650;XBP1:-1.7703
S2_k20,O1_Y1,True,DMRTA1;GSC2;PHOX2A,3,1,1.6528551667152378,0.05973006751041849,-1.5931250992048194,0.5745238109975798,0.6012545816195285,0.0560346878836949,False,False,DMRTA1:+3.0409;GSC2:+3.0026;PHOX2A:-2.8273
S2_k50,O1_Y1,True,TBX22,1,1,2.4310654918178756,0.06669363264997842,-2.364371859167897,0.5762963972516126,0.42082579987109436,0.10183401785477213,False,False,TBX22:+nan
S2_k50,O1_Y1,True,ZSCAN1,1,1,1.320955773678996,0.15013275707103377,-1.1708230166079623,0.5762963972516126,0.49197929529160356,0.06432343096465501,False,False,ZSCAN1:+nan
S2_k50,O1_Y1,True,NKX2-8,1,1,7.340037257796581,1.789385315756353,-5.550651942040228,0.5762963972516126,0.8334685374846735,0.12167575337162104,False,False,NKX2-8:+nan
S2_k50,O1_Y1,True,GSC2;ZFP36L2,2,1,7.371643584981143,0.43305623024057366,-6.938587354740569,0.5762963972516126,0.669104286819904,0.12069088476491881,False,False,GSC2:+8.6453;ZFP36L2:-1.5455
S2_k50,O1_Y1,True,ING4,1,1,1.9419082954657867,0.17740383960357284,-1.7645044558622138,0.5762963972516126,0.43602505391978724,0.09649859997157759,False,False,ING4:+nan
S2_k50,O1_Y1,True,ZNF341,1,1,0.7747037993391714,-0.22924137331803143,-1.0039451726572028,0.5762963972516126,0.3287989742086779,0.014742052303936081,False,False,ZNF341:+nan
S2_k50,O1_Y1,True,ZNF648,1,1,8.138377684493356,1.4890922129260755,-6.649285471567281,0.5762963972516126,0.7134014624974727,0.12559867690485052,False,False,ZNF648:+nan
S2_k50,O1_Y1,True,GSC2;PAX5,2,1,4.519105475381593,0.43467936518014716,-4.084426110201446,0.5762963972516126,0.6640132853082586,-0.05250889706493926,False,False,GSC2:+5.0666;PAX5:-1.5455
S2_k50,O1_Y1,True,GSC2;ZNF18,2,1,2.7314270687132876,0.6858492568649149,-2.0455778118483727,0.5762963972516126,0.6083996559171171,0.02097560034174768,False,False,GSC2:+3.0030;ZNF18:-1.5455
S2_k50,O1_Y1,True,MEIS1;ZMYND11,2,1,2.13421623985095,0.46704238535878845,-1.6671738544921617,0.5762963972516126,0.4784292644986511,0.10283519086693374,False,False,MEIS1:-0.7050;ZMYND11:+2.4606
S2_k50,O1_Y1,True,POU3F4,1,1,7.1846319757429455,2.0053350727553996,-5.179296902987546,0.5762963972516126,0.8198619553575589,0.022210316033503763,False,False,POU3F4:+nan
S2_k50,O1_Y1,True,RELA;ZNF791,2,1,12.471044125539464,2.497239857607151,-9.973804267932312,0.5762963972516126,0.9398141308678853,-0.17006928753398018,False,False,RELA:+12.6831;ZNF791:-0.8485
S2_k50,O1_Y1,True,ZBTB22,1,1,8.983056118194312,1.7377388772392777,-7.245317240955035,0.5762963972516126,0.8170642214803732,0.1232795302784185,False,False,ZBTB22:+nan
S2_k50,O1_Y1,True,PTTG1,1,1,4.93281488898365,0.4789093415791147,-4.453905547404535,0.5762963972516126,0.5741612775382137,0.11506053392203316,False,False,PTTG1:+nan
S2_k50,O1_Y1,True,PPP1R13L,1,1,1.5563410842060037,0.21413277183244867,-1.342208312373555,0.5762963972516126,0.4089088080589574,-0.03679712343359798,False,False,PPP1R13L:+nan
S2_k50,O1_Y1,True,GSC2;POU3F1,2,1,3.070816412378832,0.5748402322302395,-2.4959761801485927,0.5762963972516126,0.565741142235482,0.05102403473644253,False,False,GSC2:+3.7428;POU3F1:-1.5455
S2_k50,O1_Y1,True,ZNF735,1,1,4.537765614823719,0.5082665871459053,-4.029499027677814,0.5762963972516126,0.5246324181641518,0.10584252029199315,False,False,ZNF735:+nan
S2_k50,O1_Y1,True,RARA,1,2,5.38383092845649,0.16170677431703298,-5.222124154139457,0.5762963972516126,0.5617611011219968,0.037739778671246095,False,False,RARA:+nan
S2_k50,O1_Y1,True,ZNF582,1,1,4.750744656439252,0.4452199615644403,-4.305524694874812,0.5762963972516126,0.5272569380190539,0.056586578297208256,False,False,ZNF582:+nan
S2_k50,O1_Y1,True,PRDM9,1,1,4.51010447284046,1.1699728066178086,-3.3401316662226517,0.5762963972516126,0.7013380922653001,0.04919987932100167,False,False,PRDM9:+nan
S2_k50,O1_Y1,True,BACH1,1,1,4.996298990155061,0.21030275289808267,-4.785996237256978,0.5762963972516126,0.5560202419664166,-0.0334501800442498,False,False,BACH1:+nan
S2_k50,O1_Y1,True,RXRB,1,1,2.8373232575764504,0.40631097446787284,-2.4310122831085774,0.5762963972516126,0.473555037823049,0.07533958341372655,False,False,RXRB:+nan
S2_k50,O1_Y1,True,GTF3A,1,1,3.9357354215167675,0.3903748178666524,-3.5453606036501153,0.5762963972516126,0.5454145197846394,0.023561723470587048,False,False,GTF3A:+nan
S2_k50,O1_Y1,True,ARID1A,1,1,10.28837547869528,2.1165787141276575,-8.171796764567622,0.5762963972516126,1.0605967866290702,0.09044472676471413,False,False,ARID1A:+nan
S2_k50,O1_Y1,True,NSD2,1,1,2.763932043139782,-0.1280862797025275,-2.8920183228423095,0.5762963972516126,0.416296415187261,-0.0008340903981119751,False,False,NSD2:+nan
S2_k50,O1_Y1,True,ZNF786,1,1,6.176985039403931,1.1679357602230092,-5.009049279180922,0.5762963972516126,0.7133219816417696,0.13900607117569513,False,False,ZNF786:+nan
S2_k50,O1_Y1,True,ZNF714,1,1,8.526876211574503,1.8147307527357452,-6.712145458838759,0.5762963972516126,0.8664157168690075,0.03863174906047837,False,False,ZNF714:+nan
S2_k50,O1_Y1,True,HBP1,1,1,5.988669761570158,1.3474047963382512,-4.6412649652319065,0.5762963972516126,0.7434106484123174,-0.04347395794683171,False,False,HBP1:+nan
S2_k50,O1_Y1,True,ZNF543,1,1,4.533600074457283,0.8674495387769724,-3.6661505356803104,0.5762963972516126,0.6253065425677063,0.1148190506366632,False,False,ZNF543:+nan
S2_k50,O1_Y1,True,ZNF398,1,1,13.417046850380864,3.814084302053417,-9.602962548327447,0.5762963972516126,1.102526809175229,0.005337983744324881,False,False,ZNF398:+nan
S2_k50,O1_Y1,True,PIAS4,1,1,3.8797399785247038,0.10955920328617615,-3.7701807752385275,0.5762963972516126,0.4573507443232722,0.04542879855996207,False,False,PIAS4:+nan
S2_k50,O1_Y1,True,EGR3,1,1,3.0736795932332015,1.3113330931591105,-1.762346500074091,0.5762963972516126,0.7365296026534873,-0.07653258577361181,False,False,EGR3:+nan
S2_k50,O1_Y1,True,ZNF442,1,1,5.311666365864511,0.9144135347119647,-4.397252831152546,0.5762963972516126,0.6154235936904279,0.099072879036517,False,False,ZNF442:+nan
S2_k50,O1_Y1,True,ZNF350,1,1,12.399194963626485,1.3931765509570506,-11.006018412669434,0.5762963972516126,0.8105274045456133,-0.04853483824175111,False,False,ZNF350:+nan
S2_k50,O1_Y1,True,ZNF14,1,1,6.425013182127515,1.2449794663676603,-5.180033715759855,0.5762963972516126,0.6527886454063738,0.03510599726787007,False,False,ZNF14:+nan
S2_k50,O1_Y1,True,ZNF655,1,1,4.283545626099944,0.3742080024601478,-3.9093376236397956,0.5762963972516126,0.5217753481076506,-0.03380748920087295,False,False,ZNF655:+nan
S2_k50,O1_Y1,True,GSC2;TAFAZZIN,2,1,3.886180845771001,0.6649703861746625,-3.221210459596339,0.5762963972516126,0.5836170113736153,-0.0017339615155752552,False,False,GSC2:+4.3593;TAFAZZIN:-1.5455
S2_k50,O1_Y1,True,ZNF814,1,1,2.674235809132057,0.1267376602504795,-2.5474981488815773,0.5762963972516126,0.4769662179642394,0.040602436167399156,False,False,ZNF814:+nan
S2_k50,O1_Y1,True,CRTC1,1,1,-1.158576168300712,-0.2851886650717773,0.8733875032289348,0.5762963972516126,0.3152956313183989,0.018536076203516695,False,True,CRTC1:+nan
S2_k50,O1_Y1,True,THRA,1,1,2.993412840366368,0.20347148798146672,-2.789941352384901,0.5762963972516126,0.5254428681108969,0.10936038941999562,False,False,THRA:+nan
S2_k50,O1_Y1,True,GSC2;ZNF770,2,1,2.960489163614618,0.3340490511497226,-2.6264401124648953,0.5762963972516126,0.5499408839882357,0.059831843144598086,False,False,GSC2:+3.9221;ZNF770:-1.5455
S2_k50,O1_Y1,True,CCDC169-SOHLH2,1,1,7.835792516876346,1.2960500085061866,-6.539742508370159,0.5762963972516126,0.6941102758729404,0.09744288206303217,False,False,CCDC169-SOHLH2:+nan
S2_k50,O1_Y1,True,OLIG1,1,1,0.6259781979620946,0.09007513000366604,-0.5359030679584286,0.5762963972516126,0.4652274987339512,-0.0005858487839657256,False,False,OLIG1:+nan
S2_k50,O1_Y1,True,RAX,1,1,5.4156597796245265,0.33017800222768584,-5.085481777396841,0.5762963972516126,0.5313010961203254,0.0032541192818637877,False,False,RAX:+nan
S2_k50,O1_Y1,True,HOXA13,1,1,2.9366451606701816,1.2404190441184184,-1.6962261165517631,0.5762963972516126,0.6985201771458851,0.04538946759806699,False,False,HOXA13:+nan
S2_k50,O1_Y1,True,ZNF761,1,1,7.532268546932464,1.352928555893874,-6.17933999103859,0.5762963972516126,0.752149511965031,0.06121760480074408,False,False,ZNF761:+nan
S2_k50,O1_Y1,True,CIITA,1,1,6.758454608631105,1.3217123518928602,-5.436742256738245,0.5762963972516126,0.7200740959227716,-0.0009886146906976866,False,False,CIITA:+nan
S2_k50,O1_Y1,True,MYCN,1,1,1.9947036717594457,0.1505060903632359,-1.84419758139621,0.5762963972516126,0.47637846966831676,0.08137008136301112,False,False,MYCN:+nan
S2_k50,O1_Y1,True,MYOCD,1,1,1.5867860667927616,-0.09733046249853473,-1.6841165292912963,0.5762963972516126,0.37709976306948845,-0.011879952597286626,False,False,MYOCD:+nan
S2_k100,O1_Y1,True,DLX4;GSC2,2,1,6.127484724122411,1.9964840267960315,-4.131000697326379,0.7718338567153905,0.6579066416044145,0.04820568707472339,False,False,DLX4:-0.8118;GSC2:+6.5059
S2_k100,O1_Y1,True,FOXD1,1,1,12.422927698393238,4.601106382774882,-7.821821315618356,0.7718338567153905,0.985719415052493,0.12447091090054549,False,False,FOXD1:+nan
S2_k100,O1_Y1,True,NFKBIE,1,1,6.1164936854819985,1.3671887294983496,-4.749304955983649,0.7718338567153905,0.5867110410759709,0.019293981855805265,False,False,NFKBIE:+nan
S2_k100,O1_Y1,True,ERF,1,1,4.0392868808418,0.37956710724996,-3.6597197735918403,0.7718338567153905,0.43704188600603766,-0.024451854415094565,False,False,ERF:+nan
S2_k100,O1_Y1,True,NFKBIA,1,1,9.117167281087923,3.3775183497869685,-5.739648931300954,0.7718338567153905,0.8154920835888674,0.09876415395119686,False,False,NFKBIA:+nan
S2_k100,O1_Y1,True,FOXD4L1,1,1,54.9893701422651,22.646107245417554,-32.34326289684755,0.7718338567153905,2.5068224784716273,0.1455772591574926,False,False,FOXD4L1:+nan
S2_k100,O1_Y1,True,SPIC,1,1,8.764051643508523,3.379076859115715,-5.384974784392808,0.7718338567153905,0.7969071384503499,0.059577264348587476,False,False,SPIC:+nan
S2_k100,O1_Y1,True,ZNF281,1,1,8.828324595763362,1.3965586930062681,-7.431765902757094,0.7718338567153905,0.7453609517876939,0.06581797994111611,False,False,ZNF281:+nan
S2_k100,O1_Y1,True,GATA1;RELA,2,1,6.558668972558166,0.9342141228025209,-5.6244548497556455,0.7718338567153905,0.6764215405507644,-0.13636707701221545,False,False,GATA1:-0.3201;RELA:+8.7317
S2_k100,O1_Y1,True,POU3F3,1,1,4.296612135632877,1.208473201138331,-3.088138934494546,0.7718338567153905,0.5655399579055007,-0.033981839085823216,False,False,POU3F3:+nan
S2_k100,O1_Y1,True,RPA1,1,1,9.744056759548258,2.317046923050918,-7.42700983649734,0.7718338567153905,0.7361524723255504,0.015391823929750026,False,False,RPA1:+nan
S2_k100,O1_Y1,True,ZSCAN32,1,1,6.4410953949652665,1.3516965235429677,-5.089398871422299,0.7718338567153905,0.6137124137029761,0.06410553021615381,False,False,ZSCAN32:+nan
S2_k100,O1_Y1,True,TAL1,1,1,15.348018788760463,6.5319467034874705,-8.816072085272992,0.7718338567153905,1.0808531632360932,0.05653216946574544,False,False,TAL1:+nan
S2_k100,O1_Y1,True,SALL2,1,1,7.427423565096149,3.2100362510025175,-4.2173873140936315,0.7718338567153905,0.7567160811972627,0.02381228225716401,False,False,SALL2:+nan
S2_k100,O1_Y1,True,PKNOX1,1,1,1.231326115202961,0.24523399066342028,-0.9860921245395409,0.7718338567153905,0.3744893856182288,0.023950084055737998,False,False,PKNOX1:+nan
S2_k100,O1_Y1,True,ZNF721,1,1,15.217548516232199,5.59406423660651,-9.62348427962569,0.7718338567153905,1.1019314850234818,0.025874566165177672,False,False,ZNF721:+nan
S2_k100,O1_Y1,True,MAFK,1,1,14.466972891084545,4.128822488939311,-10.338150402145235,0.7718338567153905,0.931785245375653,0.12933099707491025,False,False,MAFK:+nan
S2_k100,O1_Y1,True,FOXP2,1,1,12.897393905762264,3.740693476498706,-9.156700429263559,0.7718338567153905,0.9347577903646257,0.10606601836848058,False,False,FOXP2:+nan
S2_k100,O1_Y1,True,IRX6,1,1,2.3299705018359944,0.2955751933131479,-2.0343953085228463,0.7718338567153905,0.37283759170986697,-0.06193082760546111,False,False,IRX6:+nan
S2_k100,O1_Y1,True,JUNB,1,1,29.984631301310813,12.046209320093192,-17.938421981217623,0.7718338567153905,1.642533459704954,0.06223569602276913,False,False,JUNB:+nan
S2_k100,O1_Y1,True,ZNF527,1,1,4.637012196737217,1.4643575552636445,-3.1726546414735726,0.7718338567153905,0.5638223403568033,0.07468058294176072,False,False,ZNF527:+nan
S2_k100,O1_Y1,True,ZNF423,1,1,14.716009645552226,6.215139557266593,-8.500870088285634,0.7718338567153905,1.1304211992154414,0.09739683466017302,False,False,ZNF423:+nan
S2_k100,O1_Y1,True,MSX2,1,1,5.781014988883356,1.543223290752098,-4.237791698131258,0.7718338567153905,0.6313587480896428,0.05018789368198669,False,False,MSX2:+nan
S2_k100,O1_Y1,True,ZNF625,1,1,3.3008052672097534,1.2201082159242094,-2.080697051285544,0.7718338567153905,0.5185930960326325,0.043633692956240935,False,False,ZNF625:+nan
S2_k100,O1_Y1,True,MESP1,1,1,3.639386673914885,0.4834385961334592,-3.1559480777814257,0.7718338567153905,0.4129759702176895,-0.012693313024723785,False,False,MESP1:+nan
S2_k100,O1_Y1,True,HOXC12,1,1,11.915582688835535,3.662428436057324,-8.253154252778211,0.7718338567153905,0.9468057262395781,0.0008891628719970735,False,False,HOXC12:+nan
S2_k100,O1_Y1,True,CERS4,1,1,5.768658586664657,1.698860832902379,-4.069797753762278,0.7718338567153905,0.6365569657782797,0.036491947213448325,False,False,CERS4:+nan
S2_k100,O1_Y1,True,TAF12,1,1,9.31224298194482,4.091621642947535,-5.220621338997285,0.7718338567153905,0.852425138207283,0.09146399101216277,False,False,TAF12:+nan
S2_k100,O1_Y1,True,TAF6,1,1,3.0069808900890536,1.2634845881860266,-1.743496301903027,0.7718338567153905,0.5765901224535176,0.0374082825897434,False,False,TAF6:+nan
S2_k100,O1_Y1,True,SMAD6,1,1,4.526022265499542,0.45173635891071184,-4.0742859065888295,0.7718338567153905,0.5228653961345664,-0.035140154851311924,False,False,SMAD6:+nan
S2_k100,O1_Y1,True,MEF2A,1,1,15.798494880764345,7.299197910750885,-8.49929697001346,0.7718338567153905,1.1883519379571692,-0.1934146099485056,False,False,MEF2A:+nan
S2_k100,O1_Y1,True,ZNF541,1,1,7.157084567564837,1.8212373332232823,-5.335847234341555,0.7718338567153905,0.6343549768680048,0.12872420240396992,False,False,ZNF541:+nan
S2_k100,O1_Y1,True,RUNX3,1,1,9.596838757123066,4.121692013967824,-5.475146743155243,0.7718338567153905,0.9065629614350866,-0.04271432401497788,False,False,RUNX3:+nan
S2_k100,O1_Y1,True,ZNF22,1,1,11.323244652389626,3.799242062741647,-7.524002589647979,0.7718338567153905,0.8608496694024503,0.08189103789526524,False,False,ZNF22:+nan
S2_k100,O1_Y1,True,ZNF787,1,1,12.52403987138399,4.443207814261005,-8.080832057122986,0.7718338567153905,0.9502152958246053,-0.0015844500199282186,False,False,ZNF787:+nan
S2_k100,O1_Y1,True,THRA,1,1,4.931101118815917,1.3940606112269665,-3.5370405075889506,0.7718338567153905,0.6256286453299319,0.10936038941999562,False,False,THRA:+nan
S2_k100,O1_Y1,True,ANHX,1,1,5.000381509540411,0.9519456406988815,-4.048435868841529,0.7718338567153905,0.5380186386449451,0.07086526995458782,False,False,ANHX:+nan
S2_k100,O1_Y1,True,HSF2,1,1,4.984466226055247,0.4837909218327544,-4.500675304222493,0.7718338567153905,0.44543912078350834,0.02018101433244912,False,False,HSF2:+nan
S2_k100,O1_Y1,True,PSMB4,1,1,10.54375388445549,5.497784982677815,-5.045968901777676,0.7718338567153905,0.9502617415235828,0.01959887716690345,False,False,PSMB4:+nan
S2_k100,O1_Y1,True,SOX30,1,1,9.547233894193177,3.292515993984432,-6.254717900208744,0.7718338567153905,0.8438699595379703,-0.0033273665371337025,False,False,SOX30:+nan
S2_k100,O1_Y1,True,LRRFIP1,1,1,5.701441304459799,1.6433881946464053,-4.058053109813393,0.7718338567153905,0.575343875123533,0.028663756951107944,False,False,LRRFIP1:+nan
S2_k100,O1_Y1,True,POU2F2,1,1,10.410395483192225,4.0371674127826,-6.373228070409625,0.7718338567153905,0.8641415602693677,0.18333970207907696,False,False,POU2F2:+nan
S2_k100,O1_Y1,True,HSFX2,1,1,9.718064289124442,3.411158330518907,-6.306905958605535,0.7718338567153905,0.8174513925588583,0.029296349424505076,False,False,HSFX2:+nan
S2_k100,O1_Y1,True,ZFP28,1,1,2.2618179635610574,0.2841526238108861,-1.9776653397501713,0.7718338567153905,0.40533565669341615,-0.05624016224392514,False,False,ZFP28:+nan
S2_k100,O1_Y1,True,LHX8,1,1,7.79687892811782,2.9818574649614145,-4.8150214631564054,0.7718338567153905,0.8121187481221127,0.12305482081707234,False,False,LHX8:+nan
S2_k100,O1_Y1,True,TCFL5,1,1,3.708498831005521,0.4777777295514468,-3.230721101454074,0.7718338567153905,0.45344008204756303,0.019945424554356196,False,False,TCFL5:+nan
S2_k100,O1_Y1,True,FOXR2,1,1,5.977099592568592,1.499690937972766,-4.477408654595826,0.7718338567153905,0.5683219550158084,0.07355122312095394,False,False,FOXR2:+nan
S2_k100,O1_Y1,True,ZNF354B,1,1,7.125720511339388,0.5199403496239838,-6.605780161715404,0.7718338567153905,0.5601723730226708,-0.008563493623656937,False,False,ZNF354B:+nan
S2_k100,O1_Y1,True,HOXB4,1,1,5.503967781897742,1.3887646691173419,-4.1152031127804,0.7718338567153905,0.5498053534158455,0.029432597658299663,False,False,HOXB4:+nan
S2_k100,O1_Y1,True,ZNF7,1,1,5.399327245536618,1.6594461165827419,-3.7398811289538765,0.7718338567153905,0.6574026144381797,-0.027272479389798043,False,False,ZNF7:+nan
S1,O2_Y1,False,LHX6,1,1,14.882394873912403,10.855299184153314,-4.02709568975909,0.7832111267007917,0.23843637427271117,0.12247495101680565,False,False,LHX6:+nan
S1,O2_Y1,False,SP100,1,1,29.279045244808913,21.74391004896545,-7.535135195843463,0.7832111267007917,0.3335643840839679,0.026731280757513364,False,False,SP100:+nan
S1,O2_Y1,False,TSC22D3,1,1,47.30998953293164,42.004054808778115,-5.3059347241535235,0.7832111267007917,0.46002083234238217,0.3419666707758516,False,False,TSC22D3:+nan
S1,O2_Y1,False,RXRG,1,1,15.566642121911684,12.579587517909896,-2.987054604001788,0.7832111267007917,0.25531497297059147,0.11474022303675657,False,False,RXRG:+nan
S1,O2_Y1,False,HOXB7,1,1,17.577776525876516,15.60380097608396,-1.9739755497925557,0.7832111267007917,0.2837038861174006,0.04938621654102111,False,False,HOXB7:+nan
S1,O2_Y1,False,ESRRA,1,1,14.449733563880272,10.682430628239661,-3.767302935640611,0.7832111267007917,0.23722969925868487,0.09415366238942939,False,False,ESRRA:+nan
S1,O2_Y1,False,ZNF607,1,1,33.778293967861714,25.356288919617185,-8.422005048244529,0.7832111267007917,0.36033833613283056,0.16779719176016522,False,False,ZNF607:+nan
S1,O2_Y1,False,SCRT2,1,1,13.424007025519302,9.485083899675383,-3.9389231258439192,0.7832111267007917,0.22530708790654919,-0.062130058577370015,False,False,SCRT2:+nan
S1,O2_Y1,False,GTF2A1,1,1,6.599368611946602,6.119860485013089,-0.47950812693351264,0.7832111267007917,0.18406305433068493,0.020482821736741895,False,False,GTF2A1:+nan
S1,O2_Y1,False,RBL1,1,1,22.766227898355964,14.852680301699674,-7.91354759665629,0.7832111267007917,0.279831511576624,0.12501322257673436,False,False,RBL1:+nan
S1,O2_Y1,False,ZNF446,1,1,20.9210191881765,14.512241786658786,-6.408777401517716,0.7832111267007917,0.27612996206136853,-0.0035153337933662375,False,False,ZNF446:+nan
S1,O2_Y1,False,SMAD7,1,1,15.531118953849216,10.256970906669968,-5.2741480471792475,0.7832111267007917,0.23341155733267302,0.055166436323088444,False,False,SMAD7:+nan
S1,O2_Y1,False,NR5A2,1,1,23.56502820639679,18.044794630402556,-5.520233575994233,0.7832111267007917,0.3048743018922224,-0.05124782425701271,False,False,NR5A2:+nan
S1,O2_Y1,False,ARNTL2,1,1,19.35923663569389,12.820358936541947,-6.538877699151943,0.7832111267007917,0.25718343734839566,-0.02075811143957975,False,False,ARNTL2:+nan
S1,O2_Y1,False,CTBP2,1,1,28.003616038809866,19.812110509361936,-8.19150552944793,0.7832111267007917,0.3189698810701076,0.16334392023585453,False,False,CTBP2:+nan
S1,O2_Y1,False,HNF1B,1,1,27.1392574605934,18.084019781988545,-9.055237678604854,0.7832111267007917,0.30462063750157065,0.06675510595792115,False,False,HNF1B:+nan
S1,O2_Y1,False,GZF1,1,1,8.756824669074604,6.283462070560702,-2.4733625985139014,0.7832111267007917,0.18505371274856727,0.04021272523386436,False,False,GZF1:+nan
S1,O2_Y1,False,THRA,1,1,13.585697028225752,11.528811325827846,-2.0568857023979064,0.7832111267007917,0.245141940273752,0.10936038941999562,False,False,THRA:+nan
S1,O2_Y1,False,CREBBP,1,1,11.479356241831113,7.4770087916275685,-4.002347450203544,0.7832111267007917,0.20052460573364111,-0.10706906774570557,False,False,CREBBP:+nan
S1,O2_Y1,False,MEF2D,1,1,20.525752593072866,14.768658739748233,-5.757093853324633,0.7832111267007917,0.2782524930896743,-0.023624951423654526,False,False,MEF2D:+nan
S1,O2_Y1,False,MBD2,1,1,17.588233788342563,11.727971631859443,-5.86026215648312,0.7832111267007917,0.24825724650336686,0.0312233639962717,False,False,MBD2:+nan
S1,O2_Y1,False,GTF2F2,1,1,19.821642862639692,13.102135076950024,-6.719507785689668,0.7832111267007917,0.26200785866239323,-0.11622464160577858,False,False,GTF2F2:+nan
S1,O2_Y1,False,NCOA2,1,1,15.78306907824657,11.584934708309891,-4.198134369936678,0.7832111267007917,0.24537689954001815,0.20318439762106905,False,False,NCOA2:+nan
S1,O2_Y1,False,BHLHE23,1,1,19.355342023492938,13.063860298109077,-6.291481725383861,0.7832111267007917,0.26104948236136105,-0.006120505445590463,False,False,BHLHE23:+nan
S1,O2_Y1,False,DEAF1,1,1,14.672003769841126,11.026896762770013,-3.645107007071113,0.7832111267007917,0.24109721318597785,0.11976583920949138,False,False,DEAF1:+nan
S1,O2_Y1,False,GATA3,1,1,11.077159228418964,10.000301224184057,-1.0768580042349072,0.7832111267007917,0.22983423381763418,-0.12678804594591558,False,False,GATA3:+nan
S1,O2_Y1,False,ZNF460,1,1,18.38937628353716,13.336659265883071,-5.052717017654089,0.7832111267007917,0.26118151694544534,-0.002806161032228238,False,False,ZNF460:+nan
S1,O2_Y1,False,KCNIP2,1,1,16.18058125699241,13.528144285179357,-2.6524369718130547,0.7832111267007917,0.26467725405151427,0.022712647555592304,False,False,KCNIP2:+nan
S1,O2_Y1,False,HSFY1,1,1,24.272257936982214,18.78708882965513,-5.485169107327085,0.7832111267007917,0.31040354960372785,0.05742168649077402,False,False,HSFY1:+nan
S1,O2_Y1,False,GFI1B,1,1,23.814036475174987,15.674869928393937,-8.13916654678105,0.7832111267007917,0.28665997364158513,0.0616891553661101,False,False,GFI1B:+nan
S1,O2_Y1,False,MYOG,1,1,11.06892134584865,10.230107645168038,-0.8388137006806122,0.7832111267007917,0.2335445911428987,0.05579038790060453,False,False,MYOG:+nan
S1,O2_Y1,False,AEBP2,1,1,14.195584076688647,9.104734993885819,-5.090849082802828,0.7832111267007917,0.22098946550047183,0.04367726496215234,False,False,AEBP2:+nan
S1,O2_Y1,False,FOXO4,1,1,31.028191202319533,21.9780975143129,-9.050093688006633,0.7832111267007917,0.3365113843231259,-0.11573784653730254,False,False,FOXO4:+nan
S1,O2_Y1,False,ZNF155,1,1,20.523387047161407,16.343028823219864,-4.180358223941543,0.7832111267007917,0.29119018914191747,0.10406235727699793,False,False,ZNF155:+nan
S1,O2_Y1,False,ZXDB,1,1,13.769728496536459,7.305280064584977,-6.464448431951482,0.7832111267007917,0.1986007164217616,-0.04643072650585158,False,False,ZXDB:+nan
S1,O2_Y1,False,ZNF358,1,1,18.336981841617217,13.666889612120112,-4.670092229497104,0.7832111267007917,0.2660969695334497,0.0005148434149173208,False,False,ZNF358:+nan
S1,O2_Y1,False,ILF3,1,1,22.30276224228487,15.489431733786926,-6.813330508497945,0.7832111267007917,0.2846443319720145,0.07891186434290047,False,False,ILF3:+nan
S1,O2_Y1,False,TBP,1,1,14.749097107463854,10.079276323755812,-4.669820783708042,0.7832111267007917,0.23317904065000944,0.09554401378673352,False,False,TBP:+nan
S1,O2_Y1,False,PML,1,1,14.125036599810471,10.345430024624969,-3.779606575185502,0.7832111267007917,0.23502493514255268,-0.022738694325243447,False,False,PML:+nan
S1,O2_Y1,False,TCF7L2,1,1,35.40948271255593,25.82649750269013,-9.582985209865797,0.7832111267007917,0.3636990835704528,0.1537941256823548,False,False,TCF7L2:+nan
S1,O2_Y1,False,ZNF592,1,1,13.523044073773463,9.46089807949672,-4.062145994276742,0.7832111267007917,0.2244343829661193,0.021023883259203145,False,False,ZNF592:+nan
S1,O2_Y1,False,ZFAT,1,1,15.977984856377645,13.481232184818385,-2.4967526715592605,0.7832111267007917,0.2657193661210812,0.03525591426182131,False,False,ZFAT:+nan
S1,O2_Y1,False,STOX2,1,1,12.45830003108756,9.977048786101665,-2.481251244985895,0.7832111267007917,0.23164818054236494,0.04224969450293834,False,False,STOX2:+nan
S1,O2_Y1,False,ZNF283,1,1,19.068947660151537,13.136799432522551,-5.932148227628986,0.7832111267007917,0.2618425307359843,-0.006807063473358688,False,False,ZNF283:+nan
S1,O2_Y1,False,XRCC4,1,1,24.843425340298324,18.97059980637554,-5.872825533922786,0.7832111267007917,0.31054899675615294,-0.04629975947815603,False,False,XRCC4:+nan
S1,O2_Y1,False,DCP1A,1,1,17.53949296155912,12.803443488579939,-4.736049472979181,0.7832111267007917,0.25587472183117455,0.06762491458174431,False,False,DCP1A:+nan
S1,O2_Y1,False,ZNF205,1,1,16.78558902054624,13.656961076708058,-3.1286279438381825,0.7832111267007917,0.26640380775635636,0.1273309847767813,False,False,ZNF205:+nan
S1,O2_Y1,False,ZNF423,1,1,30.782121332659642,21.22867774837174,-9.553443584287901,0.7832111267007917,0.33135030658656633,0.09739683466017302,False,False,ZNF423:+nan
S1,O2_Y1,False,HOMEZ,1,1,20.481115998880966,13.585647740940889,-6.8954682579400775,0.7832111267007917,0.2674255072652462,0.06110527223860844,False,False,HOMEZ:+nan
S1,O2_Y1,False,ZNF707,1,1,12.624809724899933,10.155068473682826,-2.4697412512171066,0.7832111267007917,0.23180395006977464,0.04053929262068767,False,False,ZNF707:+nan
S2_k20,O2_Y1,False,HELZ2;JDP2;OSR2;ZEB2;ZNF496,5,1,-10.23709532738485,-0.8112956725049926,9.425799654879857,0.31308937208002163,0.3126797048168086,-0.0224928493987435,False,True,HELZ2:-8.9144;JDP2:-8.7153;OSR2:-6.9893;ZEB2:-9.5945;ZNF496:-13.1928
S2_k20,O2_Y1,False,HELZ2;JDP2;OSR2;ZEB2;ZNF197,5,1,-10.266698114909872,-0.5176965954250375,9.749001519484834,0.31308937208002163,0.3295459811796464,0.05633738807335766,False,True,HELZ2:-9.2928;JDP2:-8.7649;OSR2:-7.1929;ZEB2:-9.8745;ZNF197:-13.1928
S2_k20,O2_Y1,False,FOXF1;HELZ2;JDP2;MEF2A;OSR2,5,1,-6.307025098188319,-0.8528098469580812,5.454215251230238,0.31308937208002163,0.25204470877678053,0.015670620537553036,False,True,FOXF1:-4.3531;HELZ2:-4.1031;JDP2:-3.8252;MEF2A:-13.7040;OSR2:-2.3474
S2_k20,O2_Y1,False,FOXF1;HELZ2;JDP2;OSR2;ZKSCAN3,5,1,-6.70067364176515,-0.9356700324011724,5.765003609363977,0.31308937208002163,0.29504884840753026,0.43010196599642087,False,True,FOXF1:-5.3957;HELZ2:-4.6598;JDP2:-5.0697;OSR2:-3.2507;ZKSCAN3:-13.7040
S2_k20,O2_Y1,False,HELZ2;ID4;JDP2;OSR2;ZEB2,5,1,-2.577576139689853,-0.5110738222256443,2.0665023174642085,0.31308937208002163,0.3070902554533974,0.045830762217564144,False,True,HELZ2:-1.3993;ID4:-13.1928;JDP2:-0.5780;OSR2:+0.7797;ZEB2:-1.5871
S2_k20,O2_Y1,False,HELZ2;JDP2;NRF1;OSR2;ZEB2,5,1,-4.366174996212067,-0.580980597235208,3.7851943989768584,0.31308937208002163,0.29950239118021726,-0.0793888677277513,False,True,HELZ2:-2.8479;JDP2:-2.6189;NRF1:-13.1928;OSR2:-0.9347;ZEB2:-3.2689
S2_k20,O2_Y1,False,HELZ2;HMGB4;JDP2;OSR2;ZEB2,5,1,-7.793704953672318,-0.8920281117027841,6.901676841969534,0.31308937208002163,0.3112901250341421,-0.019920883805042488,False,True,HELZ2:-6.4926;HMGB4:-13.1928;JDP2:-6.3049;OSR2:-4.4861;ZEB2:-7.0844
S2_k20,O2_Y1,False,HELZ2;JDP2;OSR2;ZEB2;ZNF764,5,1,-11.249867675805717,-0.8989286523565454,10.350939023449172,0.31308937208002163,0.3052158199870381,-0.00015535002674933464,False,True,HELZ2:-9.8359;JDP2:-9.6716;OSR2:-7.8773;ZEB2:-10.4336;ZNF764:-13.1928
S2_k20,O2_Y1,False,HELZ2;JDP2;OSR2;TGIF2;ZEB2,5,1,-8.746596435720107,-0.8186429373890106,7.927953498331097,0.31308937208002163,0.32753257827068494,0.06380762819829142,False,True,HELZ2:-7.5617;JDP2:-7.4368;OSR2:-5.7257;TGIF2:-13.1928;ZEB2:-8.3861
S2_k20,O2_Y1,False,HELZ2;JDP2;OSR2;RCOR3;ZEB2,5,1,-7.383249667718388,-0.8101500302417292,6.573099637476659,0.31308937208002163,0.3172563402537562,-0.060409861491690545,False,True,HELZ2:-6.2392;JDP2:-5.6476;OSR2:-4.2475;RCOR3:-13.1928;ZEB2:-6.7375
S2_k20,O2_Y1,False,FOXF1;HLF;JDP2;OSR2;ZEB2,5,1,-2.928433492925137,-0.7026906808197437,2.2257428121053935,0.31308937208002163,0.2888466508512894,0.14910137678106294,False,True,FOXF1:-1.8391;HLF:-12.7344;JDP2:-1.5236;OSR2:+0.5365;ZEB2:-1.2843
S2_k20,O2_Y1,False,FOXF1;HELZ2;JDP2;OSR2;SUB1,5,1,-8.142978639102836,-1.0470581427735395,7.095920496329296,0.31308937208002163,0.2410991995021773,0.231495350366633,False,True,FOXF1:-6.4495;HELZ2:-5.5208;JDP2:-5.7610;OSR2:-4.1630;SUB1:-13.7040
S2_k20,O2_Y1,False,FOXF1;JDP2;OSR2;ZEB2;ZNF526,5,1,-7.350933645436498,-0.8360867771192587,6.51484686831724,0.31308937208002163,0.2761212270531016,0.16799037105157938,False,True,FOXF1:-6.1120;JDP2:-5.8564;OSR2:-3.6729;ZEB2:-5.3199;ZNF526:-12.7344
S2_k20,O2_Y1,False,GLI4;HELZ2;JDP2;OSR2;ZEB2,5,1,-8.357503847508866,-0.8379770070629334,7.519526840445932,0.31308937208002163,0.29409218096551154,-0.08075628760743365,False,True,GLI4:-13.1928;HELZ2:-6.9207;JDP2:-6.4528;OSR2:-4.9269;ZEB2:-7.2091
S2_k20,O2_Y1,False,FOXF1;JDP2;OSR2;ZEB2;ZNF683,5,1,-8.372041605230123,-0.7811645751625264,7.590877030067597,0.31308937208002163,0.2723088918514918,0.12412053096859561,False,True,FOXF1:-7.1367;JDP2:-6.6210;OSR2:-4.7073;ZEB2:-6.3112;ZNF683:-12.7344
S2_k20,O2_Y1,False,HELZ2;JDP2;OSR2;ZBTB14;ZEB2,5,1,-6.111302298878002,-0.8885099735175729,5.2227923253604285,0.31308937208002163,0.30636810039559015,0.10156230749310444,False,True,HELZ2:-4.6957;JDP2:-4.5930;OSR2:-2.8165;ZBTB14:-13.1928;ZEB2:-5.2637
S2_k20,O2_Y1,False,HELZ2;JDP2;OSR2;SMARCD1;ZEB2,5,1,-9.4737762739409,-0.8294152939050461,8.644360980035852,0.31308937208002163,0.3022456651019839,-0.036407992075587134,False,True,HELZ2:-8.1501;JDP2:-7.7200;OSR2:-6.1019;SMARCD1:-13.1928;ZEB2:-8.5590
S2_k20,O2_Y1,False,HELZ2;JDP2;OSR2;ZEB2;ZNF394,5,1,-9.584209655877288,-0.6938230647367772,8.89038659114051,0.31308937208002163,0.30533094742708905,0.0233816596117149,False,True,HELZ2:-8.1896;JDP2:-7.9191;OSR2:-6.2489;ZEB2:-8.7583;ZNF394:-13.1928
S2_k20,O2_Y1,False,HELZ2;JDP2;OSR2;POU3F2;ZEB2,5,1,-3.856418970822432,-0.4762448042758379,3.380174166546594,0.31308937208002163,0.3074015579629094,0.09744987713422877,False,True,HELZ2:-2.4960;JDP2:-2.1163;OSR2:-0.5276;POU3F2:-13.1928;ZEB2:-2.8677
S2_k20,O2_Y1,False,FOXF1;HELZ2;OSR2;ZEB2;ZSCAN21,5,1,-6.994097929026282,-0.7166868162958294,6.277411112730452,0.31308937208002163,0.29117334418529167,0.03174089596767467,False,True,FOXF1:-5.2902;HELZ2:-5.2594;OSR2:-3.5098;ZEB2:-5.6283;ZSCAN21:-13.3970
S2_k20,O2_Y1,False,FOXF1;JDP2;OSR2;TAF6;ZEB2,5,1,-13.196103454759083,-0.9814834889001162,12.214619965858967,0.31308937208002163,0.2799550319051617,0.17281166180587906,False,True,FOXF1:-11.9150;JDP2:-11.6869;OSR2:-9.6343;TAF6:-12.7344;ZEB2:-11.3425
S2_k20,O2_Y1,False,FOSB;HELZ2;JDP2;OSR2;ZNF300,5,1,-6.881472385571016,-0.7970625155701768,6.084409870000838,0.31308937208002163,0.2502745946744159,0.317843579567272,False,True,FOSB:-5.0474;HELZ2:-4.3940;JDP2:-4.8339;OSR2:-3.0284;ZNF300:-13.4564
S2_k20,O2_Y1,False,FOXF1;GFI1B;HELZ2;OSR2;ZEB2,5,1,-4.483096455294884,-0.6018413041183052,3.881255151176579,0.31308937208002163,0.29420306144173325,0.03484094460226903,False,True,FOXF1:-2.9970;GFI1B:-13.3970;HELZ2:-2.5393;OSR2:-1.1015;ZEB2:-2.9815
S2_k20,O2_Y1,False,FOXF1;HELZ2;OSR2;ZEB2;ZNF3,5,1,-5.2886532350287325,-0.8700566468846885,4.418596588144044,0.31308937208002163,0.2712740274070917,-0.05916220556998573,False,True,FOXF1:-3.6243;HELZ2:-3.1898;OSR2:-1.5871;ZEB2:-3.3380;ZNF3:-13.3970
S2_k20,O2_Y1,False,HELZ2;JDP2;OSR2;ZEB2;ZNF792,5,1,-8.192895442588082,-0.6986816465195005,7.494213796068581,0.31308937208002163,0.29096346499579384,0.017292567440474138,False,True,HELZ2:-6.5740;JDP2:-6.2926;OSR2:-4.7854;ZEB2:-6.8585;ZNF792:-13.1928
S2_k20,O2_Y1,False,FOXF1;JDP2;OSR2;ZEB2;ZNF625,5,1,-7.401505615779968,-1.06872569518726,6.332779920592708,0.31308937208002163,0.2724022822843695,0.17903707217237658,False,True,FOXF1:-6.1161;JDP2:-5.9686;OSR2:-3.7234;ZEB2:-5.5045;ZNF625:-12.7344
S2_k20,O2_Y1,False,HELZ2;HNF4A;JDP2;OSR2;ZEB2,5,1,-9.050959996371631,-0.7587890634568594,8.292170932914772,0.31308937208002163,0.316626621049111,0.037788662514443794,False,True,HELZ2:-7.8824;HNF4A:-13.1928;JDP2:-7.4038;OSR2:-5.8660;ZEB2:-8.4503
S2_k20,O2_Y1,False,HELZ2;JDP2;OSR2;POU5F1;ZEB2,5,1,-7.563796151431404,-0.6483676853521615,6.915428466079243,0.31308937208002163,0.316441700875005,0.050106326900804674,False,True,HELZ2:-6.3800;JDP2:-5.9681;OSR2:-4.4056;POU5F1:-13.1928;ZEB2:-6.8679
S2_k20,O2_Y1,False,FOXF1;JDP2;OSR2;ZEB2;ZSCAN5A,5,1,-8.541038322774256,-0.6769357156007928,7.8641026071734625,0.31308937208002163,0.28085460177311444,0.08472418454887402,False,True,FOXF1:-7.2839;JDP2:-6.8622;OSR2:-4.9869;ZEB2:-6.6279;ZSCAN5A:-12.7344
S2_k20,O2_Y1,False,FOXF1;HELZ2;JDP2;OSR2;ZNF397,5,1,-8.257939831040659,-1.037541117158824,7.220398713881835,0.31308937208002163,0.2427840776074896,0.3284428234078357,False,True,FOXF1:-6.4662;HELZ2:-5.8836;JDP2:-5.7771;OSR2:-4.2143;ZNF397:-13.7040
S2_k20,O2_Y1,False,CERS3;HELZ2;JDP2;MAFF;OSR2,5,1,-9.550293623594627,-1.0590961902882867,8.49119743330634,0.31308937208002163,0.26897347221846013,0.1540163253893528,False,True,CERS3:-8.1489;HELZ2:-7.6195;JDP2:-7.4683;MAFF:-13.7453;OSR2:-5.7947
S2_k20,O2_Y1,False,EBF4;FOXF1;HELZ2;JDP2;OSR2,5,1,-11.592402190896905,-1.118792614167873,10.473609576729032,0.31308937208002163,0.2540046884240863,0.2748339471529169,False,True,EBF4:-13.7040;FOXF1:-10.2590;HELZ2:-8.5948;JDP2:-9.7667;OSR2:-7.6545
S2_k20,O2_Y1,False,CERS3;HELZ2;JDP2;OSR2;PHOX2A,5,1,-9.087599360501457,-1.0277190037251884,8.059880356776269,0.31308937208002163,0.2804296712878802,0.13189980061411355,False,True,CERS3:-7.7045;HELZ2:-7.3654;JDP2:-7.1707;OSR2:-5.4748;PHOX2A:-13.7453
S2_k20,O2_Y1,False,FOXF1;JDP2;OSR2;REST;ZNF559,5,1,33.94595770712448,1.5157701674502193,-32.43018753967426,0.31308937208002163,0.4810690926172483,0.45102242531270276,False,False,FOXF1:+34.2586;JDP2:+34.4602;OSR2:+36.4573;REST:+34.4858;ZNF559:-11.7177
S2_k20,O2_Y1,False,HELZ2;JDP2;OSR2;ZEB2;ZNF561,5,1,-9.391431009765626,-0.5533768071215518,8.838054202644074,0.31308937208002163,0.3243260574119878,-0.00047672261962929954,False,True,HELZ2:-8.3394;JDP2:-7.8176;OSR2:-6.2469;ZEB2:-8.9735;ZNF561:-13.1928
S2_k20,O2_Y1,False,FOXF1;HELZ2;JDP2;OSR2;SRF,5,1,-4.254339930148518,-1.0722076228259112,3.1821323073226067,0.31308937208002163,0.2628777639334039,0.2948457433368712,False,True,FOXF1:-2.9854;HELZ2:-1.5752;JDP2:-2.3929;OSR2:-0.4801;SRF:-13.7040
S2_k20,O2_Y1,False,HELZ2;JDP2;KDM5B;OSR2;ZEB2,5,1,-9.434855688973329,-0.804995262962326,8.629860426011003,0.31308937208002163,0.3314628667834286,0.03119652681033831,False,True,HELZ2:-8.4370;JDP2:-8.0641;KDM5B:-13.1928;OSR2:-6.4062;ZEB2:-9.2115
S2_k20,O2_Y1,False,HELZ2;ISL1;JDP2;OSR2;ZEB2,5,1,-9.103797878776078,-0.7442098355300814,8.359588043245996,0.31308937208002163,0.3267282291768142,-0.010913207678546488,False,True,HELZ2:-7.9025;ISL1:-13.1928;JDP2:-7.7760;OSR2:-6.0498;ZEB2:-8.7440
S2_k20,O2_Y1,False,FOXD4L1;FOXF1;HELZ2;JDP2;OSR2,5,1,11.973670662364526,-0.03437240942918293,-12.00804307179371,0.31308937208002163,0.36676977059014937,0.3546624896435512,False,False,FOXD4L1:-13.7040;FOXF1:+13.0507;HELZ2:+13.3772;JDP2:+13.2555;OSR2:+14.7988
S2_k20,O2_Y1,False,ELK3;FOXF1;HELZ2;OSR2;ZEB2,5,1,-9.746870276011379,-1.0192348365228552,8.727635439488523,0.31308937208002163,0.2854875078651485,0.05192960352118969,False,True,ELK3:-13.3970;FOXF1:-8.0269;HELZ2:-7.9418;OSR2:-6.2333;ZEB2:-8.2784
S2_k20,O2_Y1,False,FOXF1;JDP2;OSR2;ZBTB18;ZEB2,5,1,-0.9403617575034957,-0.6875712406070391,0.2527905168964566,0.31308937208002163,0.27717251087366146,0.25777567953450614,False,False,FOXF1:+0.2259;JDP2:+0.8633;OSR2:+2.6249;ZBTB18:-12.7344;ZEB2:+1.1020
S2_k20,O2_Y1,False,HELZ2;JDP2;OSR2;ZEB2;ZNF146,5,1,-8.7005176926655,-0.7988155136792158,7.901702178986284,0.31308937208002163,0.30493197759415763,0.014724831855269582,False,True,HELZ2:-7.3876;JDP2:-7.0237;OSR2:-5.3603;ZEB2:-7.8737;ZNF146:-13.1928
S2_k20,O2_Y1,False,FOXF1;HELZ2;OSR2;THRA;ZEB2,5,1,-10.439442410986146,-0.9281895464843074,9.511252864501838,0.31308937208002163,0.2890351576146741,0.08251217865615454,False,True,FOXF1:-8.3851;HELZ2:-8.9642;OSR2:-6.8959;THRA:-13.3970;ZEB2:-9.0237
S2_k20,O2_Y1,False,FOXF1;HELZ2;MESP1;OSR2;ZEB2,5,1,-11.157794300183554,-1.0398136416757309,10.117980658507822,0.31308937208002163,0.2771768035100196,-0.03954152378856486,False,True,FOXF1:-9.3740;HELZ2:-9.2105;MESP1:-13.3970;OSR2:-7.5167;ZEB2:-9.4888
S2_k20,O2_Y1,False,ATF1;HELZ2;JDP2;OSR2;ZEB2,5,1,-8.036425130794441,-0.8917128244133508,7.1447123063810904,0.31308937208002163,0.30865124033084235,-0.01829045284806403,False,True,ATF1:-13.1928;HELZ2:-6.8302;JDP2:-6.4118;OSR2:-4.7027;ZEB2:-7.2238
S2_k20,O2_Y1,False,HELZ2;JDP2;OSR2;SMARCA5;ZEB2,5,1,-2.9467575641406825,-0.5425316134570279,2.4042259506836547,0.31308937208002163,0.3396240040158072,0.12319103019739493,False,True,HELZ2:-1.9803;JDP2:-1.6789;OSR2:+0.0335;SMARCA5:-13.1928;ZEB2:-2.8199
S2_k20,O2_Y1,False,FOXA1;HELZ2;JDP2;OSR2;ZEB2,5,1,-2.2977618339141657,-0.665757600656542,1.6320042332576237,0.31308937208002163,0.30003200769344884,0.18127079340430838,False,True,FOXA1:-13.1928;HELZ2:-0.7141;JDP2:-0.6183;OSR2:+1.1041;ZEB2:-1.1475
S2_k20,O2_Y1,False,CNOT3;FOXF1;JDP2;OSR2;ZEB2,5,1,-9.35804250654175,-0.9543689244795643,8.403673582062186,0.31308937208002163,0.26627688665310706,0.14650789791248608,False,True,CNOT3:-12.7344;FOXF1:-8.0713;JDP2:-7.7049;OSR2:-5.6458;ZEB2:-7.1697
S2_k20,O2_Y1,False,HELZ2;JDP2;OSR2;RXRA;ZEB2,5,1,-13.142106451365862,-0.992704544161289,12.149401907204574,0.31308937208002163,0.29156397439618864,-0.04909899605482888,False,True,HELZ2:-11.7037;JDP2:-11.1829;OSR2:-9.6027;RXRA:-13.1928;ZEB2:-11.9395
S2_k20,O2_Y1,False,HELZ2;JDP2;OSR2;ZEB2;ZNF492,5,1,-9.52718583525288,-0.8848188098424813,8.642367025410397,0.31308937208002163,0.3001788781664944,0.08055229905460903,False,True,HELZ2:-8.2192;JDP2:-7.7454;OSR2:-6.1087;ZEB2:-8.5453;ZNF492:-13.1928
S2_k50,O2_Y1,False,ESRRG;FOXF1;HELZ2;JDP2;OSR2,5,1,2.714592146108771,0.5370791883951228,-2.177512957713648,0.6022219192960762,0.21188210937551152,0.23361187024937502,False,False,ESRRG:-9.2691;FOXF1:+4.4974;HELZ2:+4.5297;JDP2:+4.2084;OSR2:+4.2304
S2_k50,O2_Y1,False,FOXF1;HELZ2;JDP2;OSR2;ZNF84,5,1,-6.000418882328461,0.316600186204255,6.317019068532716,0.6022219192960762,0.2168441253146881,0.24210759255730602,False,True,FOXF1:-4.2692;HELZ2:-4.2314;JDP2:-4.8349;OSR2:-4.6164;ZNF84:-9.2691
S2_k50,O2_Y1,False,FOXF1;HELZ2;JDP2;OSR2;TFE3,5,1,2.858299091254082,0.6821450676182252,-2.176154023635857,0.6022219192960762,0.22332600617287576,0.08653775784903601,False,False,FOXF1:+4.4375;HELZ2:+4.8341;JDP2:+4.0134;OSR2:+4.2748;TFE3:-9.2691
S2_k50,O2_Y1,False,FOSB;FOXF1;HELZ2;OSR2;RB1CC1,5,1,0.26906047975018055,0.9232692267875023,0.6542087470373218,0.6022219192960762,0.2317944998038861,0.2907465008969122,False,False,FOSB:+1.3266;FOXF1:+1.7744;HELZ2:+2.1572;OSR2:+1.5235;RB1CC1:-9.3813
S2_k50,O2_Y1,False,FOXF1;HELZ2;JDP2;NFKB2;OSR2,5,1,-4.194196059975582,0.17663128243385984,4.3708273424094415,0.6022219192960762,0.19944706366479192,0.1708148951479737,False,True,FOXF1:-2.2966;HELZ2:-2.3560;JDP2:-2.6429;NFKB2:-9.2691;OSR2:-2.5882
S2_k50,O2_Y1,False,BLZF1;FOSB;FOXF1;HELZ2;OSR2,5,1,-0.6090005836281307,0.4938860617103502,1.102886645338481,0.6022219192960762,0.20343432788742108,0.14325148319001385,False,True,BLZF1:-9.3813;FOSB:+0.8229;FOXF1:+1.1319;HELZ2:+1.6170;OSR2:+1.0167
S2_k50,O2_Y1,False,FOXF1;HELZ2;HIC1;KLF5;OSR2,5,1,-7.088976338942359,0.12530954043189702,7.214285879374256,0.6022219192960762,0.2231590891621054,0.09095241116940629,False,True,FOXF1:-4.9569;HELZ2:-5.4810;HIC1:-6.6494;KLF5:-8.9138;OSR2:-5.6980
S2_k50,O2_Y1,False,FOXF1;HELZ2;JDP2;NFKBIL1;OSR2,5,1,-1.7732708434018036,0.5316637997853321,2.304934643187136,0.6022219192960762,0.22307151743228365,0.108781685594317,False,True,FOXF1:-0.1752;HELZ2:+0.0490;JDP2:-0.7230;NFKBIL1:-9.2691;OSR2:-0.4492
S2_k50,O2_Y1,False,CLOCK;FOXF1;HELZ2;HIC1;OSR2,5,1,-7.687316774371965,-0.356725045875271,7.330591728496694,0.6022219192960762,0.19108442954483265,0.02365403297466031,False,True,CLOCK:-8.9138;FOXF1:-5.8037;HELZ2:-5.2990;HIC1:-6.9738;OSR2:-5.9515
S2_k50,O2_Y1,False,FOXF1;HELZ2;JDP2;OSR2;ZNF319,5,1,-2.3307795377815523,0.21116340661219796,2.5419429443937505,0.6022219192960762,0.2120946729557182,0.2993430836248244,False,True,FOXF1:-0.8131;HELZ2:-0.2097;JDP2:-1.2615;OSR2:-0.8066;ZNF319:-9.2691
S2_k50,O2_Y1,False,FOXF1;GATA1;HELZ2;HOXB9;OSR2,5,1,6.395122797881356,1.2953681425183163,-5.09975465536304,0.6022219192960762,0.24520018841139282,0.21842186288933876,False,False,FOXF1:+7.6007;GATA1:+7.4316;HELZ2:+8.2529;HOXB9:-9.1793;OSR2:+7.6681
S2_k50,O2_Y1,False,FOXF1;HELZ2;JDP2;OSR2;ZNF658,5,1,-1.3648391005507392,0.7049752208307184,2.0698143213814575,0.6022219192960762,0.2352734993570064,0.348624560393061,False,True,FOXF1:+0.1344;HELZ2:+0.4662;JDP2:-0.6683;OSR2:-0.1278;ZNF658:-9.2691
S2_k50,O2_Y1,False,CDK9;FOXF1;HELZ2;JDP2;OSR2,5,1,-1.8859993603740577,0.21183012253121944,2.097829482905277,0.6022219192960762,0.22520851201841008,0.20105065192346833,False,True,CDK9:-9.2691;FOXF1:-0.3426;HELZ2:-0.1183;JDP2:-0.9328;OSR2:-0.5940
S2_k50,O2_Y1,False,FOXF1;HELZ2;JDP2;OSR2;ZFP1,5,1,-1.3867356320715203,0.7620942497460391,2.1488298818175595,0.6022219192960762,0.23394502303260578,0.33357289287739816,False,True,FOXF1:+0.2427;HELZ2:+0.1480;JDP2:-0.4010;OSR2:-0.1700;ZFP1:-9.2691
S2_k50,O2_Y1,False,FOXF1;HELZ2;HIC1;OSR2;TCF7,5,1,-4.658723507845934,0.03988626362043135,4.698609771466366,0.6022219192960762,0.2004065130277738,0.13035024534582046,False,True,FOXF1:-2.7511;HELZ2:-2.4857;HIC1:-4.0427;OSR2:-3.0429;TCF7:-8.9138
S2_k50,O2_Y1,False,FOXF1;GATA1;HELZ2;OSR2;ZNF699,5,1,-0.27907249099030196,0.8329976158501865,1.1120701068404886,0.6022219192960762,0.22312210495708013,0.12581941938154675,False,True,FOXF1:+1.1924;GATA1:+0.8444;HELZ2:+1.8706;OSR2:+1.0555;ZNF699:-9.1793
S2_k50,O2_Y1,False,FOSB;FOXF1;HELZ2;OSR2;TSHZ2,5,1,-1.7312182813645904,0.491258342394977,2.2224766237595674,0.6022219192960762,0.20595935893907474,0.20359377776168336,False,True,FOSB:-0.4837;FOXF1:-0.1645;HELZ2:+0.6614;OSR2:-0.1566;TSHZ2:-9.3813
S2_k50,O2_Y1,False,FOSB;FOXF1;HELZ2;OSR2;SOX8,5,1,-4.272608483698178,0.2501985801887656,4.522807063886944,0.6022219192960762,0.21013586124645012,0.21540995427744428,False,True,FOSB:-2.7477;FOXF1:-2.5213;HELZ2:-2.3775;OSR2:-2.8191;SOX8:-9.3813
S2_k50,O2_Y1,False,FOXF1;GATA1;HELZ2;OSR2;TAF10,5,1,-4.284753010849158,0.2863034004110631,4.571056411260221,0.6022219192960762,0.2214173050840008,0.11156869372284677,False,True,FOXF1:-2.7629;GATA1:-3.3322;HELZ2:-2.1465;OSR2:-2.9831;TAF10:-9.1793
S2_k50,O2_Y1,False,FOXF1;HELZ2;JDP2;NFE2;OSR2,5,1,2.1915933823287332,0.7267863315183576,-1.4648070508103757,0.6022219192960762,0.20745173801186984,0.1941893811583178,False,False,FOXF1:+4.0140;HELZ2:+4.0997;JDP2:+3.7429;NFE2:-9.2691;OSR2:+3.7715
S2_k50,O2_Y1,False,FOXF1;GATA1;HELZ2;HMGB1;OSR2,5,1,1.5253048854659141,0.7664615306373891,-0.758843354828525,0.6022219192960762,0.2444315354595343,0.14247064375116456,False,False,FOXF1:+2.9660;GATA1:+2.3290;HELZ2:+3.2471;HMGB1:-9.1793;OSR2:+2.5982
S2_k50,O2_Y1,False,FOSB;FOXF1;HELZ2;HEY2;OSR2,5,1,-8.625254466748828,-0.19940100288047513,8.425853463868354,0.6022219192960762,0.2124960962022117,0.2487241204155378,False,True,FOSB:-7.6833;FOXF1:-7.2095;HELZ2:-6.2216;HEY2:-9.3813;OSR2:-7.0490
S2_k50,O2_Y1,False,FOXF1;GATA1;HELZ2;OSR2;ZNF691,5,1,15.501960419499142,2.574042241398243,-12.9279181781009,0.6022219192960762,0.2815015415737405,0.1730775824063449,False,False,FOXF1:+16.7841;GATA1:+16.4529;HELZ2:+17.0018;OSR2:+16.4334;ZNF691:-9.1793
S2_k50,O2_Y1,False,FOSB;FOXF1;HELZ2;OSR2;ZNF799,5,1,-3.647853719762452,0.4214078137414049,4.069261533503857,0.6022219192960762,0.2014767478278357,0.30339590730958516,False,True,FOSB:-2.1599;FOXF1:-1.9906;HELZ2:-1.4493;OSR2:-2.0018;ZNF799:-9.3813
S2_k50,O2_Y1,False,FOXF1;HELZ2;HIC1;OSR2;ZSCAN4,5,1,-6.945549692504727,-0.12821269102487914,6.817337001479848,0.6022219192960762,0.18305900354617577,0.067433499509022,False,True,FOXF1:-5.0099;HELZ2:-4.4260;HIC1:-6.1764;OSR2:-5.1496;ZSCAN4:-8.9138
S2_k50,O2_Y1,False,FOXF1;HELZ2;JDP2;OSR2;TPRX1,5,2,0.8329715691432398,0.09493078293814114,-0.7380407862050986,0.6022219192960762,0.20883405426235807,0.19251643358260642,False,False,FOXF1:+2.4727;HELZ2:+2.8487;JDP2:+2.0712;OSR2:+2.3636;TPRX1:-9.2691
S2_k50,O2_Y1,False,FOSB;FOXF1;HELZ2;OSR2;ZNF254,5,1,-5.631577788918406,0.36540573239857965,5.996983521316986,0.6022219192960762,0.22645099105112138,0.2350173682573926,False,True,FOSB:-4.6934;FOXF1:-4.3220;HELZ2:-3.4712;OSR2:-4.3671;ZNF254:-9.3813
S2_k50,O2_Y1,False,E4F1;FOXF1;GATA1;HELZ2;OSR2,5,1,-0.721047821309412,0.8074929597859978,1.5285407810954097,0.6022219192960762,0.23167688261607483,0.04226164865000368,False,True,E4F1:-9.1793;FOXF1:+0.8069;GATA1:+0.4266;HELZ2:+1.0849;OSR2:+0.5444
S2_k50,O2_Y1,False,FOSB;FOXF1;HELZ2;OSR2;RUNX3,5,1,0.7375849968033776,1.065005399756231,0.32742040295285335,0.6022219192960762,0.2312309895402224,0.14834134843702487,False,False,FOSB:+1.9385;FOXF1:+2.3837;HELZ2:+2.5174;OSR2:+2.0191;RUNX3:-9.3813
S2_k50,O2_Y1,False,FOXF1;GATA1;GMEB2;HELZ2;OSR2,5,1,-1.975358680558088,0.5338885059431022,2.5092471865011903,0.6022219192960762,0.21607671708338655,0.17552861585471108,False,True,FOXF1:-0.3985;GATA1:-0.7327;GMEB2:-9.1793;HELZ2:+0.0263;OSR2:-0.5237
S2_k50,O2_Y1,False,FOSB;FOXF1;GSC;HELZ2;OSR2,5,1,-2.92951592446434,0.39650312493172635,3.3260190493960664,0.6022219192960762,0.21155486299440432,0.1882814537945105,False,True,FOSB:-1.5001;FOXF1:-1.2980;GSC:-9.3813;HELZ2:-0.9501;OSR2:-1.4203
S2_k50,O2_Y1,False,FOXF1;HELZ2;JDP2;OSR2;ZNF491,5,1,-2.8993743930341225,0.5289539843576194,3.428328377391742,0.6022219192960762,0.2353615108379664,0.23332379928027214,False,True,FOXF1:-1.3765;HELZ2:-1.2163;JDP2:-2.0926;OSR2:-1.7913;ZNF491:-9.2691
S2_k50,O2_Y1,False,FOXF1;HELZ2;JDP2;OSR2;ZNF12,5,1,-0.1812604537302036,0.11355817980378903,0.2948186335339926,0.6022219192960762,0.22285999154202868,0.21726316166310636,False,False,FOXF1:+1.2613;HELZ2:+1.7457;JDP2:+0.7041;OSR2:+1.1892;ZNF12:-9.2691
S2_k50,O2_Y1,False,FOXF1;HELZ2;JDP2;OSR2;ZNF777,5,1,-1.1975596461741702,0.36405314792709764,1.5616127941012679,0.6022219192960762,0.20142721520370785,0.18355532323580714,False,True,FOXF1:+0.4314;HELZ2:+1.0779;JDP2:+0.1730;OSR2:+0.4032;ZNF777:-9.2691
S2_k50,O2_Y1,False,FOSB;FOXF1;HELZ2;LIN9;OSR2,5,1,-4.916120386897376,0.03746729748418151,4.953587684381557,0.6022219192960762,0.20452364378745394,0.1898395299153016,False,True,FOSB:-3.8152;FOXF1:-3.4408;HELZ2:-2.4249;LIN9:-9.3813;OSR2:-3.3256
S2_k50,O2_Y1,False,FOXF1;HELZ2;JDP2;OSR2;ZNF416,5,1,4.953116210497967,1.459068217317838,-3.4940479931801294,0.6022219192960762,0.24709327048668636,0.265831274882043,False,False,FOXF1:+6.2277;HELZ2:+6.9916;JDP2:+5.7780;OSR2:+6.1331;ZNF416:-9.2691
S2_k50,O2_Y1,False,FOXF1;GATA6;HELZ2;JDP2;OSR2,5,1,14.571176541523869,2.278559545315878,-12.292616996207991,0.6022219192960762,0.2837644921958253,0.3047652100586246,False,False,FOXF1:+15.5199;GATA6:-9.2691;HELZ2:+16.3809;JDP2:+15.4920;OSR2:+15.5077
S2_k50,O2_Y1,False,FOXF1;HELZ2;HOXA3;JDP2;OSR2,5,2,-0.9156867088476588,0.602345949503379,1.518032658351038,0.6022219192960762,0.21858608309436006,0.3119266061771251,False,True,FOXF1:+0.7770;HELZ2:+0.9041;HOXA3:-9.2691;JDP2:+0.3018;OSR2:+0.5027
S2_k50,O2_Y1,False,DNMT1;FOSB;FOXF1;HELZ2;OSR2,5,1,-8.353233292576931,-0.07193443743703651,8.281298855139894,0.6022219192960762,0.20732811138392512,0.13560440002568286,False,True,DNMT1:-9.3813;FOSB:-7.1929;FOXF1:-6.8696;HELZ2:-5.9394;OSR2:-6.8165
S2_k50,O2_Y1,False,FOXF1;HELZ2;JDP2;MLLT10;OSR2,5,1,-4.9879534980464655,0.021343360440150186,5.009296858486616,0.6022219192960762,0.22024356859912164,0.21430586819366973,False,True,FOXF1:-3.3915;HELZ2:-3.1595;JDP2:-3.9459;MLLT10:-9.2691;OSR2:-3.6678
S2_k50,O2_Y1,False,FOSB;FOXF1;HELZ2;HOXA5;OSR2,5,1,-0.4310049908198721,0.748672462176691,1.1796774529965632,0.6022219192960762,0.2264655705886677,0.16801370313452538,False,True,FOSB:+0.9709;FOXF1:+1.1715;HELZ2:+1.3160;HOXA5:-9.3813;OSR2:+0.9061
S2_k50,O2_Y1,False,FOXF1;HELZ2;JDP2;OSR2;ZNF665,5,1,-4.370167584449575,0.039255487681919055,4.409423072131494,0.6022219192960762,0.20880802245283261,0.2119059184556133,False,True,FOXF1:-2.7116;HELZ2:-2.4724;JDP2:-3.1987;OSR2:-2.8352;ZNF665:-9.2691
S2_k50,O2_Y1,False,FOXF1;HELZ2;JDP2;OSR2;RCOR1,5,1,-5.534853912408295,-0.18945930604010355,5.345394606368191,0.6022219192960762,0.20081795054240015,0.1701221244048196,False,True,FOXF1:-3.8933;HELZ2:-3.3679;JDP2:-4.2091;OSR2:-3.9517;RCOR1:-9.2691
S2_k50,O2_Y1,False,FOXF1;HELZ2;JDP2;OSR2;ZNF93,5,1,-5.126372645870845,0.03229786042637387,5.158670506297218,0.6022219192960762,0.21749576580166302,0.31633752688930106,False,True,FOXF1:-3.6135;HELZ2:-2.9423;JDP2:-4.3524;OSR2:-3.6854;ZNF93:-9.2691
S2_k50,O2_Y1,False,BHLHE40;FOXF1;HELZ2;JDP2;OSR2,5,1,-2.443150189991627,0.33890729939824954,2.7820574893898766,0.6022219192960762,0.22388464748855055,0.2352840530240737,False,True,BHLHE40:-9.2691;FOXF1:-0.8004;HELZ2:-0.8710;JDP2:-1.1975;OSR2:-1.0814
S2_k50,O2_Y1,False,EPAS1;FOXF1;GATA1;HELZ2;OSR2,5,1,-2.9485343403025013,-0.033603997766377264,2.914930342536124,0.6022219192960762,0.19641138524909826,0.14183850660900862,False,True,EPAS1:-9.1793;FOXF1:-1.5177;GATA1:-1.7164;HELZ2:-0.2153;OSR2:-1.1857
S2_k50,O2_Y1,False,CEBPG;FOXF1;HELZ2;JDP2;OSR2,5,1,0.5670485250381603,0.3142815620353133,-0.25276696300284696,0.6022219192960762,0.19802796124267916,0.19248088476397313,False,False,CEBPG:-9.2691;FOXF1:+2.5180;HELZ2:+2.4131;JDP2:+2.1286;OSR2:+2.2365
S2_k50,O2_Y1,False,AHRR;FOSB;FOXF1;HELZ2;OSR2,5,1,-6.058790151929998,-0.035879954873232076,6.022910197056765,0.6022219192960762,0.19247494291112435,0.18389962690890263,False,True,AHRR:-9.3813;FOSB:-4.6357;FOXF1:-4.4698;HELZ2:-3.4783;OSR2:-4.3346
S2_k100,O2_Y1,False,AIRE;FOSB;FOXF1;HELZ2;OSR2,5,1,-6.902112933163153,-0.8272316647866518,6.074881268376501,0.05752315778228195,0.23607199637193577,0.27911621696851585,False,True,AIRE:-10.5032;FOSB:-6.0763;FOXF1:-4.8571;HELZ2:-4.2990;OSR2:-5.8947
S2_k100,O2_Y1,False,FOXF1;HELZ2;OSR2;REST;SOX10,5,1,-0.44397649397751593,-0.1608613255580991,0.28311516841941686,0.05752315778228195,0.243056640685988,0.15467532402909293,False,True,FOXF1:+1.6933;HELZ2:+1.7434;OSR2:+0.5429;REST:+0.0233;SOX10:-10.1154
S2_k100,O2_Y1,False,FOXF1;GATA1;HELZ2;IKZF3;OSR2,5,1,-1.3105801647425324,-0.6712270855193594,0.639353079223173,0.05752315778228195,0.23313202435047717,0.08197520065345727,False,True,FOXF1:+0.6842;GATA1:+0.0170;HELZ2:+0.9927;IKZF3:-10.3939;OSR2:-0.1791
S2_k100,O2_Y1,False,FOXF1;GATA1;HELZ2;OSR2;SETDB2,5,1,-1.2298290212671077,-0.024673674381492035,1.2051553468856158,0.05752315778228195,0.26406080426006895,0.23812119820141345,False,True,FOXF1:+0.4820;GATA1:-0.4106;HELZ2:+0.8678;OSR2:-0.5853;SETDB2:-10.3939
S2_k100,O2_Y1,False,FOXF1;GATA1;HELZ2;OSR2;POU2AF1,5,1,0.5316139919141847,0.3120840423238718,-0.21952994959031286,0.05752315778228195,0.26811047373360586,0.08181085743645992,False,False,FOXF1:+2.4155;GATA1:+1.6647;HELZ2:+2.3434;OSR2:+1.1660;POU2AF1:-10.3939
S2_k100,O2_Y1,False,FOXF1;GATA1;HELZ2;OSR2;UNCX,5,1,2.3480062958498706,-0.0747223321757615,-2.422728628025632,0.05752315778228195,0.27378468527141103,0.17646741757138326,False,False,FOXF1:+4.0170;GATA1:+2.9241;HELZ2:+4.2518;OSR2:+2.9145;UNCX:-10.3939
S2_k100,O2_Y1,False,FOXF1;GATA1;HELZ2;OSR2;ZEB1,5,1,-3.745000902616141,-0.6677706966355742,3.077230205980567,0.05752315778228195,0.22700352982659544,0.11593360696618744,False,True,FOXF1:-1.6352;GATA1:-2.3349;HELZ2:-1.3727;OSR2:-2.6071;ZEB1:-10.3939
S2_k100,O2_Y1,False,FOXF1;GATA1;HELZ2;OSR2;ZNF682,5,1,4.76360989843181,0.45190852640184015,-4.31170137202997,0.05752315778228195,0.2687861761717346,0.1031040825945823,False,False,FOXF1:+6.4991;GATA1:+5.7193;HELZ2:+6.9561;OSR2:+5.4568;ZNF682:-10.3939
S2_k100,O2_Y1,False,DPRX;FOXF1;GATA1;HELZ2;OSR2,5,1,-6.471035438029219,-0.7776610191513128,5.693374418877906,0.05752315778228195,0.23065877651692054,0.047975897628972586,False,True,DPRX:-10.3939;FOXF1:-4.3196;GATA1:-4.9719;HELZ2:-4.3652;OSR2:-5.3701
S2_k100,O2_Y1,False,FOXF1;GATA1;HELZ2;REST;ZNF845,5,1,3.4432759449068726,1.1526787376227048,-2.2905972072841676,0.05752315778228195,0.2944994237443779,0.33412199411843896,False,False,FOXF1:+5.3455;GATA1:+4.3075;HELZ2:+5.1241;REST:+3.6140;ZNF845:-9.8665
S2_k100,O2_Y1,False,FOXF1;GATA1;HELZ2;OSR2;ZNF221,5,1,-2.0031259259543504,-0.055625304343675346,1.947500621610675,0.05752315778228195,0.2673087687920977,0.11282178769010662,False,True,FOXF1:-0.2651;GATA1:-0.9360;HELZ2:-0.3079;OSR2:-1.4105;ZNF221:-10.3939
S2_k100,O2_Y1,False,BBX;FOXF1;GATA1;HELZ2;OSR2,5,1,-0.18695484010305563,-0.1969659746117654,-0.010011134508709774,0.05752315778228195,0.26402682672934263,0.09791029219283127,False,False,BBX:-10.3939;FOXF1:+1.5044;GATA1:+0.8635;HELZ2:+1.7288;OSR2:+0.6101
S2_k100,O2_Y1,False,FOXF1;GATA1;HELZ2;OSR2;ZNF611,5,1,-5.367723739830012,-0.32982695871190215,5.03789678111811,0.05752315778228195,0.25053111880938156,0.06501343564296039,False,True,FOXF1:-3.4006;GATA1:-4.4274;HELZ2:-3.2877;OSR2:-4.5938;ZNF611:-10.3939
S2_k100,O2_Y1,False,FOXF1;GATA1;HELZ2;HIF1A;OSR2,5,1,-3.173777749527119,-0.8595089589468926,2.3142687905802264,0.05752315778228195,0.22590906668219277,0.21133128022326303,False,True,FOXF1:-1.0735;GATA1:-1.8745;HELZ2:-0.7908;HIF1A:-10.3939;OSR2:-1.9483
S2_k100,O2_Y1,False,FOXF1;GATA1;HELZ2;OSR2;ZNF823,5,1,-1.1437918556599698,-0.11861289639114146,1.0251789592688283,0.05752315778228195,0.25504118538231546,0.021669166737606993,False,True,FOXF1:+1.0130;GATA1:+0.2671;HELZ2:+0.5603;OSR2:-0.3865;ZNF823:-10.3939
S2_k100,O2_Y1,False,AP2B1;FOXF1;GATA1;HELZ2;OSR2,5,1,-2.1618255020848096,-0.5012087605084644,1.6606167415763453,0.05752315778228195,0.23568904240271538,0.27109204845624274,False,True,AP2B1:-10.3939;FOXF1:-0.1806;GATA1:-1.0998;HELZ2:+0.3633;OSR2:-1.0332
S2_k100,O2_Y1,False,FOXF1;GATA1;HELZ2;MECOM;OSR2,5,1,-0.7256395588787541,0.03787399866464229,0.7635135575433963,0.05752315778228195,0.2690121600412676,0.20584060210786434,False,True,FOXF1:+1.0235;GATA1:+0.0808;HELZ2:+1.1612;MECOM:-10.3939;OSR2:-0.1698
S2_k100,O2_Y1,False,AFF3;FOXF1;HELZ2;OSR2;REST,5,1,-3.9598880019518674,-0.4868698777615435,3.473018124190324,0.05752315778228195,0.24158580380958763,0.059762990258601344,False,True,AFF3:-10.1154;FOXF1:-1.6609;HELZ2:-1.9008;OSR2:-3.1342;REST:-3.4708
S2_k100,O2_Y1,False,FOXF1;GATA1;HELZ2;OSR2;TUB,5,1,-5.287561202131144,-0.10954995480938122,5.178011247321763,0.05752315778228195,0.2673391266656009,0.1809525549547491,False,True,FOXF1:-3.4105;GATA1:-4.6333;HELZ2:-3.3191;OSR2:-4.8063;TUB:-10.3939
S2_k100,O2_Y1,False,FOXF1;GATA1;HELZ2;NR0B2;OSR2,5,1,4.689892656691654,0.5011968927552346,-4.18869576393642,0.05752315778228195,0.28597078511946783,0.16524456517509664,False,False,FOXF1:+6.4595;GATA1:+5.3980;HELZ2:+6.5405;NR0B2:-10.3939;OSR2:+5.1548
S2_k100,O2_Y1,False,FOXF1;GATA1;HELZ2;HOXB6;OSR2,5,1,-0.9833229889723043,0.08120399970528354,1.0645269886775879,0.05752315778228195,0.2740645814766865,0.23436153708639154,False,True,FOXF1:+0.6050;GATA1:-0.3859;HELZ2:+1.0789;HOXB6:-10.3939;OSR2:-0.3984
S2_k100,O2_Y1,False,FOXF1;GATA1;HELZ2;LCORL;OSR2,5,1,0.983225795664282,-0.12225604550501135,-1.1054818411692935,0.05752315778228195,0.2640971090800004,0.09663996274930053,False,False,FOXF1:+2.8157;GATA1:+2.0126;HELZ2:+2.8993;LCORL:-10.3939;OSR2:+1.5480
S2_k100,O2_Y1,False,CEBPA;FOXF1;HELZ2;JDP2;OSR2,5,1,-0.5827048901203966,0.25970887706414486,0.8424137671845415,0.05752315778228195,0.2685727028093661,0.21472148830077514,False,True,CEBPA:-10.2792;FOXF1:+1.5719;HELZ2:+1.0019;JDP2:+0.4055;OSR2:-0.0469
S2_k100,O2_Y1,False,FOXF1;GATA1;HELZ2;HSF1;OSR2,5,1,-6.706286889509897,-0.5226125146640328,6.1836743748458645,0.05752315778228195,0.24989100832823447,0.21082481107166595,False,True,FOXF1:-4.7134;GATA1:-5.7393;HELZ2:-4.6894;HSF1:-10.3939;OSR2:-5.9636
S2_k100,O2_Y1,False,ERCC2;FOSB;FOXF1;HELZ2;OSR2,5,1,-0.668226521130066,-0.15136802691902743,0.5168584942110386,0.05752315778228195,0.24928865951481632,0.2214404699126284,False,True,ERCC2:-10.5032;FOSB:+0.2829;FOXF1:+1.3083;HELZ2:+1.5641;OSR2:+0.2599
S2_k100,O2_Y1,False,FOXF1;GATA1;HELZ2;OSR2;TEF,5,1,-5.765391953959011,-0.7196220621230793,5.045769891835931,0.05752315778228195,0.23963667957658083,0.10945613816560007,False,True,FOXF1:-3.8180;GATA1:-4.8015;HELZ2:-3.5364;OSR2:-4.7109;TEF:-10.3939
S2_k100,O2_Y1,False,FOSB;FOXF1;HELZ2;OSR2;ZNF224,5,1,-3.4553085962306227,0.039167775982011245,3.4944763722126337,0.05752315778228195,0.264166721244832,0.24042800918941687,False,True,FOSB:-2.4858;FOXF1:-1.5671;HELZ2:-1.6531;OSR2:-2.8251;ZNF224:-10.5032
S2_k100,O2_Y1,False,FOXF1;GATA1;HELZ2;OSR2;SOX13,5,1,-0.9271205895745425,0.1399804528033201,1.0671010423778626,0.05752315778228195,0.2700749959832048,0.14534259446693965,False,True,FOXF1:+0.7412;GATA1:-0.2859;HELZ2:+1.2389;OSR2:-0.2398;SOX13:-10.3939
S2_k100,O2_Y1,False,FOXF1;GATA1;HELZ2;OSR2;ZNF396,5,1,-5.387046151233449,-0.4394021694735896,4.947643981759859,0.05752315778228195,0.2550326220109948,0.08964403309181493,False,True,FOXF1:-3.5630;GATA1:-4.5498;HELZ2:-3.3710;OSR2:-4.6671;ZNF396:-10.3939
S2_k100,O2_Y1,False,FOXF1;GATA1;HELZ2;OSR2;PMS1,5,1,-0.19425652036494512,0.014430672483274582,0.2086871928482197,0.05752315778228195,0.2734208716214061,0.21236221594306715,False,True,FOXF1:+1.2907;GATA1:+0.4279;HELZ2:+1.8902;OSR2:+0.3566;PMS1:-10.3939
S2_k100,O2_Y1,False,FOXF1;GATA1;HELZ2;JDP2;ZNF493,5,1,7.788851502783643,1.3429101839987652,-6.445941318784878,0.05752315778228195,0.29599802498933053,0.5161079281019911,True,False,FOXF1:+9.2979;GATA1:+8.6717;HELZ2:+9.5593;JDP2:+8.4447;ZNF493:-9.6088
S2_k100,O2_Y1,False,FOXF1;HELZ2;JDP2;OSR2;ZNF852,5,1,-3.6428776351620513,-0.5459740509586879,3.096903584203363,0.05752315778228195,0.24873893983614617,0.20229724469501614,False,True,FOXF1:-1.6182;HELZ2:-1.5129;JDP2:-3.0654;OSR2:-2.8237;ZNF852:-10.2792
S2_k100,O2_Y1,False,FOXF1;GATA1;HELZ2;OSR2;THAP5,5,1,-3.747090466818179,-0.4848624862792547,3.262227980538924,0.05752315778228195,0.24277340474758505,0.12914434305684258,False,True,FOXF1:-1.7356;GATA1:-2.5683;HELZ2:-1.4704;OSR2:-2.9382;THAP5:-10.3939
S2_k100,O2_Y1,False,FOXF1;GATA1;HELZ2;NKX2-3;OSR2,5,1,-3.8636334978302216,-0.6006542693798591,3.2629792284503623,0.05752315778228195,0.2354791323055465,0.15016117983237118,False,True,FOXF1:-2.0218;GATA1:-2.8108;HELZ2:-1.3497;NKX2-3:-10.3939;OSR2:-2.7267
S2_k100,O2_Y1,False,FEZF1;FOXF1;GATA1;HELZ2;OSR2,5,1,-3.546939200435645,-0.7624365978506035,2.7845026025850417,0.05752315778228195,0.23055748682793012,0.0890317533800862,False,True,FEZF1:-10.3939;FOXF1:-1.4119;GATA1:-2.4354;HELZ2:-1.1181;OSR2:-2.4294
S2_k100,O2_Y1,False,FOXF1;GATA1;HELZ2;OSR2;ZFX,5,1,-4.544468868599438,-0.4300253261496635,4.1144435424497745,0.05752315778228195,0.24661613833883117,0.25425522791821475,False,True,FOXF1:-2.6181;GATA1:-3.5125;HELZ2:-2.3773;OSR2:-3.6114;ZFX:-10.3939
S2_k100,O2_Y1,False,FOXF1;HELZ2;JDP2;OSR2;TSC22D2,5,1,1.128387616004943,-0.07941558705793453,-1.2078032030628776,0.05752315778228195,0.25486783461668544,0.3418863067850439,False,False,FOXF1:+2.9729;HELZ2:+3.1850;JDP2:+1.9998;OSR2:+1.9595;TSC22D2:-10.2792
S2_k100,O2_Y1,False,FOXF1;GATA1;HELZ2;OSR2;ZNF138,5,1,-1.019483533600635,-0.10640114552151936,0.9130823880791156,0.05752315778228195,0.26134856154187763,0.12038567758534091,False,True,FOXF1:+0.9537;GATA1:-0.2389;HELZ2:+0.8733;OSR2:-0.4224;ZNF138:-10.3939
S2_k100,O2_Y1,False,BNC1;FOXF1;GATA1;HELZ2;OSR2,5,1,-5.082093086153293,-0.7781482569476565,4.303944829205636,0.05752315778228195,0.2245113134713329,0.07620534205892078,False,True,BNC1:-10.3939;FOXF1:-3.0337;GATA1:-3.5967;HELZ2:-2.5907;OSR2:-3.8772
S2_k100,O2_Y1,False,FOXF1;GATA1;HELZ2;OSR2;ZNF639,5,1,-3.0377218821582233,-0.11355816246995117,2.924163719688272,0.05752315778228195,0.25497421207330256,0.14993282316165452,False,True,FOXF1:-1.1854;GATA1:-1.9455;HELZ2:-1.0268;OSR2:-2.2713;ZNF639:-10.3939
S2_k100,O2_Y1,False,FOSB;FOXF1;HELZ2;OSR2;ZNF23,5,1,-7.10478953878436,-0.3003726048176815,6.804416933966678,0.05752315778228195,0.2542195906610961,0.26605409877344,False,True,FOSB:-6.3838;FOXF1:-5.1619;HELZ2:-4.9834;OSR2:-6.2705;ZNF23:-10.5032
S2_k100,O2_Y1,False,FOXF1;GATA1;HELZ2;INSM1;OSR2,5,1,-5.229133668460804,-0.7098692629259801,4.519264405534824,0.05752315778228195,0.23297381869878322,0.08880354357577185,False,True,FOXF1:-3.1192;GATA1:-3.9097;HELZ2:-2.9386;INSM1:-10.3939;OSR2:-4.2067
S2_k100,O2_Y1,False,CUX1;FOXF1;GATA1;HELZ2;OSR2,5,1,-4.003575928080238,-1.0116876428462347,2.9918882852340034,0.05752315778228195,0.2107304838907623,0.13192693752958376,False,True,CUX1:-10.3939;FOXF1:-1.8259;GATA1:-2.3697;HELZ2:-1.3973;OSR2:-2.5667
S2_k100,O2_Y1,False,DEAF1;FOXF1;GATA1;HELZ2;OSR2,5,1,-3.8534522576964036,-0.601360025761582,3.2520922319348218,0.05752315778228195,0.2530124429834877,0.22792821178397277,False,True,DEAF1:-10.3939;FOXF1:-2.0194;GATA1:-3.0961;HELZ2:-1.6771;OSR2:-3.0791
S2_k100,O2_Y1,False,FOXF1;GATA1;HELZ2;OSR2;ZNF208,5,1,-0.9315831940350563,0.378606619541651,1.3101898135767072,0.05752315778228195,0.28475434987136106,0.08463336006593239,False,True,FOXF1:+0.9080;GATA1:-0.2717;HELZ2:+0.6799;OSR2:-0.5797;ZNF208:-10.3939
S2_k100,O2_Y1,False,FOXF1;GATA1;HELZ2;ISL1;OSR2,5,1,-4.441515997308386,-0.4502925684114274,3.9912234288969586,0.05752315778228195,0.25452829365998203,0.11298656513300705,False,True,FOXF1:-2.6106;GATA1:-3.6201;HELZ2:-2.3134;ISL1:-10.3939;OSR2:-3.7780
S2_k100,O2_Y1,False,FOSB;FOXF1;HELZ2;HOXA7;OSR2,5,1,-4.118426963959507,-0.4414780641569222,3.676948899802585,0.05752315778228195,0.24072175700443724,0.2722489008791259,False,True,FOSB:-3.2017;FOXF1:-2.1107;HELZ2:-1.7721;HOXA7:-10.5032;OSR2:-3.1468
S2_k100,O2_Y1,False,FOXF1;GATA1;HELZ2;OSR2;ZSCAN25,5,1,-2.86020315015935,-0.5864017187087341,2.273801431450616,0.05752315778228195,0.24380568861830157,0.10721241403108624,False,True,FOXF1:-0.8377;GATA1:-1.8488;HELZ2:-0.7519;OSR2:-1.9937;ZSCAN25:-10.3939
S2_k100,O2_Y1,False,FOXF1;GATA1;HELZ2;OSR2;VAX1,5,1,1.3898764248328348,0.2306746039009227,-1.1592018209319122,0.05752315778228195,0.2755721503529486,0.15307464308273896,False,False,FOXF1:+2.8539;GATA1:+1.8821;HELZ2:+3.4653;OSR2:+1.9606;VAX1:-10.3939
S2_k100,O2_Y1,False,ETV3L;FOXF1;HELZ2;OSR2;REST,5,1,-10.135536819003107,-1.0556844288834895,9.079852390119617,0.05752315778228195,0.24882633002911578,0.11643910250439035,False,True,ETV3L:-10.1154;FOXF1:-8.0288;HELZ2:-8.0741;OSR2:-9.3698;REST:-9.7861
S2_k20,O1_Y2,False,FOXP2;GSC2,2,1,5.884883199413984,-0.804919937823341,-6.689803137237325,0.20827484448205846,0.5355607700003686,0.10884015069471302,False,False,FOXP2:-0.2263;GSC2:+6.2088
S2_k20,O1_Y2,False,MAFA;OSR2;ZNF182,3,1,2.426867700730618,-0.931832611951221,-3.3587003126818393,0.20827484448205846,0.532184546390601,-0.10340281039659882,False,False,MAFA:+2.5675;OSR2:+3.6897;ZNF182:-2.0453
S2_k20,O1_Y2,False,HMG20A;MAFA;ZNF700,3,1,3.925191527929698,-0.7677902954238697,-4.692981823353568,0.20827484448205846,0.5601154898158375,0.29637232768822913,False,False,HMG20A:+4.3863;MAFA:+4.1214;ZNF700:-1.1356
S2_k20,O1_Y2,False,HMG20A;ZNF639,2,1,2.945676770761345,-0.9068679428949477,-3.8525447136562927,0.20827484448205846,0.4537065363647401,0.0995619172313236,False,False,HMG20A:+3.5289;ZNF639:-1.0998
S2_k20,O1_Y2,False,ATF2;GSC2;NEUROD1,3,1,5.25085611976418,-0.7595230933626823,-6.010379213126862,0.20827484448205846,0.5948386452654644,0.08451445116760632,False,False,ATF2:-0.3667;GSC2:+5.6110;NEUROD1:+8.3457
S2_k20,O1_Y2,False,HMG20A;YY2,2,1,1.1830510480542955,-0.9694652278348171,-2.1525162758891128,0.20827484448205846,0.38419979468399207,0.03353416029179583,False,False,HMG20A:+2.7188;YY2:-1.0998
S2_k20,O1_Y2,False,MAPK8IP1;OSR2;PITX1,3,1,2.5950572324108236,-1.0584372557061266,-3.65349448811695,0.20827484448205846,0.42962477615458045,-0.09372037982797325,False,False,MAPK8IP1:+2.7462;OSR2:+4.6556;PITX1:-1.7921
S2_k20,O1_Y2,False,GSC2;ZNF69,2,1,1.4792884645201525,-0.9682964122455565,-2.447584876765709,0.20827484448205846,0.3874933088507784,0.18947059824407506,False,False,GSC2:+2.0137;ZNF69:-0.2263
S2_k20,O1_Y2,False,MAFA;ZNF470,2,1,3.2421173870549467,-0.7509399729699989,-3.9930573600249457,0.20827484448205846,0.4769253610631653,0.2586890818753575,False,False,MAFA:+3.2835;ZNF470:-0.4842
S2_k20,O1_Y2,False,GSC2;OSR2;ZFP57,3,1,1.6685158749311952,-0.8703722395945603,-2.5388881145257556,0.20827484448205846,0.55202984453435,-0.274760703613147,False,False,GSC2:+1.9376;OSR2:+2.9754;ZFP57:-2.1221
S2_k20,O1_Y2,False,HOXD1;HOXD11,2,1,3.944194092811685,-0.8294449300412279,-4.773639022852913,0.20827484448205846,0.41719458596408954,0.05395151669677991,False,False,HOXD1:+4.3780;HOXD11:-0.4769
S2_k20,O1_Y2,False,MAPK8IP1;NR1H3;OSR2,3,1,7.00537421757457,-0.7200460650109044,-7.725420282585474,0.20827484448205846,0.6477299417688394,-0.1000193439849203,False,False,MAPK8IP1:+7.1023;NR1H3:-1.7921;OSR2:+7.7529
S2_k20,O1_Y2,False,MAPK8IP1;OSR2;ZBTB42,3,1,3.8483819153774164,-0.7644518177318819,-4.612833733109298,0.20827484448205846,0.540419229455353,-0.06497503678797527,False,False,MAPK8IP1:+4.0080;OSR2:+4.8367;ZBTB42:-1.7921
S2_k20,O1_Y2,False,AFF1;MAFA;OSR2,3,1,-1.340480747281518,-1.037459294674947,0.3030214526065709,0.20827484448205846,0.47728569742342825,-0.1462961720650677,False,True,AFF1:-2.0453;MAFA:-0.8494;OSR2:+0.3282
S2_k20,O1_Y2,False,NEUROD1;TP73,2,1,20.31471787599888,0.008910515005992221,-20.305807360992887,0.20827484448205846,1.1470450808689396,0.29645717854527115,False,False,NEUROD1:+22.3390;TP73:+1.5012
S2_k20,O1_Y2,False,OSR2;TCF20,2,1,4.1084714160136855,-0.816667661650477,-4.925139077664163,0.20827484448205846,0.5642646865791842,-0.08009028226712159,False,False,OSR2:+5.5682;TCF20:-1.5145
S2_k20,O1_Y2,False,MAPK8IP1;OSR2;ZNF180,3,1,2.837753668129338,-0.9802566980406598,-3.8180103661699976,0.20827484448205846,0.5103298949770962,-0.1662440000329757,False,False,MAPK8IP1:+2.8712;OSR2:+3.5993;ZNF180:-1.7921
S2_k20,O1_Y2,False,HMG20A;OSR2;PAX4,3,1,1.8426152618257419,-0.9028014645184305,-2.7454167263441724,0.20827484448205846,0.5933036972941744,-0.1270761546266223,False,False,HMG20A:+1.8732;OSR2:+2.5064;PAX4:-0.8947
S2_k20,O1_Y2,False,HELZ2;MAFA;TCF12,3,1,1.4537982305947068,-1.0292253708555381,-2.483023601450245,0.20827484448205846,0.6018037929989489,0.14187412213358347,False,False,HELZ2:+2.6549;MAFA:+1.9184;TCF12:-1.5551
S2_k20,O1_Y2,False,CDX1;GTF3C2,2,1,1.2960119800686982,-1.0028454304004832,-2.2988574104691812,0.20827484448205846,0.35329139243845414,0.1770366045673811,False,False,CDX1:-0.9302;GTF3C2:+1.7369
S2_k20,O1_Y2,False,ESR2;HMG20A,2,1,0.7240929780745802,-1.1396626127253164,-1.8637555907998966,0.20827484448205846,0.45479182297507775,0.174079488057937,False,False,ESR2:-1.0998;HMG20A:+0.8872
S2_k20,O1_Y2,False,KLF8;MAFA;OSR2,3,1,-0.4450487283348181,-1.0705146114454938,-0.6254658831106756,0.20827484448205846,0.5631120205632684,-0.08646662880232088,False,False,KLF8:-2.0453;MAFA:-0.3487;OSR2:+0.2809
S2_k20,O1_Y2,False,MAPK8IP1;OSR2;SMAD4,3,1,1.5241788794908118,-1.036412083170374,-2.560590962661186,0.20827484448205846,0.473283234299368,-0.1846435072149869,False,False,MAPK8IP1:+1.5552;OSR2:+3.5100;SMAD4:-1.7921
S2_k20,O1_Y2,False,MAPK8IP1;NKX6-3;OSR2,3,1,2.0188492597900165,-0.9693071313386639,-2.9881563911286806,0.20827484448205846,0.4836188175349423,-0.13561077162429527,False,False,MAPK8IP1:+2.0442;NKX6-3:-1.7921;OSR2:+3.5698
S2_k20,O1_Y2,False,MAFA;OSR2;ZBTB49,3,1,1.3079254118654973,-0.8044211190077792,-2.1123465308732765,0.20827484448205846,0.5678275194088588,-0.09064237383996698,False,False,MAFA:+1.4234;OSR2:+1.9335;ZBTB49:-2.0453
S2_k20,O1_Y2,False,FOXF1;MAPK8IP1;ZBTB7A,3,1,5.175628732375927,-0.8667456104414679,-6.042374342817395,0.20827484448205846,0.6557714768692324,0.26159450234642617,False,False,FOXF1:+6.1940;MAPK8IP1:+5.1970;ZBTB7A:-0.1948
S2_k20,O1_Y2,False,GTF3C2;HMG20A;ZNF540,3,1,-0.025982229153683534,-0.8009372457265943,-0.7749550165729108,0.20827484448205846,0.4424457538339681,0.14959646698943369,False,False,GTF3C2:+0.0142;HMG20A:+0.8388;ZNF540:-1.9072
S2_k20,O1_Y2,False,MAFA;OSR2;ZFP14,3,1,-0.851064077625864,-1.083712336743751,-0.2326482591178869,0.20827484448205846,0.47575579264402107,-0.04345780012371121,False,False,MAFA:-0.5485;OSR2:+0.3873;ZFP14:-2.0453
S2_k20,O1_Y2,False,HMG20A;ZNF692,2,1,0.6820775907836136,-0.9619857848145784,-1.6440633755981922,0.20827484448205846,0.3470010702778578,0.14579640573550923,False,False,HMG20A:+1.6618;ZNF692:-1.0998
S2_k20,O1_Y2,False,HMG20A;PCGF2,2,1,5.749730198370287,-0.8141503513453653,-6.563880549715652,0.20827484448205846,0.4639632118156745,0.12797453522205618,False,False,HMG20A:+6.7196;PCGF2:-1.0998
S2_k20,O1_Y2,False,OSR2;TFCP2,2,1,3.7131295983360175,-0.883348376689488,-4.596477975025506,0.20827484448205846,0.6026718001071255,-0.13335458722908772,False,False,OSR2:+3.9548;TFCP2:-1.5145
S2_k20,O1_Y2,False,HMG20A;MAFA;ZBTB11,3,1,3.708155928034458,-0.7029138899062911,-4.411069817940749,0.20827484448205846,0.5265288789764379,0.23298946606181356,False,False,HMG20A:+4.0268;MAFA:+3.7215;ZBTB11:-1.1356
S2_k20,O1_Y2,False,MAPK8IP1;PPARA,2,1,1.452402426753359,-0.9410794741872865,-2.3934819009406456,0.20827484448205846,0.32748983254795866,0.17047462227376414,False,False,MAPK8IP1:+1.5744;PPARA:-0.4180
S2_k20,O1_Y2,False,HMG20A;ZNF679,2,1,1.3012522843942804,-0.8316129112359647,-2.132865195630245,0.20827484448205846,0.5613337213285498,0.1592467289276171,False,False,HMG20A:+1.8616;ZNF679:-1.0998
S2_k20,O1_Y2,False,FOXN3;MAPK8IP1;SHOX2,3,1,0.2580253707020219,-0.9298893645694526,-1.1879147352714745,0.20827484448205846,0.38223270875267407,0.1331274321788829,False,False,FOXN3:+0.7086;MAPK8IP1:+0.3528;SHOX2:-1.0936
S2_k20,O1_Y2,False,HMG20A;PBX4,2,1,6.010358702792864,-0.8034878459651136,-6.813846548757978,0.20827484448205846,0.5208518901511127,0.12505427708179231,False,False,HMG20A:+6.9922;PBX4:-1.0998
S2_k20,O1_Y2,False,GSC2;PAX2,2,1,1.8628109555740693,-1.1134975363810162,-2.9763084919550855,0.20827484448205846,0.44826196373628163,-0.10752649960364706,False,False,GSC2:+2.5152;PAX2:-0.2263
S2_k20,O1_Y2,False,GATA1;RUNX1,2,1,1.6283117521113368,-0.7464517800285708,-2.374763532139908,0.20827484448205846,0.5594471670793232,0.004804289907962023,False,False,GATA1:+3.8321;RUNX1:+1.8758
S2_k20,O1_Y2,False,HMG20A;MAPK8IP1;ZNF696,3,1,2.4046698625728027,-1.1029937265058702,-3.507663589078673,0.20827484448205846,0.402413133388401,0.048925716060513234,False,False,HMG20A:+3.4454;MAPK8IP1:+2.4900;ZNF696:-1.3368
S2_k20,O1_Y2,False,HMG20A;HOXD1;SOX13,3,1,5.7884092588464355,-0.5325241554841902,-6.320933414330626,0.20827484448205846,0.5955129724885084,0.13863001554634094,False,False,HMG20A:+5.9245;HOXD1:+6.2622;SOX13:-1.4174
S2_k20,O1_Y2,False,HOXD1;LYL1;OSR2,3,1,3.869380178113559,-0.9210850609238317,-4.790465239037391,0.20827484448205846,0.5875248703486007,-0.13468818042219372,False,False,HOXD1:+3.9789;LYL1:-1.5439;OSR2:+4.8022
S2_k20,O1_Y2,False,ELF4;OSR2,2,1,1.5389438799327948,-1.0475619901563298,-2.5865058700891246,0.20827484448205846,0.4917850167260477,-0.18008136498263677,False,False,ELF4:-1.5145;OSR2:+2.7471
S2_k20,O1_Y2,False,HMG20A;MAPK8IP1;ZFP3,3,1,2.181373205179966,-0.954876711840501,-3.136249917020467,0.20827484448205846,0.3793217018098739,0.1186393430632443,False,False,HMG20A:+3.4213;MAPK8IP1:+2.3538;ZFP3:-1.3368
S2_k20,O1_Y2,False,MAPK8IP1;OSR2;ZNF480,3,1,4.360930074973346,-0.9035135372631661,-5.264443612236512,0.20827484448205846,0.5746544827957936,-0.031619835932111415,False,False,MAPK8IP1:+4.4506;OSR2:+4.5459;ZNF480:-1.7921
S2_k20,O1_Y2,False,HMG20A;L3MBTL1,2,1,2.9668625922406235,-1.0033324437155013,-3.9701950359561247,0.20827484448205846,0.4654030149487287,0.02848853813137935,False,False,HMG20A:+3.9762;L3MBTL1:-1.0998
S2_k20,O1_Y2,False,HMG20A;SOHLH1,2,1,2.6265736444538916,-0.859531287585176,-3.486104932039068,0.20827484448205846,0.43687503126448407,0.08270463519803992,False,False,HMG20A:+3.7364;SOHLH1:-1.0998
S2_k20,O1_Y2,False,HMG20A;ZNF547,2,1,6.741167469466156,-0.7872411672861318,-7.528408636752287,0.20827484448205846,0.5712656125003148,0.21378896784348939,False,False,HMG20A:+7.6666;ZNF547:-1.0998
S2_k20,O1_Y2,False,HMG20A;PRDM13,2,1,2.0556269837391667,-0.8622455659909203,-2.9178725497300873,0.20827484448205846,0.5077534033010734,0.13926503694461959,False,False,HMG20A:+2.0925;PRDM13:-1.0998
S2_k20,O1_Y2,False,DRAP1;HMG20A;OSR2,3,1,2.584318619798161,-0.9493423644187459,-3.533660984216907,0.20827484448205846,0.6106567746996604,-0.19957015040412895,False,False,DRAP1:-0.8947;HMG20A:+2.6491;OSR2:+2.7815
S2_k20,O1_Y2,False,FOXF1;WDHD1,2,1,1.0789749874784036,-0.9601892143238024,-2.039164201802206,0.20827484448205846,0.5626291986460472,0.2311878094248288,False,False,FOXF1:+1.7304;WDHD1:+0.5134
S2_k50,O1_Y2,False,LHX1,1,1,5.644766288531123,-0.36253129848857313,-6.007297587019696,0.5113259991988304,0.49792711308386584,0.04462109088224191,False,False,LHX1:+nan
S2_k50,O1_Y2,False,TONSL,1,1,1.4455607700076243,-0.6143948527938043,-2.0599556228014286,0.5113259991988304,0.32006792540989776,0.06338572106446405,False,False,TONSL:+nan
S2_k50,O1_Y2,False,HMG20A;TEAD3,2,1,1.9809349642396867,-0.3792363676459917,-2.3601713318856783,0.5113259991988304,0.48504245330873025,0.17573363819695334,False,False,HMG20A:+2.3073;TEAD3:-1.0278
S2_k50,O1_Y2,False,TEAD4,1,1,6.466173717391555,-0.006366530191402081,-6.472540247582957,0.5113259991988304,0.5254485501841282,0.04340891848855668,False,False,TEAD4:+nan
S2_k50,O1_Y2,False,NFXL1,1,1,3.656684918392635,-0.344404367203246,-4.0010892855958815,0.5113259991988304,0.39022103520889057,-0.010244493254795062,False,False,NFXL1:+nan
S2_k50,O1_Y2,False,TOX4,1,1,13.102368188500023,1.4359894796155774,-11.666378708884446,0.5113259991988304,0.8050265422418852,0.10559108797628378,False,False,TOX4:+nan
S2_k50,O1_Y2,False,ZNF605,1,1,5.694818596672967,-0.4336198908584002,-6.128438487531367,0.5113259991988304,0.45404009916403876,0.006717155230824568,False,False,ZNF605:+nan
S2_k50,O1_Y2,False,PAX6,1,1,8.183691907558284,0.33617360994222845,-7.847518297616055,0.5113259991988304,0.6153602107326207,-0.06255320214699693,False,False,PAX6:+nan
S2_k50,O1_Y2,False,BSX,1,1,9.156949941428174,0.5170246210951426,-8.639925320333031,0.5113259991988304,0.7376006051611644,0.08076494055123287,False,False,BSX:+nan
S2_k50,O1_Y2,False,GATA1;HOXC12,2,1,10.735814008712047,0.8525017084358038,-9.883312300276243,0.5113259991988304,0.769697028127487,0.09142629152839835,False,False,GATA1:+11.2733;HOXC12:+2.7664
S2_k50,O1_Y2,False,NEUROG2,1,1,4.025707745025116,-0.4618321497565784,-4.487539894781694,0.5113259991988304,0.4499695539724031,0.07635707932945694,False,False,NEUROG2:+nan
S2_k50,O1_Y2,False,GATA1;ZNF736,2,1,10.010716462720175,1.5609682434896672,-8.449748219230509,0.5113259991988304,0.8188777845194087,0.03172438573628193,False,False,GATA1:+10.9512;ZNF736:+2.7664
S2_k50,O1_Y2,False,CDK2,1,1,9.163278737929176,0.7908674900804255,-8.372411247848751,0.5113259991988304,0.7140605552770614,0.004823682341203917,False,False,CDK2:+nan
S2_k50,O1_Y2,False,MLX,1,1,8.80809927990726,0.3307213269424349,-8.477377952964826,0.5113259991988304,0.6039234159938132,0.027656500050221067,False,False,MLX:+nan
S2_k50,O1_Y2,False,ZNF569,1,1,4.998780096229339,-0.36700079267662955,-5.365780888905968,0.5113259991988304,0.407440550016403,0.03069430457254705,False,False,ZNF569:+nan
S2_k50,O1_Y2,False,HOXB4,1,1,3.3484842625336313,-0.38317512727762626,-3.7316593898112576,0.5113259991988304,0.40398899603202965,0.029432597658299663,False,False,HOXB4:+nan
S2_k50,O1_Y2,False,HEY2;ZNF592,2,1,5.578315571796303,-0.09136496807978457,-5.669680539876087,0.5113259991988304,0.5252310776320072,0.0786923312227382,False,False,HEY2:+5.5984;ZNF592:-0.4941
S2_k50,O1_Y2,False,MEF2B,1,1,5.616980681393727,0.4329946283085711,-5.183986053085156,0.5113259991988304,0.6095981961955083,0.008807950993032799,False,False,MEF2B:+nan
S2_k50,O1_Y2,False,BRIP1,1,1,10.074159031957208,0.6626654212291673,-9.41149361072804,0.5113259991988304,0.7020808186069482,0.06060259928305618,False,False,BRIP1:+nan
S2_k50,O1_Y2,False,BATF3,1,1,0.2294609793299358,-0.5009610464413818,-0.7304220257713177,0.5113259991988304,0.3063920552024506,0.11729059138963147,False,False,BATF3:+nan
S2_k50,O1_Y2,False,KLF17,1,1,7.741759378592093,0.36298782829860804,-7.378771550293485,0.5113259991988304,0.6378130227201093,-0.03268149381104759,False,False,KLF17:+nan
S2_k50,O1_Y2,False,ZNF449,1,1,6.268949522735973,-0.24920447587045727,-6.51815399860643,0.5113259991988304,0.5864651519798678,0.0874763734601598,False,False,ZNF449:+nan
S2_k50,O1_Y2,False,TRERF1,1,1,7.776408376756578,0.17563672568909683,-7.600771651067481,0.5113259991988304,0.6189220049580358,0.047023873479488665,False,False,TRERF1:+nan
S2_k50,O1_Y2,False,ZZZ3,1,1,9.376809338963227,0.27057800505067603,-9.10623133391255,0.5113259991988304,0.7490351411495976,0.2240811409611821,False,False,ZZZ3:+nan
S2_k50,O1_Y2,False,ETF1,1,1,2.567719343091781,-0.5853552003004324,-3.1530745433922136,0.5113259991988304,0.344613463948013,0.12280686059182788,False,False,ETF1:+nan
S2_k50,O1_Y2,False,HELZ2;ZNF586,2,1,9.124442745480295,1.3260992862249963,-7.798343459255298,0.5113259991988304,0.7983855884812907,0.1117851255149811,False,False,HELZ2:+9.3986;ZNF586:+1.1801
S2_k50,O1_Y2,False,HMX1,1,1,1.078526950862269,-0.5941590224961442,-1.6726859733584132,0.5113259991988304,0.30448858352054137,0.14651970941956424,False,False,HMX1:+nan
S2_k50,O1_Y2,False,GATA1;HOXA13,2,1,6.140307432419959,0.807052342518377,-5.3332550899015825,0.5113259991988304,0.6819238678543309,0.13592659625446826,False,False,GATA1:+7.0212;HOXA13:+2.7664
S2_k50,O1_Y2,False,TAF11,1,1,13.530937170789159,1.0541379571112581,-12.4767992136779,0.5113259991988304,0.8185867816600416,0.1051348393905955,False,False,TAF11:+nan
S2_k50,O1_Y2,False,ZNF175,1,1,3.665801964958753,-0.47836455028093033,-4.144166515239683,0.5113259991988304,0.3665625423169403,0.036355304723141434,False,False,ZNF175:+nan
S2_k50,O1_Y2,False,DHX9,1,1,6.6863719498420835,0.1224731061461537,-6.56389884369593,0.5113259991988304,0.7184058619217921,-0.05801025196447869,False,False,DHX9:+nan
S2_k50,O1_Y2,False,ZFP3,1,1,4.687652676952162,-0.36131753221031454,-5.048970209162476,0.5113259991988304,0.4089925446065812,0.023297828990590498,False,False,ZFP3:+nan
S2_k50,O1_Y2,False,RBL1,1,1,8.269592460283974,0.40576791518465327,-7.8638245450993205,0.5113259991988304,0.6163454862836028,0.12501322257673436,False,False,RBL1:+nan
S2_k50,O1_Y2,False,IRF6,1,1,8.444874229816186,0.3322587767093335,-8.112615453106853,0.5113259991988304,0.5822266082299057,0.10846188087706579,False,False,IRF6:+nan
S2_k50,O1_Y2,False,ZNF195,1,1,8.187077176947561,0.36072709589068813,-7.826350081056873,0.5113259991988304,0.616463039876308,0.0543569468147995,False,False,ZNF195:+nan
S2_k50,O1_Y2,False,DPRX;HMG20A,2,1,2.440665623660081,0.022910189870141213,-2.4177554337899396,0.5113259991988304,0.5360014608746011,-0.0023950083013583477,False,False,DPRX:-1.0278;HMG20A:+2.5861
S2_k50,O1_Y2,False,ZNF510,1,1,11.614703803313049,1.48105625443536,-10.133647548877688,0.5113259991988304,0.8171211429185292,-0.003571161458220451,False,False,ZNF510:+nan
S2_k50,O1_Y2,False,ZNF845,1,1,15.783756476508522,2.9995410577091284,-12.784215418799393,0.5113259991988304,1.0588738909677116,-0.009035709394109049,False,False,ZNF845:+nan
S2_k50,O1_Y2,False,SP110,1,1,3.035175228181906,-0.483307094636686,-3.518482322818592,0.5113259991988304,0.35575353218174555,-0.01991019711142481,False,False,SP110:+nan
S2_k50,O1_Y2,False,TFDP2,1,1,7.338809156209841,0.012799704058690157,-7.326009452151151,0.5113259991988304,0.5516220508480182,-0.02942050962265428,False,False,TFDP2:+nan
S2_k50,O1_Y2,False,ZBTB21,1,1,4.11299862715439,-0.14466459704023008,-4.25766322419462,0.5113259991988304,0.4756231534715177,0.05489506393731673,False,False,ZBTB21:+nan
S2_k50,O1_Y2,False,ZNF426,1,1,9.27469469901795,0.45989688824456143,-8.814797810773388,0.5113259991988304,0.6481636779290137,0.12162077999146101,False,False,ZNF426:+nan
S2_k50,O1_Y2,False,BARX1,1,1,11.29552481752171,0.9131548487010782,-10.382369968820631,0.5113259991988304,0.7556522626831023,0.17657539352280302,False,False,BARX1:+nan
S2_k50,O1_Y2,False,TMF1,1,1,5.568268913312465,-0.23780375880554555,-5.806072672118011,0.5113259991988304,0.4216704375998426,-0.03526388236802178,False,False,TMF1:+nan
S2_k50,O1_Y2,False,CCDC169-SOHLH2,1,1,9.067760199020562,0.3388768607113072,-8.728883338309254,0.5113259991988304,0.6091678055445133,0.09744288206303217,False,False,CCDC169-SOHLH2:+nan
S2_k50,O1_Y2,False,TSC22D3,1,1,21.373281257072854,3.4669750525405973,-17.906306204532257,0.5113259991988304,1.2505745923560485,0.3419666707758516,False,False,TSC22D3:+nan
S2_k50,O1_Y2,False,SKIL,1,1,3.5579971135987734,-0.30428687035077145,-3.8622839839495446,0.5113259991988304,0.44146137819193254,-0.055512403745985074,False,False,SKIL:+nan
S2_k50,O1_Y2,False,DACH1,1,1,13.395549108449067,1.1816552975430097,-12.213893810906058,0.5113259991988304,0.8620616922104626,0.0005626948783646002,False,False,DACH1:+nan
S2_k50,O1_Y2,False,ZNF92,1,1,6.93732437433853,0.4839097218769798,-6.45341465246155,0.5113259991988304,0.6731854739771936,0.00604941576090674,False,False,ZNF92:+nan
S2_k50,O1_Y2,False,GBX1,1,1,5.455751752527711,-0.27761123430033224,-5.733362986828043,0.5113259991988304,0.43476204554097536,0.013914534634988063,False,False,GBX1:+nan
S2_k20,O2_Y2,False,HELZ2;JDP2;NEUROD1;OSR2;TBXT,5,1,-8.654052540301336,-1.167364990944955,7.486687549356381,0.3128183485346412,0.274016399084919,0.09828218776596484,False,True,HELZ2:-6.9372;JDP2:-6.0402;NEUROD1:-6.6937;OSR2:-4.6631;TBXT:-15.0583
S2_k20,O2_Y2,False,HELZ2;JDP2;OSR2;PHOX2B;ZEB2,5,1,-11.234516133845801,-0.996214979258508,10.238301154587294,0.3128183485346412,0.2939388681560256,0.026613569716240626,False,True,HELZ2:-9.7023;JDP2:-8.8888;OSR2:-7.5367;PHOX2B:-14.9046;ZEB2:-9.6586
S2_k20,O2_Y2,False,FOXF1;HOXA10;JDP2;OSR2;ZEB2,5,1,-11.979082168588462,-1.3554346565857656,10.623647512002696,0.3128183485346412,0.25941569476676773,0.13456165574361195,False,True,FOXF1:-10.0895;HOXA10:-14.8646;JDP2:-9.5607;OSR2:-7.9228;ZEB2:-9.3338
S2_k20,O2_Y2,False,FOXF1;JDP2;OSR2;ZEB2;ZNF274,5,1,-12.994640109505099,-1.322982500034287,11.671657609470811,0.3128183485346412,0.2619096636976839,0.19706141025287233,False,True,FOXF1:-11.3146;JDP2:-10.7050;OSR2:-8.9107;ZEB2:-10.2284;ZNF274:-14.8646
S2_k20,O2_Y2,False,FOXF1;JDP2;OSR2;ZEB2;ZNF502,5,2,-11.757117853382766,-1.2020943235487735,10.555023529833992,0.3128183485346412,0.25469457682516444,0.059405040542773555,False,True,FOXF1:-9.9860;JDP2:-9.2313;OSR2:-7.6827;ZEB2:-8.8754;ZNF502:-14.8646
S2_k20,O2_Y2,False,HELZ2;JDP2;MYF5;NEUROD1;OSR2,5,1,-5.699002633177685,-1.1019859522589996,4.597016680918685,0.3128183485346412,0.2783568866749996,0.242207611161811,False,True,HELZ2:-4.0589;JDP2:-3.0292;MYF5:-15.0583;NEUROD1:-3.7390;OSR2:-1.8197
S2_k20,O2_Y2,False,HELZ2;HOXB1;JDP2;OSR2;ZEB2,5,1,-13.31909005019466,-1.1304609134750918,12.188629136719568,0.3128183485346412,0.29375986002625765,0.12726246315035922,False,True,HELZ2:-11.7284;HOXB1:-14.9046;JDP2:-11.0259;OSR2:-9.6112;ZEB2:-11.7417
S2_k20,O2_Y2,False,HELZ2;JDP2;NEUROD1;OSR2;ZNF667,5,1,-6.943840043352992,-1.218418369863454,5.725421673489538,0.3128183485346412,0.282672724954418,0.15678371805880637,False,True,HELZ2:-5.1761;JDP2:-4.4770;NEUROD1:-5.0901;OSR2:-3.1443;ZNF667:-15.0583
S2_k20,O2_Y2,False,FOXF1;JDP2;OSR2;SMAD4;ZEB2,5,1,-8.694214551226338,-1.2264939847786136,7.467720566447724,0.3128183485346412,0.24361952538623827,0.10514215328377659,False,True,FOXF1:-6.9724;JDP2:-6.0788;OSR2:-4.4962;SMAD4:-14.8646;ZEB2:-5.5897
S2_k20,O2_Y2,False,HELZ2;JDP2;OSR2;ZEB2;ZNF260,5,1,-4.402707538138571,-0.8887302148193044,3.513977323319267,0.3128183485346412,0.2893236978974532,0.06352253779795718,False,True,HELZ2:-2.7058;JDP2:-1.9807;OSR2:-0.7004;ZEB2:-2.7391;ZNF260:-14.9046
S2_k20,O2_Y2,False,FOXF1;FUS;JDP2;OSR2;ZEB2,5,1,-2.6042953922505774,-0.9247287505305791,1.6795666417199984,0.3128183485346412,0.2731294847842065,0.16018391068198995,False,True,FOXF1:-0.9870;FUS:-14.8646;JDP2:-0.3798;OSR2:+1.3326;ZEB2:-0.1632
S2_k20,O2_Y2,False,BCL11A;FOXF1;JDP2;OSR2;ZEB2,5,1,0.650067196156499,-0.946220206909082,-1.5962874030655811,0.3128183485346412,0.27283766681955895,0.35614955366378587,False,False,BCL11A:-14.8646;FOXF1:+2.1345;JDP2:+2.8261;OSR2:+4.5653;ZEB2:+3.2872
S2_k20,O2_Y2,False,HELZ2;JDP2;NFIL3;OSR2;ZEB2,5,1,-14.37735652590004,-1.2551102110070644,13.122246314892976,0.3128183485346412,0.31674962885616353,0.07798605092535038,False,True,HELZ2:-12.9507;JDP2:-12.4029;NFIL3:-14.9046;OSR2:-10.9365;ZEB2:-13.3587
S2_k20,O2_Y2,False,HELZ2;JDP2;NEUROD1;OSR2;ZNF672,5,1,-4.421013772318929,-1.1297701140040715,3.2912436583148574,0.3128183485346412,0.27081338124550386,0.17244171026844662,False,True,HELZ2:-2.4619;JDP2:-1.9195;NEUROD1:-2.3469;OSR2:-0.4674;ZNF672:-15.0583
S2_k20,O2_Y2,False,FOXF1;JDP2;OSR2;TBX22;ZEB2,5,1,-12.464942222150086,-1.3437757115387385,11.121166510611348,0.3128183485346412,0.2770619219564584,0.2372373970709078,False,True,FOXF1:-11.0340;JDP2:-10.5122;OSR2:-8.5549;TBX22:-14.8646;ZEB2:-9.8975
S2_k20,O2_Y2,False,HELZ2;JDP2;NEUROD1;OSR2;ZNF700,5,1,-10.892370970575058,-1.1328112611759196,9.759559709399138,0.3128183485346412,0.27630146311439857,0.2586548132766917,False,True,HELZ2:-9.1409;JDP2:-8.3371;NEUROD1:-8.9307;OSR2:-6.9030;ZNF700:-15.0583
S2_k20,O2_Y2,False,FOXF1;JDP2;NFATC3;OSR2;ZEB2,5,1,-10.064988426236198,-1.2111104163231388,8.853878009913059,0.3128183485346412,0.27851993751758947,0.19615947995871602,False,True,FOXF1:-8.5396;JDP2:-8.0421;NFATC3:-14.8646;OSR2:-6.2027;ZEB2:-7.7087
S2_k20,O2_Y2,False,BACH1;HELZ2;JDP2;OSR2;ZEB2,5,1,-6.315417591524522,-1.1043560898055005,5.211061501719021,0.3128183485346412,0.272709612841748,-0.04918758028132193,False,True,BACH1:-14.9046;HELZ2:-4.5977;JDP2:-3.6147;OSR2:-2.4398;ZEB2:-4.2105
S2_k20,O2_Y2,False,FOXF1;JDP2;OSR2;SMARCD1;ZEB2,5,1,-11.251457325315982,-1.20998142353465,10.041475901781332,0.3128183485346412,0.2584736882194977,0.11473278737762067,False,True,FOXF1:-9.6093;JDP2:-8.9089;OSR2:-7.1968;SMARCD1:-14.8646;ZEB2:-8.4355
S2_k20,O2_Y2,False,ERCC6;HELZ2;JDP2;OSR2;ZEB2,5,1,-6.6726478699143,-1.0392268491877914,5.633421020726509,0.3128183485346412,0.28844186026086427,-0.08666556401540815,False,True,ERCC6:-14.9046;HELZ2:-4.9691;JDP2:-4.1453;OSR2:-3.0079;ZEB2:-4.8734
S2_k20,O2_Y2,False,FOXF1;HIC1;JDP2;OSR2;ZEB2,5,1,-15.686633636566398,-1.4864110210828045,14.200222615483593,0.3128183485346412,0.2679527930853819,0.13375619272353778,False,True,FOXF1:-13.9269;HIC1:-14.8646;JDP2:-13.5760;OSR2:-11.6192;ZEB2:-13.0699
S2_k20,O2_Y2,False,FOXF1;HMGB3;JDP2;OSR2;ZEB2,5,1,-5.6921961878957745,-1.0330158634346858,4.659180324461088,0.3128183485346412,0.2623029413283201,0.03713498926550858,False,True,FOXF1:-4.2080;HMGB3:-14.8646;JDP2:-3.2973;OSR2:-1.6478;ZEB2:-2.9099
S2_k20,O2_Y2,False,HELZ2;IRX1;JDP2;OSR2;ZEB2,5,1,-12.536329861778341,-1.2227588732754069,11.313570988502935,0.3128183485346412,0.2852165610397801,-0.04483781801302258,False,True,HELZ2:-10.7443;IRX1:-14.9046;JDP2:-10.1950;OSR2:-8.7689;ZEB2:-10.7543
S2_k20,O2_Y2,False,FOXF1;JDP2;OSR2;TFCP2L1;ZEB2,5,1,-9.452991698452365,-1.1024537976127902,8.350537900839575,0.3128183485346412,0.29003314508583583,0.1354512238241736,False,True,FOXF1:-8.0175;JDP2:-7.5556;OSR2:-5.7351;TFCP2L1:-14.8646;ZEB2:-7.3211
S2_k20,O2_Y2,False,FOXF1;JDP2;NEUROD1;OSR2;TLX1,5,1,-0.35246018923763245,-1.1541221026258255,-0.801661913388193,0.3128183485346412,0.2600544701730862,0.462204946284006,False,False,FOXF1:+1.3667;JDP2:+2.2062;NEUROD1:+2.1755;OSR2:+3.7347;TLX1:-13.9766
S2_k20,O2_Y2,False,FOXF1;JDP2;OSR2;ZBED2;ZEB2,5,1,-8.66901835066028,-1.126088978477155,7.542929372183126,0.3128183485346412,0.2687333421739081,0.07513171556495823,False,True,FOXF1:-7.1629;JDP2:-6.2482;OSR2:-4.7227;ZBED2:-14.8646;ZEB2:-6.0104
S2_k20,O2_Y2,False,HELZ2;JDP2;NEUROD1;OSR2;ZNF705B,5,1,-4.635625227233021,-1.0334867187698933,3.6021385084631277,0.3128183485346412,0.27625414588105157,0.26398077089121097,False,True,HELZ2:-2.8130;JDP2:-2.0706;NEUROD1:-2.5719;OSR2:-0.6492;ZNF705B:-15.0583
S2_k20,O2_Y2,False,FOXF1;JDP2;OSR2;ZEB2;ZNF23,5,1,-11.648390895233774,-1.2617665935846247,10.38662430164915,0.3128183485346412,0.2837425683708397,0.21040180553757293,False,True,FOXF1:-10.1388;JDP2:-9.6946;OSR2:-7.7611;ZEB2:-9.4395;ZNF23:-14.8646
S2_k20,O2_Y2,False,FOXF1;JDP2;OSR2;ZEB2;ZNF451,5,1,-9.387730627509768,-1.3084194333871066,8.079311194122662,0.3128183485346412,0.26033656343796385,0.14547245513743073,False,True,FOXF1:-7.6403;JDP2:-6.9365;OSR2:-5.4171;ZEB2:-6.7519;ZNF451:-14.8646
S2_k20,O2_Y2,False,HELZ2;JDP2;OSR2;TARBP2;ZEB2,5,1,-13.227540249066806,-1.1158452731838095,12.111694975882996,0.3128183485346412,0.30885769933190627,0.09980824875714171,False,True,HELZ2:-11.7106;JDP2:-11.2026;OSR2:-9.6760;TARBP2:-14.9046;ZEB2:-11.9770
S2_k20,O2_Y2,False,FOXF1;JDP2;NKX2-5;OSR2;ZEB2,5,1,-8.876304078267111,-1.096296347894848,7.7800077303722635,0.3128183485346412,0.2603594814628142,0.173802043683957,False,True,FOXF1:-7.0855;JDP2:-6.3938;NKX2-5:-14.8646;OSR2:-4.8850;ZEB2:-6.2428
S2_k20,O2_Y2,False,HELZ2;JDP2;OSR2;ZEB2;ZNF266,5,1,-4.216522612728568,-0.8248740315511569,3.391648581177411,0.3128183485346412,0.3149459375432199,0.09181851711065284,False,True,HELZ2:-2.8607;JDP2:-2.0447;OSR2:-0.7728;ZEB2:-3.0364;ZNF266:-14.9046
S2_k20,O2_Y2,False,FOXF1;JDP2;MEF2B;OSR2;ZEB2,5,1,-9.07036409760849,-1.1316412316303244,7.938722865978166,0.3128183485346412,0.2566501829604342,0.14421133020916846,False,True,FOXF1:-7.3022;JDP2:-6.5185;MEF2B:-14.8646;OSR2:-5.0286;ZEB2:-6.3053
S2_k20,O2_Y2,False,FOXF1;JDP2;OSR2;ZEB2;ZNF367,5,1,-4.945785706120716,-1.0048405589285123,3.9409451471922043,0.3128183485346412,0.26944508784456545,0.24767336157823797,False,True,FOXF1:-3.3029;JDP2:-2.7156;OSR2:-1.0293;ZEB2:-2.3735;ZNF367:-14.8646
S2_k20,O2_Y2,False,FOXF1;HOXC4;JDP2;OSR2;ZEB2,5,1,-6.81233811096601,-1.04437852435572,5.76795958661029,0.3128183485346412,0.2710907837578537,0.11541642263871318,False,True,FOXF1:-5.2928;HOXC4:-14.8646;JDP2:-4.5712;OSR2:-2.8707;ZEB2:-4.2874
S2_k20,O2_Y2,False,HELZ2;JDP2;OSR2;ZEB2;ZNF416,5,1,-4.507405676366091,-0.7047869224295225,3.802618753936568,0.3128183485346412,0.3091987553155307,0.041008644158912234,False,True,HELZ2:-2.9282;JDP2:-2.2987;OSR2:-1.0109;ZEB2:-3.2460;ZNF416:-14.9046
S2_k20,O2_Y2,False,FOXF1;GRHL1;JDP2;OSR2;ZEB2,5,1,-7.775928553986745,-1.184837285057887,6.591091268928858,0.3128183485346412,0.2599146018311063,0.18177924307397988,False,True,FOXF1:-6.0396;GRHL1:-14.8646;JDP2:-5.4278;OSR2:-3.7837;ZEB2:-5.0829
S2_k20,O2_Y2,False,FOXF1;JDP2;OSR2;ZEB2;ZNF213,5,1,-4.350218884918519,-1.0820607925533023,3.2681580923652165,0.3128183485346412,0.26574175299760866,0.13812169965769008,False,True,FOXF1:-2.8121;JDP2:-1.9008;OSR2:-0.3265;ZEB2:-1.6612;ZNF213:-14.8646
S2_k20,O2_Y2,False,FOXF1;JDP2;OSR2;ZBTB22;ZEB2,5,1,-3.791363422963002,-1.110943387017022,2.68042003594598,0.3128183485346412,0.2683334428078318,0.25868290949455414,False,True,FOXF1:-2.3559;JDP2:-1.5088;OSR2:+0.1794;ZBTB22:-14.8646;ZEB2:-0.9711
S2_k20,O2_Y2,False,BRCA1;HELZ2;JDP2;NEUROD1;OSR2,5,1,-10.696542584969507,-1.1184128569576415,9.578129728011865,0.3128183485346412,0.26409953714895196,0.2272418754633317,False,True,BRCA1:-15.0583;HELZ2:-8.6472;JDP2:-7.9521;NEUROD1:-8.3871;OSR2:-6.7427
S2_k20,O2_Y2,False,DLX2;HELZ2;JDP2;OSR2;ZEB2,5,1,-9.796950182821291,-1.2164621262423652,8.580488056578925,0.3128183485346412,0.29853544770220597,0.03755309798505717,False,True,DLX2:-14.9046;HELZ2:-8.2993;JDP2:-7.5698;OSR2:-6.1246;ZEB2:-8.3860
S2_k20,O2_Y2,False,HELZ2;JDP2;NEUROD1;OSR2;PRDM8,5,1,-4.074633149034241,-1.054845617679315,3.0197875313549263,0.3128183485346412,0.2635020255299934,0.137253195359947,False,True,HELZ2:-2.3192;JDP2:-1.2197;NEUROD1:-1.8493;OSR2:+0.0160;PRDM8:-15.0583
S2_k20,O2_Y2,False,ATOH8;HELZ2;JDP2;NEUROD1;OSR2,5,1,-8.496499433223732,-1.3384545047484082,7.1580449284753245,0.3128183485346412,0.280792248678304,0.0448076345455638,False,True,ATOH8:-15.0583;HELZ2:-6.7058;JDP2:-6.0394;NEUROD1:-6.6434;OSR2:-4.6364
S2_k20,O2_Y2,False,FOXF1;JDP2;NEUROD1;NKX2-6;OSR2,5,1,-5.971898291502697,-1.257443385115124,4.714454906387573,0.3128183485346412,0.2561630764158295,0.4653860391539396,False,True,FOXF1:-4.4473;JDP2:-3.7573;NEUROD1:-3.8935;NKX2-6:-13.9766;OSR2:-1.7545
S2_k20,O2_Y2,False,HELZ2;HESX1;JDP2;OSR2;ZEB2,5,1,-4.487129850833412,-0.7783881981413798,3.7087416526920323,0.3128183485346412,0.2838230401350303,-0.09109255571623862,False,True,HELZ2:-2.8586;HESX1:-14.9046;JDP2:-1.7123;OSR2:-0.7414;ZEB2:-2.5922
S2_k20,O2_Y2,False,FOXF1;JDP2;OSR2;ZEB2;ZNF844,5,1,-12.3355235752976,-1.3598306984113449,10.975692876886255,0.3128183485346412,0.2983489333681673,0.25117518414865747,False,True,FOXF1:-10.9556;JDP2:-10.6457;OSR2:-8.6290;ZEB2:-10.3861;ZNF844:-14.8646
S2_k20,O2_Y2,False,HELZ2;JDP2;MYBL2;OSR2;ZEB2,5,1,-6.184636022541554,-0.9342639356556517,5.250372086885902,0.3128183485346412,0.30700883026516584,0.13367893039912876,False,True,HELZ2:-4.7110;JDP2:-4.0151;MYBL2:-14.9046;OSR2:-2.6766;ZEB2:-4.9285
S2_k20,O2_Y2,False,BCL6B;HELZ2;JDP2;OSR2;ZEB2,5,1,-9.631164434023617,-1.0602993305511959,8.570865103472421,0.3128183485346412,0.29371830649879854,-0.002944749268091562,False,True,BCL6B:-14.9046;HELZ2:-7.9229;JDP2:-7.3462;OSR2:-5.9986;ZEB2:-8.0585
S2_k20,O2_Y2,False,HELZ2;JDP2;OSR2;TBP;ZEB2,5,1,-9.851457209328117,-1.067224786406298,8.78423242292182,0.3128183485346412,0.2972139296865017,0.07980661354966138,False,True,HELZ2:-8.1304;JDP2:-7.6839;OSR2:-6.2106;TBP:-14.9046;ZEB2:-8.3342
S2_k50,O2_Y2,False,FOXF1;HELZ2;JDP2;OSR2;TUB,5,1,-5.638494943927981,0.3498273989731928,5.988322342901173,0.5655295896787663,0.22919190981504892,0.28187541286632634,False,True,FOXF1:-3.6740;HELZ2:-3.7940;JDP2:-4.1796;OSR2:-4.1938;TUB:-10.5779
S2_k50,O2_Y2,False,DMRTC1;FOXF1;HELZ2;JDP2;OSR2,5,2,-3.6093486935714623,-0.17458400032060686,3.4347646932508553,0.5655295896787663,0.1976356188131461,0.19201865950851085,False,True,DMRTC1:-10.5779;FOXF1:-1.4224;HELZ2:-1.6332;JDP2:-1.6509;OSR2:-1.7036
S2_k50,O2_Y2,False,FOXF1;HELZ2;JDP2;OSR2;ZNF429,5,1,5.733330109969074,1.015821345993831,-4.7175087639752435,0.5655295896787663,0.24858024970503476,0.1700423177855847,False,False,FOXF1:+7.5866;HELZ2:+7.4821;JDP2:+7.1874;OSR2:+7.0466;ZNF429:-10.5779
S2_k50,O2_Y2,False,FOXF1;GATA1;HELZ2;NR4A1;OSR2,5,1,-1.2464748858089933,0.827017928729697,2.0734928145386906,0.5655295896787663,0.23820503802223958,0.35674382097237073,False,True,FOXF1:+0.4697;GATA1:+0.4071;HELZ2:+0.4713;NR4A1:-10.5123;OSR2:+0.1867
S2_k50,O2_Y2,False,FOXF1;GATA1;HELZ2;OSR2;ZFP36L1,5,1,1.0185970257784334,0.6880218646716431,-0.3305751611067903,0.5655295896787663,0.24057497734602537,0.15800325472556617,False,False,FOXF1:+2.7904;GATA1:+2.8298;HELZ2:+2.5900;OSR2:+2.3956;ZFP36L1:-10.5123
S2_k50,O2_Y2,False,FOXF1;GATA1;HELZ2;IRX3;OSR2,5,1,-0.01335729037953115,0.5540367007592863,0.5673939911388175,0.5655295896787663,0.22617701729891246,0.2079407281827808,False,True,FOXF1:+1.6121;GATA1:+1.6629;HELZ2:+2.0948;IRX3:-10.5123;OSR2:+1.6453
S2_k50,O2_Y2,False,FOXF1;GATA1;HELZ2;NKX1-2;OSR2,5,1,-7.407244687351749,-0.3143100926576807,7.092934594694069,0.5655295896787663,0.19301745675680987,0.09783583147997454,False,True,FOXF1:-5.4168;GATA1:-5.4430;HELZ2:-5.0401;NKX1-2:-10.5123;OSR2:-5.4314
S2_k50,O2_Y2,False,FOXF1;GTF2IRD2B;HELZ2;JDP2;OSR2,5,1,-7.383279818626022,-0.22877682328908405,7.154502995336938,0.5655295896787663,0.22039076639046742,0.2572564437671011,False,True,FOXF1:-5.4729;GTF2IRD2B:-10.5779;HELZ2:-5.6176;JDP2:-5.8628;OSR2:-5.7470
S2_k50,O2_Y2,False,FOXF1;GATA1;HELZ2;LDB1;OSR2,5,1,-2.673352797526775,0.3126960899222241,2.986048887448999,0.5655295896787663,0.21659962961791687,0.07742385568575019,False,True,FOXF1:-0.5733;GATA1:-0.3124;HELZ2:-1.1683;LDB1:-10.5123;OSR2:-0.9151
S2_k50,O2_Y2,False,FOXF1;GATA1;HELZ2;IRF9;OSR2,5,1,-9.965392037853746,-0.232851999711022,9.732540038142725,0.5655295896787663,0.22244162413395596,0.25520677451696505,False,True,FOXF1:-8.2085;GATA1:-8.2647;HELZ2:-8.1247;IRF9:-10.5123;OSR2:-8.2793
S2_k50,O2_Y2,False,FOXF1;HELZ2;JDP2;OSR2;TCFL5,5,1,-7.036818228217442,-0.3583228345162695,6.678495393701172,0.5655295896787663,0.20301127803768076,0.2290306550404148,False,True,FOXF1:-5.0563;HELZ2:-4.7293;JDP2:-5.4690;OSR2:-5.1367;TCFL5:-10.5779
S2_k50,O2_Y2,False,FOXF1;HELZ2;JDP2;OSR2;ZBTB14,5,1,-3.5172421915507925,-0.2718703984317443,3.245371793119048,0.5655295896787663,0.2061145251270427,0.3263849382162352,False,True,FOXF1:-1.6477;HELZ2:-1.4632;JDP2:-1.7738;OSR2:-1.6668;ZBTB14:-10.5779
S2_k50,O2_Y2,False,FOXF1;HELZ2;JDP2;MIER2;OSR2,5,1,-8.57171338521465,-0.39235381947475495,8.179359565739896,0.5655295896787663,0.19529747930462946,0.23443692877190161,False,True,FOXF1:-6.4764;HELZ2:-6.4699;JDP2:-6.6805;MIER2:-10.5779;OSR2:-6.6111
S2_k50,O2_Y2,False,FOXF1;HELZ2;NEUROD1;OSR2;ZNF80,5,1,7.796395570381833,1.3831899880350849,-6.413205582346748,0.5655295896787663,0.24988690437581643,0.21950892652192938,False,False,FOXF1:+9.6183;HELZ2:+9.4220;NEUROD1:+9.2297;OSR2:+9.1959;ZNF80:-10.1153
S2_k50,O2_Y2,False,FOXF1;HELZ2;JDP2;OSR2;ZNF569,5,1,-4.746068329413276,-0.04590748257901387,4.700160846834263,0.5655295896787663,0.20524829651288395,0.23977953505860566,False,True,FOXF1:-2.8254;HELZ2:-2.4720;JDP2:-3.1181;OSR2:-2.8941;ZNF569:-10.5779
S2_k50,O2_Y2,False,FOXF1;HELZ2;JDP2;MYCBP;OSR2,5,1,-5.701484518770599,-0.08168300359647258,5.619801515174126,0.5655295896787663,0.21292664064846717,0.23443006298305386,False,True,FOXF1:-3.6980;HELZ2:-3.8015;JDP2:-4.0393;MYCBP:-10.5779;OSR2:-3.9789
S2_k50,O2_Y2,False,AFF3;FOXF1;HELZ2;JDP2;OSR2,5,1,-4.443492350168526,0.04425335238012167,4.487745702548648,0.5655295896787663,0.22755354799123956,0.2081599745996444,False,True,AFF3:-10.5779;FOXF1:-2.5333;HELZ2:-2.4820;JDP2:-3.1243;OSR2:-2.9499
S2_k50,O2_Y2,False,FOXF1;HELZ2;JDP2;OSR2;TFAP2E,5,2,-8.01260341795114,-0.4372104608988563,7.575392957052284,0.5655295896787663,0.19868835559866888,0.13651176068255164,False,True,FOXF1:-6.0483;HELZ2:-5.7682;JDP2:-6.2197;OSR2:-6.1049;TFAP2E:-10.5779
S2_k50,O2_Y2,False,FOXF1;GATA1;HELZ2;NAT10;OSR2,5,1,-2.1079381334317304,0.5380708285490216,2.646008961980752,0.5655295896787663,0.22718963398293837,0.1298754082584571,False,True,FOXF1:-0.1635;GATA1:-0.3016;HELZ2:-0.4421;NAT10:-10.5123;OSR2:-0.5020
S2_k50,O2_Y2,False,FOXF1;GATA1;HELZ2;NKRF;OSR2,5,1,-4.402745137300315,-0.055725867082554684,4.34701927021776,0.5655295896787663,0.19723945079046312,0.07582065355066006,False,True,FOXF1:-2.4713;GATA1:-2.3223;HELZ2:-2.2322;NKRF:-10.5123;OSR2:-2.4204
S2_k50,O2_Y2,False,FOXF1;HELZ2;HOXB4;JDP2;OSR2,5,1,-5.281160416985529,-0.1131493926572972,5.168011024328232,0.5655295896787663,0.21620879735486725,0.2385178281443583,False,True,FOXF1:-3.4345;HELZ2:-3.2845;HOXB4:-10.5779;JDP2:-3.7579;OSR2:-3.5843
S2_k50,O2_Y2,False,FOXF1;HELZ2;JDP2;OSR2;ZNF37A,5,1,-5.126650562936561,0.16415067606730532,5.290801239003867,0.5655295896787663,0.20728977540462235,0.29886545602547443,False,True,FOXF1:-3.2024;HELZ2:-2.9824;JDP2:-3.3374;OSR2:-3.3242;ZNF37A:-10.5779
S2_k50,O2_Y2,False,FOXF1;HELZ2;JDP2;NFKBIB;OSR2,5,1,-2.2546032642823093,0.35890674177422005,2.6135100060565293,0.5655295896787663,0.23681942381401985,0.2807542030594273,False,True,FOXF1:-0.4228;HELZ2:-0.6161;JDP2:-0.7950;NFKBIB:-10.5779;OSR2:-0.8043
S2_k50,O2_Y2,False,FOXF1;GATA1;GTF2IRD2;HELZ2;OSR2,5,1,-3.3887543893946486,0.6690926096164389,4.057846999011088,0.5655295896787663,0.22958760110649162,0.27735432368934854,False,True,FOXF1:-1.5263;GATA1:-1.4777;GTF2IRD2:-10.5123;HELZ2:-1.7870;OSR2:-1.7846
S2_k50,O2_Y2,False,FOXF1;HELZ2;JDP2;OSR2;ZNF692,5,1,-5.19201038607838,-0.16372734606556774,5.028283040012812,0.5655295896787663,0.20488802958742253,0.2970901695774174,False,True,FOXF1:-3.0975;HELZ2:-3.3196;JDP2:-3.2989;OSR2:-3.4193;ZNF692:-10.5779
S2_k50,O2_Y2,False,FOXF1;HELZ2;JDP2;OSR2;ZNF517,5,1,-5.200839449822126,-0.12851636323985352,5.072323086582273,0.5655295896787663,0.20192690684037176,0.25704157620459417,False,True,FOXF1:-3.1942;HELZ2:-2.9917;JDP2:-3.4500;OSR2:-3.3668;ZNF517:-10.5779
S2_k50,O2_Y2,False,ATOH7;FOXF1;HELZ2;JDP2;OSR2,5,1,-0.19380107115881628,0.7502040958249694,0.9440051669837857,0.5655295896787663,0.23846024603048047,0.26441262857031755,False,True,ATOH7:-10.5779;FOXF1:+1.7445;HELZ2:+1.2229;JDP2:+1.5036;OSR2:+1.2296
S2_k50,O2_Y2,False,FOXF1;HELZ2;JDP2;OSR2;PBX3,5,1,-1.557643751010744,0.3052078683283983,1.8628516193391422,0.5655295896787663,0.2184634677009866,0.23518545858300327,False,True,FOXF1:+0.4562;HELZ2:+0.0691;JDP2:+0.4551;OSR2:+0.1117;PBX3:-10.5779
S2_k50,O2_Y2,False,FOXF1;HELZ2;JDP2;OSR2;PLAGL1,5,1,-5.036660572953963,-0.15467908717266135,4.881981485781301,0.5655295896787663,0.19122355249142517,0.10858268465872163,False,True,FOXF1:-2.7960;HELZ2:-2.8672;JDP2:-2.8812;OSR2:-3.1024;PLAGL1:-10.5779
S2_k50,O2_Y2,False,FOXF1;GATA1;HELZ2;OSR2;SIX3,5,1,-6.411595193044832,0.4054213574253795,6.817016550470211,0.5655295896787663,0.23226010216570092,0.21855911518016188,False,True,FOXF1:-4.5510;GATA1:-4.6708;HELZ2:-4.7619;OSR2:-4.9234;SIX3:-10.5123
S2_k50,O2_Y2,False,FOXF1;HELZ2;JDP2;OSR2;THRB,5,1,-8.309587326541475,-0.423030130759264,7.886557195782212,0.5655295896787663,0.19935884057519607,0.2641761793121894,False,True,FOXF1:-6.2747;HELZ2:-6.2626;JDP2:-6.3967;OSR2:-6.4254;THRB:-10.5779
S2_k50,O2_Y2,False,FOXF1;HELZ2;JDP2;OSR2;TFAP2A,5,1,2.958832348005785,0.43320262053377406,-2.525629727472011,0.5655295896787663,0.2328383697135521,0.21921800485748485,False,False,FOXF1:+4.5969;HELZ2:+4.9150;JDP2:+4.5222;OSR2:+4.5214;TFAP2A:-10.5779
S2_k50,O2_Y2,False,FOXF1;HELZ2;JDP2;OSR2;ZNF32,5,1,-2.9901819360679838,0.31608979521290337,3.306271731280887,0.5655295896787663,0.23378604123557553,0.2452972771458568,False,True,FOXF1:-1.2016;HELZ2:-1.0697;JDP2:-1.8264;OSR2:-1.4965;ZNF32:-10.5779
S2_k50,O2_Y2,False,FOSB;FOXF1;HELZ2;JDP2;OSR2,5,1,-11.586883148287285,-0.4419409170865918,11.144942231200693,0.5655295896787663,0.23582672656473136,0.38251565901998125,False,True,FOSB:-10.5779;FOXF1:-10.0554;HELZ2:-9.2464;JDP2:-10.6435;OSR2:-10.0276
S2_k50,O2_Y2,False,FOXF1;HELZ2;JDP2;OSR2;ZNF22,5,1,1.4709008250612783,0.48651594142482696,-0.9843848836364513,0.5655295896787663,0.22067371672951477,0.29097626838132384,False,False,FOXF1:+3.3070;HELZ2:+3.4675;JDP2:+3.1349;OSR2:+3.1600;ZNF22:-10.5779
S2_k50,O2_Y2,False,FOXF1;GLIS2;HELZ2;JDP2;OSR2,5,1,-1.695487005480004,0.05220192692296169,1.7476889324029656,0.5655295896787663,0.21681447034681003,0.22561421431106465,False,True,FOXF1:+0.3064;GLIS2:-10.5779;HELZ2:+0.1755;JDP2:-0.1280;OSR2:-0.0620
S2_k50,O2_Y2,False,FOXF1;HELZ2;HMG20B;JDP2;OSR2,5,1,-1.6141102472320767,0.48680927063144297,2.10091951786352,0.5655295896787663,0.22453627566896434,0.33634806176592835,False,True,FOXF1:+0.3208;HELZ2:+0.1979;HMG20B:-10.5779;JDP2:+0.0175;OSR2:-0.0881
S2_k50,O2_Y2,False,FOXF1;HELZ2;JDP2;OSR2;RUNX1T1,5,1,-4.504049520333183,-0.036531557830016936,4.467517962503166,0.5655295896787663,0.21574549384041045,0.25415162757807935,False,True,FOXF1:-2.5941;HELZ2:-2.5423;JDP2:-2.9181;OSR2:-2.7698;RUNX1T1:-10.5779
S2_k50,O2_Y2,False,FOXF1;GATA3;HELZ2;JDP2;OSR2,5,1,-6.127745423645763,-0.2191764469941631,5.908568976651599,0.5655295896787663,0.24421146024460882,0.08229718454014297,False,True,FOXF1:-4.8933;GATA3:-10.5779;HELZ2:-4.0886;JDP2:-5.1099;OSR2:-4.5864
S2_k50,O2_Y2,False,CERS6;FOXF1;HELZ2;JDP2;OSR2,5,1,-4.738735556148015,-0.0031207887953569853,4.735614767352658,0.5655295896787663,0.21455782003725027,0.2075121730363639,False,True,CERS6:-10.5779;FOXF1:-2.7764;HELZ2:-2.7563;JDP2:-3.1253;OSR2:-3.0225
S2_k50,O2_Y2,False,FOXF1;HELZ2;JDP2;KRBOX5;OSR2,5,1,-4.136782439273304,-0.10785702565088967,4.028925413622415,0.5655295896787663,0.22228831905188068,0.22008751280677058,False,True,FOXF1:-2.3183;HELZ2:-2.2289;JDP2:-2.7330;KRBOX5:-10.5779;OSR2:-2.4855
S2_k50,O2_Y2,False,FOXF1;GATA1;HELZ2;OSR2;ZNF541,5,1,-2.4725623542499306,0.1274116675237963,2.599974021773727,0.5655295896787663,0.2061288114610253,0.2368865749784513,False,True,FOXF1:-0.5972;GATA1:-0.6732;HELZ2:-0.2042;OSR2:-0.6411;ZNF541:-10.5123
S2_k50,O2_Y2,False,FOXF1;FOXH1;GATA1;HELZ2;OSR2,5,1,-5.505366858425646,-0.17007659975352565,5.33529025867212,0.5655295896787663,0.19838489707075577,0.15022132576226074,False,True,FOXF1:-3.5626;FOXH1:-10.5123;GATA1:-3.4844;HELZ2:-3.2234;OSR2:-3.5942
S2_k50,O2_Y2,False,FOXF1;GATA1;HELZ2;MLXIP;OSR2,5,1,-6.831152495143044,-0.3668323763299866,6.464320118813058,0.5655295896787663,0.2010226944634833,0.03400724987858468,False,True,FOXF1:-4.9257;GATA1:-4.9015;HELZ2:-4.6187;MLXIP:-10.5123;OSR2:-4.9337
S2_k50,O2_Y2,False,FOXF1;HELZ2;JDP2;OSR2;THAP12,5,1,-6.144006237819781,-0.43269633852541173,5.711309899294369,0.5655295896787663,0.20228511270179428,0.27233585810001204,False,True,FOXF1:-4.1246;HELZ2:-4.0542;JDP2:-4.4258;OSR2:-4.2956;THAP12:-10.5779
S2_k50,O2_Y2,False,FOXF1;HELZ2;JDP2;KLF1;OSR2,5,1,-1.7971804722017168,-0.08383485510429109,1.7133456170974257,0.5655295896787663,0.2104368777148233,0.3541374383123821,False,True,FOXF1:-0.0932;HELZ2:+0.3470;JDP2:-0.0338;KLF1:-10.5779;OSR2:+0.0172
S2_k50,O2_Y2,False,FOXF1;HELZ2;JDP2;OSR2;ZNF512B,5,1,-2.8226570731308698,0.24141902615596678,3.0640760992868366,0.5655295896787663,0.21782572001695094,0.32175647121607903,False,True,FOXF1:-0.9197;HELZ2:-0.9418;JDP2:-1.0449;OSR2:-1.1709;ZNF512B:-10.5779
S2_k50,O2_Y2,False,FOXF1;HELZ2;JDP2;NFIX;OSR2,5,1,-3.4183073724148016,0.31752666636338067,3.735834038778182,0.5655295896787663,0.2265575520709947,0.30928601625902913,False,True,FOXF1:-1.4277;HELZ2:-1.8197;JDP2:-1.7488;NFIX:-10.5779;OSR2:-1.9014
