column,dtype,role,n_unique,unique_up_to_10,n_unique_wt,unique_wt_up_to_10,n_unique_perturbed,unique_perturbed_up_to_10,differs_wt_vs_perturbed
PD14,bool,pd_flag,2,"[true, false]",2,"[true, false]",1,[false],True
PD26,bool,pd_flag,2,"[false, true]",2,"[false, true]",1,[false],True
PD32,bool,pd_flag,2,"[false, true]",2,"[false, true]",1,[false],True
CRI,int64,modality_flag,2,"[0, 1]",1,[0],2,"[0, 1]",True
CRA,int64,modality_flag,2,"[0, 1]",1,[0],2,"[1, 0]",True
n_counts,float32,qc,23366,"[6681.0, 22259.0, 33408.0, 21845.0, 1433.0, 8417.0, 19365.0, 2287.0, 10379.0, 12991.0]",6149,"[6681.0, 22259.0, 33408.0, 21845.0, 1433.0, 8417.0, 19365.0, 2287.0, 10379.0, 12991.0]",17569,"[25869.0, 20812.0, 5970.0, 38665.0, 19642.0, 18833.0, 19727.0, 31171.0, 10147.0, 15976.0]",True
log_counts,float32,qc,23366,"[8.807023048400879, 10.010501861572266, 10.416550636291504, 9.991726875305176, 7.2675251960754395, 9.038008689880371, 9.871222496032715, 7.734996318817139, 9.247539520263672, 9.472012519836426]",6149,"[8.807023048400879, 10.010501861572266, 10.416550636291504, 9.991726875305176, 7.2675251960754395, 9.038008689880371, 9.871222496032715, 7.734996318817139, 9.247539520263672, 9.472012519836426]",17569,"[10.16080093383789, 9.94328498840332, 8.694501876831055, 10.562689781188965, 9.885425567626953, 9.843365669250488, 9.88974380493164, 10.347243309020996, 9.224933624267578, 9.678842544555664]",True
n_genes,int64,qc,6402,"[2520, 4704, 5456, 4454, 904, 2762, 3565, 1239, 2793, 2852]",4113,"[2520, 4704, 5456, 4454, 904, 2762, 3565, 1239, 2793, 2852]",5516,"[5137, 4412, 2184, 6008, 4706, 4197, 4215, 5590, 1961, 3926]",True
MYC_CRA2,float64,guide_umi,54,"[0.0, 65.0, 14.0, 4.0, 1.0, 12.0, 42.0, 33.0, 48.0, 2.0]",1,[0.0],54,"[0.0, 65.0, 14.0, 4.0, 12.0, 1.0, 33.0, 48.0, 2.0, 22.0]",True
ZNF367_CRA1,float64,guide_umi,18,"[0.0, 1.0, 9.0, 11.0, 4.0, 10.0, 17.0, 3.0, 2.0, 15.0]",1,[0.0],18,"[0.0, 1.0, 9.0, 11.0, 4.0, 10.0, 17.0, 3.0, 2.0, 15.0]",True
ZNF281_CRA2,float64,guide_umi,16,"[0.0, 3.0, 2.0, 1.0, 41.0, 17.0, 5.0, 8.0, 7.0, 9.0]",1,[0.0],16,"[0.0, 3.0, 2.0, 1.0, 41.0, 17.0, 5.0, 8.0, 7.0, 9.0]",True
MYC_CRA1,float64,guide_umi,35,"[0.0, 39.0, 2.0, 15.0, 11.0, 18.0, 20.0, 17.0, 14.0, 1.0]",1,[0.0],35,"[0.0, 39.0, 2.0, 11.0, 18.0, 20.0, 17.0, 14.0, 1.0, 5.0]",True
VEZF1_CRA2,float64,guide_umi,34,"[0.0, 1.0, 2.0, 6.0, 18.0, 27.0, 10.0, 28.0, 8.0, 9.0]",1,[0.0],34,"[0.0, 2.0, 6.0, 18.0, 27.0, 1.0, 10.0, 28.0, 8.0, 9.0]",True
ESX1_CRA1,float64,guide_umi,19,"[0.0, 4.0, 1.0, 12.0, 5.0, 11.0, 35.0, 27.0, 2.0, 42.0]",1,[0.0],18,"[0.0, 4.0, 1.0, 12.0, 11.0, 35.0, 27.0, 42.0, 30.0, 62.0]",True
XRCC5_CRA2,float64,guide_umi,22,"[0.0, 1.0, 3.0, 2.0, 108.0, 16.0, 31.0, 38.0, 9.0, 7.0]",1,[0.0],22,"[0.0, 1.0, 2.0, 108.0, 16.0, 3.0, 31.0, 38.0, 9.0, 7.0]",True
ZBTB7A_CRA2,float64,guide_umi,15,"[0.0, 3.0, 1.0, 2.0, 13.0, 4.0, 5.0, 14.0, 20.0, 26.0]",1,[0.0],14,"[0.0, 3.0, 1.0, 2.0, 13.0, 4.0, 14.0, 5.0, 20.0, 26.0]",True
FOXI1_CRA2,float64,guide_umi,26,"[0.0, 14.0, 9.0, 1.0, 41.0, 8.0, 6.0, 10.0, 23.0, 32.0]",1,[0.0],26,"[0.0, 14.0, 9.0, 1.0, 41.0, 8.0, 6.0, 10.0, 23.0, 32.0]",True
NT_5,float64,guide_umi,76,"[0.0, 1.0, 4.0, 18.0, 12.0, 16.0, 2.0, 24.0, 3.0, 59.0]",1,[0.0],34,"[0.0, 1.0, 18.0, 16.0, 2.0, 24.0, 31.0, 15.0, 12.0, 13.0]",True
E2F3_CRA1,float64,guide_umi,29,"[0.0, 4.0, 1.0, 14.0, 9.0, 16.0, 24.0, 6.0, 15.0, 20.0]",1,[0.0],29,"[0.0, 4.0, 14.0, 1.0, 9.0, 16.0, 24.0, 6.0, 15.0, 20.0]",True
PARP1_CRA2,float64,guide_umi,33,"[0.0, 1.0, 5.0, 4.0, 8.0, 43.0, 69.0, 98.0, 15.0, 6.0]",1,[0.0],33,"[0.0, 1.0, 5.0, 4.0, 8.0, 43.0, 69.0, 98.0, 15.0, 6.0]",True
ETS1_CRA2,float64,guide_umi,17,"[0.0, 1.0, 2.0, 20.0, 36.0, 43.0, 102.0, 13.0, 34.0, 65.0]",1,[0.0],17,"[0.0, 1.0, 2.0, 20.0, 36.0, 43.0, 102.0, 13.0, 34.0, 65.0]",True
SALL4_CRA2,float64,guide_umi,30,"[0.0, 3.0, 6.0, 15.0, 2.0, 1.0, 20.0, 5.0, 24.0, 13.0]",1,[0.0],30,"[0.0, 3.0, 6.0, 15.0, 2.0, 1.0, 20.0, 5.0, 24.0, 13.0]",True
SALL4_CRA1,float64,guide_umi,31,"[0.0, 1.0, 54.0, 4.0, 6.0, 26.0, 53.0, 40.0, 10.0, 23.0]",1,[0.0],30,"[0.0, 1.0, 54.0, 4.0, 6.0, 26.0, 53.0, 40.0, 10.0, 23.0]",True
ZNF219_CRA1,float64,guide_umi,19,"[0.0, 19.0, 15.0, 4.0, 3.0, 7.0, 2.0, 1.0, 63.0, 10.0]",1,[0.0],19,"[0.0, 19.0, 15.0, 4.0, 3.0, 7.0, 2.0, 1.0, 63.0, 10.0]",True
CREB3L1_CRA1,float64,guide_umi,44,"[0.0, 54.0, 17.0, 1.0, 5.0, 6.0, 9.0, 33.0, 113.0, 71.0]",1,[0.0],44,"[0.0, 54.0, 17.0, 1.0, 5.0, 6.0, 9.0, 33.0, 113.0, 71.0]",True
HOXD3_CRA2,float64,guide_umi,53,"[0.0, 7.0, 9.0, 11.0, 1.0, 71.0, 26.0, 20.0, 2.0, 3.0]",1,[0.0],53,"[0.0, 7.0, 9.0, 11.0, 1.0, 71.0, 26.0, 20.0, 2.0, 3.0]",True
CEBPA_CRA1,float64,guide_umi,24,"[0.0, 1.0, 9.0, 4.0, 7.0, 10.0, 2.0, 14.0, 5.0, 12.0]",1,[0.0],24,"[0.0, 1.0, 9.0, 4.0, 7.0, 10.0, 14.0, 2.0, 5.0, 12.0]",True
HINFP_CRA1,float64,guide_umi,3,"[0.0, 1.0, 2.0]",1,[0.0],3,"[0.0, 1.0, 2.0]",True
TFE3_CRA2,float64,guide_umi,40,"[0.0, 16.0, 3.0, 1.0, 43.0, 31.0, 10.0, 44.0, 37.0, 5.0]",1,[0.0],40,"[16.0, 0.0, 3.0, 1.0, 43.0, 31.0, 10.0, 44.0, 37.0, 6.0]",True
HSF2_CRA1,float64,guide_umi,48,"[0.0, 23.0, 1.0, 33.0, 49.0, 32.0, 10.0, 84.0, 3.0, 28.0]",1,[0.0],48,"[0.0, 23.0, 1.0, 33.0, 49.0, 32.0, 10.0, 84.0, 3.0, 28.0]",True
CREB3L1_CRA2,float64,guide_umi,31,"[0.0, 1.0, 14.0, 9.0, 15.0, 2.0, 5.0, 7.0, 19.0, 27.0]",1,[0.0],31,"[0.0, 14.0, 9.0, 1.0, 15.0, 2.0, 5.0, 7.0, 19.0, 27.0]",True
HOXD3_CRA1,float64,guide_umi,26,"[0.0, 2.0, 3.0, 9.0, 1.0, 26.0, 33.0, 8.0, 4.0, 30.0]",1,[0.0],26,"[0.0, 2.0, 3.0, 9.0, 1.0, 26.0, 33.0, 8.0, 4.0, 30.0]",True
TLX2_CRA1,float64,guide_umi,63,"[0.0, 18.0, 10.0, 6.0, 52.0, 1.0, 37.0, 90.0, 26.0, 116.0]",1,[0.0],63,"[0.0, 18.0, 10.0, 6.0, 52.0, 1.0, 37.0, 90.0, 26.0, 116.0]",True
CEBPA_CRA2,float64,guide_umi,22,"[0.0, 1.0, 4.0, 3.0, 13.0, 9.0, 2.0, 5.0, 8.0, 10.0]",1,[0.0],21,"[0.0, 1.0, 4.0, 13.0, 9.0, 5.0, 2.0, 10.0, 6.0, 8.0]",True
NFIL3_CRA1,float64,guide_umi,5,"[0.0, 2.0, 3.0, 1.0, 4.0]",1,[0.0],5,"[0.0, 2.0, 3.0, 1.0, 4.0]",True
TEAD3_CRA1,float64,guide_umi,28,"[0.0, 3.0, 1.0, 6.0, 10.0, 4.0, 7.0, 15.0, 19.0, 8.0]",1,[0.0],28,"[0.0, 3.0, 1.0, 10.0, 4.0, 7.0, 6.0, 15.0, 19.0, 8.0]",True
SP1_CRI1,float64,guide_umi,37,"[0.0, 1.0, 2.0, 15.0, 32.0, 9.0, 11.0, 3.0, 16.0, 22.0]",1,[0.0],37,"[0.0, 1.0, 15.0, 32.0, 9.0, 11.0, 3.0, 2.0, 16.0, 22.0]",True
ETV5_CRI2,float64,guide_umi,36,"[0.0, 1.0, 16.0, 11.0, 3.0, 15.0, 25.0, 2.0, 20.0, 27.0]",1,[0.0],36,"[0.0, 1.0, 16.0, 11.0, 3.0, 15.0, 25.0, 2.0, 20.0, 27.0]",True
KLF6_CRI1,float64,guide_umi,30,"[0.0, 1.0, 2.0, 7.0, 5.0, 4.0, 43.0, 6.0, 21.0, 16.0]",1,[0.0],30,"[0.0, 1.0, 2.0, 7.0, 5.0, 4.0, 43.0, 6.0, 21.0, 16.0]",True
STAT4_CRI1,float64,guide_umi,33,"[0.0, 1.0, 20.0, 18.0, 68.0, 16.0, 30.0, 11.0, 3.0, 4.0]",1,[0.0],32,"[0.0, 1.0, 20.0, 18.0, 68.0, 16.0, 30.0, 11.0, 3.0, 4.0]",True
SOX7_CRI2,float64,guide_umi,31,"[0.0, 1.0, 5.0, 17.0, 2.0, 6.0, 12.0, 3.0, 15.0, 27.0]",1,[0.0],30,"[0.0, 1.0, 5.0, 17.0, 2.0, 6.0, 12.0, 3.0, 15.0, 27.0]",True
ZNF281_CRI2,float64,guide_umi,44,"[0.0, 13.0, 15.0, 1.0, 18.0, 19.0, 17.0, 5.0, 24.0, 12.0]",1,[0.0],43,"[0.0, 1.0, 5.0, 10.0, 12.0, 21.0, 16.0, 47.0, 18.0, 31.0]",True
ATG4C_CRI2,float64,guide_umi,34,"[0.0, 1.0, 27.0, 24.0, 12.0, 28.0, 32.0, 47.0, 2.0, 4.0]",1,[0.0],34,"[0.0, 1.0, 27.0, 24.0, 12.0, 28.0, 32.0, 47.0, 4.0, 33.0]",True
SOX15_CRI2,float64,guide_umi,35,"[0.0, 1.0, 11.0, 21.0, 16.0, 10.0, 12.0, 9.0, 19.0, 30.0]",1,[0.0],35,"[0.0, 1.0, 11.0, 21.0, 16.0, 10.0, 9.0, 19.0, 30.0, 2.0]",True
FOXA3_CRI1,float64,guide_umi,29,"[0.0, 1.0, 11.0, 12.0, 2.0, 3.0, 13.0, 6.0, 9.0, 16.0]",1,[0.0],29,"[0.0, 1.0, 11.0, 12.0, 2.0, 3.0, 13.0, 6.0, 9.0, 16.0]",True
XBP1_CRI2,float64,guide_umi,37,"[0.0, 123.0, 1.0, 16.0, 3.0, 13.0, 30.0, 33.0, 11.0, 2.0]",1,[0.0],36,"[0.0, 1.0, 16.0, 13.0, 30.0, 33.0, 11.0, 24.0, 22.0, 7.0]",True
KLF4_CRI2,float64,guide_umi,26,"[0.0, 1.0, 2.0, 12.0, 5.0, 13.0, 10.0, 7.0, 3.0, 6.0]",1,[0.0],26,"[0.0, 1.0, 2.0, 12.0, 5.0, 13.0, 10.0, 3.0, 7.0, 6.0]",True
JUND_CRA1,float64,guide_umi,35,"[0.0, 36.0, 1.0, 43.0, 4.0, 20.0, 89.0, 3.0, 2.0, 16.0]",1,[0.0],35,"[0.0, 36.0, 1.0, 43.0, 4.0, 20.0, 89.0, 3.0, 2.0, 16.0]",True
FLI1_CRI2,float64,guide_umi,39,"[0.0, 1.0, 8.0, 13.0, 28.0, 52.0, 2.0, 39.0, 49.0, 5.0]",1,[0.0],39,"[0.0, 8.0, 1.0, 13.0, 28.0, 52.0, 39.0, 49.0, 5.0, 14.0]",True
DLX6_CRA2,float64,guide_umi,37,"[0.0, 22.0, 12.0, 1.0, 14.0, 30.0, 5.0, 34.0, 3.0, 10.0]",1,[0.0],37,"[0.0, 22.0, 12.0, 1.0, 14.0, 30.0, 34.0, 3.0, 10.0, 11.0]",True
NR0B1_CRA1,float64,guide_umi,33,"[0.0, 12.0, 29.0, 1.0, 2.0, 10.0, 15.0, 5.0, 57.0, 91.0]",1,[0.0],33,"[0.0, 12.0, 29.0, 1.0, 2.0, 10.0, 15.0, 5.0, 57.0, 91.0]",True
EGR2_CRA1,float64,guide_umi,8,"[0.0, 2.0, 1.0, 3.0, 8.0, 4.0, 5.0, 7.0]",1,[0.0],8,"[0.0, 2.0, 1.0, 3.0, 8.0, 4.0, 5.0, 7.0]",True
LCOR_CRA1,float64,guide_umi,13,"[0.0, 5.0, 3.0, 7.0, 4.0, 32.0, 1.0, 2.0, 15.0, 8.0]",1,[0.0],13,"[0.0, 5.0, 3.0, 4.0, 32.0, 1.0, 2.0, 15.0, 8.0, 7.0]",True
GABARAPL1_CRA1,float64,guide_umi,40,"[0.0, 1.0, 10.0, 14.0, 13.0, 9.0, 25.0, 46.0, 11.0, 6.0]",1,[0.0],39,"[0.0, 1.0, 10.0, 14.0, 13.0, 9.0, 25.0, 46.0, 11.0, 6.0]",True
EZH2_CRA1,float64,guide_umi,43,"[0.0, 137.0, 31.0, 6.0, 38.0, 26.0, 7.0, 24.0, 1.0, 29.0]",1,[0.0],41,"[0.0, 137.0, 31.0, 38.0, 26.0, 24.0, 1.0, 29.0, 25.0, 3.0]",True
PGR_CRA1,float64,guide_umi,44,"[0.0, 2.0, 1.0, 4.0, 9.0, 17.0, 24.0, 29.0, 76.0, 6.0]",1,[0.0],44,"[0.0, 2.0, 1.0, 4.0, 9.0, 17.0, 24.0, 29.0, 76.0, 6.0]",True
ZNF384_CRA1,float64,guide_umi,47,"[0.0, 29.0, 6.0, 14.0, 1.0, 45.0, 21.0, 27.0, 46.0, 22.0]",1,[0.0],47,"[0.0, 29.0, 6.0, 14.0, 1.0, 45.0, 21.0, 27.0, 46.0, 22.0]",True
TFAP2A_CRA1,float64,guide_umi,28,"[0.0, 11.0, 1.0, 40.0, 44.0, 16.0, 27.0, 43.0, 53.0, 2.0]",1,[0.0],27,"[0.0, 11.0, 1.0, 40.0, 44.0, 16.0, 27.0, 43.0, 53.0, 2.0]",True
SOX15_CRA2,float64,guide_umi,38,"[0.0, 12.0, 9.0, 1.0, 4.0, 10.0, 14.0, 50.0, 22.0, 2.0]",1,[0.0],38,"[0.0, 12.0, 9.0, 1.0, 4.0, 10.0, 14.0, 50.0, 22.0, 2.0]",True
MEF2C_CRA1,float64,guide_umi,29,"[0.0, 58.0, 1.0, 76.0, 9.0, 8.0, 2.0, 19.0, 28.0, 20.0]",1,[0.0],29,"[0.0, 58.0, 1.0, 76.0, 9.0, 8.0, 2.0, 19.0, 28.0, 20.0]",True
XBP1_CRA1,float64,guide_umi,24,"[0.0, 2.0, 8.0, 20.0, 7.0, 9.0, 1.0, 32.0, 19.0, 10.0]",1,[0.0],24,"[0.0, 2.0, 8.0, 20.0, 7.0, 9.0, 32.0, 1.0, 19.0, 10.0]",True
POU5F1_CRA2,float64,guide_umi,23,"[0.0, 1.0, 9.0, 17.0, 5.0, 3.0, 21.0, 6.0, 30.0, 2.0]",1,[0.0],22,"[0.0, 1.0, 9.0, 17.0, 5.0, 3.0, 21.0, 6.0, 30.0, 2.0]",True
TCF3_CRA1,float64,guide_umi,15,"[0.0, 1.0, 5.0, 3.0, 6.0, 4.0, 10.0, 7.0, 2.0, 37.0]",1,[0.0],15,"[0.0, 5.0, 3.0, 1.0, 6.0, 4.0, 7.0, 2.0, 37.0, 11.0]",True
LHX5_CRA2,float64,guide_umi,30,"[0.0, 1.0, 6.0, 5.0, 2.0, 9.0, 4.0, 66.0, 8.0, 11.0]",1,[0.0],29,"[0.0, 1.0, 6.0, 5.0, 2.0, 9.0, 4.0, 8.0, 11.0, 30.0]",True
ZKSCAN3_CRA1,float64,guide_umi,38,"[0.0, 39.0, 94.0, 1.0, 5.0, 65.0, 68.0, 3.0, 38.0, 23.0]",1,[0.0],38,"[0.0, 39.0, 94.0, 5.0, 65.0, 1.0, 68.0, 3.0, 38.0, 23.0]",True
NRF1_CRA1,float64,guide_umi,23,"[0.0, 1.0, 5.0, 10.0, 19.0, 3.0, 40.0, 6.0, 17.0, 7.0]",1,[0.0],22,"[0.0, 1.0, 5.0, 10.0, 3.0, 40.0, 6.0, 17.0, 7.0, 4.0]",True
JUN_CRA2,float64,guide_umi,15,"[0.0, 2.0, 47.0, 10.0, 20.0, 9.0, 39.0, 1.0, 109.0, 4.0]",1,[0.0],15,"[0.0, 2.0, 47.0, 10.0, 20.0, 9.0, 39.0, 1.0, 109.0, 4.0]",True
TFE3_CRA1,float64,guide_umi,37,"[0.0, 53.0, 1.0, 4.0, 2.0, 33.0, 9.0, 51.0, 6.0, 31.0]",1,[0.0],37,"[0.0, 53.0, 4.0, 1.0, 2.0, 33.0, 9.0, 51.0, 6.0, 31.0]",True
CDX2_CRA2,float64,guide_umi,22,"[0.0, 1.0, 3.0, 15.0, 24.0, 17.0, 7.0, 9.0, 22.0, 11.0]",1,[0.0],22,"[0.0, 1.0, 3.0, 15.0, 24.0, 17.0, 7.0, 9.0, 22.0, 11.0]",True
ZFHX3_CRA2,float64,guide_umi,20,"[0.0, 7.0, 6.0, 1.0, 20.0, 2.0, 34.0, 15.0, 3.0, 28.0]",1,[0.0],20,"[0.0, 7.0, 6.0, 1.0, 20.0, 2.0, 34.0, 15.0, 3.0, 28.0]",True
JUN_CRA1,float64,guide_umi,16,"[0.0, 1.0, 10.0, 4.0, 2.0, 18.0, 14.0, 12.0, 26.0, 9.0]",1,[0.0],16,"[0.0, 1.0, 10.0, 4.0, 2.0, 18.0, 14.0, 12.0, 26.0, 9.0]",True
NKX2-2_CRA1,float64,guide_umi,36,"[0.0, 4.0, 8.0, 9.0, 49.0, 3.0, 34.0, 42.0, 21.0, 1.0]",1,[0.0],36,"[0.0, 4.0, 8.0, 9.0, 49.0, 3.0, 34.0, 42.0, 21.0, 1.0]",True
PPARGC1B_CRA1,float64,guide_umi,44,"[0.0, 1.0, 36.0, 113.0, 5.0, 3.0, 40.0, 12.0, 16.0, 8.0]",1,[0.0],44,"[0.0, 1.0, 36.0, 113.0, 5.0, 3.0, 40.0, 12.0, 16.0, 2.0]",True
MYC_CRI2,float64,guide_umi,45,"[0.0, 1.0, 9.0, 2.0, 12.0, 4.0, 35.0, 8.0, 7.0, 19.0]",1,[0.0],43,"[0.0, 1.0, 9.0, 12.0, 4.0, 8.0, 7.0, 19.0, 3.0, 14.0]",True
FERD3L_CRA1,float64,guide_umi,23,"[0.0, 8.0, 4.0, 1.0, 5.0, 6.0, 14.0, 35.0, 10.0, 7.0]",1,[0.0],23,"[0.0, 8.0, 4.0, 1.0, 5.0, 6.0, 14.0, 35.0, 10.0, 7.0]",True
PBX2_CRA1,float64,guide_umi,27,"[0.0, 10.0, 14.0, 13.0, 17.0, 1.0, 71.0, 30.0, 8.0, 3.0]",1,[0.0],27,"[0.0, 10.0, 14.0, 13.0, 17.0, 1.0, 71.0, 30.0, 8.0, 3.0]",True
STAT1_CRA2,float64,guide_umi,32,"[0.0, 1.0, 23.0, 7.0, 29.0, 2.0, 25.0, 45.0, 3.0, 10.0]",1,[0.0],32,"[0.0, 1.0, 23.0, 29.0, 25.0, 45.0, 3.0, 10.0, 14.0, 44.0]",True
FERD3L_CRA2,float64,guide_umi,42,"[0.0, 24.0, 8.0, 9.0, 44.0, 4.0, 1.0, 33.0, 5.0, 28.0]",1,[0.0],41,"[0.0, 24.0, 8.0, 9.0, 44.0, 4.0, 1.0, 33.0, 5.0, 28.0]",True
EOMES_CRI2,float64,guide_umi,54,"[0.0, 2.0, 1.0, 10.0, 56.0, 31.0, 44.0, 36.0, 13.0, 17.0]",1,[0.0],54,"[0.0, 2.0, 1.0, 10.0, 56.0, 31.0, 44.0, 36.0, 13.0, 17.0]",True
SIM1_CRI1,float64,guide_umi,35,"[0.0, 1.0, 2.0, 7.0, 14.0, 21.0, 13.0, 8.0, 38.0, 6.0]",1,[0.0],34,"[0.0, 1.0, 2.0, 14.0, 21.0, 13.0, 8.0, 38.0, 6.0, 44.0]",True
NR4A2_CRA1,float64,guide_umi,35,"[0.0, 19.0, 1.0, 2.0, 60.0, 5.0, 28.0, 27.0, 30.0, 38.0]",1,[0.0],35,"[0.0, 19.0, 1.0, 60.0, 5.0, 28.0, 27.0, 30.0, 38.0, 2.0]",True
POU2F1_CRA2,float64,guide_umi,25,"[0.0, 1.0, 3.0, 7.0, 13.0, 36.0, 8.0, 5.0, 6.0, 4.0]",1,[0.0],23,"[0.0, 3.0, 7.0, 13.0, 36.0, 8.0, 5.0, 6.0, 4.0, 2.0]",True
GATA3_CRA2,float64,guide_umi,14,"[0.0, 2.0, 1.0, 7.0, 5.0, 3.0, 6.0, 9.0, 8.0, 16.0]",1,[0.0],14,"[0.0, 2.0, 1.0, 7.0, 5.0, 3.0, 6.0, 9.0, 8.0, 16.0]",True
SREBF1_CRA2,float64,guide_umi,37,"[0.0, 3.0, 1.0, 6.0, 4.0, 2.0, 37.0, 16.0, 15.0, 47.0]",1,[0.0],34,"[0.0, 3.0, 1.0, 6.0, 4.0, 2.0, 37.0, 16.0, 15.0, 47.0]",True
ZKSCAN3_CRI2,float64,guide_umi,57,"[0.0, 1.0, 18.0, 2.0, 28.0, 8.0, 56.0, 3.0, 30.0, 6.0]",1,[0.0],57,"[0.0, 1.0, 18.0, 28.0, 2.0, 8.0, 56.0, 3.0, 30.0, 6.0]",True
MEF2C_CRA2,float64,guide_umi,31,"[0.0, 59.0, 3.0, 4.0, 69.0, 7.0, 1.0, 22.0, 17.0, 20.0]",1,[0.0],31,"[0.0, 59.0, 3.0, 4.0, 69.0, 7.0, 1.0, 22.0, 17.0, 20.0]",True
HINFP_CRA2,float64,guide_umi,26,"[0.0, 1.0, 2.0, 6.0, 4.0, 22.0, 19.0, 3.0, 11.0, 8.0]",1,[0.0],26,"[0.0, 1.0, 2.0, 6.0, 4.0, 22.0, 19.0, 3.0, 11.0, 8.0]",True
NR4A1_CRA1,float64,guide_umi,18,"[0.0, 4.0, 1.0, 10.0, 5.0, 61.0, 35.0, 7.0, 14.0, 3.0]",1,[0.0],18,"[0.0, 4.0, 1.0, 10.0, 5.0, 61.0, 35.0, 7.0, 14.0, 3.0]",True
ZKSCAN4_CRA1,float64,guide_umi,19,"[0.0, 1.0, 3.0, 5.0, 15.0, 4.0, 25.0, 13.0, 2.0, 6.0]",1,[0.0],18,"[0.0, 1.0, 3.0, 5.0, 15.0, 4.0, 25.0, 13.0, 2.0, 6.0]",True
BRCA1_CRA2,float64,guide_umi,24,"[0.0, 1.0, 12.0, 4.0, 2.0, 3.0, 16.0, 6.0, 22.0, 8.0]",1,[0.0],23,"[0.0, 1.0, 12.0, 4.0, 2.0, 3.0, 16.0, 22.0, 8.0, 6.0]",True
RUNX2_CRA2,float64,guide_umi,23,"[0.0, 1.0, 60.0, 18.0, 30.0, 7.0, 6.0, 3.0, 26.0, 2.0]",1,[0.0],23,"[0.0, 1.0, 60.0, 18.0, 30.0, 7.0, 6.0, 3.0, 26.0, 2.0]",True
ARID5A_CRA1,float64,guide_umi,23,"[0.0, 1.0, 6.0, 11.0, 5.0, 2.0, 9.0, 17.0, 15.0, 16.0]",1,[0.0],23,"[0.0, 1.0, 6.0, 11.0, 5.0, 9.0, 17.0, 2.0, 15.0, 16.0]",True
ARID5A_CRA2,float64,guide_umi,19,"[0.0, 2.0, 1.0, 3.0, 8.0, 12.0, 5.0, 4.0, 11.0, 31.0]",1,[0.0],18,"[0.0, 2.0, 1.0, 3.0, 8.0, 12.0, 5.0, 4.0, 11.0, 31.0]",True
HOXA6_CRA2,float64,guide_umi,48,"[0.0, 1.0, 64.0, 21.0, 24.0, 46.0, 25.0, 4.0, 18.0, 37.0]",1,[0.0],46,"[0.0, 1.0, 64.0, 21.0, 24.0, 46.0, 4.0, 18.0, 37.0, 8.0]",True
BRCA1_CRA1,float64,guide_umi,31,"[0.0, 1.0, 7.0, 6.0, 29.0, 9.0, 21.0, 5.0, 4.0, 36.0]",1,[0.0],31,"[0.0, 1.0, 7.0, 6.0, 29.0, 9.0, 21.0, 5.0, 4.0, 36.0]",True
KLF4_CRA1,float64,guide_umi,16,"[0.0, 1.0, 2.0, 8.0, 5.0, 9.0, 4.0, 15.0, 11.0, 31.0]",1,[0.0],16,"[0.0, 1.0, 2.0, 8.0, 5.0, 9.0, 4.0, 15.0, 11.0, 31.0]",True
TFAM_CRA1,float64,guide_umi,15,"[0.0, 6.0, 5.0, 1.0, 2.0, 4.0, 7.0, 8.0, 3.0, 11.0]",1,[0.0],15,"[0.0, 6.0, 5.0, 2.0, 1.0, 7.0, 4.0, 8.0, 3.0, 11.0]",True
FOXB2_CRA1,float64,guide_umi,58,"[0.0, 15.0, 51.0, 21.0, 1.0, 65.0, 17.0, 64.0, 30.0, 14.0]",1,[0.0],58,"[0.0, 15.0, 51.0, 21.0, 1.0, 65.0, 17.0, 64.0, 30.0, 14.0]",True
SRY_CRA1,float64,guide_umi,20,"[0.0, 33.0, 1.0, 15.0, 35.0, 19.0, 56.0, 6.0, 12.0, 66.0]",1,[0.0],20,"[0.0, 33.0, 1.0, 15.0, 35.0, 19.0, 56.0, 6.0, 12.0, 66.0]",True
TEAD3_CRA2,float64,guide_umi,15,"[0.0, 6.0, 8.0, 5.0, 3.0, 4.0, 1.0, 2.0, 10.0, 12.0]",1,[0.0],15,"[0.0, 8.0, 5.0, 3.0, 4.0, 1.0, 2.0, 6.0, 10.0, 12.0]",True
FOXB2_CRA2,float64,guide_umi,10,"[0.0, 1.0, 12.0, 10.0, 3.0, 2.0, 4.0, 5.0, 6.0, 18.0]",1,[0.0],10,"[0.0, 1.0, 12.0, 10.0, 3.0, 2.0, 4.0, 5.0, 6.0, 18.0]",True
HOXC10_CRA2,float64,guide_umi,10,"[0.0, 1.0, 2.0, 4.0, 3.0, 7.0, 9.0, 5.0, 10.0, 6.0]",1,[0.0],10,"[0.0, 1.0, 2.0, 4.0, 3.0, 7.0, 9.0, 5.0, 10.0, 6.0]",True
TWIST1_CRA1,float64,guide_umi,29,"[0.0, 1.0, 2.0, 14.0, 24.0, 18.0, 19.0, 15.0, 43.0, 3.0]",1,[0.0],29,"[0.0, 1.0, 2.0, 14.0, 24.0, 18.0, 19.0, 43.0, 3.0, 9.0]",True
PRKRIR_CRA1,float64,guide_umi,32,"[0.0, 14.0, 5.0, 4.0, 1.0, 7.0, 27.0, 22.0, 37.0, 10.0]",1,[0.0],32,"[0.0, 14.0, 5.0, 4.0, 1.0, 27.0, 22.0, 37.0, 10.0, 17.0]",True
SOX7_CRA1,float64,guide_umi,17,"[0.0, 1.0, 2.0, 25.0, 3.0, 5.0, 6.0, 12.0, 4.0, 7.0]",1,[0.0],17,"[0.0, 1.0, 2.0, 25.0, 5.0, 6.0, 3.0, 12.0, 4.0, 7.0]",True
CDX1_CRA1,float64,guide_umi,54,"[0.0, 1.0, 3.0, 26.0, 19.0, 28.0, 69.0, 41.0, 5.0, 30.0]",1,[0.0],54,"[0.0, 1.0, 3.0, 26.0, 19.0, 28.0, 69.0, 41.0, 5.0, 30.0]",True
FOSL1_CRA1,float64,guide_umi,44,"[0.0, 1.0, 18.0, 24.0, 11.0, 39.0, 30.0, 9.0, 22.0, 5.0]",1,[0.0],44,"[0.0, 1.0, 18.0, 24.0, 11.0, 39.0, 30.0, 9.0, 22.0, 5.0]",True
DLX2_CRA1,float64,guide_umi,39,"[0.0, 1.0, 15.0, 6.0, 8.0, 4.0, 14.0, 17.0, 7.0, 18.0]",1,[0.0],39,"[0.0, 1.0, 15.0, 6.0, 8.0, 4.0, 14.0, 17.0, 7.0, 18.0]",True
NFKB2_CRA2,float64,guide_umi,47,"[0.0, 5.0, 1.0, 14.0, 11.0, 3.0, 23.0, 18.0, 17.0, 12.0]",1,[0.0],47,"[0.0, 5.0, 1.0, 11.0, 3.0, 23.0, 18.0, 17.0, 12.0, 4.0]",True
FOSL1_CRA2,float64,guide_umi,47,"[0.0, 1.0, 24.0, 33.0, 44.0, 39.0, 34.0, 26.0, 12.0, 31.0]",1,[0.0],44,"[0.0, 24.0, 33.0, 1.0, 44.0, 39.0, 34.0, 26.0, 12.0, 31.0]",True
XRCC5_CRA1,float64,guide_umi,27,"[0.0, 2.0, 8.0, 3.0, 1.0, 36.0, 21.0, 11.0, 4.0, 12.0]",1,[0.0],27,"[0.0, 2.0, 8.0, 3.0, 1.0, 36.0, 21.0, 11.0, 4.0, 12.0]",True
NOBOX_CRA1,float64,guide_umi,28,"[0.0, 25.0, 12.0, 2.0, 1.0, 10.0, 4.0, 38.0, 5.0, 32.0]",1,[0.0],27,"[0.0, 25.0, 12.0, 2.0, 1.0, 10.0, 4.0, 38.0, 5.0, 32.0]",True
ATG4C_CRA2,float64,guide_umi,33,"[0.0, 1.0, 8.0, 6.0, 18.0, 33.0, 23.0, 11.0, 27.0, 7.0]",1,[0.0],33,"[0.0, 1.0, 8.0, 6.0, 18.0, 33.0, 23.0, 11.0, 27.0, 7.0]",True
PHOX2B_CRA1,float64,guide_umi,15,"[0.0, 18.0, 1.0, 3.0, 9.0, 8.0, 6.0, 11.0, 5.0, 2.0]",1,[0.0],15,"[0.0, 18.0, 1.0, 3.0, 9.0, 8.0, 6.0, 11.0, 5.0, 2.0]",True
ATG4C_CRA1,float64,guide_umi,5,"[0.0, 2.0, 1.0, 3.0, 5.0]",1,[0.0],5,"[0.0, 2.0, 1.0, 3.0, 5.0]",True
JUND_CRA2,float64,guide_umi,31,"[0.0, 7.0, 30.0, 3.0, 1.0, 29.0, 13.0, 6.0, 20.0, 94.0]",1,[0.0],31,"[0.0, 7.0, 30.0, 3.0, 1.0, 29.0, 13.0, 6.0, 20.0, 94.0]",True
DLX6_CRA1,float64,guide_umi,33,"[0.0, 27.0, 2.0, 7.0, 31.0, 5.0, 29.0, 1.0, 26.0, 6.0]",1,[0.0],32,"[27.0, 0.0, 2.0, 7.0, 31.0, 29.0, 1.0, 26.0, 6.0, 14.0]",True
PAX4_CRA2,float64,guide_umi,21,"[0.0, 1.0, 3.0, 21.0, 2.0, 6.0, 4.0, 11.0, 9.0, 10.0]",1,[0.0],21,"[0.0, 1.0, 3.0, 21.0, 2.0, 6.0, 4.0, 11.0, 9.0, 10.0]",True
NT_4,float64,guide_umi,65,"[0.0, 8.0, 20.0, 5.0, 1.0, 44.0, 97.0, 14.0, 26.0, 50.0]",1,[0.0],37,"[0.0, 1.0, 13.0, 9.0, 20.0, 2.0, 33.0, 5.0, 15.0, 7.0]",True
EGR1_CRA2,float64,guide_umi,24,"[0.0, 4.0, 13.0, 6.0, 17.0, 1.0, 5.0, 2.0, 11.0, 92.0]",1,[0.0],24,"[0.0, 4.0, 13.0, 6.0, 17.0, 1.0, 5.0, 2.0, 11.0, 92.0]",True
MEF2A_CRA1,float64,guide_umi,34,"[0.0, 1.0, 29.0, 10.0, 16.0, 26.0, 8.0, 18.0, 12.0, 40.0]",1,[0.0],32,"[0.0, 1.0, 29.0, 10.0, 16.0, 26.0, 8.0, 18.0, 12.0, 40.0]",True
ARX_CRA1,float64,guide_umi,48,"[0.0, 8.0, 16.0, 1.0, 19.0, 21.0, 20.0, 33.0, 4.0, 31.0]",1,[0.0],48,"[0.0, 8.0, 16.0, 1.0, 19.0, 21.0, 20.0, 33.0, 4.0, 31.0]",True
MEF2A_CRA2,float64,guide_umi,38,"[0.0, 19.0, 34.0, 10.0, 1.0, 21.0, 5.0, 6.0, 8.0, 2.0]",1,[0.0],37,"[0.0, 19.0, 34.0, 10.0, 21.0, 5.0, 6.0, 8.0, 1.0, 2.0]",True
HOXA1_CRA1,float64,guide_umi,27,"[0.0, 9.0, 1.0, 3.0, 8.0, 7.0, 4.0, 2.0, 11.0, 6.0]",1,[0.0],27,"[0.0, 9.0, 3.0, 8.0, 7.0, 4.0, 1.0, 2.0, 11.0, 6.0]",True
NR0B1_CRA2,float64,guide_umi,40,"[0.0, 1.0, 17.0, 39.0, 84.0, 52.0, 2.0, 7.0, 109.0, 77.0]",1,[0.0],40,"[0.0, 1.0, 17.0, 39.0, 84.0, 52.0, 7.0, 109.0, 77.0, 133.0]",True
ESR1_CRA1,float64,guide_umi,2,"[0.0, 1.0]",1,[0.0],2,"[0.0, 1.0]",True
ESR1_CRA2,float64,guide_umi,8,"[0.0, 1.0, 3.0, 5.0, 2.0, 7.0, 4.0, 8.0]",1,[0.0],8,"[0.0, 1.0, 3.0, 5.0, 2.0, 7.0, 4.0, 8.0]",True
CTCF_CRA1,float64,guide_umi,29,"[0.0, 25.0, 1.0, 19.0, 12.0, 60.0, 22.0, 28.0, 46.0, 36.0]",1,[0.0],29,"[0.0, 25.0, 1.0, 19.0, 12.0, 60.0, 22.0, 28.0, 46.0, 36.0]",True
ZNF695_CRA2,float64,guide_umi,32,"[0.0, 5.0, 1.0, 6.0, 3.0, 9.0, 24.0, 33.0, 4.0, 27.0]",1,[0.0],32,"[0.0, 5.0, 1.0, 6.0, 3.0, 9.0, 24.0, 33.0, 4.0, 27.0]",True
ZNF695_CRA1,float64,guide_umi,18,"[0.0, 1.0, 10.0, 16.0, 5.0, 4.0, 7.0, 9.0, 2.0, 6.0]",1,[0.0],18,"[0.0, 1.0, 10.0, 16.0, 5.0, 4.0, 7.0, 9.0, 2.0, 12.0]",True
FOXD2_CRA2,float64,guide_umi,33,"[0.0, 12.0, 24.0, 8.0, 4.0, 1.0, 18.0, 9.0, 19.0, 50.0]",1,[0.0],32,"[0.0, 12.0, 24.0, 8.0, 4.0, 1.0, 18.0, 9.0, 19.0, 50.0]",True
ZFHX3_CRA1,float64,guide_umi,19,"[0.0, 7.0, 4.0, 1.0, 5.0, 12.0, 3.0, 8.0, 21.0, 20.0]",1,[0.0],19,"[0.0, 7.0, 4.0, 1.0, 5.0, 12.0, 3.0, 8.0, 21.0, 20.0]",True
ZBTB2_CRA2,float64,guide_umi,18,"[0.0, 2.0, 1.0, 27.0, 10.0, 3.0, 16.0, 4.0, 13.0, 17.0]",1,[0.0],18,"[0.0, 2.0, 1.0, 27.0, 10.0, 3.0, 16.0, 4.0, 13.0, 17.0]",True
PHOX2B_CRI2,float64,guide_umi,39,"[0.0, 1.0, 41.0, 21.0, 19.0, 22.0, 78.0, 12.0, 43.0, 20.0]",1,[0.0],39,"[0.0, 1.0, 41.0, 21.0, 19.0, 22.0, 78.0, 12.0, 43.0, 20.0]",True
FOXA2_CRA1,float64,guide_umi,23,"[0.0, 3.0, 10.0, 2.0, 6.0, 30.0, 1.0, 5.0, 4.0, 9.0]",1,[0.0],22,"[0.0, 3.0, 10.0, 2.0, 30.0, 1.0, 5.0, 4.0, 9.0, 18.0]",True
VAX1_CRA2,float64,guide_umi,28,"[0.0, 6.0, 1.0, 16.0, 22.0, 10.0, 18.0, 12.0, 13.0, 14.0]",1,[0.0],28,"[0.0, 6.0, 1.0, 16.0, 22.0, 10.0, 18.0, 12.0, 13.0, 14.0]",True
NFKB2_CRA1,float64,guide_umi,43,"[0.0, 2.0, 14.0, 22.0, 12.0, 1.0, 23.0, 11.0, 8.0, 28.0]",1,[0.0],42,"[0.0, 2.0, 22.0, 12.0, 1.0, 23.0, 11.0, 8.0, 28.0, 15.0]",True
FOXA2_CRA2,float64,guide_umi,12,"[0.0, 1.0, 7.0, 3.0, 6.0, 4.0, 8.0, 2.0, 5.0, 10.0]",1,[0.0],12,"[0.0, 1.0, 7.0, 3.0, 6.0, 4.0, 8.0, 2.0, 5.0, 10.0]",True
LHX1_CRA2,float64,guide_umi,12,"[0.0, 1.0, 6.0, 9.0, 13.0, 7.0, 2.0, 3.0, 5.0, 12.0]",1,[0.0],12,"[0.0, 1.0, 6.0, 9.0, 13.0, 7.0, 2.0, 3.0, 5.0, 12.0]",True
CDX1_CRA2,float64,guide_umi,6,"[0.0, 4.0, 2.0, 1.0, 3.0, 8.0]",1,[0.0],6,"[0.0, 4.0, 2.0, 1.0, 3.0, 8.0]",True
MXD3_CRA1,float64,guide_umi,43,"[0.0, 1.0, 9.0, 27.0, 4.0, 43.0, 41.0, 156.0, 3.0, 57.0]",1,[0.0],43,"[0.0, 1.0, 9.0, 27.0, 4.0, 43.0, 41.0, 156.0, 3.0, 57.0]",True
CEBPB_CRA2,float64,guide_umi,7,"[0.0, 1.0, 3.0, 4.0, 2.0, 5.0, 6.0]",1,[0.0],7,"[0.0, 1.0, 3.0, 4.0, 2.0, 5.0, 6.0]",True
ARNTL2_CRA2,float64,guide_umi,21,"[0.0, 2.0, 1.0, 6.0, 17.0, 20.0, 22.0, 13.0, 3.0, 19.0]",1,[0.0],21,"[0.0, 2.0, 1.0, 6.0, 17.0, 20.0, 22.0, 13.0, 3.0, 19.0]",True
PLAU_CRA1,float64,guide_umi,16,"[0.0, 1.0, 5.0, 6.0, 3.0, 8.0, 4.0, 2.0, 7.0, 10.0]",1,[0.0],16,"[0.0, 1.0, 5.0, 6.0, 3.0, 8.0, 2.0, 7.0, 10.0, 4.0]",True
ZKSCAN4_CRA2,float64,guide_umi,9,"[0.0, 1.0, 3.0, 2.0, 4.0, 13.0, 5.0, 6.0, 8.0]",1,[0.0],9,"[0.0, 1.0, 3.0, 2.0, 4.0, 13.0, 5.0, 6.0, 8.0]",True
HMGB2_CRA2,float64,guide_umi,23,"[0.0, 1.0, 25.0, 20.0, 10.0, 12.0, 2.0, 14.0, 5.0, 58.0]",1,[0.0],23,"[0.0, 1.0, 25.0, 20.0, 10.0, 12.0, 14.0, 5.0, 58.0, 13.0]",True
HOXA1_CRA2,float64,guide_umi,37,"[0.0, 18.0, 1.0, 6.0, 16.0, 14.0, 5.0, 7.0, 9.0, 13.0]",1,[0.0],37,"[0.0, 18.0, 6.0, 16.0, 14.0, 5.0, 7.0, 9.0, 1.0, 13.0]",True
ZBTB7B_CRA1,float64,guide_umi,13,"[0.0, 1.0, 10.0, 9.0, 7.0, 5.0, 2.0, 11.0, 6.0, 4.0]",1,[0.0],13,"[0.0, 1.0, 10.0, 9.0, 7.0, 5.0, 2.0, 11.0, 6.0, 4.0]",True
FOXO3_CRA2,float64,guide_umi,19,"[0.0, 5.0, 1.0, 9.0, 4.0, 18.0, 3.0, 15.0, 14.0, 28.0]",1,[0.0],18,"[0.0, 5.0, 9.0, 1.0, 4.0, 18.0, 3.0, 15.0, 28.0, 6.0]",True
FOXO3_CRA1,float64,guide_umi,28,"[0.0, 13.0, 22.0, 2.0, 1.0, 6.0, 5.0, 8.0, 3.0, 18.0]",1,[0.0],28,"[0.0, 13.0, 22.0, 2.0, 1.0, 6.0, 5.0, 8.0, 18.0, 19.0]",True
NFKB1_CRA1,float64,guide_umi,37,"[0.0, 50.0, 1.0, 20.0, 47.0, 41.0, 2.0, 18.0, 27.0, 45.0]",1,[0.0],36,"[0.0, 50.0, 1.0, 20.0, 47.0, 41.0, 2.0, 18.0, 27.0, 45.0]",True
TWIST1_CRA2,float64,guide_umi,22,"[0.0, 4.0, 15.0, 3.0, 1.0, 2.0, 8.0, 9.0, 45.0, 26.0]",1,[0.0],22,"[0.0, 4.0, 15.0, 3.0, 1.0, 2.0, 8.0, 9.0, 45.0, 26.0]",True
KLF3_CRA1,float64,guide_umi,28,"[0.0, 6.0, 11.0, 10.0, 7.0, 1.0, 56.0, 12.0, 50.0, 5.0]",1,[0.0],28,"[0.0, 6.0, 11.0, 10.0, 7.0, 1.0, 56.0, 12.0, 50.0, 5.0]",True
ZFX_CRA2,float64,guide_umi,27,"[0.0, 2.0, 5.0, 1.0, 12.0, 13.0, 44.0, 15.0, 25.0, 17.0]",1,[0.0],26,"[0.0, 2.0, 5.0, 1.0, 12.0, 13.0, 44.0, 25.0, 17.0, 4.0]",True
CPEB1_CRA2,float64,guide_umi,38,"[0.0, 10.0, 1.0, 3.0, 15.0, 4.0, 2.0, 6.0, 9.0, 5.0]",1,[0.0],37,"[0.0, 10.0, 1.0, 3.0, 15.0, 4.0, 2.0, 6.0, 9.0, 5.0]",True
FOXI1_CRA1,float64,guide_umi,18,"[0.0, 7.0, 2.0, 1.0, 31.0, 6.0, 18.0, 4.0, 37.0, 3.0]",1,[0.0],17,"[0.0, 7.0, 2.0, 31.0, 1.0, 6.0, 18.0, 4.0, 37.0, 3.0]",True
ALX1_CRA2,float64,guide_umi,33,"[0.0, 49.0, 27.0, 1.0, 30.0, 25.0, 73.0, 6.0, 2.0, 12.0]",1,[0.0],33,"[0.0, 49.0, 27.0, 1.0, 30.0, 25.0, 73.0, 6.0, 2.0, 12.0]",True
ZNF384_CRA2,float64,guide_umi,26,"[0.0, 4.0, 1.0, 18.0, 30.0, 11.0, 2.0, 14.0, 6.0, 3.0]",1,[0.0],26,"[0.0, 4.0, 18.0, 30.0, 11.0, 1.0, 2.0, 14.0, 6.0, 3.0]",True
ZIC3_CRA2,float64,guide_umi,25,"[0.0, 6.0, 13.0, 9.0, 1.0, 4.0, 22.0, 8.0, 3.0, 12.0]",1,[0.0],25,"[0.0, 6.0, 13.0, 9.0, 4.0, 22.0, 8.0, 1.0, 12.0, 25.0]",True
ZIC3_CRA1,float64,guide_umi,34,"[0.0, 31.0, 26.0, 10.0, 16.0, 11.0, 24.0, 20.0, 59.0, 1.0]",1,[0.0],33,"[0.0, 31.0, 26.0, 10.0, 16.0, 11.0, 24.0, 20.0, 59.0, 1.0]",True
ATG5_CRA1,float64,guide_umi,27,"[0.0, 1.0, 2.0, 9.0, 13.0, 4.0, 21.0, 12.0, 17.0, 27.0]",1,[0.0],27,"[0.0, 1.0, 2.0, 9.0, 13.0, 4.0, 21.0, 12.0, 17.0, 27.0]",True
NR4A2_CRI1,float64,guide_umi,44,"[0.0, 1.0, 17.0, 2.0, 43.0, 9.0, 49.0, 4.0, 18.0, 3.0]",1,[0.0],42,"[0.0, 1.0, 17.0, 43.0, 49.0, 4.0, 2.0, 18.0, 14.0, 3.0]",True
ETS1_CRI2,float64,guide_umi,12,"[0.0, 1.0, 6.0, 3.0, 15.0, 5.0, 16.0, 4.0, 8.0, 2.0]",1,[0.0],12,"[0.0, 1.0, 3.0, 15.0, 5.0, 16.0, 4.0, 2.0, 8.0, 6.0]",True
E2F7_CRI2,float64,guide_umi,33,"[0.0, 1.0, 31.0, 2.0, 3.0, 9.0, 13.0, 32.0, 14.0, 16.0]",1,[0.0],32,"[0.0, 1.0, 31.0, 13.0, 32.0, 14.0, 16.0, 24.0, 11.0, 5.0]",True
PPARGC1B_CRA2,float64,guide_umi,37,"[0.0, 35.0, 15.0, 1.0, 5.0, 36.0, 10.0, 2.0, 17.0, 8.0]",1,[0.0],37,"[0.0, 35.0, 15.0, 1.0, 5.0, 36.0, 10.0, 2.0, 17.0, 8.0]",True
NKX1-1_CRA2,float64,guide_umi,30,"[0.0, 4.0, 20.0, 1.0, 24.0, 11.0, 14.0, 3.0, 6.0, 2.0]",1,[0.0],30,"[0.0, 4.0, 20.0, 1.0, 24.0, 14.0, 3.0, 6.0, 2.0, 43.0]",True
DLX5_CRA2,float64,guide_umi,18,"[0.0, 3.0, 48.0, 8.0, 1.0, 10.0, 12.0, 5.0, 6.0, 2.0]",1,[0.0],17,"[0.0, 3.0, 48.0, 8.0, 1.0, 10.0, 12.0, 5.0, 6.0, 45.0]",True
ESX1_CRA2,float64,guide_umi,10,"[0.0, 6.0, 7.0, 1.0, 2.0, 11.0, 5.0, 4.0, 14.0, 12.0]",1,[0.0],9,"[0.0, 6.0, 7.0, 1.0, 11.0, 5.0, 4.0, 14.0, 12.0]",True
HOXA2_CRA1,float64,guide_umi,45,"[0.0, 19.0, 39.0, 1.0, 5.0, 103.0, 31.0, 23.0, 3.0, 16.0]",1,[0.0],45,"[0.0, 19.0, 39.0, 1.0, 5.0, 103.0, 31.0, 23.0, 3.0, 16.0]",True
MAZ_CRA2,float64,guide_umi,21,"[0.0, 2.0, 42.0, 39.0, 3.0, 41.0, 6.0, 1.0, 4.0, 17.0]",1,[0.0],21,"[0.0, 2.0, 42.0, 39.0, 3.0, 41.0, 6.0, 1.0, 17.0, 15.0]",True
CDX2_CRA1,float64,guide_umi,27,"[0.0, 1.0, 3.0, 2.0, 33.0, 29.0, 25.0, 26.0, 47.0, 17.0]",1,[0.0],27,"[0.0, 1.0, 3.0, 2.0, 33.0, 29.0, 25.0, 26.0, 47.0, 17.0]",True
TBX3_CRA1,float64,guide_umi,13,"[0.0, 10.0, 8.0, 1.0, 4.0, 3.0, 2.0, 6.0, 14.0, 7.0]",1,[0.0],13,"[0.0, 10.0, 8.0, 1.0, 4.0, 3.0, 2.0, 6.0, 14.0, 7.0]",True
NFE2L2_CRA2,float64,guide_umi,15,"[0.0, 16.0, 2.0, 11.0, 18.0, 9.0, 13.0, 1.0, 7.0, 4.0]",1,[0.0],15,"[0.0, 16.0, 2.0, 11.0, 18.0, 9.0, 13.0, 1.0, 7.0, 4.0]",True
HSF1_CRA1,float64,guide_umi,28,"[0.0, 7.0, 15.0, 17.0, 58.0, 1.0, 6.0, 4.0, 11.0, 32.0]",1,[0.0],28,"[0.0, 7.0, 15.0, 58.0, 1.0, 6.0, 11.0, 32.0, 25.0, 4.0]",True
ONECUT1_CRA2,float64,guide_umi,35,"[0.0, 1.0, 15.0, 55.0, 4.0, 6.0, 36.0, 2.0, 61.0, 12.0]",1,[0.0],34,"[0.0, 1.0, 15.0, 55.0, 4.0, 6.0, 36.0, 2.0, 61.0, 12.0]",True
ONECUT1_CRA1,float64,guide_umi,15,"[0.0, 1.0, 13.0, 8.0, 10.0, 6.0, 35.0, 2.0, 15.0, 7.0]",1,[0.0],15,"[0.0, 1.0, 13.0, 8.0, 10.0, 6.0, 35.0, 2.0, 15.0, 7.0]",True
EZH2_CRA2,float64,guide_umi,46,"[0.0, 6.0, 3.0, 1.0, 7.0, 15.0, 13.0, 25.0, 18.0, 21.0]",1,[0.0],46,"[0.0, 3.0, 1.0, 15.0, 13.0, 25.0, 18.0, 21.0, 23.0, 33.0]",True
ETS2_CRA2,float64,guide_umi,36,"[0.0, 16.0, 2.0, 1.0, 6.0, 5.0, 34.0, 24.0, 8.0, 20.0]",1,[0.0],36,"[0.0, 16.0, 2.0, 1.0, 6.0, 5.0, 34.0, 24.0, 8.0, 20.0]",True
MYBL2_CRA2,float64,guide_umi,30,"[0.0, 3.0, 43.0, 7.0, 1.0, 2.0, 8.0, 29.0, 4.0, 19.0]",1,[0.0],30,"[0.0, 3.0, 43.0, 7.0, 1.0, 8.0, 29.0, 19.0, 5.0, 2.0]",True
FOXM1_CRA2,float64,guide_umi,13,"[0.0, 1.0, 2.0, 4.0, 3.0, 6.0, 8.0, 14.0, 7.0, 11.0]",1,[0.0],13,"[0.0, 2.0, 1.0, 4.0, 3.0, 6.0, 8.0, 14.0, 7.0, 11.0]",True
HMGB1_CRI2,float64,guide_umi,34,"[0.0, 1.0, 46.0, 10.0, 26.0, 9.0, 19.0, 17.0, 7.0, 3.0]",1,[0.0],33,"[0.0, 1.0, 46.0, 10.0, 26.0, 9.0, 19.0, 17.0, 7.0, 4.0]",True
CEBPZ_CRA1,float64,guide_umi,27,"[0.0, 1.0, 12.0, 3.0, 20.0, 14.0, 5.0, 24.0, 10.0, 21.0]",1,[0.0],26,"[0.0, 12.0, 1.0, 3.0, 20.0, 14.0, 5.0, 24.0, 10.0, 21.0]",True
NOBOX_CRI1,float64,guide_umi,28,"[0.0, 121.0, 2.0, 1.0, 15.0, 9.0, 44.0, 71.0, 30.0, 17.0]",1,[0.0],26,"[0.0, 1.0, 15.0, 9.0, 44.0, 2.0, 71.0, 30.0, 8.0, 10.0]",True
CEBPZ_CRA2,float64,guide_umi,28,"[0.0, 3.0, 2.0, 4.0, 11.0, 17.0, 5.0, 1.0, 19.0, 12.0]",1,[0.0],27,"[0.0, 3.0, 2.0, 4.0, 11.0, 17.0, 5.0, 1.0, 19.0, 12.0]",True
NFATC4_CRA2,float64,guide_umi,10,"[0.0, 1.0, 5.0, 4.0, 3.0, 2.0, 6.0, 16.0, 10.0, 7.0]",1,[0.0],10,"[0.0, 1.0, 5.0, 4.0, 3.0, 2.0, 6.0, 16.0, 10.0, 7.0]",True
HOXB13_CRA1,float64,guide_umi,51,"[0.0, 1.0, 16.0, 22.0, 81.0, 8.0, 6.0, 36.0, 15.0, 20.0]",1,[0.0],51,"[0.0, 1.0, 16.0, 22.0, 81.0, 8.0, 6.0, 36.0, 15.0, 20.0]",True
PGR_CRA2,float64,guide_umi,16,"[0.0, 1.0, 2.0, 7.0, 6.0, 12.0, 14.0, 3.0, 9.0, 10.0]",1,[0.0],16,"[0.0, 1.0, 2.0, 7.0, 6.0, 12.0, 14.0, 3.0, 10.0, 4.0]",True
NFIA_CRA2,float64,guide_umi,15,"[0.0, 5.0, 33.0, 1.0, 73.0, 9.0, 6.0, 19.0, 13.0, 46.0]",1,[0.0],15,"[0.0, 5.0, 33.0, 1.0, 73.0, 9.0, 6.0, 19.0, 13.0, 46.0]",True
PAX8_CRA1,float64,guide_umi,8,"[0.0, 2.0, 1.0, 6.0, 3.0, 5.0, 4.0, 13.0]",1,[0.0],8,"[0.0, 1.0, 6.0, 2.0, 3.0, 5.0, 4.0, 13.0]",True
SIM2_CRA1,float64,guide_umi,42,"[0.0, 23.0, 1.0, 165.0, 64.0, 32.0, 20.0, 3.0, 47.0, 31.0]",1,[0.0],42,"[0.0, 23.0, 1.0, 165.0, 64.0, 32.0, 20.0, 3.0, 47.0, 31.0]",True
NFIA_CRA1,float64,guide_umi,7,"[0.0, 1.0, 4.0, 5.0, 3.0, 2.0, 11.0]",1,[0.0],7,"[0.0, 1.0, 4.0, 5.0, 3.0, 2.0, 11.0]",True
ZNF281_CRA1,float64,guide_umi,30,"[0.0, 45.0, 2.0, 27.0, 10.0, 3.0, 11.0, 1.0, 8.0, 6.0]",1,[0.0],30,"[0.0, 45.0, 2.0, 27.0, 10.0, 3.0, 11.0, 1.0, 8.0, 6.0]",True
KLF6_CRA2,float64,guide_umi,30,"[0.0, 38.0, 1.0, 44.0, 4.0, 26.0, 63.0, 2.0, 30.0, 25.0]",1,[0.0],29,"[0.0, 38.0, 1.0, 44.0, 4.0, 26.0, 63.0, 2.0, 30.0, 25.0]",True
NFE2L2_CRA1,float64,guide_umi,17,"[0.0, 6.0, 5.0, 7.0, 21.0, 1.0, 25.0, 19.0, 4.0, 3.0]",1,[0.0],16,"[0.0, 6.0, 5.0, 7.0, 21.0, 1.0, 25.0, 19.0, 4.0, 3.0]",True
SOX5_CRA2,float64,guide_umi,13,"[0.0, 11.0, 12.0, 1.0, 8.0, 10.0, 6.0, 3.0, 4.0, 2.0]",1,[0.0],13,"[0.0, 11.0, 12.0, 1.0, 8.0, 10.0, 6.0, 4.0, 2.0, 5.0]",True
ARX_CRA2,float64,guide_umi,15,"[0.0, 8.0, 7.0, 2.0, 1.0, 4.0, 22.0, 5.0, 3.0, 9.0]",1,[0.0],15,"[0.0, 8.0, 7.0, 2.0, 1.0, 4.0, 22.0, 5.0, 3.0, 9.0]",True
VEZF1_CRA1,float64,guide_umi,13,"[0.0, 7.0, 4.0, 11.0, 1.0, 3.0, 2.0, 15.0, 5.0, 9.0]",1,[0.0],13,"[0.0, 7.0, 4.0, 11.0, 1.0, 3.0, 2.0, 15.0, 5.0, 9.0]",True
CPEB1_CRA1,float64,guide_umi,38,"[0.0, 1.0, 11.0, 17.0, 2.0, 27.0, 3.0, 5.0, 6.0, 12.0]",1,[0.0],38,"[0.0, 1.0, 11.0, 17.0, 2.0, 27.0, 3.0, 5.0, 6.0, 12.0]",True
SOX7_CRA2,float64,guide_umi,10,"[0.0, 1.0, 4.0, 3.0, 2.0, 9.0, 7.0, 29.0, 5.0, 6.0]",1,[0.0],10,"[0.0, 1.0, 4.0, 3.0, 2.0, 9.0, 7.0, 29.0, 5.0, 6.0]",True
FOXD2_CRA1,float64,guide_umi,25,"[0.0, 3.0, 2.0, 1.0, 4.0, 7.0, 17.0, 13.0, 26.0, 8.0]",1,[0.0],25,"[0.0, 3.0, 2.0, 1.0, 4.0, 7.0, 17.0, 13.0, 26.0, 8.0]",True
IRF5_CRI1,float64,guide_umi,31,"[0.0, 1.0, 21.0, 15.0, 4.0, 7.0, 2.0, 11.0, 6.0, 16.0]",1,[0.0],31,"[0.0, 1.0, 21.0, 15.0, 4.0, 7.0, 2.0, 6.0, 16.0, 40.0]",True
GATA3_CRA1,float64,guide_umi,25,"[0.0, 2.0, 4.0, 16.0, 3.0, 8.0, 5.0, 1.0, 17.0, 13.0]",1,[0.0],25,"[0.0, 2.0, 4.0, 16.0, 3.0, 8.0, 5.0, 1.0, 17.0, 13.0]",True
ZNF367_CRA2,float64,guide_umi,15,"[0.0, 1.0, 2.0, 26.0, 12.0, 3.0, 10.0, 7.0, 5.0, 4.0]",1,[0.0],15,"[0.0, 2.0, 1.0, 26.0, 12.0, 3.0, 10.0, 7.0, 5.0, 4.0]",True
DLX4_CRA1,float64,guide_umi,36,"[0.0, 1.0, 18.0, 22.0, 5.0, 27.0, 50.0, 25.0, 39.0, 71.0]",1,[0.0],35,"[0.0, 1.0, 18.0, 22.0, 5.0, 27.0, 50.0, 25.0, 39.0, 71.0]",True
FOXO4_CRA2,float64,guide_umi,47,"[0.0, 23.0, 1.0, 10.0, 15.0, 32.0, 26.0, 28.0, 16.0, 51.0]",1,[0.0],46,"[0.0, 23.0, 1.0, 10.0, 15.0, 32.0, 26.0, 28.0, 16.0, 51.0]",True
GSX2_CRA1,float64,guide_umi,19,"[0.0, 4.0, 13.0, 1.0, 2.0, 22.0, 14.0, 17.0, 32.0, 6.0]",1,[0.0],19,"[0.0, 4.0, 1.0, 2.0, 13.0, 22.0, 14.0, 17.0, 32.0, 6.0]",True
ZBTB7C_CRA2,float64,guide_umi,21,"[0.0, 1.0, 5.0, 19.0, 20.0, 10.0, 16.0, 44.0, 21.0, 13.0]",1,[0.0],21,"[0.0, 1.0, 5.0, 19.0, 20.0, 10.0, 16.0, 44.0, 21.0, 13.0]",True
DLX2_CRA2,float64,guide_umi,33,"[0.0, 13.0, 2.0, 4.0, 10.0, 20.0, 7.0, 3.0, 1.0, 14.0]",1,[0.0],32,"[0.0, 13.0, 2.0, 4.0, 10.0, 20.0, 7.0, 3.0, 1.0, 14.0]",True
NT_1,float64,guide_umi,49,"[0.0, 8.0, 3.0, 1.0, 10.0, 26.0, 4.0, 7.0, 16.0, 13.0]",1,[0.0],31,"[0.0, 1.0, 4.0, 7.0, 12.0, 3.0, 2.0, 41.0, 14.0, 11.0]",True
SP1_CRA2,float64,guide_umi,17,"[0.0, 3.0, 1.0, 2.0, 21.0, 4.0, 15.0, 9.0, 7.0, 18.0]",1,[0.0],16,"[0.0, 3.0, 1.0, 2.0, 21.0, 4.0, 15.0, 9.0, 7.0, 18.0]",True
HSF1_CRA2,float64,guide_umi,19,"[0.0, 7.0, 1.0, 6.0, 4.0, 17.0, 12.0, 9.0, 23.0, 2.0]",1,[0.0],19,"[0.0, 7.0, 1.0, 6.0, 4.0, 12.0, 9.0, 23.0, 2.0, 32.0]",True
PAX4_CRA1,float64,guide_umi,26,"[0.0, 1.0, 10.0, 5.0, 20.0, 25.0, 3.0, 2.0, 4.0, 8.0]",1,[0.0],26,"[0.0, 10.0, 5.0, 20.0, 1.0, 25.0, 3.0, 2.0, 8.0, 4.0]",True
LHX5_CRA1,float64,guide_umi,51,"[0.0, 4.0, 16.0, 33.0, 9.0, 1.0, 11.0, 8.0, 80.0, 10.0]",1,[0.0],51,"[0.0, 4.0, 16.0, 33.0, 9.0, 1.0, 11.0, 8.0, 80.0, 10.0]",True
E2F1_CRA1,float64,guide_umi,16,"[0.0, 1.0, 5.0, 9.0, 7.0, 4.0, 11.0, 6.0, 3.0, 13.0]",1,[0.0],16,"[0.0, 1.0, 5.0, 9.0, 7.0, 11.0, 3.0, 4.0, 13.0, 8.0]",True
FOXA3_CRA1,float64,guide_umi,20,"[0.0, 1.0, 16.0, 5.0, 2.0, 8.0, 6.0, 4.0, 7.0, 13.0]",1,[0.0],20,"[0.0, 1.0, 16.0, 5.0, 2.0, 8.0, 6.0, 4.0, 7.0, 13.0]",True
PPARG_CRA2,float64,guide_umi,26,"[0.0, 3.0, 1.0, 11.0, 4.0, 16.0, 9.0, 14.0, 8.0, 7.0]",1,[0.0],26,"[0.0, 3.0, 1.0, 11.0, 4.0, 16.0, 9.0, 14.0, 8.0, 7.0]",True
PPARG_CRA1,float64,guide_umi,13,"[0.0, 2.0, 1.0, 3.0, 7.0, 10.0, 4.0, 6.0, 9.0, 5.0]",1,[0.0],13,"[0.0, 2.0, 3.0, 1.0, 7.0, 10.0, 4.0, 6.0, 9.0, 5.0]",True
HOXC5_CRA1,float64,guide_umi,19,"[0.0, 1.0, 9.0, 8.0, 3.0, 13.0, 2.0, 17.0, 6.0, 7.0]",1,[0.0],18,"[0.0, 9.0, 8.0, 3.0, 13.0, 2.0, 1.0, 17.0, 6.0, 7.0]",True
PLAU_CRA2,float64,guide_umi,10,"[0.0, 1.0, 4.0, 2.0, 5.0, 3.0, 9.0, 13.0, 6.0, 8.0]",1,[0.0],10,"[0.0, 1.0, 4.0, 2.0, 5.0, 3.0, 9.0, 13.0, 6.0, 8.0]",True
FOXA3_CRA2,float64,guide_umi,13,"[0.0, 2.0, 1.0, 10.0, 9.0, 3.0, 4.0, 6.0, 5.0, 8.0]",1,[0.0],13,"[0.0, 2.0, 1.0, 10.0, 9.0, 3.0, 4.0, 6.0, 5.0, 8.0]",True
SOX15_CRA1,float64,guide_umi,22,"[0.0, 1.0, 3.0, 6.0, 9.0, 26.0, 4.0, 5.0, 16.0, 8.0]",1,[0.0],22,"[0.0, 1.0, 3.0, 6.0, 9.0, 26.0, 4.0, 5.0, 16.0, 8.0]",True
FOXS1_CRA2,float64,guide_umi,12,"[0.0, 8.0, 4.0, 2.0, 10.0, 34.0, 1.0, 14.0, 3.0, 7.0]",1,[0.0],12,"[0.0, 8.0, 4.0, 10.0, 34.0, 1.0, 2.0, 14.0, 3.0, 7.0]",True
SOX9_CRA1,float64,guide_umi,36,"[0.0, 28.0, 58.0, 1.0, 16.0, 2.0, 4.0, 3.0, 53.0, 17.0]",1,[0.0],36,"[0.0, 28.0, 58.0, 1.0, 16.0, 2.0, 4.0, 3.0, 53.0, 17.0]",True
STAT3_CRA1,float64,guide_umi,12,"[0.0, 2.0, 4.0, 7.0, 11.0, 17.0, 10.0, 6.0, 1.0, 5.0]",1,[0.0],12,"[0.0, 2.0, 4.0, 7.0, 11.0, 17.0, 10.0, 6.0, 1.0, 5.0]",True
ETS2_CRA1,float64,guide_umi,25,"[0.0, 6.0, 1.0, 3.0, 14.0, 16.0, 7.0, 4.0, 8.0, 2.0]",1,[0.0],24,"[0.0, 6.0, 1.0, 3.0, 14.0, 16.0, 7.0, 4.0, 8.0, 2.0]",True
ARNTL2_CRA1,float64,guide_umi,46,"[0.0, 3.0, 1.0, 23.0, 2.0, 123.0, 93.0, 54.0, 118.0, 12.0]",1,[0.0],46,"[0.0, 3.0, 1.0, 23.0, 2.0, 123.0, 93.0, 54.0, 118.0, 12.0]",True
DNMT1_CRA2,float64,guide_umi,22,"[0.0, 4.0, 10.0, 11.0, 28.0, 16.0, 2.0, 1.0, 39.0, 15.0]",1,[0.0],22,"[0.0, 10.0, 11.0, 28.0, 16.0, 4.0, 2.0, 39.0, 1.0, 15.0]",True
DNMT1_CRA1,float64,guide_umi,28,"[0.0, 4.0, 26.0, 1.0, 2.0, 11.0, 61.0, 30.0, 20.0, 22.0]",1,[0.0],27,"[0.0, 26.0, 1.0, 2.0, 11.0, 4.0, 61.0, 30.0, 20.0, 22.0]",True
PRKRIR_CRA2,float64,guide_umi,17,"[0.0, 4.0, 2.0, 3.0, 11.0, 25.0, 1.0, 7.0, 6.0, 8.0]",1,[0.0],17,"[0.0, 4.0, 2.0, 3.0, 11.0, 25.0, 1.0, 6.0, 8.0, 5.0]",True
BSX_CRA1,float64,guide_umi,34,"[0.0, 1.0, 2.0, 26.0, 21.0, 19.0, 25.0, 4.0, 3.0, 66.0]",1,[0.0],34,"[0.0, 1.0, 2.0, 26.0, 21.0, 19.0, 25.0, 4.0, 3.0, 66.0]",True
MYB_CRA1,float64,guide_umi,21,"[0.0, 1.0, 9.0, 5.0, 7.0, 6.0, 26.0, 3.0, 16.0, 19.0]",1,[0.0],21,"[0.0, 1.0, 9.0, 5.0, 7.0, 6.0, 26.0, 3.0, 16.0, 19.0]",True
CREB1_CRA1,float64,guide_umi,17,"[0.0, 13.0, 2.0, 27.0, 7.0, 1.0, 3.0, 4.0, 30.0, 9.0]",1,[0.0],17,"[0.0, 13.0, 2.0, 27.0, 7.0, 1.0, 3.0, 4.0, 30.0, 9.0]",True
THRA_CRA2,float64,guide_umi,9,"[0.0, 1.0, 7.0, 10.0, 2.0, 5.0, 3.0, 4.0, 8.0]",1,[0.0],8,"[0.0, 1.0, 7.0, 10.0, 2.0, 5.0, 3.0, 4.0]",True
NPAS3_CRA2,float64,guide_umi,17,"[0.0, 6.0, 1.0, 7.0, 21.0, 4.0, 5.0, 3.0, 12.0, 9.0]",1,[0.0],16,"[0.0, 6.0, 1.0, 7.0, 21.0, 4.0, 5.0, 3.0, 12.0, 8.0]",True
NFKB1_CRA2,float64,guide_umi,19,"[0.0, 5.0, 10.0, 21.0, 1.0, 12.0, 56.0, 6.0, 4.0, 8.0]",1,[0.0],19,"[0.0, 5.0, 10.0, 21.0, 12.0, 56.0, 6.0, 1.0, 8.0, 11.0]",True
HOXB7_CRA2,float64,guide_umi,38,"[0.0, 12.0, 4.0, 3.0, 39.0, 1.0, 2.0, 5.0, 20.0, 7.0]",1,[0.0],38,"[0.0, 12.0, 4.0, 3.0, 39.0, 1.0, 2.0, 5.0, 20.0, 7.0]",True
PPARGC1A_CRA1,float64,guide_umi,15,"[0.0, 28.0, 1.0, 5.0, 3.0, 9.0, 17.0, 4.0, 13.0, 7.0]",1,[0.0],15,"[0.0, 28.0, 5.0, 3.0, 1.0, 9.0, 17.0, 13.0, 7.0, 4.0]",True
ZNF318_CRA2,float64,guide_umi,36,"[0.0, 1.0, 12.0, 10.0, 30.0, 60.0, 9.0, 16.0, 6.0, 8.0]",1,[0.0],36,"[0.0, 1.0, 12.0, 10.0, 30.0, 60.0, 9.0, 16.0, 6.0, 8.0]",True
ZNF263_CRA2,float64,guide_umi,29,"[0.0, 6.0, 19.0, 4.0, 5.0, 1.0, 84.0, 83.0, 13.0, 16.0]",1,[0.0],28,"[0.0, 6.0, 19.0, 4.0, 5.0, 1.0, 84.0, 83.0, 13.0, 16.0]",True
CEBPB_CRA1,float64,guide_umi,13,"[0.0, 1.0, 2.0, 6.0, 3.0, 5.0, 4.0, 14.0, 13.0, 7.0]",1,[0.0],13,"[0.0, 1.0, 2.0, 6.0, 3.0, 5.0, 4.0, 13.0, 7.0, 15.0]",True
ZNF318_CRA1,float64,guide_umi,10,"[0.0, 2.0, 12.0, 1.0, 3.0, 6.0, 4.0, 5.0, 10.0, 8.0]",1,[0.0],10,"[0.0, 2.0, 12.0, 1.0, 3.0, 6.0, 4.0, 5.0, 10.0, 8.0]",True
TFAM_CRA2,float64,guide_umi,30,"[0.0, 1.0, 2.0, 38.0, 5.0, 25.0, 8.0, 13.0, 4.0, 3.0]",1,[0.0],30,"[0.0, 1.0, 38.0, 5.0, 2.0, 25.0, 8.0, 13.0, 4.0, 3.0]",True
HSF2_CRA2,float64,guide_umi,8,"[0.0, 3.0, 1.0, 9.0, 6.0, 4.0, 2.0, 7.0]",1,[0.0],8,"[0.0, 3.0, 1.0, 9.0, 6.0, 4.0, 2.0, 7.0]",True
HMGB1_CRA2,float64,guide_umi,22,"[0.0, 15.0, 41.0, 1.0, 6.0, 2.0, 4.0, 11.0, 10.0, 18.0]",1,[0.0],22,"[0.0, 15.0, 41.0, 1.0, 6.0, 2.0, 4.0, 11.0, 10.0, 18.0]",True
NFIL3_CRA2,float64,guide_umi,19,"[0.0, 2.0, 1.0, 6.0, 28.0, 3.0, 8.0, 45.0, 24.0, 13.0]",1,[0.0],19,"[0.0, 2.0, 1.0, 6.0, 28.0, 3.0, 8.0, 45.0, 24.0, 13.0]",True
DUXA_CRA1,float64,guide_umi,9,"[0.0, 43.0, 1.0, 11.0, 12.0, 22.0, 16.0, 3.0, 6.0]",1,[0.0],9,"[0.0, 43.0, 1.0, 11.0, 12.0, 22.0, 16.0, 3.0, 6.0]",True
HOXB9_CRA1,float64,guide_umi,33,"[0.0, 1.0, 9.0, 3.0, 44.0, 17.0, 52.0, 14.0, 24.0, 10.0]",1,[0.0],33,"[0.0, 1.0, 3.0, 44.0, 17.0, 52.0, 9.0, 14.0, 24.0, 10.0]",True
ATG3_CRA1,float64,guide_umi,33,"[0.0, 15.0, 1.0, 3.0, 20.0, 13.0, 4.0, 51.0, 28.0, 39.0]",1,[0.0],33,"[0.0, 15.0, 1.0, 3.0, 20.0, 13.0, 4.0, 51.0, 28.0, 39.0]",True
LCOR_CRA2,float64,guide_umi,27,"[0.0, 9.0, 10.0, 7.0, 1.0, 12.0, 21.0, 3.0, 40.0, 15.0]",1,[0.0],26,"[0.0, 9.0, 10.0, 7.0, 1.0, 12.0, 3.0, 40.0, 15.0, 4.0]",True
SREBF1_CRA1,float64,guide_umi,30,"[0.0, 4.0, 1.0, 13.0, 14.0, 28.0, 2.0, 5.0, 10.0, 12.0]",1,[0.0],27,"[0.0, 4.0, 1.0, 13.0, 14.0, 28.0, 2.0, 5.0, 10.0, 12.0]",True
ATF6_CRA2,float64,guide_umi,12,"[0.0, 1.0, 5.0, 6.0, 12.0, 7.0, 3.0, 2.0, 4.0, 9.0]",1,[0.0],12,"[0.0, 1.0, 5.0, 6.0, 12.0, 7.0, 3.0, 2.0, 4.0, 9.0]",True
GATA1_CRA2,float64,guide_umi,29,"[0.0, 2.0, 19.0, 1.0, 7.0, 16.0, 5.0, 34.0, 18.0, 57.0]",1,[0.0],29,"[0.0, 2.0, 19.0, 1.0, 7.0, 16.0, 5.0, 34.0, 18.0, 57.0]",True
ZNF35_CRA2,float64,guide_umi,42,"[0.0, 48.0, 1.0, 21.0, 5.0, 12.0, 38.0, 14.0, 7.0, 2.0]",1,[0.0],42,"[0.0, 48.0, 1.0, 21.0, 5.0, 12.0, 38.0, 14.0, 7.0, 2.0]",True
NKX2-2_CRA2,float64,guide_umi,21,"[0.0, 1.0, 9.0, 12.0, 3.0, 8.0, 4.0, 19.0, 6.0, 18.0]",1,[0.0],21,"[0.0, 1.0, 9.0, 12.0, 3.0, 4.0, 19.0, 6.0, 18.0, 10.0]",True
NPAS3_CRA1,float64,guide_umi,33,"[0.0, 1.0, 16.0, 3.0, 25.0, 22.0, 23.0, 42.0, 19.0, 17.0]",1,[0.0],33,"[0.0, 1.0, 16.0, 3.0, 25.0, 22.0, 23.0, 42.0, 19.0, 17.0]",True
RXRB_CRA1,float64,guide_umi,28,"[0.0, 1.0, 15.0, 2.0, 4.0, 21.0, 22.0, 54.0, 3.0, 11.0]",1,[0.0],28,"[0.0, 1.0, 15.0, 2.0, 4.0, 21.0, 22.0, 54.0, 3.0, 11.0]",True
FOXF2_CRA1,float64,guide_umi,20,"[0.0, 4.0, 1.0, 3.0, 8.0, 5.0, 52.0, 50.0, 6.0, 14.0]",1,[0.0],20,"[0.0, 4.0, 1.0, 3.0, 5.0, 52.0, 50.0, 6.0, 14.0, 10.0]",True
TFEB_CRA1,float64,guide_umi,20,"[0.0, 1.0, 2.0, 14.0, 6.0, 28.0, 7.0, 4.0, 30.0, 3.0]",1,[0.0],19,"[0.0, 1.0, 2.0, 14.0, 6.0, 28.0, 7.0, 4.0, 30.0, 3.0]",True
ZNF695_CRI2,float64,guide_umi,32,"[0.0, 1.0, 21.0, 31.0, 46.0, 50.0, 4.0, 27.0, 12.0, 83.0]",1,[0.0],32,"[0.0, 1.0, 21.0, 31.0, 46.0, 50.0, 4.0, 27.0, 12.0, 83.0]",True
TFDP1_CRA1,float64,guide_umi,22,"[0.0, 11.0, 1.0, 21.0, 12.0, 16.0, 6.0, 57.0, 43.0, 4.0]",1,[0.0],22,"[0.0, 11.0, 1.0, 21.0, 12.0, 16.0, 6.0, 57.0, 43.0, 4.0]",True
MAZ_CRA1,float64,guide_umi,25,"[0.0, 10.0, 1.0, 38.0, 2.0, 5.0, 64.0, 23.0, 35.0, 53.0]",1,[0.0],25,"[0.0, 10.0, 1.0, 38.0, 2.0, 5.0, 64.0, 23.0, 35.0, 53.0]",True
HOXB13_CRA2,float64,guide_umi,8,"[0.0, 1.0, 6.0, 3.0, 7.0, 4.0, 2.0, 5.0]",1,[0.0],8,"[0.0, 1.0, 6.0, 3.0, 7.0, 4.0, 2.0, 5.0]",True
SIM1_CRA1,float64,guide_umi,24,"[0.0, 1.0, 5.0, 7.0, 2.0, 4.0, 3.0, 21.0, 23.0, 13.0]",1,[0.0],24,"[0.0, 1.0, 5.0, 7.0, 2.0, 4.0, 3.0, 21.0, 23.0, 13.0]",True
NT_2,float64,guide_umi,30,"[0.0, 3.0, 1.0, 5.0, 7.0, 4.0, 2.0, 6.0, 12.0, 17.0]",1,[0.0],24,"[0.0, 1.0, 5.0, 18.0, 3.0, 2.0, 4.0, 10.0, 19.0, 11.0]",True
NT_3,float64,guide_umi,63,"[0.0, 1.0, 37.0, 5.0, 4.0, 2.0, 47.0, 15.0, 10.0, 11.0]",1,[0.0],31,"[0.0, 1.0, 4.0, 47.0, 10.0, 11.0, 13.0, 6.0, 15.0, 2.0]",True
DLX5_CRA1,float64,guide_umi,10,"[0.0, 1.0, 6.0, 7.0, 8.0, 13.0, 4.0, 3.0, 2.0, 5.0]",1,[0.0],10,"[0.0, 1.0, 6.0, 7.0, 8.0, 13.0, 4.0, 3.0, 2.0, 5.0]",True
NKX1-1_CRA1,float64,guide_umi,20,"[0.0, 1.0, 4.0, 6.0, 11.0, 3.0, 15.0, 16.0, 26.0, 2.0]",1,[0.0],20,"[0.0, 1.0, 4.0, 6.0, 3.0, 15.0, 11.0, 16.0, 26.0, 2.0]",True
FOXS1_CRA1,float64,guide_umi,12,"[0.0, 4.0, 1.0, 2.0, 12.0, 14.0, 22.0, 5.0, 3.0, 9.0]",1,[0.0],12,"[0.0, 4.0, 1.0, 12.0, 14.0, 22.0, 5.0, 3.0, 9.0, 6.0]",True
KLF3_CRA2,float64,guide_umi,17,"[0.0, 9.0, 1.0, 14.0, 2.0, 5.0, 4.0, 6.0, 7.0, 8.0]",1,[0.0],17,"[0.0, 9.0, 14.0, 2.0, 5.0, 4.0, 6.0, 7.0, 8.0, 1.0]",True
SIM2_CRA2,float64,guide_umi,37,"[0.0, 1.0, 2.0, 8.0, 7.0, 81.0, 23.0, 46.0, 15.0, 45.0]",1,[0.0],37,"[0.0, 1.0, 2.0, 8.0, 7.0, 81.0, 23.0, 46.0, 15.0, 45.0]",True
HOXC5_CRA2,float64,guide_umi,17,"[0.0, 1.0, 13.0, 4.0, 6.0, 2.0, 21.0, 14.0, 11.0, 5.0]",1,[0.0],16,"[0.0, 1.0, 13.0, 4.0, 6.0, 2.0, 21.0, 14.0, 11.0, 5.0]",True
ATF7_CRA2,float64,guide_umi,6,"[0.0, 6.0, 4.0, 2.0, 1.0, 3.0]",1,[0.0],6,"[0.0, 6.0, 4.0, 1.0, 2.0, 3.0]",True
GATA5_CRA1,float64,guide_umi,32,"[0.0, 7.0, 20.0, 14.0, 3.0, 8.0, 1.0, 49.0, 17.0, 26.0]",1,[0.0],32,"[0.0, 7.0, 20.0, 14.0, 3.0, 1.0, 49.0, 17.0, 26.0, 18.0]",True
STAT1_CRA1,float64,guide_umi,7,"[0.0, 1.0, 6.0, 2.0, 4.0, 3.0, 5.0]",1,[0.0],7,"[0.0, 1.0, 6.0, 2.0, 4.0, 3.0, 5.0]",True
SRY_CRA2,float64,guide_umi,14,"[0.0, 11.0, 1.0, 7.0, 2.0, 13.0, 5.0, 3.0, 8.0, 6.0]",1,[0.0],14,"[0.0, 11.0, 1.0, 7.0, 2.0, 13.0, 5.0, 3.0, 8.0, 6.0]",True
FOXP2_CRI1,float64,guide_umi,31,"[0.0, 1.0, 4.0, 2.0, 5.0, 16.0, 3.0, 10.0, 24.0, 6.0]",1,[0.0],31,"[0.0, 1.0, 4.0, 5.0, 16.0, 3.0, 10.0, 2.0, 24.0, 6.0]",True
FOXC1_CRA2,float64,guide_umi,33,"[0.0, 8.0, 9.0, 19.0, 22.0, 17.0, 24.0, 1.0, 6.0, 14.0]",1,[0.0],33,"[0.0, 8.0, 9.0, 19.0, 22.0, 17.0, 24.0, 1.0, 6.0, 14.0]",True
GATA2_CRA2,float64,guide_umi,13,"[0.0, 1.0, 3.0, 2.0, 4.0, 16.0, 8.0, 5.0, 7.0, 32.0]",1,[0.0],13,"[0.0, 1.0, 3.0, 2.0, 4.0, 16.0, 8.0, 5.0, 7.0, 32.0]",True
EGR2_CRA2,float64,guide_umi,16,"[0.0, 3.0, 1.0, 2.0, 9.0, 29.0, 5.0, 19.0, 38.0, 13.0]",1,[0.0],16,"[0.0, 3.0, 1.0, 2.0, 9.0, 29.0, 5.0, 19.0, 38.0, 13.0]",True
GATA2_CRA1,float64,guide_umi,12,"[0.0, 1.0, 9.0, 12.0, 7.0, 5.0, 3.0, 2.0, 8.0, 16.0]",1,[0.0],12,"[0.0, 9.0, 12.0, 1.0, 7.0, 5.0, 3.0, 2.0, 8.0, 16.0]",True
HOXA6_CRA1,float64,guide_umi,31,"[0.0, 1.0, 9.0, 10.0, 18.0, 2.0, 58.0, 6.0, 22.0, 29.0]",1,[0.0],31,"[0.0, 1.0, 9.0, 10.0, 18.0, 2.0, 58.0, 6.0, 22.0, 29.0]",True
TCF3_CRA2,float64,guide_umi,7,"[0.0, 2.0, 1.0, 5.0, 3.0, 9.0, 6.0]",1,[0.0],7,"[0.0, 2.0, 1.0, 5.0, 3.0, 9.0, 6.0]",True
CTCFL_CRA2,float64,guide_umi,20,"[0.0, 6.0, 18.0, 2.0, 10.0, 15.0, 16.0, 3.0, 7.0, 1.0]",1,[0.0],18,"[0.0, 6.0, 18.0, 2.0, 15.0, 3.0, 7.0, 1.0, 14.0, 12.0]",True
E2F3_CRA2,float64,guide_umi,34,"[0.0, 1.0, 4.0, 12.0, 2.0, 14.0, 83.0, 100.0, 7.0, 6.0]",1,[0.0],33,"[0.0, 4.0, 12.0, 2.0, 83.0, 1.0, 100.0, 7.0, 6.0, 3.0]",True
NRF1_CRA2,float64,guide_umi,25,"[0.0, 1.0, 7.0, 10.0, 25.0, 4.0, 8.0, 45.0, 12.0, 6.0]",1,[0.0],25,"[0.0, 1.0, 7.0, 10.0, 25.0, 4.0, 8.0, 45.0, 12.0, 6.0]",True
TLX2_CRA2,float64,guide_umi,25,"[0.0, 2.0, 1.0, 8.0, 10.0, 4.0, 16.0, 53.0, 3.0, 5.0]",1,[0.0],25,"[0.0, 2.0, 1.0, 8.0, 10.0, 4.0, 16.0, 53.0, 3.0, 5.0]",True
ATG3_CRA2,float64,guide_umi,20,"[0.0, 7.0, 4.0, 1.0, 27.0, 13.0, 14.0, 3.0, 9.0, 8.0]",1,[0.0],20,"[0.0, 4.0, 1.0, 27.0, 13.0, 14.0, 3.0, 9.0, 8.0, 7.0]",True
ZBTB7C_CRI1,float64,guide_umi,27,"[0.0, 1.0, 8.0, 2.0, 21.0, 18.0, 9.0, 7.0, 10.0, 55.0]",1,[0.0],27,"[0.0, 1.0, 8.0, 21.0, 18.0, 9.0, 7.0, 10.0, 55.0, 2.0]",True
STAT3_CRA2,float64,guide_umi,9,"[0.0, 8.0, 1.0, 4.0, 6.0, 3.0, 7.0, 2.0, 5.0]",1,[0.0],9,"[0.0, 8.0, 1.0, 4.0, 6.0, 3.0, 7.0, 2.0, 5.0]",True
NR4A2_CRA2,float64,guide_umi,15,"[0.0, 5.0, 6.0, 1.0, 13.0, 2.0, 7.0, 3.0, 14.0, 4.0]",1,[0.0],15,"[0.0, 5.0, 6.0, 13.0, 2.0, 7.0, 3.0, 14.0, 4.0, 1.0]",True
NFATC4_CRA1,float64,guide_umi,16,"[0.0, 1.0, 9.0, 4.0, 12.0, 8.0, 5.0, 11.0, 33.0, 2.0]",1,[0.0],16,"[0.0, 1.0, 9.0, 4.0, 12.0, 8.0, 5.0, 11.0, 33.0, 2.0]",True
RUNX2_CRA1,float64,guide_umi,15,"[0.0, 13.0, 1.0, 3.0, 2.0, 8.0, 15.0, 7.0, 6.0, 4.0]",1,[0.0],15,"[0.0, 13.0, 1.0, 3.0, 2.0, 8.0, 15.0, 7.0, 6.0, 12.0]",True
IRF5_CRA2,float64,guide_umi,7,"[0.0, 1.0, 4.0, 3.0, 5.0, 2.0, 9.0]",1,[0.0],7,"[0.0, 1.0, 4.0, 3.0, 5.0, 2.0, 9.0]",True
CTCF_CRA2,float64,guide_umi,15,"[0.0, 4.0, 1.0, 11.0, 6.0, 13.0, 7.0, 8.0, 2.0, 5.0]",1,[0.0],15,"[0.0, 4.0, 1.0, 11.0, 6.0, 13.0, 7.0, 8.0, 2.0, 5.0]",True
E2F5_CRA2,float64,guide_umi,20,"[0.0, 24.0, 27.0, 6.0, 5.0, 1.0, 2.0, 25.0, 40.0, 3.0]",1,[0.0],20,"[0.0, 24.0, 27.0, 6.0, 5.0, 1.0, 2.0, 25.0, 40.0, 3.0]",True
ZBTB2_CRA1,float64,guide_umi,32,"[0.0, 5.0, 2.0, 4.0, 11.0, 83.0, 1.0, 20.0, 37.0, 3.0]",1,[0.0],32,"[0.0, 5.0, 2.0, 4.0, 11.0, 83.0, 1.0, 20.0, 37.0, 16.0]",True
POU5F1_CRA1,float64,guide_umi,29,"[0.0, 4.0, 27.0, 2.0, 1.0, 12.0, 45.0, 19.0, 5.0, 11.0]",1,[0.0],28,"[0.0, 4.0, 27.0, 2.0, 1.0, 12.0, 45.0, 19.0, 5.0, 11.0]",True
ZNF35_CRA1,float64,guide_umi,24,"[0.0, 18.0, 10.0, 7.0, 3.0, 39.0, 14.0, 15.0, 37.0, 4.0]",1,[0.0],24,"[0.0, 18.0, 10.0, 7.0, 3.0, 39.0, 14.0, 15.0, 37.0, 4.0]",True
SOX9_CRA2,float64,guide_umi,21,"[0.0, 36.0, 1.0, 4.0, 2.0, 19.0, 13.0, 26.0, 10.0, 8.0]",1,[0.0],21,"[0.0, 36.0, 1.0, 4.0, 2.0, 19.0, 13.0, 26.0, 10.0, 8.0]",True
ZKSCAN3_CRA2,float64,guide_umi,20,"[0.0, 1.0, 3.0, 16.0, 5.0, 6.0, 24.0, 12.0, 27.0, 4.0]",1,[0.0],20,"[0.0, 1.0, 3.0, 16.0, 5.0, 6.0, 24.0, 12.0, 27.0, 4.0]",True
GATA1_CRA1,float64,guide_umi,28,"[0.0, 12.0, 1.0, 4.0, 18.0, 6.0, 21.0, 37.0, 20.0, 9.0]",1,[0.0],27,"[0.0, 4.0, 1.0, 18.0, 6.0, 12.0, 21.0, 37.0, 20.0, 9.0]",True
FOXF2_CRA2,float64,guide_umi,12,"[0.0, 1.0, 2.0, 7.0, 24.0, 19.0, 6.0, 5.0, 16.0, 3.0]",1,[0.0],12,"[0.0, 1.0, 2.0, 7.0, 24.0, 19.0, 6.0, 5.0, 16.0, 3.0]",True
APOD_CRA1,float64,guide_umi,16,"[0.0, 7.0, 2.0, 1.0, 15.0, 6.0, 11.0, 8.0, 22.0, 28.0]",1,[0.0],15,"[0.0, 7.0, 2.0, 1.0, 6.0, 8.0, 22.0, 28.0, 41.0, 12.0]",True
THRA_CRA1,float64,guide_umi,20,"[0.0, 11.0, 5.0, 18.0, 3.0, 6.0, 1.0, 2.0, 9.0, 4.0]",1,[0.0],20,"[0.0, 11.0, 5.0, 18.0, 3.0, 6.0, 1.0, 2.0, 9.0, 4.0]",True
HSPA8_CRA1,float64,guide_umi,18,"[0.0, 5.0, 1.0, 2.0, 11.0, 4.0, 3.0, 9.0, 13.0, 12.0]",1,[0.0],18,"[0.0, 5.0, 2.0, 1.0, 11.0, 4.0, 9.0, 13.0, 12.0, 18.0]",True
ZBTB7C_CRA1,float64,guide_umi,8,"[0.0, 1.0, 2.0, 3.0, 7.0, 5.0, 6.0, 4.0]",1,[0.0],8,"[0.0, 1.0, 2.0, 3.0, 7.0, 5.0, 6.0, 4.0]",True
TFEB_CRA2,float64,guide_umi,24,"[0.0, 4.0, 5.0, 9.0, 2.0, 8.0, 24.0, 25.0, 1.0, 17.0]",1,[0.0],23,"[0.0, 4.0, 5.0, 9.0, 2.0, 8.0, 24.0, 1.0, 17.0, 3.0]",True
SOX10_CRA1,float64,guide_umi,40,"[0.0, 1.0, 22.0, 2.0, 13.0, 39.0, 19.0, 41.0, 42.0, 12.0]",1,[0.0],40,"[0.0, 1.0, 22.0, 2.0, 13.0, 39.0, 19.0, 41.0, 42.0, 12.0]",True
MITF_CRA1,float64,guide_umi,27,"[0.0, 5.0, 12.0, 1.0, 9.0, 8.0, 3.0, 2.0, 16.0, 4.0]",1,[0.0],27,"[0.0, 5.0, 12.0, 1.0, 9.0, 8.0, 3.0, 2.0, 16.0, 4.0]",True
FOSL1_CRI2,float64,guide_umi,24,"[0.0, 3.0, 14.0, 21.0, 1.0, 15.0, 5.0, 2.0, 7.0, 13.0]",1,[0.0],24,"[0.0, 3.0, 14.0, 21.0, 5.0, 1.0, 15.0, 7.0, 4.0, 6.0]",True
E2F4_CRI2,float64,guide_umi,40,"[0.0, 1.0, 6.0, 26.0, 15.0, 2.0, 3.0, 29.0, 20.0, 14.0]",1,[0.0],39,"[0.0, 1.0, 6.0, 15.0, 3.0, 29.0, 20.0, 14.0, 9.0, 26.0]",True
HSF4_CRI1,float64,guide_umi,16,"[0.0, 1.0, 3.0, 33.0, 4.0, 15.0, 12.0, 6.0, 13.0, 16.0]",1,[0.0],16,"[0.0, 1.0, 3.0, 33.0, 4.0, 15.0, 12.0, 6.0, 13.0, 16.0]",True
FOXO4_CRI1,float64,guide_umi,25,"[0.0, 1.0, 56.0, 20.0, 16.0, 17.0, 2.0, 34.0, 14.0, 8.0]",1,[0.0],25,"[0.0, 1.0, 56.0, 20.0, 16.0, 17.0, 34.0, 14.0, 8.0, 3.0]",True
TFEB_CRI2,float64,guide_umi,32,"[0.0, 1.0, 13.0, 4.0, 17.0, 7.0, 10.0, 14.0, 9.0, 2.0]",1,[0.0],32,"[0.0, 1.0, 13.0, 4.0, 17.0, 7.0, 10.0, 14.0, 9.0, 11.0]",True
FOXO3_CRI2,float64,guide_umi,20,"[0.0, 1.0, 13.0, 8.0, 10.0, 15.0, 9.0, 2.0, 29.0, 12.0]",1,[0.0],19,"[0.0, 1.0, 13.0, 8.0, 15.0, 2.0, 29.0, 12.0, 6.0, 14.0]",True
POU3F2_CRI2,float64,guide_umi,18,"[0.0, 6.0, 10.0, 1.0, 3.0, 4.0, 8.0, 2.0, 16.0, 33.0]",1,[0.0],17,"[0.0, 6.0, 10.0, 1.0, 3.0, 4.0, 8.0, 2.0, 16.0, 33.0]",True
ZFHX3_CRI2,float64,guide_umi,37,"[0.0, 1.0, 14.0, 18.0, 12.0, 27.0, 34.0, 3.0, 24.0, 21.0]",1,[0.0],37,"[0.0, 1.0, 14.0, 18.0, 12.0, 27.0, 34.0, 3.0, 21.0, 23.0]",True
SOX2_CRI1,float64,guide_umi,44,"[0.0, 1.0, 7.0, 29.0, 21.0, 2.0, 28.0, 12.0, 22.0, 14.0]",1,[0.0],43,"[0.0, 1.0, 7.0, 29.0, 21.0, 2.0, 28.0, 12.0, 22.0, 14.0]",True
VAX1_CRI2,float64,guide_umi,49,"[0.0, 1.0, 36.0, 2.0, 16.0, 31.0, 11.0, 4.0, 25.0, 26.0]",1,[0.0],49,"[0.0, 1.0, 36.0, 16.0, 2.0, 31.0, 11.0, 4.0, 25.0, 26.0]",True
E2F1_CRI2,float64,guide_umi,38,"[0.0, 10.0, 1.0, 25.0, 7.0, 12.0, 2.0, 34.0, 15.0, 17.0]",1,[0.0],38,"[0.0, 1.0, 25.0, 12.0, 34.0, 15.0, 17.0, 22.0, 21.0, 48.0]",True
NFKB1_CRI2,float64,guide_umi,37,"[0.0, 1.0, 33.0, 2.0, 66.0, 29.0, 24.0, 8.0, 27.0, 78.0]",1,[0.0],36,"[0.0, 1.0, 33.0, 2.0, 66.0, 29.0, 24.0, 8.0, 27.0, 78.0]",True
CPEB1_CRI2,float64,guide_umi,46,"[0.0, 1.0, 2.0, 4.0, 57.0, 33.0, 15.0, 39.0, 6.0, 14.0]",1,[0.0],45,"[0.0, 57.0, 33.0, 15.0, 2.0, 39.0, 1.0, 6.0, 22.0, 51.0]",True
HOXD3_CRI2,float64,guide_umi,9,"[0.0, 5.0, 2.0, 1.0, 9.0, 6.0, 7.0, 3.0, 8.0]",1,[0.0],9,"[0.0, 5.0, 2.0, 9.0, 1.0, 6.0, 7.0, 3.0, 8.0]",True
PARP1_CRI1,float64,guide_umi,29,"[0.0, 1.0, 17.0, 2.0, 5.0, 3.0, 12.0, 8.0, 31.0, 14.0]",1,[0.0],29,"[0.0, 1.0, 17.0, 2.0, 5.0, 12.0, 8.0, 31.0, 7.0, 9.0]",True
KLF6_CRI2,float64,guide_umi,62,"[0.0, 1.0, 70.0, 60.0, 29.0, 20.0, 45.0, 55.0, 9.0, 4.0]",1,[0.0],62,"[0.0, 1.0, 70.0, 60.0, 29.0, 20.0, 45.0, 55.0, 9.0, 4.0]",True
ZKSCAN4_CRI2,float64,guide_umi,39,"[0.0, 1.0, 22.0, 32.0, 61.0, 72.0, 3.0, 2.0, 26.0, 8.0]",1,[0.0],39,"[0.0, 1.0, 22.0, 32.0, 61.0, 72.0, 2.0, 26.0, 8.0, 40.0]",True
HOXA2_CRI2,float64,guide_umi,28,"[0.0, 1.0, 14.0, 23.0, 3.0, 12.0, 56.0, 22.0, 2.0, 20.0]",1,[0.0],27,"[0.0, 1.0, 14.0, 23.0, 3.0, 12.0, 56.0, 22.0, 2.0, 20.0]",True
ARNTL2_CRI2,float64,guide_umi,48,"[0.0, 1.0, 30.0, 2.0, 12.0, 3.0, 29.0, 67.0, 32.0, 27.0]",1,[0.0],47,"[0.0, 1.0, 30.0, 12.0, 3.0, 2.0, 29.0, 67.0, 32.0, 27.0]",True
VEZF1_CRI1,float64,guide_umi,26,"[0.0, 1.0, 19.0, 2.0, 8.0, 13.0, 18.0, 6.0, 7.0, 9.0]",1,[0.0],26,"[0.0, 19.0, 1.0, 8.0, 13.0, 18.0, 6.0, 7.0, 9.0, 5.0]",True
MYBL2_CRI2,float64,guide_umi,18,"[0.0, 10.0, 1.0, 12.0, 2.0, 7.0, 6.0, 11.0, 3.0, 29.0]",1,[0.0],18,"[0.0, 10.0, 1.0, 12.0, 7.0, 6.0, 11.0, 3.0, 29.0, 5.0]",True
SOX2_CRI2,float64,guide_umi,52,"[0.0, 1.0, 29.0, 26.0, 23.0, 15.0, 21.0, 40.0, 14.0, 34.0]",1,[0.0],50,"[0.0, 1.0, 29.0, 26.0, 23.0, 15.0, 21.0, 40.0, 14.0, 34.0]",True
SP1_CRA1,float64,guide_umi,4,"[0.0, 1.0, 2.0, 3.0]",1,[0.0],4,"[0.0, 1.0, 2.0, 3.0]",True
HMGB1_CRA1,float64,guide_umi,23,"[0.0, 1.0, 27.0, 13.0, 15.0, 6.0, 8.0, 41.0, 23.0, 4.0]",1,[0.0],23,"[0.0, 27.0, 1.0, 13.0, 15.0, 6.0, 8.0, 41.0, 23.0, 4.0]",True
HOXB7_CRA1,float64,guide_umi,6,"[0.0, 3.0, 1.0, 2.0, 4.0, 7.0]",1,[0.0],6,"[0.0, 3.0, 1.0, 2.0, 4.0, 7.0]",True
ATG5_CRA2,float64,guide_umi,18,"[0.0, 19.0, 16.0, 2.0, 3.0, 1.0, 18.0, 6.0, 5.0, 8.0]",1,[0.0],18,"[0.0, 19.0, 16.0, 2.0, 3.0, 1.0, 18.0, 6.0, 5.0, 8.0]",True
HOXD11_CRA1,float64,guide_umi,19,"[0.0, 1.0, 21.0, 14.0, 8.0, 11.0, 15.0, 3.0, 7.0, 2.0]",1,[0.0],19,"[0.0, 1.0, 21.0, 14.0, 8.0, 11.0, 15.0, 3.0, 7.0, 2.0]",True
LHX1_CRA1,float64,guide_umi,28,"[0.0, 2.0, 8.0, 4.0, 14.0, 24.0, 3.0, 1.0, 16.0, 5.0]",1,[0.0],28,"[0.0, 2.0, 8.0, 4.0, 14.0, 24.0, 3.0, 1.0, 16.0, 5.0]",True
PAX2_CRA2,float64,guide_umi,34,"[0.0, 3.0, 9.0, 1.0, 16.0, 13.0, 5.0, 4.0, 7.0, 19.0]",1,[0.0],34,"[0.0, 3.0, 9.0, 1.0, 16.0, 13.0, 5.0, 4.0, 7.0, 19.0]",True
BATF3_CRA2,float64,guide_umi,27,"[0.0, 20.0, 12.0, 11.0, 1.0, 6.0, 4.0, 7.0, 14.0, 5.0]",1,[0.0],27,"[0.0, 20.0, 12.0, 11.0, 1.0, 6.0, 4.0, 7.0, 14.0, 5.0]",True
E2F7_CRA1,float64,guide_umi,25,"[0.0, 1.0, 9.0, 11.0, 17.0, 4.0, 49.0, 30.0, 3.0, 2.0]",1,[0.0],24,"[0.0, 1.0, 9.0, 11.0, 17.0, 4.0, 49.0, 30.0, 3.0, 15.0]",True
ALX1_CRA1,float64,guide_umi,13,"[0.0, 8.0, 7.0, 2.0, 4.0, 1.0, 17.0, 6.0, 5.0, 3.0]",1,[0.0],12,"[0.0, 8.0, 7.0, 2.0, 4.0, 1.0, 17.0, 5.0, 3.0, 12.0]",True
SIM1_CRA2,float64,guide_umi,26,"[0.0, 1.0, 2.0, 5.0, 6.0, 26.0, 30.0, 4.0, 10.0, 21.0]",1,[0.0],26,"[0.0, 1.0, 2.0, 5.0, 6.0, 26.0, 30.0, 4.0, 10.0, 21.0]",True
FOXO4_CRA1,float64,guide_umi,29,"[0.0, 1.0, 5.0, 4.0, 16.0, 10.0, 27.0, 7.0, 25.0, 22.0]",1,[0.0],28,"[0.0, 1.0, 5.0, 4.0, 16.0, 10.0, 27.0, 7.0, 25.0, 22.0]",True
MYBL2_CRA1,float64,guide_umi,17,"[0.0, 1.0, 15.0, 3.0, 9.0, 18.0, 2.0, 6.0, 8.0, 4.0]",1,[0.0],17,"[0.0, 1.0, 15.0, 3.0, 9.0, 18.0, 6.0, 8.0, 4.0, 16.0]",True
ATG4D_CRA1,float64,guide_umi,24,"[0.0, 1.0, 17.0, 27.0, 19.0, 2.0, 3.0, 7.0, 45.0, 12.0]",1,[0.0],24,"[0.0, 1.0, 17.0, 27.0, 19.0, 2.0, 3.0, 7.0, 45.0, 12.0]",True
SIM1_CRI2,float64,guide_umi,30,"[0.0, 1.0, 2.0, 6.0, 9.0, 11.0, 14.0, 5.0, 12.0, 15.0]",1,[0.0],30,"[0.0, 1.0, 2.0, 6.0, 9.0, 14.0, 5.0, 12.0, 11.0, 15.0]",True
GSX2_CRA2,float64,guide_umi,25,"[0.0, 1.0, 13.0, 10.0, 11.0, 6.0, 4.0, 3.0, 17.0, 2.0]",1,[0.0],25,"[0.0, 1.0, 10.0, 11.0, 6.0, 4.0, 3.0, 17.0, 2.0, 16.0]",True
HOXC10_CRA1,float64,guide_umi,14,"[0.0, 6.0, 2.0, 15.0, 1.0, 5.0, 7.0, 10.0, 23.0, 17.0]",1,[0.0],14,"[0.0, 6.0, 2.0, 15.0, 1.0, 5.0, 7.0, 10.0, 23.0, 17.0]",True
EGR1_CRA1,float64,guide_umi,18,"[0.0, 1.0, 4.0, 8.0, 5.0, 2.0, 17.0, 31.0, 22.0, 6.0]",1,[0.0],18,"[0.0, 1.0, 4.0, 8.0, 5.0, 2.0, 17.0, 31.0, 22.0, 6.0]",True
PARP1_CRA1,float64,guide_umi,6,"[0.0, 1.0, 2.0, 3.0, 5.0, 13.0]",1,[0.0],6,"[0.0, 1.0, 2.0, 3.0, 5.0, 13.0]",True
EN1_CRA2,float64,guide_umi,11,"[0.0, 5.0, 9.0, 1.0, 2.0, 4.0, 17.0, 11.0, 6.0, 21.0]",1,[0.0],11,"[0.0, 5.0, 9.0, 1.0, 2.0, 4.0, 17.0, 11.0, 6.0, 21.0]",True
BSX_CRA2,float64,guide_umi,6,"[0.0, 1.0, 2.0, 5.0, 4.0, 3.0]",1,[0.0],6,"[0.0, 1.0, 2.0, 5.0, 4.0, 3.0]",True
NFE2L2_CRI1,float64,guide_umi,24,"[0.0, 1.0, 10.0, 4.0, 5.0, 2.0, 29.0, 3.0, 39.0, 8.0]",1,[0.0],24,"[0.0, 1.0, 4.0, 5.0, 2.0, 29.0, 3.0, 39.0, 8.0, 41.0]",True
HSF4_CRA2,float64,guide_umi,7,"[0.0, 2.0, 4.0, 6.0, 1.0, 3.0, 7.0]",1,[0.0],7,"[0.0, 2.0, 4.0, 6.0, 3.0, 1.0, 7.0]",True
IRF5_CRA1,float64,guide_umi,25,"[0.0, 63.0, 1.0, 12.0, 4.0, 2.0, 41.0, 29.0, 7.0, 26.0]",1,[0.0],24,"[0.0, 63.0, 1.0, 12.0, 4.0, 2.0, 41.0, 29.0, 7.0, 26.0]",True
MXD3_CRA2,float64,guide_umi,28,"[0.0, 7.0, 6.0, 1.0, 13.0, 4.0, 37.0, 34.0, 10.0, 17.0]",1,[0.0],27,"[0.0, 7.0, 6.0, 1.0, 13.0, 4.0, 37.0, 34.0, 10.0, 17.0]",True
ZBTB7B_CRA2,float64,guide_umi,17,"[0.0, 1.0, 39.0, 6.0, 7.0, 47.0, 33.0, 21.0, 15.0, 55.0]",1,[0.0],16,"[0.0, 39.0, 6.0, 7.0, 1.0, 47.0, 33.0, 21.0, 15.0, 55.0]",True
TFCP2_CRA2,float64,guide_umi,18,"[0.0, 5.0, 2.0, 1.0, 11.0, 4.0, 10.0, 8.0, 18.0, 14.0]",1,[0.0],18,"[0.0, 5.0, 2.0, 1.0, 11.0, 10.0, 8.0, 18.0, 14.0, 4.0]",True
TFCP2_CRA1,float64,guide_umi,51,"[0.0, 37.0, 1.0, 43.0, 9.0, 13.0, 28.0, 6.0, 5.0, 3.0]",1,[0.0],51,"[0.0, 37.0, 1.0, 43.0, 9.0, 13.0, 28.0, 6.0, 5.0, 3.0]",True
HOXD11_CRI2,float64,guide_umi,24,"[0.0, 1.0, 19.0, 10.0, 9.0, 3.0, 2.0, 12.0, 7.0, 8.0]",1,[0.0],24,"[0.0, 1.0, 19.0, 10.0, 9.0, 3.0, 2.0, 12.0, 7.0, 8.0]",True
ETV5_CRA2,float64,guide_umi,23,"[0.0, 5.0, 6.0, 1.0, 2.0, 9.0, 17.0, 4.0, 13.0, 25.0]",1,[0.0],23,"[0.0, 5.0, 6.0, 1.0, 2.0, 9.0, 17.0, 13.0, 25.0, 8.0]",True
PAX8_CRA2,float64,guide_umi,34,"[0.0, 2.0, 6.0, 14.0, 16.0, 1.0, 21.0, 4.0, 10.0, 5.0]",1,[0.0],34,"[0.0, 6.0, 14.0, 16.0, 1.0, 21.0, 4.0, 10.0, 5.0, 2.0]",True
CTCFL_CRA1,float64,guide_umi,24,"[0.0, 2.0, 5.0, 1.0, 32.0, 9.0, 16.0, 23.0, 3.0, 11.0]",1,[0.0],23,"[0.0, 2.0, 5.0, 1.0, 32.0, 9.0, 23.0, 3.0, 11.0, 12.0]",True
POU2F1_CRA1,float64,guide_umi,20,"[0.0, 2.0, 4.0, 1.0, 13.0, 7.0, 20.0, 14.0, 6.0, 9.0]",1,[0.0],20,"[0.0, 2.0, 4.0, 13.0, 1.0, 20.0, 7.0, 6.0, 19.0, 3.0]",True
PPARGC1A_CRA2,float64,guide_umi,19,"[0.0, 9.0, 1.0, 11.0, 2.0, 19.0, 7.0, 5.0, 4.0, 3.0]",1,[0.0],19,"[0.0, 9.0, 1.0, 11.0, 2.0, 19.0, 7.0, 5.0, 3.0, 8.0]",True
PAX2_CRI1,float64,guide_umi,22,"[0.0, 1.0, 3.0, 5.0, 15.0, 8.0, 13.0, 2.0, 10.0, 25.0]",1,[0.0],22,"[0.0, 1.0, 3.0, 15.0, 8.0, 5.0, 13.0, 2.0, 10.0, 25.0]",True
ETS1_CRA1,float64,guide_umi,21,"[0.0, 3.0, 7.0, 1.0, 16.0, 5.0, 2.0, 10.0, 21.0, 31.0]",1,[0.0],21,"[0.0, 3.0, 7.0, 1.0, 16.0, 2.0, 10.0, 21.0, 31.0, 22.0]",True
TFAP2A_CRA2,float64,guide_umi,24,"[0.0, 9.0, 18.0, 2.0, 31.0, 3.0, 1.0, 7.0, 42.0, 21.0]",1,[0.0],23,"[0.0, 9.0, 18.0, 2.0, 31.0, 3.0, 1.0, 7.0, 42.0, 21.0]",True
POU3F2_CRA1,float64,guide_umi,14,"[0.0, 2.0, 1.0, 6.0, 5.0, 10.0, 11.0, 3.0, 4.0, 13.0]",1,[0.0],14,"[0.0, 2.0, 1.0, 6.0, 5.0, 10.0, 11.0, 3.0, 4.0, 13.0]",True
ZNF35_CRI2,float64,guide_umi,31,"[0.0, 1.0, 8.0, 26.0, 31.0, 2.0, 13.0, 9.0, 32.0, 22.0]",1,[0.0],31,"[0.0, 1.0, 8.0, 26.0, 31.0, 13.0, 9.0, 32.0, 22.0, 34.0]",True
PHOX2B_CRA2,float64,guide_umi,21,"[0.0, 38.0, 2.0, 34.0, 6.0, 44.0, 13.0, 1.0, 7.0, 21.0]",1,[0.0],18,"[0.0, 2.0, 34.0, 6.0, 13.0, 1.0, 7.0, 21.0, 65.0, 14.0]",True
GATA5_CRA2,float64,guide_umi,23,"[0.0, 1.0, 5.0, 4.0, 8.0, 7.0, 17.0, 19.0, 10.0, 12.0]",1,[0.0],23,"[0.0, 5.0, 1.0, 4.0, 7.0, 17.0, 19.0, 10.0, 12.0, 3.0]",True
E2F1_CRA2,float64,guide_umi,22,"[0.0, 7.0, 6.0, 2.0, 16.0, 1.0, 14.0, 3.0, 4.0, 13.0]",1,[0.0],22,"[0.0, 7.0, 6.0, 2.0, 16.0, 1.0, 14.0, 3.0, 4.0, 13.0]",True
ZNF263_CRA1,float64,guide_umi,5,"[0.0, 1.0, 4.0, 2.0, 3.0]",1,[0.0],5,"[0.0, 1.0, 4.0, 2.0, 3.0]",True
FOXI1_CRI2,float64,guide_umi,25,"[0.0, 1.0, 9.0, 13.0, 12.0, 24.0, 23.0, 5.0, 4.0, 8.0]",1,[0.0],25,"[0.0, 9.0, 1.0, 13.0, 24.0, 23.0, 5.0, 8.0, 4.0, 19.0]",True
FOXI1_CRI1,float64,guide_umi,19,"[0.0, 1.0, 5.0, 6.0, 2.0, 9.0, 12.0, 18.0, 14.0, 3.0]",1,[0.0],19,"[0.0, 1.0, 5.0, 6.0, 2.0, 9.0, 18.0, 14.0, 3.0, 12.0]",True
IRF4_CRA1,float64,guide_umi,37,"[0.0, 16.0, 27.0, 10.0, 1.0, 24.0, 12.0, 38.0, 2.0, 8.0]",1,[0.0],37,"[0.0, 16.0, 27.0, 10.0, 1.0, 24.0, 12.0, 38.0, 2.0, 8.0]",True
IRF4_CRA2,float64,guide_umi,16,"[0.0, 4.0, 7.0, 2.0, 15.0, 16.0, 1.0, 12.0, 3.0, 6.0]",1,[0.0],16,"[0.0, 4.0, 7.0, 2.0, 15.0, 16.0, 1.0, 12.0, 3.0, 6.0]",True
HOXB9_CRA2,float64,guide_umi,26,"[0.0, 20.0, 9.0, 7.0, 1.0, 26.0, 3.0, 56.0, 6.0, 30.0]",1,[0.0],26,"[0.0, 20.0, 1.0, 7.0, 26.0, 3.0, 56.0, 6.0, 30.0, 9.0]",True
TFEC_CRA1,float64,guide_umi,6,"[0.0, 1.0, 3.0, 2.0, 4.0, 7.0]",1,[0.0],6,"[0.0, 1.0, 3.0, 2.0, 4.0, 7.0]",True
GABARAPL1_CRA2,float64,guide_umi,23,"[0.0, 2.0, 1.0, 7.0, 17.0, 3.0, 23.0, 10.0, 13.0, 6.0]",1,[0.0],23,"[0.0, 2.0, 1.0, 7.0, 17.0, 3.0, 23.0, 10.0, 13.0, 6.0]",True
SOX2_CRA1,float64,guide_umi,16,"[0.0, 46.0, 1.0, 19.0, 11.0, 20.0, 16.0, 2.0, 6.0, 10.0]",1,[0.0],16,"[0.0, 46.0, 1.0, 19.0, 11.0, 20.0, 16.0, 2.0, 6.0, 10.0]",True
LHX5_CRI2,float64,guide_umi,34,"[0.0, 1.0, 15.0, 22.0, 3.0, 7.0, 9.0, 12.0, 14.0, 21.0]",1,[0.0],34,"[0.0, 1.0, 15.0, 22.0, 7.0, 9.0, 12.0, 14.0, 21.0, 16.0]",True
FERD3L_CRI2,float64,guide_umi,29,"[0.0, 1.0, 33.0, 24.0, 16.0, 3.0, 15.0, 10.0, 8.0, 38.0]",1,[0.0],29,"[0.0, 1.0, 33.0, 24.0, 16.0, 3.0, 15.0, 10.0, 8.0, 38.0]",True
SOX17_CRI1,float64,guide_umi,36,"[0.0, 1.0, 8.0, 10.0, 7.0, 13.0, 21.0, 2.0, 23.0, 15.0]",1,[0.0],36,"[0.0, 1.0, 8.0, 10.0, 7.0, 13.0, 21.0, 23.0, 15.0, 27.0]",True
E2F4_CRI1,float64,guide_umi,51,"[0.0, 1.0, 11.0, 26.0, 3.0, 23.0, 17.0, 2.0, 19.0, 48.0]",1,[0.0],50,"[0.0, 1.0, 11.0, 3.0, 23.0, 17.0, 2.0, 19.0, 48.0, 73.0]",True
APOD_CRA2,float64,guide_umi,18,"[0.0, 3.0, 1.0, 14.0, 23.0, 8.0, 6.0, 35.0, 12.0, 20.0]",1,[0.0],18,"[0.0, 3.0, 1.0, 14.0, 23.0, 8.0, 6.0, 35.0, 12.0, 20.0]",True
NR4A1_CRA2,float64,guide_umi,15,"[0.0, 2.0, 3.0, 1.0, 35.0, 10.0, 25.0, 7.0, 9.0, 5.0]",1,[0.0],15,"[0.0, 2.0, 3.0, 1.0, 35.0, 25.0, 7.0, 9.0, 5.0, 10.0]",True
SOX17_CRA2,float64,guide_umi,5,"[0.0, 3.0, 1.0, 2.0, 5.0]",1,[0.0],5,"[0.0, 3.0, 1.0, 2.0, 5.0]",True
FOXM1_CRA1,float64,guide_umi,4,"[0.0, 1.0, 3.0, 2.0]",1,[0.0],4,"[0.0, 1.0, 3.0, 2.0]",True
DRGX_CRA1,float64,guide_umi,14,"[0.0, 2.0, 5.0, 3.0, 1.0, 4.0, 8.0, 7.0, 25.0, 6.0]",1,[0.0],14,"[0.0, 2.0, 5.0, 3.0, 1.0, 4.0, 8.0, 7.0, 25.0, 6.0]",True
KLF4_CRA2,float64,guide_umi,11,"[0.0, 1.0, 25.0, 6.0, 5.0, 10.0, 2.0, 22.0, 3.0, 8.0]",1,[0.0],11,"[0.0, 1.0, 25.0, 6.0, 5.0, 10.0, 2.0, 22.0, 3.0, 8.0]",True
ATG4D_CRA2,float64,guide_umi,25,"[0.0, 5.0, 45.0, 1.0, 79.0, 3.0, 4.0, 8.0, 48.0, 25.0]",1,[0.0],24,"[0.0, 45.0, 1.0, 79.0, 3.0, 4.0, 8.0, 48.0, 25.0, 26.0]",True
PAX2_CRA1,float64,guide_umi,4,"[0.0, 1.0, 4.0, 2.0]",1,[0.0],4,"[0.0, 1.0, 4.0, 2.0]",True
HOXA2_CRA2,float64,guide_umi,19,"[0.0, 12.0, 16.0, 1.0, 4.0, 2.0, 6.0, 8.0, 5.0, 18.0]",1,[0.0],19,"[0.0, 12.0, 16.0, 1.0, 4.0, 2.0, 6.0, 8.0, 5.0, 18.0]",True
FLI1_CRA2,float64,guide_umi,12,"[0.0, 1.0, 5.0, 9.0, 8.0, 12.0, 4.0, 6.0, 2.0, 7.0]",1,[0.0],12,"[0.0, 1.0, 5.0, 9.0, 8.0, 12.0, 4.0, 6.0, 2.0, 7.0]",True
NRF1_CRI2,float64,guide_umi,32,"[0.0, 1.0, 5.0, 6.0, 25.0, 42.0, 17.0, 3.0, 14.0, 15.0]",1,[0.0],32,"[0.0, 1.0, 5.0, 6.0, 25.0, 42.0, 17.0, 3.0, 14.0, 15.0]",True
PPARGC1B_CRI2,float64,guide_umi,33,"[0.0, 1.0, 3.0, 24.0, 2.0, 30.0, 16.0, 22.0, 15.0, 83.0]",1,[0.0],32,"[0.0, 1.0, 3.0, 24.0, 2.0, 30.0, 16.0, 22.0, 15.0, 83.0]",True
HSF4_CRA1,float64,guide_umi,11,"[0.0, 1.0, 2.0, 3.0, 4.0, 15.0, 5.0, 9.0, 8.0, 7.0]",1,[0.0],11,"[0.0, 1.0, 2.0, 3.0, 4.0, 15.0, 5.0, 9.0, 8.0, 7.0]",True
E2F7_CRA2,float64,guide_umi,21,"[0.0, 2.0, 6.0, 43.0, 9.0, 5.0, 1.0, 25.0, 46.0, 34.0]",1,[0.0],21,"[0.0, 2.0, 6.0, 43.0, 9.0, 5.0, 1.0, 25.0, 46.0, 34.0]",True
HNF1B_CRA2,float64,guide_umi,22,"[0.0, 3.0, 13.0, 80.0, 6.0, 23.0, 1.0, 2.0, 21.0, 16.0]",1,[0.0],22,"[0.0, 3.0, 13.0, 80.0, 6.0, 23.0, 1.0, 21.0, 16.0, 2.0]",True
POU3F2_CRA2,float64,guide_umi,25,"[0.0, 2.0, 1.0, 12.0, 7.0, 19.0, 54.0, 22.0, 5.0, 38.0]",1,[0.0],25,"[0.0, 2.0, 1.0, 12.0, 7.0, 19.0, 54.0, 22.0, 5.0, 38.0]",True
NFATC4_CRI2,float64,guide_umi,13,"[0.0, 1.0, 12.0, 3.0, 5.0, 4.0, 2.0, 6.0, 7.0, 9.0]",1,[0.0],13,"[0.0, 12.0, 3.0, 1.0, 5.0, 4.0, 6.0, 2.0, 7.0, 9.0]",True
NFATC4_CRI1,float64,guide_umi,7,"[0.0, 1.0, 2.0, 7.0, 4.0, 5.0, 3.0]",1,[0.0],7,"[0.0, 1.0, 2.0, 7.0, 4.0, 5.0, 3.0]",True
SOX11_CRA2,float64,guide_umi,26,"[0.0, 1.0, 18.0, 2.0, 30.0, 7.0, 11.0, 22.0, 3.0, 4.0]",1,[0.0],26,"[0.0, 18.0, 2.0, 30.0, 7.0, 1.0, 11.0, 22.0, 3.0, 4.0]",True
ATF4_CRA2,float64,guide_umi,14,"[0.0, 3.0, 2.0, 1.0, 5.0, 4.0, 14.0, 6.0, 7.0, 13.0]",1,[0.0],9,"[0.0, 3.0, 2.0, 1.0, 5.0, 14.0, 6.0, 7.0, 4.0]",True
MITF_CRI2,float64,guide_umi,14,"[0.0, 1.0, 2.0, 5.0, 16.0, 7.0, 8.0, 3.0, 4.0, 10.0]",1,[0.0],13,"[0.0, 1.0, 2.0, 7.0, 8.0, 3.0, 4.0, 10.0, 6.0, 5.0]",True
ZBTB7A_CRI2,float64,guide_umi,25,"[0.0, 1.0, 7.0, 10.0, 13.0, 2.0, 16.0, 3.0, 24.0, 12.0]",1,[0.0],24,"[0.0, 1.0, 7.0, 10.0, 2.0, 16.0, 3.0, 24.0, 12.0, 6.0]",True
BATF3_CRA1,float64,guide_umi,17,"[0.0, 10.0, 2.0, 9.0, 1.0, 3.0, 13.0, 8.0, 4.0, 5.0]",1,[0.0],16,"[0.0, 10.0, 2.0, 9.0, 1.0, 3.0, 13.0, 8.0, 4.0, 6.0]",True
FOXP2_CRA1,float64,guide_umi,17,"[0.0, 1.0, 30.0, 13.0, 6.0, 46.0, 2.0, 7.0, 15.0, 56.0]",1,[0.0],17,"[0.0, 1.0, 30.0, 13.0, 6.0, 46.0, 2.0, 7.0, 15.0, 56.0]",True
SOX10_CRA2,float64,guide_umi,15,"[0.0, 2.0, 1.0, 9.0, 8.0, 11.0, 3.0, 5.0, 6.0, 22.0]",1,[0.0],15,"[0.0, 2.0, 1.0, 9.0, 8.0, 11.0, 3.0, 5.0, 6.0, 22.0]",True
HSPD1_CRA1,float64,guide_umi,20,"[0.0, 1.0, 41.0, 5.0, 15.0, 8.0, 32.0, 37.0, 23.0, 34.0]",1,[0.0],20,"[0.0, 1.0, 41.0, 5.0, 15.0, 8.0, 32.0, 37.0, 23.0, 34.0]",True
SIM2_CRI1,float64,guide_umi,7,"[0.0, 4.0, 3.0, 1.0, 2.0, 5.0, 6.0]",1,[0.0],7,"[0.0, 4.0, 3.0, 1.0, 2.0, 5.0, 6.0]",True
SIM2_CRI2,float64,guide_umi,35,"[0.0, 11.0, 1.0, 10.0, 2.0, 3.0, 4.0, 67.0, 9.0, 12.0]",1,[0.0],34,"[0.0, 11.0, 10.0, 2.0, 1.0, 3.0, 67.0, 9.0, 12.0, 53.0]",True
FOXP1_CRA1,float64,guide_umi,19,"[0.0, 1.0, 5.0, 26.0, 22.0, 10.0, 8.0, 37.0, 4.0, 2.0]",1,[0.0],19,"[0.0, 1.0, 5.0, 26.0, 22.0, 10.0, 8.0, 37.0, 4.0, 3.0]",True
HOXB4_CRA2,float64,guide_umi,11,"[0.0, 1.0, 15.0, 4.0, 11.0, 7.0, 3.0, 14.0, 28.0, 9.0]",1,[0.0],11,"[0.0, 1.0, 15.0, 4.0, 11.0, 7.0, 3.0, 14.0, 28.0, 9.0]",True
HOXB4_CRA1,float64,guide_umi,10,"[0.0, 3.0, 4.0, 1.0, 2.0, 10.0, 6.0, 36.0, 5.0, 9.0]",1,[0.0],10,"[0.0, 3.0, 4.0, 1.0, 2.0, 10.0, 6.0, 36.0, 5.0, 9.0]",True
FOXC1_CRA1,float64,guide_umi,16,"[0.0, 2.0, 3.0, 6.0, 1.0, 7.0, 8.0, 4.0, 13.0, 11.0]",1,[0.0],16,"[0.0, 2.0, 3.0, 6.0, 1.0, 7.0, 8.0, 4.0, 13.0, 11.0]",True
NOBOX_CRA2,float64,guide_umi,32,"[0.0, 34.0, 8.0, 1.0, 11.0, 13.0, 5.0, 27.0, 60.0, 3.0]",1,[0.0],32,"[0.0, 34.0, 8.0, 1.0, 11.0, 13.0, 5.0, 27.0, 60.0, 3.0]",True
DLX4_CRA2,float64,guide_umi,7,"[0.0, 1.0, 2.0, 3.0, 4.0, 7.0, 9.0]",1,[0.0],7,"[0.0, 1.0, 2.0, 3.0, 4.0, 7.0, 9.0]",True
MRRF_CRA2,float64,guide_umi,21,"[0.0, 15.0, 1.0, 10.0, 3.0, 5.0, 2.0, 13.0, 6.0, 8.0]",1,[0.0],19,"[0.0, 15.0, 10.0, 1.0, 3.0, 5.0, 2.0, 6.0, 8.0, 11.0]",True
ZIC5_CRA2,float64,guide_umi,16,"[0.0, 1.0, 2.0, 21.0, 11.0, 4.0, 5.0, 16.0, 6.0, 3.0]",1,[0.0],16,"[0.0, 1.0, 2.0, 21.0, 11.0, 4.0, 5.0, 16.0, 6.0, 3.0]",True
SREBF2_CRI1,float64,guide_umi,11,"[0.0, 6.0, 1.0, 2.0, 3.0, 4.0, 7.0, 8.0, 10.0, 5.0]",1,[0.0],11,"[0.0, 6.0, 1.0, 2.0, 3.0, 4.0, 7.0, 8.0, 10.0, 5.0]",True
HNF1B_CRA1,float64,guide_umi,12,"[0.0, 4.0, 2.0, 40.0, 1.0, 3.0, 6.0, 11.0, 5.0, 9.0]",1,[0.0],12,"[0.0, 4.0, 2.0, 40.0, 1.0, 3.0, 6.0, 5.0, 9.0, 33.0]",True
PBX2_CRA2,float64,guide_umi,9,"[0.0, 2.0, 1.0, 7.0, 3.0, 6.0, 4.0, 45.0, 13.0]",1,[0.0],9,"[0.0, 2.0, 1.0, 7.0, 3.0, 6.0, 4.0, 45.0, 13.0]",True
HSPD1_CRA2,float64,guide_umi,13,"[0.0, 1.0, 19.0, 5.0, 8.0, 14.0, 2.0, 7.0, 9.0, 3.0]",1,[0.0],13,"[0.0, 1.0, 19.0, 5.0, 8.0, 14.0, 7.0, 2.0, 3.0, 9.0]",True
VAX1_CRA1,float64,guide_umi,6,"[0.0, 1.0, 2.0, 4.0, 7.0, 3.0]",1,[0.0],6,"[0.0, 1.0, 2.0, 4.0, 7.0, 3.0]",True
HOXA13_CRA1,float64,guide_umi,1,[0.0],1,[0.0],1,[0.0],False
TFDP1_CRA2,float64,guide_umi,21,"[0.0, 3.0, 1.0, 9.0, 7.0, 5.0, 6.0, 19.0, 12.0, 4.0]",1,[0.0],19,"[0.0, 3.0, 1.0, 9.0, 7.0, 5.0, 6.0, 19.0, 12.0, 4.0]",True
RXRB_CRA2,float64,guide_umi,10,"[0.0, 3.0, 5.0, 9.0, 4.0, 1.0, 2.0, 6.0, 8.0, 10.0]",1,[0.0],10,"[0.0, 3.0, 5.0, 9.0, 4.0, 1.0, 2.0, 6.0, 8.0, 10.0]",True
APOD_CRI1,float64,guide_umi,27,"[0.0, 1.0, 5.0, 3.0, 12.0, 22.0, 2.0, 13.0, 7.0, 16.0]",1,[0.0],26,"[0.0, 1.0, 5.0, 3.0, 12.0, 22.0, 2.0, 13.0, 7.0, 16.0]",True
IRF7_CRA1,float64,guide_umi,26,"[0.0, 19.0, 33.0, 6.0, 16.0, 1.0, 2.0, 34.0, 25.0, 10.0]",1,[0.0],26,"[0.0, 19.0, 33.0, 6.0, 16.0, 1.0, 34.0, 25.0, 10.0, 28.0]",True
IRF7_CRA2,float64,guide_umi,13,"[0.0, 10.0, 8.0, 1.0, 7.0, 4.0, 5.0, 12.0, 11.0, 2.0]",1,[0.0],13,"[0.0, 10.0, 8.0, 1.0, 7.0, 4.0, 5.0, 12.0, 11.0, 2.0]",True
CREB1_CRA2,float64,guide_umi,28,"[0.0, 94.0, 3.0, 14.0, 7.0, 19.0, 1.0, 5.0, 33.0, 8.0]",1,[0.0],28,"[0.0, 94.0, 3.0, 14.0, 7.0, 19.0, 1.0, 5.0, 33.0, 8.0]",True
MRRF_CRA1,float64,guide_umi,24,"[0.0, 3.0, 28.0, 45.0, 1.0, 9.0, 2.0, 7.0, 13.0, 5.0]",1,[0.0],23,"[0.0, 3.0, 28.0, 45.0, 1.0, 2.0, 7.0, 9.0, 5.0, 22.0]",True
FLI1_CRA1,float64,guide_umi,8,"[0.0, 2.0, 1.0, 4.0, 6.0, 12.0, 5.0, 3.0]",1,[0.0],8,"[0.0, 2.0, 4.0, 6.0, 1.0, 12.0, 5.0, 3.0]",True
DUXA_CRA2,float64,guide_umi,13,"[0.0, 2.0, 1.0, 3.0, 35.0, 41.0, 4.0, 8.0, 11.0, 19.0]",1,[0.0],12,"[0.0, 1.0, 3.0, 35.0, 41.0, 4.0, 8.0, 11.0, 19.0, 5.0]",True
EOMES_CRA2,float64,guide_umi,23,"[0.0, 1.0, 54.0, 3.0, 4.0, 18.0, 5.0, 71.0, 17.0, 8.0]",1,[0.0],22,"[0.0, 1.0, 54.0, 3.0, 4.0, 18.0, 5.0, 71.0, 17.0, 8.0]",True
PHOX2A_CRI2,float64,guide_umi,29,"[0.0, 1.0, 3.0, 2.0, 16.0, 32.0, 5.0, 4.0, 39.0, 14.0]",1,[0.0],29,"[0.0, 1.0, 2.0, 16.0, 32.0, 5.0, 4.0, 39.0, 14.0, 12.0]",True
ETV5_CRI1,float64,guide_umi,34,"[0.0, 1.0, 14.0, 6.0, 4.0, 15.0, 3.0, 16.0, 2.0, 25.0]",1,[0.0],34,"[0.0, 1.0, 14.0, 6.0, 4.0, 15.0, 3.0, 16.0, 2.0, 25.0]",True
TBX3_CRI2,float64,guide_umi,20,"[0.0, 1.0, 4.0, 17.0, 12.0, 2.0, 5.0, 8.0, 3.0, 10.0]",1,[0.0],20,"[0.0, 1.0, 4.0, 17.0, 2.0, 8.0, 3.0, 10.0, 6.0, 12.0]",True
PLAU_CRI1,float64,guide_umi,28,"[0.0, 1.0, 2.0, 3.0, 17.0, 40.0, 15.0, 12.0, 26.0, 9.0]",1,[0.0],28,"[0.0, 1.0, 3.0, 17.0, 40.0, 15.0, 12.0, 26.0, 9.0, 14.0]",True
CEBPZ_CRI1,float64,guide_umi,7,"[0.0, 14.0, 9.0, 3.0, 1.0, 6.0, 5.0]",1,[0.0],6,"[0.0, 14.0, 9.0, 3.0, 6.0, 1.0]",True
ARX_CRI1,float64,guide_umi,37,"[0.0, 1.0, 2.0, 22.0, 20.0, 3.0, 11.0, 9.0, 31.0, 17.0]",1,[0.0],34,"[0.0, 1.0, 2.0, 22.0, 20.0, 31.0, 17.0, 11.0, 19.0, 54.0]",True
ZFX_CRI2,float64,guide_umi,38,"[0.0, 1.0, 19.0, 16.0, 29.0, 2.0, 17.0, 6.0, 12.0, 32.0]",1,[0.0],38,"[0.0, 1.0, 19.0, 16.0, 29.0, 2.0, 17.0, 6.0, 12.0, 32.0]",True
MRRF_CRI2,float64,guide_umi,36,"[0.0, 1.0, 34.0, 11.0, 2.0, 35.0, 18.0, 20.0, 10.0, 14.0]",1,[0.0],35,"[0.0, 34.0, 1.0, 11.0, 2.0, 35.0, 18.0, 20.0, 10.0, 14.0]",True
HOXB4_CRI1,float64,guide_umi,27,"[0.0, 1.0, 6.0, 8.0, 5.0, 14.0, 22.0, 10.0, 9.0, 12.0]",1,[0.0],27,"[0.0, 6.0, 8.0, 5.0, 1.0, 14.0, 22.0, 10.0, 12.0, 9.0]",True
ZFHX3_CRI1,float64,guide_umi,34,"[0.0, 1.0, 11.0, 20.0, 2.0, 9.0, 22.0, 6.0, 24.0, 13.0]",1,[0.0],34,"[0.0, 1.0, 11.0, 20.0, 9.0, 22.0, 6.0, 24.0, 13.0, 2.0]",True
ZNF35_CRI1,float64,guide_umi,30,"[0.0, 1.0, 14.0, 2.0, 3.0, 38.0, 18.0, 31.0, 4.0, 32.0]",1,[0.0],29,"[0.0, 1.0, 14.0, 3.0, 38.0, 18.0, 4.0, 32.0, 48.0, 15.0]",True
KLF3_CRI1,float64,guide_umi,17,"[0.0, 1.0, 5.0, 6.0, 3.0, 16.0, 14.0, 10.0, 13.0, 4.0]",1,[0.0],17,"[0.0, 5.0, 6.0, 3.0, 16.0, 14.0, 1.0, 10.0, 13.0, 4.0]",True
FOXO4_CRI2,float64,guide_umi,30,"[0.0, 1.0, 2.0, 3.0, 28.0, 133.0, 15.0, 23.0, 26.0, 10.0]",1,[0.0],29,"[0.0, 1.0, 3.0, 28.0, 133.0, 15.0, 23.0, 26.0, 10.0, 29.0]",True
ATF7_CRI2,float64,guide_umi,52,"[0.0, 1.0, 15.0, 28.0, 3.0, 26.0, 22.0, 74.0, 17.0, 2.0]",1,[0.0],52,"[0.0, 1.0, 15.0, 28.0, 3.0, 22.0, 74.0, 17.0, 34.0, 70.0]",True
SP1_CRI2,float64,guide_umi,38,"[0.0, 1.0, 2.0, 42.0, 3.0, 36.0, 41.0, 4.0, 5.0, 72.0]",1,[0.0],38,"[0.0, 1.0, 2.0, 42.0, 3.0, 36.0, 41.0, 4.0, 5.0, 72.0]",True
HOXC10_CRI1,float64,guide_umi,23,"[0.0, 1.0, 2.0, 3.0, 15.0, 13.0, 5.0, 21.0, 17.0, 10.0]",1,[0.0],22,"[0.0, 1.0, 2.0, 3.0, 15.0, 13.0, 5.0, 21.0, 17.0, 10.0]",True
ESR1_CRI2,float64,guide_umi,17,"[0.0, 1.0, 5.0, 22.0, 2.0, 27.0, 17.0, 51.0, 4.0, 16.0]",1,[0.0],17,"[0.0, 5.0, 22.0, 2.0, 1.0, 27.0, 17.0, 51.0, 4.0, 16.0]",True
NFE2L2_CRI2,float64,guide_umi,33,"[0.0, 1.0, 21.0, 10.0, 18.0, 5.0, 14.0, 24.0, 22.0, 23.0]",1,[0.0],33,"[0.0, 21.0, 18.0, 5.0, 1.0, 14.0, 24.0, 22.0, 23.0, 19.0]",True
HMGB1_CRI1,float64,guide_umi,31,"[0.0, 1.0, 7.0, 14.0, 21.0, 5.0, 18.0, 11.0, 19.0, 16.0]",1,[0.0],30,"[0.0, 1.0, 7.0, 14.0, 21.0, 5.0, 18.0, 11.0, 19.0, 16.0]",True
E2F5_CRA1,float64,guide_umi,22,"[0.0, 1.0, 36.0, 17.0, 15.0, 10.0, 3.0, 2.0, 9.0, 4.0]",1,[0.0],22,"[0.0, 1.0, 36.0, 17.0, 15.0, 10.0, 3.0, 2.0, 9.0, 4.0]",True
NT_6,float64,guide_umi,5,"[0.0, 1.0, 2.0, 4.0, 3.0]",1,[0.0],5,"[0.0, 1.0, 2.0, 4.0, 3.0]",True
ATF7_CRA1,float64,guide_umi,29,"[0.0, 1.0, 3.0, 17.0, 2.0, 23.0, 15.0, 4.0, 11.0, 19.0]",1,[0.0],29,"[0.0, 3.0, 17.0, 2.0, 1.0, 23.0, 15.0, 4.0, 11.0, 19.0]",True
HSPA8_CRA2,float64,guide_umi,12,"[0.0, 3.0, 4.0, 2.0, 1.0, 5.0, 9.0, 16.0, 11.0, 8.0]",1,[0.0],12,"[0.0, 3.0, 4.0, 2.0, 1.0, 5.0, 9.0, 16.0, 11.0, 8.0]",True
ZIC5_CRA1,float64,guide_umi,8,"[0.0, 8.0, 6.0, 5.0, 1.0, 2.0, 3.0, 7.0]",1,[0.0],7,"[0.0, 6.0, 5.0, 1.0, 2.0, 3.0, 7.0]",True
BSX_CRI1,float64,guide_umi,35,"[0.0, 1.0, 19.0, 17.0, 11.0, 12.0, 8.0, 4.0, 10.0, 36.0]",1,[0.0],34,"[0.0, 1.0, 19.0, 17.0, 11.0, 12.0, 8.0, 4.0, 10.0, 36.0]",True
FOXB2_CRI1,float64,guide_umi,33,"[0.0, 1.0, 23.0, 43.0, 6.0, 12.0, 19.0, 7.0, 2.0, 13.0]",1,[0.0],33,"[0.0, 1.0, 23.0, 43.0, 6.0, 12.0, 19.0, 7.0, 13.0, 17.0]",True
DLX6_CRI2,float64,guide_umi,33,"[0.0, 1.0, 10.0, 14.0, 18.0, 5.0, 2.0, 30.0, 26.0, 3.0]",1,[0.0],33,"[0.0, 1.0, 10.0, 14.0, 18.0, 5.0, 2.0, 30.0, 26.0, 9.0]",True
DLX6_CRI1,float64,guide_umi,40,"[0.0, 14.0, 1.0, 19.0, 2.0, 41.0, 46.0, 15.0, 16.0, 4.0]",1,[0.0],39,"[0.0, 14.0, 1.0, 19.0, 2.0, 41.0, 46.0, 15.0, 16.0, 4.0]",True
E2F7_CRI1,float64,guide_umi,42,"[0.0, 1.0, 2.0, 22.0, 55.0, 5.0, 13.0, 6.0, 31.0, 18.0]",1,[0.0],40,"[0.0, 1.0, 2.0, 22.0, 55.0, 5.0, 6.0, 31.0, 18.0, 34.0]",True
MITF_CRA2,float64,guide_umi,12,"[0.0, 5.0, 4.0, 1.0, 7.0, 2.0, 9.0, 6.0, 3.0, 26.0]",1,[0.0],12,"[0.0, 5.0, 4.0, 1.0, 7.0, 2.0, 9.0, 6.0, 3.0, 26.0]",True
EN1_CRA1,float64,guide_umi,12,"[0.0, 1.0, 4.0, 8.0, 2.0, 5.0, 7.0, 10.0, 14.0, 3.0]",1,[0.0],11,"[0.0, 1.0, 4.0, 8.0, 2.0, 5.0, 10.0, 3.0, 9.0, 7.0]",True
ZBTB2_CRI2,float64,guide_umi,43,"[0.0, 1.0, 2.0, 13.0, 46.0, 51.0, 6.0, 3.0, 23.0, 18.0]",1,[0.0],43,"[0.0, 1.0, 2.0, 13.0, 46.0, 51.0, 6.0, 3.0, 23.0, 18.0]",True
ZNF281_CRI1,float64,guide_umi,16,"[0.0, 3.0, 5.0, 9.0, 1.0, 8.0, 4.0, 7.0, 14.0, 20.0]",1,[0.0],14,"[0.0, 1.0, 7.0, 9.0, 4.0, 8.0, 12.0, 6.0, 5.0, 2.0]",True
MEF2A_CRI2,float64,guide_umi,20,"[0.0, 1.0, 2.0, 15.0, 5.0, 40.0, 9.0, 13.0, 3.0, 11.0]",1,[0.0],19,"[0.0, 1.0, 15.0, 5.0, 40.0, 2.0, 13.0, 3.0, 11.0, 17.0]",True
ZFX_CRA1,float64,guide_umi,8,"[0.0, 1.0, 3.0, 4.0, 6.0, 9.0, 2.0, 5.0]",1,[0.0],8,"[0.0, 1.0, 3.0, 4.0, 6.0, 9.0, 2.0, 5.0]",True
SIRT1_CRA2,float64,guide_umi,16,"[0.0, 1.0, 2.0, 3.0, 8.0, 5.0, 33.0, 9.0, 20.0, 4.0]",1,[0.0],16,"[0.0, 1.0, 2.0, 3.0, 8.0, 5.0, 33.0, 20.0, 4.0, 9.0]",True
MYB_CRA2,float64,guide_umi,24,"[0.0, 10.0, 1.0, 4.0, 8.0, 3.0, 9.0, 2.0, 24.0, 11.0]",1,[0.0],24,"[0.0, 10.0, 1.0, 4.0, 8.0, 3.0, 9.0, 2.0, 24.0, 11.0]",True
HOXD11_CRA2,float64,guide_umi,11,"[0.0, 8.0, 1.0, 2.0, 6.0, 18.0, 4.0, 5.0, 12.0, 3.0]",1,[0.0],11,"[0.0, 8.0, 2.0, 1.0, 6.0, 18.0, 4.0, 5.0, 12.0, 3.0]",True
SOX17_CRA1,float64,guide_umi,12,"[0.0, 1.0, 7.0, 2.0, 5.0, 11.0, 6.0, 8.0, 9.0, 16.0]",1,[0.0],12,"[0.0, 1.0, 7.0, 2.0, 5.0, 11.0, 6.0, 8.0, 9.0, 16.0]",True
FOXP2_CRI2,float64,guide_umi,50,"[0.0, 3.0, 1.0, 2.0, 11.0, 13.0, 14.0, 10.0, 21.0, 24.0]",1,[0.0],50,"[0.0, 1.0, 2.0, 11.0, 13.0, 14.0, 10.0, 21.0, 24.0, 15.0]",True
DNMT1_CRI2,float64,guide_umi,37,"[0.0, 1.0, 45.0, 2.0, 33.0, 19.0, 22.0, 8.0, 50.0, 35.0]",1,[0.0],37,"[0.0, 1.0, 45.0, 33.0, 19.0, 22.0, 8.0, 50.0, 35.0, 30.0]",True
ATF4_CRA1,float64,guide_umi,14,"[0.0, 10.0, 2.0, 5.0, 4.0, 1.0, 3.0, 11.0, 9.0, 6.0]",1,[0.0],13,"[0.0, 10.0, 2.0, 5.0, 4.0, 1.0, 3.0, 11.0, 9.0, 6.0]",True
KLF6_CRA1,float64,guide_umi,6,"[0.0, 3.0, 1.0, 2.0, 6.0, 5.0]",1,[0.0],6,"[0.0, 3.0, 1.0, 2.0, 6.0, 5.0]",True
E2F4_CRA2,float64,guide_umi,33,"[0.0, 12.0, 1.0, 7.0, 10.0, 3.0, 6.0, 25.0, 20.0, 38.0]",1,[0.0],33,"[0.0, 12.0, 1.0, 7.0, 10.0, 3.0, 6.0, 25.0, 20.0, 38.0]",True
E2F4_CRA1,float64,guide_umi,16,"[0.0, 3.0, 1.0, 2.0, 7.0, 14.0, 24.0, 18.0, 5.0, 6.0]",1,[0.0],16,"[0.0, 3.0, 1.0, 2.0, 7.0, 14.0, 24.0, 18.0, 5.0, 6.0]",True
HOXA6_CRI2,float64,guide_umi,32,"[0.0, 1.0, 19.0, 3.0, 23.0, 6.0, 26.0, 11.0, 8.0, 2.0]",1,[0.0],32,"[0.0, 1.0, 19.0, 3.0, 23.0, 6.0, 26.0, 8.0, 11.0, 2.0]",True
HOXA6_CRI1,float64,guide_umi,31,"[0.0, 1.0, 13.0, 2.0, 20.0, 16.0, 10.0, 9.0, 24.0, 4.0]",1,[0.0],30,"[0.0, 1.0, 13.0, 20.0, 16.0, 9.0, 2.0, 24.0, 4.0, 14.0]",True
TCF7L2_CRA1,float64,guide_umi,14,"[0.0, 2.0, 3.0, 15.0, 9.0, 19.0, 1.0, 5.0, 18.0, 25.0]",1,[0.0],14,"[0.0, 3.0, 15.0, 9.0, 19.0, 1.0, 5.0, 18.0, 25.0, 7.0]",True
FOXP1_CRA2,float64,guide_umi,8,"[0.0, 2.0, 18.0, 5.0, 1.0, 3.0, 13.0, 6.0]",1,[0.0],8,"[0.0, 2.0, 18.0, 5.0, 1.0, 3.0, 13.0, 6.0]",True
SIRT1_CRA1,float64,guide_umi,25,"[0.0, 1.0, 8.0, 7.0, 2.0, 13.0, 10.0, 18.0, 43.0, 3.0]",1,[0.0],25,"[0.0, 1.0, 8.0, 7.0, 2.0, 13.0, 10.0, 18.0, 43.0, 3.0]",True
SOX2_CRA2,float64,guide_umi,16,"[0.0, 23.0, 11.0, 31.0, 28.0, 79.0, 2.0, 3.0, 9.0, 18.0]",1,[0.0],15,"[0.0, 23.0, 11.0, 31.0, 28.0, 79.0, 2.0, 9.0, 18.0, 4.0]",True
SOX17_CRI2,float64,guide_umi,23,"[0.0, 1.0, 2.0, 19.0, 14.0, 3.0, 35.0, 5.0, 8.0, 4.0]",1,[0.0],23,"[0.0, 1.0, 19.0, 14.0, 3.0, 35.0, 2.0, 8.0, 4.0, 6.0]",True
SOX11_CRA1,float64,guide_umi,6,"[0.0, 5.0, 1.0, 3.0, 2.0, 4.0]",1,[0.0],6,"[0.0, 5.0, 1.0, 3.0, 2.0, 4.0]",True
CREB1_CRI2,float64,guide_umi,40,"[0.0, 1.0, 36.0, 13.0, 80.0, 26.0, 2.0, 7.0, 27.0, 29.0]",1,[0.0],39,"[0.0, 1.0, 36.0, 13.0, 80.0, 26.0, 2.0, 7.0, 27.0, 29.0]",True
PAX4_CRI2,float64,guide_umi,55,"[0.0, 1.0, 41.0, 31.0, 92.0, 21.0, 35.0, 2.0, 6.0, 22.0]",1,[0.0],55,"[0.0, 1.0, 41.0, 31.0, 92.0, 21.0, 35.0, 2.0, 6.0, 22.0]",True
TBX3_CRI1,float64,guide_umi,38,"[0.0, 1.0, 2.0, 33.0, 23.0, 8.0, 5.0, 20.0, 21.0, 46.0]",1,[0.0],38,"[0.0, 1.0, 33.0, 2.0, 8.0, 20.0, 21.0, 5.0, 46.0, 13.0]",True
HSF1_CRI1,float64,guide_umi,44,"[0.0, 1.0, 24.0, 14.0, 13.0, 22.0, 29.0, 2.0, 23.0, 7.0]",1,[0.0],44,"[0.0, 1.0, 24.0, 13.0, 22.0, 29.0, 2.0, 23.0, 7.0, 5.0]",True
LHX1_CRI1,float64,guide_umi,42,"[0.0, 1.0, 21.0, 2.0, 18.0, 19.0, 7.0, 14.0, 11.0, 32.0]",1,[0.0],42,"[0.0, 1.0, 21.0, 2.0, 18.0, 19.0, 14.0, 11.0, 32.0, 5.0]",True
SREBF2_CRI2,float64,guide_umi,16,"[0.0, 1.0, 3.0, 7.0, 5.0, 2.0, 4.0, 6.0, 11.0, 9.0]",1,[0.0],16,"[0.0, 1.0, 7.0, 5.0, 2.0, 3.0, 6.0, 11.0, 4.0, 9.0]",True
ATG5_CRI2,float64,guide_umi,26,"[0.0, 16.0, 20.0, 1.0, 25.0, 8.0, 7.0, 41.0, 2.0, 3.0]",1,[0.0],26,"[0.0, 16.0, 20.0, 25.0, 8.0, 7.0, 41.0, 3.0, 1.0, 5.0]",True
ATG5_CRI1,float64,guide_umi,14,"[0.0, 1.0, 6.0, 9.0, 5.0, 14.0, 2.0, 4.0, 3.0, 8.0]",1,[0.0],14,"[0.0, 6.0, 9.0, 5.0, 14.0, 1.0, 2.0, 4.0, 3.0, 8.0]",True
HOXB4_CRI2,float64,guide_umi,52,"[0.0, 1.0, 44.0, 8.0, 17.0, 2.0, 16.0, 13.0, 18.0, 41.0]",1,[0.0],52,"[0.0, 1.0, 44.0, 8.0, 17.0, 16.0, 13.0, 41.0, 79.0, 34.0]",True
GATA2_CRI1,float64,guide_umi,37,"[0.0, 1.0, 21.0, 17.0, 3.0, 26.0, 11.0, 28.0, 12.0, 7.0]",1,[0.0],36,"[0.0, 1.0, 21.0, 17.0, 26.0, 11.0, 28.0, 12.0, 7.0, 47.0]",True
FOXP2_CRA2,float64,guide_umi,11,"[0.0, 1.0, 17.0, 3.0, 2.0, 21.0, 36.0, 7.0, 15.0, 6.0]",1,[0.0],11,"[0.0, 1.0, 17.0, 3.0, 2.0, 21.0, 36.0, 7.0, 15.0, 6.0]",True
PRKRIR_CRI2,float64,guide_umi,25,"[0.0, 1.0, 8.0, 10.0, 4.0, 7.0, 13.0, 12.0, 27.0, 6.0]",1,[0.0],24,"[0.0, 1.0, 8.0, 10.0, 4.0, 7.0, 13.0, 12.0, 6.0, 17.0]",True
ZNF219_CRA2,float64,guide_umi,9,"[0.0, 2.0, 8.0, 33.0, 1.0, 3.0, 6.0, 12.0, 10.0]",1,[0.0],9,"[0.0, 2.0, 8.0, 33.0, 3.0, 6.0, 12.0, 1.0, 10.0]",True
BSX_CRI2,float64,guide_umi,31,"[0.0, 1.0, 2.0, 18.0, 19.0, 23.0, 9.0, 10.0, 3.0, 6.0]",1,[0.0],31,"[0.0, 2.0, 18.0, 19.0, 23.0, 9.0, 10.0, 6.0, 1.0, 15.0]",True
NFKB1_CRI1,float64,guide_umi,33,"[0.0, 1.0, 42.0, 2.0, 57.0, 19.0, 4.0, 24.0, 47.0, 12.0]",1,[0.0],32,"[0.0, 1.0, 42.0, 57.0, 19.0, 4.0, 24.0, 47.0, 25.0, 2.0]",True
MITF_CRI1,float64,guide_umi,22,"[0.0, 10.0, 11.0, 1.0, 5.0, 21.0, 4.0, 19.0, 7.0, 13.0]",1,[0.0],21,"[0.0, 10.0, 11.0, 1.0, 4.0, 19.0, 7.0, 13.0, 6.0, 5.0]",True
TFEB_CRI1,float64,guide_umi,31,"[0.0, 1.0, 2.0, 6.0, 19.0, 16.0, 10.0, 11.0, 23.0, 25.0]",1,[0.0],31,"[0.0, 2.0, 6.0, 19.0, 16.0, 1.0, 10.0, 11.0, 23.0, 25.0]",True
ALX1_CRI1,float64,guide_umi,27,"[0.0, 1.0, 9.0, 3.0, 32.0, 2.0, 4.0, 14.0, 19.0, 22.0]",1,[0.0],27,"[0.0, 1.0, 9.0, 32.0, 4.0, 14.0, 19.0, 22.0, 11.0, 5.0]",True
ZNF263_CRI2,float64,guide_umi,17,"[0.0, 2.0, 1.0, 4.0, 5.0, 8.0, 12.0, 3.0, 7.0, 6.0]",1,[0.0],17,"[0.0, 2.0, 1.0, 4.0, 5.0, 12.0, 3.0, 8.0, 7.0, 6.0]",True
ETS1_CRI1,float64,guide_umi,17,"[0.0, 17.0, 5.0, 6.0, 2.0, 9.0, 1.0, 21.0, 3.0, 4.0]",1,[0.0],17,"[0.0, 17.0, 5.0, 6.0, 2.0, 9.0, 21.0, 1.0, 3.0, 4.0]",True
ZNF263_CRI1,float64,guide_umi,9,"[0.0, 4.0, 2.0, 6.0, 1.0, 3.0, 9.0, 5.0, 10.0]",1,[0.0],9,"[0.0, 4.0, 6.0, 2.0, 1.0, 3.0, 9.0, 5.0, 10.0]",True
GATA5_CRI2,float64,guide_umi,30,"[0.0, 1.0, 16.0, 27.0, 4.0, 20.0, 2.0, 6.0, 7.0, 18.0]",1,[0.0],30,"[0.0, 1.0, 16.0, 27.0, 4.0, 20.0, 2.0, 6.0, 7.0, 18.0]",True
NR4A2_CRI2,float64,guide_umi,31,"[0.0, 1.0, 3.0, 2.0, 17.0, 20.0, 25.0, 6.0, 14.0, 18.0]",1,[0.0],31,"[0.0, 1.0, 3.0, 2.0, 17.0, 20.0, 25.0, 6.0, 14.0, 18.0]",True
DRGX_CRA2,float64,guide_umi,4,"[0.0, 1.0, 3.0, 2.0]",1,[0.0],4,"[0.0, 1.0, 3.0, 2.0]",True
ZNF367_CRI1,float64,guide_umi,20,"[0.0, 1.0, 2.0, 3.0, 16.0, 13.0, 18.0, 8.0, 11.0, 23.0]",1,[0.0],20,"[0.0, 1.0, 3.0, 16.0, 2.0, 13.0, 18.0, 8.0, 23.0, 47.0]",True
ATF7_CRI1,float64,guide_umi,11,"[0.0, 4.0, 5.0, 6.0, 1.0, 3.0, 9.0, 8.0, 2.0, 7.0]",1,[0.0],11,"[0.0, 4.0, 5.0, 6.0, 1.0, 3.0, 9.0, 8.0, 2.0, 7.0]",True
POU5F1_CRI2,float64,guide_umi,25,"[0.0, 1.0, 35.0, 2.0, 3.0, 5.0, 7.0, 4.0, 23.0, 28.0]",1,[0.0],25,"[0.0, 35.0, 2.0, 3.0, 1.0, 5.0, 7.0, 4.0, 23.0, 28.0]",True
ZNF318_CRI2,float64,guide_umi,44,"[0.0, 1.0, 5.0, 42.0, 13.0, 31.0, 2.0, 34.0, 3.0, 17.0]",1,[0.0],44,"[0.0, 1.0, 5.0, 42.0, 13.0, 31.0, 2.0, 34.0, 17.0, 24.0]",True
FOXS1_CRI2,float64,guide_umi,43,"[0.0, 13.0, 26.0, 21.0, 1.0, 20.0, 3.0, 2.0, 10.0, 41.0]",1,[0.0],43,"[0.0, 13.0, 26.0, 21.0, 1.0, 20.0, 2.0, 10.0, 41.0, 16.0]",True
ESR1_CRI1,float64,guide_umi,4,"[0.0, 2.0, 1.0, 5.0]",1,[0.0],4,"[0.0, 2.0, 1.0, 5.0]",True
PAX8_CRI2,float64,guide_umi,43,"[0.0, 1.0, 7.0, 25.0, 2.0, 3.0, 5.0, 32.0, 10.0, 8.0]",1,[0.0],43,"[0.0, 1.0, 7.0, 25.0, 2.0, 32.0, 10.0, 4.0, 62.0, 15.0]",True
DUXA_CRI2,float64,guide_umi,31,"[0.0, 1.0, 9.0, 21.0, 34.0, 3.0, 10.0, 23.0, 2.0, 6.0]",1,[0.0],31,"[0.0, 1.0, 9.0, 21.0, 34.0, 3.0, 10.0, 23.0, 12.0, 7.0]",True
PPARG_CRI2,float64,guide_umi,28,"[0.0, 1.0, 22.0, 17.0, 25.0, 3.0, 2.0, 6.0, 4.0, 15.0]",1,[0.0],28,"[0.0, 1.0, 22.0, 17.0, 25.0, 3.0, 6.0, 4.0, 2.0, 15.0]",True
FOXB2_CRI2,float64,guide_umi,44,"[0.0, 32.0, 5.0, 39.0, 50.0, 4.0, 7.0, 48.0, 1.0, 34.0]",1,[0.0],43,"[0.0, 32.0, 5.0, 39.0, 50.0, 4.0, 7.0, 48.0, 1.0, 34.0]",True
CREB3L1_CRI2,float64,guide_umi,28,"[0.0, 7.0, 2.0, 1.0, 6.0, 9.0, 3.0, 5.0, 4.0, 44.0]",1,[0.0],28,"[0.0, 2.0, 1.0, 6.0, 9.0, 3.0, 5.0, 44.0, 15.0, 4.0]",True
MRRF_CRI1,float64,guide_umi,16,"[0.0, 1.0, 16.0, 5.0, 7.0, 9.0, 13.0, 2.0, 3.0, 22.0]",1,[0.0],16,"[0.0, 1.0, 16.0, 5.0, 7.0, 9.0, 13.0, 2.0, 3.0, 22.0]",True
PAX8_CRI1,float64,guide_umi,19,"[0.0, 8.0, 12.0, 18.0, 1.0, 5.0, 6.0, 10.0, 7.0, 2.0]",1,[0.0],19,"[0.0, 8.0, 12.0, 18.0, 6.0, 10.0, 7.0, 2.0, 3.0, 1.0]",True
ONECUT1_CRI1,float64,guide_umi,41,"[0.0, 1.0, 2.0, 6.0, 18.0, 3.0, 21.0, 4.0, 39.0, 61.0]",1,[0.0],41,"[0.0, 1.0, 2.0, 6.0, 18.0, 3.0, 21.0, 4.0, 39.0, 61.0]",True
EZH2_CRI2,float64,guide_umi,43,"[0.0, 1.0, 8.0, 19.0, 95.0, 2.0, 23.0, 11.0, 10.0, 35.0]",1,[0.0],41,"[0.0, 1.0, 8.0, 19.0, 95.0, 2.0, 23.0, 11.0, 10.0, 35.0]",True
DLX2_CRI1,float64,guide_umi,11,"[0.0, 1.0, 3.0, 4.0, 8.0, 2.0, 10.0, 5.0, 6.0, 11.0]",1,[0.0],11,"[0.0, 1.0, 3.0, 4.0, 8.0, 10.0, 2.0, 5.0, 6.0, 11.0]",True
CDX1_CRI1,float64,guide_umi,16,"[0.0, 1.0, 3.0, 6.0, 5.0, 13.0, 2.0, 12.0, 4.0, 8.0]",1,[0.0],16,"[0.0, 3.0, 6.0, 5.0, 13.0, 1.0, 2.0, 12.0, 4.0, 8.0]",True
THRA_CRI1,float64,guide_umi,21,"[0.0, 24.0, 1.0, 9.0, 13.0, 14.0, 7.0, 2.0, 12.0, 11.0]",1,[0.0],21,"[0.0, 24.0, 1.0, 13.0, 14.0, 7.0, 12.0, 11.0, 3.0, 6.0]",True
HINFP_CRI2,float64,guide_umi,14,"[0.0, 1.0, 14.0, 5.0, 6.0, 4.0, 2.0, 9.0, 17.0, 3.0]",1,[0.0],14,"[0.0, 1.0, 14.0, 5.0, 6.0, 4.0, 2.0, 9.0, 17.0, 3.0]",True
HOXB13_CRI1,float64,guide_umi,9,"[0.0, 2.0, 8.0, 3.0, 5.0, 1.0, 4.0, 6.0, 10.0]",1,[0.0],9,"[0.0, 8.0, 2.0, 3.0, 5.0, 1.0, 4.0, 6.0, 10.0]",True
EOMES_CRA1,float64,guide_umi,15,"[0.0, 1.0, 5.0, 9.0, 2.0, 49.0, 14.0, 7.0, 3.0, 8.0]",1,[0.0],15,"[0.0, 1.0, 5.0, 9.0, 2.0, 49.0, 14.0, 7.0, 3.0, 8.0]",True
GSX2_CRI2,float64,guide_umi,44,"[0.0, 1.0, 2.0, 59.0, 31.0, 10.0, 25.0, 26.0, 28.0, 41.0]",1,[0.0],43,"[0.0, 2.0, 1.0, 59.0, 31.0, 10.0, 25.0, 26.0, 28.0, 41.0]",True
SOX5_CRA1,float64,guide_umi,14,"[0.0, 5.0, 24.0, 4.0, 22.0, 15.0, 2.0, 1.0, 13.0, 6.0]",1,[0.0],14,"[0.0, 24.0, 4.0, 22.0, 15.0, 2.0, 1.0, 13.0, 6.0, 14.0]",True
ATG3_CRI1,float64,guide_umi,54,"[0.0, 1.0, 28.0, 2.0, 4.0, 26.0, 19.0, 3.0, 18.0, 13.0]",1,[0.0],54,"[0.0, 1.0, 28.0, 26.0, 18.0, 13.0, 3.0, 33.0, 22.0, 21.0]",True
NPAS1_CRA2,float64,guide_umi,4,"[0.0, 5.0, 1.0, 3.0]",1,[0.0],3,"[0.0, 5.0, 3.0]",True
ATG3_CRI2,float64,guide_umi,21,"[0.0, 1.0, 3.0, 4.0, 11.0, 8.0, 2.0, 6.0, 7.0, 5.0]",1,[0.0],21,"[0.0, 3.0, 11.0, 1.0, 8.0, 2.0, 4.0, 6.0, 7.0, 5.0]",True
STAT4_CRA2,float64,guide_umi,21,"[0.0, 1.0, 3.0, 13.0, 24.0, 18.0, 2.0, 22.0, 19.0, 6.0]",1,[0.0],20,"[0.0, 1.0, 3.0, 13.0, 24.0, 18.0, 2.0, 22.0, 19.0, 6.0]",True
TCF7L2_CRI2,float64,guide_umi,16,"[0.0, 1.0, 11.0, 23.0, 24.0, 22.0, 26.0, 3.0, 14.0, 2.0]",1,[0.0],14,"[0.0, 1.0, 23.0, 24.0, 22.0, 26.0, 3.0, 14.0, 12.0, 40.0]",True
PBX2_CRI1,float64,guide_umi,16,"[0.0, 1.0, 7.0, 4.0, 2.0, 5.0, 13.0, 6.0, 8.0, 22.0]",1,[0.0],16,"[0.0, 7.0, 4.0, 2.0, 1.0, 5.0, 13.0, 6.0, 8.0, 22.0]",True
DLX2_CRI2,float64,guide_umi,18,"[0.0, 1.0, 3.0, 5.0, 11.0, 6.0, 18.0, 8.0, 12.0, 2.0]",1,[0.0],18,"[0.0, 1.0, 3.0, 11.0, 6.0, 18.0, 8.0, 12.0, 2.0, 4.0]",True
KLF4_CRI1,float64,guide_umi,18,"[0.0, 8.0, 1.0, 7.0, 14.0, 5.0, 3.0, 2.0, 10.0, 4.0]",1,[0.0],18,"[0.0, 8.0, 1.0, 14.0, 7.0, 5.0, 3.0, 2.0, 10.0, 4.0]",True
FOXC1_CRI2,float64,guide_umi,18,"[0.0, 1.0, 6.0, 3.0, 13.0, 8.0, 15.0, 4.0, 12.0, 17.0]",1,[0.0],18,"[0.0, 6.0, 1.0, 13.0, 8.0, 15.0, 4.0, 12.0, 17.0, 9.0]",True
KLF3_CRI2,float64,guide_umi,34,"[0.0, 1.0, 15.0, 25.0, 4.0, 8.0, 18.0, 17.0, 47.0, 2.0]",1,[0.0],34,"[0.0, 1.0, 15.0, 25.0, 4.0, 8.0, 18.0, 17.0, 47.0, 14.0]",True
ALX1_CRI2,float64,guide_umi,34,"[0.0, 2.0, 16.0, 1.0, 23.0, 3.0, 8.0, 20.0, 21.0, 5.0]",1,[0.0],34,"[0.0, 16.0, 1.0, 23.0, 2.0, 8.0, 20.0, 21.0, 5.0, 9.0]",True
CREB3L1_CRI1,float64,guide_umi,22,"[0.0, 7.0, 2.0, 9.0, 3.0, 6.0, 11.0, 1.0, 4.0, 12.0]",1,[0.0],21,"[0.0, 2.0, 9.0, 3.0, 6.0, 11.0, 12.0, 1.0, 14.0, 8.0]",True
NR4A1_CRI2,float64,guide_umi,31,"[0.0, 1.0, 40.0, 16.0, 8.0, 18.0, 12.0, 2.0, 4.0, 29.0]",1,[0.0],29,"[0.0, 1.0, 40.0, 16.0, 8.0, 18.0, 12.0, 2.0, 4.0, 29.0]",True
NR4A1_CRI1,float64,guide_umi,19,"[0.0, 1.0, 9.0, 8.0, 7.0, 11.0, 2.0, 10.0, 5.0, 3.0]",1,[0.0],19,"[0.0, 9.0, 8.0, 7.0, 1.0, 11.0, 2.0, 10.0, 5.0, 3.0]",True
ZBTB7A_CRA1,float64,guide_umi,10,"[0.0, 1.0, 9.0, 3.0, 2.0, 10.0, 11.0, 6.0, 8.0, 5.0]",1,[0.0],9,"[0.0, 1.0, 9.0, 3.0, 2.0, 10.0, 11.0, 6.0, 5.0]",True
SOX11_CRI2,float64,guide_umi,33,"[0.0, 1.0, 11.0, 25.0, 18.0, 13.0, 26.0, 10.0, 12.0, 2.0]",1,[0.0],33,"[0.0, 1.0, 11.0, 25.0, 18.0, 13.0, 26.0, 10.0, 12.0, 2.0]",True
TEAD3_CRI1,float64,guide_umi,22,"[0.0, 1.0, 16.0, 9.0, 32.0, 7.0, 3.0, 12.0, 17.0, 19.0]",1,[0.0],22,"[0.0, 1.0, 16.0, 9.0, 32.0, 7.0, 3.0, 12.0, 17.0, 19.0]",True
HMGB2_CRA1,float64,guide_umi,4,"[0.0, 1.0, 2.0, 3.0]",1,[0.0],4,"[0.0, 1.0, 2.0, 3.0]",True
GSX2_CRI1,float64,guide_umi,5,"[0.0, 1.0, 4.0, 2.0, 3.0]",1,[0.0],5,"[0.0, 1.0, 4.0, 2.0, 3.0]",True
TFDP1_CRI2,float64,guide_umi,30,"[0.0, 1.0, 16.0, 7.0, 2.0, 15.0, 3.0, 8.0, 28.0, 33.0]",1,[0.0],28,"[0.0, 1.0, 16.0, 7.0, 2.0, 15.0, 3.0, 8.0, 28.0, 33.0]",True
TFDP1_CRI1,float64,guide_umi,18,"[0.0, 3.0, 4.0, 9.0, 1.0, 10.0, 8.0, 5.0, 15.0, 2.0]",1,[0.0],18,"[0.0, 3.0, 4.0, 9.0, 1.0, 10.0, 8.0, 5.0, 15.0, 2.0]",True
POU3F2_CRI1,float64,guide_umi,11,"[0.0, 1.0, 3.0, 2.0, 4.0, 7.0, 5.0, 8.0, 6.0, 11.0]",1,[0.0],11,"[0.0, 1.0, 3.0, 4.0, 2.0, 7.0, 5.0, 8.0, 6.0, 11.0]",True
NKX1-1_CRI2,float64,guide_umi,10,"[0.0, 1.0, 4.0, 5.0, 2.0, 6.0, 3.0, 8.0, 7.0, 10.0]",1,[0.0],10,"[0.0, 1.0, 4.0, 5.0, 2.0, 6.0, 3.0, 8.0, 7.0, 10.0]",True
ETV5_CRA1,float64,guide_umi,14,"[0.0, 2.0, 8.0, 1.0, 3.0, 24.0, 4.0, 7.0, 6.0, 11.0]",1,[0.0],14,"[0.0, 2.0, 8.0, 1.0, 3.0, 24.0, 4.0, 7.0, 6.0, 11.0]",True
STAT4_CRA1,float64,guide_umi,9,"[0.0, 1.0, 3.0, 5.0, 4.0, 7.0, 2.0, 11.0, 6.0]",1,[0.0],8,"[0.0, 1.0, 3.0, 5.0, 4.0, 7.0, 2.0, 6.0]",True
PGR_CRI2,float64,guide_umi,25,"[0.0, 1.0, 15.0, 2.0, 14.0, 6.0, 13.0, 3.0, 10.0, 7.0]",1,[0.0],25,"[0.0, 1.0, 15.0, 2.0, 14.0, 6.0, 13.0, 3.0, 7.0, 56.0]",True
SOX7_CRI1,float64,guide_umi,9,"[0.0, 1.0, 2.0, 3.0, 4.0, 5.0, 6.0, 7.0, 8.0]",1,[0.0],9,"[0.0, 1.0, 2.0, 3.0, 4.0, 5.0, 6.0, 7.0, 8.0]",True
NKX1-1_CRI1,float64,guide_umi,10,"[0.0, 3.0, 1.0, 2.0, 4.0, 8.0, 5.0, 6.0, 11.0, 7.0]",1,[0.0],10,"[0.0, 3.0, 1.0, 2.0, 4.0, 8.0, 5.0, 6.0, 11.0, 7.0]",True
CDX1_CRI2,float64,guide_umi,50,"[0.0, 1.0, 2.0, 4.0, 32.0, 55.0, 19.0, 18.0, 37.0, 30.0]",1,[0.0],50,"[0.0, 4.0, 32.0, 55.0, 1.0, 19.0, 18.0, 37.0, 30.0, 2.0]",True
FOXS1_CRI1,float64,guide_umi,16,"[0.0, 8.0, 7.0, 4.0, 6.0, 10.0, 9.0, 3.0, 1.0, 13.0]",1,[0.0],15,"[0.0, 7.0, 4.0, 6.0, 10.0, 9.0, 3.0, 13.0, 2.0, 11.0]",True
IRF7_CRI1,float64,guide_umi,30,"[0.0, 1.0, 6.0, 33.0, 51.0, 16.0, 5.0, 8.0, 10.0, 18.0]",1,[0.0],27,"[0.0, 1.0, 6.0, 33.0, 51.0, 16.0, 8.0, 10.0, 11.0, 2.0]",True
ATF4_CRI1,float64,guide_umi,34,"[0.0, 1.0, 23.0, 6.0, 21.0, 18.0, 12.0, 10.0, 2.0, 20.0]",1,[0.0],34,"[0.0, 1.0, 23.0, 6.0, 21.0, 18.0, 12.0, 10.0, 2.0, 20.0]",True
IRF7_CRI2,float64,guide_umi,31,"[0.0, 1.0, 2.0, 8.0, 12.0, 11.0, 10.0, 51.0, 26.0, 27.0]",1,[0.0],29,"[0.0, 1.0, 2.0, 8.0, 11.0, 10.0, 51.0, 26.0, 27.0, 4.0]",True
LCOR_CRI2,float64,guide_umi,39,"[0.0, 1.0, 10.0, 12.0, 22.0, 5.0, 17.0, 30.0, 27.0, 2.0]",1,[0.0],39,"[0.0, 1.0, 10.0, 12.0, 22.0, 5.0, 17.0, 30.0, 27.0, 16.0]",True
EGR2_CRI1,float64,guide_umi,30,"[0.0, 1.0, 26.0, 25.0, 21.0, 9.0, 19.0, 23.0, 12.0, 31.0]",1,[0.0],29,"[0.0, 1.0, 26.0, 25.0, 21.0, 9.0, 19.0, 23.0, 12.0, 31.0]",True
DRGX_CRI2,float64,guide_umi,18,"[0.0, 2.0, 1.0, 47.0, 3.0, 4.0, 11.0, 18.0, 12.0, 13.0]",1,[0.0],18,"[0.0, 1.0, 47.0, 3.0, 4.0, 11.0, 2.0, 18.0, 12.0, 13.0]",True
DRGX_CRI1,float64,guide_umi,20,"[0.0, 18.0, 3.0, 1.0, 5.0, 22.0, 26.0, 9.0, 2.0, 19.0]",1,[0.0],20,"[0.0, 18.0, 1.0, 5.0, 3.0, 22.0, 26.0, 9.0, 2.0, 19.0]",True
TBX3_CRA2,float64,guide_umi,3,"[0.0, 1.0, 2.0]",1,[0.0],3,"[0.0, 1.0, 2.0]",True
ZBTB7B_CRI1,float64,guide_umi,30,"[0.0, 1.0, 20.0, 2.0, 7.0, 9.0, 8.0, 15.0, 16.0, 39.0]",1,[0.0],30,"[0.0, 1.0, 2.0, 7.0, 9.0, 8.0, 15.0, 16.0, 39.0, 25.0]",True
TFAM_CRI1,float64,guide_umi,27,"[0.0, 1.0, 11.0, 4.0, 3.0, 10.0, 7.0, 12.0, 2.0, 21.0]",1,[0.0],27,"[0.0, 1.0, 11.0, 3.0, 10.0, 7.0, 12.0, 21.0, 19.0, 13.0]",True
ZFX_CRI1,float64,guide_umi,36,"[0.0, 1.0, 11.0, 2.0, 17.0, 3.0, 8.0, 31.0, 13.0, 30.0]",1,[0.0],36,"[0.0, 1.0, 11.0, 2.0, 17.0, 3.0, 8.0, 31.0, 13.0, 30.0]",True
SIRT1_CRI2,float64,guide_umi,27,"[0.0, 11.0, 1.0, 3.0, 27.0, 2.0, 8.0, 16.0, 17.0, 7.0]",1,[0.0],27,"[0.0, 11.0, 1.0, 3.0, 27.0, 2.0, 8.0, 16.0, 17.0, 7.0]",True
SOX10_CRI2,float64,guide_umi,16,"[0.0, 2.0, 1.0, 7.0, 8.0, 11.0, 14.0, 10.0, 18.0, 4.0]",1,[0.0],16,"[0.0, 2.0, 1.0, 7.0, 8.0, 11.0, 14.0, 10.0, 18.0, 4.0]",True
TLX2_CRI2,float64,guide_umi,8,"[0.0, 6.0, 2.0, 1.0, 4.0, 3.0, 7.0, 5.0]",1,[0.0],8,"[0.0, 2.0, 1.0, 4.0, 6.0, 3.0, 7.0, 5.0]",True
GATA3_CRI1,float64,guide_umi,35,"[0.0, 1.0, 2.0, 33.0, 17.0, 66.0, 26.0, 3.0, 9.0, 5.0]",1,[0.0],32,"[0.0, 1.0, 2.0, 33.0, 17.0, 66.0, 26.0, 3.0, 5.0, 58.0]",True
CDX2_CRI2,float64,guide_umi,24,"[0.0, 1.0, 4.0, 10.0, 14.0, 17.0, 5.0, 11.0, 12.0, 36.0]",1,[0.0],24,"[0.0, 1.0, 4.0, 10.0, 14.0, 17.0, 5.0, 11.0, 12.0, 36.0]",True
GATA1_CRI1,float64,guide_umi,22,"[0.0, 1.0, 6.0, 18.0, 16.0, 9.0, 10.0, 4.0, 3.0, 20.0]",1,[0.0],21,"[0.0, 1.0, 18.0, 16.0, 9.0, 10.0, 6.0, 4.0, 3.0, 20.0]",True
GATA1_CRI2,float64,guide_umi,21,"[0.0, 1.0, 4.0, 3.0, 2.0, 41.0, 7.0, 10.0, 61.0, 15.0]",1,[0.0],21,"[0.0, 1.0, 2.0, 3.0, 41.0, 7.0, 10.0, 61.0, 15.0, 5.0]",True
GATA2_CRI2,float64,guide_umi,10,"[0.0, 1.0, 2.0, 5.0, 3.0, 13.0, 6.0, 4.0, 7.0, 10.0]",1,[0.0],10,"[0.0, 1.0, 2.0, 5.0, 3.0, 13.0, 6.0, 4.0, 7.0, 10.0]",True
LHX5_CRI1,float64,guide_umi,13,"[0.0, 1.0, 2.0, 3.0, 6.0, 7.0, 5.0, 4.0, 8.0, 12.0]",1,[0.0],13,"[0.0, 1.0, 2.0, 3.0, 6.0, 7.0, 5.0, 4.0, 8.0, 12.0]",True
DLX4_CRI2,float64,guide_umi,35,"[0.0, 1.0, 13.0, 11.0, 35.0, 6.0, 22.0, 9.0, 10.0, 16.0]",1,[0.0],35,"[0.0, 1.0, 13.0, 11.0, 35.0, 6.0, 22.0, 9.0, 10.0, 16.0]",True
ATF4_CRI2,float64,guide_umi,14,"[0.0, 30.0, 1.0, 3.0, 10.0, 7.0, 8.0, 4.0, 5.0, 17.0]",1,[0.0],14,"[0.0, 30.0, 3.0, 10.0, 7.0, 8.0, 4.0, 5.0, 17.0, 6.0]",True
APOD_CRI2,float64,guide_umi,37,"[0.0, 2.0, 1.0, 24.0, 27.0, 14.0, 35.0, 7.0, 10.0, 20.0]",1,[0.0],37,"[0.0, 2.0, 1.0, 24.0, 27.0, 14.0, 35.0, 7.0, 10.0, 20.0]",True
SALL4_CRI2,float64,guide_umi,27,"[0.0, 1.0, 6.0, 12.0, 15.0, 22.0, 19.0, 4.0, 3.0, 5.0]",1,[0.0],27,"[0.0, 6.0, 12.0, 15.0, 22.0, 19.0, 1.0, 4.0, 5.0, 2.0]",True
XBP1_CRA2,float64,guide_umi,8,"[0.0, 4.0, 5.0, 1.0, 7.0, 2.0, 17.0, 3.0]",1,[0.0],8,"[0.0, 4.0, 5.0, 1.0, 7.0, 2.0, 17.0, 3.0]",True
NFATC2_CRA2,float64,guide_umi,2,"[0.0, 1.0]",1,[0.0],2,"[0.0, 1.0]",True
STAT4_CRI2,float64,guide_umi,44,"[0.0, 2.0, 1.0, 38.0, 77.0, 7.0, 22.0, 44.0, 16.0, 35.0]",1,[0.0],43,"[0.0, 1.0, 38.0, 77.0, 7.0, 22.0, 44.0, 16.0, 35.0, 48.0]",True
XRCC5_CRI2,float64,guide_umi,25,"[0.0, 1.0, 2.0, 8.0, 17.0, 22.0, 4.0, 33.0, 14.0, 25.0]",1,[0.0],25,"[0.0, 1.0, 2.0, 8.0, 17.0, 22.0, 4.0, 33.0, 14.0, 25.0]",True
PHOX2A_CRI1,float64,guide_umi,17,"[0.0, 1.0, 12.0, 2.0, 5.0, 10.0, 18.0, 7.0, 13.0, 3.0]",1,[0.0],17,"[0.0, 1.0, 12.0, 2.0, 5.0, 10.0, 18.0, 7.0, 13.0, 3.0]",True
NPAS1_CRA1,float64,guide_umi,10,"[0.0, 11.0, 2.0, 10.0, 1.0, 7.0, 15.0, 3.0, 40.0, 6.0]",1,[0.0],8,"[0.0, 2.0, 10.0, 1.0, 7.0, 15.0, 3.0, 6.0]",True
MYB_CRI1,float64,guide_umi,23,"[0.0, 1.0, 22.0, 2.0, 12.0, 14.0, 17.0, 19.0, 7.0, 8.0]",1,[0.0],23,"[0.0, 22.0, 1.0, 14.0, 17.0, 19.0, 7.0, 8.0, 13.0, 11.0]",True
MYBL2_CRI1,float64,guide_umi,24,"[0.0, 1.0, 3.0, 2.0, 17.0, 6.0, 12.0, 5.0, 11.0, 50.0]",1,[0.0],24,"[0.0, 3.0, 1.0, 2.0, 17.0, 6.0, 12.0, 5.0, 11.0, 50.0]",True
NPAS1_CRI2,float64,guide_umi,23,"[0.0, 4.0, 3.0, 6.0, 1.0, 7.0, 18.0, 2.0, 15.0, 13.0]",1,[0.0],23,"[0.0, 3.0, 6.0, 7.0, 1.0, 18.0, 2.0, 15.0, 4.0, 13.0]",True
NPAS1_CRI1,float64,guide_umi,20,"[0.0, 1.0, 5.0, 3.0, 9.0, 23.0, 17.0, 2.0, 10.0, 14.0]",1,[0.0],20,"[0.0, 1.0, 5.0, 3.0, 9.0, 23.0, 17.0, 10.0, 14.0, 15.0]",True
LHX1_CRI2,float64,guide_umi,9,"[0.0, 1.0, 3.0, 2.0, 7.0, 5.0, 6.0, 4.0, 8.0]",1,[0.0],9,"[0.0, 3.0, 1.0, 2.0, 7.0, 5.0, 6.0, 4.0, 8.0]",True
SOX10_CRI1,float64,guide_umi,18,"[0.0, 1.0, 10.0, 7.0, 22.0, 8.0, 2.0, 6.0, 3.0, 15.0]",1,[0.0],18,"[0.0, 1.0, 10.0, 7.0, 22.0, 8.0, 2.0, 6.0, 3.0, 15.0]",True
E2F1_CRI1,float64,guide_umi,22,"[0.0, 1.0, 10.0, 9.0, 13.0, 16.0, 5.0, 20.0, 7.0, 2.0]",1,[0.0],21,"[0.0, 1.0, 10.0, 9.0, 13.0, 5.0, 20.0, 17.0, 7.0, 3.0]",True
HSF1_CRI2,float64,guide_umi,38,"[0.0, 1.0, 18.0, 25.0, 24.0, 6.0, 17.0, 10.0, 3.0, 8.0]",1,[0.0],38,"[0.0, 1.0, 18.0, 25.0, 24.0, 17.0, 10.0, 3.0, 8.0, 57.0]",True
ARX_CRI2,float64,guide_umi,27,"[0.0, 1.0, 14.0, 28.0, 26.0, 17.0, 7.0, 18.0, 6.0, 37.0]",1,[0.0],25,"[0.0, 1.0, 14.0, 28.0, 26.0, 17.0, 18.0, 6.0, 37.0, 16.0]",True
TWIST1_CRI2,float64,guide_umi,44,"[0.0, 1.0, 23.0, 28.0, 2.0, 11.0, 3.0, 21.0, 20.0, 7.0]",1,[0.0],43,"[0.0, 1.0, 23.0, 28.0, 2.0, 11.0, 3.0, 21.0, 20.0, 7.0]",True
FOSL1_CRI1,float64,guide_umi,29,"[0.0, 1.0, 7.0, 17.0, 9.0, 10.0, 13.0, 8.0, 31.0, 12.0]",1,[0.0],27,"[0.0, 1.0, 7.0, 17.0, 10.0, 13.0, 8.0, 31.0, 12.0, 2.0]",True
GATA5_CRI1,float64,guide_umi,29,"[0.0, 1.0, 11.0, 10.0, 8.0, 3.0, 24.0, 16.0, 28.0, 21.0]",1,[0.0],27,"[0.0, 1.0, 11.0, 10.0, 8.0, 3.0, 24.0, 16.0, 28.0, 21.0]",True
GATA3_CRI2,float64,guide_umi,24,"[0.0, 1.0, 2.0, 35.0, 26.0, 15.0, 4.0, 29.0, 18.0, 33.0]",1,[0.0],24,"[0.0, 1.0, 2.0, 35.0, 26.0, 15.0, 29.0, 18.0, 33.0, 9.0]",True
SREBF1_CRI2,float64,guide_umi,31,"[0.0, 1.0, 17.0, 12.0, 15.0, 27.0, 2.0, 3.0, 5.0, 4.0]",1,[0.0],31,"[0.0, 1.0, 17.0, 12.0, 15.0, 27.0, 3.0, 2.0, 4.0, 8.0]",True
ZNF695_CRI1,float64,guide_umi,24,"[0.0, 9.0, 14.0, 1.0, 2.0, 7.0, 23.0, 5.0, 46.0, 15.0]",1,[0.0],24,"[0.0, 9.0, 14.0, 1.0, 7.0, 23.0, 5.0, 46.0, 15.0, 28.0]",True
E2F3_CRI1,float64,guide_umi,33,"[0.0, 1.0, 14.0, 3.0, 2.0, 10.0, 37.0, 9.0, 4.0, 22.0]",1,[0.0],33,"[0.0, 1.0, 14.0, 3.0, 10.0, 37.0, 9.0, 4.0, 22.0, 18.0]",True
CEBPZ_CRI2,float64,guide_umi,20,"[0.0, 1.0, 16.0, 2.0, 3.0, 38.0, 20.0, 12.0, 17.0, 35.0]",1,[0.0],19,"[0.0, 1.0, 16.0, 2.0, 38.0, 20.0, 12.0, 17.0, 35.0, 7.0]",True
MXD3_CRI2,float64,guide_umi,17,"[0.0, 7.0, 1.0, 2.0, 4.0, 5.0, 16.0, 3.0, 22.0, 12.0]",1,[0.0],16,"[0.0, 1.0, 2.0, 7.0, 4.0, 5.0, 16.0, 3.0, 22.0, 12.0]",True
MXD3_CRI1,float64,guide_umi,15,"[0.0, 1.0, 7.0, 6.0, 4.0, 3.0, 12.0, 2.0, 10.0, 13.0]",1,[0.0],15,"[0.0, 1.0, 6.0, 4.0, 3.0, 12.0, 2.0, 10.0, 7.0, 13.0]",True
HSF4_CRI2,float64,guide_umi,25,"[0.0, 1.0, 10.0, 15.0, 12.0, 2.0, 7.0, 20.0, 24.0, 14.0]",1,[0.0],23,"[0.0, 1.0, 10.0, 15.0, 12.0, 2.0, 7.0, 20.0, 24.0, 14.0]",True
VEZF1_CRI2,float64,guide_umi,41,"[0.0, 13.0, 1.0, 52.0, 15.0, 16.0, 8.0, 33.0, 18.0, 31.0]",1,[0.0],40,"[0.0, 1.0, 13.0, 15.0, 16.0, 8.0, 33.0, 18.0, 31.0, 2.0]",True
TFCP2_CRI2,float64,guide_umi,31,"[0.0, 1.0, 6.0, 11.0, 2.0, 14.0, 31.0, 26.0, 5.0, 7.0]",1,[0.0],31,"[0.0, 1.0, 6.0, 11.0, 14.0, 31.0, 26.0, 5.0, 7.0, 2.0]",True
STAT3_CRI2,float64,guide_umi,42,"[0.0, 1.0, 2.0, 20.0, 51.0, 56.0, 37.0, 25.0, 18.0, 19.0]",1,[0.0],42,"[0.0, 1.0, 20.0, 51.0, 56.0, 37.0, 25.0, 18.0, 19.0, 24.0]",True
SOX15_CRI1,float64,guide_umi,25,"[0.0, 16.0, 1.0, 10.0, 13.0, 25.0, 3.0, 7.0, 4.0, 6.0]",1,[0.0],25,"[0.0, 1.0, 10.0, 13.0, 25.0, 3.0, 7.0, 4.0, 6.0, 5.0]",True
HMGB2_CRI1,float64,guide_umi,33,"[0.0, 16.0, 21.0, 1.0, 18.0, 44.0, 11.0, 37.0, 7.0, 2.0]",1,[0.0],32,"[0.0, 16.0, 21.0, 1.0, 18.0, 44.0, 11.0, 37.0, 7.0, 12.0]",True
FOXD2_CRI2,float64,guide_umi,40,"[0.0, 1.0, 33.0, 43.0, 22.0, 31.0, 9.0, 38.0, 27.0, 30.0]",1,[0.0],39,"[0.0, 1.0, 33.0, 43.0, 22.0, 9.0, 38.0, 27.0, 30.0, 39.0]",True
PPARG_CRI1,float64,guide_umi,20,"[0.0, 1.0, 9.0, 3.0, 6.0, 2.0, 33.0, 10.0, 7.0, 16.0]",1,[0.0],19,"[0.0, 9.0, 3.0, 6.0, 1.0, 2.0, 33.0, 10.0, 7.0, 16.0]",True
E2F5_CRI2,float64,guide_umi,31,"[0.0, 1.0, 6.0, 53.0, 2.0, 24.0, 3.0, 5.0, 13.0, 15.0]",1,[0.0],31,"[0.0, 1.0, 6.0, 53.0, 24.0, 2.0, 3.0, 5.0, 13.0, 15.0]",True
ESX1_CRI1,float64,guide_umi,12,"[0.0, 7.0, 1.0, 10.0, 5.0, 12.0, 11.0, 23.0, 6.0, 2.0]",1,[0.0],12,"[0.0, 7.0, 1.0, 10.0, 5.0, 12.0, 11.0, 23.0, 6.0, 2.0]",True
ARID5A_CRI1,float64,guide_umi,18,"[0.0, 1.0, 9.0, 10.0, 8.0, 6.0, 3.0, 15.0, 5.0, 2.0]",1,[0.0],17,"[0.0, 1.0, 9.0, 10.0, 8.0, 6.0, 15.0, 5.0, 2.0, 14.0]",True
NKX2-2_CRI1,float64,guide_umi,32,"[0.0, 1.0, 2.0, 24.0, 4.0, 3.0, 36.0, 105.0, 29.0, 56.0]",1,[0.0],32,"[0.0, 1.0, 2.0, 24.0, 4.0, 36.0, 105.0, 29.0, 56.0, 26.0]",True
NKX2-2_CRI2,float64,guide_umi,26,"[0.0, 11.0, 1.0, 3.0, 7.0, 9.0, 8.0, 4.0, 12.0, 5.0]",1,[0.0],25,"[0.0, 11.0, 1.0, 7.0, 9.0, 8.0, 4.0, 12.0, 5.0, 35.0]",True
DUXA_CRI1,float64,guide_umi,9,"[0.0, 2.0, 3.0, 6.0, 1.0, 4.0, 8.0, 9.0, 5.0]",1,[0.0],9,"[0.0, 2.0, 3.0, 6.0, 1.0, 4.0, 8.0, 9.0, 5.0]",True
DLX4_CRI1,float64,guide_umi,27,"[0.0, 30.0, 1.0, 23.0, 33.0, 22.0, 21.0, 15.0, 19.0, 27.0]",1,[0.0],27,"[0.0, 1.0, 23.0, 33.0, 22.0, 21.0, 15.0, 19.0, 27.0, 7.0]",True
IRF4_CRI2,float64,guide_umi,29,"[0.0, 1.0, 27.0, 31.0, 15.0, 3.0, 14.0, 21.0, 25.0, 5.0]",1,[0.0],28,"[0.0, 1.0, 27.0, 31.0, 15.0, 3.0, 14.0, 21.0, 25.0, 5.0]",True
ETS2_CRI1,float64,guide_umi,29,"[0.0, 1.0, 12.0, 4.0, 3.0, 11.0, 7.0, 38.0, 21.0, 13.0]",1,[0.0],29,"[0.0, 1.0, 12.0, 4.0, 11.0, 38.0, 21.0, 13.0, 14.0, 3.0]",True
EGR1_CRI2,float64,guide_umi,39,"[0.0, 2.0, 1.0, 20.0, 9.0, 23.0, 3.0, 10.0, 18.0, 21.0]",1,[0.0],39,"[0.0, 1.0, 20.0, 9.0, 23.0, 3.0, 10.0, 18.0, 2.0, 21.0]",True
ATG4C_CRI1,float64,guide_umi,31,"[0.0, 1.0, 4.0, 15.0, 2.0, 16.0, 33.0, 19.0, 5.0, 7.0]",1,[0.0],31,"[0.0, 1.0, 4.0, 15.0, 2.0, 16.0, 33.0, 19.0, 5.0, 7.0]",True
TFCP2_CRI1,float64,guide_umi,9,"[0.0, 6.0, 1.0, 2.0, 3.0, 4.0, 5.0, 7.0, 10.0]",1,[0.0],9,"[0.0, 6.0, 1.0, 2.0, 3.0, 4.0, 5.0, 7.0, 10.0]",True
EOMES_CRI1,float64,guide_umi,43,"[0.0, 7.0, 3.0, 39.0, 1.0, 2.0, 29.0, 4.0, 14.0, 10.0]",1,[0.0],43,"[0.0, 7.0, 3.0, 39.0, 2.0, 29.0, 4.0, 1.0, 14.0, 10.0]",True
CEBPB_CRI2,float64,guide_umi,37,"[0.0, 1.0, 3.0, 6.0, 67.0, 18.0, 45.0, 22.0, 30.0, 2.0]",1,[0.0],36,"[0.0, 1.0, 3.0, 6.0, 67.0, 18.0, 45.0, 22.0, 30.0, 19.0]",True
CTCFL_CRI2,float64,guide_umi,20,"[0.0, 5.0, 6.0, 2.0, 1.0, 9.0, 8.0, 11.0, 4.0, 3.0]",1,[0.0],20,"[0.0, 6.0, 2.0, 9.0, 8.0, 11.0, 4.0, 1.0, 5.0, 3.0]",True
SREBF2_CRA2,float64,guide_umi,7,"[0.0, 1.0, 17.0, 3.0, 10.0, 2.0, 5.0]",1,[0.0],7,"[0.0, 1.0, 17.0, 3.0, 10.0, 2.0, 5.0]",True
SREBF2_CRA1,float64,guide_umi,3,"[0.0, 53.0, 1.0]",1,[0.0],3,"[0.0, 53.0, 1.0]",True
TFAM_CRI2,float64,guide_umi,45,"[0.0, 1.0, 8.0, 33.0, 26.0, 32.0, 9.0, 2.0, 3.0, 31.0]",1,[0.0],45,"[0.0, 1.0, 8.0, 33.0, 26.0, 32.0, 2.0, 9.0, 3.0, 31.0]",True
TLX2_CRI1,float64,guide_umi,12,"[0.0, 1.0, 4.0, 3.0, 5.0, 2.0, 9.0, 6.0, 10.0, 8.0]",1,[0.0],12,"[0.0, 1.0, 4.0, 3.0, 5.0, 2.0, 9.0, 6.0, 10.0, 8.0]",True
SRY_CRI1,float64,guide_umi,24,"[0.0, 1.0, 6.0, 3.0, 7.0, 2.0, 40.0, 5.0, 14.0, 15.0]",1,[0.0],24,"[0.0, 1.0, 6.0, 3.0, 7.0, 2.0, 40.0, 5.0, 14.0, 15.0]",True
PBX2_CRI2,float64,guide_umi,47,"[0.0, 1.0, 4.0, 2.0, 5.0, 3.0, 20.0, 29.0, 47.0, 19.0]",1,[0.0],47,"[0.0, 1.0, 4.0, 5.0, 3.0, 2.0, 20.0, 29.0, 47.0, 19.0]",True
STAT1_CRI2,float64,guide_umi,41,"[0.0, 1.0, 17.0, 27.0, 12.0, 2.0, 14.0, 3.0, 5.0, 24.0]",1,[0.0],40,"[0.0, 17.0, 1.0, 27.0, 12.0, 2.0, 14.0, 3.0, 5.0, 24.0]",True
LCOR_CRI1,float64,guide_umi,10,"[0.0, 2.0, 3.0, 4.0, 1.0, 8.0, 6.0, 7.0, 10.0, 5.0]",1,[0.0],10,"[0.0, 2.0, 3.0, 4.0, 1.0, 8.0, 6.0, 7.0, 10.0, 5.0]",True
PLAU_CRI2,float64,guide_umi,9,"[0.0, 1.0, 2.0, 7.0, 4.0, 5.0, 6.0, 9.0, 3.0]",1,[0.0],9,"[0.0, 1.0, 2.0, 7.0, 4.0, 5.0, 6.0, 9.0, 3.0]",True
ZBTB7A_CRI1,float64,guide_umi,20,"[0.0, 28.0, 10.0, 7.0, 8.0, 4.0, 1.0, 6.0, 2.0, 23.0]",1,[0.0],18,"[0.0, 28.0, 10.0, 7.0, 4.0, 1.0, 6.0, 2.0, 8.0, 23.0]",True
MYC_CRI1,float64,guide_umi,32,"[0.0, 2.0, 1.0, 16.0, 5.0, 31.0, 8.0, 20.0, 32.0, 18.0]",1,[0.0],31,"[0.0, 2.0, 16.0, 1.0, 5.0, 8.0, 20.0, 32.0, 3.0, 4.0]",True
FOXC1_CRI1,float64,guide_umi,27,"[0.0, 1.0, 3.0, 15.0, 13.0, 12.0, 4.0, 8.0, 16.0, 25.0]",1,[0.0],26,"[0.0, 1.0, 15.0, 13.0, 12.0, 3.0, 4.0, 8.0, 16.0, 25.0]",True
VAX1_CRI1,float64,guide_umi,7,"[0.0, 1.0, 2.0, 3.0, 5.0, 4.0, 6.0]",1,[0.0],7,"[0.0, 1.0, 2.0, 3.0, 5.0, 4.0, 6.0]",True
E2F3_CRI2,float64,guide_umi,28,"[0.0, 4.0, 7.0, 9.0, 32.0, 1.0, 10.0, 2.0, 45.0, 20.0]",1,[0.0],28,"[0.0, 4.0, 9.0, 32.0, 1.0, 10.0, 45.0, 20.0, 30.0, 3.0]",True
TCF3_CRI1,float64,guide_umi,31,"[0.0, 1.0, 3.0, 22.0, 6.0, 7.0, 8.0, 30.0, 2.0, 20.0]",1,[0.0],31,"[0.0, 1.0, 3.0, 22.0, 6.0, 8.0, 30.0, 2.0, 20.0, 11.0]",True
ARID5A_CRI2,float64,guide_umi,14,"[0.0, 1.0, 8.0, 4.0, 6.0, 3.0, 7.0, 2.0, 5.0, 9.0]",1,[0.0],14,"[0.0, 8.0, 4.0, 6.0, 7.0, 1.0, 5.0, 2.0, 9.0, 10.0]",True
EGR1_CRI1,float64,guide_umi,12,"[0.0, 2.0, 3.0, 1.0, 4.0, 5.0, 6.0, 8.0, 7.0, 12.0]",1,[0.0],12,"[0.0, 2.0, 3.0, 1.0, 4.0, 5.0, 6.0, 8.0, 7.0, 12.0]",True
PAX4_CRI1,float64,guide_umi,22,"[0.0, 1.0, 15.0, 7.0, 10.0, 19.0, 9.0, 17.0, 2.0, 6.0]",1,[0.0],22,"[0.0, 1.0, 15.0, 7.0, 10.0, 19.0, 9.0, 17.0, 2.0, 6.0]",True
HOXA13_CRI2,float64,guide_umi,19,"[0.0, 1.0, 3.0, 10.0, 2.0, 6.0, 14.0, 9.0, 17.0, 12.0]",1,[0.0],19,"[0.0, 1.0, 3.0, 10.0, 2.0, 6.0, 14.0, 9.0, 17.0, 12.0]",True
NFATC2_CRI2,float64,guide_umi,19,"[0.0, 16.0, 6.0, 1.0, 4.0, 2.0, 12.0, 7.0, 3.0, 18.0]",1,[0.0],19,"[0.0, 6.0, 1.0, 4.0, 12.0, 7.0, 3.0, 18.0, 11.0, 2.0]",True
THRA_CRI2,float64,guide_umi,19,"[0.0, 1.0, 9.0, 3.0, 10.0, 17.0, 4.0, 18.0, 13.0, 2.0]",1,[0.0],18,"[0.0, 1.0, 3.0, 10.0, 17.0, 4.0, 18.0, 13.0, 11.0, 5.0]",True
DNMT1_CRI1,float64,guide_umi,18,"[0.0, 1.0, 12.0, 6.0, 2.0, 19.0, 3.0, 14.0, 8.0, 10.0]",1,[0.0],17,"[0.0, 1.0, 12.0, 2.0, 19.0, 3.0, 14.0, 8.0, 10.0, 5.0]",True
PAX2_CRI2,float64,guide_umi,41,"[0.0, 1.0, 5.0, 2.0, 45.0, 11.0, 43.0, 10.0, 49.0, 12.0]",1,[0.0],40,"[0.0, 5.0, 1.0, 45.0, 11.0, 43.0, 10.0, 49.0, 12.0, 67.0]",True
JUN_CRI2,float64,guide_umi,24,"[0.0, 1.0, 10.0, 3.0, 11.0, 26.0, 20.0, 8.0, 2.0, 5.0]",1,[0.0],24,"[0.0, 10.0, 1.0, 11.0, 3.0, 26.0, 20.0, 8.0, 5.0, 6.0]",True
MYB_CRI2,float64,guide_umi,19,"[0.0, 1.0, 4.0, 17.0, 8.0, 25.0, 2.0, 12.0, 18.0, 13.0]",1,[0.0],19,"[0.0, 1.0, 4.0, 8.0, 25.0, 2.0, 12.0, 18.0, 13.0, 11.0]",True
FOXF2_CRI1,float64,guide_umi,21,"[0.0, 2.0, 4.0, 1.0, 14.0, 5.0, 42.0, 8.0, 11.0, 3.0]",1,[0.0],19,"[0.0, 2.0, 4.0, 1.0, 5.0, 42.0, 8.0, 11.0, 48.0, 41.0]",True
ZKSCAN4_CRI1,float64,guide_umi,9,"[0.0, 4.0, 1.0, 2.0, 5.0, 9.0, 7.0, 6.0, 3.0]",1,[0.0],9,"[0.0, 4.0, 1.0, 2.0, 5.0, 9.0, 7.0, 6.0, 3.0]",True
MAZ_CRI2,float64,guide_umi,22,"[0.0, 1.0, 11.0, 2.0, 4.0, 6.0, 3.0, 8.0, 14.0, 5.0]",1,[0.0],21,"[0.0, 1.0, 11.0, 2.0, 4.0, 6.0, 3.0, 8.0, 14.0, 5.0]",True
SREBF1_CRI1,float64,guide_umi,24,"[0.0, 1.0, 6.0, 2.0, 13.0, 9.0, 5.0, 17.0, 3.0, 23.0]",1,[0.0],24,"[0.0, 1.0, 6.0, 2.0, 13.0, 17.0, 9.0, 5.0, 3.0, 23.0]",True
NRF1_CRI1,float64,guide_umi,18,"[0.0, 3.0, 7.0, 5.0, 1.0, 12.0, 10.0, 11.0, 9.0, 2.0]",1,[0.0],18,"[0.0, 3.0, 7.0, 5.0, 1.0, 12.0, 10.0, 11.0, 2.0, 4.0]",True
ZBTB7B_CRI2,float64,guide_umi,24,"[0.0, 10.0, 1.0, 7.0, 2.0, 19.0, 43.0, 20.0, 34.0, 51.0]",1,[0.0],24,"[0.0, 10.0, 1.0, 7.0, 2.0, 19.0, 43.0, 20.0, 34.0, 51.0]",True
HOXB9_CRI2,float64,guide_umi,27,"[0.0, 1.0, 22.0, 45.0, 7.0, 17.0, 2.0, 3.0, 25.0, 16.0]",1,[0.0],26,"[0.0, 1.0, 22.0, 45.0, 7.0, 17.0, 2.0, 3.0, 25.0, 16.0]",True
MEF2C_CRI1,float64,guide_umi,5,"[0.0, 1.0, 5.0, 2.0, 8.0]",1,[0.0],5,"[0.0, 1.0, 5.0, 2.0, 8.0]",True
MEF2C_CRI2,float64,guide_umi,19,"[0.0, 2.0, 5.0, 18.0, 1.0, 3.0, 34.0, 21.0, 4.0, 14.0]",1,[0.0],19,"[0.0, 5.0, 18.0, 1.0, 3.0, 34.0, 21.0, 4.0, 14.0, 12.0]",True
TEAD3_CRI2,float64,guide_umi,10,"[0.0, 1.0, 3.0, 4.0, 5.0, 10.0, 12.0, 7.0, 2.0, 6.0]",1,[0.0],10,"[0.0, 1.0, 3.0, 4.0, 5.0, 10.0, 12.0, 2.0, 7.0, 6.0]",True
TFE3_CRI1,float64,guide_umi,24,"[0.0, 1.0, 10.0, 2.0, 26.0, 18.0, 11.0, 4.0, 8.0, 13.0]",1,[0.0],22,"[0.0, 1.0, 10.0, 26.0, 18.0, 2.0, 11.0, 4.0, 8.0, 13.0]",True
FOXA2_CRI2,float64,guide_umi,22,"[0.0, 1.0, 4.0, 10.0, 23.0, 5.0, 27.0, 6.0, 3.0, 11.0]",1,[0.0],22,"[0.0, 1.0, 4.0, 10.0, 23.0, 5.0, 27.0, 3.0, 11.0, 13.0]",True
BATF3_CRI2,float64,guide_umi,21,"[0.0, 1.0, 21.0, 17.0, 10.0, 39.0, 7.0, 8.0, 11.0, 12.0]",1,[0.0],21,"[0.0, 21.0, 17.0, 10.0, 39.0, 1.0, 7.0, 8.0, 11.0, 12.0]",True
ONECUT1_CRI2,float64,guide_umi,21,"[0.0, 1.0, 2.0, 12.0, 11.0, 15.0, 5.0, 9.0, 10.0, 22.0]",1,[0.0],21,"[0.0, 1.0, 2.0, 12.0, 11.0, 15.0, 5.0, 9.0, 10.0, 22.0]",True
CTCF_CRI2,float64,guide_umi,4,"[0.0, 1.0, 2.0, 4.0]",1,[0.0],4,"[0.0, 1.0, 2.0, 4.0]",True
RUNX2_CRI1,float64,guide_umi,15,"[0.0, 1.0, 4.0, 13.0, 8.0, 6.0, 3.0, 9.0, 5.0, 11.0]",1,[0.0],15,"[0.0, 4.0, 13.0, 8.0, 6.0, 3.0, 1.0, 9.0, 5.0, 11.0]",True
RUNX2_CRI2,float64,guide_umi,14,"[0.0, 1.0, 3.0, 10.0, 8.0, 2.0, 6.0, 24.0, 13.0, 9.0]",1,[0.0],14,"[0.0, 1.0, 3.0, 10.0, 8.0, 2.0, 6.0, 24.0, 13.0, 9.0]",True
ZIC5_CRI1,float64,guide_umi,20,"[0.0, 1.0, 35.0, 19.0, 10.0, 5.0, 13.0, 2.0, 23.0, 26.0]",1,[0.0],20,"[0.0, 1.0, 35.0, 19.0, 10.0, 5.0, 13.0, 2.0, 26.0, 3.0]",True
HSPD1_CRI2,float64,guide_umi,13,"[0.0, 21.0, 85.0, 1.0, 44.0, 46.0, 6.0, 14.0, 16.0, 2.0]",1,[0.0],13,"[0.0, 21.0, 85.0, 1.0, 44.0, 46.0, 6.0, 14.0, 16.0, 2.0]",True
HNF1B_CRI1,float64,guide_umi,21,"[0.0, 1.0, 13.0, 14.0, 6.0, 4.0, 5.0, 15.0, 27.0, 9.0]",1,[0.0],21,"[0.0, 1.0, 13.0, 14.0, 6.0, 4.0, 5.0, 15.0, 27.0, 9.0]",True
ZBTB2_CRI1,float64,guide_umi,25,"[0.0, 7.0, 27.0, 16.0, 4.0, 1.0, 6.0, 9.0, 11.0, 3.0]",1,[0.0],24,"[0.0, 7.0, 27.0, 16.0, 4.0, 1.0, 6.0, 9.0, 11.0, 3.0]",True
MAZ_CRI1,float64,guide_umi,27,"[0.0, 1.0, 8.0, 10.0, 15.0, 2.0, 4.0, 5.0, 12.0, 38.0]",1,[0.0],26,"[0.0, 1.0, 8.0, 10.0, 15.0, 2.0, 4.0, 5.0, 12.0, 38.0]",True
SOX11_CRI1,float64,guide_umi,19,"[0.0, 13.0, 1.0, 14.0, 11.0, 2.0, 3.0, 12.0, 6.0, 18.0]",1,[0.0],19,"[0.0, 13.0, 14.0, 1.0, 11.0, 3.0, 12.0, 2.0, 6.0, 18.0]",True
CEBPA_CRI2,float64,guide_umi,13,"[0.0, 1.0, 7.0, 3.0, 10.0, 4.0, 2.0, 5.0, 13.0, 14.0]",1,[0.0],12,"[0.0, 7.0, 3.0, 4.0, 2.0, 5.0, 13.0, 1.0, 8.0, 6.0]",True
NFKB2_CRI1,float64,guide_umi,11,"[0.0, 1.0, 2.0, 3.0, 4.0, 13.0, 5.0, 6.0, 7.0, 10.0]",1,[0.0],11,"[0.0, 1.0, 2.0, 3.0, 4.0, 13.0, 5.0, 6.0, 7.0, 10.0]",True
SRY_CRI2,float64,guide_umi,12,"[0.0, 3.0, 2.0, 15.0, 1.0, 4.0, 6.0, 5.0, 8.0, 11.0]",1,[0.0],12,"[0.0, 3.0, 2.0, 15.0, 4.0, 1.0, 6.0, 5.0, 8.0, 11.0]",True
CTCF_CRI1,float64,guide_umi,7,"[0.0, 4.0, 1.0, 2.0, 3.0, 6.0, 5.0]",1,[0.0],7,"[0.0, 4.0, 1.0, 2.0, 3.0, 5.0, 6.0]",True
PPARGC1A_CRI2,float64,guide_umi,13,"[0.0, 2.0, 1.0, 4.0, 3.0, 5.0, 7.0, 6.0, 8.0, 9.0]",1,[0.0],12,"[0.0, 2.0, 4.0, 7.0, 6.0, 1.0, 8.0, 5.0, 10.0, 11.0]",True
ZNF318_CRI1,float64,guide_umi,21,"[0.0, 1.0, 15.0, 7.0, 4.0, 2.0, 9.0, 5.0, 8.0, 10.0]",1,[0.0],21,"[0.0, 1.0, 15.0, 7.0, 4.0, 9.0, 5.0, 2.0, 8.0, 10.0]",True
BRCA1_CRI2,float64,guide_umi,18,"[0.0, 1.0, 6.0, 2.0, 4.0, 18.0, 12.0, 7.0, 23.0, 21.0]",1,[0.0],17,"[0.0, 1.0, 2.0, 6.0, 18.0, 12.0, 7.0, 23.0, 21.0, 3.0]",True
IRF5_CRI2,float64,guide_umi,22,"[0.0, 1.0, 12.0, 8.0, 14.0, 4.0, 6.0, 2.0, 18.0, 3.0]",1,[0.0],22,"[0.0, 1.0, 12.0, 8.0, 14.0, 4.0, 6.0, 2.0, 18.0, 3.0]",True
NOBOX_CRI2,float64,guide_umi,9,"[0.0, 1.0, 2.0, 3.0, 5.0, 11.0, 4.0, 8.0, 7.0]",1,[0.0],9,"[0.0, 1.0, 2.0, 3.0, 5.0, 11.0, 4.0, 8.0, 7.0]",True
FOXF2_CRI2,float64,guide_umi,32,"[0.0, 4.0, 3.0, 18.0, 2.0, 7.0, 1.0, 34.0, 17.0, 81.0]",1,[0.0],32,"[0.0, 4.0, 18.0, 7.0, 3.0, 34.0, 1.0, 81.0, 9.0, 44.0]",True
JUND_CRI1,float64,guide_umi,16,"[0.0, 8.0, 3.0, 1.0, 2.0, 30.0, 4.0, 7.0, 11.0, 6.0]",1,[0.0],16,"[0.0, 8.0, 3.0, 1.0, 2.0, 30.0, 4.0, 7.0, 11.0, 6.0]",True
ARNTL2_CRI1,float64,guide_umi,21,"[0.0, 1.0, 5.0, 6.0, 7.0, 9.0, 13.0, 2.0, 8.0, 22.0]",1,[0.0],20,"[0.0, 5.0, 6.0, 1.0, 7.0, 9.0, 2.0, 8.0, 22.0, 15.0]",True
NFKB2_CRI2,float64,guide_umi,30,"[0.0, 1.0, 5.0, 22.0, 12.0, 9.0, 17.0, 10.0, 2.0, 35.0]",1,[0.0],28,"[0.0, 1.0, 5.0, 22.0, 12.0, 9.0, 17.0, 10.0, 2.0, 35.0]",True
CEBPA_CRI1,float64,guide_umi,18,"[0.0, 1.0, 6.0, 10.0, 8.0, 12.0, 3.0, 7.0, 13.0, 4.0]",1,[0.0],18,"[0.0, 1.0, 6.0, 8.0, 12.0, 3.0, 7.0, 13.0, 5.0, 26.0]",True
FOXA2_CRI1,float64,guide_umi,17,"[0.0, 26.0, 1.0, 9.0, 6.0, 7.0, 13.0, 2.0, 5.0, 23.0]",1,[0.0],17,"[0.0, 26.0, 6.0, 7.0, 9.0, 1.0, 13.0, 2.0, 5.0, 23.0]",True
FLI1_CRI1,float64,guide_umi,21,"[0.0, 1.0, 3.0, 4.0, 8.0, 6.0, 16.0, 5.0, 2.0, 11.0]",1,[0.0],21,"[0.0, 1.0, 3.0, 4.0, 8.0, 6.0, 16.0, 5.0, 2.0, 11.0]",True
ZIC5_CRI2,float64,guide_umi,14,"[0.0, 1.0, 15.0, 2.0, 8.0, 4.0, 12.0, 6.0, 7.0, 18.0]",1,[0.0],12,"[0.0, 1.0, 15.0, 2.0, 4.0, 12.0, 6.0, 7.0, 18.0, 33.0]",True
CEBPB_CRI1,float64,guide_umi,22,"[0.0, 1.0, 19.0, 2.0, 7.0, 24.0, 4.0, 10.0, 5.0, 8.0]",1,[0.0],20,"[0.0, 1.0, 19.0, 2.0, 7.0, 24.0, 10.0, 5.0, 8.0, 11.0]",True
HNF1B_CRI2,float64,guide_umi,15,"[0.0, 1.0, 7.0, 9.0, 12.0, 4.0, 17.0, 8.0, 13.0, 3.0]",1,[0.0],15,"[0.0, 1.0, 7.0, 9.0, 12.0, 4.0, 17.0, 8.0, 13.0, 3.0]",True
E2F5_CRI1,float64,guide_umi,11,"[0.0, 1.0, 2.0, 3.0, 8.0, 5.0, 7.0, 4.0, 6.0, 11.0]",1,[0.0],11,"[0.0, 1.0, 2.0, 3.0, 8.0, 5.0, 7.0, 4.0, 6.0, 11.0]",True
FERD3L_CRI1,float64,guide_umi,15,"[0.0, 1.0, 11.0, 6.0, 10.0, 2.0, 7.0, 4.0, 14.0, 5.0]",1,[0.0],15,"[0.0, 11.0, 6.0, 1.0, 10.0, 7.0, 2.0, 14.0, 5.0, 3.0]",True
HINFP_CRI1,float64,guide_umi,20,"[0.0, 1.0, 16.0, 12.0, 2.0, 14.0, 26.0, 22.0, 8.0, 18.0]",1,[0.0],20,"[0.0, 16.0, 12.0, 1.0, 14.0, 26.0, 22.0, 8.0, 18.0, 3.0]",True
MEF2A_CRI1,float64,guide_umi,29,"[0.0, 2.0, 5.0, 3.0, 9.0, 1.0, 12.0, 10.0, 11.0, 13.0]",1,[0.0],28,"[0.0, 3.0, 9.0, 5.0, 1.0, 12.0, 10.0, 11.0, 13.0, 4.0]",True
FOXO3_CRI1,float64,guide_umi,8,"[0.0, 4.0, 5.0, 2.0, 1.0, 3.0, 6.0, 7.0]",1,[0.0],8,"[0.0, 4.0, 5.0, 2.0, 1.0, 6.0, 3.0, 7.0]",True
JUND_CRI2,float64,guide_umi,50,"[0.0, 1.0, 2.0, 23.0, 26.0, 16.0, 17.0, 4.0, 3.0, 18.0]",1,[0.0],50,"[0.0, 1.0, 2.0, 23.0, 26.0, 16.0, 17.0, 4.0, 3.0, 18.0]",True
CREB1_CRI1,float64,guide_umi,16,"[0.0, 7.0, 9.0, 3.0, 1.0, 6.0, 2.0, 5.0, 10.0, 4.0]",1,[0.0],16,"[0.0, 7.0, 9.0, 3.0, 1.0, 6.0, 2.0, 5.0, 10.0, 4.0]",True
TCF3_CRI2,float64,guide_umi,43,"[0.0, 1.0, 37.0, 2.0, 10.0, 9.0, 15.0, 82.0, 45.0, 26.0]",1,[0.0],43,"[0.0, 1.0, 37.0, 2.0, 10.0, 9.0, 15.0, 82.0, 45.0, 26.0]",True
NFIA_CRI2,float64,guide_umi,20,"[0.0, 1.0, 2.0, 12.0, 26.0, 9.0, 24.0, 5.0, 19.0, 11.0]",1,[0.0],20,"[0.0, 1.0, 2.0, 12.0, 26.0, 9.0, 24.0, 5.0, 19.0, 11.0]",True
FOXM1_CRI1,float64,guide_umi,25,"[0.0, 1.0, 16.0, 7.0, 9.0, 25.0, 14.0, 2.0, 3.0, 8.0]",1,[0.0],23,"[0.0, 1.0, 16.0, 9.0, 25.0, 14.0, 7.0, 3.0, 8.0, 10.0]",True
HMGB2_CRI2,float64,guide_umi,12,"[0.0, 1.0, 2.0, 6.0, 7.0, 9.0, 10.0, 12.0, 5.0, 3.0]",1,[0.0],12,"[0.0, 2.0, 1.0, 6.0, 7.0, 9.0, 10.0, 12.0, 5.0, 3.0]",True
TWIST1_CRI1,float64,guide_umi,25,"[0.0, 1.0, 11.0, 13.0, 2.0, 8.0, 6.0, 21.0, 22.0, 3.0]",1,[0.0],24,"[0.0, 1.0, 11.0, 13.0, 8.0, 2.0, 6.0, 21.0, 22.0, 3.0]",True
XRCC5_CRI1,float64,guide_umi,22,"[0.0, 1.0, 2.0, 7.0, 13.0, 11.0, 21.0, 10.0, 19.0, 12.0]",1,[0.0],22,"[0.0, 1.0, 2.0, 7.0, 13.0, 11.0, 21.0, 10.0, 19.0, 12.0]",True
FOXP1_CRI2,float64,guide_umi,31,"[0.0, 1.0, 5.0, 6.0, 20.0, 9.0, 15.0, 14.0, 27.0, 8.0]",1,[0.0],31,"[0.0, 1.0, 5.0, 6.0, 20.0, 9.0, 15.0, 14.0, 27.0, 8.0]",True
EZH2_CRI1,float64,guide_umi,40,"[0.0, 1.0, 35.0, 77.0, 2.0, 30.0, 4.0, 9.0, 31.0, 19.0]",1,[0.0],40,"[0.0, 1.0, 35.0, 77.0, 30.0, 4.0, 9.0, 31.0, 19.0, 21.0]",True
ZNF384_CRI1,float64,guide_umi,17,"[0.0, 4.0, 6.0, 10.0, 2.0, 3.0, 1.0, 9.0, 8.0, 5.0]",1,[0.0],17,"[0.0, 4.0, 6.0, 10.0, 3.0, 2.0, 9.0, 8.0, 1.0, 5.0]",True
ZKSCAN3_CRI1,float64,guide_umi,18,"[0.0, 1.0, 6.0, 2.0, 17.0, 9.0, 3.0, 5.0, 4.0, 11.0]",1,[0.0],16,"[0.0, 1.0, 6.0, 2.0, 17.0, 9.0, 3.0, 5.0, 4.0, 11.0]",True
SOX5_CRI1,float64,guide_umi,28,"[0.0, 1.0, 2.0, 5.0, 7.0, 8.0, 30.0, 6.0, 55.0, 22.0]",1,[0.0],28,"[0.0, 1.0, 2.0, 5.0, 7.0, 8.0, 30.0, 6.0, 55.0, 22.0]",True
SOX9_CRI2,float64,guide_umi,32,"[0.0, 1.0, 3.0, 36.0, 7.0, 2.0, 5.0, 32.0, 13.0, 14.0]",1,[0.0],32,"[0.0, 1.0, 3.0, 36.0, 7.0, 5.0, 32.0, 13.0, 14.0, 21.0]",True
PGR_CRI1,float64,guide_umi,27,"[0.0, 1.0, 10.0, 9.0, 14.0, 4.0, 3.0, 16.0, 31.0, 2.0]",1,[0.0],27,"[0.0, 1.0, 10.0, 9.0, 14.0, 4.0, 3.0, 16.0, 31.0, 7.0]",True
ZNF367_CRI2,float64,guide_umi,6,"[0.0, 4.0, 2.0, 1.0, 3.0, 5.0]",1,[0.0],6,"[0.0, 4.0, 2.0, 1.0, 3.0, 5.0]",True
EGR2_CRI2,float64,guide_umi,22,"[0.0, 1.0, 21.0, 13.0, 12.0, 15.0, 10.0, 6.0, 9.0, 5.0]",1,[0.0],22,"[0.0, 21.0, 13.0, 1.0, 12.0, 15.0, 10.0, 6.0, 9.0, 5.0]",True
ZNF384_CRI2,float64,guide_umi,27,"[0.0, 12.0, 9.0, 10.0, 1.0, 16.0, 36.0, 20.0, 3.0, 26.0]",1,[0.0],27,"[0.0, 9.0, 10.0, 1.0, 16.0, 36.0, 20.0, 3.0, 26.0, 5.0]",True
ETS2_CRI2,float64,guide_umi,25,"[0.0, 1.0, 11.0, 19.0, 14.0, 15.0, 5.0, 12.0, 27.0, 21.0]",1,[0.0],25,"[0.0, 11.0, 19.0, 14.0, 1.0, 15.0, 5.0, 12.0, 27.0, 21.0]",True
NFIL3_CRI2,float64,guide_umi,28,"[0.0, 1.0, 35.0, 3.0, 78.0, 31.0, 2.0, 9.0, 23.0, 24.0]",1,[0.0],27,"[0.0, 1.0, 35.0, 3.0, 78.0, 31.0, 2.0, 9.0, 23.0, 24.0]",True
NFIL3_CRI1,float64,guide_umi,20,"[0.0, 1.0, 30.0, 25.0, 51.0, 18.0, 2.0, 16.0, 50.0, 24.0]",1,[0.0],19,"[0.0, 1.0, 30.0, 25.0, 51.0, 18.0, 16.0, 50.0, 24.0, 4.0]",True
NR0B1_CRI1,float64,guide_umi,21,"[0.0, 8.0, 17.0, 1.0, 7.0, 24.0, 32.0, 14.0, 19.0, 11.0]",1,[0.0],20,"[0.0, 17.0, 1.0, 7.0, 24.0, 32.0, 14.0, 19.0, 11.0, 29.0]",True
PRKRIR_CRI1,float64,guide_umi,23,"[0.0, 7.0, 15.0, 1.0, 9.0, 10.0, 2.0, 22.0, 6.0, 16.0]",1,[0.0],20,"[0.0, 7.0, 15.0, 1.0, 9.0, 10.0, 2.0, 22.0, 6.0, 16.0]",True
NFATC2_CRI1,float64,guide_umi,11,"[0.0, 1.0, 2.0, 4.0, 3.0, 8.0, 11.0, 5.0, 6.0, 7.0]",1,[0.0],11,"[0.0, 2.0, 1.0, 3.0, 8.0, 4.0, 11.0, 5.0, 7.0, 13.0]",True
FOXA3_CRI2,float64,guide_umi,18,"[0.0, 1.0, 6.0, 2.0, 8.0, 4.0, 7.0, 16.0, 10.0, 20.0]",1,[0.0],18,"[0.0, 6.0, 2.0, 1.0, 8.0, 4.0, 7.0, 16.0, 10.0, 20.0]",True
HOXD11_CRI1,float64,guide_umi,27,"[0.0, 24.0, 16.0, 1.0, 30.0, 2.0, 15.0, 4.0, 28.0, 23.0]",1,[0.0],25,"[0.0, 30.0, 1.0, 2.0, 15.0, 4.0, 28.0, 31.0, 14.0, 22.0]",True
PARP1_CRI2,float64,guide_umi,25,"[0.0, 1.0, 5.0, 4.0, 2.0, 13.0, 30.0, 20.0, 3.0, 8.0]",1,[0.0],25,"[0.0, 5.0, 4.0, 1.0, 13.0, 30.0, 3.0, 2.0, 8.0, 27.0]",True
NPAS3_CRI2,float64,guide_umi,36,"[0.0, 1.0, 12.0, 62.0, 71.0, 46.0, 3.0, 15.0, 6.0, 8.0]",1,[0.0],36,"[0.0, 1.0, 12.0, 62.0, 71.0, 46.0, 3.0, 15.0, 6.0, 8.0]",True
JUN_CRI1,float64,guide_umi,17,"[0.0, 1.0, 2.0, 5.0, 3.0, 8.0, 17.0, 23.0, 9.0, 30.0]",1,[0.0],16,"[0.0, 1.0, 5.0, 2.0, 8.0, 17.0, 23.0, 9.0, 30.0, 14.0]",True
TFE3_CRI2,float64,guide_umi,26,"[0.0, 1.0, 33.0, 31.0, 2.0, 14.0, 12.0, 15.0, 27.0, 13.0]",1,[0.0],25,"[0.0, 1.0, 31.0, 14.0, 12.0, 15.0, 27.0, 13.0, 2.0, 19.0]",True
PHOX2B_CRI1,float64,guide_umi,11,"[0.0, 5.0, 3.0, 2.0, 1.0, 9.0, 10.0, 11.0, 6.0, 4.0]",1,[0.0],11,"[0.0, 5.0, 3.0, 2.0, 1.0, 9.0, 10.0, 11.0, 6.0, 4.0]",True
HOXB13_CRI2,float64,guide_umi,30,"[0.0, 1.0, 20.0, 28.0, 14.0, 25.0, 7.0, 22.0, 4.0, 8.0]",1,[0.0],30,"[0.0, 20.0, 1.0, 28.0, 14.0, 25.0, 22.0, 4.0, 8.0, 2.0]",True
HOXC10_CRI2,float64,guide_umi,10,"[0.0, 2.0, 14.0, 5.0, 3.0, 4.0, 1.0, 7.0, 10.0, 11.0]",1,[0.0],10,"[0.0, 2.0, 14.0, 5.0, 3.0, 4.0, 1.0, 7.0, 10.0, 11.0]",True
HSF2_CRI2,float64,guide_umi,32,"[0.0, 1.0, 2.0, 12.0, 21.0, 8.0, 5.0, 38.0, 48.0, 3.0]",1,[0.0],32,"[0.0, 1.0, 2.0, 12.0, 21.0, 8.0, 38.0, 48.0, 3.0, 31.0]",True
POU5F1_CRI1,float64,guide_umi,11,"[0.0, 1.0, 8.0, 11.0, 2.0, 5.0, 3.0, 15.0, 4.0, 6.0]",1,[0.0],11,"[0.0, 8.0, 1.0, 11.0, 2.0, 5.0, 3.0, 15.0, 4.0, 6.0]",True
TFAP2A_CRI1,float64,guide_umi,21,"[0.0, 15.0, 4.0, 16.0, 1.0, 27.0, 21.0, 6.0, 18.0, 2.0]",1,[0.0],21,"[0.0, 15.0, 4.0, 16.0, 1.0, 27.0, 21.0, 6.0, 18.0, 2.0]",True
HSF2_CRI1,float64,guide_umi,13,"[0.0, 1.0, 6.0, 11.0, 9.0, 4.0, 2.0, 21.0, 5.0, 8.0]",1,[0.0],13,"[0.0, 1.0, 6.0, 11.0, 9.0, 4.0, 2.0, 21.0, 5.0, 8.0]",True
HOXC5_CRI1,float64,guide_umi,5,"[0.0, 1.0, 2.0, 3.0, 4.0]",1,[0.0],5,"[0.0, 2.0, 1.0, 3.0, 4.0]",True
GABARAPL1_CRI1,float64,guide_umi,26,"[0.0, 1.0, 6.0, 11.0, 29.0, 9.0, 4.0, 13.0, 2.0, 5.0]",1,[0.0],26,"[0.0, 1.0, 6.0, 11.0, 29.0, 9.0, 4.0, 13.0, 2.0, 5.0]",True
RXRB_CRI2,float64,guide_umi,13,"[0.0, 1.0, 5.0, 2.0, 3.0, 8.0, 11.0, 6.0, 4.0, 7.0]",1,[0.0],13,"[0.0, 1.0, 2.0, 8.0, 3.0, 11.0, 6.0, 5.0, 4.0, 7.0]",True
SOX5_CRI2,float64,guide_umi,36,"[0.0, 1.0, 2.0, 7.0, 32.0, 17.0, 12.0, 15.0, 29.0, 27.0]",1,[0.0],36,"[0.0, 1.0, 2.0, 7.0, 32.0, 17.0, 12.0, 15.0, 29.0, 27.0]",True
NR0B1_CRI2,float64,guide_umi,16,"[0.0, 1.0, 5.0, 11.0, 4.0, 3.0, 27.0, 18.0, 45.0, 12.0]",1,[0.0],16,"[0.0, 1.0, 5.0, 11.0, 4.0, 3.0, 27.0, 18.0, 45.0, 12.0]",True
ZIC3_CRI2,float64,guide_umi,10,"[0.0, 1.0, 5.0, 2.0, 4.0, 9.0, 6.0, 7.0, 12.0, 3.0]",1,[0.0],10,"[0.0, 5.0, 2.0, 4.0, 9.0, 1.0, 6.0, 7.0, 12.0, 3.0]",True
ATG4D_CRI1,float64,guide_umi,9,"[0.0, 1.0, 4.0, 2.0, 9.0, 5.0, 7.0, 3.0, 10.0]",1,[0.0],9,"[0.0, 1.0, 4.0, 2.0, 9.0, 5.0, 7.0, 3.0, 10.0]",True
ATG4D_CRI2,float64,guide_umi,23,"[0.0, 1.0, 2.0, 7.0, 10.0, 11.0, 14.0, 25.0, 9.0, 8.0]",1,[0.0],23,"[0.0, 2.0, 7.0, 10.0, 11.0, 1.0, 14.0, 25.0, 9.0, 8.0]",True
TFEC_CRI1,float64,guide_umi,14,"[0.0, 2.0, 1.0, 6.0, 15.0, 14.0, 5.0, 8.0, 11.0, 17.0]",1,[0.0],14,"[0.0, 2.0, 1.0, 6.0, 15.0, 14.0, 5.0, 8.0, 11.0, 17.0]",True
TFEC_CRI2,float64,guide_umi,20,"[0.0, 1.0, 10.0, 14.0, 2.0, 5.0, 18.0, 3.0, 22.0, 4.0]",1,[0.0],20,"[0.0, 1.0, 10.0, 14.0, 2.0, 5.0, 18.0, 3.0, 22.0, 4.0]",True
EN1_CRI1,float64,guide_umi,18,"[0.0, 7.0, 6.0, 22.0, 1.0, 2.0, 13.0, 5.0, 4.0, 21.0]",1,[0.0],17,"[0.0, 7.0, 6.0, 22.0, 1.0, 2.0, 13.0, 5.0, 4.0, 21.0]",True
ZNF219_CRI1,float64,guide_umi,19,"[0.0, 1.0, 9.0, 5.0, 15.0, 2.0, 7.0, 10.0, 6.0, 25.0]",1,[0.0],18,"[0.0, 1.0, 9.0, 5.0, 15.0, 7.0, 10.0, 2.0, 6.0, 25.0]",True
SOX9_CRI1,float64,guide_umi,15,"[0.0, 1.0, 3.0, 11.0, 2.0, 4.0, 5.0, 8.0, 16.0, 10.0]",1,[0.0],15,"[0.0, 3.0, 1.0, 11.0, 2.0, 4.0, 8.0, 16.0, 5.0, 10.0]",True
ZNF219_CRI2,float64,guide_umi,9,"[0.0, 1.0, 2.0, 3.0, 4.0, 5.0, 7.0, 6.0, 10.0]",1,[0.0],9,"[0.0, 1.0, 2.0, 3.0, 4.0, 5.0, 7.0, 6.0, 10.0]",True
IRF4_CRI1,float64,guide_umi,9,"[0.0, 3.0, 5.0, 1.0, 4.0, 2.0, 6.0, 7.0, 9.0]",1,[0.0],9,"[0.0, 3.0, 5.0, 1.0, 4.0, 2.0, 6.0, 7.0, 9.0]",True
SALL4_CRI1,float64,guide_umi,15,"[0.0, 5.0, 1.0, 7.0, 2.0, 6.0, 3.0, 10.0, 4.0, 14.0]",1,[0.0],15,"[0.0, 5.0, 1.0, 7.0, 2.0, 6.0, 3.0, 10.0, 4.0, 14.0]",True
STAT3_CRI1,float64,guide_umi,7,"[0.0, 1.0, 4.0, 2.0, 3.0, 6.0, 7.0]",1,[0.0],7,"[0.0, 4.0, 1.0, 2.0, 3.0, 6.0, 7.0]",True
HOXC5_CRI2,float64,guide_umi,29,"[0.0, 1.0, 2.0, 43.0, 145.0, 16.0, 61.0, 35.0, 6.0, 54.0]",1,[0.0],29,"[0.0, 1.0, 2.0, 43.0, 145.0, 16.0, 61.0, 35.0, 6.0, 54.0]",True
EN1_CRI2,float64,guide_umi,16,"[0.0, 2.0, 1.0, 27.0, 6.0, 9.0, 7.0, 10.0, 19.0, 11.0]",1,[0.0],14,"[0.0, 2.0, 27.0, 1.0, 9.0, 7.0, 10.0, 19.0, 11.0, 8.0]",True
FOXP1_CRI1,float64,guide_umi,24,"[0.0, 11.0, 3.0, 1.0, 7.0, 4.0, 6.0, 10.0, 2.0, 13.0]",1,[0.0],24,"[0.0, 11.0, 3.0, 1.0, 7.0, 4.0, 6.0, 10.0, 2.0, 13.0]",True
ZIC3_CRI1,float64,guide_umi,17,"[0.0, 2.0, 1.0, 3.0, 6.0, 11.0, 10.0, 15.0, 13.0, 28.0]",1,[0.0],17,"[0.0, 1.0, 2.0, 6.0, 11.0, 10.0, 15.0, 13.0, 28.0, 17.0]",True
STAT1_CRI1,float64,guide_umi,17,"[0.0, 1.0, 26.0, 12.0, 3.0, 4.0, 9.0, 13.0, 17.0, 6.0]",1,[0.0],17,"[0.0, 1.0, 26.0, 12.0, 3.0, 4.0, 9.0, 13.0, 17.0, 6.0]",True
HSPD1_CRI1,float64,guide_umi,9,"[0.0, 1.0, 2.0, 5.0, 3.0, 6.0, 7.0, 4.0, 8.0]",1,[0.0],9,"[0.0, 1.0, 2.0, 5.0, 3.0, 6.0, 7.0, 4.0, 8.0]",True
HOXB7_CRI2,float64,guide_umi,24,"[0.0, 1.0, 5.0, 4.0, 24.0, 9.0, 3.0, 37.0, 2.0, 7.0]",1,[0.0],22,"[0.0, 1.0, 4.0, 24.0, 9.0, 3.0, 37.0, 7.0, 14.0, 17.0]",True
FOXD2_CRI1,float64,guide_umi,7,"[0.0, 1.0, 5.0, 2.0, 4.0, 6.0, 3.0]",1,[0.0],7,"[0.0, 1.0, 5.0, 2.0, 4.0, 6.0, 3.0]",True
DLX5_CRI1,float64,guide_umi,18,"[0.0, 2.0, 1.0, 19.0, 9.0, 31.0, 18.0, 22.0, 30.0, 34.0]",1,[0.0],17,"[0.0, 2.0, 19.0, 9.0, 31.0, 1.0, 18.0, 22.0, 30.0, 34.0]",True
NFIA_CRI1,float64,guide_umi,9,"[0.0, 4.0, 2.0, 6.0, 1.0, 5.0, 3.0, 8.0, 7.0]",1,[0.0],9,"[0.0, 4.0, 2.0, 6.0, 1.0, 5.0, 3.0, 8.0, 7.0]",True
XBP1_CRI1,float64,guide_umi,6,"[0.0, 2.0, 3.0, 1.0, 4.0, 5.0]",1,[0.0],6,"[0.0, 2.0, 3.0, 1.0, 4.0, 5.0]",True
PPARGC1B_CRI1,float64,guide_umi,4,"[0.0, 2.0, 1.0, 3.0]",1,[0.0],4,"[0.0, 2.0, 1.0, 3.0]",True
RXRB_CRI1,float64,guide_umi,11,"[0.0, 1.0, 5.0, 3.0, 7.0, 4.0, 2.0, 8.0, 6.0, 10.0]",1,[0.0],10,"[0.0, 7.0, 4.0, 1.0, 3.0, 5.0, 2.0, 8.0, 10.0, 14.0]",True
HOXA1_CRI2,float64,guide_umi,24,"[0.0, 1.0, 10.0, 8.0, 2.0, 9.0, 29.0, 3.0, 23.0, 38.0]",1,[0.0],23,"[0.0, 1.0, 10.0, 8.0, 9.0, 29.0, 3.0, 23.0, 38.0, 2.0]",True
SIRT1_CRI1,float64,guide_umi,9,"[0.0, 1.0, 3.0, 2.0, 4.0, 5.0, 7.0, 6.0, 18.0]",1,[0.0],9,"[0.0, 1.0, 2.0, 3.0, 4.0, 5.0, 7.0, 6.0, 18.0]",True
TFAP2A_CRI2,float64,guide_umi,20,"[0.0, 6.0, 1.0, 5.0, 10.0, 15.0, 8.0, 19.0, 4.0, 14.0]",1,[0.0],20,"[0.0, 6.0, 1.0, 5.0, 10.0, 15.0, 8.0, 19.0, 4.0, 14.0]",True
NPAS3_CRI1,float64,guide_umi,19,"[0.0, 1.0, 12.0, 2.0, 15.0, 5.0, 4.0, 6.0, 3.0, 22.0]",1,[0.0],19,"[0.0, 1.0, 12.0, 2.0, 15.0, 5.0, 4.0, 6.0, 3.0, 22.0]",True
PPARGC1A_CRI1,float64,guide_umi,17,"[0.0, 1.0, 4.0, 43.0, 3.0, 11.0, 2.0, 25.0, 29.0, 19.0]",1,[0.0],16,"[0.0, 4.0, 43.0, 3.0, 1.0, 11.0, 25.0, 29.0, 2.0, 19.0]",True
ESX1_CRI2,float64,guide_umi,34,"[0.0, 1.0, 24.0, 16.0, 23.0, 7.0, 28.0, 37.0, 43.0, 29.0]",1,[0.0],34,"[0.0, 24.0, 16.0, 23.0, 1.0, 7.0, 28.0, 37.0, 43.0, 29.0]",True
HOXA2_CRI1,float64,guide_umi,5,"[0.0, 1.0, 4.0, 2.0, 3.0]",1,[0.0],5,"[0.0, 1.0, 4.0, 2.0, 3.0]",True
ZBTB7C_CRI2,float64,guide_umi,3,"[0.0, 2.0, 1.0]",1,[0.0],3,"[0.0, 2.0, 1.0]",True
HOXB7_CRI1,float64,guide_umi,8,"[0.0, 6.0, 2.0, 5.0, 1.0, 7.0, 3.0, 4.0]",1,[0.0],8,"[0.0, 6.0, 2.0, 5.0, 1.0, 7.0, 3.0, 4.0]",True
CDX2_CRI1,float64,guide_umi,9,"[0.0, 1.0, 8.0, 2.0, 24.0, 5.0, 3.0, 7.0, 27.0]",1,[0.0],9,"[0.0, 1.0, 8.0, 2.0, 24.0, 5.0, 3.0, 7.0, 27.0]",True
TCF7L2_CRI1,float64,guide_umi,12,"[0.0, 5.0, 1.0, 26.0, 9.0, 11.0, 6.0, 13.0, 14.0, 25.0]",1,[0.0],12,"[0.0, 5.0, 1.0, 26.0, 11.0, 6.0, 13.0, 14.0, 25.0, 21.0]",True
HOXD3_CRI1,float64,guide_umi,10,"[0.0, 1.0, 2.0, 6.0, 3.0, 5.0, 4.0, 9.0, 11.0, 8.0]",1,[0.0],10,"[0.0, 2.0, 1.0, 6.0, 3.0, 5.0, 4.0, 11.0, 8.0, 9.0]",True
GABARAPL1_CRI2,float64,guide_umi,28,"[0.0, 5.0, 1.0, 2.0, 27.0, 4.0, 26.0, 10.0, 31.0, 9.0]",1,[0.0],27,"[0.0, 5.0, 1.0, 2.0, 27.0, 4.0, 26.0, 10.0, 31.0, 9.0]",True
CTCFL_CRI1,float64,guide_umi,10,"[0.0, 2.0, 4.0, 1.0, 3.0, 7.0, 8.0, 11.0, 9.0, 6.0]",1,[0.0],10,"[0.0, 2.0, 4.0, 1.0, 3.0, 7.0, 8.0, 11.0, 9.0, 6.0]",True
FOXM1_CRI2,float64,guide_umi,11,"[0.0, 1.0, 5.0, 4.0, 12.0, 3.0, 8.0, 6.0, 2.0, 7.0]",1,[0.0],11,"[0.0, 1.0, 5.0, 4.0, 12.0, 3.0, 8.0, 6.0, 7.0, 10.0]",True
CPEB1_CRI1,float64,guide_umi,11,"[0.0, 1.0, 2.0, 5.0, 10.0, 6.0, 4.0, 3.0, 18.0, 22.0]",1,[0.0],11,"[0.0, 5.0, 10.0, 6.0, 4.0, 3.0, 18.0, 2.0, 1.0, 22.0]",True
BATF3_CRI1,float64,guide_umi,9,"[0.0, 7.0, 2.0, 1.0, 3.0, 5.0, 10.0, 4.0, 6.0]",1,[0.0],9,"[0.0, 7.0, 2.0, 1.0, 3.0, 5.0, 10.0, 4.0, 6.0]",True
POU2F1_CRI1,float64,guide_umi,4,"[0.0, 1.0, 3.0, 2.0]",1,[0.0],4,"[0.0, 1.0, 3.0, 2.0]",True
HOXA13_CRI1,float64,guide_umi,16,"[0.0, 1.0, 18.0, 5.0, 12.0, 2.0, 8.0, 6.0, 10.0, 9.0]",1,[0.0],16,"[0.0, 18.0, 1.0, 5.0, 12.0, 2.0, 8.0, 6.0, 10.0, 9.0]",True
HOXA1_CRI1,float64,guide_umi,8,"[0.0, 2.0, 4.0, 1.0, 3.0, 6.0, 5.0, 9.0]",1,[0.0],8,"[0.0, 2.0, 4.0, 1.0, 3.0, 6.0, 5.0, 9.0]",True
HOXB9_CRI1,float64,guide_umi,7,"[0.0, 2.0, 3.0, 1.0, 5.0, 6.0, 4.0]",1,[0.0],7,"[0.0, 3.0, 1.0, 2.0, 5.0, 6.0, 4.0]",True
POU2F1_CRI2,float64,guide_umi,8,"[0.0, 1.0, 2.0, 6.0, 15.0, 4.0, 3.0, 9.0]",1,[0.0],7,"[0.0, 2.0, 6.0, 15.0, 4.0, 3.0, 9.0]",True
BRCA1_CRI1,float64,guide_umi,5,"[0.0, 1.0, 2.0, 4.0, 3.0]",1,[0.0],5,"[0.0, 1.0, 2.0, 4.0, 3.0]",True
ATF6_CRI2,float64,guide_umi,3,"[0.0, 1.0, 2.0]",1,[0.0],3,"[0.0, 1.0, 2.0]",True
NFATC2_CRA1,float64,guide_umi,2,"[0.0, 1.0]",1,[0.0],2,"[0.0, 1.0]",True
TCF7L2_CRA2,float64,guide_umi,3,"[0.0, 1.0, 5.0]",1,[0.0],3,"[0.0, 1.0, 5.0]",True
TFEC_CRA2,float64,guide_umi,8,"[0.0, 1.0, 3.0, 5.0, 9.0, 4.0, 10.0, 2.0]",1,[0.0],7,"[0.0, 5.0, 9.0, 4.0, 10.0, 1.0, 2.0]",True
PHOX2A_CRA2,float64,guide_umi,6,"[0.0, 3.0, 1.0, 10.0, 4.0, 5.0]",1,[0.0],6,"[0.0, 3.0, 1.0, 10.0, 4.0, 5.0]",True
ATF6_CRA1,float64,guide_umi,2,"[0.0, 1.0]",1,[0.0],2,"[0.0, 1.0]",True
HOXA13_CRA2,float64,guide_umi,3,"[0.0, 1.0, 5.0]",1,[0.0],3,"[0.0, 1.0, 5.0]",True
HSPA8_CRI2,float64,guide_umi,2,"[0.0, 1.0]",1,[0.0],2,"[0.0, 1.0]",True
ATF6_CRI1,float64,guide_umi,2,"[0.0, 1.0]",1,[0.0],1,[0.0],False
HSPA8_CRI1,float64,guide_umi,2,"[0.0, 2.0]",1,[0.0],2,"[0.0, 2.0]",True
WT,int64,wt_flag,2,"[1, 0]",1,[1],1,[0],True
SampleName,int8,qc,4,"[0, 2, 1, 3]",3,"[0, 2, 1]",1,[3],True
