dataset_id,collection_id,title,collection_name,cell_count,n_donors,n_cell_types,age_min,age_max,age_span,n_stages_numeric_years,assays,suspension_type,tissues,diseases,h5ad_url,h5ad_bytes,collection_doi,tissue_group,tissue_frac,tissue_unique,score_retina,score_brain,score_muscle,score_heart,score_kidney,score_liver,is_organoid,is_cancer,is_subset,is_integrated,has_normal
ea2943a9-f722-40ff-9189-2cfc23e9f36a,48c15b0c-6039-4e0f-9668-b6b3c0b830ad,snRNA-seq of human of the human retinal pigment epithelium and the choroid - Schwann cells,Single cell atlas of the human retinal pigment epithelium and the choroid,21625,52,3,10.0,90.0,80.0,30,10x 3' v3; 10x 5' v2,nucleus,chorioretinal region,normal,https://datasets.cellxgene.cziscience.com/05750780-34b4-4ba0-a5a2-77e8585ad953.h5ad,125692978,10.64898/2026.07.23.740352,retina,1.0,True,1,0,0,0,0,0,False,False,True,False,True
d994a2ce-e270-43ba-b9db-323a8fbed058,48c15b0c-6039-4e0f-9668-b6b3c0b830ad,snRNA-seq of human of the human retinal pigment epithelium and the choroid - Melanocytes,Single cell atlas of the human retinal pigment epithelium and the choroid,61751,49,1,10.0,90.0,80.0,29,10x 3' v3; 10x 5' v2,nucleus,chorioretinal region,normal,https://datasets.cellxgene.cziscience.com/0e20c0b9-82c9-4fbd-aa5e-9c44db2539c3.h5ad,519875124,10.64898/2026.07.23.740352,retina,1.0,True,1,0,0,0,0,0,False,False,False,False,True
d45130d1-5588-40f0-90f4-2a7f69312b97,48c15b0c-6039-4e0f-9668-b6b3c0b830ad,snRNA-seq of human of the human retinal pigment epithelium and the choroid - Immune cells,Single cell atlas of the human retinal pigment epithelium and the choroid,101471,51,16,10.0,90.0,80.0,30,10x 3' v3; 10x 5' v2,nucleus,chorioretinal region,normal,https://datasets.cellxgene.cziscience.com/dbe1eee7-7964-480c-9086-a944b750b541.h5ad,715692191,10.64898/2026.07.23.740352,retina,1.0,True,1,0,0,0,0,0,False,False,True,False,True
fe067858-1282-46ea-9553-b8cd19167266,be2285ed-d27d-4249-97a2-9b23ea924413,A single-cell atlas identifies oncogenic transcriptional programs and immune escape mechanisms in CTCL (blood),A single-cell atlas identifies oncogenic transcriptional programs and immune escape mechanisms in CTCL,532152,66,8,21.0,86.0,65.0,42,10x 5' transcription profiling; 10x 5' v1; 10x 5' v2,cell,blood; mesenteric lymph node; thoracic lymph node,Sezary syndrome; mycosis fungoides; normal,https://datasets.cellxgene.cziscience.com/296a7df6-3505-418a-9762-4fe844bc90bc.h5ad,3383094202,,,0.0,False,0,0,0,0,0,0,False,False,False,False,True
98b68224-956d-45dd-9eca-538747578af8,be2285ed-d27d-4249-97a2-9b23ea924413,A single-cell atlas identifies oncogenic transcriptional programs and immune escape mechanisms in CTCL,A single-cell atlas identifies oncogenic transcriptional programs and immune escape mechanisms in CTCL,1533956,105,10,15.0,90.0,75.0,45,10x 3' v2; 10x 3' v3; 10x 5' transcription profiling; 10x 5' v1; 10x 5' v2; 10x GEM-X Flex v1,cell,dermis; skin epidermis; skin of body,Sezary syndrome; mycosis fungoides; normal; primary cutaneous aggressive epidermotropic CD8+ T-cell lymphoma,https://datasets.cellxgene.cziscience.com/81036f88-1a43-46ea-a800-659ea37ce815.h5ad,9570293425,,,0.0,False,0,0,0,0,0,0,False,False,False,False,True
789ad837-9bf5-436c-9b60-9f1153546e4c,3a518635-c062-4c66-a9bd-c4581a5e3c63,altra all samples,Progression to rheumatoid arthritis in at-risk individuals is defined by systemic inflammation and by T and B cell dysregulation,2029864,89,38,21.0,78.0,57.0,50,10x 3' v3,cell,blood,cytomegalovirus infection; cytomegalovirus infection || rheumatoid arthritis; normal; rheumatoid arthritis,https://datasets.cellxgene.cziscience.com/498b1730-9e9e-4901-87ad-2532d94ebe90.h5ad,18060779704,10.1126/scitranslmed.adt7214,,0.0,False,0,0,0,0,0,0,False,False,False,False,True
71dfd52f-106b-40f4-a66d-c7dab1142e95,3a518635-c062-4c66-a9bd-c4581a5e3c63,altra HC1 subjects,Progression to rheumatoid arthritis in at-risk individuals is defined by systemic inflammation and by T and B cell dysregulation,394174,31,38,23.0,78.0,55.0,26,10x 3' v3,cell,blood,cytomegalovirus infection; normal,https://datasets.cellxgene.cziscience.com/98cd420a-5bf6-4919-a5c2-8d01bd77e00b.h5ad,3656478287,10.1126/scitranslmed.adt7214,,0.0,False,0,0,0,0,0,0,False,False,False,False,True
6d06c94d-25ff-4d7b-9a09-659289dd4621,3a518635-c062-4c66-a9bd-c4581a5e3c63,altra ARI-CONV subjects,Progression to rheumatoid arthritis in at-risk individuals is defined by systemic inflammation and by T and B cell dysregulation,977608,16,38,21.0,76.0,55.0,31,10x 3' v3,cell,blood,cytomegalovirus infection; normal,https://datasets.cellxgene.cziscience.com/99c01a0c-9acb-48b9-8dde-f5ec7c8c271b.h5ad,8565939469,10.1126/scitranslmed.adt7214,,0.0,False,0,0,0,0,0,0,False,False,False,False,True
40cca468-a415-498e-b25c-77875760eaa0,3a518635-c062-4c66-a9bd-c4581a5e3c63,altra ARI-NONC subjects,Progression to rheumatoid arthritis in at-risk individuals is defined by systemic inflammation and by T and B cell dysregulation,508300,31,38,28.0,78.0,50.0,22,10x 3' v3,cell,blood,cytomegalovirus infection; normal,https://datasets.cellxgene.cziscience.com/cf709600-e5d5-4e7f-8da1-746cba2b1b7a.h5ad,4378881799,10.1126/scitranslmed.adt7214,,0.0,False,0,0,0,0,0,0,False,False,False,False,True
20fae564-230a-4998-8380-13d57784dd55,3a518635-c062-4c66-a9bd-c4581a5e3c63,altra ERA subjects,Progression to rheumatoid arthritis in at-risk individuals is defined by systemic inflammation and by T and B cell dysregulation,149782,11,37,37.0,61.0,24.0,9,10x 3' v3,cell,blood,cytomegalovirus infection || rheumatoid arthritis; rheumatoid arthritis,https://datasets.cellxgene.cziscience.com/3ab71697-2e40-4eeb-bc98-a2d082f15328.h5ad,1385302302,10.1126/scitranslmed.adt7214,,0.0,False,0,0,0,0,0,0,False,False,False,False,False
fb90c70d-5917-4d03-920b-c78b230b51e5,e80f5450-0a0f-4312-a728-431d50aeb8fe,Programmed cycle-induced endometrial perturbations do not independently influence angiogenic imbalance or hypertensive disorders in pregnancy,Programmed cycle-induced endometrial perturbations do not independently influence angiogenic imbalance or hypertensive disorders in pregnancy,93064,16,9,31.0,47.0,16.0,9,10x Next GEM Flex v1,nucleus,endometrium,normal,https://datasets.cellxgene.cziscience.com/cf7d5037-4cda-42ef-8375-19f1f3f9deea.h5ad,756806920,10.1172/jci.insight.202443,,0.0,False,0,0,0,0,0,0,False,False,False,False,True
ef3055e1-0cad-40a3-961d-7110a323dc4f,059202e1-1f1b-483f-9151-f3a25a380c39,HLiCA - human liver all cells,HLiCA: An integrated cell atlas of the healthy human liver,524699,110,38,21.0,80.0,59.0,38,10x 3' v2; 10x 3' v3; 10x 5' v1,cell; nucleus,caudate lobe of liver; left lobe of liver; liver; right lobe of liver,normal,https://datasets.cellxgene.cziscience.com/05955131-98d8-4be1-b419-efb690a4e258.h5ad,5718629476,10.64898/2026.06.30.735539,liver,1.0,True,0,0,0,0,0,4,False,False,False,True,True
4bf585ea-0d0d-483c-a3c9-36f44a5b1adf,059202e1-1f1b-483f-9151-f3a25a380c39,HLiCA - human liver myeloid cells,HLiCA: An integrated cell atlas of the healthy human liver,65575,105,11,21.0,80.0,59.0,35,10x 3' v2; 10x 3' v3; 10x 5' v1,cell; nucleus,caudate lobe of liver; left lobe of liver; liver; right lobe of liver,normal,https://datasets.cellxgene.cziscience.com/9c16200d-6087-4d8e-a211-413d4f991144.h5ad,836484385,10.64898/2026.06.30.735539,liver,1.0,True,0,0,0,0,0,4,False,False,True,True,True
375f79e2-4ae4-4016-8e5e-8b15f8cc7a41,059202e1-1f1b-483f-9151-f3a25a380c39,HLiCA - human liver endothelial cells,HLiCA: An integrated cell atlas of the healthy human liver,86530,107,8,21.0,80.0,59.0,36,10x 3' v2; 10x 3' v3; 10x 5' v1,cell; nucleus,caudate lobe of liver; left lobe of liver; liver; right lobe of liver,normal,https://datasets.cellxgene.cziscience.com/ef880836-ca89-4258-8f86-1668c7415efa.h5ad,1042930052,10.64898/2026.06.30.735539,liver,1.0,True,0,0,0,0,0,4,False,False,True,True,True
2db80173-2bbb-499c-9161-dff672eb12e9,059202e1-1f1b-483f-9151-f3a25a380c39,HLiCA- human liver cholangiocyte cells,HLiCA: An integrated cell atlas of the healthy human liver,8811,97,3,21.0,80.0,59.0,31,10x 3' v2; 10x 3' v3; 10x 5' v1,cell; nucleus,caudate lobe of liver; left lobe of liver; liver; right lobe of liver,normal,https://datasets.cellxgene.cziscience.com/1d29777b-80c4-44ed-a6b2-e5431c074c34.h5ad,101481570,10.64898/2026.06.30.735539,liver,1.0,True,0,0,0,0,0,4,False,False,True,True,True
2a6eb5f1-8ccc-4781-9ac8-294e671243ef,059202e1-1f1b-483f-9151-f3a25a380c39,HLiCA - human liver hepatocyte cells,HLiCA: An integrated cell atlas of the healthy human liver,228368,96,4,21.0,80.0,59.0,33,10x 3' v2; 10x 3' v3; 10x 5' v1,cell; nucleus,caudate lobe of liver; left lobe of liver; liver; right lobe of liver,normal,https://datasets.cellxgene.cziscience.com/eb7c9548-e248-4dcf-ba1f-195531bde8c8.h5ad,2315332319,10.64898/2026.06.30.735539,liver,1.0,True,0,0,0,0,0,4,False,False,True,True,True
199febfe-32c1-4cf7-9bd9-745206458d06,059202e1-1f1b-483f-9151-f3a25a380c39,HLiCA - human liver mesenchyme cells,HLiCA: An integrated cell atlas of the healthy human liver,31278,94,3,21.0,80.0,59.0,31,10x 3' v2; 10x 3' v3; 10x 5' v1,cell; nucleus,caudate lobe of liver; left lobe of liver; liver; right lobe of liver,normal,https://datasets.cellxgene.cziscience.com/ffeb8e55-1cfb-4371-9c10-e708fc23bb6f.h5ad,392736882,10.64898/2026.06.30.735539,liver,1.0,True,0,0,0,0,0,4,False,False,True,True,True
024f5d59-750b-4bf2-8937-51cd4b8b8e32,059202e1-1f1b-483f-9151-f3a25a380c39,HLiCA - human liver lymphocyte cells,HLiCA: An integrated cell atlas of the healthy human liver,103347,106,11,21.0,80.0,59.0,35,10x 3' v2; 10x 3' v3; 10x 5' v1,cell; nucleus,caudate lobe of liver; left lobe of liver; liver; right lobe of liver,normal,https://datasets.cellxgene.cziscience.com/50279847-aeeb-46c0-817d-45042ba8997e.h5ad,981987262,10.64898/2026.06.30.735539,liver,1.0,True,0,0,0,0,0,4,False,False,True,True,True
c7c1fff0-4c9f-4353-afbf-d6a6768d22c3,bec32fb0-9b52-423a-83c4-5e15053b84ad,FAPs in IIMs,Priming of tissue-resident stromal cells sustains chronic inflammation in myositis,96822,22,12,,,,0,GEXSCOPE technology,nucleus,muscle organ,antisynthetase syndrome; immune-mediated necrotizing myopathy; inclusion body myositis; normal,https://datasets.cellxgene.cziscience.com/91ba3bce-750f-4273-bfd1-8b41ba19e568.h5ad,475027300,10.1038/s41419-026-08966-w,,0.0,False,0,0,0,0,0,0,False,False,False,False,True
e95b508e-0275-4b12-82c6-0cda7ee89bf9,67d26b1d-2b78-4489-ac5e-0f33909a76cb,"Extension Cohort: 36 samples containing normal & malignant nuclei from 30 patients with different tumours, including: 26 RMS, 2 Osteosarcoma, 1 Desmoplastic small round cell tumour and 1 Isolated Myofibroma.",A convergent cell state of lethal disease in rhabdomyosarcoma,172370,30,5,,,,0,10x multiome,nucleus,abdomen; craniocervical region; genitourinary system; limb; orbital region; pelvis connective tissue; thoracic segment connective tissue,desmoplastic small round cell tumor; myofibroma; osteosarcoma; rhabdomyosarcoma,https://datasets.cellxgene.cziscience.com/85d71c48-fc85-44a0-a476-71561a21ba2e.h5ad,2185283612,,,0.0,False,0,0,0,0,0,0,False,True,False,False,False
b1d02f53-187f-4a40-80e3-d3c0646b7752,67d26b1d-2b78-4489-ac5e-0f33909a76cb,Fusion-negative RMS tumouroid models with PAX3-FOXO1 overexpression.,A convergent cell state of lethal disease in rhabdomyosarcoma,262448,2,1,,,,0,10x 5' transcription profiling,cell,prostate gland; scrotum,rhabdomyosarcoma,https://datasets.cellxgene.cziscience.com/59c10b31-7fb6-4712-b631-768e469db426.h5ad,2383498344,,,0.0,False,0,0,0,0,0,0,False,True,False,False,False
1cb09bb9-bb9d-4264-870d-c1cab521f697,67d26b1d-2b78-4489-ac5e-0f33909a76cb,Normal & malignant cells from 18 RMS patients and 4 Ewings patients.,A convergent cell state of lethal disease in rhabdomyosarcoma,117791,22,8,,,,0,10x 3' v2; 10x 3' v3; 10x 5' transcription profiling,cell,craniocervical region; genitourinary system; limb; orbital region; paraspinal region; thoracic segment connective tissue,Ewing sarcoma; rhabdomyosarcoma,https://datasets.cellxgene.cziscience.com/ed440808-09de-4fc6-9a1a-5c15056609dd.h5ad,2231427307,,,0.0,False,0,0,0,0,0,0,False,False,True,False,False
24921392-22ed-479a-9144-7d40adf148ae,b3ab2f02-ba90-4abf-87c2-f9d5bd850abc,Cerebellum_scQTL,A single-cell eQTL atlas of the human cerebellum reveals vulnerability of oligodendrocytes in essential tremor,1004112,109,13,63.0,100.0,37.0,32,SPLiT-seq,nucleus,cerebellum,essential tremor; normal,https://datasets.cellxgene.cziscience.com/731e83e8-93ff-4018-84fd-61e7258d6d55.h5ad,6216704880,10.1038/s41588-026-02544-8,brain,1.0,True,0,1,0,0,0,0,False,False,False,False,True
16c13603-a36e-467a-a8e8-3d118f2eef45,8b35aa1f-6bcf-4a51-abc3-a3f336a44ae6,Crownlands Gateway — Olfactory + Respiratory Single-Cell Atlas (v1),Gateway atlas of living human olfactory epithelium from healthy and neurodegenerative disease donors,4028275,202,31,20.0,90.0,70.0,60,10x Flex Apex; 10x GEM-X Flex v1,cell,olfactory epithelium,Alzheimer disease; Parkinson disease; normal,https://datasets.cellxgene.cziscience.com/1ff1c9c1-c51a-41ad-a980-f6502ecbe949.h5ad,27651769850,10.64898/2026.06.10.731272,,0.0,False,0,0,0,0,0,0,False,False,False,False,True
0e5c75da-7bc9-4a2c-83fc-ef1e378bd5f9,7f7fdf50-aa0e-4a6f-979c-53655cac9d5d,IBDverse multitissue atlasing cohort,IBDverse: Cell type-resolved genetic variation shapes inflammatory bowel disease risk,1852681,422,48,,,,0,10x 3' v3,cell,blood; ileum; rectum,Crohn disease; normal,https://datasets.cellxgene.cziscience.com/e3460364-c300-4616-9923-3a0224894998.h5ad,32260433453,10.1038/s41586-026-10627-z,,0.0,False,0,0,0,0,0,0,False,False,False,False,True
05a8c945-bc12-414f-960d-a31943bbcdd1,3a844375-60ea-474b-adf1-98e76928baee,The single-cell Colorectal Cancer Atlas -- core atlas,Single-cell integration and multi-modal profiling reveals phenotypes and spatial organization of neutrophils in colorectal cancer,3790266,588,43,26.0,91.0,65.0,60,10x 3' v1; 10x 3' v2; 10x 3' v3; 10x 5' transcription profiling; 10x 5' v1; 10x 5' v2; BD Rhapsody Whole Transcriptome Analysis; Fluidigm C1-based SMARTer library preparation; GEXSCOPE technology; Smart-seq2; TruDrop,cell,ascending colon; blood; caecum; caecum epithelium; colon; colonic epithelium; colorectal mucosa; colorectum; descending colon; hepatic cecum; hepatic flexure of colon; left colon; liver; lymph node; mesenteric lymph node; mucosa of transverse colon; rectosigmoid junction; rectum; right colon; sigmoi,colon adenocarcinoma; colon adenocarcinoma || mucinous adenocarcinoma; colon adenoma; colon adenoma || colorectal tubulovillous adenoma; colon adenoma || tubular adenoma; colon carcinoma; colon sessil,https://datasets.cellxgene.cziscience.com/4a8b9568-965e-46b8-a427-baab6bf018e5.h5ad,30875155333,10.1016/j.ccell.2025.12.003,liver,0.15,True,0,0,0,0,0,3,False,True,False,False,False
314ab602-8c17-449d-bcc6-ec9e79a6cf18,4fefa187-5d14-4f1e-915b-c892ed320aab,unfiltered_human_limb_scRNAseq,A human embryonic limb cell atlas resolved in space and time,136311,25,39,,,,0,10x 3' v2; 10x 5' v1,cell,forelimb; hindlimb,normal,https://datasets.cellxgene.cziscience.com/cf322449-0b04-4f14-9a70-edeefb1887f1.h5ad,1643575788,10.1038/s41586-023-06806-x,,0.0,False,0,0,0,0,0,0,False,False,False,False,True
7178ec0a-b0e2-45b1-beb0-879bb69d81e9,222e800b-c9cb-4572-831d-48f8c2ef66b9,Human embryonic female gonadal tissue,Characterization of the human fetal gonad and reproductive tract by single-cell transcriptomics,21049,11,11,,,,0,10x 3' v2; 10x 3' v3,cell,mesonephros; ovary,normal,https://datasets.cellxgene.cziscience.com/485304df-2065-48a6-8c16-3ff536e21eee.h5ad,286351192,10.1016/j.devcel.2024.01.006,,0.0,False,0,0,0,0,0,0,False,False,False,False,True
43dc52cb-92eb-4256-b3a8-5ef220b3d292,222e800b-c9cb-4572-831d-48f8c2ef66b9,Human embryonic male gonadal tissue,Characterization of the human fetal gonad and reproductive tract by single-cell transcriptomics,31749,12,6,,,,0,10x 3' v2; 10x 3' v3,cell,epididymis; mesonephros; testis,normal,https://datasets.cellxgene.cziscience.com/ac7034f8-a5d5-4ab7-ac05-06e951f461c8.h5ad,379591399,10.1016/j.devcel.2024.01.006,,0.0,False,0,0,0,0,0,0,False,False,False,False,True
d71c6645-7ecb-4396-9c80-04d2749ab2e0,2600aac1-ef5e-4dcd-bbc9-f9f3d8a613ea,HiPSC-derived retinal organoid subpopulations from healthy and POAG donors,HiPSC-derived retinal organoid subpopulations from healthy and POAG donors,247520,107,6,,,,0,10x 3' v2,cell,optic cup,normal; open-angle glaucoma,https://datasets.cellxgene.cziscience.com/a41c6cfe-959d-42e0-b36f-42ce6c14de87.h5ad,2107118094,10.1016/j.xgen.2022.100142,,0.0,False,0,0,0,0,0,0,True,False,False,False,True
a41fb1c7-87d1-4840-a375-a1a6b3ab6737,a26f9885-1b18-410c-a8c2-955ec5bb2efc,HiPSC-derived retinal pigmented epithelium from healthy and AMD-GA donors,HiPSC-derived retinal pigmented epithelium from healthy and AMD-GA donors,127659,73,2,,,,0,10x 3' v3,cell,retinal pigment epithelial cell,age-related macular degeneration; normal,https://datasets.cellxgene.cziscience.com/577b178e-0999-4b6e-bd87-d37081c913aa.h5ad,1843011041,10.1038/s41467-022-31707-4,retina,1.0,True,1,0,0,0,0,0,True,False,False,False,True
07e6773a-6c01-47aa-ac14-fbc1965edf33,18778eff-8382-4388-9d54-d5a5939eb9ee,Single-cell RNA-seq of normal human hearts (PMID: 31915373),Single-cell reconstruction of the adult human heart during heart failure and recovery reveals the cellular landscape underlying cardiac function,7495,14,5,21.0,52.0,31.0,11,Smart-seq2,cell,heart left ventricle; left atrium auricular region,normal,https://datasets.cellxgene.cziscience.com/3763c3e0-7467-4713-a4ac-e71e23523f34.h5ad,105178579,10.1038/s41556-019-0446-7,heart,1.0,True,0,0,0,2,0,0,False,False,False,False,True
a1058181-73af-4436-ba0a-9e3925d1f1c7,10eb236d-d42d-45b8-8363-c2dcf865f388,Dendritic cells,A single-cell atlas of innate immunity in treatment-naive juvenile idiopathic arthritis,15063,12,4,2.0,15.0,13.0,7,10x 3' v3; 10x 5' v2,cell,blood; synovial fluid,juvenile idiopathic arthritis,https://datasets.cellxgene.cziscience.com/db7379f7-c95e-4e68-b274-d55345824cb0.h5ad,267601297,10.64898/2026.05.01.716870,,0.0,False,0,0,0,0,0,0,False,False,False,False,False
612b7bff-4460-421e-917a-fe60e3d96580,10eb236d-d42d-45b8-8363-c2dcf865f388,Integrated global cells,A single-cell atlas of innate immunity in treatment-naive juvenile idiopathic arthritis,226157,14,26,2.0,15.0,13.0,8,10x 3' v3; 10x 5' v2,cell,blood; layer of synovial tissue; synovial fluid,juvenile idiopathic arthritis,https://datasets.cellxgene.cziscience.com/f758894c-14bc-4bfe-94dd-16dd9945f7d3.h5ad,2325576906,10.64898/2026.05.01.716870,,0.0,False,0,0,0,0,0,0,False,False,False,True,False
4057e00c-0678-454a-90e4-b341a162d007,10eb236d-d42d-45b8-8363-c2dcf865f388,Innate lymphocytes,A single-cell atlas of innate immunity in treatment-naive juvenile idiopathic arthritis,64793,16,9,,,,0,10x 3' v3; 10x 5' v2,cell,blood; synovial fluid,juvenile idiopathic arthritis,https://datasets.cellxgene.cziscience.com/0cfa1c2c-3568-4ae1-a507-fbf2ba77b082.h5ad,603513115,10.64898/2026.05.01.716870,,0.0,False,0,0,0,0,0,0,False,False,True,False,False
fb5eeccf-3c2a-473c-b6e3-7a1dda18d42d,afd343f4-bb60-4632-9902-73a4a1ff1557,scRNA-seq bladder atlas dataset,A poly(A) isoform–aware single-cell and spatial atlas defines fibroblast niches in the human bladder,74694,5,16,15.0,60.0,45.0,5,10x 3' v3,nucleus,dome of urinary bladder; neck of urinary bladder; ureteral orifice; ureterovesical junction,normal,https://datasets.cellxgene.cziscience.com/1352a8d5-e392-4e1d-8acd-c47f3c93f22e.h5ad,978374763,10.64898/2025.12.18.695268,,0.0,False,0,0,0,0,0,0,False,False,False,False,True
fc124cd3-f4f6-47d8-85c7-f5fa77ad9ab4,f4774e03-b5a7-473b-99d6-eeb80592c5db,Visium Spatial of Human muscle in Dystrophinopathies_8,Unraveling the spatial landscape of Dystrophinopathies: a transcriptomic approach to Becker and Duchenne muscular dystrophies,4992,1,6,3.0,3.0,0.0,1,Visium Spatial Gene Expression V1,na,vastus lateralis,DMD-related muscular dystrophy,https://datasets.cellxgene.cziscience.com/c7aa20ed-5838-4b24-9fcc-69851e705975.h5ad,647261155,10.1002/path.70067,skeletal muscle,1.0,True,0,0,1,0,0,0,False,False,False,False,False
e4577814-43c9-4db0-a274-cd308a89039f,f4774e03-b5a7-473b-99d6-eeb80592c5db,Visium Spatial of Human muscle in Dystrophinopathies_6,Unraveling the spatial landscape of Dystrophinopathies: a transcriptomic approach to Becker and Duchenne muscular dystrophies,4992,1,6,6.0,6.0,0.0,1,Visium Spatial Gene Expression V1,na,vastus lateralis,DMD-related muscular dystrophy,https://datasets.cellxgene.cziscience.com/96faa302-dd0e-49e1-b72b-bee45c01ac75.h5ad,586601639,10.1002/path.70067,skeletal muscle,1.0,True,0,0,1,0,0,0,False,False,False,False,False
dbdae57c-8f19-4065-9c48-3e223dea26db,f4774e03-b5a7-473b-99d6-eeb80592c5db,Visium Spatial of Human muscle in Dystrophinopathies_1,Unraveling the spatial landscape of Dystrophinopathies: a transcriptomic approach to Becker and Duchenne muscular dystrophies,4992,1,6,11.0,11.0,0.0,1,Visium Spatial Gene Expression V1,na,quadriceps femoris,DMD-related muscular dystrophy,https://datasets.cellxgene.cziscience.com/24c6284c-3fdf-4174-b79a-54ed5bdc2755.h5ad,591751281,10.1002/path.70067,skeletal muscle,1.0,True,0,0,1,0,0,0,False,False,False,False,False
9ca6375d-bcb2-43d7-a44d-6fbc6bdee008,f4774e03-b5a7-473b-99d6-eeb80592c5db,Visium Spatial of Human muscle in Dystrophinopathies_4,Unraveling the spatial landscape of Dystrophinopathies: a transcriptomic approach to Becker and Duchenne muscular dystrophies,4992,1,6,8.0,8.0,0.0,1,Visium Spatial Gene Expression V1,na,vastus lateralis,DMD-related muscular dystrophy,https://datasets.cellxgene.cziscience.com/7c5b32e2-427b-46a5-9228-c4ce2d9544e3.h5ad,687764858,10.1002/path.70067,skeletal muscle,1.0,True,0,0,1,0,0,0,False,False,False,False,False
9a9d4a69-6119-45ae-8303-478fe78f5d42,f4774e03-b5a7-473b-99d6-eeb80592c5db,Visium Spatial of Human muscle in Dystrophinopathies_5,Unraveling the spatial landscape of Dystrophinopathies: a transcriptomic approach to Becker and Duchenne muscular dystrophies,4992,1,5,8.0,8.0,0.0,1,Visium Spatial Gene Expression V1,na,tibialis anterior,DMD-related muscular dystrophy,https://datasets.cellxgene.cziscience.com/1b74a84b-6c7e-43e3-b9df-43e665404b83.h5ad,21370486,10.1002/path.70067,,0.0,False,0,0,0,0,0,0,False,False,False,False,False
85585f3f-d16a-412d-b93a-406d52721221,f4774e03-b5a7-473b-99d6-eeb80592c5db,Visium Spatial of Human muscle in Healthy control_2,Unraveling the spatial landscape of Dystrophinopathies: a transcriptomic approach to Becker and Duchenne muscular dystrophies,4992,1,4,14.0,14.0,0.0,1,Visium Spatial Gene Expression V1,na,muscle of posterior compartment of hindlimb stylopod,normal,https://datasets.cellxgene.cziscience.com/0997a46a-ae2f-42f9-878d-4bc08e2fd8bb.h5ad,574016132,10.1002/path.70067,,0.0,False,0,0,0,0,0,0,False,False,False,False,True
6a51d007-9e89-4149-8392-3cb1c5420f3a,f4774e03-b5a7-473b-99d6-eeb80592c5db,Visium Spatial of Human muscle in Dystrophinopathies_3,Unraveling the spatial landscape of Dystrophinopathies: a transcriptomic approach to Becker and Duchenne muscular dystrophies,4992,1,5,12.0,12.0,0.0,1,Visium Spatial Gene Expression V1,na,vastus lateralis,DMD-related muscular dystrophy,https://datasets.cellxgene.cziscience.com/1bbce71b-7c10-485e-b911-5e4b133f0b60.h5ad,545471393,10.1002/path.70067,skeletal muscle,1.0,True,0,0,1,0,0,0,False,False,False,False,False
5547218d-4e09-44a2-8b55-763247376ae3,f4774e03-b5a7-473b-99d6-eeb80592c5db,Visium Spatial of Human muscle in Dystrophinopathies_2,Unraveling the spatial landscape of Dystrophinopathies: a transcriptomic approach to Becker and Duchenne muscular dystrophies,4992,1,6,8.0,8.0,0.0,1,Visium Spatial Gene Expression V1,na,vastus lateralis,DMD-related muscular dystrophy,https://datasets.cellxgene.cziscience.com/9a7ae599-7914-4105-8805-42e8c04c63e1.h5ad,529462740,10.1002/path.70067,skeletal muscle,1.0,True,0,0,1,0,0,0,False,False,False,False,False
523261a1-c8fd-4e51-820c-98c61c38dc9e,f4774e03-b5a7-473b-99d6-eeb80592c5db,Visium Spatial of Human muscle in Healthy control_1,Unraveling the spatial landscape of Dystrophinopathies: a transcriptomic approach to Becker and Duchenne muscular dystrophies,4992,1,6,26.0,26.0,0.0,1,Visium Spatial Gene Expression V1,na,gastrocnemius,normal,https://datasets.cellxgene.cziscience.com/90590abb-b84f-4806-9541-12eb6244f2bb.h5ad,26832032,10.1002/path.70067,skeletal muscle,1.0,True,0,0,1,0,0,0,False,False,False,False,True
40483c8c-be0d-4794-bfb8-e59e9b5a3750,f4774e03-b5a7-473b-99d6-eeb80592c5db,Visium Spatial of Human muscle in Healthy control_4,Unraveling the spatial landscape of Dystrophinopathies: a transcriptomic approach to Becker and Duchenne muscular dystrophies,4992,1,6,28.0,28.0,0.0,1,Visium Spatial Gene Expression V1,na,gastrocnemius,normal,https://datasets.cellxgene.cziscience.com/98ef6162-313f-4640-8df0-680b6581a84e.h5ad,447170637,10.1002/path.70067,skeletal muscle,1.0,True,0,0,1,0,0,0,False,False,False,False,True
22b5045e-2d51-4694-86b8-a16e5070d64a,f4774e03-b5a7-473b-99d6-eeb80592c5db,Visium Spatial of Human muscle in Dystrophinopathies_7,Unraveling the spatial landscape of Dystrophinopathies: a transcriptomic approach to Becker and Duchenne muscular dystrophies,4992,1,5,7.0,7.0,0.0,1,Visium Spatial Gene Expression V1,na,quadriceps femoris,DMD-related muscular dystrophy,https://datasets.cellxgene.cziscience.com/52cc43d5-aa59-411a-9807-0c489d8dd219.h5ad,569510577,10.1002/path.70067,skeletal muscle,1.0,True,0,0,1,0,0,0,False,False,False,False,False
1dbde7cd-7ade-4d90-80ea-4d447f8b902d,f4774e03-b5a7-473b-99d6-eeb80592c5db,Visium Spatial of Human muscle in Healthy control_3,Unraveling the spatial landscape of Dystrophinopathies: a transcriptomic approach to Becker and Duchenne muscular dystrophies,4992,1,6,26.0,26.0,0.0,1,Visium Spatial Gene Expression V1,na,muscle of posterior compartment of hindlimb stylopod,normal,https://datasets.cellxgene.cziscience.com/4a891cfe-fdf9-43a2-ad21-3789450d8a24.h5ad,478049242,10.1002/path.70067,,0.0,False,0,0,0,0,0,0,False,False,False,False,True
b0ef440b-e303-4ad2-ada8-ce13336280ba,5e143645-177c-45b6-952d-48770e29a54b,Multi-modal skin atlas identifies a multicellular immune-stromal community associated with altered cornification and specific T cell expansion in atopic dermatitis (Atopic Dermatitis Atlas),Multi-modal skin atlas identifies a multicellular immune-stromal community associated with altered cornification and specific T cell expansion in atopic dermatitis,280518,17,27,21.0,61.0,40.0,4,10x 3' v2; 10x 3' v3,cell,skin of body,atopic eczema; normal,https://datasets.cellxgene.cziscience.com/e046218f-6a66-46f9-a91c-7f26b4ee00c2.h5ad,2464545875,10.1038/s41467-026-69587-7,,0.0,False,0,0,0,0,0,0,False,False,False,False,True
9928ad5f-6afd-4fb0-89b0-6690e2a2ce25,9c9ce98a-6b02-4262-9407-1ebb2de31f63,Integrated multi-omic characterization of congenital heart disease,Integrated multi-omic characterization of congenital heart disease,157293,13,14,0.1666666666666666,17.0,16.833333333333332,10,10x 3' v3,nucleus,heart,congenital heart disease; dilated cardiomyopathy; hypertrophic cardiomyopathy; hypoplastic left heart syndrome; tetralogy of fallot,https://datasets.cellxgene.cziscience.com/beb6ae0c-c47b-4a8d-9f8d-39a43f5853bd.h5ad,1757816356,10.1038/s41586-022-04989-3,heart,1.0,True,0,0,0,1,0,0,False,False,False,True,False
e88a8e7c-0586-4690-8aa6-34efd7076f7a,16876983-d454-43db-a8ec-77fafca9bf38,Single-Cell Atlas of Parkinson's Disease and Control: Complete RNA data,Multi-Region Brain Single-Cell Atlas of Parkinson's Disease and Control Samples,4502568,101,27,53.0,90.0,37.0,24,10x multiome,nucleus,cerebellum; cingulate gyrus; middle temporal gyrus; putamen; substantia nigra,Parkinson disease; normal,https://datasets.cellxgene.cziscience.com/02e1d36f-3019-49c9-aa3d-3a7df7ae9fd8.h5ad,33998142156,10.64898/2026.03.05.709922,brain,0.6,True,0,3,0,0,0,0,False,False,False,False,True
5fa72b3e-999e-4560-a105-391d109574da,16876983-d454-43db-a8ec-77fafca9bf38,Single-Cell Atlas of Parkinson's Disease and Control: Subsampled 4.3 million RNA data,Multi-Region Brain Single-Cell Atlas of Parkinson's Disease and Control Samples,4300000,101,27,53.0,90.0,37.0,24,10x multiome,nucleus,cerebellum; cingulate gyrus; middle temporal gyrus; putamen; substantia nigra,Parkinson disease; normal,https://datasets.cellxgene.cziscience.com/5451683b-f184-4bd5-8fb1-401bf1a467c6.h5ad,33219989200,10.64898/2026.03.05.709922,brain,0.6,True,0,3,0,0,0,0,False,False,False,False,True
cdbff22b-a287-460d-afae-7b497e403491,0391c84c-d57d-4741-9277-e4d58f9a3d0c,Bone Marrow Reference,Clearing human bone marrow reveals spatial heterogeneity of the stromal niche - Human bone marrow atlas,117308,31,12,19.0,77.0,58.0,16,10x 3' v2; 10x 3' v3,cell,bone marrow cavity,follicular lymphoma; normal; osteoarthritis; primary central nervous system lymphoma,https://datasets.cellxgene.cziscience.com/b6037d0f-c415-45f7-8d01-0e69407fba9c.h5ad,645050714,10.1038/s41467-026-69863-6,,0.0,False,0,0,0,0,0,0,False,False,False,False,True
d51dc6f3-de9d-4695-8ad9-ffcf94876e0f,b7140dc4-6a28-4365-9f94-39f917f8ce50,Submucosa Epcam-CD235ab-CD45-CD31-,Cell atlas of antigen-presenting and stromal cells from the human intestine,16338,1,1,72.0,72.0,0.0,1,10x 3' v3,cell,submucosa of ascending colon; submucosa of ileum,normal,https://datasets.cellxgene.cziscience.com/8abd6560-4736-4b39-a394-719ba4721a55.h5ad,178742818,10.1126/sciimmunol.adz8650,,0.0,False,0,0,0,0,0,0,False,False,False,False,True
9133e1f5-3870-435b-871d-d8ea467e111e,b7140dc4-6a28-4365-9f94-39f917f8ce50,Lamina propria CD45+CD3-CD19-HLADR+,Cell atlas of antigen-presenting and stromal cells from the human intestine,28758,6,1,63.0,83.0,20.0,5,10x 3' v2; 10x 3' v3,cell,lamina propria of large intestine; lamina propria of small intestine,normal,https://datasets.cellxgene.cziscience.com/ebd795c4-b702-48c7-bb1d-181c1ecae2dc.h5ad,356804625,10.1126/sciimmunol.adz8650,,0.0,False,0,0,0,0,0,0,False,False,False,False,True
83caa705-a765-4f99-9bf2-1d8b01674104,b7140dc4-6a28-4365-9f94-39f917f8ce50,Lamina propria Epcam-CD235ab-CD45-CD31-,Cell atlas of antigen-presenting and stromal cells from the human intestine,17706,1,1,72.0,72.0,0.0,1,10x 3' v3,cell,lamina propria of large intestine; lamina propria of small intestine,normal,https://datasets.cellxgene.cziscience.com/029ecf44-8aeb-4931-b5e8-5f40fd6c0e72.h5ad,168403727,10.1126/sciimmunol.adz8650,,0.0,False,0,0,0,0,0,0,False,False,False,False,True
4e6eb9d1-5de7-43ac-b931-21995be65c10,b7140dc4-6a28-4365-9f94-39f917f8ce50,Lamina propria Epcam-CD235ab-CD45-,Cell atlas of antigen-presenting and stromal cells from the human intestine,32926,2,1,59.0,80.0,21.0,2,10x 5' v2,cell,lamina propria of large intestine; lamina propria of small intestine,normal,https://datasets.cellxgene.cziscience.com/7b0e6dc4-0897-4116-b437-938e7fcd66cd.h5ad,313702534,10.1126/sciimmunol.adz8650,,0.0,False,0,0,0,0,0,0,False,False,False,False,True
5eb05c46-9d59-4971-8bcb-2660f74860b9,e8c525c0-1026-49df-be15-2d427c1a06d1,Human adult and growing molar teeth,Human adult and growing molar teeth,35805,7,7,15.0,24.0,9.0,2,10x 3' v2; 10x 3' v3,cell,molar dental pulp; tooth root apical papilla,normal,https://datasets.cellxgene.cziscience.com/c36bab70-e905-4a6e-884e-1f63712880f3.h5ad,87293955,10.1038/s41467-020-18512-7,,0.0,False,0,0,0,0,0,0,False,False,False,False,True
ef0fc6ac-4872-40e1-ab24-e445b19ca6e3,a7e81820-297d-4086-8123-cc7dde64e495,snRNA-seq of the human Achilles tendon,Fibroblast specialisation across microanatomy in a single-cell atlas of healthy human Achilles tendon,64862,5,21,45.0,76.0,31.0,5,10x 3' v3,nucleus,calcaneal tendon,normal,https://datasets.cellxgene.cziscience.com/accd7d2e-d67d-4b91-9ea1-f2d1eee78ebf.h5ad,1124490595,10.1152/ajpcell.00838.2025,,0.0,False,0,0,0,0,0,0,False,False,False,False,True
ca140407-efd4-48e3-a040-524b8a7752cc,0540ee09-5b45-43ec-9fc1-b9a7fa7f8f53,T cells from gastric cancer patients,T cells from gastric cancer patients,45698,5,9,,,,0,10x 5' v2,cell,blood; liver; lymph node; stomach,gastric cancer,https://datasets.cellxgene.cziscience.com/2ab4df39-876d-4fdc-af54-0fa5113a54f4.h5ad,427512731,10.1038/s41467-026-70751-2,liver,0.25,True,0,0,0,0,0,1,False,True,True,False,False
0df5d172-5888-4cec-9a96-e637636bbfef,0e9fd1d3-ef4c-47c6-a2e4-ef4bfadf7c79,"Human fetal cortex in Down syndrome, 10X-Multiome (snRNA/ATACseq), complete dataset",Single-Cell Multiomic Atlas of Human Cortical Development in Down Syndrome,248998,30,8,,,,0,10x multiome,nucleus,brain,complete trisomy 21; normal,https://datasets.cellxgene.cziscience.com/f16c25da-15bd-46a4-9a3f-17093f27a2f1.h5ad,1569658860,10.1038/s41591-026-04211-1,brain,1.0,True,0,1,0,0,0,0,False,False,False,False,True
0b024b1e-7588-45fc-b794-6fc7192f31ab,0e9fd1d3-ef4c-47c6-a2e4-ef4bfadf7c79,"Human fetal cortex in Down syndrome, 10X-Multiome (snRNA/ATACseq), subsetted excitatory lineage",Single-Cell Multiomic Atlas of Human Cortical Development in Down Syndrome,215680,30,3,,,,0,10x multiome,nucleus,brain,complete trisomy 21; normal,https://datasets.cellxgene.cziscience.com/54ad14be-a4df-4683-8c69-6346e2a25db9.h5ad,1353712966,10.1038/s41591-026-04211-1,brain,1.0,True,0,1,0,0,0,0,False,False,True,False,True
862a4311-5ab1-48cf-b517-db2c1bb9d531,30704a65-1b50-409b-9cf6-1f26bf644c99,Macrophages - Bronchoalveolar lavage from paediatric cystic fibrosis (CF) and non-CF control participants,Single cell RNA sequencing of pediatric bronchoalveolar lavage,165209,36,7,0.5,8.0,7.5,10,10x 3' v3,cell,lung,cystic fibrosis; normal,https://datasets.cellxgene.cziscience.com/46aacd9c-08dd-4c92-b6a0-93b6ad7d34cf.h5ad,1957888639,10.1016/j.mucimm.2026.03.012,,0.0,False,0,0,0,0,0,0,False,False,False,False,True
6ba45a2b-0a29-454f-a580-41b0e540c06b,30704a65-1b50-409b-9cf6-1f26bf644c99,T/NK cells - Bronchoalveolar lavage from paediatric cystic fibrosis (CF) and non-CF control participants,Single cell RNA sequencing of pediatric bronchoalveolar lavage,15511,36,9,0.5,8.0,7.5,10,10x 3' v3,cell,lung,cystic fibrosis; normal,https://datasets.cellxgene.cziscience.com/79eb855e-09f2-47e8-bfab-ef69c9a9ddb2.h5ad,80244341,10.1016/j.mucimm.2026.03.012,,0.0,False,0,0,0,0,0,0,False,False,False,False,True
2dc198e1-e0a6-4e88-b7a3-4b66be7e4a4a,30704a65-1b50-409b-9cf6-1f26bf644c99,Epithelial and immune cells - Bronchoalveolar lavage from paediatric cystic fibrosis (CF) and non-CF control participants,Single cell RNA sequencing of pediatric bronchoalveolar lavage,13687,36,10,0.5,8.0,7.5,10,10x 3' v3,cell,lung,cystic fibrosis; normal,https://datasets.cellxgene.cziscience.com/19d50d93-ffdd-4122-bfbd-25e0c6dd6531.h5ad,107876876,10.1016/j.mucimm.2026.03.012,,0.0,False,0,0,0,0,0,0,False,False,True,False,True
adb29e5a-f874-4f32-a524-907b0f1a9b2c,9ceda3d2-a55e-4b82-a91a-0190d947459a,Longitudinal single-nucleus RNA-seq atlas of neoplastic cells in pediatric high-grade glioma,HTAN CHOP - A longitudinal single-cell atlas of pediatric high-grade glioma.,102061,16,1,4.0,23.0,19.0,18,10x 3' v3,nucleus,cerebellum; cerebral hemisphere; dorsal plus ventral thalamus; temporal lobe,pediatric high-grade glioma,https://datasets.cellxgene.cziscience.com/1a415126-0e1c-4b25-9c41-98360ee936c3.h5ad,1156714202,10.1016/j.xcrm.2026.102766,brain,1.0,True,0,4,0,0,0,0,False,False,False,False,False
843c1459-e852-429c-9339-17b5760e7716,9ceda3d2-a55e-4b82-a91a-0190d947459a,Longitudinal single-nucleus RNA-seq atlas of pediatric high-grade glioma,HTAN CHOP - A longitudinal single-cell atlas of pediatric high-grade glioma.,401253,16,7,4.0,23.0,19.0,18,10x 3' v3,nucleus,cerebellum; cerebral hemisphere; dorsal plus ventral thalamus; temporal lobe,pediatric high-grade glioma,https://datasets.cellxgene.cziscience.com/2de4e72b-1a49-457f-a3b7-8664a8bab255.h5ad,4434890307,10.1016/j.xcrm.2026.102766,brain,1.0,True,0,4,0,0,0,0,False,False,False,False,False
4fa18826-7415-4f0b-92fd-31fb2b60838d,9ceda3d2-a55e-4b82-a91a-0190d947459a,Longitudinal single-nucleus RNA-seq atlas of myeloid cells in pediatric high-grade glioma,HTAN CHOP - A longitudinal single-cell atlas of pediatric high-grade glioma.,24551,16,4,4.0,23.0,19.0,18,10x 3' v3,nucleus,cerebellum; cerebral hemisphere; dorsal plus ventral thalamus; temporal lobe,pediatric high-grade glioma,https://datasets.cellxgene.cziscience.com/6ba534c6-c72f-4775-9853-613d6d3f8d13.h5ad,232924481,10.1016/j.xcrm.2026.102766,brain,1.0,True,0,4,0,0,0,0,False,False,True,False,False
6f9de485-58cd-4342-bfc4-b3d3dd223aa8,ceef2841-5333-46ac-92ef-ccbe0c20fe55,Single-cell RNA-seq data from untreated tissue samples of treatment-naive triple-negative breast cancer patients,Single-cell atlas of untreated human triple negative breast cancer,427823,101,7,,,,0,10x 3' v2; 10x 3' v3,cell,breast,triple-negative breast carcinoma,https://datasets.cellxgene.cziscience.com/e94bd3cc-6271-424a-baac-12f8eb320a0e.h5ad,4522982499,,,0.0,False,0,0,0,0,0,0,False,True,False,False,False
f7ad22b9-a8ce-4454-bbe3-c8076245f1f5,5d2077ea-7b49-45c8-b4cb-64790b698591,Human 12W heart C1,A cell atlas of the developing human outflow tract of the heart and its adult aortic valve derivatives,4992,1,5,,,,0,Visium Spatial Gene Expression V1,na,outflow tract myocardium,normal,https://datasets.cellxgene.cziscience.com/1f9df6f2-3904-4ddb-bc2f-0e525e239f23.h5ad,35620467,10.7554/eLife.107748.1,heart,1.0,True,0,0,0,1,0,0,False,False,False,False,True
f3fd3f55-8eb1-4918-8ae8-5f735adbae0e,5d2077ea-7b49-45c8-b4cb-64790b698591,"Single-nuclei (sn) RNA-seq of the human outflow tract and aortic valve tissue (CS16-17, 12 pcw, Adult)",A cell atlas of the developing human outflow tract of the heart and its adult aortic valve derivatives,30125,7,6,,,,0,10x 3' v2; 10x 3' v3,nucleus,outflow tract; outflow tract myocardium,normal,https://datasets.cellxgene.cziscience.com/9cb5a0e2-1c02-400b-8ffe-9a69d9b26a35.h5ad,458393768,10.7554/eLife.107748.1,heart,0.5,True,0,0,0,1,0,0,False,False,False,False,True
cf738e19-eee1-4c53-83bd-28148a82d044,5d2077ea-7b49-45c8-b4cb-64790b698591,Human 12W heart D1,A cell atlas of the developing human outflow tract of the heart and its adult aortic valve derivatives,4992,1,6,,,,0,Visium Spatial Gene Expression V1,na,outflow tract myocardium,normal,https://datasets.cellxgene.cziscience.com/5ee78aea-0712-455d-a70f-e0f19b90c25e.h5ad,25339670,10.7554/eLife.107748.1,heart,1.0,True,0,0,0,1,0,0,False,False,False,False,True
bea79f1c-b9ae-4f94-9bf3-df58170b9481,5d2077ea-7b49-45c8-b4cb-64790b698591,Human 12W heart B1,A cell atlas of the developing human outflow tract of the heart and its adult aortic valve derivatives,4992,1,6,,,,0,Visium Spatial Gene Expression V1,na,outflow tract myocardium,normal,https://datasets.cellxgene.cziscience.com/9a5b0970-a88c-4a00-ad34-6e885f5714c5.h5ad,38477891,10.7554/eLife.107748.1,heart,1.0,True,0,0,0,1,0,0,False,False,False,False,True
a8b3736c-e43f-48aa-95e8-cf5d2caecf78,5d2077ea-7b49-45c8-b4cb-64790b698591,Human 12W heart A1,A cell atlas of the developing human outflow tract of the heart and its adult aortic valve derivatives,4992,1,5,,,,0,Visium Spatial Gene Expression V1,na,outflow tract myocardium,normal,https://datasets.cellxgene.cziscience.com/1a962f3a-8d3d-49d8-8a4f-851c7ea9ec01.h5ad,44927019,10.7554/eLife.107748.1,heart,1.0,True,0,0,0,1,0,0,False,False,False,False,True
10c0c666-bd99-4a5c-b697-f1be835f5427,e276e3e2-197a-4524-abd1-a753a48dc33a,A Single-Cell Atlas of Human Lung Allograft Biopsies Reveals Fibrogenic Shift Following Acute Cellular Rejection,Human Lung Allografts Experience Persistent Fibrogenic Shift Following Acute Cellular Rejection,56676,8,51,13.0,41.0,28.0,5,10x 3' v3; 10x 5' v1; 10x 5' v2,cell,lung,acute graft versus host disease; normal,https://datasets.cellxgene.cziscience.com/af6e81be-e65c-4821-987e-e0eb6c8acd59.h5ad,1180621333,10.1016/j.healun.2026.02.1666,,0.0,False,0,0,0,0,0,0,False,False,False,False,True
e80b654f-37f3-43d0-a78a-8b9ff93c36a9,4624894f-6cf7-45d2-91ff-51fff9da9f13,Histologically normal brain tissue from human pediatric epilepsy patients,A multimodal single-cell atlas of the adolescent brain reveals gene regulatory networks linking development to disease risk,88658,6,17,6.0,15.0,9.0,6,10x multiome,nucleus,amygdala; frontal lobe; hippocampal formation; temporal cortex,normal,https://datasets.cellxgene.cziscience.com/82cfc40e-77a4-4740-9210-78dc374acb3e.h5ad,1009594235,10.64898/2026.02.20.707029,brain,0.75,True,0,3,0,0,0,0,False,False,False,False,True
835fa5c4-3278-4abd-b0bd-71d7f498b2dc,4624894f-6cf7-45d2-91ff-51fff9da9f13,Histologically normal brain tissue from human pediatric epilepsy patients (fragment files included),A multimodal single-cell atlas of the adolescent brain reveals gene regulatory networks linking development to disease risk,77358,5,17,6.0,14.0,8.0,5,10x multiome,nucleus,amygdala; hippocampal formation; temporal cortex,normal,https://datasets.cellxgene.cziscience.com/f8dbb700-1e9c-4a96-a45c-b360a5cc9176.h5ad,868130728,10.64898/2026.02.20.707029,brain,0.6666666666666666,True,0,2,0,0,0,0,False,False,False,False,True
3a8aec06-3309-4d37-b75d-c59f5f6d55a6,c2879de0-affc-496b-8e2b-f57ed9ec3c34,Single-cell RNA sequencing data of control and VPA-treated dorsal forebrain organoids,Single-cell RNA sequencing data of control and VPA-treated dorsal forebrain organoids,26499,2,5,,,,0,10x 3' v3,cell,neocortex,normal,https://datasets.cellxgene.cziscience.com/3b8876a1-3652-47b4-833f-ac468b3e4770.h5ad,612397754,10.1038/s41380-026-03585-5,brain,1.0,True,0,1,0,0,0,0,True,False,False,False,True
ca7d95ac-53aa-4a94-8c76-300c608ce6a0,d1e0e64d-6d2a-4a3e-b7f4-43ed909a9d9c,All cells from human PBMC samples collected in Indonesia,Ancestral and environmental diversity shape the immune landscape in Indonesia,462034,199,13,18.0,60.0,42.0,41,10x 5' v2,cell,blood,normal,https://datasets.cellxgene.cziscience.com/6a322de5-4cc6-43f5-b35d-6f0c246fb297.h5ad,3855510491,10.64898/2026.02.15.704933,,0.0,False,0,0,0,0,0,0,False,False,False,False,True
b3875c91-55a6-4187-af6f-486505de025d,d1e0e64d-6d2a-4a3e-b7f4-43ed909a9d9c,Myeloid cells from human PBMC samples collected in Indonesia,Ancestral and environmental diversity shape the immune landscape in Indonesia,71492,199,8,18.0,60.0,42.0,41,10x 5' v2,cell,blood,normal,https://datasets.cellxgene.cziscience.com/770a441b-b903-4d22-8873-09b1abfd797a.h5ad,793739031,10.64898/2026.02.15.704933,,0.0,False,0,0,0,0,0,0,False,False,True,False,True
55ec1734-60b6-496e-87ad-6f2f44229422,d1e0e64d-6d2a-4a3e-b7f4-43ed909a9d9c,Lymphocytes from human PBMC samples collected in Indonesia,Ancestral and environmental diversity shape the immune landscape in Indonesia,389095,199,16,18.0,60.0,42.0,41,10x 5' v2,cell,blood,normal,https://datasets.cellxgene.cziscience.com/ef8a4400-b2f9-4724-8f19-b94c76c53f8a.h5ad,3075445404,10.64898/2026.02.15.704933,,0.0,False,0,0,0,0,0,0,False,False,True,False,True
f0e0575d-d64d-4418-809e-60789bf6c155,8a05eaf6-5680-41f2-9be7-eddc383b178a,SMBO-114,Determinants of Sensitivity to HER2-targeted Antibody Drug Conjugates in Urothelial Cancer,2410,1,1,,,,0,10x 3' v3,cell,urinary bladder,urinary bladder cancer,https://datasets.cellxgene.cziscience.com/ea1c435b-245d-40db-bc03-0d602498ab69.h5ad,29984484,10.1038/s41467-025-67643-2,,0.0,False,0,0,0,0,0,0,False,True,False,False,False
e2094676-d4d5-400c-afa5-7ca3ec09025c,8a05eaf6-5680-41f2-9be7-eddc383b178a,SMBO-106,Determinants of Sensitivity to HER2-targeted Antibody Drug Conjugates in Urothelial Cancer,5762,1,1,,,,0,10x 3' v3,cell,urinary bladder,urinary bladder cancer,https://datasets.cellxgene.cziscience.com/5447ecfb-17c8-430d-90a8-9734cc4f0701.h5ad,88264779,10.1038/s41467-025-67643-2,,0.0,False,0,0,0,0,0,0,False,True,False,False,False
7ee4b15b-b543-4a8f-a602-ab0344729caf,8a05eaf6-5680-41f2-9be7-eddc383b178a,SCBO-8,Determinants of Sensitivity to HER2-targeted Antibody Drug Conjugates in Urothelial Cancer,10946,1,1,,,,0,10x 3' v3,cell,urinary bladder,urinary bladder cancer,https://datasets.cellxgene.cziscience.com/59caba36-eb74-4d96-94cf-80a695d5dd44.h5ad,229133799,10.1038/s41467-025-67643-2,,0.0,False,0,0,0,0,0,0,False,True,False,False,False
670a9f65-363c-4bb1-a942-bf6d1edea179,8a05eaf6-5680-41f2-9be7-eddc383b178a,SMBO-170,Determinants of Sensitivity to HER2-targeted Antibody Drug Conjugates in Urothelial Cancer,5785,1,1,,,,0,10x 3' v3,cell,urinary bladder,urinary bladder cancer,https://datasets.cellxgene.cziscience.com/ff48d789-fbcd-4907-a002-e175bda24f77.h5ad,67826222,10.1038/s41467-025-67643-2,,0.0,False,0,0,0,0,0,0,False,True,False,False,False
024581e3-5375-4e33-8060-d8448694f556,8a05eaf6-5680-41f2-9be7-eddc383b178a,SMBO-109,Determinants of Sensitivity to HER2-targeted Antibody Drug Conjugates in Urothelial Cancer,8156,1,1,,,,0,10x 3' v3,cell,urinary bladder,urinary bladder cancer,https://datasets.cellxgene.cziscience.com/f77f7919-8483-4c56-a0de-6be3e5363c7a.h5ad,103584117,10.1038/s41467-025-67643-2,,0.0,False,0,0,0,0,0,0,False,True,False,False,False
944dedde-03e5-456d-996d-7250f7247b85,3b8b7fec-ed65-4483-9579-9f98f5a93a74,Helmsley_gut_cell_adult,Epithelium-enriched single cell transcriptomes from the ascending colon of pediatric and adult control subjects,25641,11,13,18.0,58.0,40.0,8,10x 3' v3,cell,right colon,normal,https://datasets.cellxgene.cziscience.com/517c552c-48ff-4f15-9f23-55a70f3f054b.h5ad,327833371,10.1016/j.jcmgh.2025.101665,,0.0,False,0,0,0,0,0,0,False,False,False,False,True
5d4415d1-cfcd-4b43-b2b2-138b5afd68af,3b8b7fec-ed65-4483-9579-9f98f5a93a74,Helmsley_gut_cell_pediatric,Epithelium-enriched single cell transcriptomes from the ascending colon of pediatric and adult control subjects,35957,12,13,8.0,17.0,9.0,8,10x 3' v3,cell,right colon,normal,https://datasets.cellxgene.cziscience.com/45566c3d-0484-4b2b-858b-8aea1783f21f.h5ad,407779403,10.1016/j.jcmgh.2025.101665,,0.0,False,0,0,0,0,0,0,False,False,False,False,True
ff4235bb-1cdf-4dcf-a13a-dc4f32244400,60a2676d-9f37-46cc-9b02-c7370a53be9c,All cells,Immunobiology of Aging Cohort PBMC Profiling,3758514,234,37,40.0,89.0,49.0,51,10x gene expression flex,cell,blood,cytomegalovirus infection; normal,https://datasets.cellxgene.cziscience.com/924554e2-d893-4015-be86-017e96fab55b.h5ad,40120421985,10.1038/s41586-025-09686-5,,0.0,False,0,0,0,0,0,0,False,False,False,False,True
c0ee763d-fc9e-44e1-bd1f-bebcde1240d9,60a2676d-9f37-46cc-9b02-c7370a53be9c,Monocyte and dendritic cells,Immunobiology of Aging Cohort PBMC Profiling,389187,234,6,40.0,89.0,49.0,51,10x gene expression flex,cell,blood,cytomegalovirus infection; normal,https://datasets.cellxgene.cziscience.com/6f7a06a8-6d30-4cbc-8102-a2af2b31967c.h5ad,5760043343,10.1038/s41586-025-09686-5,,0.0,False,0,0,0,0,0,0,False,False,False,False,True
b287b8e5-7ee2-428c-8f5f-7c4c8e1baeed,60a2676d-9f37-46cc-9b02-c7370a53be9c,B and plasma cells,Immunobiology of Aging Cohort PBMC Profiling,455893,234,5,40.0,89.0,49.0,51,10x gene expression flex,cell,blood,cytomegalovirus infection; normal,https://datasets.cellxgene.cziscience.com/a3d8cef9-0194-4953-be3a-930adfadb139.h5ad,5019121721,10.1038/s41586-025-09686-5,,0.0,False,0,0,0,0,0,0,False,False,False,False,True
95498b77-1bec-4298-8745-c24af1069917,60a2676d-9f37-46cc-9b02-c7370a53be9c,Other cell types,Immunobiology of Aging Cohort PBMC Profiling,9354,234,5,40.0,89.0,49.0,51,10x gene expression flex,cell,blood,cytomegalovirus infection; normal,https://datasets.cellxgene.cziscience.com/a3f06617-e433-4f73-8fed-24ff53408504.h5ad,92718657,10.1038/s41586-025-09686-5,,0.0,False,0,0,0,0,0,0,False,False,False,False,True
946dc63a-760c-4a6c-9ed1-aa2f640d5183,60a2676d-9f37-46cc-9b02-c7370a53be9c,NK cells and ILCs,Immunobiology of Aging Cohort PBMC Profiling,560959,234,4,40.0,89.0,49.0,51,10x gene expression flex,cell,blood,cytomegalovirus infection; normal,https://datasets.cellxgene.cziscience.com/f0bc2082-70fa-4ae6-94b6-026c865e02a1.h5ad,6796495429,10.1038/s41586-025-09686-5,,0.0,False,0,0,0,0,0,0,False,False,False,False,True
6cd95660-6751-4629-a2ef-fbf5985531a5,60a2676d-9f37-46cc-9b02-c7370a53be9c,Naive CD4 T cells,Immunobiology of Aging Cohort PBMC Profiling,770809,234,1,40.0,89.0,49.0,51,10x gene expression flex,cell,blood,cytomegalovirus infection; normal,https://datasets.cellxgene.cziscience.com/8e4fae37-d7f9-47d1-bc73-9ab9d029bdaa.h5ad,8722364358,10.1038/s41586-025-09686-5,,0.0,False,0,0,0,0,0,0,False,False,True,False,True
4934091f-85d6-4a82-8915-6812aea23cb9,60a2676d-9f37-46cc-9b02-c7370a53be9c,CD4 memory and Treg cells,Immunobiology of Aging Cohort PBMC Profiling,854753,234,8,40.0,89.0,49.0,51,10x gene expression flex,cell,blood,cytomegalovirus infection; normal,https://datasets.cellxgene.cziscience.com/729a2a8d-f457-4709-b2ba-731616abb516.h5ad,10542988427,10.1038/s41586-025-09686-5,,0.0,False,0,0,0,0,0,0,False,False,False,False,True
43507e2f-a9d7-40da-bb3c-f1946f71a267,60a2676d-9f37-46cc-9b02-c7370a53be9c,"CD8 T, gdT, MAIT, and dnT cells",Immunobiology of Aging Cohort PBMC Profiling,717559,234,8,40.0,89.0,49.0,51,10x gene expression flex,cell,blood,cytomegalovirus infection; normal,https://datasets.cellxgene.cziscience.com/ca5b6b79-5e4f-46eb-b034-a58cac6282cd.h5ad,8701032017,10.1038/s41586-025-09686-5,,0.0,False,0,0,0,0,0,0,False,False,True,False,True
714e6bc2-d81d-4a5b-97de-818bf6ff3a1d,bc7397a3-ea49-4d57-84b8-80bd6885d4c4,Immune HNSCC Atlas,A highly resolved integrated single-cell atlas of HPV-negative Head and Neck Cancer,134385,44,14,18.0,80.0,62.0,29,10x 3' v2; 10x 3' v3; 10x 5' transcription profiling,cell,alveolar ridge of mandible; buccal mucosa; gingiva of lower jaw; hypopharynx; larynx; mandible; mouth floor; oral cavity; oropharynx; tongue,head and neck squamous cell carcinoma,https://datasets.cellxgene.cziscience.com/377e8ef1-6f2f-4091-bc27-9bc01959b8eb.h5ad,4008132984,,,0.0,False,0,0,0,0,0,0,False,True,False,True,False
624d92e2-d006-4241-9fd8-03535f850301,bc7397a3-ea49-4d57-84b8-80bd6885d4c4,NonImmune HNSCC Atlas,A highly resolved integrated single-cell atlas of HPV-negative Head and Neck Cancer,93431,37,6,18.0,80.0,62.0,24,10x 3' v2; 10x 3' v3; 10x 5' transcription profiling,cell,alveolar ridge of mandible; buccal mucosa; gingiva of lower jaw; hypopharynx; larynx; mandible; mouth floor; oral cavity; oropharynx; tongue,head and neck squamous cell carcinoma,https://datasets.cellxgene.cziscience.com/be2f74ea-f487-4650-8c03-080798c2872c.h5ad,3336228901,,,0.0,False,0,0,0,0,0,0,False,True,False,True,False
60acb72d-4935-4bb2-80b4-3700a6a527f8,bc7397a3-ea49-4d57-84b8-80bd6885d4c4,Global HPV-negative HNSCC Atlas,A highly resolved integrated single-cell atlas of HPV-negative Head and Neck Cancer,227816,44,20,18.0,80.0,62.0,29,10x 3' v2; 10x 3' v3; 10x 5' transcription profiling,cell,alveolar ridge of mandible; buccal mucosa; gingiva of lower jaw; hypopharynx; larynx; mandible; mouth floor; oral cavity; oropharynx; tongue,head and neck squamous cell carcinoma,https://datasets.cellxgene.cziscience.com/8b58da42-48ca-4615-90f2-0a3c25687da1.h5ad,7340263435,,,0.0,False,0,0,0,0,0,0,False,True,False,True,False
4568ebb2-468c-4381-9ce7-81cd97abcd22,071b706a-7ea7-47a4-bddf-6457725839fc,All Cells,Single-Cell Atlas of Acute Myeloid Leukemia (AML scAtlas),748679,210,14,0.1666666666666666,85.0,84.83333333333333,78,10x 3' v1; 10x 3' v2; 10x 3' v3; 10x 5' v1; 10x 5' v2; 10x transcription profiling; SORT-seq; Seq-Well; Smart-seq2,cell,bone marrow,myeloid leukemia; normal,https://datasets.cellxgene.cziscience.com/538e5e8b-3400-4b23-b380-17a152949c63.h5ad,6398033772,10.7554/eLife.104978.2,,0.0,False,0,0,0,0,0,0,False,False,False,False,True
01ff5cf0-730f-4ddc-b1be-7b407211f544,0bebef1a-4607-4584-9070-dacf89a0d635,scRNA-seq of Lung adenocarcinoma with histological subtypes,Defining the cellular and molecular identities of histologic subtypes in lung adenocarcinoma,117266,18,30,56.0,78.0,22.0,14,10x 3' v3,cell,lung parenchyma,lung adenocarcinoma,https://datasets.cellxgene.cziscience.com/229e74ee-9b3e-4ab2-bddb-9eccbac85b48.h5ad,670537560,10.1186/s40164-025-00740-6,,0.0,False,0,0,0,0,0,0,False,True,False,False,False
d995b85b-69f2-48f4-b6ec-0b7bffd120f5,0dd101f7-9829-44b3-a323-18b113eabeb4,Neuroectodermal cells of cerebellar organoids,Cerebellar organoid atlas using microfluidics- and combinatorial barcoding-based technologies,14424,3,5,,,,0,10x 3' v3; Parse Evercode Whole Transcriptome v2,cell,cerebellum,normal,https://datasets.cellxgene.cziscience.com/ba404fa2-44a9-4420-b43c-03f863b12d37.h5ad,335219160,10.1016/j.isci.2026.114780,brain,1.0,True,0,1,0,0,0,0,True,False,False,False,True
f9ef78fc-700f-4e97-8a4c-85df06a2c583,690fb28b-e364-4d3d-8934-bae50ae93857,Human Craniofacial Expression Mesenchymal Celltypes,Gene expression patterns of the developing human and mouse face at single cell resolution,58417,24,2,,,,0,10x multiome,nucleus,pharyngeal arch system,normal,https://datasets.cellxgene.cziscience.com/4d76b7b4-4d67-4016-b881-ab86e7f4d7f5.h5ad,870870971,10.1038/s41467-026-70232-6,,0.0,False,0,0,0,0,0,0,False,False,False,False,True
c85b715e-6eff-409b-aa8f-cb0147171c27,690fb28b-e364-4d3d-8934-bae50ae93857,Human Craniofacial Expression Ectodermal Celltypes,Gene expression patterns of the developing human and mouse face at single cell resolution,9652,24,5,,,,0,10x multiome,nucleus,pharyngeal arch system,normal,https://datasets.cellxgene.cziscience.com/bfa9ec37-f92b-4fd8-a5c1-6838268c22cc.h5ad,143885339,10.1038/s41467-026-70232-6,,0.0,False,0,0,0,0,0,0,False,False,False,False,True
c3bf8bcf-abb7-4d71-8491-bd4901b474cf,690fb28b-e364-4d3d-8934-bae50ae93857,Human Craniofacial Expression All Celltypes,Gene expression patterns of the developing human and mouse face at single cell resolution,95892,24,17,,,,0,10x multiome,nucleus,pharyngeal arch system,normal,https://datasets.cellxgene.cziscience.com/0ba987e4-3040-448d-a3db-49e0ea73c80b.h5ad,1292625086,10.1038/s41467-026-70232-6,,0.0,False,0,0,0,0,0,0,False,False,False,False,True
805832dc-92fc-4445-9016-067b1baa282d,690fb28b-e364-4d3d-8934-bae50ae93857,Human Craniofacial Expression Cranial Neural Crest,Gene expression patterns of the developing human and mouse face at single cell resolution,3294,24,3,,,,0,10x multiome,nucleus,cranial neural crest,normal,https://datasets.cellxgene.cziscience.com/e815de8f-359a-4b47-b29c-a05990b92f9b.h5ad,53688035,10.1038/s41467-026-70232-6,,0.0,False,0,0,0,0,0,0,False,False,False,False,True
92594117-6e7c-47bd-bd6b-65c52cea167b,ad10cef8-9c6c-488f-9b50-d252d49b6837,Context-aware single-cell multiomics approach identifies cell-type-specific lung cancer susceptibility genes.,Context-aware single-cell multiomics approach identifies cell-type specific lung cancer susceptibility genes,116778,16,22,31.0,72.0,41.0,13,10x multiome,nucleus,lung,normal,https://datasets.cellxgene.cziscience.com/a1e971da-5c35-46fd-acc3-b742735ec7d9.h5ad,1494890484,10.1038/s41467-024-52356-9,,0.0,False,0,0,0,0,0,0,False,True,False,False,True
edb69e37-d90e-4189-8e96-02f95881ead8,962df42d-9675-4d05-bc75-597ec7bf4afb,Normal & malignant cells from T-ALL patients in extension cohort.,A non-canonical lymphoblast in refractory childhood T-cell acute leukaemia,333487,37,13,,,,0,10x 5' v2,cell,blood; bone marrow; pleural fluid,T-cell childhood acute lymphocytic leukemia,https://datasets.cellxgene.cziscience.com/644d2ec8-d99c-4571-a94a-0f89cb33b251.h5ad,5560966560,10.1038/s41467-025-65049-8,,0.0,False,0,0,0,0,0,0,False,False,True,False,False
1c53ef1e-45c7-4498-be59-6797f3950875,962df42d-9675-4d05-bc75-597ec7bf4afb,Normal & malignant cells from T-ALL patients in original cohort.,A non-canonical lymphoblast in refractory childhood T-cell acute leukaemia,216507,21,16,,,,0,10x 5' v2,cell,bone marrow,T-cell childhood acute lymphocytic leukemia,https://datasets.cellxgene.cziscience.com/fed94c35-c0ff-425a-abc8-4ecc30cc445d.h5ad,3835759929,10.1038/s41467-025-65049-8,,0.0,False,0,0,0,0,0,0,False,False,True,False,False
1614cca1-2a40-48a6-a23c-c19f94b1d2c0,962df42d-9675-4d05-bc75-597ec7bf4afb,Malignant cells for T-ALL patient P058 from original cohort.,A non-canonical lymphoblast in refractory childhood T-cell acute leukaemia,10377,1,1,,,,0,10x 5' v2,cell,bone marrow,T-cell childhood acute lymphocytic leukemia,https://datasets.cellxgene.cziscience.com/24cb0f1e-628f-4a82-9024-1b0262828267.h5ad,233584719,10.1038/s41467-025-65049-8,,0.0,False,0,0,0,0,0,0,False,False,True,False,False
c8f188e9-f5f3-445c-9065-cccb09884d95,74e10dc4-cbb2-4605-a189-8a1cd8e44d8c,Liver Visium of Human H36,Spatial proteogenomics reveals distinct and evolutionarily conserved hepatic macrophage niches,4992,1,13,59.0,59.0,0.0,1,Visium Spatial Gene Expression V1,na,liver,normal,https://datasets.cellxgene.cziscience.com/9340b688-2e28-42ab-bcf6-0d574e04af94.h5ad,520148467,10.1016/j.cell.2021.12.018,liver,1.0,True,0,0,0,0,0,1,False,False,False,False,True
b34177ad-d7af-42ce-9c10-33cf238002cf,74e10dc4-cbb2-4605-a189-8a1cd8e44d8c,Liver Visium of Human H38,Spatial proteogenomics reveals distinct and evolutionarily conserved hepatic macrophage niches,4992,1,13,68.0,68.0,0.0,1,Visium Spatial Gene Expression V1,na,liver,normal,https://datasets.cellxgene.cziscience.com/8aa3f8d9-b5fb-4d69-823c-f8df73a08fc4.h5ad,422914270,10.1016/j.cell.2021.12.018,liver,1.0,True,0,0,0,0,0,1,False,False,False,False,True
a23220e5-484e-4f6c-8a81-ba1aac3d4577,74e10dc4-cbb2-4605-a189-8a1cd8e44d8c,Liver Visium of Human H35 (sample1),Spatial proteogenomics reveals distinct and evolutionarily conserved hepatic macrophage niches,4992,1,10,59.0,59.0,0.0,1,Visium Spatial Gene Expression V1,na,liver,normal,https://datasets.cellxgene.cziscience.com/392c10c6-166d-4e79-892b-c04016a94a7e.h5ad,444148909,10.1016/j.cell.2021.12.018,liver,1.0,True,0,0,0,0,0,1,False,False,False,False,True
a15f5757-9480-4721-9911-72c95e76ea0e,74e10dc4-cbb2-4605-a189-8a1cd8e44d8c,Liver Visium of Human H35 (sample2),Spatial proteogenomics reveals distinct and evolutionarily conserved hepatic macrophage niches,4992,1,5,59.0,59.0,0.0,1,Visium Spatial Gene Expression V1,na,liver,normal,https://datasets.cellxgene.cziscience.com/ba1dada0-f48d-4893-b9a9-ef0892a6a713.h5ad,358262238,10.1016/j.cell.2021.12.018,liver,1.0,True,0,0,0,0,0,1,False,False,False,False,True
80737241-54f7-45b9-b9ca-0ea55083fd67,74e10dc4-cbb2-4605-a189-8a1cd8e44d8c,Pooled human liver Visium data,Spatial proteogenomics reveals distinct and evolutionarily conserved hepatic macrophage niches,4333,4,17,58.0,68.0,10.0,3,Visium Spatial Gene Expression V1,na,liver,normal,https://datasets.cellxgene.cziscience.com/e84dbcac-5abd-4375-b591-4386b61483e5.h5ad,70917764,10.1016/j.cell.2021.12.018,liver,1.0,True,0,0,0,0,0,1,False,False,False,False,True
3d784d25-8ef7-4f21-b5e4-30f6c80d9902,74e10dc4-cbb2-4605-a189-8a1cd8e44d8c,Liver Visium of Human H37,Spatial proteogenomics reveals distinct and evolutionarily conserved hepatic macrophage niches,4992,1,11,58.0,58.0,0.0,1,Visium Spatial Gene Expression V1,na,liver,normal,https://datasets.cellxgene.cziscience.com/2e983acd-6deb-4221-afae-249a08b63dd3.h5ad,460633658,10.1016/j.cell.2021.12.018,liver,1.0,True,0,0,0,0,0,1,False,False,False,False,True
b58c19c6-bc2d-4461-b9bf-60fa2ac91479,131c68c1-c457-4e3b-88bc-92c4e43ed680,Fine needle aspirates of axillary lymph nodes before and after vaccination,Early lymph node T follicular helper cell signalling hub drives influenza vaccine response in an ancestrally diverse cohort,191266,13,27,19.0,50.0,31.0,12,10x 5' v2,cell,axillary lymph node,normal,https://datasets.cellxgene.cziscience.com/d89e5a47-adb7-454a-b654-c3eeabdc57c3.h5ad,2025837369,10.1016/j.ebiom.2025.106036,,0.0,False,0,0,0,0,0,0,False,False,False,False,True
82691839-6879-4810-90f3-67e953f328a3,172c8f6d-2afa-46ae-8c62-ced6b0827853,Aortic cell types of ascending aorta,Aortic Cellular Diversity and Quantitative Genome-Wide Association Study Trait Prioritization Through Single-Nuclear RNA Sequencing of the Aneurysmal Human Aorta,71689,13,11,40.0,71.0,31.0,10,10x 3' v3,nucleus,ascending aorta,aortic aneurysm; normal,https://datasets.cellxgene.cziscience.com/43a7e4b4-3d41-457c-b0f8-78fce2e59e0c.h5ad,627867396,10.1161/ATVBAHA.122.317953,,0.0,False,0,0,0,0,0,0,False,False,False,False,True
e2a00644-0a48-4815-ae87-d562045114f5,0986e4cd-7a58-405d-9b91-4b199bb4124e,Brain dataset,ALS motor cortex and spinal cord single-nucleus multiome dataset,75583,12,10,67.0,83.0,16.0,6,10x 3' v3; 10x multiome,nucleus,primary motor cortex,amyotrophic lateral sclerosis; normal,https://datasets.cellxgene.cziscience.com/a1ccad25-1438-41f6-a09e-d4960ca36b67.h5ad,1027207528,10.1093/brain/awaf426,,0.0,False,0,0,0,0,0,0,False,False,False,False,True
b57462e3-1df5-463a-a3fa-4d67b93ef087,0986e4cd-7a58-405d-9b91-4b199bb4124e,Spinal cord dataset,ALS motor cortex and spinal cord single-nucleus multiome dataset,62711,12,13,67.0,83.0,16.0,6,10x 3' v3; 10x multiome,nucleus,lumbar spinal cord,amyotrophic lateral sclerosis; normal,https://datasets.cellxgene.cziscience.com/72dab565-a96b-4b06-a1b7-3413efeff523.h5ad,839680333,10.1093/brain/awaf426,brain,1.0,True,0,1,0,0,0,0,False,False,False,False,True
91f31e05-56d8-46fc-b408-d90c9228a81b,9c9d04c4-8899-417f-bb6f-6107dcadf14f,Single-cell RNA-seq of the Adult Human Kidney (Version 2.0),Cellular and Spatial Drivers of Unresolved Injury and Functional Decline in the Human Kidney,348984,112,33,30.0,66.0,36.0,14,10x 3' v3,cell,kidney,acute kidney injury; chronic kidney disease; normal,https://datasets.cellxgene.cziscience.com/255ce81a-eb4e-48ff-9f18-e50455ccb24d.h5ad,4392345855,10.1101/2025.09.26.678707,kidney,1.0,True,0,0,0,0,1,0,False,False,False,False,True
7ff0197b-d175-49bf-b4fa-150fe0995d93,9c9d04c4-8899-417f-bb6f-6107dcadf14f,Single-nucleus RNA-seq of the Adult Human Kidney (Version 2.0),Cellular and Spatial Drivers of Unresolved Injury and Functional Decline in the Human Kidney,1388643,223,63,14.0,76.0,62.0,16,10x 3' v3; 10x multiome,nucleus,cortex of kidney; kidney; renal medulla; renal papilla,acute kidney injury; chronic kidney disease; normal,https://datasets.cellxgene.cziscience.com/06b8d9c2-0bde-48bd-88d9-730993fc95e2.h5ad,13818560828,10.1101/2025.09.26.678707,kidney,1.0,True,0,0,0,0,4,0,False,False,False,False,True
b796f27e-e191-4f2d-b40c-e6ac58163b4e,b1fd6a09-eb76-44ca-822d-68318548094c,adult human skin cells of health and psoriasis vulgaris,Adult human skin cells of health and psoriasis vulgaris,24126,6,21,23.0,60.0,37.0,5,10x 3' v3,cell,skin of body,normal; psoriasis,https://datasets.cellxgene.cziscience.com/75eae05f-4f07-4518-a434-ea0a0d7ac616.h5ad,174727403,10.1038/s41419-021-03724-6,,0.0,False,0,0,0,0,0,0,False,False,False,False,True
9bfecd44-e6b5-4072-9b64-cb7f0a117f88,7c7bd6c2-925b-4034-baab-620ef1b760e1,IBD and HC 10x Single-cell transcriptomics data,Human inflammatory bowel disease (IBD) and healthy control 10x Single-cell transcriptomics data,46700,18,5,21.0,68.0,47.0,16,10x 3' v2; 10x 3' v3,cell,mucosa of ascending colon; mucosa of descending colon; mucosa of rectum; mucosa of sigmoid colon; mucosa of transverse colon,Crohn disease; normal; ulcerative colitis,https://datasets.cellxgene.cziscience.com/5e75dd8f-5c5f-4056-ade2-117748429022.h5ad,183688176,10.1038/s41467-023-40156-6,,0.0,False,0,0,0,0,0,0,False,False,False,False,True
e3ed2ba4-edf5-40ac-8750-8a417ad1eefe,be679cb1-35f0-46c9-9a2d-30691862a54a,CRLM-NMP-ATLAS,Ex vivo modelling of human colorectal cancer liver metastasis by normothermic machine perfusion,75104,6,14,39.0,70.0,31.0,5,BD Rhapsody Whole Transcriptome Analysis,cell,liver,colorectal carcinoma || metastatic malignant neoplasm; normal,https://datasets.cellxgene.cziscience.com/a3bcb68b-a36d-460f-bdde-da4fc0771c8c.h5ad,615277702,10.1186/s12943-025-02430-7,liver,1.0,True,0,0,0,0,0,1,False,True,False,False,True
f3c49918-4707-4d92-bb6d-2b5b4eb9d1b4,22ccff12-9a18-4b01-ba10-302df57a01f8,AmyG region,Single-nucleus transcriptome analysis reveals cell-type-specific molecular signatures across reward circuitry in the human brain,15177,5,13,51.0,68.0,17.0,5,10x 3' v3,nucleus,amygdala,normal,https://datasets.cellxgene.cziscience.com/874e8a85-7fe2-487d-9fef-8fe7f0a17872.h5ad,138178869,10.1016/j.neuron.2021.09.001,brain,1.0,True,0,1,0,0,0,0,False,False,False,False,True
d7cff847-6403-44a6-ad8a-2f5a783639dd,22ccff12-9a18-4b01-ba10-302df57a01f8,NAC region,Single-nucleus transcriptome analysis reveals cell-type-specific molecular signatures across reward circuitry in the human brain,20571,8,11,40.0,68.0,28.0,8,10x 3' v3,nucleus,nucleus accumbens,normal,https://datasets.cellxgene.cziscience.com/cf5ef949-7bd3-42c8-b4c5-ee27b922faec.h5ad,241154911,10.1016/j.neuron.2021.09.001,,0.0,False,0,0,0,0,0,0,False,False,False,False,True
a24ce10f-5a87-4e1f-a34a-f4fe5fc84052,22ccff12-9a18-4b01-ba10-302df57a01f8,SACC region,Single-nucleus transcriptome analysis reveals cell-type-specific molecular signatures across reward circuitry in the human brain,15669,5,10,51.0,68.0,17.0,5,10x 3' v3,nucleus,anterior cingulate cortex,normal,https://datasets.cellxgene.cziscience.com/0c5b3ed2-8499-48ca-8d42-f349453cf365.h5ad,184027613,10.1016/j.neuron.2021.09.001,,0.0,False,0,0,0,0,0,0,False,False,False,False,True
95d3b0fb-b8a7-4bec-a2e8-cded3222ff07,22ccff12-9a18-4b01-ba10-302df57a01f8,HPC region,Single-nucleus transcriptome analysis reveals cell-type-specific molecular signatures across reward circuitry in the human brain,10268,3,10,40.0,54.0,14.0,3,10x 3' v3,nucleus,hippocampal formation,normal,https://datasets.cellxgene.cziscience.com/4cef15f2-65eb-4aca-9248-43402f57b2f7.h5ad,83239104,10.1016/j.neuron.2021.09.001,brain,1.0,True,0,1,0,0,0,0,False,False,False,False,True
07dd8c34-4625-480a-8ee4-273a06c3082b,22ccff12-9a18-4b01-ba10-302df57a01f8,DLPFC region,Single-nucleus transcriptome analysis reveals cell-type-specific molecular signatures across reward circuitry in the human brain,11202,3,10,51.0,61.0,10.0,3,10x 3' v3,nucleus,dorsolateral prefrontal cortex,normal,https://datasets.cellxgene.cziscience.com/c7306030-4251-4912-a53f-f343f1695e9c.h5ad,115108304,10.1016/j.neuron.2021.09.001,brain,1.0,True,0,1,0,0,0,0,False,False,False,False,True
3a702020-cf66-4ef5-9d11-4a5e835b7efb,ce781ec4-393a-4902-94a0-5a1ca0b600ca,The regulatory landscapes of the human ovarian aging(snRNA-seq),Single-nuclei multi-omics profiling of human ovary reveals coordinated aging signature and pinpoints causal variants underlying timing of natural menopause,42568,8,8,23.0,54.0,31.0,8,10x 3' v3,nucleus,ovary,normal,https://datasets.cellxgene.cziscience.com/e9e271ae-3414-4481-8b92-0ffe5e28594e.h5ad,347816395,10.1101/2022.05.18.492547,,0.0,False,0,0,0,0,0,0,False,False,False,False,True
ef7bb7f0-234d-459f-b613-b37cc7a4c70f,f11cb29c-b546-4738-9bd8-66ea621a7bd5,Extended - Mesenchymal (adult/pediatric),Single-cell integration reveals metaplasia in inflammatory gut diseases,77050,184,9,2.0,87.0,85.0,59,10x 3' v1; 10x 3' v2; 10x 3' v3; 10x 5' transcription profiling; 10x 5' v1; 10x 5' v2,cell,ascending colon; body of stomach; buccal mucosa; caecum; colon; colonic epithelium; colonic mucosa; descending colon; duodenum; epithelium of esophagus; epithelium of rectum; epithelium of stomach; esophagus; gingiva; ileal epithelium; ileum; ileum lamina propria; jejunum; labial gland; mesenteric l,Crohn disease; colorectal cancer; gastric cancer; inflammatory bowel disease; normal; ulcerative colitis,https://datasets.cellxgene.cziscience.com/e43f0ac0-a426-4471-8c4f-a9f99d612357.h5ad,616340547,10.1038/s41586-024-07571-1,,0.0,False,0,0,0,0,0,0,False,False,False,False,True
e6aaf5a4-16e9-4ea6-9733-4eafd4e473d3,f11cb29c-b546-4738-9bd8-66ea621a7bd5,Extended - All genes,Single-cell integration reveals metaplasia in inflammatory gut diseases,1358573,233,92,0.1666666666666666,87.0,86.83333333333333,62,10x 3' v1; 10x 3' v2; 10x 3' v3; 10x 5' transcription profiling; 10x 5' v1; 10x 5' v2,cell,ascending colon; body of stomach; buccal mucosa; caecum; colon; colonic epithelium; colonic mucosa; descending colon; duodenal epithelium; duodenum; epithelium of esophagus; epithelium of rectum; epithelium of small intestine; epithelium of stomach; esophagus; gingiva; ileal epithelium; ileum; ileum,Crohn disease; colorectal cancer; gastric cancer; inflammatory bowel disease; normal; ulcerative colitis,https://datasets.cellxgene.cziscience.com/8b6c3914-0505-40a5-a241-a9390759f7ac.h5ad,10747313948,10.1038/s41586-024-07571-1,,0.0,False,0,0,0,0,0,0,False,False,False,False,True
dc6b1e06-3880-43f6-8de8-ef9cb5e7ef5e,f11cb29c-b546-4738-9bd8-66ea621a7bd5,Extended - T and NK cells,Single-cell integration reveals metaplasia in inflammatory gut diseases,262642,227,14,0.1666666666666666,87.0,86.83333333333333,62,10x 3' v1; 10x 3' v2; 10x 3' v3; 10x 5' transcription profiling; 10x 5' v1; 10x 5' v2,cell,ascending colon; body of stomach; buccal mucosa; caecum; colon; colonic epithelium; colonic mucosa; descending colon; duodenal epithelium; duodenum; epithelium of esophagus; epithelium of rectum; epithelium of small intestine; epithelium of stomach; esophagus; gingiva; ileal epithelium; ileum; ileum,Crohn disease; colorectal cancer; gastric cancer; inflammatory bowel disease; normal; ulcerative colitis,https://datasets.cellxgene.cziscience.com/a7d8cf9b-2825-42ea-99f3-e96c9aee23c7.h5ad,1471467552,10.1038/s41586-024-07571-1,,0.0,False,0,0,0,0,0,0,False,False,False,False,True
d661aeb3-5bf7-497d-832f-2399a1ef9b63,f11cb29c-b546-4738-9bd8-66ea621a7bd5,Healthy - Small Intestine (first trimester),Single-cell integration reveals metaplasia in inflammatory gut diseases,29498,16,7,,,,0,10x 3' v2; 10x 3' v3; 10x 5' v2,cell,duodenum; ileum; jejunum; small intestine,normal,https://datasets.cellxgene.cziscience.com/674a4e43-a99a-4a76-8f23-a63e3e85933a.h5ad,535411284,10.1038/s41586-024-07571-1,,0.0,False,0,0,0,0,0,0,False,False,False,False,True
cbd3d76b-eec6-42e5-a8fb-71dc825e2a74,f11cb29c-b546-4738-9bd8-66ea621a7bd5,Healthy - Mesenchymal (second trimester),Single-cell integration reveals metaplasia in inflammatory gut diseases,94952,19,12,0.1666666666666666,0.1666666666666666,0.0,1,10x 3' v2; 10x 5' v2,cell,body of stomach; colon; duodenum; esophagus; ileum; intestine; mesenteric lymph node; pyloric antrum; small intestine,normal,https://datasets.cellxgene.cziscience.com/67944c37-1336-4c32-bb72-34d2c692f706.h5ad,777913169,10.1038/s41586-024-07571-1,,0.0,False,0,0,0,0,0,0,False,False,False,False,True
bb0818d3-474e-44f4-a82a-169f3c62c94c,f11cb29c-b546-4738-9bd8-66ea621a7bd5,Healthy reference,Single-cell integration reveals metaplasia in inflammatory gut diseases,1077238,185,92,0.1666666666666666,87.0,86.83333333333333,56,10x 3' v1; 10x 3' v2; 10x 3' v3; 10x 5' transcription profiling; 10x 5' v1; 10x 5' v2,cell,ascending colon; body of stomach; buccal mucosa; caecum; colon; colonic epithelium; colonic mucosa; descending colon; duodenal epithelium; duodenum; epithelium of esophagus; epithelium of rectum; epithelium of small intestine; epithelium of stomach; esophagus; gingiva; ileal epithelium; ileum; ileum,normal,https://datasets.cellxgene.cziscience.com/b801706d-6345-4af2-b3fe-8e30e0e6150b.h5ad,9399907175,10.1038/s41586-024-07571-1,,0.0,False,0,0,0,0,0,0,False,False,False,False,True
9c235282-2b6f-4f74-8f16-7d3ac1b51371,f11cb29c-b546-4738-9bd8-66ea621a7bd5,Extended - Myeloid cells,Single-cell integration reveals metaplasia in inflammatory gut diseases,50570,223,12,0.1666666666666666,87.0,86.83333333333333,62,10x 3' v1; 10x 3' v2; 10x 3' v3; 10x 5' transcription profiling; 10x 5' v1; 10x 5' v2,cell,ascending colon; body of stomach; buccal mucosa; caecum; colon; colonic epithelium; colonic mucosa; descending colon; duodenal epithelium; duodenum; epithelium of esophagus; epithelium of rectum; epithelium of small intestine; epithelium of stomach; esophagus; gingiva; ileal epithelium; ileum; ileum,Crohn disease; colorectal cancer; gastric cancer; inflammatory bowel disease; normal; ulcerative colitis,https://datasets.cellxgene.cziscience.com/21862555-9e6e-41fb-8ff7-63f4acb042ba.h5ad,375940652,10.1038/s41586-024-07571-1,,0.0,False,0,0,0,0,0,0,False,False,True,False,True
91cc8f50-9c9e-4d9b-84fe-fcd59f852bba,f11cb29c-b546-4738-9bd8-66ea621a7bd5,Healthy - Mesenchymal (first trimester),Single-cell integration reveals metaplasia in inflammatory gut diseases,117094,16,8,,,,0,10x 3' v2; 10x 3' v3; 10x 5' v2,cell,colon; duodenum; ileum; jejunum; small intestine; stomach,normal,https://datasets.cellxgene.cziscience.com/bdb178c6-ebc4-40b4-8c50-ebefc3964b80.h5ad,1250486011,10.1038/s41586-024-07571-1,,0.0,False,0,0,0,0,0,0,False,False,False,False,True
8b47073c-8a20-4a37-b234-e1889b43991b,f11cb29c-b546-4738-9bd8-66ea621a7bd5,Healthy - Salivary gland,Single-cell integration reveals metaplasia in inflammatory gut diseases,8263,5,7,24.0,68.0,44.0,5,10x 3' v3,cell,labial gland; parotid gland,normal,https://datasets.cellxgene.cziscience.com/dd40af13-6788-4da9-b04b-60728076c20f.h5ad,101125299,10.1038/s41586-024-07571-1,,0.0,False,0,0,0,0,0,0,False,False,False,False,True
7be23e52-e357-45d6-861f-31166913104e,f11cb29c-b546-4738-9bd8-66ea621a7bd5,Extended - Neural cells,Single-cell integration reveals metaplasia in inflammatory gut diseases,23904,101,7,0.1666666666666666,86.0,85.83333333333333,39,10x 3' v1; 10x 3' v2; 10x 3' v3; 10x 5' transcription profiling; 10x 5' v2,cell,ascending colon; body of stomach; buccal mucosa; caecum; colon; colonic mucosa; descending colon; duodenum; esophagus; gingiva; ileum; intestine; jejunum; labial gland; mesenteric lymph node; periodontium; pyloric antrum; pylorus; rectosigmoid junction; rectum; sigmoid colon; small intestine; stomac,Crohn disease; colorectal cancer; gastric cancer; normal; ulcerative colitis,https://datasets.cellxgene.cziscience.com/02f1646e-52ca-4b4a-aec2-f4469f216cea.h5ad,256873319,10.1038/s41586-024-07571-1,,0.0,False,0,0,0,0,0,0,False,False,False,False,True
763d1d88-b38d-4ab0-b00f-72df816b4b08,f11cb29c-b546-4738-9bd8-66ea621a7bd5,Extended - Large Intestine (adult/pediatric),Single-cell integration reveals metaplasia in inflammatory gut diseases,96675,61,9,2.0,86.0,84.0,23,10x 3' v2; 10x 3' v3; 10x 5' transcription profiling; 10x 5' v1; 10x 5' v2,cell,ascending colon; caecum; colon; colonic epithelium; colonic mucosa; descending colon; epithelium of rectum; lamina propria of mucosa of colon; rectosigmoid junction; rectum; sigmoid colon; transverse colon; vermiform appendix,colorectal cancer; inflammatory bowel disease; normal; ulcerative colitis,https://datasets.cellxgene.cziscience.com/681f6f1b-f9b6-4d1d-8588-97fedad51f7a.h5ad,861209355,10.1038/s41586-024-07571-1,,0.0,False,0,0,0,0,0,0,False,False,False,False,True
6f30673d-0464-4d3c-9568-96a266a9b6f6,f11cb29c-b546-4738-9bd8-66ea621a7bd5,Healthy - Small Intestine (second trimester),Single-cell integration reveals metaplasia in inflammatory gut diseases,23362,17,12,0.1666666666666666,0.1666666666666666,0.0,1,10x 3' v2; 10x 5' v2,cell,duodenum; ileum; intestine; small intestine,normal,https://datasets.cellxgene.cziscience.com/e23ce9e7-4dfc-4541-9f22-5abcc0565078.h5ad,327606826,10.1038/s41586-024-07571-1,,0.0,False,0,0,0,0,0,0,False,False,False,False,True
6d50d513-c158-4b0f-b1df-b54c8572163b,f11cb29c-b546-4738-9bd8-66ea621a7bd5,Extended - Small intestine (adult/pediatric),Single-cell integration reveals metaplasia in inflammatory gut diseases,72356,49,12,4.0,87.0,83.0,15,10x 3' v1; 10x 3' v2; 10x 5' transcription profiling; 10x 5' v1; 10x 5' v2,cell,duodenal epithelium; duodenum; epithelium of small intestine; ileal epithelium; ileum; ileum lamina propria; jejunum; lamina propria of small intestine; mesenteric lymph node; small intestine,Crohn disease; normal,https://datasets.cellxgene.cziscience.com/d6ec8574-622e-4bbd-b630-ea81ee7570e3.h5ad,573254196,10.1038/s41586-024-07571-1,,0.0,False,0,0,0,0,0,0,False,False,False,False,True
5ea56ccf-4662-4303-9d49-abc69b1c435a,f11cb29c-b546-4738-9bd8-66ea621a7bd5,Healthy - Large Intestine (first trimester),Single-cell integration reveals metaplasia in inflammatory gut diseases,4419,11,3,,,,0,10x 3' v2; 10x 5' v2,cell,colon,normal,https://datasets.cellxgene.cziscience.com/5e787e2e-76c9-4571-8815-578dc4e14e22.h5ad,96207903,10.1038/s41586-024-07571-1,,0.0,False,0,0,0,0,0,0,False,False,False,False,True
5525b4bd-e4e1-49d2-8734-0e7e14c5515f,f11cb29c-b546-4738-9bd8-66ea621a7bd5,Healthy - Large Intestine (second trimester),Single-cell integration reveals metaplasia in inflammatory gut diseases,4475,7,7,,,,0,10x 3' v2; 10x 5' v2,cell,colon,normal,https://datasets.cellxgene.cziscience.com/5e79771d-9cc4-42b9-8ddd-88dfad392021.h5ad,89499580,10.1038/s41586-024-07571-1,,0.0,False,0,0,0,0,0,0,False,False,False,False,True
40a0ade8-6067-4e22-9224-4d3c5e9bfc0d,f11cb29c-b546-4738-9bd8-66ea621a7bd5,Extended - Myeloid_with_neutrophils,Single-cell integration reveals metaplasia in inflammatory gut diseases,52404,223,15,0.1666666666666666,87.0,86.83333333333333,62,10x 3' v1; 10x 3' v2; 10x 3' v3; 10x 5' transcription profiling; 10x 5' v1; 10x 5' v2,cell,ascending colon; body of stomach; buccal mucosa; caecum; colon; colonic epithelium; colonic mucosa; descending colon; duodenal epithelium; duodenum; epithelium of esophagus; epithelium of rectum; epithelium of small intestine; epithelium of stomach; esophagus; gingiva; ileal epithelium; ileum; ileum,Crohn disease; colorectal cancer; gastric cancer; inflammatory bowel disease; normal; ulcerative colitis,https://datasets.cellxgene.cziscience.com/48ecc234-7073-4de9-8be6-1c2f08d4c146.h5ad,373174144,10.1038/s41586-024-07571-1,,0.0,False,0,0,0,0,0,0,False,False,True,False,True
2d9f953c-940f-43d4-b9cc-7ea371cefb4c,f11cb29c-b546-4738-9bd8-66ea621a7bd5,Healthy - Oral mucosa,Single-cell integration reveals metaplasia in inflammatory gut diseases,4494,25,4,21.0,61.0,40.0,14,10x 3' v2; 10x 3' v3,cell,buccal mucosa; gingiva; periodontium,normal,https://datasets.cellxgene.cziscience.com/21746196-77d9-4b10-84d3-f1bbf126626b.h5ad,68531087,10.1038/s41586-024-07571-1,,0.0,False,0,0,0,0,0,0,False,False,False,False,True
278eac3f-a5a4-4d0a-9d83-0ca7efc67e16,f11cb29c-b546-4738-9bd8-66ea621a7bd5,Extended - Endothelial cells,Single-cell integration reveals metaplasia in inflammatory gut diseases,60411,195,5,0.1666666666666666,87.0,86.83333333333333,56,10x 3' v1; 10x 3' v2; 10x 3' v3; 10x 5' transcription profiling; 10x 5' v1; 10x 5' v2,cell,ascending colon; body of stomach; buccal mucosa; caecum; colon; colonic epithelium; colonic mucosa; descending colon; duodenum; epithelium of esophagus; esophagus; gingiva; ileal epithelium; ileum; ileum lamina propria; intestine; jejunum; labial gland; mesenteric lymph node; parotid gland; periodon,Crohn disease; colorectal cancer; gastric cancer; inflammatory bowel disease; normal; ulcerative colitis,https://datasets.cellxgene.cziscience.com/01db6084-3cff-4537-b52f-139dc9df50a5.h5ad,561859722,10.1038/s41586-024-07571-1,,0.0,False,0,0,0,0,0,0,False,False,True,False,True
27159c75-90c9-4c5d-a4d7-b61fc296dff6,f11cb29c-b546-4738-9bd8-66ea621a7bd5,Healthy - Oesophagus,Single-cell integration reveals metaplasia in inflammatory gut diseases,107495,9,5,31.0,31.0,0.0,1,10x 3' v2; 10x 5' transcription profiling,cell,epithelium of esophagus; esophagus,normal,https://datasets.cellxgene.cziscience.com/20679ab1-5634-472b-9da7-6d78941387c8.h5ad,1189972311,10.1038/s41586-024-07571-1,,0.0,False,0,0,0,0,0,0,False,False,False,False,True
1d54fb17-90d5-47ca-ad8d-22ab63cb5c1f,f11cb29c-b546-4738-9bd8-66ea621a7bd5,Extended - B and B plasma cells,Single-cell integration reveals metaplasia in inflammatory gut diseases,250094,207,9,0.1666666666666666,86.0,85.83333333333333,60,10x 3' v1; 10x 3' v2; 10x 3' v3; 10x 5' transcription profiling; 10x 5' v1; 10x 5' v2,cell,ascending colon; body of stomach; buccal mucosa; caecum; colon; colonic epithelium; colonic mucosa; descending colon; duodenal epithelium; duodenum; epithelium of esophagus; epithelium of rectum; epithelium of small intestine; epithelium of stomach; esophagus; gingiva; ileal epithelium; ileum; ileum,Crohn disease; colorectal cancer; gastric cancer; inflammatory bowel disease; normal; ulcerative colitis,https://datasets.cellxgene.cziscience.com/667d05a8-e1f3-412c-820d-d39592e0cd55.h5ad,1377870638,10.1038/s41586-024-07571-1,,0.0,False,0,0,0,0,0,0,False,False,False,False,True
19053a82-9c89-4fb8-bd19-d7b1800b0b7b,f11cb29c-b546-4738-9bd8-66ea621a7bd5,Extended+ - 18485 genes,Single-cell integration reveals metaplasia in inflammatory gut diseases,1596200,308,92,0.1666666666666666,87.0,86.83333333333333,66,10x 3' v1; 10x 3' v2; 10x 3' v3; 10x 5' transcription profiling; 10x 5' v1; 10x 5' v2,cell,ascending colon; body of stomach; buccal mucosa; caecum; caecum epithelium; cecum mucosa; colon; colonic epithelium; colonic mucosa; descending colon; duodenal epithelium; duodenum; epithelium of esophagus; epithelium of rectum; epithelium of small intestine; epithelium of stomach; esophagus; gingiv,Crohn disease; celiac disease; colorectal cancer; gastric cancer; inflammatory bowel disease; normal; ulcerative colitis,https://datasets.cellxgene.cziscience.com/757945c8-a916-431d-aceb-1afbc80a7c55.h5ad,11576820874,10.1038/s41586-024-07571-1,,0.0,False,0,0,0,0,0,0,False,False,False,False,True
0d3807bf-97f0-4ec5-9611-15ada507f0df,f11cb29c-b546-4738-9bd8-66ea621a7bd5,Extended - Stomach,Single-cell integration reveals metaplasia in inflammatory gut diseases,70090,62,13,31.0,80.0,49.0,26,10x 3' v2; 10x 5' transcription profiling; 10x 5' v2,cell,body of stomach; pyloric antrum; pylorus; stomach,gastric cancer; normal,https://datasets.cellxgene.cziscience.com/c10345ad-7e42-4a1b-ae78-d4d1547b8d06.h5ad,517898741,10.1038/s41586-024-07571-1,,0.0,False,0,0,0,0,0,0,False,False,False,False,True
07574da2-6bd3-4708-a04d-27d95c009f4e,f11cb29c-b546-4738-9bd8-66ea621a7bd5,Extended - Small intestine (adult/pediatric)- 18485genes,Single-cell integration reveals metaplasia in inflammatory gut diseases,221900,99,12,4.0,87.0,83.0,23,10x 3' v1; 10x 3' v2; 10x 3' v3; 10x 5' transcription profiling; 10x 5' v1; 10x 5' v2,cell,duodenal epithelium; duodenum; epithelium of small intestine; ileal epithelium; ileum; ileum lamina propria; jejunum; lamina propria of small intestine; mesenteric lymph node; small intestine,Crohn disease; celiac disease; normal,https://datasets.cellxgene.cziscience.com/4f59842b-967c-4106-bbd0-aae9cb2ead5e.h5ad,1377515722,10.1038/s41586-024-07571-1,,0.0,False,0,0,0,0,0,0,False,False,False,False,True
ed78c6b7-cb40-4ebc-b55f-40bc99ba1b5d,77f9d7e9-5675-49c3-abed-ce02f39eef1b,Human Immune Health Atlas B and Plasma cells,Human Immune Health Atlas,160632,108,5,11.0,65.0,54.0,25,10x 3' v3,cell,blood,cytomegalovirus infection; normal,https://datasets.cellxgene.cziscience.com/b6986a7f-981e-4e04-93ed-57f444749b8b.h5ad,1199390735,10.1038/s41586-025-09686-5,,0.0,False,0,0,0,0,0,0,False,False,False,False,True
e522d2cd-7927-4e59-a4ed-064009569279,77f9d7e9-5675-49c3-abed-ce02f39eef1b,Human Immune Health Atlas,Human Immune Health Atlas,1821725,108,38,11.0,65.0,54.0,25,10x 3' v3,cell,blood,cytomegalovirus infection; normal,https://datasets.cellxgene.cziscience.com/c1ce03ce-4b71-4b8d-b695-c3cec99cdfc2.h5ad,11527725872,10.1038/s41586-025-09686-5,,0.0,False,0,0,0,0,0,0,False,False,False,False,True
e12eb8a9-5e8b-4b59-90c8-77d29a811c00,77f9d7e9-5675-49c3-abed-ce02f39eef1b,Human Immune Health Atlas CD4 T cells,Human Immune Health Atlas,743615,108,10,11.0,65.0,54.0,25,10x 3' v3,cell,blood,cytomegalovirus infection; normal,https://datasets.cellxgene.cziscience.com/21242fc7-faf3-41a9-a7d0-b3689b381cf0.h5ad,5627202419,10.1038/s41586-025-09686-5,,0.0,False,0,0,0,0,0,0,False,False,True,False,True
dade16db-a38b-41f5-95c8-7ec0238d17fc,77f9d7e9-5675-49c3-abed-ce02f39eef1b,Human Immune Health Atlas DCs,Human Immune Health Atlas,23287,108,4,11.0,65.0,54.0,25,10x 3' v3,cell,blood,cytomegalovirus infection; normal,https://datasets.cellxgene.cziscience.com/4f925e42-3e42-4e2d-8394-4e88bf9a0ff2.h5ad,347259294,10.1038/s41586-025-09686-5,,0.0,False,0,0,0,0,0,0,False,False,False,False,True
b90d4a42-714c-4590-b548-6e75e6c081e8,77f9d7e9-5675-49c3-abed-ce02f39eef1b,Human Immune Health Atlas CD8 T cells,Human Immune Health Atlas,406730,108,7,11.0,65.0,54.0,25,10x 3' v3,cell,blood,cytomegalovirus infection; normal,https://datasets.cellxgene.cziscience.com/3f63935d-f0e3-40c1-bd0a-dc51a18ded91.h5ad,3141679623,10.1038/s41586-025-09686-5,,0.0,False,0,0,0,0,0,0,False,False,True,False,True
81ffdcd6-3f04-40bc-8bb0-9748f4ffe576,77f9d7e9-5675-49c3-abed-ce02f39eef1b,Human Immune Health Atlas Other cells,Human Immune Health Atlas,10937,108,5,11.0,65.0,54.0,25,10x 3' v3,cell,blood,cytomegalovirus infection; normal,https://datasets.cellxgene.cziscience.com/70dd5115-cec8-49ad-a2fb-f985067b193f.h5ad,59053452,10.1038/s41586-025-09686-5,,0.0,False,0,0,0,0,0,0,False,False,False,False,True
514329cb-2f22-4e7b-b789-75ea1a1e0067,77f9d7e9-5675-49c3-abed-ce02f39eef1b,Human Immune Health Atlas NK cells and ILCs,Human Immune Health Atlas,148605,108,4,11.0,65.0,54.0,25,10x 3' v3,cell,blood,cytomegalovirus infection; normal,https://datasets.cellxgene.cziscience.com/6e3efab0-6f7d-4c2e-be29-3690ad9bf762.h5ad,1195917456,10.1038/s41586-025-09686-5,,0.0,False,0,0,0,0,0,0,False,False,False,False,True
24905cd6-203f-4a02-ae7b-cfb4464b2000,77f9d7e9-5675-49c3-abed-ce02f39eef1b,Human Immune Health Atlas Monocytes,Human Immune Health Atlas,327919,108,3,11.0,65.0,54.0,25,10x 3' v3,cell,blood,cytomegalovirus infection; normal,https://datasets.cellxgene.cziscience.com/61da72ba-9073-417c-af14-612d9faef6d0.h5ad,3611822236,10.1038/s41586-025-09686-5,,0.0,False,0,0,0,0,0,0,False,False,False,False,True
aa32098f-f7b0-43f2-a00a-601d190aae94,e9360edf-b0b7-4e01-bce8-e596814f13e7,"Sound Life Older Adult Females, CMV-positive",Multi-omic profiling reveals age-related immune dynamics in healthy adults,2596111,17,38,55.0,65.0,10.0,11,10x 3' v3,cell,blood,cytomegalovirus infection,https://datasets.cellxgene.cziscience.com/1a8cdcae-a010-4f81-97a4-4136f77c1a93.h5ad,10221595407,10.1038/s41586-025-09686-5,,0.0,False,0,0,0,0,0,0,False,False,False,False,False
5fde5c9c-5b1e-4df5-982a-3f8e7635161f,e9360edf-b0b7-4e01-bce8-e596814f13e7,"Sound Life Young Adult Males, CMV-positive",Multi-omic profiling reveals age-related immune dynamics in healthy adults,1206761,9,38,26.0,37.0,11.0,12,10x 3' v3,cell,blood,cytomegalovirus infection,https://datasets.cellxgene.cziscience.com/0c007e96-c225-41de-93c7-60bedef739ca.h5ad,4943161824,10.1038/s41586-025-09686-5,,0.0,False,0,0,0,0,0,0,False,False,False,False,False
47e00f43-6176-44a5-b4d1-f88a1920fcab,e9360edf-b0b7-4e01-bce8-e596814f13e7,"Sound Life Older Adult Males, CMV-negative",Multi-omic profiling reveals age-related immune dynamics in healthy adults,1750565,12,38,55.0,67.0,12.0,12,10x 3' v3,cell,blood,normal,https://datasets.cellxgene.cziscience.com/8dfa086b-408f-48ce-9ea8-3e9cd636afbf.h5ad,7123228399,10.1038/s41586-025-09686-5,,0.0,False,0,0,0,0,0,0,False,False,False,False,True
46104f0b-9af5-466a-ae0f-56b8dc1969a2,e9360edf-b0b7-4e01-bce8-e596814f13e7,"Sound Life Young Adult Females, CMV-negative",Multi-omic profiling reveals age-related immune dynamics in healthy adults,2616824,18,38,25.0,36.0,11.0,12,10x 3' v3,cell,blood,normal,https://datasets.cellxgene.cziscience.com/dcce49e2-34bb-4615-8476-60c74a26330d.h5ad,10299224823,10.1038/s41586-025-09686-5,,0.0,False,0,0,0,0,0,0,False,False,False,False,True
420d0f5d-b7ba-4b1e-88d0-44e9f733febd,e9360edf-b0b7-4e01-bce8-e596814f13e7,"Sound Life Young Adult Males, CMV-negative",Multi-omic profiling reveals age-related immune dynamics in healthy adults,1712244,12,38,28.0,37.0,9.0,10,10x 3' v3,cell,blood,normal,https://datasets.cellxgene.cziscience.com/25502281-532a-4a75-8188-d91d731659f2.h5ad,6979476924,10.1038/s41586-025-09686-5,,0.0,False,0,0,0,0,0,0,False,False,False,False,True
3cb646ab-d411-4e5b-89eb-082a786c953b,e9360edf-b0b7-4e01-bce8-e596814f13e7,"Sound Life Older Adult Females, CMV-negative",Multi-omic profiling reveals age-related immune dynamics in healthy adults,1350748,10,38,55.0,65.0,10.0,11,10x 3' v3,cell,blood,normal,https://datasets.cellxgene.cziscience.com/f2b17940-46a7-4313-98d8-db8df78895bd.h5ad,5279802040,10.1038/s41586-025-09686-5,,0.0,False,0,0,0,0,0,0,False,False,False,False,True
0c0c49a2-b96b-432f-98a4-1decf9929149,e9360edf-b0b7-4e01-bce8-e596814f13e7,"Sound Life Older Adult Males, CMV-positive",Multi-omic profiling reveals age-related immune dynamics in healthy adults,1322061,8,38,55.0,66.0,11.0,9,10x 3' v3,cell,blood,cytomegalovirus infection,https://datasets.cellxgene.cziscience.com/ef06a7c5-3e90-4c2a-80b3-b6d28287d11b.h5ad,5268424572,10.1038/s41586-025-09686-5,,0.0,False,0,0,0,0,0,0,False,False,False,False,False
0a8e3443-c3e2-4918-84db-0495657d9175,e9360edf-b0b7-4e01-bce8-e596814f13e7,"Sound Life Young Adult Females, CMV-positive",Multi-omic profiling reveals age-related immune dynamics in healthy adults,1234234,10,38,26.0,37.0,11.0,10,10x 3' v3,cell,blood,cytomegalovirus infection,https://datasets.cellxgene.cziscience.com/4015a993-cac9-4732-94ff-74c48b37dc29.h5ad,4916788963,10.1038/s41586-025-09686-5,,0.0,False,0,0,0,0,0,0,False,False,False,False,False
9f1a899f-05a0-44c5-8aa9-39df61ae4324,7855daa4-3f34-4aae-b65a-87720c02e7cd,Transcriptome of human posterior ocular segment,Transcriptomic Analysis of the Ocular Posterior Segment Completes a Cell Atlas of the Human Eye,139978,19,16,30.0,77.0,47.0,13,10x 3' v3,nucleus,cranial nerve II; macula lutea; optic disc; peripheral region of retina; pigmented layer of retina; sclera,normal,https://datasets.cellxgene.cziscience.com/bcd39ae8-da6a-4c50-8764-057d54b3bc9c.h5ad,1660638605,10.1073/pnas.2306153120,retina,0.5,True,3,0,0,0,0,0,False,False,False,False,True
e404d417-56e4-40a5-b3c6-69e9f92d8cbd,4c6eaf5c-6d57-4c76-b1e9-60df8c655f1e,snRNA-seq of human retina - retinal ganglion cell subset - excluding midget cells,Single cell atlas of the human retina,20587,55,3,21.0,90.0,69.0,32,10x 3' v3,nucleus,fovea centralis; macula lutea; macula lutea proper; peripheral region of retina,normal,https://datasets.cellxgene.cziscience.com/6b6c4c49-8c20-48ca-a4af-e3d6ea6279d4.h5ad,482211227,10.1038/s41588-025-02454-1,retina,1.0,True,4,0,0,0,0,0,False,False,True,False,True
ef0d813e-b9b4-4d30-8e54-b3939942c447,1cbfb478-2c7f-4d15-b522-9f74e9fe52a8,progressive_plasticity_during_crc_metastasis_kg183_tumor,Progressive plasticity during colorectal cancer metastasis,1203,1,1,55.0,55.0,0.0,1,10x 3' v3,cell,liver; sigmoid colon,colorectal cancer,https://datasets.cellxgene.cziscience.com/9498d1c6-ab77-4f8b-9a97-bbe83a736cdf.h5ad,27750489,10.1038/s41586-024-08560-0,liver,0.5,True,0,0,0,0,0,1,False,True,False,False,False
829a3cd1-a466-49f1-b2e9-d3f6b7f392e2,1cbfb478-2c7f-4d15-b522-9f74e9fe52a8,progressive_plasticity_during_crc_metastasis_epithelial,Progressive plasticity during colorectal cancer metastasis,47107,29,9,35.0,78.0,43.0,23,10x 3' v3,cell,caecum; chest wall; descending colon; hepatic flexure of colon; liver; lung; peritoneum; rectum; sigmoid colon; transverse colon,colorectal cancer; normal,https://datasets.cellxgene.cziscience.com/81bd8922-b69a-45ea-9b2a-032c480c0e37.h5ad,749863732,10.1038/s41586-024-08560-0,liver,0.2,True,0,0,0,0,0,2,False,True,False,False,True
743473de-0563-4809-b69c-872c8d0685e6,1cbfb478-2c7f-4d15-b522-9f74e9fe52a8,progressive_plasticity_during_crc_metastasis_kg182_tumor,Progressive plasticity during colorectal cancer metastasis,935,1,1,44.0,44.0,0.0,1,10x 3' v3,cell,chest wall; liver; rectum,colorectal cancer,https://datasets.cellxgene.cziscience.com/c2f66179-d3d0-4760-95d5-047f0c2dfe7a.h5ad,21810049,10.1038/s41586-024-08560-0,liver,0.3333333333333333,True,0,0,0,0,0,1,False,True,False,False,False
5ee552f5-834c-4766-92c8-5a09dfd45767,1cbfb478-2c7f-4d15-b522-9f74e9fe52a8,progressive_plasticity_during_crc_metastasis_non-tumor_epithelial,Progressive plasticity during colorectal cancer metastasis,21026,27,9,35.0,78.0,43.0,22,10x 3' v3,cell,caecum; descending colon; hepatic flexure of colon; rectum; sigmoid colon; transverse colon,colorectal cancer; normal,https://datasets.cellxgene.cziscience.com/f20aae78-a32b-4914-8a98-7478c48324d3.h5ad,309674476,10.1038/s41586-024-08560-0,liver,0.16666666666666666,True,0,0,0,0,0,1,False,True,True,False,True
4b5afdf9-9299-4655-9218-c9f67b3776e7,1cbfb478-2c7f-4d15-b522-9f74e9fe52a8,progressive_plasticity_during_crc_metastasis_untreated_epithelial,Progressive plasticity during colorectal cancer metastasis,13843,9,9,37.0,74.0,37.0,9,10x 3' v3,cell,caecum; hepatic flexure of colon; liver; sigmoid colon,colorectal cancer; normal,https://datasets.cellxgene.cziscience.com/dbc8f31b-e54e-4519-a9e2-c6c17765914d.h5ad,223838474,10.1038/s41586-024-08560-0,liver,0.5,True,0,0,0,0,0,2,False,True,False,False,True
387acac5-48cd-4f25-880e-523114ccb006,1cbfb478-2c7f-4d15-b522-9f74e9fe52a8,progressive_plasticity_during_crc_metastasis_kg150_tumor,Progressive plasticity during colorectal cancer metastasis,2574,1,1,50.0,50.0,0.0,1,10x 3' v3,cell,liver; sigmoid colon,colorectal cancer,https://datasets.cellxgene.cziscience.com/dbd79659-9f19-4035-ad38-ec1e2eaf22e0.h5ad,62044419,10.1038/s41586-024-08560-0,liver,0.5,True,0,0,0,0,0,1,False,True,False,False,False
2e95d453-930b-4425-9475-ccaf8cf2ac40,1cbfb478-2c7f-4d15-b522-9f74e9fe52a8,progressive_plasticity_during_crc_metastasis_kg146_tumor,Progressive plasticity during colorectal cancer metastasis,3351,1,1,45.0,45.0,0.0,1,10x 3' v3,cell,liver; lung; rectum,colorectal cancer,https://datasets.cellxgene.cziscience.com/987f1e0d-c402-46b2-8344-d7880b523bda.h5ad,73504010,10.1038/s41586-024-08560-0,liver,0.3333333333333333,True,0,0,0,0,0,1,False,True,False,False,False
2554a654-237c-485e-b0d2-a58b46cf2d9a,1cbfb478-2c7f-4d15-b522-9f74e9fe52a8,progressive_plasticity_during_crc_metastasis_tumor,Progressive plasticity during colorectal cancer metastasis,26086,28,1,35.0,78.0,43.0,23,10x 3' v3,cell,caecum; chest wall; descending colon; hepatic flexure of colon; liver; lung; peritoneum; rectum; sigmoid colon; transverse colon,colorectal cancer,https://datasets.cellxgene.cziscience.com/0f353512-968e-4ffb-aab4-8162ac126e80.h5ad,447015428,10.1038/s41586-024-08560-0,liver,0.2,True,0,0,0,0,0,2,False,True,False,False,False
ed880090-465d-4477-9d98-70838ca288e3,9432ae97-4803-4b9f-8f64-2b41e42ad3cb,Epithelial Compartment,Human Breast Cancer Single Cell Atlas,242613,136,1,25.0,88.0,63.0,43,10x 3' v2; 10x 3' v3; 10x 5' transcription profiling; 10x 5' v1; 10x 5' v2,cell,breast,HER2 positive breast carcinoma; breast apocrine carcinoma; breast cancer; breast carcinoma; breast mucinous carcinoma; estrogen-receptor positive breast cancer; invasive ductal breast carcinoma; invas,https://datasets.cellxgene.cziscience.com/374cbbe1-0c91-4ca7-8730-ab7d273b960d.h5ad,2512506660,10.1093/nargab/lqaf217,,0.0,False,0,0,0,0,0,0,False,True,False,False,False
de5416ef-bbfa-41f3-99d4-01a3554173f5,9432ae97-4803-4b9f-8f64-2b41e42ad3cb,Global Atlas,Human Breast Cancer Single Cell Atlas,621200,138,29,25.0,88.0,63.0,43,10x 3' v2; 10x 3' v3; 10x 5' transcription profiling; 10x 5' v1; 10x 5' v2,cell,breast,HER2 positive breast carcinoma; breast apocrine carcinoma; breast cancer; breast carcinoma; breast mucinous carcinoma; estrogen-receptor positive breast cancer; invasive ductal breast carcinoma; invas,https://datasets.cellxgene.cziscience.com/0fbf6fa3-8463-46ab-bda8-9703848b58db.h5ad,5168188774,10.1093/nargab/lqaf217,,0.0,False,0,0,0,0,0,0,False,True,False,False,False
75011e96-ba37-4977-a539-fbf9f66a5e37,9432ae97-4803-4b9f-8f64-2b41e42ad3cb,Stromal Compartment,Human Breast Cancer Single Cell Atlas,104032,131,10,25.0,88.0,63.0,40,10x 3' v2; 10x 3' v3; 10x 5' transcription profiling; 10x 5' v1; 10x 5' v2,cell,breast,HER2 positive breast carcinoma; breast apocrine carcinoma; breast cancer; breast carcinoma; breast mucinous carcinoma; estrogen-receptor positive breast cancer; invasive ductal breast carcinoma; invas,https://datasets.cellxgene.cziscience.com/b5f2ee00-64c6-434c-8fee-3578fc9fea05.h5ad,986040674,10.1093/nargab/lqaf217,,0.0,False,0,0,0,0,0,0,False,True,False,False,False
5a9cfb44-494a-4540-8db8-7143b1bb5a6f,9432ae97-4803-4b9f-8f64-2b41e42ad3cb,Immune Compartment,Human Breast Cancer Single Cell Atlas,274555,138,18,25.0,88.0,63.0,43,10x 3' v2; 10x 3' v3; 10x 5' transcription profiling; 10x 5' v1; 10x 5' v2,cell,breast,HER2 positive breast carcinoma; breast apocrine carcinoma; breast cancer; breast carcinoma; breast mucinous carcinoma; estrogen-receptor positive breast cancer; invasive ductal breast carcinoma; invas,https://datasets.cellxgene.cziscience.com/904474b2-0029-4b3d-8cd5-1c8349e9462b.h5ad,1790125862,10.1093/nargab/lqaf217,,0.0,False,0,0,0,0,0,0,False,True,False,False,False
b347446f-2e38-4248-96fb-39acc50f2112,bdac7a53-fe34-4f04-8c46-f9bd5297c099,Single-cell atlas of 24 hormone therapy naive localised prostate cancers -- Epithelial subset,Profiling of epithelial functional states and fibroblast phenotypes in hormone therapy-naïve localised prostate cancer,20858,24,6,45.0,75.0,30.0,15,10x 3' v3,cell,prostate gland,prostatic acinar adenocarcinoma,https://datasets.cellxgene.cziscience.com/8d50e14d-4b9c-48fa-873a-a80f0bea9601.h5ad,286618482,10.1101/2024.10.23.619925,,0.0,False,0,0,0,0,0,0,False,True,True,False,False
9613ef7c-dec7-4d68-acbe-1ffa7f57fde5,bdac7a53-fe34-4f04-8c46-f9bd5297c099,Single-cell atlas of 24 hormone therapy naive localised prostate cancers -- T-cells subset,Profiling of epithelial functional states and fibroblast phenotypes in hormone therapy-naïve localised prostate cancer,19033,24,4,45.0,75.0,30.0,15,10x 3' v3,cell,prostate gland,prostatic acinar adenocarcinoma,https://datasets.cellxgene.cziscience.com/fe0406d0-15c4-40af-9225-4ccc72dce006.h5ad,139651223,10.1101/2024.10.23.619925,,0.0,False,0,0,0,0,0,0,False,True,True,False,False
881e0e6b-a185-45f1-9b56-81606e91e7ff,bdac7a53-fe34-4f04-8c46-f9bd5297c099,Single-cell atlas of 24 hormone therapy naive localised prostate cancers,Profiling of epithelial functional states and fibroblast phenotypes in hormone therapy-naïve localised prostate cancer,68322,24,27,45.0,75.0,30.0,15,10x 3' v3,cell,prostate gland,prostatic acinar adenocarcinoma,https://datasets.cellxgene.cziscience.com/68b23fda-7191-46a5-8870-819feca3e66e.h5ad,734490686,10.1101/2024.10.23.619925,,0.0,False,0,0,0,0,0,0,False,True,False,False,False
83d62c7b-3439-47ba-988c-d99e705bda12,bdac7a53-fe34-4f04-8c46-f9bd5297c099,Single-cell atlas of 24 hormone therapy naive localised prostate cancers -- SMCs subset,Profiling of epithelial functional states and fibroblast phenotypes in hormone therapy-naïve localised prostate cancer,6709,24,3,45.0,75.0,30.0,15,10x 3' v3,cell,prostate gland,prostatic acinar adenocarcinoma,https://datasets.cellxgene.cziscience.com/2ad0d20a-fdf9-40cf-98d0-f8f0c5cf6b6d.h5ad,79781563,10.1101/2024.10.23.619925,,0.0,False,0,0,0,0,0,0,False,True,True,False,False
629f83be-1e74-44df-8526-f26439b8f95e,bdac7a53-fe34-4f04-8c46-f9bd5297c099,Single-cell atlas of 24 hormone therapy naive localised prostate cancers -- CAFs subset,Profiling of epithelial functional states and fibroblast phenotypes in hormone therapy-naïve localised prostate cancer,2552,24,1,45.0,75.0,30.0,15,10x 3' v3,cell,prostate gland,prostatic acinar adenocarcinoma,https://datasets.cellxgene.cziscience.com/b165fade-97fb-4610-b40a-5147a679d344.h5ad,35067634,10.1101/2024.10.23.619925,,0.0,False,0,0,0,0,0,0,False,True,True,False,False
584a1915-74ac-4659-a953-f2db8c6a90c5,bdac7a53-fe34-4f04-8c46-f9bd5297c099,Single-cell atlas of 24 hormone therapy naive localised prostate cancers -- Myeloid subset,Profiling of epithelial functional states and fibroblast phenotypes in hormone therapy-naïve localised prostate cancer,2743,24,5,45.0,75.0,30.0,15,10x 3' v3,cell,prostate gland,prostatic acinar adenocarcinoma,https://datasets.cellxgene.cziscience.com/9bdb7d2d-5717-4113-9ebd-425199ab53d6.h5ad,38147137,10.1101/2024.10.23.619925,,0.0,False,0,0,0,0,0,0,False,True,True,False,False
3f1c0eb7-c2b2-435c-af1b-793670935fd9,bdac7a53-fe34-4f04-8c46-f9bd5297c099,Single-cell atlas of 24 hormone therapy naive localised prostate cancers -- Endothelial subset,Profiling of epithelial functional states and fibroblast phenotypes in hormone therapy-naïve localised prostate cancer,14177,24,4,45.0,75.0,30.0,15,10x 3' v3,cell,prostate gland,prostatic acinar adenocarcinoma,https://datasets.cellxgene.cziscience.com/c7357a47-3e0a-4e79-a757-dd8c2e9dedb0.h5ad,171468658,10.1101/2024.10.23.619925,,0.0,False,0,0,0,0,0,0,False,True,True,False,False
20de8570-f01a-4016-9e0d-7e2bfb43932a,bdac7a53-fe34-4f04-8c46-f9bd5297c099,Single-cell atlas of 24 hormone therapy naive localised prostate cancers -- PNS glial subset,Profiling of epithelial functional states and fibroblast phenotypes in hormone therapy-naïve localised prostate cancer,1096,24,2,45.0,75.0,30.0,15,10x 3' v3,cell,prostate gland,prostatic acinar adenocarcinoma,https://datasets.cellxgene.cziscience.com/8b3fc760-f3fd-4723-a768-9323ac12a0bd.h5ad,15721033,10.1101/2024.10.23.619925,,0.0,False,0,0,0,0,0,0,False,True,True,False,False
182f8181-172b-46c3-9bc3-575bf3bce91b,bdac7a53-fe34-4f04-8c46-f9bd5297c099,Single-cell atlas of 24 hormone therapy naive localised prostate cancers -- B-cells subset,Profiling of epithelial functional states and fibroblast phenotypes in hormone therapy-naïve localised prostate cancer,706,24,1,45.0,75.0,30.0,15,10x 3' v3,cell,prostate gland,prostatic acinar adenocarcinoma,https://datasets.cellxgene.cziscience.com/2ea100a4-f40f-4035-b66d-0262b84682c0.h5ad,11660383,10.1101/2024.10.23.619925,,0.0,False,0,0,0,0,0,0,False,True,True,False,False
04557650-a691-4306-a56c-232fbfeb236c,bdac7a53-fe34-4f04-8c46-f9bd5297c099,Single-cell atlas of 24 hormone therapy naive localised prostate cancers -- Cycling subset,Profiling of epithelial functional states and fibroblast phenotypes in hormone therapy-naïve localised prostate cancer,268,23,5,45.0,75.0,30.0,14,10x 3' v3,cell,prostate gland,prostatic acinar adenocarcinoma,https://datasets.cellxgene.cziscience.com/4d0a653a-291d-44f6-966d-c3a7f1f3bd09.h5ad,11348624,10.1101/2024.10.23.619925,,0.0,False,0,0,0,0,0,0,False,True,True,False,False
64267fb5-7b70-4705-a13b-cc38966c22a8,2bebc4ae-69a2-4001-9d2f-091ec9b4020c,A molecular cell atlas of endocrine signalling in human neural organoids,Neural Organoid Hormonal Atlas (NOHA),163714,2,2,,,,0,10x 3' v3,cell,forebrain,normal,https://datasets.cellxgene.cziscience.com/963cbefb-8e72-4007-82c1-25dd15e508b7.h5ad,2314018828,10.1101/2025.08.14.669814,,0.0,False,0,0,0,0,0,0,True,False,False,False,True
f14bc322-1322-4184-8d16-409557525ea5,07e12576-b41b-4350-adfc-059bfc4328ea,Single-cell RNA-seq analysis of Interstitial Lung Disease (ILD) subtypes,Single-cell RNA-seq analysis of Interstitial Lung Disease (ILD) subtypes,471905,119,33,15.0,74.0,59.0,44,10x 5' v1; 10x 5' v2,cell,lung,anthracosis; hypersensitivity pneumonitis; interstitial lung disease; lymphoid interstitial pneumonia; non-specific interstitial pneumonia; normal; pulmonary sarcoidosis,https://datasets.cellxgene.cziscience.com/c3d9262e-0dc5-4eca-bf20-56e6d96d0306.h5ad,4549440003,10.1038/s41588-024-01702-0,,0.0,False,0,0,0,0,0,0,False,False,False,False,True
aecc2743-4ff2-4b55-ac8c-a1ff76fc4bb4,c11009b8-b113-4a99-9890-78b2f9df9d79,Human Fetal Retina Atlas,Human fetal retina atlas v1 - Unraveling the developmental heterogeneity within the human retina to reconstruct the continuity of retinal ganglion cell maturation and stage-specific intrinsic and extrinsic factors,108838,22,9,,,,0,10x 3' v1; 10x 3' v2; 10x 3' v3,cell,central retina; peripheral region of retina; retina,normal,https://datasets.cellxgene.cziscience.com/3fdf264b-40f6-4f5a-b433-bddba1bbebf4.h5ad,726874325,10.1016/j.ydbio.2025.08.025,retina,1.0,True,3,0,0,0,0,0,False,False,False,False,True
d42cadbf-b907-49dc-9565-fedba8fccedc,ab6823e0-506e-461b-b1f9-d30e69a01687,Blood endothelial cells from five healthy donors,Cellular heterogeneity and dynamics of the human uterus in healthy premenopausal women,8678,5,14,28.0,32.0,4.0,3,10x 3' v3,cell,endometrium; myometrium,normal,https://datasets.cellxgene.cziscience.com/f115fadf-f13b-4d34-a162-2f556ce2fca5.h5ad,122816859,10.1073/pnas.2404775121,,0.0,False,0,0,0,0,0,0,False,False,True,False,True
c35a95de-e54c-46c0-855f-984f21163279,ab6823e0-506e-461b-b1f9-d30e69a01687,Blood endothelial cells from integrated dataset of 20 donors,Cellular heterogeneity and dynamics of the human uterus in healthy premenopausal women,16119,18,4,23.0,37.0,14.0,7,10x 3' v2; 10x 3' v3,cell,endometrium; myometrium,normal,https://datasets.cellxgene.cziscience.com/8f9d2997-e21a-4dd8-9d43-81fc9bd550e8.h5ad,262284387,10.1073/pnas.2404775121,,0.0,False,0,0,0,0,0,0,False,False,True,True,True
ac7a65ad-b918-4e3e-a216-7824cc23638e,ab6823e0-506e-461b-b1f9-d30e69a01687,Stromal cells from five healthy donors,Cellular heterogeneity and dynamics of the human uterus in healthy premenopausal women,26694,5,16,28.0,32.0,4.0,3,10x 3' v3,cell,endometrium; myometrium,normal,https://datasets.cellxgene.cziscience.com/d03eb98a-7a5f-4f5d-a9e1-1ff22411c94d.h5ad,347601476,10.1073/pnas.2404775121,,0.0,False,0,0,0,0,0,0,False,False,True,False,True
8f3e7fcf-0b16-4a29-a5f1-a7a8b267d689,ab6823e0-506e-461b-b1f9-d30e69a01687,All cells type from five healthy donors,Cellular heterogeneity and dynamics of the human uterus in healthy premenopausal women,50992,5,30,28.0,32.0,4.0,3,10x 3' v3,cell,endometrium; myometrium,normal,https://datasets.cellxgene.cziscience.com/e02e5990-fede-40c2-be39-5505e8ef4992.h5ad,680832746,10.1073/pnas.2404775121,,0.0,False,0,0,0,0,0,0,False,False,False,False,True
8a961a54-7e37-41e4-8e7b-463b23146b17,ab6823e0-506e-461b-b1f9-d30e69a01687,All cell types from integrated dataset of 20 donors,Cellular heterogeneity and dynamics of the human uterus in healthy premenopausal women,167910,20,30,23.0,37.0,14.0,7,10x 3' v2; 10x 3' v3,cell,endometrium; myometrium,normal,https://datasets.cellxgene.cziscience.com/a48f1e1c-1e96-495b-835c-26a6af26f61a.h5ad,2678770727,10.1073/pnas.2404775121,,0.0,False,0,0,0,0,0,0,False,False,False,True,True
80767859-6001-4fc7-a8e7-602b1e8bd54d,ab6823e0-506e-461b-b1f9-d30e69a01687,Unciliated epithelial cells from five healthy donors,Cellular heterogeneity and dynamics of the human uterus in healthy premenopausal women,5286,5,17,28.0,32.0,4.0,3,10x 3' v3,cell,endometrium; myometrium,normal,https://datasets.cellxgene.cziscience.com/fee26629-bd51-4c41-8154-0eacda295f0d.h5ad,110711322,10.1073/pnas.2404775121,,0.0,False,0,0,0,0,0,0,False,False,True,False,True
7a419302-772d-4534-bffe-763c95b8c63d,ab6823e0-506e-461b-b1f9-d30e69a01687,Immune cells from five healthy donors,Cellular heterogeneity and dynamics of the human uterus in healthy premenopausal women,8653,5,26,28.0,32.0,4.0,3,10x 3' v3,cell,endometrium; myometrium,normal,https://datasets.cellxgene.cziscience.com/1ff5b228-befb-4160-a4e3-d672eeae9d8b.h5ad,94885999,10.1073/pnas.2404775121,,0.0,False,0,0,0,0,0,0,False,False,True,False,True
6202f287-c6f8-48f3-a296-8c8341251187,ab6823e0-506e-461b-b1f9-d30e69a01687,Stromal cells from integrated dataset of 20 donors,Cellular heterogeneity and dynamics of the human uterus in healthy premenopausal women,85875,20,6,23.0,37.0,14.0,7,10x 3' v2; 10x 3' v3,cell,endometrium; myometrium,normal,https://datasets.cellxgene.cziscience.com/c93622aa-a356-4e29-b45a-c0a532c65d10.h5ad,1283567526,10.1073/pnas.2404775121,,0.0,False,0,0,0,0,0,0,False,False,True,True,True
2b868c88-eb35-492d-ba7d-4f2d0ff3ff33,ab6823e0-506e-461b-b1f9-d30e69a01687,Immune cells from integrated dataset of 20 donors,Cellular heterogeneity and dynamics of the human uterus in healthy premenopausal women,14656,20,10,23.0,37.0,14.0,7,10x 3' v2; 10x 3' v3,cell,endometrium; myometrium,normal,https://datasets.cellxgene.cziscience.com/8c07af85-1cc8-4ef9-a157-ed34382f17cb.h5ad,176178119,10.1073/pnas.2404775121,,0.0,False,0,0,0,0,0,0,False,False,True,True,True
19cca385-55f4-45dd-8e62-d9e15f59e32c,ab6823e0-506e-461b-b1f9-d30e69a01687,Unciliated epithelial cells from integrated dataset of 20 donors,Cellular heterogeneity and dynamics of the human uterus in healthy premenopausal women,20645,19,5,23.0,37.0,14.0,7,10x 3' v2; 10x 3' v3,cell,endometrium; myometrium,normal,https://datasets.cellxgene.cziscience.com/88b43b85-df9d-46cd-aafa-a307db1a3cd9.h5ad,448237187,10.1073/pnas.2404775121,,0.0,False,0,0,0,0,0,0,False,False,True,True,True
f28376c8-2ca0-419f-8e22-543f71457eb3,48c15b0c-6039-4e0f-9668-b6b3c0b830ad,snRNA-seq of human of the human retinal pigment epithelium and the choroid - retinal pigment epithelial cells,Single cell atlas of the human retinal pigment epithelium and the choroid,69244,46,1,10.0,90.0,80.0,29,10x 3' v3; 10x 5' v2,nucleus,chorioretinal region,normal,https://datasets.cellxgene.cziscience.com/469d0939-0439-4255-a9d0-e85a51770d01.h5ad,829524220,10.64898/2026.07.23.740352,retina,1.0,True,1,0,0,0,0,0,False,False,True,False,True
647f6028-4173-4188-9db6-f94e0a65e967,48c15b0c-6039-4e0f-9668-b6b3c0b830ad,snRNA-seq of human of the human retinal pigment epithelium and the choroid - endothelial cells,Single cell atlas of the human retinal pigment epithelium and the choroid,99457,52,5,10.0,90.0,80.0,30,10x 3' v3; 10x 5' v2,nucleus,chorioretinal region,normal,https://datasets.cellxgene.cziscience.com/fcf71676-322b-483a-a536-1b5fc61cb476.h5ad,773419826,10.64898/2026.07.23.740352,retina,1.0,True,1,0,0,0,0,0,False,False,True,False,True
53d9dafe-deb9-40b2-8bb4-38774fc8fc02,48c15b0c-6039-4e0f-9668-b6b3c0b830ad,snRNA-seq of human of the human retinal pigment epithelium and the choroid - all cells,Single cell atlas of the human retinal pigment epithelium and the choroid,566546,52,28,10.0,90.0,80.0,30,10x 3' v3; 10x 5' v2,nucleus,chorioretinal region,normal,https://datasets.cellxgene.cziscience.com/00ad64f9-ff32-445d-a51b-05e499fa3491.h5ad,4966942389,10.64898/2026.07.23.740352,retina,1.0,True,1,0,0,0,0,0,False,False,False,False,True
46f6fd9d-1bef-4ac7-a26a-b074e105b475,48c15b0c-6039-4e0f-9668-b6b3c0b830ad,snRNA-seq of human of the human retinal pigment epithelium and the choroid - stromal cells,Single cell atlas of the human retinal pigment epithelium and the choroid,212984,52,4,10.0,90.0,80.0,30,10x 3' v3; 10x 5' v2,nucleus,chorioretinal region,normal,https://datasets.cellxgene.cziscience.com/2c6ef9b1-9961-474d-ac4f-6a59296d5993.h5ad,1996441257,10.64898/2026.07.23.740352,retina,1.0,True,1,0,0,0,0,0,False,False,True,False,True
43a1506b-aa9e-46a3-b288-d210f4595ddf,2d42fb2f-e635-466e-a2f4-9ea34f2e0feb,Late tip organoid,Organoid modeling of human fetal lung alveolar development reveals mechanisms of cell fate patterning and neonatal respiratory disease,20475,15,8,,,,0,10x 5' v1,cell,lung epithelium,normal,https://datasets.cellxgene.cziscience.com/8dfa9273-352e-4b67-aea0-67a108f39a0f.h5ad,282485961,10.1016/j.stem.2022.11.013,,0.0,False,0,0,0,0,0,0,True,False,False,False,True
09b518f9-da64-44cc-aec8-70a89d55611f,4cbb929b-b03b-4aa8-a943-00f61dc22641,multimodal benchmarking dataset for renal cortex characterization - multiome only (fragment files included),Multimodal benchmarking dataset for renal cortex characterization (mBDRC),37717,10,33,50.0,74.0,24.0,9,10x multiome,nucleus,cortex of kidney,normal,https://datasets.cellxgene.cziscience.com/46aada24-d005-4486-9e21-866da4fdbd7a.h5ad,303801444,10.1101/2025.03.06.637075,kidney,1.0,True,0,0,0,0,1,0,False,False,False,False,True
6fc37633-13f5-4bf0-af95-52808143bffd,644927a3-456b-4e64-b7cd-76547bfc694d,CortexCulturesOneMonthInVitro,"Single cell RNA-seq of slice explant cultures of human embryo telencephalon, cultured using the Organotypic Timelapse recording with Transcriptomic Readout (OTTR) protocol for 4-29 days",2988,1,5,,,,0,10x 3' v3,cell,telencephalon,normal,https://datasets.cellxgene.cziscience.com/8d5bac65-a312-4ac0-b9ed-e18c25975b6c.h5ad,23885389,10.1101/2025.07.28.667119,,0.0,False,0,0,0,0,0,0,False,False,False,False,True
4b83f213-b96b-4c87-a884-9b81faddb194,644927a3-456b-4e64-b7cd-76547bfc694d,CortexCultures4Days11DaysInVitro,"Single cell RNA-seq of slice explant cultures of human embryo telencephalon, cultured using the Organotypic Timelapse recording with Transcriptomic Readout (OTTR) protocol for 4-29 days",22370,1,11,,,,0,10x 3' v3,cell,telencephalon,normal,https://datasets.cellxgene.cziscience.com/5d6f674c-20b7-4d05-9d37-58ea91289c91.h5ad,114423240,10.1101/2025.07.28.667119,,0.0,False,0,0,0,0,0,0,False,False,False,False,True
3e55180c-780a-4424-9434-5296640ffc0d,644927a3-456b-4e64-b7cd-76547bfc694d,CortexCulturesTwoWeeksInVitro,"Single cell RNA-seq of slice explant cultures of human embryo telencephalon, cultured using the Organotypic Timelapse recording with Transcriptomic Readout (OTTR) protocol for 4-29 days",7774,2,10,,,,0,10x 3' v3,cell,telencephalon,normal,https://datasets.cellxgene.cziscience.com/e3eae52f-781a-4146-b707-d3054db51203.h5ad,74970728,10.1101/2025.07.28.667119,,0.0,False,0,0,0,0,0,0,False,False,False,False,True
30c2a6fd-d547-460f-a5e7-44c62a2af7ad,de2cde16-c8d3-4a6d-80be-1be9e879aaca,Human PBMC Glaucoma Atlas,Human PBMC Glaucoma Atlas - Immune Tolerance to HSP60 Attenuates Neurodegeneration in Glaucoma,207952,8,28,58.0,82.0,24.0,7,10x 5' v2,cell,blood,normal; open-angle glaucoma,https://datasets.cellxgene.cziscience.com/0be8ebd5-bb46-4bc7-a998-f24ce59bb28a.h5ad,1068402401,,,0.0,False,0,0,0,0,0,0,False,False,False,False,True
547b47fa-d4e4-439e-bace-5b3b0f45fa23,4c6eaf5c-6d57-4c76-b1e9-60df8c655f1e,snRNA-seq of human retina - retinal ganglion cell subset - refined clustering,Single cell atlas of the human retina,345257,101,5,3.0,90.0,87.0,49,10x 3' v3,nucleus,fovea centralis; macula lutea; macula lutea proper; peripheral region of retina,normal,https://datasets.cellxgene.cziscience.com/e4c0ab7b-35da-4d47-a285-f25db28c1624.h5ad,6585832537,10.1038/s41588-025-02454-1,retina,1.0,True,4,0,0,0,0,0,False,False,True,False,True
f89af62b-4059-4fb9-8bc0-e8e189c4c340,4d82bd8e-8827-410b-8fc7-685b7dd92585,Stromal cells,Spatially organized multicellular immune hubs in human colorectal cancer,15438,62,11,35.0,91.0,56.0,35,10x 3' v2; 10x 3' v3,cell,colorectum,colon adenocarcinoma; normal,https://datasets.cellxgene.cziscience.com/3e97852a-0caf-4e9b-9355-9d5f408b4fcb.h5ad,176252181,10.1016/j.cell.2021.08.003,,0.0,False,0,0,0,0,0,0,False,True,True,False,True
f5af510b-86d5-4f98-946f-b2d6d3e28de9,4d82bd8e-8827-410b-8fc7-685b7dd92585,Mast cells,Spatially organized multicellular immune hubs in human colorectal cancer,3834,59,1,35.0,91.0,56.0,34,10x 3' v2; 10x 3' v3,cell,colorectum,colon adenocarcinoma; normal,https://datasets.cellxgene.cziscience.com/442cb540-30c9-4262-be57-46f02b12ad77.h5ad,23114126,10.1016/j.cell.2021.08.003,,0.0,False,0,0,0,0,0,0,False,True,True,False,True
9bf9dd7d-e23e-49ee-95cc-11df3bd61769,4d82bd8e-8827-410b-8fc7-685b7dd92585,Immune cells,Spatially organized multicellular immune hubs in human colorectal cancer,182548,62,24,35.0,91.0,56.0,35,10x 3' v2; 10x 3' v3,cell,colorectum,colon adenocarcinoma; normal,https://datasets.cellxgene.cziscience.com/47da51f1-f4a7-442e-9397-d7d8dd7fb86c.h5ad,1159690366,10.1016/j.cell.2021.08.003,,0.0,False,0,0,0,0,0,0,False,True,True,False,True
9a7c80a5-c81a-4c94-8fc8-2517dfb8c9c3,4d82bd8e-8827-410b-8fc7-685b7dd92585,B cells,Spatially organized multicellular immune hubs in human colorectal cancer,25660,62,2,35.0,91.0,56.0,35,10x 3' v2; 10x 3' v3,cell,colorectum,colon adenocarcinoma; normal,https://datasets.cellxgene.cziscience.com/35f971e3-0b49-475a-adea-3291cbecd9f9.h5ad,124568192,10.1016/j.cell.2021.08.003,,0.0,False,0,0,0,0,0,0,False,True,False,False,True
81c2d711-7fd5-48f0-bc74-57229f3c9554,4d82bd8e-8827-410b-8fc7-685b7dd92585,Epithelial cells,Spatially organized multicellular immune hubs in human colorectal cancer,168295,62,9,35.0,91.0,56.0,35,10x 3' v2; 10x 3' v3,cell,colorectum,colon adenocarcinoma; normal,https://datasets.cellxgene.cziscience.com/b70f801b-8e7a-4bc4-a2c9-ce293688ed37.h5ad,2395987117,10.1016/j.cell.2021.08.003,,0.0,False,0,0,0,0,0,0,False,True,True,False,True
7674f8f4-7200-4f08-8412-eb114016a66f,4d82bd8e-8827-410b-8fc7-685b7dd92585,"T, NK, ILC cells",Spatially organized multicellular immune hubs in human colorectal cancer,76965,62,13,35.0,91.0,56.0,35,10x 3' v2; 10x 3' v3,cell,colorectum,colon adenocarcinoma; normal,https://datasets.cellxgene.cziscience.com/8a3ea2bf-70e2-4b60-964d-e7b3f9ad75b3.h5ad,396310178,10.1016/j.cell.2021.08.003,,0.0,False,0,0,0,0,0,0,False,True,False,False,True
7274e79f-30b2-4b4d-bb53-fad600a55aff,4d82bd8e-8827-410b-8fc7-685b7dd92585,Plasma cells,Spatially organized multicellular immune hubs in human colorectal cancer,37809,61,2,35.0,91.0,56.0,34,10x 3' v2; 10x 3' v3,cell,colorectum,colon adenocarcinoma; normal,https://datasets.cellxgene.cziscience.com/a825b5ec-ac17-49d8-8b94-203565e47353.h5ad,267413190,10.1016/j.cell.2021.08.003,,0.0,False,0,0,0,0,0,0,False,True,False,False,True
1e517707-295a-408d-809c-5b1ed4dbeda4,4d82bd8e-8827-410b-8fc7-685b7dd92585,Myeloid cells,Spatially organized multicellular immune hubs in human colorectal cancer,42114,62,7,35.0,91.0,56.0,35,10x 3' v2; 10x 3' v3,cell,colorectum,colon adenocarcinoma; normal,https://datasets.cellxgene.cziscience.com/dcd32c8a-a83d-4e5d-9997-f0c0a23db4c7.h5ad,379932928,10.1016/j.cell.2021.08.003,,0.0,False,0,0,0,0,0,0,False,True,True,False,True
16023185-de21-4c0d-a9c8-73abdd52d142,4d82bd8e-8827-410b-8fc7-685b7dd92585,All Cells,Spatially organized multicellular immune hubs in human colorectal cancer,370115,62,45,35.0,91.0,56.0,35,10x 3' v2; 10x 3' v3,cell,colorectum,colon adenocarcinoma; normal,https://datasets.cellxgene.cziscience.com/3d1f3641-5755-47e2-b797-10317d33fe32.h5ad,3759292109,10.1016/j.cell.2021.08.003,,0.0,False,0,0,0,0,0,0,False,True,False,False,True
203025fe-fa99-4d57-81da-458ed8f0c334,433700dc-e8a5-48b0-b5cd-beb22f3f88fe,Brain vascular single-cell multi-omics elucidates disease risk associations - snRNA-seq,Brain vascular single-cell multi-omics elucidates disease risk associations,65479,30,14,78.0,90.0,12.0,8,10x multiome,nucleus,dorsolateral prefrontal cortex,Alzheimer disease; cognitive disorder; normal,https://datasets.cellxgene.cziscience.com/25da7ccb-04ca-49d2-b00b-a794ef8c766d.h5ad,627654439,,brain,1.0,True,0,1,0,0,0,0,False,False,False,False,True
f13b63f5-779f-478a-90a7-5ee65d9d6828,a66d41a7-f1de-4b70-b983-7a4b790a0d5d,All_Neuron_GABA,Chromatin accessibility during human first-trimester neurodevelopment,29897,8,4,,,,0,10x multiome,nucleus,brain; cerebellum; diencephalon; hindbrain; medulla oblongata; midbrain; pons; telencephalon,normal,https://datasets.cellxgene.cziscience.com/a0971a2c-a7bd-4e68-a459-35b8ef343b8b.h5ad,230372529,10.1038/s41586-024-07234-1,brain,0.625,True,0,5,0,0,0,0,False,False,False,False,True
e73e4eb8-d5f3-47c3-b446-330f37d042da,a66d41a7-f1de-4b70-b983-7a4b790a0d5d,All_Neuron_GLUT,Chromatin accessibility during human first-trimester neurodevelopment,29523,8,3,,,,0,10x multiome,nucleus,brain; cerebellum; diencephalon; hindbrain; medulla oblongata; midbrain; pons; telencephalon,normal,https://datasets.cellxgene.cziscience.com/fbdd0e80-05a3-4b1a-baa7-7486398b5d58.h5ad,224017074,10.1038/s41586-024-07234-1,brain,0.625,True,0,5,0,0,0,0,False,False,False,False,True
bdc7e498-c27d-4156-a342-8653e87001fb,a66d41a7-f1de-4b70-b983-7a4b790a0d5d,All_OPC,Chromatin accessibility during human first-trimester neurodevelopment,4101,8,4,,,,0,10x multiome,nucleus,brain; cerebellum; diencephalon; hindbrain; medulla oblongata; midbrain; pons; telencephalon,normal,https://datasets.cellxgene.cziscience.com/70ba6bf7-d630-4274-baa2-9752924dcf56.h5ad,40085876,10.1038/s41586-024-07234-1,brain,0.625,True,0,5,0,0,0,0,False,False,False,False,True
5e9fbc0b-16ff-4245-bd59-c22d4113c017,a66d41a7-f1de-4b70-b983-7a4b790a0d5d,All_Immune,Chromatin accessibility during human first-trimester neurodevelopment,10845,8,4,,,,0,10x multiome,nucleus,brain; cerebellum; diencephalon; hindbrain; medulla oblongata; midbrain; pons; telencephalon,normal,https://datasets.cellxgene.cziscience.com/c3b4c13b-7a8e-4ea9-adeb-fbd5b3ee9271.h5ad,88475379,10.1038/s41586-024-07234-1,brain,0.625,True,0,5,0,0,0,0,False,False,False,False,True
5662e542-8cf7-487b-8423-f50b64dc6421,a66d41a7-f1de-4b70-b983-7a4b790a0d5d,All_Vascular,Chromatin accessibility during human first-trimester neurodevelopment,5683,8,2,,,,0,10x multiome,nucleus,brain; cerebellum; diencephalon; hindbrain; medulla oblongata; midbrain; pons; telencephalon,normal,https://datasets.cellxgene.cziscience.com/63a24ee0-03aa-4747-8fba-6673f04d86c6.h5ad,43190559,10.1038/s41586-024-07234-1,brain,0.625,True,0,5,0,0,0,0,False,False,False,False,True
4398dcfc-f86b-4d52-aa9f-1f2cf902c0cf,a66d41a7-f1de-4b70-b983-7a4b790a0d5d,All_RGL,Chromatin accessibility during human first-trimester neurodevelopment,70803,8,4,,,,0,10x multiome,nucleus,brain; cerebellum; diencephalon; hindbrain; medulla oblongata; midbrain; pons; telencephalon,normal,https://datasets.cellxgene.cziscience.com/ecaf3bd4-55a8-471a-9d94-bc3d64dae249.h5ad,545259999,10.1038/s41586-024-07234-1,brain,0.625,True,0,5,0,0,0,0,False,False,False,False,True
2ad168af-ae8c-469e-b21f-dd7f93146d7e,a66d41a7-f1de-4b70-b983-7a4b790a0d5d,All_FBL,Chromatin accessibility during human first-trimester neurodevelopment,8841,8,3,,,,0,10x multiome,nucleus,brain; cerebellum; diencephalon; hindbrain; medulla oblongata; midbrain; pons; telencephalon,normal,https://datasets.cellxgene.cziscience.com/274ed523-78e7-4ea5-85ec-b91a17497fbb.h5ad,73474136,10.1038/s41586-024-07234-1,brain,0.625,True,0,5,0,0,0,0,False,False,False,False,True
19f1bec6-eeb7-4133-accc-992d745fef89,a66d41a7-f1de-4b70-b983-7a4b790a0d5d,Full_Dataset,Chromatin accessibility during human first-trimester neurodevelopment,166785,8,28,,,,0,10x multiome,nucleus,brain; cerebellum; diencephalon; hindbrain; medulla oblongata; midbrain; pons; telencephalon,normal,https://datasets.cellxgene.cziscience.com/e88a34d0-d28a-4d10-a8c5-d59f86ba621a.h5ad,1239674754,10.1038/s41586-024-07234-1,brain,0.625,True,0,5,0,0,0,0,False,False,False,False,True
00f15b43-f871-46d8-8105-814387ad8658,a66d41a7-f1de-4b70-b983-7a4b790a0d5d,All_Neuron_Peptidergic,Chromatin accessibility during human first-trimester neurodevelopment,7092,8,8,,,,0,10x multiome,nucleus,brain; cerebellum; diencephalon; hindbrain; medulla oblongata; midbrain; pons; telencephalon,normal,https://datasets.cellxgene.cziscience.com/dc94c601-b19e-405b-a2aa-3f51554de0de.h5ad,59633476,10.1038/s41586-024-07234-1,brain,0.625,True,0,5,0,0,0,0,False,False,False,False,True
5e57cd50-8e42-42d6-940d-5c1660d06864,84ce6837-548d-4a1f-919f-0bc0d9a3952f,RADC_Cohort,Population-scale cross-disorder atlas of the human prefrontal cortex at single-cell resolution,693682,152,25,54.0,89.0,35.0,28,10x 3' v3,nucleus,dorsolateral prefrontal cortex,amyotrophic lateral sclerosis; dementia; dementia || Alzheimer disease; dementia || Alzheimer disease || Lewy body dementia; dementia || Alzheimer disease || Parkinson disease; dementia || Alzheimer d,https://datasets.cellxgene.cziscience.com/54293783-669c-410e-919d-474960f8761b.h5ad,6282475871,10.1101/2024.10.31.24316513,brain,1.0,True,0,1,0,0,0,0,False,False,False,False,False
5c97eeeb-7e52-44b3-b010-b832b1f5424c,84ce6837-548d-4a1f-919f-0bc0d9a3952f,HBCC_Cohort,Population-scale cross-disorder atlas of the human prefrontal cortex at single-cell resolution,1486324,300,25,0.0833333333333333,85.0,84.91666666666667,78,10x 3' v3,nucleus,dorsolateral prefrontal cortex,atherosclerosis; atherosclerosis || tardive dyskinesia || schizoaffective bipolar disorder; bipolar I disorder; bipolar I disorder || anorexia nervosa; bipolar I disorder || anorexia nervosa || obsess,https://datasets.cellxgene.cziscience.com/d27fb144-f105-46c2-b36f-f51421f74e4e.h5ad,14150526668,10.1101/2024.10.31.24316513,brain,1.0,True,0,1,0,0,0,0,False,False,False,False,False
4442d412-91cb-4261-acca-8adf5fa04c11,84ce6837-548d-4a1f-919f-0bc0d9a3952f,Aging_Cohort,Population-scale cross-disorder atlas of the human prefrontal cortex at single-cell resolution,1332155,291,25,0.0833333333333333,89.0,88.91666666666667,84,10x 3' v3,nucleus,dorsolateral prefrontal cortex,atherosclerosis; normal; type 1 diabetes mellitus; type 1 diabetes mellitus || atherosclerosis; type 2 diabetes mellitus; type 2 diabetes mellitus || atherosclerosis,https://datasets.cellxgene.cziscience.com/13e8f1dd-962f-47b7-9cf7-c71d2b21b8a5.h5ad,12421671635,10.1101/2024.10.31.24316513,brain,1.0,True,0,1,0,0,0,0,False,False,False,False,True
37a17b78-4864-4a42-b67b-31c00962795a,84ce6837-548d-4a1f-919f-0bc0d9a3952f,MSSM_Cohort,Population-scale cross-disorder atlas of the human prefrontal cortex at single-cell resolution,4140453,1042,25,19.0,89.0,70.0,62,10x 3' v3,nucleus,dorsolateral prefrontal cortex,Lewy body dementia; Parkinson disease; amyotrophic lateral sclerosis; argyrophilic grain disease; brain neoplasm; dementia; dementia || Alzheimer disease; dementia || Alzheimer disease || Lewy body de,https://datasets.cellxgene.cziscience.com/0e853475-e298-4b09-881a-ed0b60d5a8c9.h5ad,36092176654,10.1101/2024.10.31.24316513,brain,1.0,True,0,1,0,0,0,0,False,False,False,False,False
84cfa5aa-a0d1-415e-ac47-eb66c9cf8170,ff69f0ee-fef6-4895-9f48-6c64a68c8289,Healthy and IFALD pediatric and adult human liver tissue,Single-Cell Atlas Of Human Pediatric Liver Reveals Age-Related Hepatic Gene Signatures,81001,19,19,26.0,69.0,43.0,3,10x 3' v2; 10x 3' v3; 10x 5' v1; 10x 5' v2,cell,caudate lobe of liver; left lobe of liver; liver; right lobe of liver,intestinal failure–associated liver disease; normal,https://datasets.cellxgene.cziscience.com/91a9f46f-2272-4f6b-9e08-7aae2debba87.h5ad,1668181764,10.1097/HC9.0000000000000813,liver,1.0,True,0,0,0,0,0,4,False,False,False,False,True
120cbe1a-9434-4e23-84bd-f570ac32300c,ff69f0ee-fef6-4895-9f48-6c64a68c8289,Healthy pediatric and adult human liver tissue,Single-Cell Atlas Of Human Pediatric Liver Reveals Age-Related Hepatic Gene Signatures,69032,16,19,26.0,69.0,43.0,3,10x 3' v2; 10x 3' v3; 10x 5' v1; 10x 5' v2,cell,caudate lobe of liver; right lobe of liver,normal,https://datasets.cellxgene.cziscience.com/500364df-df28-4e3c-85a7-6f702ed1a0d9.h5ad,1398941696,10.1097/HC9.0000000000000813,liver,1.0,True,0,0,0,0,0,2,False,False,False,False,True
0bf30b02-db97-4560-b9cd-0fe3588892af,573e2e06-8af0-4d96-bfdd-7d64a4bb9c21,Immune Response mechanisms in the cerebrospinal fluid in leptomeningeal disease at single cell resolution,Immune Response mechanisms in the cerebrospinal fluid in leptomeningeal disease at single cell resolution,73793,17,8,34.0,73.0,39.0,16,10x 5' v2,cell,cerebrospinal fluid,brain cancer; glioblastoma; inflammatory disease; lymphoma,https://datasets.cellxgene.cziscience.com/0d240f09-c7d4-4420-89ca-376d19663777.h5ad,551377744,10.1016/j.xcrm.2026.102651,,0.0,False,0,0,0,0,0,0,False,False,False,False,False
f43f70fc-0aa9-493e-8e5a-5649f090d433,7d66d871-091f-4602-9f42-85f86d2853e0,Neural,Single cell RNA sequencing of the human embryonic meninges at 5-13 weeks post conception,9286,13,16,,,,0,10x 3' v3,cell,brain meninx; forebrain meninges; meninx,normal,https://datasets.cellxgene.cziscience.com/e165c957-f9ff-43e7-a3af-3d033425c28e.h5ad,74471421,,brain,0.3333333333333333,True,0,1,0,0,0,0,False,False,False,False,True
ce5132bd-7600-4299-bb2c-2b00d409170f,7d66d871-091f-4602-9f42-85f86d2853e0,Vascular_perivascular,Single cell RNA sequencing of the human embryonic meninges at 5-13 weeks post conception,7155,13,3,,,,0,10x 3' v3,cell,brain meninx; forebrain meninges; meninx,normal,https://datasets.cellxgene.cziscience.com/68cd8d66-2dde-4367-b38e-8c800aef4879.h5ad,53008533,,brain,0.3333333333333333,True,0,1,0,0,0,0,False,False,False,False,True
b89f6f68-c599-4850-a570-5f1992dbb5ad,7d66d871-091f-4602-9f42-85f86d2853e0,Immune,Single cell RNA sequencing of the human embryonic meninges at 5-13 weeks post conception,8461,13,16,,,,0,10x 3' v3,cell,brain meninx; forebrain meninges; meninx,normal,https://datasets.cellxgene.cziscience.com/e21fe992-16d2-4345-bab3-104449c8463b.h5ad,67474294,,brain,0.3333333333333333,True,0,1,0,0,0,0,False,False,False,False,True
8e948521-3c3d-4e92-9ff1-3add0e069e41,7d66d871-091f-4602-9f42-85f86d2853e0,Fibroblasts,Single cell RNA sequencing of the human embryonic meninges at 5-13 weeks post conception,71657,13,9,,,,0,10x 3' v3,cell,brain meninx; forebrain meninges; meninx,normal,https://datasets.cellxgene.cziscience.com/012fdaaa-735b-4e14-96ad-314b65a72ab1.h5ad,543408641,,brain,0.3333333333333333,True,0,1,0,0,0,0,False,False,False,False,True
5f2d5734-b90a-4d19-bb5f-1ff473259d10,7d66d871-091f-4602-9f42-85f86d2853e0,Erythropoietic,Single cell RNA sequencing of the human embryonic meninges at 5-13 weeks post conception,36639,13,3,,,,0,10x 3' v3,cell,brain meninx; forebrain meninges; meninx,normal,https://datasets.cellxgene.cziscience.com/0c392b86-d856-4bf8-8c03-260a7580cd98.h5ad,74697438,,brain,0.3333333333333333,True,0,1,0,0,0,0,False,False,False,False,True
58f43044-cd3c-42b8-bc0b-3498eb236359,7d66d871-091f-4602-9f42-85f86d2853e0,All_cells,Single cell RNA sequencing of the human embryonic meninges at 5-13 weeks post conception,156726,13,58,,,,0,10x 3' v3,cell,brain meninx; forebrain meninges; meninx,normal,https://datasets.cellxgene.cziscience.com/e2468d96-2b0a-4cfb-9ebe-4fecb8ca2b2c.h5ad,997959793,,brain,0.3333333333333333,True,0,1,0,0,0,0,False,False,False,False,True
5263b821-82f6-4344-acf7-a3821ef0c1bf,7d66d871-091f-4602-9f42-85f86d2853e0,Vascular_endothelial,Single cell RNA sequencing of the human embryonic meninges at 5-13 weeks post conception,7358,13,7,,,,0,10x 3' v3,cell,brain meninx; forebrain meninges; meninx,normal,https://datasets.cellxgene.cziscience.com/0b90361b-448e-4ac6-9412-163fc33882fe.h5ad,81964677,,brain,0.3333333333333333,True,0,1,0,0,0,0,False,False,False,False,True
3c4c21e0-00c9-4e9d-8cfd-62ebef62b8eb,7d66d871-091f-4602-9f42-85f86d2853e0,Epithelial,Single cell RNA sequencing of the human embryonic meninges at 5-13 weeks post conception,9705,12,5,,,,0,10x 3' v3,cell,brain meninx; forebrain meninges; meninx,normal,https://datasets.cellxgene.cziscience.com/ce64c371-00dc-4cda-b178-4c6aa7dda272.h5ad,105730983,,brain,0.3333333333333333,True,0,1,0,0,0,0,False,False,False,False,True
186c1742-7f10-424e-a1d9-87ed7c4d6024,7d66d871-091f-4602-9f42-85f86d2853e0,Neural_crest,Single cell RNA sequencing of the human embryonic meninges at 5-13 weeks post conception,6465,13,7,,,,0,10x 3' v3,cell,brain meninx; forebrain meninges; meninx,normal,https://datasets.cellxgene.cziscience.com/1cd28023-3cfb-41cc-828c-93739a7cd6b0.h5ad,47910832,,brain,0.3333333333333333,True,0,1,0,0,0,0,False,False,False,False,True
edbfa04a-f1dd-496a-8237-df11d70621ca,69f13fde-a4e8-4a32-8b5d-c657ae2f5e9a,Human lymph nodes with partial T and B cell depletion,LNCS: Atlas of healthy human lymph nodes with and without ex vivo adjuvant stimulation,77525,7,13,20.0,75.0,55.0,6,10x 3' v3,cell,cystic lymph node,normal,https://datasets.cellxgene.cziscience.com/bf3c4f63-f1ce-4b07-b574-b2d1736ce361.h5ad,923976162,10.1016/j.celrep.2025.115938,,0.0,False,0,0,0,0,0,0,False,False,False,False,True
e7bd68ab-df49-44df-9b1e-8486114aeeb5,69f13fde-a4e8-4a32-8b5d-c657ae2f5e9a,Human lymph node slices cultured with and without ex vivo stimulation by liposomal TLR4 and QS-21 adjuvant,LNCS: Atlas of healthy human lymph nodes with and without ex vivo adjuvant stimulation,109297,6,13,40.0,61.0,21.0,6,10x 3' v3,cell,cystic lymph node,normal,https://datasets.cellxgene.cziscience.com/9050e178-26b3-40d7-aff0-2611693a8012.h5ad,1368683675,10.1016/j.celrep.2025.115938,,0.0,False,0,0,0,0,0,0,False,False,False,False,True
f641d68a-e877-4bb8-afd7-b8fa3921d461,7b9ae565-a781-433d-98d4-430394e7802a,Single nucleus transcriptomic atlas of human foetal tendon,Single nucleus transcriptomic atlas of human foetal tendon,91859,8,13,,,,0,10x 3' v3,nucleus,calcaneal tendon; tendon of quadriceps femoris,normal,https://datasets.cellxgene.cziscience.com/3c78889f-cedf-4dc7-9a94-a496e8443355.h5ad,799189342,10.1016/j.celrep.2026.117085,skeletal muscle,0.5,True,0,0,1,0,0,0,False,False,False,False,True
867757c1-3b1a-49d9-a0cd-17767eb160cc,307ce143-7cc8-4813-99b1-3797834149c9,snRNA-seq of human kidney with ureteral obstruction,snRNA-seq of human kidney with ureteral obstruction,46957,12,15,60.0,84.0,24.0,12,10x multiome,nucleus,kidney,normal; obstructive nephropathy,https://datasets.cellxgene.cziscience.com/0fe5eee4-380d-4bd9-8735-ada5e03021d9.h5ad,258738667,10.1038/s41467-025-59997-4,kidney,1.0,True,0,0,0,0,1,0,False,False,False,False,True
61adb974-beea-432e-9b4f-677d9cb22ece,0f7d022a-46c7-4e64-be4c-e34adbb78089,"scRNA-seq of human ocular surface: cornea, limbus, sclera - all cells",Single cell atlas of the human ocular surface,577857,50,19,1.0,90.0,89.0,36,10x 3' v2; 10x 3' v3,cell,cornea; corneal endothelium; corneal epithelium; corneo-scleral junction; ocular surface region; sclera; substantia propria of cornea; tunica fibrosa of eyeball,normal,https://datasets.cellxgene.cziscience.com/2153e987-eff9-4ad1-b7e5-75a48d39afa4.h5ad,7199875064,,,0.0,False,0,0,0,0,0,0,False,False,False,False,True
22875b17-dc4a-4870-8ca7-477a088ab898,0f7d022a-46c7-4e64-be4c-e34adbb78089,"scRNA-seq of human ocular surface: cornea, limbus, sclera - epithelial cells",Single cell atlas of the human ocular surface,250321,50,2,1.0,90.0,89.0,36,10x 3' v2; 10x 3' v3,cell,cornea; corneal epithelium; corneo-scleral junction; ocular surface region; sclera; substantia propria of cornea; tunica fibrosa of eyeball,normal,https://datasets.cellxgene.cziscience.com/ce72c454-9b5e-4043-b2f9-abd8f5e9446b.h5ad,3832292215,,,0.0,False,0,0,0,0,0,0,False,False,True,False,True
e3da8320-0b3c-4bae-ad55-a89eb59ca870,cc431242-35ea-41e1-a100-41e0dec2665b,Immune aging project - innate lymphoid cell subset,Multimodal profiling reveals tissue-directed signatures of human immune cells altered with age,130414,24,6,20.0,75.0,55.0,12,10x 3' v3; 10x 5' v2,cell,blood; bone marrow; epithelial lining fluid; inguinal lymph node; jejunal epithelium; jejunum lamina propria; lung; mesenteric lymph node; spleen; thoracic lymph node,normal,https://datasets.cellxgene.cziscience.com/644ba356-40ca-4c75-a491-a8c1b3e47a11.h5ad,1184337617,10.1038/s41590-025-02241-4,,0.0,False,0,0,0,0,0,0,False,False,True,False,True
960ecd06-e7c2-463d-9a5b-6832994376c6,cc431242-35ea-41e1-a100-41e0dec2665b,Immune aging project - t cell subset,Multimodal profiling reveals tissue-directed signatures of human immune cells altered with age,610429,24,17,20.0,75.0,55.0,12,10x 3' v3; 10x 5' v2,cell,blood; bone marrow; epithelial lining fluid; inguinal lymph node; jejunal epithelium; jejunum lamina propria; lung; mesenteric lymph node; spleen; thoracic lymph node,normal,https://datasets.cellxgene.cziscience.com/f7a60ae3-282c-4a49-bf14-e8c6433fdb43.h5ad,5465441237,10.1038/s41590-025-02241-4,,0.0,False,0,0,0,0,0,0,False,False,True,False,True
3f766409-fcd6-4553-99e8-259bc24a6be6,cc431242-35ea-41e1-a100-41e0dec2665b,Immune aging project - b cell subset,Multimodal profiling reveals tissue-directed signatures of human immune cells altered with age,272162,24,7,20.0,75.0,55.0,12,10x 3' v3; 10x 5' v2,cell,blood; bone marrow; epithelial lining fluid; inguinal lymph node; jejunal epithelium; jejunum lamina propria; lung; mesenteric lymph node; spleen; thoracic lymph node,normal,https://datasets.cellxgene.cziscience.com/eb33715b-4b80-471f-b2d8-d5189e6d33a3.h5ad,2655416182,10.1038/s41590-025-02241-4,,0.0,False,0,0,0,0,0,0,False,False,True,False,True
1b350d0a-4535-4879-beb6-1142f3f94947,cc431242-35ea-41e1-a100-41e0dec2665b,Immune aging project - all cells,Multimodal profiling reveals tissue-directed signatures of human immune cells altered with age,1281499,24,31,20.0,75.0,55.0,12,10x 3' v3; 10x 5' v2,cell,blood; bone marrow; colonic epithelium; epithelial lining fluid; inguinal lymph node; jejunal epithelium; jejunum lamina propria; lamina propria of mucosa of colon; liver; lung; mesenteric lymph node; skin of body; spleen; thoracic lymph node,normal,https://datasets.cellxgene.cziscience.com/589324ee-ce60-4295-843f-29a52894a522.h5ad,12689317573,10.1038/s41590-025-02241-4,liver,0.07142857142857142,True,0,0,0,0,0,1,False,False,False,False,True
11ae668a-88c2-4d86-ba08-524fe576a882,cc431242-35ea-41e1-a100-41e0dec2665b,Immune aging project - myeloid cell subset,Multimodal profiling reveals tissue-directed signatures of human immune cells altered with age,225268,24,5,20.0,75.0,55.0,12,10x 3' v3; 10x 5' v2,cell,blood; bone marrow; epithelial lining fluid; inguinal lymph node; jejunal epithelium; jejunum lamina propria; lung; mesenteric lymph node; spleen; thoracic lymph node,normal,https://datasets.cellxgene.cziscience.com/4fd4c4f7-3501-4c00-b15d-e2ea3e1b4792.h5ad,2971978651,10.1038/s41590-025-02241-4,,0.0,False,0,0,0,0,0,0,False,False,True,False,True
67b6b9ac-b841-42ce-b2d4-ed2ec12327bd,4429f25e-5c91-4981-9cf2-6a1044c36732,Single cell atlas of LBCL (LME),Single cell atlas of large B-cell lymphoma,598289,227,18,,,,0,10x multiome,nucleus,lymph node,B-cell non-Hodgkin lymphoma; normal,https://datasets.cellxgene.cziscience.com/777cf301-2f1a-4429-9bb9-19173ba586d2.h5ad,6505896722,10.1016/j.ccell.2025.06.002,,0.0,False,0,0,0,0,0,0,False,False,False,False,True
781cc817-3fd0-487c-a55a-b47b2786a05d,92db8a7e-8761-4317-873f-15606c016ce5,organoid,A novel human fetal lung-derived alveolar organoid model reveals mechanisms of surfactant protein C maturation relevant to interstitial lung disease,9619,5,5,,,,0,10x 5' v1,cell,lung,normal,https://datasets.cellxgene.cziscience.com/89a17e6a-bbb0-4a9a-b2b4-3bafd89277a8.h5ad,181024331,10.1038/s44318-024-00328-6,,0.0,False,0,0,0,0,0,0,True,False,False,False,True
61d327d1-2227-4c5f-9367-e3559dc79b07,1f0f863f-b69d-4ba3-8bab-d2727dd0aecf,Characterizing smoking-induced transcriptional heterogeneity in the human bronchial epithelium at single-cell resolution.,Characterizing smoking-induced transcriptional heterogeneity in the human bronchial epithelium at single-cell resolution,796,12,9,24.0,51.0,27.0,11,CEL-seq,cell,epithelium of main bronchus,normal,https://datasets.cellxgene.cziscience.com/09c577c5-afc6-49d2-bdf8-fc5b23864d56.h5ad,24345035,10.1126/sciadv.aaw3413,,0.0,False,0,0,0,0,0,0,False,False,False,False,True
acd544d0-4d8b-46c7-98b3-fc48f7e6fdb7,579203e2-182f-47bc-8230-7aa47247e2a4,snRNA-seq of the human quadriceps tendon,Exploring cellular changes in ruptured human quadriceps tendons at single-cell resolution,12808,6,22,25.0,75.0,50.0,6,10x 3' v3,nucleus,tendon of quadriceps femoris,injury; normal,https://datasets.cellxgene.cziscience.com/2df978a2-4a88-4880-8a7c-cf495bf250d9.h5ad,316728611,10.1113/JP287812,skeletal muscle,1.0,True,0,0,1,0,0,0,False,False,False,False,True
fe7aae33-6f7c-41a5-8d29-9996a9ddf1ab,328d71f0-0ed7-4518-966f-be6bd0797324,All cells from human cardiac tissue with myocarditis and healthy controls,The cellular and molecular cardiac tissue responses in human inflammatory cardiomyopathies after SARS-CoV-2 infection and COVID-19 vaccination,205596,42,9,19.0,70.0,51.0,18,10x 3' v2; 10x 3' v3,nucleus,apex of heart; heart left ventricle,myocarditis; normal,https://datasets.cellxgene.cziscience.com/5ca4319d-488f-444d-b383-e909fe0783d4.h5ad,5723614499,10.1038/s44161-025-00612-6,heart,1.0,True,0,0,0,2,0,0,False,False,False,False,True
de916989-3523-4eed-a8e6-6999540f27d4,328d71f0-0ed7-4518-966f-be6bd0797324,Vascular associated cells from human cardiac tissue with myocarditis and healthy controls,The cellular and molecular cardiac tissue responses in human inflammatory cardiomyopathies after SARS-CoV-2 infection and COVID-19 vaccination,58054,42,3,19.0,70.0,51.0,18,10x 3' v2; 10x 3' v3,nucleus,apex of heart; heart left ventricle,myocarditis; normal,https://datasets.cellxgene.cziscience.com/e2238922-38a8-487b-8180-48e26ed87417.h5ad,1117276745,10.1038/s44161-025-00612-6,heart,1.0,True,0,0,0,2,0,0,False,False,True,False,True
af33f944-ab2f-4b80-a17e-49c13e03b01d,328d71f0-0ed7-4518-966f-be6bd0797324,Fibroblasts from human cardiac tissue with myocarditis and healthy controls,The cellular and molecular cardiac tissue responses in human inflammatory cardiomyopathies after SARS-CoV-2 infection and COVID-19 vaccination,26027,42,1,19.0,70.0,51.0,18,10x 3' v2; 10x 3' v3,nucleus,apex of heart; heart left ventricle,myocarditis; normal,https://datasets.cellxgene.cziscience.com/3efd738e-b5e3-4986-885f-3a866d936713.h5ad,564540903,10.1038/s44161-025-00612-6,heart,1.0,True,0,0,0,2,0,0,False,False,False,False,True
a49167b8-fe43-4b8f-ac37-d9c2af16f116,328d71f0-0ed7-4518-966f-be6bd0797324,Myeloid cells from human cardiac tissue with myocarditis and healthy controls,The cellular and molecular cardiac tissue responses in human inflammatory cardiomyopathies after SARS-CoV-2 infection and COVID-19 vaccination,10363,42,5,19.0,70.0,51.0,18,10x 3' v2; 10x 3' v3,nucleus,apex of heart; heart left ventricle,myocarditis; normal,https://datasets.cellxgene.cziscience.com/b794afca-13fc-46ce-98fd-316d8207ed17.h5ad,281261641,10.1038/s44161-025-00612-6,heart,1.0,True,0,0,0,2,0,0,False,False,True,False,True
064fa88b-78dc-4edd-b9cd-bcc16964c81e,328d71f0-0ed7-4518-966f-be6bd0797324,Cardiomyocytes from human cardiac tissue with myocarditis and healthy controls,The cellular and molecular cardiac tissue responses in human inflammatory cardiomyopathies after SARS-CoV-2 infection and COVID-19 vaccination,90273,42,1,19.0,70.0,51.0,18,10x 3' v2; 10x 3' v3,nucleus,apex of heart; heart left ventricle,myocarditis; normal,https://datasets.cellxgene.cziscience.com/f827de99-6ef9-496a-8fc6-b626a2d40d0e.h5ad,1375927056,10.1038/s44161-025-00612-6,heart,1.0,True,0,0,0,2,0,0,False,False,False,False,True
02474d5c-7faa-4567-80f8-56abc0a1df62,328d71f0-0ed7-4518-966f-be6bd0797324,Lymphocytes from human cardiac tissue with myocarditis and healthy controls,The cellular and molecular cardiac tissue responses in human inflammatory cardiomyopathies after SARS-CoV-2 infection and COVID-19 vaccination,4016,42,13,19.0,70.0,51.0,18,10x 3' v2; 10x 3' v3,nucleus,apex of heart; heart left ventricle,myocarditis; normal,https://datasets.cellxgene.cziscience.com/3056e501-1f69-4cd6-bc1e-af6ee7ec4c5e.h5ad,160140297,10.1038/s44161-025-00612-6,heart,1.0,True,0,0,0,2,0,0,False,False,True,False,True
21722308-5091-4b63-9c07-4f116ab9a7b3,113a558a-e96e-4643-81db-140e95c58578,SL040,Single-cell RNA sequencing of glioblastoma cases with tissue sampled from tumor core to macroscopically normal cortex,135482,1,13,73.0,73.0,0.0,1,10x 3' v3,cell,right temporal lobe,glioblastoma,https://datasets.cellxgene.cziscience.com/d45b4ce6-9725-4d79-b97a-70a44158bdbf.h5ad,1512506446,10.1101/2023.09.01.555882,brain,1.0,True,0,1,0,0,0,0,False,True,False,False,False
145dcf6a-2461-4fa3-a0af-7fc56db0bd33,113a558a-e96e-4643-81db-140e95c58578,SL057,Single-cell RNA sequencing of glioblastoma cases with tissue sampled from tumor core to macroscopically normal cortex,123236,1,14,63.0,63.0,0.0,1,10x 3' v3,cell,right temporal lobe,glioblastoma,https://datasets.cellxgene.cziscience.com/66e7fd4d-d2db-464d-9fad-6eda97aff2e1.h5ad,1197832973,10.1101/2023.09.01.555882,brain,1.0,True,0,1,0,0,0,0,False,True,False,False,False
f628a4aa-d935-46cb-872d-454a7d133acf,05e3d0fc-c9dd-4f14-9163-2b242b3bb5c2,snRNA-seq of human optic nerve and optic nerve head - astrocytes,Single cell atlas of the human optic nerve,273711,83,2,3.0,90.0,87.0,46,10x 3' v3,nucleus,cranial nerve II; optic disc,normal,https://datasets.cellxgene.cziscience.com/83e8f25e-47c2-49a9-a045-2443788e256e.h5ad,2920917415,,,0.0,False,0,0,0,0,0,0,False,False,False,False,True
cc47b200-9c67-452f-990c-f84d3b33b990,05e3d0fc-c9dd-4f14-9163-2b242b3bb5c2,snRNA-seq of human optic nerve and optic nerve head - oligodendrocytes,Single cell atlas of the human optic nerve,278040,80,1,3.0,90.0,87.0,45,10x 3' v3,nucleus,cranial nerve II; optic disc,normal,https://datasets.cellxgene.cziscience.com/a919683d-af1a-49c3-92c3-547194718ada.h5ad,2747139024,,,0.0,False,0,0,0,0,0,0,False,False,False,False,True
62527b1a-826c-423d-b123-e495846979a9,05e3d0fc-c9dd-4f14-9163-2b242b3bb5c2,snRNA-seq of human optic nerve and optic nerve head - fibroblasts,Single cell atlas of the human optic nerve,118925,83,1,3.0,90.0,87.0,46,10x 3' v3,nucleus,cranial nerve II; optic disc,normal,https://datasets.cellxgene.cziscience.com/69979adf-04d7-44a2-9842-61f889cca211.h5ad,923735039,,,0.0,False,0,0,0,0,0,0,False,False,False,False,True
3c364ffe-d599-44d5-a77f-6c5fd7038cf6,05e3d0fc-c9dd-4f14-9163-2b242b3bb5c2,snRNA-seq of human optic nerve and optic nerve head - all cells,Single cell atlas of the human optic nerve,959629,83,52,3.0,90.0,87.0,46,10x 3' v3,nucleus,cranial nerve II; optic disc,normal,https://datasets.cellxgene.cziscience.com/b27057d6-a6a0-40e8-a4ba-5373a03746d2.h5ad,9317415100,,,0.0,False,0,0,0,0,0,0,False,False,False,False,True
374edd6c-e163-461d-a036-d0dbbca7e8db,05e3d0fc-c9dd-4f14-9163-2b242b3bb5c2,snRNA-seq of human optic nerve and optic nerve head - endothelial cells,Single cell atlas of the human optic nerve,34934,82,4,3.0,90.0,87.0,46,10x 3' v3,nucleus,cranial nerve II; optic disc,normal,https://datasets.cellxgene.cziscience.com/3fb07a35-931f-46ff-aeb4-187123c1ef40.h5ad,298430158,,,0.0,False,0,0,0,0,0,0,False,False,True,False,True
5ed90bc0-12f3-4354-b314-0ce0dbb96458,48c15b0c-6039-4e0f-9668-b6b3c0b830ad,scRNA-seq of human of the human retinal pigment epithelium and the choroid,Single cell atlas of the human retinal pigment epithelium and the choroid,182151,60,18,0.0833333333333333,90.0,89.91666666666667,26,10x 3' v2; 10x 3' v3; 10x 5' v2,cell,chorioretinal region; eyeball of camera-type eye; optic choroid; pigmented layer of retina,normal,https://datasets.cellxgene.cziscience.com/68493594-1bde-4b8b-8916-473a10caf035.h5ad,2778527352,10.64898/2026.07.23.740352,retina,0.75,True,3,0,0,0,0,0,False,False,False,False,True
1a9f3b38-b86d-416d-bbdc-9058ad3ff42d,48c15b0c-6039-4e0f-9668-b6b3c0b830ad,snRNA-seq of human of the human retinal pigment epithelium and the choroid - v1,Single cell atlas of the human retinal pigment epithelium and the choroid,715619,52,21,10.0,90.0,80.0,30,10x 3' v3; 10x 5' v2,nucleus,chorioretinal region,normal,https://datasets.cellxgene.cziscience.com/79fa1bd5-eccd-43d3-a3f8-b1f3f6971b9e.h5ad,5712023760,10.64898/2026.07.23.740352,retina,1.0,True,1,0,0,0,0,0,False,False,False,False,True
8ef06ea4-8d0f-4303-a652-7d4604402b1f,0f7d022a-46c7-4e64-be4c-e34adbb78089,"scRNA-seq of human ocular surface: cornea, limbus, sclera – fetal data included",Single cell atlas of the human ocular surface,815769,74,20,1.0,90.0,89.0,36,10x 3' v2; 10x 3' v3; 10x multiome,cell; nucleus,cornea; corneal endothelium; corneal epithelium; corneo-scleral junction; ocular surface region; sclera; substantia propria of cornea; tunica fibrosa of eyeball,normal,https://datasets.cellxgene.cziscience.com/30127f02-d0b9-4b56-bf4c-e5b77e4989bd.h5ad,10293731327,,,0.0,False,0,0,0,0,0,0,False,False,False,False,True
8058d760-09e6-4bdd-86a1-36917ffca3ef,0f7d022a-46c7-4e64-be4c-e34adbb78089,"snRNA-seq of human ocular surface: cornea, limbus, sclera",Single cell atlas of the human ocular surface,147484,27,17,24.0,83.0,59.0,18,10x 3' v3,nucleus,cornea; corneo-scleral junction; sclera,normal,https://datasets.cellxgene.cziscience.com/9ddcf89a-1329-46a6-b476-d8d3de1f7051.h5ad,1696863705,,,0.0,False,0,0,0,0,0,0,False,False,False,False,True
978a566a-dc27-478d-b306-26daba116c1f,0cbf8ef8-87bd-4b51-8521-ec3f68183e11,snRNA-seq of human ocular anterior segment: trabecular meshwork and ciliary body,Single cell atlas of the human trabecular meshwork and ciliary body,1102250,70,15,15.0,85.0,70.0,43,10x 3' v3,nucleus,ciliary body; eye trabecular meshwork; uvea,normal,https://datasets.cellxgene.cziscience.com/aa6ebee3-68cc-41b4-80b2-5ef5c3317e14.h5ad,9663215939,10.64898/2026.06.17.732980,,0.0,False,0,0,0,0,0,0,False,False,False,False,True
8560f809-5794-484e-9152-b63efa91d134,0cbf8ef8-87bd-4b51-8521-ec3f68183e11,scRNA-seq of human ocular anterior segment: trabecular meshwork and ciliary body,Single cell atlas of the human trabecular meshwork and ciliary body,332995,35,15,1.0,85.0,84.0,27,10x 3' v2; 10x 3' v3; 10x 5' v2,cell,ciliary body; eye trabecular meshwork,normal,https://datasets.cellxgene.cziscience.com/95d527ff-21f6-4124-86b6-feed8ac2e4bd.h5ad,3291729206,10.64898/2026.06.17.732980,,0.0,False,0,0,0,0,0,0,False,False,False,False,True
afae4675-434d-4e89-b5ce-2854c9dc38a3,cee845e3-ec04-4781-9e2a-28734bb4f7ba,snRNA-seq of all cells in high-risk Neuroblastoma before and after chemotherapy,HTAN CHOP - Longitudinal single-cell multiomic atlas of high-risk neuroblastoma reveals chemotherapy-induced tumor microenvironment rewiring,372619,22,11,0.5,13.0,12.5,14,10x 3' v3,nucleus,abdomen; adrenal gland; cervical lymph node; chest; liver; lymph node; neck,neuroblastoma,https://datasets.cellxgene.cziscience.com/c477b5ea-3848-49f2-96a3-bbbcc95a3e14.h5ad,4704200614,10.1038/s41588-025-02158-6,liver,0.14285714285714285,True,0,0,0,0,0,1,False,True,False,False,False
7b95971d-05e6-4060-9e52-f7148050bbba,cee845e3-ec04-4781-9e2a-28734bb4f7ba,snRNA-seq of Macrophages in high-risk Neuroblastoma before and after chemotherapy,HTAN CHOP - Longitudinal single-cell multiomic atlas of high-risk neuroblastoma reveals chemotherapy-induced tumor microenvironment rewiring,14344,22,1,0.5,13.0,12.5,14,10x 3' v3,nucleus,abdomen; adrenal gland; cervical lymph node; chest; liver; lymph node; neck,neuroblastoma,https://datasets.cellxgene.cziscience.com/0797fbf3-138e-4f38-9978-88092646a8df.h5ad,177945664,10.1038/s41588-025-02158-6,liver,0.14285714285714285,True,0,0,0,0,0,1,False,True,False,False,False
232e432a-cef1-4654-8850-3c80244c1a0c,cee845e3-ec04-4781-9e2a-28734bb4f7ba,snRNA-seq of neoplastic cells in high-risk Neuroblastoma before and after chemotherapy,HTAN CHOP - Longitudinal single-cell multiomic atlas of high-risk neuroblastoma reveals chemotherapy-induced tumor microenvironment rewiring,205153,22,3,0.5,13.0,12.5,14,10x 3' v3,nucleus,abdomen; adrenal gland; cervical lymph node; chest; liver; lymph node; neck,neuroblastoma,https://datasets.cellxgene.cziscience.com/18f54b23-534b-4489-abeb-6a17564a168b.h5ad,2740209535,10.1038/s41588-025-02158-6,liver,0.14285714285714285,True,0,0,0,0,0,1,False,True,False,False,False
1ab4ebbc-18d6-4838-89c2-cdc5b10accfb,54004c5c-af08-4693-a606-73871b6ef989,Cystic Fibrosis and healthy control biopsies,Cystic Fibrosis and healthy control biopsy,96479,22,31,24.0,35.0,11.0,8,10x 3' v2; 10x 3' v3,cell,carina of trachea; respiratory tube,cystic fibrosis; normal,https://datasets.cellxgene.cziscience.com/08530c67-a192-4d76-bfe5-b7834e8da231.h5ad,1193670407,10.1016/j.jcf.2025.01.016,,0.0,False,0,0,0,0,0,0,False,False,False,False,True
60a29d0b-1a37-4447-ac32-00d701580b47,4cbb929b-b03b-4aa8-a943-00f61dc22641,multimodal benchmarking dataset for renal cortex characterization,Multimodal benchmarking dataset for renal cortex characterization (mBDRC),97125,18,35,43.0,79.0,36.0,15,10x 3' v3; 10x 5' v1; 10x multiome,cell; nucleus,cortex of kidney,normal,https://datasets.cellxgene.cziscience.com/32b68fe9-ecf9-4302-88e1-c5491e2bc180.h5ad,1405514555,10.1101/2025.03.06.637075,kidney,1.0,True,0,0,0,0,1,0,False,False,False,False,True
d973ea15-3722-4bc8-a0e8-1d956d26e203,741abcf7-af4b-425d-88db-7e0b0d845719,Single-nucleus transcriptomic analysis of human dorsal root ganglion neurons,Single-nucleus transcriptomic analysis of human dorsal root ganglion neurons.,1837,6,1,34.0,55.0,21.0,4,10x 3' v2; 10x 3' v3,nucleus,dorsal root ganglion,normal,https://datasets.cellxgene.cziscience.com/cf1271ef-08be-46dd-b39e-90c3aa72755e.h5ad,27169884,10.7554/eLife.71752,,0.0,False,0,0,0,0,0,0,False,False,False,False,True
c838aec3-03ef-4398-b882-0e3912abfff0,ced320a1-29f3-47c1-a735-513c7084d508,"AIDA Phase 1 Data Freeze v2: Chinese, Indian, Japanese, Korean, Malay, and Thai donors in Japan, Singapore, South Korea, Thailand, and India",Asian Immune Diversity Atlas (AIDA),1265624,625,32,19.0,77.0,58.0,55,10x 5' v2,cell,blood,normal,https://datasets.cellxgene.cziscience.com/f89a12c2-7a3b-415b-ab87-bbc550fe17f4.h5ad,14244656399,10.1016/j.cell.2025.02.017,,0.0,False,0,0,0,0,0,0,False,False,False,False,True
e51bae9a-c747-4b64-904a-4da7cda218ab,58e85c2f-d52e-4c19-8393-b854b84d516e,Integrated transcriptomes of the 14 pancreatic islet cell types,"A pancreatic islet scRNA-seq atlas from 48 non-diabetic, prediabetic and type 2 diabetic individuals of matched demographic and ethnic backgrounds",245878,48,12,21.0,66.0,45.0,28,10x 3' v2; 10x 3' v3,cell,islet of Langerhans,normal; prediabetes syndrome; type 2 diabetes mellitus,https://datasets.cellxgene.cziscience.com/464a2c70-ebab-48c2-818d-be44c0a9c29e.h5ad,5868428962,10.1038/s44318-026-00744-w,,0.0,False,0,0,0,0,0,0,False,False,False,True,True
a19438aa-ef9a-4e9b-abb6-5a1357123bb8,58e85c2f-d52e-4c19-8393-b854b84d516e,Reintegrated transcriptomes of Alpha pancreatic islet cells,"A pancreatic islet scRNA-seq atlas from 48 non-diabetic, prediabetic and type 2 diabetic individuals of matched demographic and ethnic backgrounds",74812,48,1,21.0,66.0,45.0,28,10x 3' v2; 10x 3' v3,cell,islet of Langerhans,normal; prediabetes syndrome; type 2 diabetes mellitus,https://datasets.cellxgene.cziscience.com/bf1557d3-3bab-4130-97bf-0777f98b5f7f.h5ad,1611117039,10.1038/s44318-026-00744-w,,0.0,False,0,0,0,0,0,0,False,False,True,True,True
7e9bde96-b4d1-43d3-a5fe-dde6c4a6dc47,58e85c2f-d52e-4c19-8393-b854b84d516e,Reintegrated transcriptomes of Delta pancreatic islet cells,"A pancreatic islet scRNA-seq atlas from 48 non-diabetic, prediabetic and type 2 diabetic individuals of matched demographic and ethnic backgrounds",10770,48,1,21.0,66.0,45.0,28,10x 3' v2; 10x 3' v3,cell,islet of Langerhans,normal; prediabetes syndrome; type 2 diabetes mellitus,https://datasets.cellxgene.cziscience.com/480481e3-99fa-4bba-83f9-5efc208c7a57.h5ad,226349221,10.1038/s44318-026-00744-w,,0.0,False,0,0,0,0,0,0,False,False,True,True,True
6d452161-70af-43dd-988c-e3c4050d31e8,58e85c2f-d52e-4c19-8393-b854b84d516e,Reintegrated transcriptomes of Beta pancreatic islet cells,"A pancreatic islet scRNA-seq atlas from 48 non-diabetic, prediabetic and type 2 diabetic individuals of matched demographic and ethnic backgrounds",99029,48,1,21.0,66.0,45.0,28,10x 3' v2; 10x 3' v3,cell,islet of Langerhans,normal; prediabetes syndrome; type 2 diabetes mellitus,https://datasets.cellxgene.cziscience.com/faacd98e-af54-459d-8a7a-74427766bc81.h5ad,2477777480,10.1038/s44318-026-00744-w,,0.0,False,0,0,0,0,0,0,False,False,True,True,True
ee141ea4-6678-4908-9c2f-db71d92e74ce,bfd55632-15e2-4dde-a1b9-02ade511fc4d,GSM6592053_M6,Spatial Transcriptomics Reveal Pitfalls and Opportunities for the Detection of Rare High-Plasticity Breast Cancer Subtypes,4992,1,6,,,,0,Visium Spatial Gene Expression V1,na,breast,triple-negative breast carcinoma,https://datasets.cellxgene.cziscience.com/4936568b-7d72-4916-a1b2-0dcd3a7273bb.h5ad,28319401,10.1016/j.labinv.2023.100258,,0.0,False,0,0,0,0,0,0,False,True,False,False,False
e5c614b8-b918-43b8-a542-670433e4da18,bfd55632-15e2-4dde-a1b9-02ade511fc4d,GSM6592050_M3,Spatial Transcriptomics Reveal Pitfalls and Opportunities for the Detection of Rare High-Plasticity Breast Cancer Subtypes,4992,1,8,,,,0,Visium Spatial Gene Expression V1,na,breast,triple-negative breast carcinoma,https://datasets.cellxgene.cziscience.com/2378db2e-a807-4b99-9cba-6a5c22d95862.h5ad,30722435,10.1016/j.labinv.2023.100258,,0.0,False,0,0,0,0,0,0,False,True,False,False,False
dd1913a6-019d-4009-a118-6a3d158b22e6,bfd55632-15e2-4dde-a1b9-02ade511fc4d,GSM6592058_M11,Spatial Transcriptomics Reveal Pitfalls and Opportunities for the Detection of Rare High-Plasticity Breast Cancer Subtypes,4992,1,9,,,,0,Visium Spatial Gene Expression V1,na,breast,triple-negative breast carcinoma,https://datasets.cellxgene.cziscience.com/631b8e61-c787-44a3-ba58-e3ba7c24f0d9.h5ad,23238296,10.1016/j.labinv.2023.100258,,0.0,False,0,0,0,0,0,0,False,True,False,False,False
c829c294-0995-4f0b-8c00-3d6ddab29b37,bfd55632-15e2-4dde-a1b9-02ade511fc4d,GSM6592061_M15,Spatial Transcriptomics Reveal Pitfalls and Opportunities for the Detection of Rare High-Plasticity Breast Cancer Subtypes,4992,1,6,,,,0,Visium Spatial Gene Expression V1,na,breast,triple-negative breast carcinoma,https://datasets.cellxgene.cziscience.com/a13daadb-c385-4601-98f2-50f3e1d76be7.h5ad,55243966,10.1016/j.labinv.2023.100258,,0.0,False,0,0,0,0,0,0,False,True,False,False,False
b9b592d4-a0cc-4694-8704-a6625829ef1f,bfd55632-15e2-4dde-a1b9-02ade511fc4d,GSM6592048_M1,Spatial Transcriptomics Reveal Pitfalls and Opportunities for the Detection of Rare High-Plasticity Breast Cancer Subtypes,4992,1,7,,,,0,Visium Spatial Gene Expression V1,na,breast,normal,https://datasets.cellxgene.cziscience.com/11a8f3cd-434a-44d2-9ded-d51deb5fc3a9.h5ad,14039896,10.1016/j.labinv.2023.100258,,0.0,False,0,0,0,0,0,0,False,True,False,False,True
b0d9408e-f02f-4ee4-9ab4-98d92cf290f1,bfd55632-15e2-4dde-a1b9-02ade511fc4d,GSM6592049_M2,Spatial Transcriptomics Reveal Pitfalls and Opportunities for the Detection of Rare High-Plasticity Breast Cancer Subtypes,4992,1,9,,,,0,Visium Spatial Gene Expression V1,na,breast,triple-negative breast carcinoma,https://datasets.cellxgene.cziscience.com/8161db97-75ff-4a60-a360-e73b4da28555.h5ad,24852987,10.1016/j.labinv.2023.100258,,0.0,False,0,0,0,0,0,0,False,True,False,False,False
9adb1b29-65a2-4dd0-86bf-c02690d65fbd,bfd55632-15e2-4dde-a1b9-02ade511fc4d,GSM6592062_M16,Spatial Transcriptomics Reveal Pitfalls and Opportunities for the Detection of Rare High-Plasticity Breast Cancer Subtypes,4992,1,4,,,,0,Visium Spatial Gene Expression V1,na,breast,triple-negative breast carcinoma,https://datasets.cellxgene.cziscience.com/5a1417ad-4861-442e-abf3-2d868c338559.h5ad,43774252,10.1016/j.labinv.2023.100258,,0.0,False,0,0,0,0,0,0,False,True,False,False,False
60d5175f-f477-48b2-8396-ad76be2c3310,bfd55632-15e2-4dde-a1b9-02ade511fc4d,GSM6592057_M10,Spatial Transcriptomics Reveal Pitfalls and Opportunities for the Detection of Rare High-Plasticity Breast Cancer Subtypes,4992,1,7,,,,0,Visium Spatial Gene Expression V1,na,breast,normal,https://datasets.cellxgene.cziscience.com/21c83c31-021e-46f5-821a-da1f5c47ffee.h5ad,8955629,10.1016/j.labinv.2023.100258,,0.0,False,0,0,0,0,0,0,False,True,False,False,True
5f76916e-8547-49a3-9022-716ec0557ea2,bfd55632-15e2-4dde-a1b9-02ade511fc4d,GSM6592054_M7,Spatial Transcriptomics Reveal Pitfalls and Opportunities for the Detection of Rare High-Plasticity Breast Cancer Subtypes,4992,1,7,,,,0,Visium Spatial Gene Expression V1,na,breast,normal,https://datasets.cellxgene.cziscience.com/f3067288-e1f7-493d-ad99-4a360f217c01.h5ad,15457935,10.1016/j.labinv.2023.100258,,0.0,False,0,0,0,0,0,0,False,True,False,False,True
5d2c013d-0221-401b-9a30-ecfd880f07a3,bfd55632-15e2-4dde-a1b9-02ade511fc4d,GSM6592052_M5,Spatial Transcriptomics Reveal Pitfalls and Opportunities for the Detection of Rare High-Plasticity Breast Cancer Subtypes,4992,1,9,,,,0,Visium Spatial Gene Expression V1,na,breast,triple-negative breast carcinoma,https://datasets.cellxgene.cziscience.com/baa77986-95c7-4bf7-b4a4-09b23bcd16e4.h5ad,22146332,10.1016/j.labinv.2023.100258,,0.0,False,0,0,0,0,0,0,False,True,False,False,False
540e4c1a-4cba-4617-8d0b-583327b6afd0,bfd55632-15e2-4dde-a1b9-02ade511fc4d,GSM6592060_M14,Spatial Transcriptomics Reveal Pitfalls and Opportunities for the Detection of Rare High-Plasticity Breast Cancer Subtypes,4992,1,6,,,,0,Visium Spatial Gene Expression V1,na,breast,triple-negative breast carcinoma,https://datasets.cellxgene.cziscience.com/e70e6ab2-81c9-4860-8959-2ce807ccfb01.h5ad,27584815,10.1016/j.labinv.2023.100258,,0.0,False,0,0,0,0,0,0,False,True,False,False,False
4db76400-e867-4fd5-9f49-fdc489b38269,bfd55632-15e2-4dde-a1b9-02ade511fc4d,GSM6592056_M9,Spatial Transcriptomics Reveal Pitfalls and Opportunities for the Detection of Rare High-Plasticity Breast Cancer Subtypes,4992,1,7,,,,0,Visium Spatial Gene Expression V1,na,breast,normal,https://datasets.cellxgene.cziscience.com/6fe9cbe8-71b3-4b34-b4a2-7daf4b1ce8e4.h5ad,12544624,10.1016/j.labinv.2023.100258,,0.0,False,0,0,0,0,0,0,False,True,False,False,True
480f9371-0e43-4724-a9b6-377b33789a42,bfd55632-15e2-4dde-a1b9-02ade511fc4d,GSM6592051_M4,Spatial Transcriptomics Reveal Pitfalls and Opportunities for the Detection of Rare High-Plasticity Breast Cancer Subtypes,4992,1,5,,,,0,Visium Spatial Gene Expression V1,na,breast,triple-negative breast carcinoma,https://datasets.cellxgene.cziscience.com/7f70b1b7-8d8c-4a93-90fe-b7ec5daa5b26.h5ad,27237200,10.1016/j.labinv.2023.100258,,0.0,False,0,0,0,0,0,0,False,True,False,False,False
2cc628d1-b1dd-4300-9cf6-1015e2b1fd3d,bfd55632-15e2-4dde-a1b9-02ade511fc4d,GSM6592055_M8,Spatial Transcriptomics Reveal Pitfalls and Opportunities for the Detection of Rare High-Plasticity Breast Cancer Subtypes,4992,1,8,,,,0,Visium Spatial Gene Expression V1,na,breast,triple-negative breast carcinoma,https://datasets.cellxgene.cziscience.com/36a207de-c1a2-474e-89f0-40117ef9b2e7.h5ad,17207706,10.1016/j.labinv.2023.100258,,0.0,False,0,0,0,0,0,0,False,True,False,False,False
10bb68cf-e20b-4c45-a65f-2d7d8129048e,bfd55632-15e2-4dde-a1b9-02ade511fc4d,GSM6592059_M13,Spatial Transcriptomics Reveal Pitfalls and Opportunities for the Detection of Rare High-Plasticity Breast Cancer Subtypes,4992,1,5,,,,0,Visium Spatial Gene Expression V1,na,breast,triple-negative breast carcinoma,https://datasets.cellxgene.cziscience.com/e963ad5f-a05a-48c1-9c31-c9b3da73e00a.h5ad,44687451,10.1016/j.labinv.2023.100258,,0.0,False,0,0,0,0,0,0,False,True,False,False,False
a2c833f7-b7f1-4f4d-ad31-cae478b601b7,d0941303-7ce3-4422-9249-cf31eb98c480,Human HYPOMAP single-nucleus data,HYPOMAP: A comprehensive spatio-cellularmap of the human hypothalamus,433369,11,8,29.0,94.0,65.0,11,10x 3' v3,nucleus,hypothalamus,normal,https://datasets.cellxgene.cziscience.com/af06d70d-a2bc-43c1-8378-bc545bc8ee2c.h5ad,5231283640,10.1038/s41586-024-08504-8,brain,1.0,True,0,1,0,0,0,0,False,False,False,False,True
bfd542a3-919c-4216-a314-322f2520d46c,4a2c25af-558a-45fc-bc9a-54ec44a1d63f,"10X sc-RNA-seq, Day 8 iPSC-Derived Embryoid Bodies (Wellington et al. 2024)",Developmental Regulation of Endothelial-to-Hematopoietic Transition from iPSCs,7056,1,9,,,,0,10x 3' v3,cell,embryoid body,normal,https://datasets.cellxgene.cziscience.com/734538f1-f640-4618-a78a-b180b9106156.h5ad,122464434,10.1016/j.stemcr.2025.102641,,0.0,False,0,0,0,0,0,0,True,False,False,False,True
98219f72-0f9a-4de9-a859-c81834f24ab1,4a2c25af-558a-45fc-bc9a-54ec44a1d63f,"sci-RNA-seq, Day 7-21 iPSC-Derived Embryoid Bodies (Wellington et al. 2024)",Developmental Regulation of Endothelial-to-Hematopoietic Transition from iPSCs,166085,2,17,,,,0,sci-RNA-seq3,nucleus,embryoid body,normal,https://datasets.cellxgene.cziscience.com/810c9181-f67d-4416-aa69-558cab12e6f1.h5ad,475140003,10.1016/j.stemcr.2025.102641,,0.0,False,0,0,0,0,0,0,True,False,False,False,True
589fe605-6d49-4abe-bff8-1675511c689a,4a2c25af-558a-45fc-bc9a-54ec44a1d63f,Integration of Day 8 iPSC-Derived Embryoid Bodies with Human Embryo Published Data (10X sc-RNA-seq; Wellington et al. 2024),Developmental Regulation of Endothelial-to-Hematopoietic Transition from iPSCs,41670,9,4,,,,0,10x 3' v2; 10x 3' v3,cell,dorsal lateral plate region; embryo; embryoid body,normal,https://datasets.cellxgene.cziscience.com/5b0e8244-cc05-47ab-819f-87747854c04c.h5ad,628748976,10.1016/j.stemcr.2025.102641,,0.0,False,0,0,0,0,0,0,True,False,False,False,True
d68a8b48-abf0-4bd5-8834-155d34ec448a,3a5dbf8a-9b3e-4309-b4c5-d8a024f83734,Bronchopulmonary dysplasia,Bronchopulmonary Dysplasia,271381,24,39,0.3333333333333333,3.0,2.6666666666666665,16,10x 3' v3,nucleus,middle lobe of right lung,bronchopulmonary dysplasia; normal,https://datasets.cellxgene.cziscience.com/83bbeaaf-f5e0-42ac-be8a-dbc4e0c0d433.h5ad,1896898431,,,0.0,False,0,0,0,0,0,0,False,False,False,False,True
56a4bc14-9407-45fd-8786-f7f6fc87c9dd,f406a653-c079-4bf9-aab6-85846c27571d,Postnatal human brain development: RNA,Simultaneous profiling of transcription and chromatin accessibility at the single-cell level for postnatal human brain development,101924,10,11,4.0,62.0,58.0,7,10x multiome,nucleus,anterior cingulate cortex; caudate nucleus; dorsolateral prefrontal cortex; hippocampal formation,normal,https://datasets.cellxgene.cziscience.com/e6ef2a07-1b8e-49a8-a771-15b81971eac7.h5ad,1197926797,10.1038/s41588-025-02083-8,brain,0.75,True,0,3,0,0,0,0,False,False,False,False,True
87a06a2a-16c6-42f7-af1b-529fad431051,eeba7193-4d32-46bd-a21b-089936d60601,Recruited macrophages elicit atrial fibrillation,Recruited macrophages elicit atrial fibrillation,41279,12,6,,,,0,10x 3' v3,cell,left atrium auricular region,atrial fibrillation || mitral valve insufficiency; normal,https://datasets.cellxgene.cziscience.com/8f01b8fa-d7ba-4417-9429-7a3a05e805f8.h5ad,306614377,10.1126/science.abq3061,heart,1.0,True,0,0,0,1,0,0,False,False,False,False,True
7b20c613-9add-43d1-87e9-defd3d9b9f8c,61e422dd-c9cd-460e-9b91-72d9517348ef,Integrated cancer cell-specific single-cell RNA-seq datasets of immune checkpoint blockade-treated patients,Integrated cancer cell-specific single-cell RNA-seq datasets of immune checkpoint blockade-treated patients,355941,167,31,37.0,86.0,49.0,30,10x 3' v2; 10x 3' v3; 10x 5' transcription profiling; Smart-seq2,cell,arm skin; brain; breast; kidney; liver; nose skin; skin of body; skin of calf; skin of cheek; skin of external ear; skin of forehead; skin of knee; skin of neck; skin of scalp,HER2 positive breast carcinoma; basal cell carcinoma; estrogen-receptor positive breast cancer; hepatocellular carcinoma; intrahepatic cholangiocarcinoma; melanoma; metastatic melanoma; nonpapillary r,https://datasets.cellxgene.cziscience.com/c1d02236-6709-4feb-b7d6-30e2a203e8d1.h5ad,3063741325,10.1038/s41597-025-04381-6,brain,0.07142857142857142,False,0,1,0,0,1,1,False,True,False,True,False
d9f3a82c-24bb-4277-b715-8ec92a33dd32,5542eeb0-96ef-4ab9-95ea-eb6abc178461,human cHSPCs - Illumina,"Human circulating hematopoietic stem and progenitor cells in aging, cytopenia and MDS",495763,132,9,26.0,94.0,68.0,54,10x 3' v3,cell,blood,hematologic disorder; myelodysplastic syndrome; myelodysplastic/myeloproliferative disease; normal,https://datasets.cellxgene.cziscience.com/7cbae627-b2a7-4f72-ae28-49afaf35b7a7.h5ad,1384431254,10.1038/s41591-025-03716-5,,0.0,False,0,0,0,0,0,0,False,False,False,False,True
4a5b00e0-1ba3-4fd4-af89-d3512eb20720,5542eeb0-96ef-4ab9-95ea-eb6abc178461,human cHSPCs - Ultima,"Human circulating hematopoietic stem and progenitor cells in aging, cytopenia and MDS",516121,107,9,23.0,93.0,70.0,56,10x 3' v3,cell,blood,hematologic disorder; myelodysplastic syndrome; myelodysplastic/myeloproliferative disease; normal,https://datasets.cellxgene.cziscience.com/24402055-3e47-463a-a9b0-6e04edd04ae2.h5ad,1706963580,10.1038/s41591-025-03716-5,,0.0,False,0,0,0,0,0,0,False,False,False,False,True
ff995299-bf56-4d11-914d-b77949f02fb1,ba84c7ba-8d8c-4720-a76e-3ee37dc89f0b,snRNA-seq of human subcutaneous adipose tissue - adipocytes SCT normalization,Human subcutaneous and visceral adipocyte atlases uncover classical and non-classical adipocytes and depot-specific patterns,11265,5,1,24.0,41.0,17.0,4,10x 3' v3,nucleus,subcutaneous adipose tissue,normal,https://datasets.cellxgene.cziscience.com/2476a9c9-70be-44e9-812b-d3fb96a26884.h5ad,171751271,10.1038/s41588-024-02048-3,,0.0,False,0,0,0,0,0,0,False,False,False,False,True
f15af735-2677-444e-8963-6a88cd9510e3,ba84c7ba-8d8c-4720-a76e-3ee37dc89f0b,snRNA-seq of human visceral adipose tissue - adipocytes SCT normalization,Human subcutaneous and visceral adipocyte atlases uncover classical and non-classical adipocytes and depot-specific patterns,14213,10,1,24.0,53.0,29.0,8,10x 3' v3,nucleus,visceral fat,normal,https://datasets.cellxgene.cziscience.com/54df122a-3995-48a7-93cc-09e807c223a2.h5ad,170769182,10.1038/s41588-024-02048-3,,0.0,False,0,0,0,0,0,0,False,False,False,False,True
274968bf-96bf-4670-a85b-afe1cebb7c7d,ba84c7ba-8d8c-4720-a76e-3ee37dc89f0b,snRNA-seq of human subcutaneous adipose tissue - adipocytes double filtration (Scrublet & DoubletFinder) pipeline,Human subcutaneous and visceral adipocyte atlases uncover classical and non-classical adipocytes and depot-specific patterns,11272,5,1,24.0,41.0,17.0,4,10x 3' v3,nucleus,subcutaneous adipose tissue,normal,https://datasets.cellxgene.cziscience.com/bd3b5879-7bec-4dc5-b6b7-4837ede56b91.h5ad,164646148,10.1038/s41588-024-02048-3,,0.0,False,0,0,0,0,0,0,False,False,False,False,True
1405dd3e-d852-4bdd-80ad-a935eca0e78c,ba84c7ba-8d8c-4720-a76e-3ee37dc89f0b,snRNA-seq of human visceral adipose tissue - adipocytes double filtration (Scrublet & DoubletFinder) pipeline,Human subcutaneous and visceral adipocyte atlases uncover classical and non-classical adipocytes and depot-specific patterns,13964,10,1,24.0,53.0,29.0,8,10x 3' v3,nucleus,visceral fat,normal,https://datasets.cellxgene.cziscience.com/c9c15a40-a539-413a-8a28-4c06d7f23ab9.h5ad,164409877,10.1038/s41588-024-02048-3,,0.0,False,0,0,0,0,0,0,False,False,False,False,True
68b6114f-e990-4033-bfb3-c35536633aaa,16a4f6bc-2457-4e21-9b7a-9ba17c7b66c4,Stromal cell diversity associated with immune evasion in human triple‐negative breast cancer,Stromal cell diversity associated with immune evasion in human triple‐negative breast cancer,24271,5,16,35.0,73.0,38.0,5,10x 3' v2,cell,mammary gland connective tissue,triple-negative breast carcinoma,https://datasets.cellxgene.cziscience.com/4d036b2c-6135-4515-9c44-a5aa7a2e32e5.h5ad,197678933,10.15252/embj.2019104063,,0.0,False,0,0,0,0,0,0,False,True,False,False,False
b61a921b-7fa3-4b42-b455-aaaf32447920,4f30b962-d49b-4624-a233-64f048cf8632,A Unique Cellular Organization of Human Distal Airways and Its Disarray in Chronic Obstructive Pulmonary Disease,A Unique Cellular Organization of Human Distal Airways and Its Disarray in Chronic Obstructive Pulmonary Disease,115788,17,44,11.0,67.0,56.0,16,10x 3' v2; 10x 3' v3,cell,bronchus; segmental bronchus; terminal bronchus,chronic obstructive pulmonary disease; normal,https://datasets.cellxgene.cziscience.com/a8e4f394-d141-4755-9a35-790c734d1dab.h5ad,1234325771,10.1164/rccm.202207-1384OC,,0.0,False,0,0,0,0,0,0,False,False,False,False,True
e3cc5b85-62ec-4add-bee3-73c8fd11e59d,af500bec-a5d6-4569-9f50-4314f2e7a011,Nasal scRNA-Seq Dataset,Smoking modulates different secretory subpopulations expressing SARS-CoV-2 entry genes in the nasal and bronchial airways,34833,7,11,30.0,66.0,36.0,7,10x 3' v2,cell,nasal cavity epithelium,normal,https://datasets.cellxgene.cziscience.com/e98b4b91-0ffe-446b-8d27-fa4ed5012ce0.h5ad,376997398,10.1038/s41598-022-17832-6,,0.0,False,0,0,0,0,0,0,False,False,False,False,True
d2bc2703-a9b5-4949-b85d-61da7b9961b1,af500bec-a5d6-4569-9f50-4314f2e7a011,Bronchial scRNA-Seq Dataset,Smoking modulates different secretory subpopulations expressing SARS-CoV-2 entry genes in the nasal and bronchial airways,2075,17,14,51.0,87.0,36.0,13,CEL-seq2,cell,bronchial mucosa,normal,https://datasets.cellxgene.cziscience.com/022e6e24-3793-4057-bcc1-dad11875e2df.h5ad,38893697,10.1038/s41598-022-17832-6,,0.0,False,0,0,0,0,0,0,False,False,False,False,True
e0549fbf-cf9c-401a-b85f-6ba00d916e43,065ad318-59fd-4f8c-b4b1-66caa7665409,Minor Salivary Gland Atlas,Human Oral and Craniofacial Cell Atlas,31468,9,18,24.0,56.0,32.0,9,10x 3' v3,cell,minor salivary gland,normal,https://datasets.cellxgene.cziscience.com/90823361-07b6-4632-8758-86afefd94c4a.h5ad,152113169,10.1016/j.cpblue.2026.100007,,0.0,False,0,0,0,0,0,0,False,False,False,False,True
cb252df6-6e49-4553-abd1-495a00006fb1,065ad318-59fd-4f8c-b4b1-66caa7665409,Oral and Craniofacial Atlas,Human Oral and Craniofacial Cell Atlas,246103,65,10,20.0,69.0,49.0,26,10x 3' v2; 10x 3' v3,cell,buccal mucosa; dental pulp; gingiva; hard palate; minor salivary gland; molar dental pulp; mucosa of dorsum of tongue; mucosa of lip; parotid gland; periodontium; soft palate; sublingual gland; submandibular gland,normal,https://datasets.cellxgene.cziscience.com/b7765f4e-e102-4b45-a08b-c5e00c560833.h5ad,1597858805,10.1016/j.cpblue.2026.100007,,0.0,False,0,0,0,0,0,0,False,False,False,False,True
bad6524a-f122-4e9f-927c-cc7776674d5e,065ad318-59fd-4f8c-b4b1-66caa7665409,Major Salivary Gland Atlas,Human Oral and Craniofacial Cell Atlas,18772,6,16,48.0,69.0,21.0,4,10x 3' v3,cell,parotid gland; submandibular gland,normal,https://datasets.cellxgene.cziscience.com/3fcc801b-6728-4535-8a14-838c8468f4b9.h5ad,112227936,10.1016/j.cpblue.2026.100007,,0.0,False,0,0,0,0,0,0,False,False,False,False,True
b4f2c50e-080f-4d37-aa21-911d2273b0da,065ad318-59fd-4f8c-b4b1-66caa7665409,Palate Atlas,Human Oral and Craniofacial Cell Atlas,9263,3,18,32.0,34.0,2.0,2,10x 3' v3,cell,hard palate; soft palate,normal,https://datasets.cellxgene.cziscience.com/23e6da1c-c3ef-483b-b962-98b4702cbedf.h5ad,83023147,10.1016/j.cpblue.2026.100007,,0.0,False,0,0,0,0,0,0,False,False,False,False,True
ae45e70d-cae7-45f5-8ee8-6655f208273c,065ad318-59fd-4f8c-b4b1-66caa7665409,Pulp Atlas,Human Oral and Craniofacial Cell Atlas,50927,12,13,20.0,24.0,4.0,3,10x 3' v2; 10x 3' v3,cell,dental pulp; molar dental pulp,normal,https://datasets.cellxgene.cziscience.com/03e7479d-0fa8-4869-a853-1c55caf6125f.h5ad,279083915,10.1016/j.cpblue.2026.100007,,0.0,False,0,0,0,0,0,0,False,False,False,False,True
a22a3aeb-5e68-4084-8a45-94b42015adf8,065ad318-59fd-4f8c-b4b1-66caa7665409,Mucosal Atlas,Human Oral and Craniofacial Cell Atlas,87000,28,22,21.0,65.0,44.0,15,10x 3' v2; 10x 3' v3,cell,buccal mucosa; gingiva; hard palate; mucosa of lip; soft palate,normal,https://datasets.cellxgene.cziscience.com/072148e6-b563-44cf-a1b2-8162fa4b107c.h5ad,542015789,10.1016/j.cpblue.2026.100007,,0.0,False,0,0,0,0,0,0,False,False,False,False,True
9aef5aa0-03b0-4d74-a7b3-64b80184ea1d,065ad318-59fd-4f8c-b4b1-66caa7665409,Gland Immune Atlas,Human Oral and Craniofacial Cell Atlas,6362,13,8,24.0,62.0,38.0,10,10x 3' v3,cell,minor salivary gland; parotid gland; submandibular gland,normal,https://datasets.cellxgene.cziscience.com/267e4e57-d8e0-47d7-bfed-aaee0402497d.h5ad,30825800,10.1016/j.cpblue.2026.100007,,0.0,False,0,0,0,0,0,0,False,False,False,False,True
93325b5c-19bb-4481-aeda-738209650945,065ad318-59fd-4f8c-b4b1-66caa7665409,Buccal and Labial Atlas,Human Oral and Craniofacial Cell Atlas,29478,12,19,22.0,65.0,43.0,8,10x 3' v3,cell,buccal mucosa; mucosa of lip,normal,https://datasets.cellxgene.cziscience.com/0e0d41d5-5403-4aac-a140-c1a4f6fb11c7.h5ad,200222783,10.1016/j.cpblue.2026.100007,,0.0,False,0,0,0,0,0,0,False,False,False,False,True
8a95341f-f023-4bff-a1d5-52c7003ab65a,065ad318-59fd-4f8c-b4b1-66caa7665409,Mucosal Immune Atlas,Human Oral and Craniofacial Cell Atlas,23064,27,9,21.0,61.0,40.0,16,10x 3' v2; 10x 3' v3,cell,buccal mucosa; gingiva; hard palate; soft palate,normal,https://datasets.cellxgene.cziscience.com/3167bdd1-92d3-49aa-b528-aa3c3d14618c.h5ad,119578968,10.1016/j.cpblue.2026.100007,,0.0,False,0,0,0,0,0,0,False,False,False,False,True
771c7f5e-01c9-4faf-ab7f-ee8a7cf9d285,065ad318-59fd-4f8c-b4b1-66caa7665409,Gland Atlas,Human Oral and Craniofacial Cell Atlas,50240,15,19,24.0,69.0,45.0,12,10x 3' v3,cell,minor salivary gland; parotid gland; submandibular gland,normal,https://datasets.cellxgene.cziscience.com/c85332d2-7fde-4d7f-8f34-b9d5080abd30.h5ad,259423182,10.1016/j.cpblue.2026.100007,,0.0,False,0,0,0,0,0,0,False,False,False,False,True
ef1a4b05-540c-4f73-8ceb-49dfa800645d,e9cf4e8d-05ed-4d95-b550-af35ca219390,Transcriptomic Analysis of Air-Liquid Interface Culture in Human Lung Organoids Reveals Regulators of Epithelial Differentiation,Transcriptomic Analysis of Air-Liquid Interface Culture in Human Lung Organoids Reveals Regulators of Epithelial Differentiation,15806,2,3,,,,0,10x 3' v3,cell,epithelial cell of lung; lung,normal,https://datasets.cellxgene.cziscience.com/d3b2dfdb-e189-4257-8fab-083f7dbea4e3.h5ad,638045073,10.3390/cells13231991,,0.0,False,0,0,0,0,0,0,True,False,False,False,True
ec6ef004-5f30-4a40-b282-980cca20a561,e5f58829-1a66-40b5-a624-9046778e74f5,Tabula Sapiens - Testis,Tabula Sapiens,7513,1,15,60.0,60.0,0.0,1,10x 3' v3,cell,testis,normal,https://datasets.cellxgene.cziscience.com/09e3ae14-f355-4ed7-ad81-787b587c8a16.h5ad,385384218,10.1126/science.abl4896,,0.0,False,0,0,0,0,0,0,False,False,False,True,True
d45aca3a-ddb8-4185-a462-eff1e0c7af2e,e5f58829-1a66-40b5-a624-9046778e74f5,Tabula Sapiens - Ear,Tabula Sapiens,3055,2,16,45.0,60.0,15.0,2,10x 3' v3,cell,crista ampullaris; utricle of membranous labyrinth,normal,https://datasets.cellxgene.cziscience.com/eef916d5-41c0-434f-a50c-617aa1413987.h5ad,180780963,10.1126/science.abl4896,,0.0,False,0,0,0,0,0,0,False,False,False,True,True
bb78adbb-1428-4468-bad0-63602bb974e9,e5f58829-1a66-40b5-a624-9046778e74f5,Tabula Sapiens - Ovary,Tabula Sapiens,48951,3,27,26.0,56.0,30.0,3,10x 3' v3; Smart-seq2; Smart-seq3,cell,left ovary; ovary; right ovary,normal,https://datasets.cellxgene.cziscience.com/6ad78e84-6715-458d-95b4-69e8509cd785.h5ad,1815903205,10.1126/science.abl4896,,0.0,False,0,0,0,0,0,0,False,False,False,True,True
b806712d-18b0-454c-a0fe-9909159e07c7,e5f58829-1a66-40b5-a624-9046778e74f5,Tabula Sapiens - Germline,Tabula Sapiens,7276,2,5,26.0,60.0,34.0,2,10x 3' v3; Smart-seq2,cell,left ovary; ovary; right ovary; testis,normal,https://datasets.cellxgene.cziscience.com/fe13f5e9-7ca1-430c-a258-1c2a8868ed22.h5ad,380524469,10.1126/science.abl4896,,0.0,False,0,0,0,0,0,0,False,False,False,True,True
9ba03780-4b13-44bc-a7d3-ce532ea0a856,e5f58829-1a66-40b5-a624-9046778e74f5,Tabula Sapiens - Stomach,Tabula Sapiens,33064,3,20,56.0,60.0,4.0,2,10x 3' v3; Smart-seq2,cell,mucosa of stomach; muscularis mucosae of stomach; stomach; stomach smooth muscle,normal,https://datasets.cellxgene.cziscience.com/3e8bd2b2-fe53-4b95-abb2-ce971b4f1c14.h5ad,1074979948,10.1126/science.abl4896,,0.0,False,0,0,0,0,0,0,False,False,False,True,True
6e4acdae-59ef-452b-a6d4-260cba368586,e5f58829-1a66-40b5-a624-9046778e74f5,Tabula Sapiens - Neural,Tabula Sapiens,2685,8,7,37.0,60.0,23.0,8,10x 3' v3; Smart-seq2,cell,anterior segment of eyeball; ascending colon; cornea; duodenum; eye; heart; heart right ventricle; ileum; lacrimal gland; large intestine; posterior segment of eyeball; retinal neural layer; right cardiac atrium; sclera; sigmoid colon; small intestine,normal,https://datasets.cellxgene.cziscience.com/45d6f910-8ca8-4b61-9fe1-7ebad766c96b.h5ad,128421908,10.1126/science.abl4896,heart,0.1875,True,1,0,0,3,0,0,False,False,False,True,True
b6b5ea88-e092-46e4-b9c5-e93b52d5c195,3c34e6f1-6827-47dd-8e19-9edcd461893f,Single cell RNA sequencing of oropharyngeal squamous cell carcinoma,Characterisation of human papillomavirus (HPV)-positive (immune hot) and HPV-negative (immune cold) head and neck tumors by single cell RNA sequencing,82844,10,15,,,,0,10x 3' v3,cell,oropharynx,normal; oropharynx squamous cell carcinoma,https://datasets.cellxgene.cziscience.com/9d06247c-6bc3-46b6-be70-5da7ba205957.h5ad,967825937,10.1186/s12943-024-02191-9,,0.0,False,0,0,0,0,0,0,False,True,False,False,True
d3cb449b-c2b1-4b50-a7f1-21203535fe61,d5d0df8f-4eee-49d8-a221-a288f50a1590,Parkinson's disease,A multi-region single nucleus transcriptomic atlas of Parkinson’s disease,2096155,97,11,57.0,102.0,45.0,33,10x 3' v3,nucleus,dorsal motor nucleus of vagus nerve; medial globus pallidus; prefrontal cortex; primary motor cortex; primary visual cortex,Parkinson disease; normal,https://datasets.cellxgene.cziscience.com/0270e5e5-ce1d-4165-828e-699210189a92.h5ad,30547659019,10.1038/s41597-024-04117-y,brain,0.2,True,0,1,0,0,0,0,False,False,False,False,True
d7f5d8d0-6150-48d7-b094-c34286ad11a1,de379e5f-52d0-498c-9801-0f850823c847,HNOCA Extended: The Human Neural Organoid Atlas,An integrated transcriptomic cell atlas of human neural organoids,1920454,55,61,4.0,63.0,59.0,10,10x 3' v2; 10x 3' v3; 10x multiome; BD Rhapsody Whole Transcriptome Analysis; Drop-seq; Quartz-seq; SPLiT-seq; Smart-seq2,cell; nucleus,arcuate nucleus of hypothalamus; brain; cerebellum; cerebral cortex; choroid plexus; dorsal plus ventral thalamus; hindbrain; midbrain tectum; midbrain tegmentum; telencephalon; ventral part of telencephalon,normal,https://datasets.cellxgene.cziscience.com/a0866f01-2a0e-4984-8a93-e5e829685e75.h5ad,20088621029,10.1038/s41586-024-08172-8,brain,0.6363636363636364,True,1,7,0,0,0,0,True,False,False,True,True
3a805b8d-c9d8-4c9b-881f-0eefa635974d,de379e5f-52d0-498c-9801-0f850823c847,The Human Neural Organoid Atlas,An integrated transcriptomic cell atlas of human neural organoids,1767346,46,61,4.0,63.0,59.0,10,10x 3' v2; 10x 3' v3; 10x multiome; BD Rhapsody Whole Transcriptome Analysis; Drop-seq; Quartz-seq; SPLiT-seq; Smart-seq2,cell; nucleus,arcuate nucleus of hypothalamus; brain; cerebellum; cerebral cortex; choroid plexus; dorsal plus ventral thalamus; hindbrain; midbrain tectum; midbrain tegmentum; telencephalon; ventral part of telencephalon,normal,https://datasets.cellxgene.cziscience.com/127a3c9a-7bcb-4362-a73e-e60fd67f5bae.h5ad,18777180012,10.1038/s41586-024-08172-8,brain,0.6363636363636364,True,1,7,0,0,0,0,True,False,False,True,True
ee1058a5-40ef-4f3f-8020-5476d7787e1e,ba84c7ba-8d8c-4720-a76e-3ee37dc89f0b,snRNA-seq of human subcutaneous adipose tissue - adipocytes integrated with emont et al,Human subcutaneous and visceral adipocyte atlases uncover classical and non-classical adipocytes and depot-specific patterns,26601,18,1,24.0,73.0,49.0,13,10x 3' v3,nucleus,subcutaneous abdominal adipose tissue; subcutaneous adipose tissue,normal,https://datasets.cellxgene.cziscience.com/6ae1aba8-22b9-444f-a05d-f7da75d7a92f.h5ad,431542607,10.1038/s41588-024-02048-3,,0.0,False,0,0,0,0,0,0,False,False,False,True,True
ea15345a-4b48-46c0-b641-f338649ebf13,ba84c7ba-8d8c-4720-a76e-3ee37dc89f0b,Differentiation path from ASPCs to adipocytes in visceral adipose tissue,Human subcutaneous and visceral adipocyte atlases uncover classical and non-classical adipocytes and depot-specific patterns,30969,10,2,24.0,53.0,29.0,8,10x 3' v3,nucleus,visceral fat,normal,https://datasets.cellxgene.cziscience.com/55af709e-e538-4efa-b674-4aa3d9112f09.h5ad,303116250,10.1038/s41588-024-02048-3,,0.0,False,0,0,0,0,0,0,False,False,False,False,True
99efb290-fbe3-4739-909d-859e058f54aa,ba84c7ba-8d8c-4720-a76e-3ee37dc89f0b,snRNA-seq of human subcutaneous adipose tissue - adipocytes,Human subcutaneous and visceral adipocyte atlases uncover classical and non-classical adipocytes and depot-specific patterns,12205,5,1,24.0,41.0,17.0,4,10x 3' v3,nucleus,subcutaneous adipose tissue,normal,https://datasets.cellxgene.cziscience.com/bf5e55ad-287f-442f-b10f-e1f805c5d4b8.h5ad,172808928,10.1038/s41588-024-02048-3,,0.0,False,0,0,0,0,0,0,False,False,False,False,True
96baf2e0-60c5-48cf-b1d1-cba657851507,ba84c7ba-8d8c-4720-a76e-3ee37dc89f0b,snRNA-seq of human visceral adipose tissue - all cells,Human subcutaneous and visceral adipocyte atlases uncover classical and non-classical adipocytes and depot-specific patterns,83731,10,13,24.0,53.0,29.0,8,10x 3' v3,nucleus,visceral fat,normal,https://datasets.cellxgene.cziscience.com/8fbbfb62-cc22-442c-86f6-6e0da6ce16d0.h5ad,755413316,10.1038/s41588-024-02048-3,,0.0,False,0,0,0,0,0,0,False,False,False,False,True
949573c7-2610-450d-8aaa-d4de4842901c,ba84c7ba-8d8c-4720-a76e-3ee37dc89f0b,snRNA-seq of human visceral adipose tissue - adipocytes integrated with emont et al,Human subcutaneous and visceral adipocyte atlases uncover classical and non-classical adipocytes and depot-specific patterns,26935,20,1,24.0,73.0,49.0,12,10x 3' v3,nucleus,visceral abdominal adipose tissue; visceral fat,normal,https://datasets.cellxgene.cziscience.com/680f27e2-23e6-420f-b0ec-6e6f5235f302.h5ad,331800816,10.1038/s41588-024-02048-3,,0.0,False,0,0,0,0,0,0,False,False,False,True,True
821a8e3e-87ec-41ee-bd69-cd4377057d38,ba84c7ba-8d8c-4720-a76e-3ee37dc89f0b,snRNA-seq of human subcutaneous adipose tissue - all cells,Human subcutaneous and visceral adipocyte atlases uncover classical and non-classical adipocytes and depot-specific patterns,37879,5,10,24.0,41.0,17.0,4,10x 3' v3,nucleus,subcutaneous adipose tissue,normal,https://datasets.cellxgene.cziscience.com/74a0cfc9-5b5d-4fdc-81aa-eb41141a8592.h5ad,373989494,10.1038/s41588-024-02048-3,,0.0,False,0,0,0,0,0,0,False,False,False,False,True
7a1d54e5-901d-4280-b77d-b87cf172292d,ba84c7ba-8d8c-4720-a76e-3ee37dc89f0b,Differentiation path from ASPCs to adipocytes in subcutaneous adipose tissue,Human subcutaneous and visceral adipocyte atlases uncover classical and non-classical adipocytes and depot-specific patterns,22227,5,2,24.0,41.0,17.0,4,10x 3' v3,nucleus,subcutaneous adipose tissue,normal,https://datasets.cellxgene.cziscience.com/334d0800-c3cd-44b8-8e90-19f84475e669.h5ad,259073545,10.1038/s41588-024-02048-3,,0.0,False,0,0,0,0,0,0,False,False,False,False,True
74c527f9-80c2-48bc-a262-88bca203a922,ba84c7ba-8d8c-4720-a76e-3ee37dc89f0b,Differentiation path from ASPCs to adipocytes in subcutaneous adipose tissue double filtration (Scrublet & DoubletFinder) pipeline,Human subcutaneous and visceral adipocyte atlases uncover classical and non-classical adipocytes and depot-specific patterns,21225,5,2,24.0,41.0,17.0,4,10x 3' v3,nucleus,subcutaneous adipose tissue,normal,https://datasets.cellxgene.cziscience.com/fe298220-8ff4-4c6a-966e-3a83b79d452f.h5ad,233574526,10.1038/s41588-024-02048-3,,0.0,False,0,0,0,0,0,0,False,False,False,False,True
325044a1-4766-4104-8da9-abdfd1397e74,ba84c7ba-8d8c-4720-a76e-3ee37dc89f0b,snRNA-seq of human visceral adipose tissue - adipocytes,Human subcutaneous and visceral adipocyte atlases uncover classical and non-classical adipocytes and depot-specific patterns,15460,10,1,24.0,53.0,29.0,8,10x 3' v3,nucleus,visceral fat,normal,https://datasets.cellxgene.cziscience.com/d524e30b-44be-4aa8-a9cc-d94d77b0c2fc.h5ad,175767959,10.1038/s41588-024-02048-3,,0.0,False,0,0,0,0,0,0,False,False,False,False,True
11622d58-4dfe-4a81-b3d2-c4cabbfd636a,ba84c7ba-8d8c-4720-a76e-3ee37dc89f0b,snRNA-seq of human adipose tissue - adipocytes from subcutaneous and visceral adipose integrated,Human subcutaneous and visceral adipocyte atlases uncover classical and non-classical adipocytes and depot-specific patterns,27665,10,1,24.0,53.0,29.0,8,10x 3' v3,nucleus,subcutaneous adipose tissue; visceral fat,normal,https://datasets.cellxgene.cziscience.com/664d16b5-5ec0-4b94-96cc-938a9c3a0977.h5ad,343676522,10.1038/s41588-024-02048-3,,0.0,False,0,0,0,0,0,0,False,False,False,True,True
00593d17-0693-4646-acad-89dbefba11bb,ba84c7ba-8d8c-4720-a76e-3ee37dc89f0b,Differentiation path from ASPCs to adipocytes in visceral adipose tissue double filtration (Scrublet & DoubletFinder) pipeline,Human subcutaneous and visceral adipocyte atlases uncover classical and non-classical adipocytes and depot-specific patterns,29078,10,2,24.0,53.0,29.0,8,10x 3' v3,nucleus,visceral fat,normal,https://datasets.cellxgene.cziscience.com/d16c862c-9423-4178-af21-76e1575fb165.h5ad,266720217,10.1038/s41588-024-02048-3,,0.0,False,0,0,0,0,0,0,False,False,False,False,True
f1606894-59df-4794-a37f-baa7c6fb6de1,8c782494-01ed-491b-97b9-6f0d3b76c676,PERIHEART,Transcriptomic and spatial dissection of human ex vivo right atrial tissue reveals proinflammatory microvascular changes in ischemic heart disease,392819,54,11,,,,0,10x 3' v3,nucleus,right atrium auricular region,coronary artery disorder; heart valve disorder; myocardial infarction; normal,https://datasets.cellxgene.cziscience.com/d070bbc4-3c71-4f7a-adaf-583ccb059eb6.h5ad,2785258526,10.1016/j.xcrm.2024.101556,heart,1.0,True,0,0,0,1,0,0,False,False,False,False,True
8f4f8502-9170-4ac2-9707-3b6985ebfe5f,8c782494-01ed-491b-97b9-6f0d3b76c676,CAREBANK,Transcriptomic and spatial dissection of human ex vivo right atrial tissue reveals proinflammatory microvascular changes in ischemic heart disease,221756,47,12,,,,0,10x 3' v3,nucleus,right atrium auricular region,heart failure; heart valve disorder; myocardial ischemia; normal,https://datasets.cellxgene.cziscience.com/86094298-00c2-4d09-b11d-342c5aa1f951.h5ad,1614233508,10.1016/j.xcrm.2024.101556,heart,1.0,True,0,0,0,1,0,0,False,False,False,False,True
fbd69faa-b0c5-45ba-89c9-da938a7f5a14,fc19ae6c-d7c1-4dce-b703-62c5d52061b4,thymus scRNA-seq atlas - myeloid p2 subset,A spatial human thymus cell atlas mapped to a continuous tissue axis,843,17,7,0.25,1.1666666666666667,0.9166666666666669,3,10x 3' v2; 10x 3' v3; 10x 5' v1; 10x 5' v2,cell,thymus,normal,https://datasets.cellxgene.cziscience.com/a28cc1b6-eb42-4635-9a1e-0945149d3d13.h5ad,5690382,10.1038/s41586-024-07944-6,,0.0,False,0,0,0,0,0,0,False,False,True,False,True
e387b643-a223-4cbe-a9ec-d903f688d586,fc19ae6c-d7c1-4dce-b703-62c5d52061b4,thymus visium sample TA11556495,A spatial human thymus cell atlas mapped to a continuous tissue axis,4992,1,9,2.0,2.0,0.0,1,Visium Spatial Gene Expression V1,na,thymus,normal,https://datasets.cellxgene.cziscience.com/7f1d199e-9ae1-4dd4-9bc9-154954318d2c.h5ad,191165132,10.1038/s41586-024-07944-6,,0.0,False,0,0,0,0,0,0,False,False,False,False,True
dce86f11-28ae-48bc-aa5e-58dc976037b3,fc19ae6c-d7c1-4dce-b703-62c5d52061b4,thymus visium sample WSSS_F_IMMsp11765867,A spatial human thymus cell atlas mapped to a continuous tissue axis,4992,1,5,,,,0,Visium Spatial Gene Expression V1,na,thymus,normal,https://datasets.cellxgene.cziscience.com/12cc6c69-2ff6-499e-9679-c6716d299a09.h5ad,128394975,10.1038/s41586-024-07944-6,,0.0,False,0,0,0,0,0,0,False,False,False,False,True
dbc2f08c-17f6-42c5-9a35-095e606c3958,fc19ae6c-d7c1-4dce-b703-62c5d52061b4,thymus visium sample WSSS_THYst9142088,A spatial human thymus cell atlas mapped to a continuous tissue axis,4992,1,7,0.5,0.5,0.0,1,Visium Spatial Gene Expression V1,na,thymus,normal,https://datasets.cellxgene.cziscience.com/54716bd9-72ac-4e7b-a041-ecae791cf217.h5ad,175629939,10.1038/s41586-024-07944-6,,0.0,False,0,0,0,0,0,0,False,False,False,False,True
d551b400-b2e5-454d-b5a9-ece03e6b4739,fc19ae6c-d7c1-4dce-b703-62c5d52061b4,thymus visium sample WSSS_THYst9142086,A spatial human thymus cell atlas mapped to a continuous tissue axis,4992,1,6,0.5,0.5,0.0,1,Visium Spatial Gene Expression V1,na,thymus,normal,https://datasets.cellxgene.cziscience.com/021034d1-0a41-4736-bb42-db771674c5e7.h5ad,167926762,10.1038/s41586-024-07944-6,,0.0,False,0,0,0,0,0,0,False,False,False,False,True
d50a5a5c-17e7-486b-81a8-5af7d53de414,fc19ae6c-d7c1-4dce-b703-62c5d52061b4,thymus visium sample TA11486163,A spatial human thymus cell atlas mapped to a continuous tissue axis,4992,1,8,2.0,2.0,0.0,1,Visium Spatial Gene Expression V1,na,thymus,normal,https://datasets.cellxgene.cziscience.com/875f797e-ee7e-43e0-b838-239522133ba8.h5ad,169770931,10.1038/s41586-024-07944-6,,0.0,False,0,0,0,0,0,0,False,False,False,False,True
d04a80b0-196d-4a0f-a069-63d314f07252,fc19ae6c-d7c1-4dce-b703-62c5d52061b4,merged thymus visium pediatric samples,A spatial human thymus cell atlas mapped to a continuous tissue axis,25593,6,9,0.25,2.0,1.75,6,Visium Spatial Gene Expression V1,na,thymus,normal,https://datasets.cellxgene.cziscience.com/9532bbf2-da9f-4cc1-bf52-df9a3dfea3d1.h5ad,189642729,10.1038/s41586-024-07944-6,,0.0,False,0,0,0,0,0,0,False,False,False,False,True
cfcec0ab-909c-4334-9683-b275e0b4dcc0,fc19ae6c-d7c1-4dce-b703-62c5d52061b4,thymus scRNA-seq atlas - T cell subset,A spatial human thymus cell atlas mapped to a continuous tissue axis,391462,29,13,0.1666666666666666,2.0,1.8333333333333333,7,10x 3' v2; 10x 3' v3; 10x 5' v1; 10x 5' v2,cell,thymus,normal,https://datasets.cellxgene.cziscience.com/9e93e320-fecf-4f29-88b0-f052c945a335.h5ad,1455811067,10.1038/s41586-024-07944-6,,0.0,False,0,0,0,0,0,0,False,False,True,False,True
c447ff21-49b9-404c-8f70-e2fb7c73cf25,fc19ae6c-d7c1-4dce-b703-62c5d52061b4,thymus visium sample WSSS_F_IMMsp11604689,A spatial human thymus cell atlas mapped to a continuous tissue axis,4992,1,5,,,,0,Visium Spatial Gene Expression V1,na,thymus,normal,https://datasets.cellxgene.cziscience.com/1fb779e3-6207-41dd-a157-0311380ba84d.h5ad,110137718,10.1038/s41586-024-07944-6,,0.0,False,0,0,0,0,0,0,False,False,False,False,True
c3431f48-81bd-4d7b-9045-e43be7645883,fc19ae6c-d7c1-4dce-b703-62c5d52061b4,thymus scRNA-seq atlas - smooth muscle cell subset,A spatial human thymus cell atlas mapped to a continuous tissue axis,10019,17,2,0.25,0.8333333333333334,0.5833333333333334,3,10x 3' v2; 10x 3' v3; 10x 5' v1; 10x 5' v2,cell,thymus,normal,https://datasets.cellxgene.cziscience.com/a14a4500-db13-41b5-bd55-9cf6fe1de008.h5ad,29425623,10.1038/s41586-024-07944-6,,0.0,False,0,0,0,0,0,0,False,False,True,False,True
b80d2efd-3602-4419-b8e7-8fdeaf431f05,fc19ae6c-d7c1-4dce-b703-62c5d52061b4,thymus visium sample WSSS_THYst9518033,A spatial human thymus cell atlas mapped to a continuous tissue axis,4992,1,8,0.4166666666666667,0.4166666666666667,0.0,1,Visium Spatial Gene Expression V1,na,thymus,normal,https://datasets.cellxgene.cziscience.com/3cfa318b-b971-4295-abed-1bb9d3b63685.h5ad,168860405,10.1038/s41586-024-07944-6,,0.0,False,0,0,0,0,0,0,False,False,False,False,True
a614ec2c-5c14-425e-afb9-6c897aba159f,fc19ae6c-d7c1-4dce-b703-62c5d52061b4,thymus visium sample WSSS_THYst9142089,A spatial human thymus cell atlas mapped to a continuous tissue axis,4992,1,6,0.5,0.5,0.0,1,Visium Spatial Gene Expression V1,na,thymus,normal,https://datasets.cellxgene.cziscience.com/fab29cbc-dad2-4644-abaf-5281fdc7fb7d.h5ad,172005012,10.1038/s41586-024-07944-6,,0.0,False,0,0,0,0,0,0,False,False,False,False,True
93b68c0a-f70f-4361-94da-03efd5f1ad9b,fc19ae6c-d7c1-4dce-b703-62c5d52061b4,thymus visium sample WSSS_F_IMMsp11765868,A spatial human thymus cell atlas mapped to a continuous tissue axis,4992,1,4,,,,0,Visium Spatial Gene Expression V1,na,thymus,normal,https://datasets.cellxgene.cziscience.com/0e3a2528-a698-42e9-88ac-bfb8750c7314.h5ad,130800956,10.1038/s41586-024-07944-6,,0.0,False,0,0,0,0,0,0,False,False,False,False,True
93a3b257-359b-4266-b23f-64875d37a9e3,fc19ae6c-d7c1-4dce-b703-62c5d52061b4,thymus scRNA-seq atlas - fibroblast subset,A spatial human thymus cell atlas mapped to a continuous tissue axis,20779,18,3,0.25,2.0,1.75,4,10x 3' v2; 10x 3' v3; 10x 5' v1; 10x 5' v2,cell,thymus,normal,https://datasets.cellxgene.cziscience.com/6e0c3112-bbaa-4702-a2bd-1fe921ab1cc6.h5ad,74464146,10.1038/s41586-024-07944-6,,0.0,False,0,0,0,0,0,0,False,False,True,False,True
939d235c-50bd-41e1-83f5-d056d1aeae47,fc19ae6c-d7c1-4dce-b703-62c5d52061b4,thymus scRNA-seq atlas - B cell subset,A spatial human thymus cell atlas mapped to a continuous tissue axis,3460,23,8,0.1666666666666666,2.0,1.8333333333333333,7,10x 3' v2; 10x 5' v1; 10x 5' v2,cell,thymus,normal,https://datasets.cellxgene.cziscience.com/1ddf5a78-2994-4df8-a29e-824f2cf4c5d6.h5ad,16567141,10.1038/s41586-024-07944-6,,0.0,False,0,0,0,0,0,0,False,False,True,False,True
8a7c6bd5-1aa0-457e-8be0-b91e9283dd9c,fc19ae6c-d7c1-4dce-b703-62c5d52061b4,thymus visium sample WSSS_F_IMMsp11604690,A spatial human thymus cell atlas mapped to a continuous tissue axis,4992,1,6,,,,0,Visium Spatial Gene Expression V1,na,thymus,normal,https://datasets.cellxgene.cziscience.com/67adf9f0-8ad2-4688-afcd-0221bdb44f91.h5ad,107725267,10.1038/s41586-024-07944-6,,0.0,False,0,0,0,0,0,0,False,False,False,False,True
8941ecc9-05f8-431d-9a32-0baaf3f145ea,fc19ae6c-d7c1-4dce-b703-62c5d52061b4,thymus visium sample WSSS_F_IMMsp11604688,A spatial human thymus cell atlas mapped to a continuous tissue axis,4992,1,7,,,,0,Visium Spatial Gene Expression V1,na,thymus,normal,https://datasets.cellxgene.cziscience.com/72b75311-9720-4873-931d-9ead8595dfe3.h5ad,103151672,10.1038/s41586-024-07944-6,,0.0,False,0,0,0,0,0,0,False,False,False,False,True
7e7b7257-5a43-40bd-8711-32b84dde074d,fc19ae6c-d7c1-4dce-b703-62c5d52061b4,thymus visium sample WSSS_F_IMMsp11604685,A spatial human thymus cell atlas mapped to a continuous tissue axis,4992,1,6,,,,0,Visium Spatial Gene Expression V1,na,thymus,normal,https://datasets.cellxgene.cziscience.com/fe8bf587-e198-4ff7-93a0-9fc6cf3b583c.h5ad,104323612,10.1038/s41586-024-07944-6,,0.0,False,0,0,0,0,0,0,False,False,False,False,True
73632d4a-2160-43da-8006-92968cd1a102,fc19ae6c-d7c1-4dce-b703-62c5d52061b4,thymus visium sample TA11556494,A spatial human thymus cell atlas mapped to a continuous tissue axis,4992,1,8,0.25,0.25,0.0,1,Visium Spatial Gene Expression V1,na,thymus,normal,https://datasets.cellxgene.cziscience.com/952f4b91-adca-44a7-89fc-b7104305a845.h5ad,189883876,10.1038/s41586-024-07944-6,,0.0,False,0,0,0,0,0,0,False,False,False,False,True
7158766e-e1a3-4895-a81a-8b043fdd3bb6,fc19ae6c-d7c1-4dce-b703-62c5d52061b4,thymus visium sample TA11486161,A spatial human thymus cell atlas mapped to a continuous tissue axis,4992,1,5,1.5833333333333333,1.5833333333333333,0.0,1,Visium Spatial Gene Expression V1,na,thymus,normal,https://datasets.cellxgene.cziscience.com/a77dbeb5-c627-447b-962b-01dd88fe24c5.h5ad,162664460,10.1038/s41586-024-07944-6,,0.0,False,0,0,0,0,0,0,False,False,False,False,True
6bf0b3fa-7f96-400e-ae3e-314614e377e7,fc19ae6c-d7c1-4dce-b703-62c5d52061b4,thymus visium sample WSSS_F_IMMsp10864183,A spatial human thymus cell atlas mapped to a continuous tissue axis,4992,1,8,,,,0,Visium Spatial Gene Expression V1,na,thymus,normal,https://datasets.cellxgene.cziscience.com/bacb2141-3d6d-4604-b2de-8f2e8acc0416.h5ad,124075311,10.1038/s41586-024-07944-6,,0.0,False,0,0,0,0,0,0,False,False,False,False,True
6955f319-f26c-436a-84ca-16723c759ba7,fc19ae6c-d7c1-4dce-b703-62c5d52061b4,thymus visium sample TA11556493,A spatial human thymus cell atlas mapped to a continuous tissue axis,4992,1,8,0.25,0.25,0.0,1,Visium Spatial Gene Expression V1,na,thymus,normal,https://datasets.cellxgene.cziscience.com/c9e64bf3-bf83-4f9a-b0d8-194411ef05e2.h5ad,188511863,10.1038/s41586-024-07944-6,,0.0,False,0,0,0,0,0,0,False,False,False,False,True
63b0a978-5820-4c3a-96a8-af098c1b0166,fc19ae6c-d7c1-4dce-b703-62c5d52061b4,thymus scRNA-seq atlas - thymic epithelial cell subset,A spatial human thymus cell atlas mapped to a continuous tissue axis,25726,18,9,0.25,2.0,1.75,4,10x 3' v2; 10x 3' v3; 10x 5' v1; 10x 5' v2,cell,thymus,normal,https://datasets.cellxgene.cziscience.com/ad4813c6-33ce-48e6-8505-8bbaca5408c5.h5ad,135051848,10.1038/s41586-024-07944-6,,0.0,False,0,0,0,0,0,0,False,False,True,False,True
5d2733c4-f91c-448b-a234-fbce0f46d4b9,fc19ae6c-d7c1-4dce-b703-62c5d52061b4,thymus visium sample WSSS_F_IMMsp11604686,A spatial human thymus cell atlas mapped to a continuous tissue axis,4992,1,9,,,,0,Visium Spatial Gene Expression V1,na,thymus,normal,https://datasets.cellxgene.cziscience.com/a1d2e2db-74e2-4a76-9edb-7916c45f3a0b.h5ad,105818121,10.1038/s41586-024-07944-6,,0.0,False,0,0,0,0,0,0,False,False,False,False,True
577b8c6e-892b-4d62-b140-1fdca940a649,fc19ae6c-d7c1-4dce-b703-62c5d52061b4,thymus scRNA-seq atlas - vascular cell subset,A spatial human thymus cell atlas mapped to a continuous tissue axis,26313,18,4,0.25,2.0,1.75,4,10x 3' v2; 10x 3' v3; 10x 5' v1; 10x 5' v2,cell,thymus,normal,https://datasets.cellxgene.cziscience.com/f483be56-16e7-42ee-b476-132854b14813.h5ad,94238100,10.1038/s41586-024-07944-6,,0.0,False,0,0,0,0,0,0,False,False,True,False,True
54999653-92b5-40e8-8438-0456ddb62cb2,fc19ae6c-d7c1-4dce-b703-62c5d52061b4,thymus scRNA-seq atlas - myeloid p1 subset,A spatial human thymus cell atlas mapped to a continuous tissue axis,2923,24,3,0.1666666666666666,2.0,1.8333333333333333,7,10x 3' v2; 10x 3' v3; 10x 5' v1; 10x 5' v2,cell,thymus,normal,https://datasets.cellxgene.cziscience.com/df1e3368-67f5-49ce-92cd-fe4f13298b4f.h5ad,20363580,10.1038/s41586-024-07944-6,,0.0,False,0,0,0,0,0,0,False,False,True,False,True
4cceac62-9513-42a4-90e5-2878dbb0192c,fc19ae6c-d7c1-4dce-b703-62c5d52061b4,thymus visium sample WSSS_THYst9518030,A spatial human thymus cell atlas mapped to a continuous tissue axis,4992,1,7,0.4166666666666667,0.4166666666666667,0.0,1,Visium Spatial Gene Expression V1,na,thymus,normal,https://datasets.cellxgene.cziscience.com/409826ac-9b0d-4ac1-bcc7-f71f5f95a9f0.h5ad,172404653,10.1038/s41586-024-07944-6,,0.0,False,0,0,0,0,0,0,False,False,False,False,True
48900359-9ba9-4337-b1c6-a2393b17d670,fc19ae6c-d7c1-4dce-b703-62c5d52061b4,thymus visium sample WSSS_THYst9142087,A spatial human thymus cell atlas mapped to a continuous tissue axis,4992,1,6,0.5,0.5,0.0,1,Visium Spatial Gene Expression V1,na,thymus,normal,https://datasets.cellxgene.cziscience.com/9515c60b-a7e6-4316-b558-eb88fd508c7e.h5ad,165915760,10.1038/s41586-024-07944-6,,0.0,False,0,0,0,0,0,0,False,False,False,False,True
43848156-ba94-47b5-8409-7535cea75678,fc19ae6c-d7c1-4dce-b703-62c5d52061b4,thymus visium sample TA11556492,A spatial human thymus cell atlas mapped to a continuous tissue axis,4992,1,9,1.1666666666666667,1.1666666666666667,0.0,1,Visium Spatial Gene Expression V1,na,thymus,normal,https://datasets.cellxgene.cziscience.com/7bb2c564-592d-4afc-880d-9d08fbfb0701.h5ad,185640046,10.1038/s41586-024-07944-6,,0.0,False,0,0,0,0,0,0,False,False,False,False,True
3a29c3df-b45a-403d-bd76-259640245432,fc19ae6c-d7c1-4dce-b703-62c5d52061b4,thymus visium sample TA11486164,A spatial human thymus cell atlas mapped to a continuous tissue axis,4992,1,6,1.1666666666666667,1.1666666666666667,0.0,1,Visium Spatial Gene Expression V1,na,thymus,normal,https://datasets.cellxgene.cziscience.com/5d09585a-4198-45b3-b44c-bec344b69441.h5ad,167919015,10.1038/s41586-024-07944-6,,0.0,False,0,0,0,0,0,0,False,False,False,False,True
35d08a93-c6d2-4954-9a14-3710c331d28c,fc19ae6c-d7c1-4dce-b703-62c5d52061b4,thymus visium sample WSSS_F_IMMsp11604687,A spatial human thymus cell atlas mapped to a continuous tissue axis,4992,1,8,,,,0,Visium Spatial Gene Expression V1,na,thymus,normal,https://datasets.cellxgene.cziscience.com/b69f3964-25bb-46f5-bea1-3599ad052e16.h5ad,105565410,10.1038/s41586-024-07944-6,,0.0,False,0,0,0,0,0,0,False,False,False,False,True
2ce7f866-1f9e-486b-b555-c06410e188cb,fc19ae6c-d7c1-4dce-b703-62c5d52061b4,thymus visium sample TA11556496,A spatial human thymus cell atlas mapped to a continuous tissue axis,4992,1,7,2.0,2.0,0.0,1,Visium Spatial Gene Expression V1,na,thymus,normal,https://datasets.cellxgene.cziscience.com/748d4c0d-307f-4c8c-a7a3-064d399ce96a.h5ad,189342884,10.1038/s41586-024-07944-6,,0.0,False,0,0,0,0,0,0,False,False,False,False,True
29244e1d-02e6-4133-b411-516ef7474638,fc19ae6c-d7c1-4dce-b703-62c5d52061b4,thymus scRNA-seq atlas,A spatial human thymus cell atlas mapped to a continuous tissue axis,482651,29,52,0.1666666666666666,2.0,1.8333333333333333,7,10x 3' v2; 10x 3' v3; 10x 5' v1; 10x 5' v2,cell,thymus,normal,https://datasets.cellxgene.cziscience.com/42cb67f3-c6a8-473d-817f-4e52843c2ee5.h5ad,2050854566,10.1038/s41586-024-07944-6,,0.0,False,0,0,0,0,0,0,False,False,False,False,True
24cd1930-ac79-4bf4-adb9-7970644fabf7,fc19ae6c-d7c1-4dce-b703-62c5d52061b4,thymus visium sample WSSS_F_IMMsp9838711,A spatial human thymus cell atlas mapped to a continuous tissue axis,4992,1,8,,,,0,Visium Spatial Gene Expression V1,na,thymus,normal,https://datasets.cellxgene.cziscience.com/05f8904a-2ac7-4cca-915c-2580b6ad9f60.h5ad,123101019,10.1038/s41586-024-07944-6,,0.0,False,0,0,0,0,0,0,False,False,False,False,True
22ec5e4c-a2db-4769-8c4a-9530b5f6962d,fc19ae6c-d7c1-4dce-b703-62c5d52061b4,merged thymus visium fetal samples,A spatial human thymus cell atlas mapped to a continuous tissue axis,12918,7,11,,,,0,Visium Spatial Gene Expression V1,na,thymus,normal,https://datasets.cellxgene.cziscience.com/8cd7a073-f8ed-4837-8269-98c258b20110.h5ad,118546546,10.1038/s41586-024-07944-6,,0.0,False,0,0,0,0,0,0,False,False,False,False,True
22a8b852-6bd0-488c-9c4d-140c17f82fce,fc19ae6c-d7c1-4dce-b703-62c5d52061b4,thymus visium sample WSSS_F_IMMsp9838716,A spatial human thymus cell atlas mapped to a continuous tissue axis,4992,1,8,,,,0,Visium Spatial Gene Expression V1,na,thymus,normal,https://datasets.cellxgene.cziscience.com/e4d6e467-ec86-466c-98bc-fb6c5204e119.h5ad,135275397,10.1038/s41586-024-07944-6,,0.0,False,0,0,0,0,0,0,False,False,False,False,True
1b2d0349-d2b2-4138-b86f-863b4410402c,fc19ae6c-d7c1-4dce-b703-62c5d52061b4,thymus visium sample TA11486162,A spatial human thymus cell atlas mapped to a continuous tissue axis,4992,1,5,0.25,0.25,0.0,1,Visium Spatial Gene Expression V1,na,thymus,normal,https://datasets.cellxgene.cziscience.com/6e8630b3-b4a0-4463-b925-8f04e7b2cec0.h5ad,165594906,10.1038/s41586-024-07944-6,,0.0,False,0,0,0,0,0,0,False,False,False,False,True
1a381d53-3af7-48a3-9a45-93e40cbeb924,fc19ae6c-d7c1-4dce-b703-62c5d52061b4,thymus visium sample WSSS_THYst9518032,A spatial human thymus cell atlas mapped to a continuous tissue axis,4992,1,6,0.4166666666666667,0.4166666666666667,0.0,1,Visium Spatial Gene Expression V1,na,thymus,normal,https://datasets.cellxgene.cziscience.com/2f48a169-5b03-4d41-8d9f-3bd2198e511d.h5ad,166734451,10.1038/s41586-024-07944-6,,0.0,False,0,0,0,0,0,0,False,False,False,False,True
04ea2093-332f-4684-99f1-c353cd62c35b,fc19ae6c-d7c1-4dce-b703-62c5d52061b4,thymus visium sample WSSS_F_IMMsp11765870,A spatial human thymus cell atlas mapped to a continuous tissue axis,4992,1,12,,,,0,Visium Spatial Gene Expression V1,na,thymus,normal,https://datasets.cellxgene.cziscience.com/8d9d916a-8031-40f3-99f8-ead96050db42.h5ad,122692336,10.1038/s41586-024-07944-6,,0.0,False,0,0,0,0,0,0,False,False,False,False,True
8fbed309-d3d4-441b-b3ff-e2dcbcec2d35,dc4cd1f7-667a-4c29-ae77-9401b9700d7f,Anomalous Epithelial Variations and Ectopic Inflammatory Response in Chronic Obstructive Pulmonary Disease,Anomalous Epithelial Variations and Ectopic Inflammatory Response in Chronic Obstructive Pulmonary Disease,57918,16,21,33.0,81.0,48.0,15,10x 3' v3,cell,lung parenchyma,chronic obstructive pulmonary disease; normal,https://datasets.cellxgene.cziscience.com/6eedf808-fb04-4c0c-a788-26e63bc51d92.h5ad,848746348,10.1165/rcmb.2021-0555OC,,0.0,False,0,0,0,0,0,0,False,False,False,False,True
8e5978bd-0e48-4a09-a92d-fa2985059f05,0e54d4de-44f0-4d50-8649-b5c2bbe8f5d1,Adult bladder urothelial subset,Exploring the Utility of snRNA-seq in Profiling Human Bladder Tissue: A Comprehensive Comparison with scRNA-seq,14776,1,3,21.0,21.0,0.0,1,10x 3' v3,cell; nucleus,dome of urinary bladder; neck of urinary bladder; ureteral orifice; ureterovesical junction,normal,https://datasets.cellxgene.cziscience.com/ed684fcd-895a-45ac-9053-223b62bb631a.h5ad,348611390,10.1016/j.isci.2024.111628,,0.0,False,0,0,0,0,0,0,False,False,True,False,True
601c7454-17ff-432c-8e0d-902bfddb8013,0e54d4de-44f0-4d50-8649-b5c2bbe8f5d1,Adult bladder immune subset,Exploring the Utility of snRNA-seq in Profiling Human Bladder Tissue: A Comprehensive Comparison with scRNA-seq,2094,1,9,21.0,21.0,0.0,1,10x 3' v3,cell; nucleus,dome of urinary bladder; neck of urinary bladder; ureteral orifice; ureterovesical junction,normal,https://datasets.cellxgene.cziscience.com/24f3b529-a9d2-4396-8173-2f8198d8a8d4.h5ad,34606421,10.1016/j.isci.2024.111628,,0.0,False,0,0,0,0,0,0,False,False,True,False,True
2dd9d7a2-4bee-4c3f-a1f5-89bc3271c4f0,0e54d4de-44f0-4d50-8649-b5c2bbe8f5d1,Adult bladder stromal subset,Exploring the Utility of snRNA-seq in Profiling Human Bladder Tissue: A Comprehensive Comparison with scRNA-seq,12964,1,8,21.0,21.0,0.0,1,10x 3' v3,cell; nucleus,dome of urinary bladder; neck of urinary bladder; ureteral orifice; ureterovesical junction,normal,https://datasets.cellxgene.cziscience.com/b05f197a-3ac3-450d-9958-e139ff213c60.h5ad,195325213,10.1016/j.isci.2024.111628,,0.0,False,0,0,0,0,0,0,False,False,True,False,True
fbdd8c17-b34a-4cbc-abc4-1aeaa294a538,bd552f76-1f1b-43a3-b9ee-0aace57e90d6,Breast cancer 4 patients archival FFPE samples profiling with Chromium FLEX,"Transcriptome Analysis of Archived Tumor Tissues by Visium, GeoMx DSP, and Chromium Methods Reveals Inter- and Intra-Patient Heterogeneity",10689,4,19,,,,0,10x Next GEM Flex v1,cell,parenchyma of mammary gland,invasive ductal breast carcinoma; invasive lobular breast carcinoma,https://datasets.cellxgene.cziscience.com/5466ce85-7f19-49e2-9a1b-54646bb84708.h5ad,153132317,10.1101/2024.11.01.621259,,0.0,False,0,0,0,0,0,0,False,True,False,False,False
a77176ec-96c8-4448-a3e7-b56940bdfab6,bd552f76-1f1b-43a3-b9ee-0aace57e90d6,Diffuse large B cell lymphoma (DLBCL) 6 patients archival FFPE samples profiling with Chromium FLEX,"Transcriptome Analysis of Archived Tumor Tissues by Visium, GeoMx DSP, and Chromium Methods Reveals Inter- and Intra-Patient Heterogeneity",39713,6,17,,,,0,10x Next GEM Flex v1,cell,arm skin; bronchus; cervical lymph node; duodenum; external iliac lymph node; stomach,"diffuse large B-cell lymphoma; primary cutaneous diffuse large B-cell lymphoma, Leg type",https://datasets.cellxgene.cziscience.com/e9b97c4b-5000-488d-b2e4-505bfb327671.h5ad,600031286,10.1101/2024.11.01.621259,,0.0,False,0,0,0,0,0,0,False,True,False,False,False
1e4214ce-7347-4ec7-97b3-fcf7c1938e8b,bd552f76-1f1b-43a3-b9ee-0aace57e90d6,Lung cancer 4 patients archival FFPE samples profiling with Chromium FLEX,"Transcriptome Analysis of Archived Tumor Tissues by Visium, GeoMx DSP, and Chromium Methods Reveals Inter- and Intra-Patient Heterogeneity",35954,4,19,,,,0,10x Next GEM Flex v1,cell,lung parenchyma,lung adenocarcinoma; squamous cell lung carcinoma,https://datasets.cellxgene.cziscience.com/4ca422ae-e4ad-4884-9073-7c3799cd9143.h5ad,502582278,10.1101/2024.11.01.621259,,0.0,False,0,0,0,0,0,0,False,True,False,False,False
cff99df2-4904-44f7-9173-ff837f95606e,0d35c0fd-ef0b-4b70-bce6-645a4660e5fa,all cells,Molecular Signatures of Resilience to Alzheimer’s Disease in Neocortical Layer 4 Neurons,424528,46,7,52.0,111.0,59.0,28,10x 3' v2; 10x 3' v3; Drop-seq,nucleus,Brodmann (1909) area 17; Brodmann (1909) area 7; Brodmann (1909) area 9,Alzheimer disease; normal,https://datasets.cellxgene.cziscience.com/7bfa165b-b3af-4f84-9a89-ca22d3e093f3.h5ad,6472596259,10.1038/s41467-026-68920-4,brain,1.0,True,0,3,0,0,0,0,False,False,False,False,True
215ede73-4f67-4a72-b77e-9c3b077b6dfc,0d35c0fd-ef0b-4b70-bce6-645a4660e5fa,Excitatory,Molecular Signatures of Resilience to Alzheimer’s Disease in Neocortical Layer 4 Neurons,282930,46,1,52.0,111.0,59.0,28,10x 3' v2; 10x 3' v3; Drop-seq,nucleus,Brodmann (1909) area 17; Brodmann (1909) area 7; Brodmann (1909) area 9,Alzheimer disease; normal,https://datasets.cellxgene.cziscience.com/38669699-40a6-49c5-96f9-51c6f0700e28.h5ad,4964542106,10.1038/s41467-026-68920-4,brain,1.0,True,0,3,0,0,0,0,False,False,False,False,True
0ecea697-0f69-4d40-88e1-7f854e17e2b3,0d35c0fd-ef0b-4b70-bce6-645a4660e5fa,Inhibitory,Molecular Signatures of Resilience to Alzheimer’s Disease in Neocortical Layer 4 Neurons,79294,46,1,52.0,111.0,59.0,28,10x 3' v2; 10x 3' v3; Drop-seq,nucleus,Brodmann (1909) area 17; Brodmann (1909) area 7; Brodmann (1909) area 9,Alzheimer disease; normal,https://datasets.cellxgene.cziscience.com/c0d09937-0c24-43a4-8900-64b146ac4692.h5ad,1077330777,10.1038/s41467-026-68920-4,brain,1.0,True,0,3,0,0,0,0,False,False,False,False,True
776a1e4a-f141-49bb-9978-d0588a4cee9f,6282a908-f162-44a2-99a3-8a942e4271b2,human intestine organoid cell atlas,Integrated human endoderm-derived organoids cell atlas (HEOCA),353140,80,22,,,,0,10x 3' v2; 10x 3' v3; 10x 5' v2; SORT-seq; Seq-Well S3,cell; nucleus,colon; duodenum; ileum; intestine,normal,https://datasets.cellxgene.cziscience.com/a8d79867-3e4d-4026-b2b1-5d0ddd6cb58e.h5ad,5779034312,10.1038/s41588-025-02182-6,,0.0,False,0,0,0,0,0,0,True,False,False,True,True
6725ee8e-ef5b-4e68-8901-61bd14a1fe73,6282a908-f162-44a2-99a3-8a942e4271b2,human endoderm organoid cell atlas,Integrated human endoderm-derived organoids cell atlas (HEOCA),806646,200,40,,,,0,10x 3' v2; 10x 3' v3; 10x 5' v1; 10x multiome; CEL-seq2; SORT-seq; Seq-Well S3; Smart-seq,cell; nucleus,alveolar sac; biliary system; bronchus; colon; common bile duct; corpus; duodenum; gallbladder; ileum; intestine; intrahepatic bile duct; liver; lung; lung epithelium; nasopharynx; pancreas; prostate gland; pyloric antrum; salivary gland epithelium; stomach; thyroid gland,normal,https://datasets.cellxgene.cziscience.com/40f7635e-7fcd-4ede-82e9-0d32753a6b82.h5ad,12560986056,10.1038/s41588-025-02182-6,liver,0.09523809523809523,True,0,0,0,0,0,2,True,False,False,True,True
569bce19-14c3-436f-bebf-543e5ea025dc,6282a908-f162-44a2-99a3-8a942e4271b2,human lung organoid cell atlas,Integrated human endoderm-derived organoids cell atlas (HEOCA),221425,52,9,,,,0,10x 3' v2; 10x 3' v3; 10x 5' v1,cell,alveolar sac; bronchus; lung; lung epithelium; nasopharynx,normal,https://datasets.cellxgene.cziscience.com/a489d69e-dd99-4663-9cfd-3d7e0e876103.h5ad,2843812627,10.1038/s41588-025-02182-6,,0.0,False,0,0,0,0,0,0,True,False,False,True,True
f1e4a73c-33ab-4564-bf92-742f8b286da6,b1a879f6-5638-48d3-8f64-f6592c1b1561,WSSS_F_IMMsp10864182,Mapping the developing human immune system across organs,4992,1,19,,,,0,Visium Spatial Gene Expression V1,na,spleen,normal,https://datasets.cellxgene.cziscience.com/1ca48065-dbb5-4587-b0e7-536a3b2dd0ac.h5ad,152052941,10.1126/science.abo0510,,0.0,False,0,0,0,0,0,0,False,False,False,False,True
e21487a3-936c-4114-8cf2-cfcc60c7eb6d,b1a879f6-5638-48d3-8f64-f6592c1b1561,WSSS_F_IMMsp9838717,Mapping the developing human immune system across organs,4992,1,6,,,,0,Visium Spatial Gene Expression V1,na,liver,normal,https://datasets.cellxgene.cziscience.com/141bfc2e-2a22-400b-b5fb-5b71a1b74120.h5ad,142581277,10.1126/science.abo0510,liver,1.0,True,0,0,0,0,0,1,False,False,False,False,True
dcc10fd8-23c1-4d3f-b07a-ab7cb120ad00,b1a879f6-5638-48d3-8f64-f6592c1b1561,WSSS_F_IMMsp9838711,Mapping the developing human immune system across organs,4992,1,13,,,,0,Visium Spatial Gene Expression V1,na,thymus,normal,https://datasets.cellxgene.cziscience.com/012d3605-6463-4615-be24-5c6b1e6c461c.h5ad,130609365,10.1126/science.abo0510,,0.0,False,0,0,0,0,0,0,False,False,False,False,True
c4e2bde2-3c51-4d10-9fd6-053e212b4824,b1a879f6-5638-48d3-8f64-f6592c1b1561,WSSS_F_IMMsp9838715,Mapping the developing human immune system across organs,4992,1,12,,,,0,Visium Spatial Gene Expression V1,na,spleen,normal,https://datasets.cellxgene.cziscience.com/d2d6a158-34b5-4763-b1f6-d6c8334b7ba8.h5ad,152599609,10.1126/science.abo0510,,0.0,False,0,0,0,0,0,0,False,False,False,False,True
aede7ec2-a32a-418f-b8f9-3a5c9b26245a,b1a879f6-5638-48d3-8f64-f6592c1b1561,WSSS_F_IMMsp9838716,Mapping the developing human immune system across organs,4992,1,15,,,,0,Visium Spatial Gene Expression V1,na,thymus,normal,https://datasets.cellxgene.cziscience.com/a4e90dc0-c2af-4362-9da5-dafd74f7322b.h5ad,163249223,10.1126/science.abo0510,,0.0,False,0,0,0,0,0,0,False,False,False,False,True
83de2c2c-c102-4b18-9e7d-da36e8ad76ca,b1a879f6-5638-48d3-8f64-f6592c1b1561,WSSS_F_IMMsp10864184,Mapping the developing human immune system across organs,4992,1,6,,,,0,Visium Spatial Gene Expression V1,na,liver,normal,https://datasets.cellxgene.cziscience.com/bbd41667-9273-47ac-bafd-f316ce609997.h5ad,170773057,10.1126/science.abo0510,liver,1.0,True,0,0,0,0,0,1,False,False,False,False,True
60608f13-0141-462c-acac-4556dc6b542b,b1a879f6-5638-48d3-8f64-f6592c1b1561,WSSS_F_IMMsp9838712,Mapping the developing human immune system across organs,4992,1,9,,,,0,Visium Spatial Gene Expression V1,na,liver,normal,https://datasets.cellxgene.cziscience.com/7d92bef7-e824-4cb0-8097-fe5eb6c66891.h5ad,136194545,10.1126/science.abo0510,liver,1.0,True,0,0,0,0,0,1,False,False,False,False,True
4ee03124-5782-4187-968a-c178f8b212e1,b1a879f6-5638-48d3-8f64-f6592c1b1561,WSSS_F_IMMsp10864181,Mapping the developing human immune system across organs,4992,1,17,,,,0,Visium Spatial Gene Expression V1,na,spleen,normal,https://datasets.cellxgene.cziscience.com/9f9e9b2c-3460-491e-95d3-93bc6fb7a04a.h5ad,186202763,10.1126/science.abo0510,,0.0,False,0,0,0,0,0,0,False,False,False,False,True
41bc3efb-b4e1-4676-8cb9-3a128450d9e1,b1a879f6-5638-48d3-8f64-f6592c1b1561,WSSS_F_IMMsp9838710,Mapping the developing human immune system across organs,4992,1,10,,,,0,Visium Spatial Gene Expression V1,na,spleen,normal,https://datasets.cellxgene.cziscience.com/e202bcd2-30b6-4209-8629-eb49fc6eb411.h5ad,116175291,10.1126/science.abo0510,,0.0,False,0,0,0,0,0,0,False,False,False,False,True
001b01fe-5c70-4bda-a3aa-ee09b7899b14,b1a879f6-5638-48d3-8f64-f6592c1b1561,WSSS_F_IMMsp10864183,Mapping the developing human immune system across organs,4992,1,12,,,,0,Visium Spatial Gene Expression V1,na,thymus,normal,https://datasets.cellxgene.cziscience.com/fb4813de-9ea1-4b23-8bcf-353220a5cd69.h5ad,159135594,10.1126/science.abo0510,,0.0,False,0,0,0,0,0,0,False,False,False,False,True
f95d8919-1f2a-405f-8776-bfecc0ab0f3f,854c0855-23ad-4362-8b77-6b1639e7a9fc,Kidney,Automatic cell-type harmonization and integration across Human Cell Atlas datasets,194504,62,29,29.0,76.0,47.0,37,10x 3' v2; 10x 3' v3; 10x 5' v1,cell; nucleus,cortex of kidney; kidney; renal medulla; renal papilla; renal pelvis,normal,https://datasets.cellxgene.cziscience.com/386349d9-bd94-48c9-813d-129602c1939d.h5ad,1425143821,10.1016/j.cell.2023.11.026,kidney,1.0,True,0,0,0,0,5,0,False,False,False,True,True
ec062e17-ed4b-41a5-b13a-4712b6de5543,854c0855-23ad-4362-8b77-6b1639e7a9fc,Lymph_node,Automatic cell-type harmonization and integration across Human Cell Atlas datasets,124440,22,28,52.0,65.0,13.0,2,10x 3' v2; 10x 3' v3; 10x 5' v1; 10x 5' v2,cell,bronchopulmonary lymph node; mesenteric lymph node; thoracic lymph node,normal,https://datasets.cellxgene.cziscience.com/19dd2dfa-c149-4980-8f03-76eed57cf9fb.h5ad,811535499,10.1016/j.cell.2023.11.026,,0.0,False,0,0,0,0,0,0,False,False,False,True,True
d86edd6a-4b5d-437a-ad80-1fd976a5e23a,854c0855-23ad-4362-8b77-6b1639e7a9fc,Blood,Automatic cell-type harmonization and integration across Human Cell Atlas datasets,335916,65,24,21.0,73.0,52.0,32,10x 3' v2; 10x 3' v3; 10x 5' v1; 10x 5' v2,cell,blood,normal,https://datasets.cellxgene.cziscience.com/e1ce4d49-a850-4167-a18c-9e9e68bbfe66.h5ad,2416003445,10.1016/j.cell.2023.11.026,,0.0,False,0,0,0,0,0,0,False,False,False,True,True
cbec7853-d996-4493-bbf8-5d82857a4e51,854c0855-23ad-4362-8b77-6b1639e7a9fc,Intestine,Automatic cell-type harmonization and integration across Human Cell Atlas datasets,263275,26,38,29.0,53.0,24.0,3,10x 3' v1; 10x 3' v2; 10x 3' v3; 10x 5' v2,cell,caecum epithelium; caecum lamina propria; cecum mucosa; colonic epithelium; duodenal mucosa; ileal mucosa; jejunal mucosa; lamina propria of mucosa of colon; mucosa of appendix; mucosa of ascending colon; mucosa of descending colon; mucosa of rectum; mucosa of sigmoid colon; mucosa of transverse col,normal,https://datasets.cellxgene.cziscience.com/595e055a-8d3c-4801-bf33-7c043ebc80d2.h5ad,1450670990,10.1016/j.cell.2023.11.026,,0.0,False,0,0,0,0,0,0,False,False,False,True,True
a20e2f2a-e171-450a-8ddc-8935c2977ad6,854c0855-23ad-4362-8b77-6b1639e7a9fc,Bone_marrow,Automatic cell-type harmonization and integration across Human Cell Atlas datasets,66613,17,38,17.0,61.0,44.0,7,10x 3' v3; 10x 5' transcription profiling; 10x 5' v1; 10x 5' v2; Smart-seq2,cell,bone marrow,normal,https://datasets.cellxgene.cziscience.com/4ce47ed6-f41f-4c35-8120-75bbb3f55004.h5ad,637229214,10.1016/j.cell.2023.11.026,,0.0,False,0,0,0,0,0,0,False,False,False,True,True
74014ef8-d2d0-4cbc-8ba2-037f30753ffd,854c0855-23ad-4362-8b77-6b1639e7a9fc,Hippocampus,Automatic cell-type harmonization and integration across Human Cell Atlas datasets,676845,17,15,24.0,79.0,55.0,13,10x 3' v2; 10x 3' v3,nucleus,hippocampal formation,normal,https://datasets.cellxgene.cziscience.com/1ac0e7df-bfa9-4ae3-b930-7b77b16fcea8.h5ad,9373178308,10.1016/j.cell.2023.11.026,brain,1.0,True,0,1,0,0,0,0,False,False,False,True,True
72f4798d-ba94-48ec-be01-9bb8a1f11f56,854c0855-23ad-4362-8b77-6b1639e7a9fc,Spleen,Automatic cell-type harmonization and integration across Human Cell Atlas datasets,200664,21,31,31.0,69.0,38.0,4,10x 3' v2; 10x 3' v3; 10x 5' transcription profiling; 10x 5' v1; 10x 5' v2; Smart-seq2,cell,spleen,normal,https://datasets.cellxgene.cziscience.com/9a60d205-3983-4937-9e16-d6f71842baba.h5ad,1802867494,10.1016/j.cell.2023.11.026,,0.0,False,0,0,0,0,0,0,False,False,False,True,True
493a8b60-d676-44d1-b022-d14c1ad0b36c,854c0855-23ad-4362-8b77-6b1639e7a9fc,Lung,Automatic cell-type harmonization and integration across Human Cell Atlas datasets,318426,43,43,20.0,75.0,55.0,26,10x 3' v2; 10x 5' transcription profiling,cell,bronchus; lower lobe of left lung; lung; lung parenchyma; upper lobe of left lung,normal,https://datasets.cellxgene.cziscience.com/06f0f972-8b12-497a-b731-1d44674f1c5e.h5ad,3026412040,10.1016/j.cell.2023.11.026,,0.0,False,0,0,0,0,0,0,False,False,False,True,True
364bd0c7-f7fd-48ed-99c1-ae26872b1042,854c0855-23ad-4362-8b77-6b1639e7a9fc,Heart,Automatic cell-type harmonization and integration across Human Cell Atlas datasets,931012,50,19,20.0,75.0,55.0,24,10x 3' v2; 10x 3' v3; 10x 5' v1,cell; nucleus,apex of heart; heart left ventricle; heart right ventricle; interventricular septum; left cardiac atrium; right cardiac atrium,normal,https://datasets.cellxgene.cziscience.com/5be599c4-a77a-42eb-bd4e-be8210b05339.h5ad,6449336820,10.1016/j.cell.2023.11.026,heart,1.0,True,0,0,0,6,0,0,False,False,False,True,True
31f657dc-1875-4c4b-a5ca-ce63b3ef3a82,854c0855-23ad-4362-8b77-6b1639e7a9fc,Pancreas,Automatic cell-type harmonization and integration across Human Cell Atlas datasets,121916,20,9,22.0,77.0,55.0,15,10x 3' v2; 10x 3' v3; CEL-seq2,cell; nucleus,islet of Langerhans; pancreas,normal,https://datasets.cellxgene.cziscience.com/30747cff-bc75-41f1-8d64-e6144075ff5a.h5ad,959554022,10.1016/j.cell.2023.11.026,,0.0,False,0,0,0,0,0,0,False,False,False,True,True
1d89d081-f43d-401a-be76-bd6ef9259f4e,854c0855-23ad-4362-8b77-6b1639e7a9fc,Liver,Automatic cell-type harmonization and integration across Human Cell Atlas datasets,259678,36,26,21.0,77.0,56.0,24,10x 3' v2; 10x 3' v3; CEL-seq2,cell; nucleus,caudate lobe of liver; liver,normal,https://datasets.cellxgene.cziscience.com/78760442-8f3a-491e-b4c8-23027f9f8e19.h5ad,1875534453,10.1016/j.cell.2023.11.026,liver,1.0,True,0,0,0,0,0,2,False,False,False,True,True
15d374d6-0dfd-4d8e-ade7-81f73dc921ee,854c0855-23ad-4362-8b77-6b1639e7a9fc,Skeletal_muscle,Automatic cell-type harmonization and integration across Human Cell Atlas datasets,201575,32,19,19.0,90.0,71.0,21,10x 3' v2; 10x 3' v3; 10x 5' transcription profiling; 10x 5' v1; Smart-seq2,cell; nucleus,"muscle of abdomen; muscle of pelvic diaphragm; muscle tissue; rectus abdominis muscle; skeletal muscle organ, vertebrate",normal,https://datasets.cellxgene.cziscience.com/1cb67ec8-c9e3-4d4a-ba23-a1a8ef3f8450.h5ad,1443090454,10.1016/j.cell.2023.11.026,skeletal muscle,1.0,True,0,0,5,0,0,0,False,False,False,True,True
55ca4411-8c7d-4aef-a572-50852e030c05,1a3b0b02-e68d-4855-9ec8-c5b13703f052,ALL- Cells of gingivo-buccal oral squamous cell carcinoma,Single-cell transcriptomic analysis of gingivo-buccal oral cancer reveals two dominant cellular programs,28186,12,7,36.0,76.0,40.0,11,10x 3' v3,cell,oral cavity,oral cavity squamous cell carcinoma,https://datasets.cellxgene.cziscience.com/986e3fb7-b087-442a-8a30-9fe94d28873f.h5ad,205465152,10.1111/cas.15979,,0.0,False,0,0,0,0,0,0,False,True,False,False,False
01b84709-139c-4485-98a9-6e14c58fbbf6,9e4e8f1d-d905-4d4f-b343-84889d0f9ffe,snRNA-seq data from eight focal cortical dysplasia donors,Multimodal single-cell profiling reveals neuronal vulnerability and pathological cell states in focal cortical dysplasia,61525,8,15,2.0,50.0,48.0,8,10x multiome,nucleus,frontal lobe; lobe of cerebral hemisphere; parietal lobe; temporal lobe,isolated focal cortical dysplasia type II,https://datasets.cellxgene.cziscience.com/799e0777-8fe4-4d14-9183-01a7314923ec.h5ad,657100253,10.1016/j.isci.2024.111337,brain,1.0,True,0,4,0,0,0,0,False,False,False,False,False
c69fb6cd-fc4d-4216-85cb-8d80e7771786,73cf6939-3caa-4105-bc57-e073ee885a28,Air-Liquid Interface cultures of human airway epithelium in 4 differentiation media - Redman et al.,Cell culture differentiation and proliferation conditions influence the in vitro regeneration of the human airway epithelium,10224,2,8,34.0,62.0,28.0,2,10x 3' v2,cell,epithelial cell of lung,normal,https://datasets.cellxgene.cziscience.com/081fef14-662c-430d-888f-b87a701d86b3.h5ad,173402098,10.1165/rcmb.2023-0356MA,,0.0,False,0,0,0,0,0,0,True,False,False,False,True
fe2eecbc-977a-4aec-9196-f89c3281d11c,7c4552fd-8a6d-4da3-9854-2dfa8baca8bf,Microglia,Deciphering glial contributions to CSF1R-related disorder via single-nuclear transcriptomic profiling,1621,8,1,53.0,83.0,30.0,8,10x 3' v3,nucleus,prefrontal cortex; white matter of frontal lobe; white matter of occipital lobe; white matter of parietal lobe; white matter of temporal lobe,"Alzheimer disease; leukoencephalopathy, diffuse hereditary, with spheroids 1; normal",https://datasets.cellxgene.cziscience.com/183c4a39-3a63-4d9f-9f34-45b7f5573a6d.h5ad,36722929,10.1186/s40478-024-01853-5,brain,1.0,True,0,5,0,0,0,0,False,False,False,False,True
82346769-8733-485e-ab49-f14923d2b5bc,7c4552fd-8a6d-4da3-9854-2dfa8baca8bf,OPCs,Deciphering glial contributions to CSF1R-related disorder via single-nuclear transcriptomic profiling,3324,8,1,53.0,83.0,30.0,8,10x 3' v3,nucleus,prefrontal cortex; white matter of frontal lobe; white matter of occipital lobe; white matter of parietal lobe; white matter of temporal lobe,"Alzheimer disease; leukoencephalopathy, diffuse hereditary, with spheroids 1; normal",https://datasets.cellxgene.cziscience.com/9a6c52d0-4d3f-48cd-a7ba-73ae37c8c42d.h5ad,66269774,10.1186/s40478-024-01853-5,brain,1.0,True,0,5,0,0,0,0,False,False,False,False,True
38491c97-ce53-43d6-b34a-ef93176c9481,7c4552fd-8a6d-4da3-9854-2dfa8baca8bf,Astrocytes,Deciphering glial contributions to CSF1R-related disorder via single-nuclear transcriptomic profiling,18890,8,1,53.0,83.0,30.0,8,10x 3' v3,nucleus,prefrontal cortex; white matter of frontal lobe; white matter of occipital lobe; white matter of parietal lobe; white matter of temporal lobe,"Alzheimer disease; leukoencephalopathy, diffuse hereditary, with spheroids 1; normal",https://datasets.cellxgene.cziscience.com/7778e9dd-6c23-4f03-ae96-67dd416a553e.h5ad,264678016,10.1186/s40478-024-01853-5,brain,1.0,True,0,5,0,0,0,0,False,False,False,False,True
15e0ec3e-a05f-4cd8-8624-96448f5a2b58,7c4552fd-8a6d-4da3-9854-2dfa8baca8bf,Oligodendrocytes,Deciphering glial contributions to CSF1R-related disorder via single-nuclear transcriptomic profiling,24342,8,1,53.0,83.0,30.0,8,10x 3' v3,nucleus,prefrontal cortex; white matter of frontal lobe; white matter of occipital lobe; white matter of parietal lobe; white matter of temporal lobe,"Alzheimer disease; leukoencephalopathy, diffuse hereditary, with spheroids 1; normal",https://datasets.cellxgene.cziscience.com/eb7f7869-eb13-4b2c-8448-40e54b02fd12.h5ad,248969255,10.1186/s40478-024-01853-5,brain,1.0,True,0,5,0,0,0,0,False,False,False,False,True
0a2d7e87-c3c0-4ed2-86df-ae18811fcc16,7c4552fd-8a6d-4da3-9854-2dfa8baca8bf,Full Dataset,Deciphering glial contributions to CSF1R-related disorder via single-nuclear transcriptomic profiling,61747,8,8,53.0,83.0,30.0,8,10x 3' v3,nucleus,prefrontal cortex; white matter of frontal lobe; white matter of occipital lobe; white matter of parietal lobe; white matter of temporal lobe,"Alzheimer disease; leukoencephalopathy, diffuse hereditary, with spheroids 1; normal",https://datasets.cellxgene.cziscience.com/f298459d-ac2a-405b-abb5-9421e5334d2d.h5ad,688245675,10.1186/s40478-024-01853-5,brain,1.0,True,0,5,0,0,0,0,False,False,False,False,True
8dc29642-be06-46dc-a289-8075915745d4,981b0c87-76d0-4edf-b201-58c52b5cd2f0,Cells of the human fetal kidney,Single-cell transcriptomics reveals gene expression dynamics of human fetal kidney development,17962,5,10,,,,0,10x 3' v2,cell,kidney,normal,https://datasets.cellxgene.cziscience.com/986f939e-ade0-4ed5-9299-60d90f9eea07.h5ad,177162423,10.1371/journal.pbio.3000152,kidney,1.0,True,0,0,0,0,1,0,False,False,False,False,True
bdd109f1-ca27-45dc-bb9f-473008449428,bd3f7d45-43a0-4944-8327-62d6c89e2ae1,scRNA-seq data of human dental pulp,Single-Cell Transcriptomic Profiling of Human Dental Pulp in Sound and Carious Teeth: A Pilot Study,6560,4,13,20.0,36.0,16.0,4,10x 3' v2,cell,dental pulp,enamel caries; normal; pulpitis,https://datasets.cellxgene.cziscience.com/c184cf5a-2c44-4908-96d9-165dd5e07f07.h5ad,92994067,10.3389/fdmed.2021.806294,,0.0,False,0,0,0,0,0,0,False,False,False,False,True
ff4cfa86-9c0c-4b7c-abd6-90547657d04f,a96133de-e951-4e2d-ace6-59db8b3bfb1d,HTAPP-213-SMP-6752 scRNA-seq,HTAN/HTAPP Broad - Spatio-molecular dissection of the breast cancer metastatic microenvironment,9799,1,7,54.0,54.0,0.0,1,10x 3' v3,nucleus,chest wall,breast cancer,https://datasets.cellxgene.cziscience.com/5063908c-ebd9-4d29-91a7-1be98de6e298.h5ad,92052627,10.1038/s41591-024-03215-z,,0.0,False,0,0,0,0,0,0,False,True,False,False,False
f12ab0e6-383c-4362-b1c6-922de09ccbc9,a96133de-e951-4e2d-ace6-59db8b3bfb1d,HTAPP-812-SMP-8239 Slide-seq,HTAN/HTAPP Broad - Spatio-molecular dissection of the breast cancer metastatic microenvironment,10957,1,7,38.0,38.0,0.0,1,Slide-seqV2,na,axilla,breast cancer,https://datasets.cellxgene.cziscience.com/f9743bd7-ac48-4fe5-ba47-516b4ecd1a58.h5ad,62732845,10.1038/s41591-024-03215-z,,0.0,False,0,0,0,0,0,0,False,True,False,False,False
ec423499-4564-4ab4-a7c2-316c72788ead,a96133de-e951-4e2d-ace6-59db8b3bfb1d,HTAPP-313-SMP-932 scRNA-seq,HTAN/HTAPP Broad - Spatio-molecular dissection of the breast cancer metastatic microenvironment,12494,1,10,40.0,40.0,0.0,1,10x 3' v3,cell,liver,breast cancer,https://datasets.cellxgene.cziscience.com/ec51b9a3-ab71-4aba-86ff-1d04aae7f7cc.h5ad,131448447,10.1038/s41591-024-03215-z,liver,1.0,True,0,0,0,0,0,1,False,True,False,False,False
e2824739-ea79-4efd-9434-3bec079b55d3,a96133de-e951-4e2d-ace6-59db8b3bfb1d,HTAPP-364-SMP-1321 Slide-seq,HTAN/HTAPP Broad - Spatio-molecular dissection of the breast cancer metastatic microenvironment,2958,1,9,55.0,55.0,0.0,1,Slide-seqV2,na,liver,breast cancer,https://datasets.cellxgene.cziscience.com/0dc10486-eca5-48af-8301-f61d9112c848.h5ad,21637821,10.1038/s41591-024-03215-z,liver,1.0,True,0,0,0,0,0,1,False,True,False,False,False
e06e9bf3-81ef-434d-bc86-08ec1266b155,a96133de-e951-4e2d-ace6-59db8b3bfb1d,HTAPP-944-SMP-7479 Slide-seq,HTAN/HTAPP Broad - Spatio-molecular dissection of the breast cancer metastatic microenvironment,9422,1,8,46.0,46.0,0.0,1,Slide-seqV2,na,liver,breast cancer,https://datasets.cellxgene.cziscience.com/bffd3499-b106-48aa-a935-2a562f68e012.h5ad,38236691,10.1038/s41591-024-03215-z,liver,1.0,True,0,0,0,0,0,1,False,True,False,False,False
d7476ae2-e320-4703-8304-da5c42627e71,a96133de-e951-4e2d-ace6-59db8b3bfb1d,HTAPP-330-SMP-1082 scRNA-seq,HTAN/HTAPP Broad - Spatio-molecular dissection of the breast cancer metastatic microenvironment,565,1,7,29.0,29.0,0.0,1,10x 3' v3,cell,liver,breast cancer,https://datasets.cellxgene.cziscience.com/3a9e07a3-57c2-449e-a2c6-aac02120c1fa.h5ad,4863603,10.1038/s41591-024-03215-z,liver,1.0,True,0,0,0,0,0,1,False,True,False,False,False
cd6398a9-c0af-4467-9091-c536866535bd,a96133de-e951-4e2d-ace6-59db8b3bfb1d,HTAPP-944-SMP-7479 scRNA-seq,HTAN/HTAPP Broad - Spatio-molecular dissection of the breast cancer metastatic microenvironment,10016,1,8,46.0,46.0,0.0,1,10x 3' v3,nucleus,liver,breast cancer,https://datasets.cellxgene.cziscience.com/df219240-1a4c-403f-8dc2-71f90ad1be53.h5ad,100142866,10.1038/s41591-024-03215-z,liver,1.0,True,0,0,0,0,0,1,False,True,False,False,False
c7d0def0-2dcd-4111-902b-67e6baeac119,a96133de-e951-4e2d-ace6-59db8b3bfb1d,HTAPP-880-SMP-7179 scRNA-seq,HTAN/HTAPP Broad - Spatio-molecular dissection of the breast cancer metastatic microenvironment,10918,1,9,63.0,63.0,0.0,1,10x 3' v3,nucleus,liver,breast cancer,https://datasets.cellxgene.cziscience.com/8b95d860-338d-44d7-ae8d-1e0a6eb56f70.h5ad,109724112,10.1038/s41591-024-03215-z,liver,1.0,True,0,0,0,0,0,1,False,True,False,False,False
aa6f371d-dacd-47e7-a774-e2f4495604a2,a96133de-e951-4e2d-ace6-59db8b3bfb1d,HTAPP-895-SMP-7359 Slide-seq,HTAN/HTAPP Broad - Spatio-molecular dissection of the breast cancer metastatic microenvironment,6210,1,7,44.0,44.0,0.0,1,Slide-seqV2,na,liver,breast cancer,https://datasets.cellxgene.cziscience.com/0c880b0d-ef83-411d-b6ca-7b2f543f47bb.h5ad,21361383,10.1038/s41591-024-03215-z,liver,1.0,True,0,0,0,0,0,1,False,True,False,False,False
a6c0143c-11f7-4a54-8710-6b427b78873a,a96133de-e951-4e2d-ace6-59db8b3bfb1d,HTAPP-982-SMP-7629 scRNA-seq,HTAN/HTAPP Broad - Spatio-molecular dissection of the breast cancer metastatic microenvironment,7505,1,8,41.0,41.0,0.0,1,10x 3' v3,cell,liver,breast cancer,https://datasets.cellxgene.cziscience.com/5f539b0b-5878-49b1-8115-c8d2b016c45b.h5ad,111664444,10.1038/s41591-024-03215-z,liver,1.0,True,0,0,0,0,0,1,False,True,False,False,False
a6347c54-9e69-45e4-b1db-f5d84aa8321a,a96133de-e951-4e2d-ace6-59db8b3bfb1d,HTAPP-313-SMP-932 Slide-seq,HTAN/HTAPP Broad - Spatio-molecular dissection of the breast cancer metastatic microenvironment,11484,1,9,40.0,40.0,0.0,1,Slide-seqV2,na,liver,breast cancer,https://datasets.cellxgene.cziscience.com/b50ba134-9dac-49ee-974f-fc7c933a7acc.h5ad,62266651,10.1038/s41591-024-03215-z,liver,1.0,True,0,0,0,0,0,1,False,True,False,False,False
9c5f68fc-860f-414b-99c2-cc6be691aff3,a96133de-e951-4e2d-ace6-59db8b3bfb1d,HTAPP-330-SMP-1082 Slide-seq,HTAN/HTAPP Broad - Spatio-molecular dissection of the breast cancer metastatic microenvironment,11851,1,7,29.0,29.0,0.0,1,Slide-seqV2,na,liver,breast cancer,https://datasets.cellxgene.cziscience.com/4b2fe7f7-e1a8-441b-a6e6-1693452f714b.h5ad,38188255,10.1038/s41591-024-03215-z,liver,1.0,True,0,0,0,0,0,1,False,True,False,False,False
9237e573-980a-4be6-b028-0f01cc064956,a96133de-e951-4e2d-ace6-59db8b3bfb1d,HTAPP-997-SMP-7789 Slide-seq,HTAN/HTAPP Broad - Spatio-molecular dissection of the breast cancer metastatic microenvironment,10892,1,11,31.0,31.0,0.0,1,Slide-seqV2,na,liver,breast cancer,https://datasets.cellxgene.cziscience.com/55185bb7-deba-497f-bb8e-a2fe098bdcc7.h5ad,47340761,10.1038/s41591-024-03215-z,liver,1.0,True,0,0,0,0,0,1,False,True,False,False,False
7432b873-1e96-4a8a-b97b-8921937f4afe,a96133de-e951-4e2d-ace6-59db8b3bfb1d,HTAPP-917-SMP-4531 Slide-seq,HTAN/HTAPP Broad - Spatio-molecular dissection of the breast cancer metastatic microenvironment,8715,1,4,54.0,54.0,0.0,1,Slide-seqV2,na,liver,breast cancer,https://datasets.cellxgene.cziscience.com/cecc7d77-0577-4600-b848-80742c472c3f.h5ad,33639588,10.1038/s41591-024-03215-z,liver,1.0,True,0,0,0,0,0,1,False,True,False,False,False
71e44b30-83b6-455c-a161-bc04c9898f00,a96133de-e951-4e2d-ace6-59db8b3bfb1d,HTAPP-853-SMP-4381 Slide-seq,HTAN/HTAPP Broad - Spatio-molecular dissection of the breast cancer metastatic microenvironment,11430,1,9,57.0,57.0,0.0,1,Slide-seqV2,na,liver,breast cancer,https://datasets.cellxgene.cziscience.com/1130b63b-68f6-4d04-96ed-75cb7fabc1ee.h5ad,49074904,10.1038/s41591-024-03215-z,liver,1.0,True,0,0,0,0,0,1,False,True,False,False,False
71513028-e4a0-4c62-a435-16598791690a,a96133de-e951-4e2d-ace6-59db8b3bfb1d,HTAPP-997-SMP-7789 scRNA-seq,HTAN/HTAPP Broad - Spatio-molecular dissection of the breast cancer metastatic microenvironment,12258,1,11,31.0,31.0,0.0,1,10x 3' v3,nucleus,liver,breast cancer,https://datasets.cellxgene.cziscience.com/79a15872-c7b9-402b-8e0c-a9dd669c366b.h5ad,151345264,10.1038/s41591-024-03215-z,liver,1.0,True,0,0,0,0,0,1,False,True,False,False,False
6c87755e-a671-41a8-9c7e-4e43b850a57b,a96133de-e951-4e2d-ace6-59db8b3bfb1d,Fresh samples (single cell),HTAN/HTAPP Broad - Spatio-molecular dissection of the breast cancer metastatic microenvironment,157531,30,15,28.0,64.0,36.0,21,10x 3' v2; 10x 3' v3,cell,axilla; bone spine; breast; liver; lung; neck,breast cancer,https://datasets.cellxgene.cziscience.com/173f9d7a-d6db-4b59-9041-ef8342fb5404.h5ad,1624209890,10.1038/s41591-024-03215-z,liver,0.16666666666666666,True,0,0,0,0,0,1,False,True,False,False,False
6384d8b8-8511-4ffb-b543-26dc8dd5967a,a96133de-e951-4e2d-ace6-59db8b3bfb1d,HTAPP-880-SMP-7179 Slide-seq,HTAN/HTAPP Broad - Spatio-molecular dissection of the breast cancer metastatic microenvironment,22188,1,7,63.0,63.0,0.0,1,Slide-seqV2,na,liver,breast cancer,https://datasets.cellxgene.cziscience.com/f3b4d6ca-e7e6-43a4-8acb-272c210ac13a.h5ad,50303327,10.1038/s41591-024-03215-z,liver,1.0,True,0,0,0,0,0,1,False,True,False,False,False
59d14a35-0c86-4eee-90b7-fe59595f522c,a96133de-e951-4e2d-ace6-59db8b3bfb1d,HTAPP-783-SMP-4081 Slide-seq,HTAN/HTAPP Broad - Spatio-molecular dissection of the breast cancer metastatic microenvironment,5833,1,7,52.0,52.0,0.0,1,Slide-seqV2,na,breast,breast cancer,https://datasets.cellxgene.cziscience.com/0e4ba413-8673-4ac7-80e9-e977557753e7.h5ad,33267887,10.1038/s41591-024-03215-z,,0.0,False,0,0,0,0,0,0,False,True,False,False,False
54d56674-e4e1-4e3c-9110-ea5cc2ac0eb5,a96133de-e951-4e2d-ace6-59db8b3bfb1d,HTAPP-917-SMP-4531 scRNA-seq,HTAN/HTAPP Broad - Spatio-molecular dissection of the breast cancer metastatic microenvironment,11074,1,4,54.0,54.0,0.0,1,10x 3' v2,cell,liver,breast cancer,https://datasets.cellxgene.cziscience.com/b230bf25-895e-41ac-8d30-62ee53c7d5cd.h5ad,132033961,10.1038/s41591-024-03215-z,liver,1.0,True,0,0,0,0,0,1,False,True,False,False,False
494faa16-c42d-4b66-8667-f66a3bcacb01,a96133de-e951-4e2d-ace6-59db8b3bfb1d,HTAPP-895-SMP-7359 scRNA-seq,HTAN/HTAPP Broad - Spatio-molecular dissection of the breast cancer metastatic microenvironment,9958,1,9,44.0,44.0,0.0,1,10x 3' v3,nucleus,liver,breast cancer,https://datasets.cellxgene.cziscience.com/fe938180-0708-411a-b069-d4a5f49e101b.h5ad,157473176,10.1038/s41591-024-03215-z,liver,1.0,True,0,0,0,0,0,1,False,True,False,False,False
48b55b2b-c6a3-4288-a09e-e01e5078c678,a96133de-e951-4e2d-ace6-59db8b3bfb1d,HTAPP-213-SMP-6752 Slide-seq,HTAN/HTAPP Broad - Spatio-molecular dissection of the breast cancer metastatic microenvironment,9362,1,7,54.0,54.0,0.0,1,Slide-seqV2,na,chest wall,breast cancer,https://datasets.cellxgene.cziscience.com/711fb5e6-32ec-4e2c-8fa7-004922ef6d9a.h5ad,66969092,10.1038/s41591-024-03215-z,,0.0,False,0,0,0,0,0,0,False,True,False,False,False
44941fdb-8a6f-42d5-9b34-da48c2a3f774,a96133de-e951-4e2d-ace6-59db8b3bfb1d,HTAPP-783-SMP-4081 scRNA-seq,HTAN/HTAPP Broad - Spatio-molecular dissection of the breast cancer metastatic microenvironment,2276,1,8,52.0,52.0,0.0,1,10x 3' v2,cell,breast,breast cancer,https://datasets.cellxgene.cziscience.com/c0df617a-321b-46ee-90ec-14f92434be41.h5ad,24168077,10.1038/s41591-024-03215-z,,0.0,False,0,0,0,0,0,0,False,True,False,False,False
39f6fec9-2539-4b99-982b-f12888ef649a,a96133de-e951-4e2d-ace6-59db8b3bfb1d,HTAPP-514-SMP-6760 scRNA-seq,HTAN/HTAPP Broad - Spatio-molecular dissection of the breast cancer metastatic microenvironment,20916,1,6,27.0,27.0,0.0,1,10x 3' v3,nucleus,axilla,breast cancer,https://datasets.cellxgene.cziscience.com/3efc80da-c21f-470f-9b01-fc39c45f2973.h5ad,163975309,10.1038/s41591-024-03215-z,,0.0,False,0,0,0,0,0,0,False,True,False,False,False
34f5307e-7b4d-4a48-b68f-2ba844c6414b,a96133de-e951-4e2d-ace6-59db8b3bfb1d,Frozen samples (single nucleus),HTAN/HTAPP Broad - Spatio-molecular dissection of the breast cancer metastatic microenvironment,394534,32,18,27.0,63.0,36.0,20,10x 3' v2; 10x 3' v3,nucleus,axilla; bone spine; brain; breast; chest wall; liver; skin epidermis,breast cancer,https://datasets.cellxgene.cziscience.com/5c7bd9b2-5609-4a7a-9445-69ff3f9aaff5.h5ad,4559146332,10.1038/s41591-024-03215-z,brain,0.14285714285714285,False,0,1,0,0,0,1,False,True,False,False,False
2dd73feb-0527-47d5-8c7b-35b6de16aecb,a96133de-e951-4e2d-ace6-59db8b3bfb1d,HTAPP-364-SMP-1321 scRNA-seq,HTAN/HTAPP Broad - Spatio-molecular dissection of the breast cancer metastatic microenvironment,13167,1,9,55.0,55.0,0.0,1,10x 3' v2,cell,liver,breast cancer,https://datasets.cellxgene.cziscience.com/9eba2eb2-187d-475d-82b5-2d7f52d667e1.h5ad,56648431,10.1038/s41591-024-03215-z,liver,1.0,True,0,0,0,0,0,1,False,True,False,False,False
1884e651-5f7f-4e6c-a71a-843ba272aaf4,a96133de-e951-4e2d-ace6-59db8b3bfb1d,HTAPP-812-SMP-8239 scRNA-seq,HTAN/HTAPP Broad - Spatio-molecular dissection of the breast cancer metastatic microenvironment,5463,1,7,38.0,38.0,0.0,1,10x 3' v3,cell,axilla,breast cancer,https://datasets.cellxgene.cziscience.com/1edc3996-8cea-4662-9ad0-fbd32279a80a.h5ad,53278439,10.1038/s41591-024-03215-z,,0.0,False,0,0,0,0,0,0,False,True,False,False,False
1637e817-d091-4793-a3af-796ef57e2668,a96133de-e951-4e2d-ace6-59db8b3bfb1d,HTAPP-982-SMP-7629 Slide-seq,HTAN/HTAPP Broad - Spatio-molecular dissection of the breast cancer metastatic microenvironment,8086,1,8,41.0,41.0,0.0,1,Slide-seqV2,na,liver,breast cancer,https://datasets.cellxgene.cziscience.com/e8ef7247-18e3-4d62-8357-bf446d3731cb.h5ad,26775519,10.1038/s41591-024-03215-z,liver,1.0,True,0,0,0,0,0,1,False,True,False,False,False
12c868c6-94df-48b5-acf2-b82f6aa14074,a96133de-e951-4e2d-ace6-59db8b3bfb1d,HTAPP-878-SMP-7149 scRNA-seq,HTAN/HTAPP Broad - Spatio-molecular dissection of the breast cancer metastatic microenvironment,10623,1,6,37.0,37.0,0.0,1,10x 3' v3,nucleus,axilla,breast cancer,https://datasets.cellxgene.cziscience.com/617c8418-bb79-4f3c-beb0-58b4aec0eabe.h5ad,115065375,10.1038/s41591-024-03215-z,,0.0,False,0,0,0,0,0,0,False,True,False,False,False
0f9d1892-919a-4f51-8b95-0b50750da1e6,a96133de-e951-4e2d-ace6-59db8b3bfb1d,HTAPP-514-SMP-6760 Slide-seq,HTAN/HTAPP Broad - Spatio-molecular dissection of the breast cancer metastatic microenvironment,33272,1,6,27.0,27.0,0.0,1,Slide-seqV2,na,axilla,breast cancer,https://datasets.cellxgene.cziscience.com/ccc7ab02-1721-442e-858d-a77f1ce91c39.h5ad,144904563,10.1038/s41591-024-03215-z,,0.0,False,0,0,0,0,0,0,False,True,False,False,False
05a49baa-d326-42ae-86d2-94de3a659901,a96133de-e951-4e2d-ace6-59db8b3bfb1d,HTAPP-853-SMP-4381 scRNA-seq,HTAN/HTAPP Broad - Spatio-molecular dissection of the breast cancer metastatic microenvironment,4742,1,9,57.0,57.0,0.0,1,10x 3' v2,cell,liver,breast cancer,https://datasets.cellxgene.cziscience.com/3fe6302c-0510-4b8d-88cf-420f4ca50de0.h5ad,45145086,10.1038/s41591-024-03215-z,liver,1.0,True,0,0,0,0,0,1,False,True,False,False,False
02aa7750-ed05-4eca-8061-766c68a81a22,a96133de-e951-4e2d-ace6-59db8b3bfb1d,HTAPP-878-SMP-7149 Slide-seq,HTAN/HTAPP Broad - Spatio-molecular dissection of the breast cancer metastatic microenvironment,22033,1,6,37.0,37.0,0.0,1,Slide-seqV2,na,axilla,breast cancer,https://datasets.cellxgene.cziscience.com/ab8551c5-cafe-4a07-bf00-097167a87831.h5ad,66597354,10.1038/s41591-024-03215-z,,0.0,False,0,0,0,0,0,0,False,True,False,False,False
ec2ea7ec-92cf-4b48-ac5e-1bb6e6e26ef4,21bbfaec-6958-46bc-b1cd-1535752f6304,spRNA-seq for GZMK+CD8+ T cells Target A Specific Acinar Cell Type in Sjögren’s Disease - Block #16,Single cell and spatial transcriptomics in Sjögren’s Disease-affected Human Salivary Glands,4992,3,9,56.0,64.0,8.0,2,Visium Spatial Gene Expression V1,na,labial gland,normal,https://datasets.cellxgene.cziscience.com/6957f58c-9d6a-432d-9479-b2d79f150958.h5ad,31902066,10.21203/rs.3.rs-3601404/v2,,0.0,False,0,0,0,0,0,0,False,False,True,False,True
e28f0c23-7922-4a18-85c5-b2201c06b681,21bbfaec-6958-46bc-b1cd-1535752f6304,spRNA-seq for GZMK+CD8+ T cells Target A Specific Acinar Cell Type in Sjögren’s Disease - Block #25,Single cell and spatial transcriptomics in Sjögren’s Disease-affected Human Salivary Glands,4992,3,13,40.0,40.0,0.0,1,Visium Spatial Gene Expression V1,na,labial gland,immune system disorder; normal,https://datasets.cellxgene.cziscience.com/8b197f94-2b61-4259-a616-a578f2e17ed5.h5ad,36330485,10.21203/rs.3.rs-3601404/v2,,0.0,False,0,0,0,0,0,0,False,False,True,False,True
df1edb87-e512-43ae-b5f4-cb179cfc2bb4,21bbfaec-6958-46bc-b1cd-1535752f6304,scRNA-seq for GZMK+CD8+ T cells Target A Specific Acinar Cell Type in Sjögren’s Disease,Single cell and spatial transcriptomics in Sjögren’s Disease-affected Human Salivary Glands,94227,25,19,35.0,75.0,40.0,19,10x 3' v2; 10x 3' v3,cell,labial gland,Sjogren syndrome; normal,https://datasets.cellxgene.cziscience.com/06e91d29-15e6-4590-9462-7ac166c445e9.h5ad,438722541,10.21203/rs.3.rs-3601404/v2,,0.0,False,0,0,0,0,0,0,False,False,True,False,True
dcc7c14c-1617-4d94-9253-6e73a344fcb0,21bbfaec-6958-46bc-b1cd-1535752f6304,spRNA-seq for GZMK+CD8+ T cells Target A Specific Acinar Cell Type in Sjögren’s Disease - Block #8,Single cell and spatial transcriptomics in Sjögren’s Disease-affected Human Salivary Glands,4992,3,10,35.0,47.0,12.0,2,Visium Spatial Gene Expression V1,na,labial gland,normal,https://datasets.cellxgene.cziscience.com/57a562f8-9760-4b1d-84a1-d8b17e3f63c0.h5ad,32499090,10.21203/rs.3.rs-3601404/v2,,0.0,False,0,0,0,0,0,0,False,False,True,False,True
db5ddd64-6a42-4138-89e0-7448fc4fc923,21bbfaec-6958-46bc-b1cd-1535752f6304,spRNA-seq for GZMK+CD8+ T cells Target A Specific Acinar Cell Type in Sjögren’s Disease - Block #18,Single cell and spatial transcriptomics in Sjögren’s Disease-affected Human Salivary Glands,4992,3,8,32.0,52.0,20.0,2,Visium Spatial Gene Expression V1,na,labial gland,Sjogren syndrome,https://datasets.cellxgene.cziscience.com/77be4816-6a55-464b-87e9-15870956a736.h5ad,30293046,10.21203/rs.3.rs-3601404/v2,,0.0,False,0,0,0,0,0,0,False,False,True,False,False
d06dd93c-d4fc-49bd-8817-057f70680dca,21bbfaec-6958-46bc-b1cd-1535752f6304,spRNA-seq for GZMK+CD8+ T cells Target A Specific Acinar Cell Type in Sjögren’s Disease - Block #31,Single cell and spatial transcriptomics in Sjögren’s Disease-affected Human Salivary Glands,4992,3,11,61.0,61.0,0.0,1,Visium Spatial Gene Expression V1,na,labial gland,Sjogren syndrome,https://datasets.cellxgene.cziscience.com/41e9e7e6-5fdb-48ce-895c-18866371e0cf.h5ad,57569841,10.21203/rs.3.rs-3601404/v2,,0.0,False,0,0,0,0,0,0,False,False,True,False,False
b2130fdc-5a8b-456d-8d71-492d1a656d26,21bbfaec-6958-46bc-b1cd-1535752f6304,spRNA-seq for GZMK+CD8+ T cells Target A Specific Acinar Cell Type in Sjögren’s Disease - Block #13,Single cell and spatial transcriptomics in Sjögren’s Disease-affected Human Salivary Glands,4992,3,9,46.0,55.0,9.0,2,Visium Spatial Gene Expression V1,na,labial gland,normal,https://datasets.cellxgene.cziscience.com/c285025c-e5ac-4fe2-83f8-0c5842a0c32d.h5ad,64123718,10.21203/rs.3.rs-3601404/v2,,0.0,False,0,0,0,0,0,0,False,False,True,False,True
ad2f25f0-acc4-4c4e-b796-6c85f8821964,21bbfaec-6958-46bc-b1cd-1535752f6304,spRNA-seq for GZMK+CD8+ T cells Target A Specific Acinar Cell Type in Sjögren’s Disease - Block #1,Single cell and spatial transcriptomics in Sjögren’s Disease-affected Human Salivary Glands,4992,3,10,45.0,45.0,0.0,1,Visium Spatial Gene Expression V1,na,labial gland,Sjogren syndrome; immune system disorder,https://datasets.cellxgene.cziscience.com/11965362-b524-4dd7-9c35-86fe35cfc088.h5ad,29325610,10.21203/rs.3.rs-3601404/v2,,0.0,False,0,0,0,0,0,0,False,False,True,False,False
9fc34171-1273-44b3-8e16-6bea49dfd969,21bbfaec-6958-46bc-b1cd-1535752f6304,spRNA-seq for GZMK+CD8+ T cells Target A Specific Acinar Cell Type in Sjögren’s Disease - Block #15,Single cell and spatial transcriptomics in Sjögren’s Disease-affected Human Salivary Glands,4992,3,11,52.0,54.0,2.0,2,Visium Spatial Gene Expression V1,na,labial gland,normal,https://datasets.cellxgene.cziscience.com/9319c0ab-b2da-48cb-bfd6-67b50247929c.h5ad,34435527,10.21203/rs.3.rs-3601404/v2,,0.0,False,0,0,0,0,0,0,False,False,True,False,True
980d342b-126d-4724-9e55-96cbcbb7d7fe,21bbfaec-6958-46bc-b1cd-1535752f6304,spRNA-seq for GZMK+CD8+ T cells Target A Specific Acinar Cell Type in Sjögren’s Disease - Block #27,Single cell and spatial transcriptomics in Sjögren’s Disease-affected Human Salivary Glands,4992,3,12,69.0,69.0,0.0,1,Visium Spatial Gene Expression V1,na,labial gland,normal,https://datasets.cellxgene.cziscience.com/a84e3124-635d-42ae-802e-595b1ebd5525.h5ad,64621905,10.21203/rs.3.rs-3601404/v2,,0.0,False,0,0,0,0,0,0,False,False,True,False,True
968c9b50-c7e2-40d6-8335-69a6802e06a8,21bbfaec-6958-46bc-b1cd-1535752f6304,spRNA-seq for GZMK+CD8+ T cells Target A Specific Acinar Cell Type in Sjögren’s Disease - Block #24,Single cell and spatial transcriptomics in Sjögren’s Disease-affected Human Salivary Glands,4992,3,12,43.0,51.0,8.0,2,Visium Spatial Gene Expression V1,na,labial gland,Sjogren syndrome,https://datasets.cellxgene.cziscience.com/8a7b6a9e-d8a9-4b3f-9707-6124bd05c7b4.h5ad,74879004,10.21203/rs.3.rs-3601404/v2,,0.0,False,0,0,0,0,0,0,False,False,True,False,False
953bfc7b-2004-4041-8b50-92c31a505bf7,21bbfaec-6958-46bc-b1cd-1535752f6304,spRNA-seq for GZMK+CD8+ T cells Target A Specific Acinar Cell Type in Sjögren’s Disease - Block #4,Single cell and spatial transcriptomics in Sjögren’s Disease-affected Human Salivary Glands,4992,3,5,47.0,59.0,12.0,2,Visium Spatial Gene Expression V1,na,labial gland,Sjogren syndrome,https://datasets.cellxgene.cziscience.com/92f495ae-05af-44f0-be5c-9acb683b2b73.h5ad,33040142,10.21203/rs.3.rs-3601404/v2,,0.0,False,0,0,0,0,0,0,False,False,True,False,False
5afc26df-9e84-4fc2-96a0-4ce4404af16b,21bbfaec-6958-46bc-b1cd-1535752f6304,spRNA-seq for GZMK+CD8+ T cells Target A Specific Acinar Cell Type in Sjögren’s Disease - Block #14,Single cell and spatial transcriptomics in Sjögren’s Disease-affected Human Salivary Glands,4992,3,10,49.0,56.0,7.0,2,Visium Spatial Gene Expression V1,na,labial gland,normal,https://datasets.cellxgene.cziscience.com/835a6107-6fcd-4a69-8732-b4b7f8da9c6c.h5ad,56282360,10.21203/rs.3.rs-3601404/v2,,0.0,False,0,0,0,0,0,0,False,False,True,False,True
59a3e980-ac11-42b5-b2a8-b948509a2154,21bbfaec-6958-46bc-b1cd-1535752f6304,spRNA-seq for GZMK+CD8+ T cells Target A Specific Acinar Cell Type in Sjögren’s Disease - Block #2,Single cell and spatial transcriptomics in Sjögren’s Disease-affected Human Salivary Glands,4992,3,12,48.0,56.0,8.0,2,Visium Spatial Gene Expression V1,na,labial gland,Sjogren syndrome; normal,https://datasets.cellxgene.cziscience.com/8fa2e1c5-3ec3-4e54-8c66-6ff1836b248a.h5ad,33134640,10.21203/rs.3.rs-3601404/v2,,0.0,False,0,0,0,0,0,0,False,False,True,False,True
53ff2250-4434-4f59-9fbb-1a474c21d9c0,21bbfaec-6958-46bc-b1cd-1535752f6304,spRNA-seq for GZMK+CD8+ T cells Target A Specific Acinar Cell Type in Sjögren’s Disease - Block #5,Single cell and spatial transcriptomics in Sjögren’s Disease-affected Human Salivary Glands,4992,3,6,61.0,62.0,1.0,2,Visium Spatial Gene Expression V1,na,labial gland,normal,https://datasets.cellxgene.cziscience.com/dbb94c17-604a-45e9-a9f4-51824c18c402.h5ad,30327447,10.21203/rs.3.rs-3601404/v2,,0.0,False,0,0,0,0,0,0,False,False,True,False,True
4b1a2706-7c40-4fe6-a422-be79603e0162,21bbfaec-6958-46bc-b1cd-1535752f6304,spRNA-seq for GZMK+CD8+ T cells Target A Specific Acinar Cell Type in Sjögren’s Disease - Block #22,Single cell and spatial transcriptomics in Sjögren’s Disease-affected Human Salivary Glands,4992,3,8,38.0,72.0,34.0,2,Visium Spatial Gene Expression V1,na,labial gland,Sjogren syndrome,https://datasets.cellxgene.cziscience.com/f779cc28-d0c0-4d00-86e3-6244e64d83ab.h5ad,48584129,10.21203/rs.3.rs-3601404/v2,,0.0,False,0,0,0,0,0,0,False,False,True,False,False
4825ab17-d48f-4758-9fa8-2a291d7c7324,21bbfaec-6958-46bc-b1cd-1535752f6304,spRNA-seq for GZMK+CD8+ T cells Target A Specific Acinar Cell Type in Sjögren’s Disease - Block #3,Single cell and spatial transcriptomics in Sjögren’s Disease-affected Human Salivary Glands,4992,1,10,27.0,27.0,0.0,1,Visium Spatial Gene Expression V1,na,labial gland,normal,https://datasets.cellxgene.cziscience.com/f9fe2c86-0e1a-4653-8080-6e80023927f3.h5ad,29342774,10.21203/rs.3.rs-3601404/v2,,0.0,False,0,0,0,0,0,0,False,False,True,False,True
3a55b986-2517-4e4b-be24-9c676849fc60,21bbfaec-6958-46bc-b1cd-1535752f6304,spRNA-seq for GZMK+CD8+ T cells Target A Specific Acinar Cell Type in Sjögren’s Disease - Block #10,Single cell and spatial transcriptomics in Sjögren’s Disease-affected Human Salivary Glands,4992,1,10,25.0,25.0,0.0,1,Visium Spatial Gene Expression V1,na,labial gland,normal,https://datasets.cellxgene.cziscience.com/57fba662-404d-4898-94c8-80bb6998665c.h5ad,28343496,10.21203/rs.3.rs-3601404/v2,,0.0,False,0,0,0,0,0,0,False,False,True,False,True
36a9ccdd-f1a3-4f15-aaad-8eae728cd66c,21bbfaec-6958-46bc-b1cd-1535752f6304,spRNA-seq for GZMK+CD8+ T cells Target A Specific Acinar Cell Type in Sjögren’s Disease - Block #7,Single cell and spatial transcriptomics in Sjögren’s Disease-affected Human Salivary Glands,4992,3,6,40.0,48.0,8.0,2,Visium Spatial Gene Expression V1,na,labial gland,Sjogren syndrome,https://datasets.cellxgene.cziscience.com/d6e03476-0f3c-41cf-85ed-3721f87c8328.h5ad,29933931,10.21203/rs.3.rs-3601404/v2,,0.0,False,0,0,0,0,0,0,False,False,True,False,False
344f27ab-428c-4a0e-a7e1-d4441f2f9b80,21bbfaec-6958-46bc-b1cd-1535752f6304,spRNA-seq for GZMK+CD8+ T cells Target A Specific Acinar Cell Type in Sjögren’s Disease - Block #30,Single cell and spatial transcriptomics in Sjögren’s Disease-affected Human Salivary Glands,4992,3,7,40.0,40.0,0.0,1,Visium Spatial Gene Expression V1,na,labial gland,immune system disorder; normal,https://datasets.cellxgene.cziscience.com/df15f3c4-73fd-4667-b499-85b51fd39ddf.h5ad,70916758,10.21203/rs.3.rs-3601404/v2,,0.0,False,0,0,0,0,0,0,False,False,True,False,True
2abc33b4-d8df-45b6-bc85-db78f067fe59,21bbfaec-6958-46bc-b1cd-1535752f6304,spRNA-seq for GZMK+CD8+ T cells Target A Specific Acinar Cell Type in Sjögren’s Disease - Block #9,Single cell and spatial transcriptomics in Sjögren’s Disease-affected Human Salivary Glands,4992,3,15,20.0,72.0,52.0,2,Visium Spatial Gene Expression V1,na,labial gland,normal,https://datasets.cellxgene.cziscience.com/8d74d747-4129-4f47-9157-7fd2a6665555.h5ad,34297561,10.21203/rs.3.rs-3601404/v2,,0.0,False,0,0,0,0,0,0,False,False,True,False,True
194062ef-cdb9-4fb9-a00d-2478172fdc06,21bbfaec-6958-46bc-b1cd-1535752f6304,spRNA-seq for GZMK+CD8+ T cells Target A Specific Acinar Cell Type in Sjögren’s Disease - Block #21,Single cell and spatial transcriptomics in Sjögren’s Disease-affected Human Salivary Glands,4992,3,10,52.0,55.0,3.0,2,Visium Spatial Gene Expression V1,na,labial gland,Sjogren syndrome,https://datasets.cellxgene.cziscience.com/4e6e320d-0b44-4328-8475-68a310bbcd6e.h5ad,71285378,10.21203/rs.3.rs-3601404/v2,,0.0,False,0,0,0,0,0,0,False,False,True,False,False
1218b9f0-4f95-47a0-b69a-847c92087ded,21bbfaec-6958-46bc-b1cd-1535752f6304,spRNA-seq for GZMK+CD8+ T cells Target A Specific Acinar Cell Type in Sjögren’s Disease - Block #26,Single cell and spatial transcriptomics in Sjögren’s Disease-affected Human Salivary Glands,4992,3,9,41.0,41.0,0.0,1,Visium Spatial Gene Expression V1,na,labial gland,immune system disorder; normal,https://datasets.cellxgene.cziscience.com/d78c6e1e-dd2b-4ddc-9059-55b873af5c30.h5ad,31346715,10.21203/rs.3.rs-3601404/v2,,0.0,False,0,0,0,0,0,0,False,False,True,False,True
0819e386-e7fd-4212-b732-60e468689f89,21bbfaec-6958-46bc-b1cd-1535752f6304,spRNA-seq for GZMK+CD8+ T cells Target A Specific Acinar Cell Type in Sjögren’s Disease - Block #6,Single cell and spatial transcriptomics in Sjögren’s Disease-affected Human Salivary Glands,4992,1,7,58.0,58.0,0.0,1,Visium Spatial Gene Expression V1,na,labial gland,Sjogren syndrome,https://datasets.cellxgene.cziscience.com/6418a763-cdc0-4533-9c63-7f0f973f7eba.h5ad,30040466,10.21203/rs.3.rs-3601404/v2,,0.0,False,0,0,0,0,0,0,False,False,True,False,False
00ba8341-48ec-4e4e-bb56-be0dd2dd7913,21bbfaec-6958-46bc-b1cd-1535752f6304,spRNA-seq for GZMK+CD8+ T cells Target A Specific Acinar Cell Type in Sjögren’s Disease - Block #17,Single cell and spatial transcriptomics in Sjögren’s Disease-affected Human Salivary Glands,4992,3,7,61.0,67.0,6.0,2,Visium Spatial Gene Expression V1,na,labial gland,Sjogren syndrome,https://datasets.cellxgene.cziscience.com/9afd395d-c51e-41a5-ba9e-9ac7023af199.h5ad,24922397,10.21203/rs.3.rs-3601404/v2,,0.0,False,0,0,0,0,0,0,False,False,True,False,False
ea7b95cf-1967-4431-9ee8-ec85ff793360,4d8fed08-2d6d-4692-b5ea-464f1d072077,ClassImmune,Comprehensive cell atlas of the first-trimester developing human brain,8102,26,1,,,,0,10x 3' v2; 10x 3' v3,cell,basal forebrain; brain; caudate-putamen; cerebellar peduncular complex; cerebellum; cerebral subcortex; choroid plexus epithelium; cortex; diencephalon; dorsal plus ventral thalamus; entorhinal cortex; forebrain; frontal cortex; head; hindbrain; hippocampal formation; hypothalamus; lower layers of t,normal,https://datasets.cellxgene.cziscience.com/bbeed4eb-3b42-43f0-a3ef-4e7ab37bd6f1.h5ad,70548358,10.1126/science.adf1226,brain,0.5,True,1,9,0,0,0,0,False,False,False,False,True
ea251de5-c764-4f7c-add0-8141b1061faf,4d8fed08-2d6d-4692-b5ea-464f1d072077,ClassFibroblast,Comprehensive cell atlas of the first-trimester developing human brain,19161,19,1,,,,0,10x 3' v2; 10x 3' v3,cell,basal forebrain; brain; cerebellar peduncular complex; cerebellum; cerebral subcortex; cortex; dorsal plus ventral thalamus; forebrain; head; hindbrain; hippocampal formation; hypothalamus; lower layers of the cortex; medulla oblongata; metencephalon; midbrain; midbrain tectum; occipital cortex; pon,normal,https://datasets.cellxgene.cziscience.com/b9fbe872-910d-4e2b-9c2d-e5c9b25f1d87.h5ad,222224526,10.1126/science.adf1226,brain,0.5789473684210527,True,0,11,0,0,0,0,False,False,False,False,True
e59a4394-80db-42e4-85e6-8f0e59b81f42,4d8fed08-2d6d-4692-b5ea-464f1d072077,ClassNeuroblast,Comprehensive cell atlas of the first-trimester developing human brain,285699,26,1,,,,0,10x 3' v2; 10x 3' v3,cell,basal forebrain; brain; caudate-putamen; cerebellar peduncular complex; cerebellum; cerebral subcortex; choroid plexus epithelium; cortex; diencephalon; dorsal plus ventral thalamus; entorhinal cortex; forebrain; frontal cortex; head; hindbrain; hippocampal formation; hypothalamus; lower layers of t,normal,https://datasets.cellxgene.cziscience.com/10d36870-cb38-45ab-bb97-583849b5c257.h5ad,1997692094,10.1126/science.adf1226,brain,0.5,True,1,9,0,0,0,0,False,False,False,False,True
e47a4c13-22ba-4c77-99bc-13f7d60af799,4d8fed08-2d6d-4692-b5ea-464f1d072077,Cerebellum,Comprehensive cell atlas of the first-trimester developing human brain,142362,12,12,,,,0,10x 3' v2; 10x 3' v3,cell,cerebellum,normal,https://datasets.cellxgene.cziscience.com/9ece5e62-8227-4bfa-9527-09f24ca1c8c5.h5ad,1036555565,10.1126/science.adf1226,brain,1.0,True,0,1,0,0,0,0,False,False,False,False,True
bfbd9097-65a2-4019-aff3-f875aca51952,4d8fed08-2d6d-4692-b5ea-464f1d072077,Midbrain,Comprehensive cell atlas of the first-trimester developing human brain,256434,17,12,,,,0,10x 3' v2; 10x 3' v3,cell,cerebellar peduncular complex; midbrain; midbrain tectum,normal,https://datasets.cellxgene.cziscience.com/a02344cd-9d5b-4191-a44f-b5f95111de94.h5ad,1734113456,10.1126/science.adf1226,brain,1.0,True,0,3,0,0,0,0,False,False,False,False,True
b15ec84b-46e9-4678-b511-a0f81f9b545b,4d8fed08-2d6d-4692-b5ea-464f1d072077,ClassGlioblastOligo,Comprehensive cell atlas of the first-trimester developing human brain,138610,26,2,,,,0,10x 3' v2; 10x 3' v3,cell,basal forebrain; brain; caudate-putamen; cerebellar peduncular complex; cerebellum; cerebral subcortex; cortex; diencephalon; dorsal plus ventral thalamus; entorhinal cortex; forebrain; frontal cortex; hindbrain; hippocampal formation; hypothalamus; lower layers of the cortex; medulla oblongata; met,normal,https://datasets.cellxgene.cziscience.com/903238ed-1c9a-4770-a3ac-987d06d503d3.h5ad,1108335006,10.1126/science.adf1226,brain,0.5555555555555556,True,0,10,0,0,0,0,False,False,False,False,True
a24ecf77-c059-4dc5-8ca4-3b89d667b7f8,4d8fed08-2d6d-4692-b5ea-464f1d072077,ClassPlacodes,Comprehensive cell atlas of the first-trimester developing human brain,873,8,1,,,,0,10x 3' v2; 10x 3' v3,cell,cerebellum; forebrain; head; hindbrain; medulla oblongata; midbrain,normal,https://datasets.cellxgene.cziscience.com/50edf503-4e5b-4cfb-b0aa-1f5de43f1a4d.h5ad,19264946,10.1126/science.adf1226,brain,0.5,True,0,3,0,0,0,0,False,False,False,False,True
9f984b44-9c72-4aa3-b8c5-65823071c3d6,4d8fed08-2d6d-4692-b5ea-464f1d072077,Medulla,Comprehensive cell atlas of the first-trimester developing human brain,123161,12,6,,,,0,10x 3' v2; 10x 3' v3,cell,medulla oblongata,normal,https://datasets.cellxgene.cziscience.com/4c2c8c1b-c595-42d2-b383-26f0e319d936.h5ad,645879871,10.1126/science.adf1226,brain,1.0,True,0,1,0,0,0,0,False,False,False,False,True
91b2327d-e3f3-4f63-b446-20774d20fc33,4d8fed08-2d6d-4692-b5ea-464f1d072077,ClassOligo,Comprehensive cell atlas of the first-trimester developing human brain,6190,23,1,,,,0,10x 3' v2; 10x 3' v3,cell,basal forebrain; brain; caudate-putamen; cerebellar peduncular complex; cerebellum; cerebral subcortex; cortex; dorsal plus ventral thalamus; entorhinal cortex; forebrain; frontal cortex; hindbrain; hippocampal formation; hypothalamus; lower layers of the cortex; medulla oblongata; metencephalon; mi,normal,https://datasets.cellxgene.cziscience.com/983f502d-016d-412d-b9fe-9949e5d2f116.h5ad,55682607,10.1126/science.adf1226,brain,0.5555555555555556,True,0,10,0,0,0,0,False,False,False,False,True
8775a6c6-b960-43ae-9f76-45c4acda3621,4d8fed08-2d6d-4692-b5ea-464f1d072077,ClassErythrocyte,Comprehensive cell atlas of the first-trimester developing human brain,8959,26,1,,,,0,10x 3' v2; 10x 3' v3,cell,basal forebrain; brain; caudate-putamen; cerebellar peduncular complex; cerebellum; cerebral subcortex; choroid plexus epithelium; cortex; diencephalon; dorsal plus ventral thalamus; entorhinal cortex; forebrain; frontal cortex; head; hindbrain; hippocampal formation; hypothalamus; lower layers of t,normal,https://datasets.cellxgene.cziscience.com/e7d61ad9-e039-47e7-a98c-73e8f992c5a2.h5ad,25552515,10.1126/science.adf1226,brain,0.5,True,1,9,0,0,0,0,False,False,False,False,True
6c105286-54e3-4587-969f-30683390ff8c,4d8fed08-2d6d-4692-b5ea-464f1d072077,Diencephalon,Comprehensive cell atlas of the first-trimester developing human brain,186271,10,6,,,,0,10x 3' v2; 10x 3' v3,cell,diencephalon; dorsal plus ventral thalamus; hypothalamus,normal,https://datasets.cellxgene.cziscience.com/d98452fd-79d7-43a1-ac77-5257fe9bc8cb.h5ad,1146282488,10.1126/science.adf1226,brain,0.6666666666666666,True,0,2,0,0,0,0,False,False,False,False,True
675873e1-3f1d-4bd5-9fad-3ce8a5ad98e1,4d8fed08-2d6d-4692-b5ea-464f1d072077,Telencephalon,Comprehensive cell atlas of the first-trimester developing human brain,377022,13,6,,,,0,10x 3' v2; 10x 3' v3,cell,caudate-putamen; choroid plexus epithelium; cortex; entorhinal cortex; forebrain; frontal cortex; hippocampal formation; lower layers of the cortex; occipital cortex; striatum; telencephalon; upper layers of the cortex,normal,https://datasets.cellxgene.cziscience.com/d247ed2d-eb4b-4abe-a3d4-65afcde97a29.h5ad,2933360861,10.1126/science.adf1226,brain,0.4166666666666667,True,1,5,0,0,0,0,False,False,False,False,True
6701d782-76f2-40e6-82f1-495350dd9a63,4d8fed08-2d6d-4692-b5ea-464f1d072077,ClassNeuralCrest,Comprehensive cell atlas of the first-trimester developing human brain,871,15,1,,,,0,10x 3' v2; 10x 3' v3,cell,basal forebrain; cerebellar peduncular complex; cerebellum; cerebral subcortex; cortex; forebrain; head; hindbrain; hypothalamus; lower layers of the cortex; medulla oblongata; metencephalon; midbrain; pons; striatum,normal,https://datasets.cellxgene.cziscience.com/66f033db-2260-49c8-8f1a-eb63bb3d2d20.h5ad,19578410,10.1126/science.adf1226,brain,0.5333333333333333,True,0,8,0,0,0,0,False,False,False,False,True
598100f7-01da-4de4-998a-05917fd6c446,4d8fed08-2d6d-4692-b5ea-464f1d072077,ClassRadialGlia,Comprehensive cell atlas of the first-trimester developing human brain,519908,26,1,,,,0,10x 3' v2; 10x 3' v3,cell,basal forebrain; brain; caudate-putamen; cerebellar peduncular complex; cerebellum; cerebral subcortex; choroid plexus epithelium; cortex; diencephalon; dorsal plus ventral thalamus; entorhinal cortex; forebrain; frontal cortex; head; hindbrain; hippocampal formation; hypothalamus; lower layers of t,normal,https://datasets.cellxgene.cziscience.com/e9697a7a-f6fd-4011-994e-2bc116a0000e.h5ad,3865257208,10.1126/science.adf1226,brain,0.5,True,1,9,0,0,0,0,False,False,False,False,True
48c4a72a-bc2a-4d7c-9146-a7c2ab1d7d9f,4d8fed08-2d6d-4692-b5ea-464f1d072077,ClassNeuronalIPC,Comprehensive cell atlas of the first-trimester developing human brain,110260,26,1,,,,0,10x 3' v2; 10x 3' v3,cell,basal forebrain; brain; caudate-putamen; cerebellar peduncular complex; cerebellum; cerebral subcortex; choroid plexus epithelium; cortex; diencephalon; dorsal plus ventral thalamus; entorhinal cortex; forebrain; frontal cortex; head; hindbrain; hippocampal formation; hypothalamus; lower layers of t,normal,https://datasets.cellxgene.cziscience.com/f7a29bcc-4de8-4c01-9d1d-eab9ac28f222.h5ad,839250038,10.1126/science.adf1226,brain,0.5,True,1,9,0,0,0,0,False,False,False,False,True
1b52ee22-c71a-4a0f-a4d2-c1be36d0b82a,4d8fed08-2d6d-4692-b5ea-464f1d072077,ClassNeuron,Comprehensive cell atlas of the first-trimester developing human brain,561754,26,1,,,,0,10x 3' v2; 10x 3' v3,cell,basal forebrain; brain; caudate-putamen; cerebellar peduncular complex; cerebellum; cerebral subcortex; choroid plexus epithelium; cortex; diencephalon; dorsal plus ventral thalamus; entorhinal cortex; forebrain; frontal cortex; head; hindbrain; hippocampal formation; hypothalamus; lower layers of t,normal,https://datasets.cellxgene.cziscience.com/489b22f6-61cd-4ec2-a48b-390bd0a00f80.h5ad,3770091260,10.1126/science.adf1226,brain,0.5,True,1,9,0,0,0,0,False,False,False,False,True
13149914-ea03-4f01-8bf6-b793b667127b,4d8fed08-2d6d-4692-b5ea-464f1d072077,All,Comprehensive cell atlas of the first-trimester developing human brain,1665937,26,12,,,,0,10x 3' v2; 10x 3' v3,cell,basal forebrain; brain; caudate-putamen; cerebellar peduncular complex; cerebellum; cerebral subcortex; choroid plexus epithelium; cortex; diencephalon; dorsal plus ventral thalamus; entorhinal cortex; forebrain; frontal cortex; head; hindbrain; hippocampal formation; hypothalamus; lower layers of t,normal,https://datasets.cellxgene.cziscience.com/52ff91e6-8c26-45ae-9003-542dada98506.h5ad,11932827832,10.1126/science.adf1226,brain,0.5,True,1,9,0,0,0,0,False,False,False,False,True
059022cf-885a-4ef8-944b-d9e5381aa1c6,4d8fed08-2d6d-4692-b5ea-464f1d072077,ClassGlioblast,Comprehensive cell atlas of the first-trimester developing human brain,132420,26,1,,,,0,10x 3' v2; 10x 3' v3,cell,basal forebrain; brain; caudate-putamen; cerebellar peduncular complex; cerebellum; cerebral subcortex; cortex; diencephalon; dorsal plus ventral thalamus; entorhinal cortex; forebrain; frontal cortex; hindbrain; hippocampal formation; hypothalamus; lower layers of the cortex; medulla oblongata; met,normal,https://datasets.cellxgene.cziscience.com/0713fbc5-51d9-441a-9ffc-36e306050492.h5ad,1066512239,10.1126/science.adf1226,brain,0.5555555555555556,True,0,10,0,0,0,0,False,False,False,False,True
54ea5aba-3413-4c6b-a925-b4f1635d6580,af286675-7167-4816-a907-c72d41b73d37,Adult ureter immune subset,Single-cell and spatial mapping Identify cell types and signaling Networks in the human ureter,12162,10,13,65.0,85.0,20.0,9,10x 3' v3,cell,ureter,normal,https://datasets.cellxgene.cziscience.com/23486660-38ab-4732-9acf-80954b067a9f.h5ad,112386884,10.1016/j.devcel.2022.07.004,,0.0,False,0,0,0,0,0,0,False,False,True,False,True
5467c340-864c-4810-86ef-647039c07148,af286675-7167-4816-a907-c72d41b73d37,Adult ureter urothelial subset,Single-cell and spatial mapping Identify cell types and signaling Networks in the human ureter,13544,10,3,65.0,85.0,20.0,9,10x 3' v3,cell,ureter,normal,https://datasets.cellxgene.cziscience.com/59c361b6-d832-41c2-819b-5af0c7c281ab.h5ad,230829450,10.1016/j.devcel.2022.07.004,,0.0,False,0,0,0,0,0,0,False,False,True,False,True
3e524d45-2265-4440-b903-3c30d51a0b17,af286675-7167-4816-a907-c72d41b73d37,Human adult ureter,Single-cell and spatial mapping Identify cell types and signaling Networks in the human ureter,30942,10,13,65.0,85.0,20.0,9,10x 3' v3,cell,ureter,normal,https://datasets.cellxgene.cziscience.com/54132d65-74d1-489a-bc1d-9c1039e3b96c.h5ad,398162696,10.1016/j.devcel.2022.07.004,,0.0,False,0,0,0,0,0,0,False,False,False,False,True
305c1196-76b3-42d1-818f-2694d01dbd97,af286675-7167-4816-a907-c72d41b73d37,Adult ureter stromal subset,Single-cell and spatial mapping Identify cell types and signaling Networks in the human ureter,3045,10,4,65.0,85.0,20.0,9,10x 3' v3,cell,ureter,normal,https://datasets.cellxgene.cziscience.com/fa33ffb9-1055-4f62-bbe4-849ad469fe86.h5ad,45916462,10.1016/j.devcel.2022.07.004,,0.0,False,0,0,0,0,0,0,False,False,True,False,True
12c3efd8-d515-42e6-b93c-4961e599d524,af286675-7167-4816-a907-c72d41b73d37,Adult ureter trio,Single-cell and spatial mapping Identify cell types and signaling Networks in the human ureter,13161,1,8,69.0,69.0,0.0,1,10x 3' v3,cell,ureter,normal,https://datasets.cellxgene.cziscience.com/a677ef35-e47a-47ef-b30a-28aeb4139d3a.h5ad,284878065,10.1016/j.devcel.2022.07.004,,0.0,False,0,0,0,0,0,0,False,False,False,False,True
72955cdb-bd92-4135-aa52-21f33f9640db,db70986c-7d91-49fe-a399-a4730be394ac,plaque atlas,Plaque Atlas,259116,73,12,46.0,89.0,43.0,22,10x 3' v2; 10x 3' v3,cell,carotid artery segment; coronary artery; femoral artery,atherosclerosis,https://datasets.cellxgene.cziscience.com/ad9f52c0-054b-4dc5-944c-46c376a544cf.h5ad,3056522616,10.1038/s41467-025-63202-x,,0.0,False,0,0,0,0,0,0,False,False,False,False,False
f354e4c3-eb53-4917-8476-39a860e30124,dea97145-f712-431c-a223-6b5f565f362a,1142243F,A single-cell and spatially resolved atlas of human breast cancers,4992,1,9,,,,0,Visium Spatial Gene Expression V1,na,breast,breast carcinoma,https://datasets.cellxgene.cziscience.com/5d904a8a-9190-43d6-8779-f167bf508244.h5ad,1854339295,10.1038/s41588-021-00911-1,,0.0,False,0,0,0,0,0,0,False,True,False,False,False
aafb780d-f52d-4285-a1f4-57376cabe1ee,dea97145-f712-431c-a223-6b5f565f362a,CID4290,A single-cell and spatially resolved atlas of human breast cancers,4992,1,20,88.0,88.0,0.0,1,Visium Spatial Gene Expression V1,na,breast,invasive ductal breast carcinoma,https://datasets.cellxgene.cziscience.com/9c62cb12-39e5-4cf4-a030-802ef136d044.h5ad,239296084,10.1038/s41588-021-00911-1,,0.0,False,0,0,0,0,0,0,False,True,False,False,False
a6b0f655-820c-4082-98e2-42f33c2a71a7,dea97145-f712-431c-a223-6b5f565f362a,CID44971,A single-cell and spatially resolved atlas of human breast cancers,4992,1,20,49.0,49.0,0.0,1,Visium Spatial Gene Expression V1,na,breast,invasive ductal breast carcinoma,https://datasets.cellxgene.cziscience.com/58a6f5de-f847-495d-84a5-4766c76dcbc0.h5ad,214365784,10.1038/s41588-021-00911-1,,0.0,False,0,0,0,0,0,0,False,True,False,False,False
80466231-7133-4097-88ae-40cb6cce1a33,dea97145-f712-431c-a223-6b5f565f362a,CID4465,A single-cell and spatially resolved atlas of human breast cancers,4992,1,20,54.0,54.0,0.0,1,Visium Spatial Gene Expression V1,na,breast,invasive ductal breast carcinoma,https://datasets.cellxgene.cziscience.com/0fa1249e-a670-4534-b51c-69218dce7889.h5ad,214168477,10.1038/s41588-021-00911-1,,0.0,False,0,0,0,0,0,0,False,True,False,False,False
6f0858c0-c590-4740-b022-c152e7608d66,dea97145-f712-431c-a223-6b5f565f362a,CID4535,A single-cell and spatially resolved atlas of human breast cancers,4992,1,20,47.0,47.0,0.0,1,Visium Spatial Gene Expression V1,na,breast,invasive lobular breast carcinoma,https://datasets.cellxgene.cziscience.com/91d821e4-403c-4de8-bed8-f798ad33d93a.h5ad,216294282,10.1038/s41588-021-00911-1,,0.0,False,0,0,0,0,0,0,False,True,False,False,False
24dbd26d-1a3a-4a0c-a4e9-3d95f373217f,dea97145-f712-431c-a223-6b5f565f362a,1160920F,A single-cell and spatially resolved atlas of human breast cancers,4992,1,8,,,,0,Visium Spatial Gene Expression V1,na,breast,breast carcinoma,https://datasets.cellxgene.cziscience.com/6cdeab96-fd27-40c9-a75a-cb94a41ec10b.h5ad,1837294568,10.1038/s41588-021-00911-1,,0.0,False,0,0,0,0,0,0,False,True,False,False,False
99e317c0-1fab-4f73-b511-859e752fd1c3,68e7e5b7-4dc9-4609-832e-7656aa6182ba,Sex-Specific Control of Human Heart Maturation by the Progesterone Receptor.,Sex-Specific Control of Human Heart Maturation by the Progesterone Receptor,51176,9,8,4.0,42.0,38.0,6,10x 3' v3,nucleus,apical region of left ventricle,normal,https://datasets.cellxgene.cziscience.com/59c9aa5c-ee73-4252-b149-5cb011f924b1.h5ad,856144806,10.1161/CIRCULATIONAHA.120.051921,heart,1.0,True,0,0,0,1,0,0,False,False,False,False,True
429d21fd-bb9a-4abf-922b-c15138524bdd,9f29fcd0-7075-4420-bd61-e2ec1aebad89,scRNA-seq of lung biopsies from six human lung transplant cases,Ischemia Reperfusion Responses in Human Lung Transplants at the Single Cell Resolution,108613,12,13,19.0,71.0,52.0,11,10x 3' v3,cell,lingula of left lung; lower lobe of right lung; middle lobe of right lung; upper lobe of left lung; upper lobe of right lung,normal,https://datasets.cellxgene.cziscience.com/5734e8c9-de71-45c3-b88e-5b45e6232652.h5ad,1125870877,10.1016/j.ajt.2024.08.019,,0.0,False,0,0,0,0,0,0,False,False,False,False,True
b2005457-dede-4434-a9c3-dbe41fcd542e,8f17ac63-aaba-44b5-9b78-60f121da4c2f,slide-seqV2 analysis of aorta,A Coding and Non-Coding Atlas of the Human Arterial Cell,6142,1,7,46.0,46.0,0.0,1,Slide-seqV2,na,aorta,normal,https://datasets.cellxgene.cziscience.com/c2a7b918-e360-41f4-987a-bb19bb0b9662.h5ad,9929787,10.1016/j.xgen.2025.101034,,0.0,False,0,0,0,0,0,0,False,False,False,False,True
56ce05c9-72f0-47ce-ab6d-f18711cf1be8,8f17ac63-aaba-44b5-9b78-60f121da4c2f,slide-seqV2 analysis of right coronary artery,A Coding and Non-Coding Atlas of the Human Arterial Cell,12744,1,6,46.0,46.0,0.0,1,Slide-seqV2,na,right coronary artery,normal,https://datasets.cellxgene.cziscience.com/07b8dad0-0d94-4028-97d1-1b88a6162768.h5ad,19727654,10.1016/j.xgen.2025.101034,,0.0,False,0,0,0,0,0,0,False,False,False,False,True
43245158-5ae1-4e71-a9a6-67eef49c26bc,8f17ac63-aaba-44b5-9b78-60f121da4c2f,scRNA-seq of vascular tissue,A Coding and Non-Coding Atlas of the Human Arterial Cell,113304,6,7,38.0,69.0,31.0,6,10x 3' v3,cell,abdominal aorta; arch of aorta; ascending aorta; bulb of aorta; carotid artery segment; coronary artery; descending aorta; iliac artery; pulmonary artery; right coronary artery,normal,https://datasets.cellxgene.cziscience.com/473452ed-3b89-466a-9610-14eb36cbd12c.h5ad,1833021343,10.1016/j.xgen.2025.101034,,0.0,False,0,0,0,0,0,0,False,False,False,False,True
ac0c6561-7a48-4185-af6f-af799f699172,c53573b2-eff4-4c5e-9ad0-b24d422dfd9b,All Cells - snRNA-seq,Cross-dementia human brain snRNA-seq (Rexach et al 2024),432555,40,9,56.0,80.0,24.0,8,10x 3' v2; 10x 3' v3,nucleus,Brodmann (1909) area 4; insular cortex; primary visual cortex,Alzheimer disease; Pick disease; normal; progressive supranuclear palsy,https://datasets.cellxgene.cziscience.com/aa87f914-07e0-48aa-b915-8de906c95baf.h5ad,4993733632,10.1016/j.cell.2024.08.019,brain,0.3333333333333333,True,0,1,0,0,0,0,False,False,False,False,True
5f4556b6-017e-49b3-b31c-c6e8e226c9fb,ec691f5f-0aac-433c-8f78-e7f4b85a05e0,scRNA-seq of adult gamma delta T cells,Human γδ T cells in diverse tissues exhibit site-specific maturation dynamics across the lifespan,7417,24,1,19.0,75.0,56.0,21,10x 3' v3; 10x 5' v2,cell,jejunum; lung; mesenteric lymph node; spleen; thoracic lymph node,normal,https://datasets.cellxgene.cziscience.com/9be0f95c-1301-44eb-81c5-9719ec30058c.h5ad,72292758,10.1126/sciimmunol.adn3954,,0.0,False,0,0,0,0,0,0,False,False,True,False,True
0436a180-cb44-47ba-8ffa-807b7a468469,380ade76-e561-49a8-afb2-0f10b39c2c72,Fallopian tube samples from pre- and post-menopausal humans,A cell atlas of the human fallopian tube throughout the menstrual cycle and menopause,131218,17,12,32.0,72.0,40.0,14,10x 3' v3; Drop-seq,cell,ampulla of fallopian tube; fimbria of fallopian tube,normal,https://datasets.cellxgene.cziscience.com/fb14bb6c-8b8d-4fc7-8983-4b8d9bce9afa.h5ad,1645703919,10.1038/s41467-024-55440-2,,0.0,False,0,0,0,0,0,0,False,False,False,False,True
4a90bbba-df97-4a28-83ae-7386fe7d9167,964581c3-b5ac-494d-9bd4-0dcb6fb058da,High-Resolution Transcriptomic Landscape of the Human Submandibular Gland,High-Resolution Transcriptomic Landscape of the Human Submandibular Gland,15684,2,16,48.0,62.0,14.0,2,10x 3' v3,cell,submandibular gland,normal,https://datasets.cellxgene.cziscience.com/81c46dbb-8d83-4e5f-b61b-d9a0338490e2.h5ad,83763619,10.1177/00220345221147908,,0.0,False,0,0,0,0,0,0,False,False,False,False,True
d3d4baff-d142-4f13-acc6-96a4ef6a3e95,6686ada5-43a8-40b6-9a05-6894503606db,Ovarian tissue from donor 5,Cellular atlas of the human ovary using morphologically guided spatial transcriptomics and single-cell sequencing,6339,1,4,31.0,31.0,0.0,1,10x 3' v3,cell,ovary,normal,https://datasets.cellxgene.cziscience.com/92c7c761-450c-4130-9288-f355769e3cc9.h5ad,72345504,10.1126/sciadv.adm7506,,0.0,False,0,0,0,0,0,0,False,False,False,False,True
a9bedd04-51cb-42ad-83fe-cd749de71f1b,6686ada5-43a8-40b6-9a05-6894503606db,Ovarian tissue from donor 3,Cellular atlas of the human ovary using morphologically guided spatial transcriptomics and single-cell sequencing,7571,1,4,28.0,28.0,0.0,1,10x 3' v3,cell,ovary,normal,https://datasets.cellxgene.cziscience.com/fed15dc1-33a7-447b-a841-d0ede4cba838.h5ad,61195872,10.1126/sciadv.adm7506,,0.0,False,0,0,0,0,0,0,False,False,False,False,True
2a65bd41-4a3f-42f4-98b2-c53962811152,6686ada5-43a8-40b6-9a05-6894503606db,Ovarian tissue from donor 4,Cellular atlas of the human ovary using morphologically guided spatial transcriptomics and single-cell sequencing,7288,1,4,37.0,37.0,0.0,1,10x 3' v3,cell,ovary,normal,https://datasets.cellxgene.cziscience.com/84f64d2f-60f8-4b3c-a62c-799717031e94.h5ad,89005601,10.1126/sciadv.adm7506,,0.0,False,0,0,0,0,0,0,False,False,False,False,True
f3ee7613-b27f-4deb-a5aa-1d4f9a2db963,1e313b15-4aca-4e5a-94a3-1093c4c42abd,dataset of 'High-resolution single-cell transcriptomic survey of cardiomyocytes from patients with hypertrophic cardiomyopathy',High-resolution single-cell transcriptomic survey of cardiomyocytes from patients with hypertrophic cardiomyopathy,1971,9,1,,,,0,modified STRT-seq,cell,interventricular septum,hypertrophic cardiomyopathy; normal,https://datasets.cellxgene.cziscience.com/47a98d37-ba8d-4146-b334-c8ed6385a9e5.h5ad,73719258,10.1111/cpr.13557,heart,1.0,True,0,0,0,1,0,0,False,False,False,False,True
d18736c3-6292-4379-919a-d6d973204c87,e1a9ca56-f2ee-435d-980a-4f49ab7a952b,Single-cell RNA-seq analysis reveals cell subsets and gene signatures associated with Rheumatoid Arthritis Disease Activity,Single-cell RNA-seq analysis reveals cell subsets and gene signatures associated with Rheumatoid Arthritis Disease Activity,108717,36,15,,,,0,10x 3' v3,cell,blood,normal; rheumatoid arthritis,https://datasets.cellxgene.cziscience.com/3b751975-34bb-409a-a9b7-98380f0450ea.h5ad,259685464,10.1172/jci.insight.178499,,0.0,False,0,0,0,0,0,0,False,False,True,False,True
61af564d-e5ea-4d34-a0f3-2668a00db376,77446b76-1c2d-4a71-8e59-0efd4374d98e,snRNA-seq analyses of breast tissues of healthy women of diverse genetic ancestry,Single-nucleus chromatin accessibility and transcriptomic map of breast tissues of women of diverse genetic ancestry,51367,16,8,,,,0,10x multiome,nucleus,breast; upper outer quadrant of breast,normal,https://datasets.cellxgene.cziscience.com/31798b24-255e-4726-8805-66507589ccb8.h5ad,426473373,10.1038/s41591-024-03011-9,,0.0,False,0,0,0,0,0,0,False,False,False,False,True
f7af19e4-fc64-46d0-ab3c-d4f70dd670f4,68cba939-4e72-4405-80ef-512a05044fba,S7_Rec/Sig A798015 Rep1,Profiling the heterogeneity of colorectal cancer consensus molecular subtypes using spatial transcriptomics,4992,1,22,,,,0,Visium Spatial Gene Expression V1,na,rectosigmoid junction,colorectal cancer,https://datasets.cellxgene.cziscience.com/7a9397d6-dbd5-400e-bd35-e31793ade49c.h5ad,27373200,10.1038/s41698-023-00488-4,,0.0,False,0,0,0,0,0,0,False,True,False,False,False
c0d43178-d368-4381-aecb-4e63c553d1fa,68cba939-4e72-4405-80ef-512a05044fba,S5_Rec A121573 Rep2,Profiling the heterogeneity of colorectal cancer consensus molecular subtypes using spatial transcriptomics,4992,1,16,,,,0,Visium Spatial Gene Expression V1,na,rectum,colorectal cancer,https://datasets.cellxgene.cziscience.com/c17e73b9-e434-497c-a5ea-ffb5c07a4cd2.h5ad,47395063,10.1038/s41698-023-00488-4,,0.0,False,0,0,0,0,0,0,False,True,False,False,False
b5753bee-dae1-4fa6-80c0-e78faa77b0aa,68cba939-4e72-4405-80ef-512a05044fba,S1_Cec A551763 Rep1,Profiling the heterogeneity of colorectal cancer consensus molecular subtypes using spatial transcriptomics,4992,1,15,,,,0,Visium Spatial Gene Expression V1,na,caecum,colorectal cancer,https://datasets.cellxgene.cziscience.com/273cbea6-d2f1-40ca-af53-cd64dfa2c336.h5ad,27998357,10.1038/s41698-023-00488-4,,0.0,False,0,0,0,0,0,0,False,True,False,False,False
a73f7983-c94b-4005-aaed-30d35b61688a,68cba939-4e72-4405-80ef-512a05044fba,S1_Cec A551763 Rep2,Profiling the heterogeneity of colorectal cancer consensus molecular subtypes using spatial transcriptomics,4992,1,23,,,,0,Visium Spatial Gene Expression V1,na,caecum,colorectal cancer,https://datasets.cellxgene.cziscience.com/7e26f8dc-2b00-4b6a-9f1f-25a1ba853599.h5ad,24261345,10.1038/s41698-023-00488-4,,0.0,False,0,0,0,0,0,0,False,True,False,False,False
879bb6df-cc2a-40f1-854b-5be9629d03b2,68cba939-4e72-4405-80ef-512a05044fba,S2_Col_R A595688 Rep1,Profiling the heterogeneity of colorectal cancer consensus molecular subtypes using spatial transcriptomics,4992,1,15,,,,0,Visium Spatial Gene Expression V1,na,right colon,colorectal cancer,https://datasets.cellxgene.cziscience.com/a9ccd651-a17a-4b2e-bcec-5fd0e68d1681.h5ad,33289559,10.1038/s41698-023-00488-4,,0.0,False,0,0,0,0,0,0,False,True,False,False,False
7fe57023-bbcf-4254-9aa4-bd2abf7d83ad,68cba939-4e72-4405-80ef-512a05044fba,S2_Col_R A595688 Rep2,Profiling the heterogeneity of colorectal cancer consensus molecular subtypes using spatial transcriptomics,4992,1,15,,,,0,Visium Spatial Gene Expression V1,na,right colon,colorectal cancer,https://datasets.cellxgene.cziscience.com/89a0b783-a960-4a65-b32b-5de604e5f9f9.h5ad,22057639,10.1038/s41698-023-00488-4,,0.0,False,0,0,0,0,0,0,False,True,False,False,False
7ba1a805-0afe-4264-b21e-0ce2ef1aa3bd,68cba939-4e72-4405-80ef-512a05044fba,S6_Rec A938797 Rep1,Profiling the heterogeneity of colorectal cancer consensus molecular subtypes using spatial transcriptomics,4992,1,24,,,,0,Visium Spatial Gene Expression V1,na,rectum,colorectal cancer,https://datasets.cellxgene.cziscience.com/caed233d-e71f-4db2-9bac-d306f8828544.h5ad,34023441,10.1038/s41698-023-00488-4,,0.0,False,0,0,0,0,0,0,False,True,False,False,False
74e80fd1-d9cd-4132-af0f-9c5d37489392,68cba939-4e72-4405-80ef-512a05044fba,S4_Col_Sig A120838 Rep2,Profiling the heterogeneity of colorectal cancer consensus molecular subtypes using spatial transcriptomics,4992,1,14,,,,0,Visium Spatial Gene Expression V1,na,sigmoid colon,colorectal cancer,https://datasets.cellxgene.cziscience.com/447b545b-e3ca-43b0-bb0b-022bf5c6c47d.h5ad,29935545,10.1038/s41698-023-00488-4,,0.0,False,0,0,0,0,0,0,False,True,False,False,False
729f397a-0812-4b52-a7d1-b377107ffb41,68cba939-4e72-4405-80ef-512a05044fba,S3_Col_R A416371 Rep1,Profiling the heterogeneity of colorectal cancer consensus molecular subtypes using spatial transcriptomics,4992,1,22,,,,0,Visium Spatial Gene Expression V1,na,right colon,colorectal cancer,https://datasets.cellxgene.cziscience.com/a316235e-621b-4c0f-88d2-e4edba3dc1b0.h5ad,47945291,10.1038/s41698-023-00488-4,,0.0,False,0,0,0,0,0,0,False,True,False,False,False
2d821164-4681-47dd-b2ac-eb5fddb5b621,68cba939-4e72-4405-80ef-512a05044fba,S5_Rec A121573 Rep1,Profiling the heterogeneity of colorectal cancer consensus molecular subtypes using spatial transcriptomics,4992,1,15,,,,0,Visium Spatial Gene Expression V1,na,rectum,colorectal cancer,https://datasets.cellxgene.cziscience.com/909cb5ed-688f-41b9-9bf4-7247fba44371.h5ad,45506493,10.1038/s41698-023-00488-4,,0.0,False,0,0,0,0,0,0,False,True,False,False,False
297b5b89-6197-4135-acff-501c8d4199d0,68cba939-4e72-4405-80ef-512a05044fba,S7_Rec/Sig A798015 Rep2,Profiling the heterogeneity of colorectal cancer consensus molecular subtypes using spatial transcriptomics,4992,1,26,,,,0,Visium Spatial Gene Expression V1,na,rectosigmoid junction,colorectal cancer,https://datasets.cellxgene.cziscience.com/9ff3a1ac-8e44-4c39-a578-e2ab93853b6c.h5ad,31546357,10.1038/s41698-023-00488-4,,0.0,False,0,0,0,0,0,0,False,True,False,False,False
2916b663-5fe0-4a53-a2da-f6875214e3e6,68cba939-4e72-4405-80ef-512a05044fba,S4_Col_Sig A120838 Rep1,Profiling the heterogeneity of colorectal cancer consensus molecular subtypes using spatial transcriptomics,4992,1,10,,,,0,Visium Spatial Gene Expression V1,na,sigmoid colon,colorectal cancer,https://datasets.cellxgene.cziscience.com/e8c6d38b-c0d8-4dc6-bb66-9ce3c719c40b.h5ad,21499092,10.1038/s41698-023-00488-4,,0.0,False,0,0,0,0,0,0,False,True,False,False,False
1e191a00-65da-4170-b9b7-eb94359d7de4,68cba939-4e72-4405-80ef-512a05044fba,S3_Col_R A416371 Rep2,Profiling the heterogeneity of colorectal cancer consensus molecular subtypes using spatial transcriptomics,4992,1,18,,,,0,Visium Spatial Gene Expression V1,na,right colon,colorectal cancer,https://datasets.cellxgene.cziscience.com/86ea4533-fc57-4087-9104-4ed781796841.h5ad,41259314,10.1038/s41698-023-00488-4,,0.0,False,0,0,0,0,0,0,False,True,False,False,False
15b98664-a52b-4877-aed9-03f4d73d2d2c,68cba939-4e72-4405-80ef-512a05044fba,S6_Rec A938797 Rep2,Profiling the heterogeneity of colorectal cancer consensus molecular subtypes using spatial transcriptomics,4992,1,22,,,,0,Visium Spatial Gene Expression V1,na,rectum,colorectal cancer,https://datasets.cellxgene.cziscience.com/4f43fbfe-b88a-4010-9d5f-359afafe80e0.h5ad,44494388,10.1038/s41698-023-00488-4,,0.0,False,0,0,0,0,0,0,False,True,False,False,False
b617ee1b-f8c8-4de9-b82b-e803ab93550d,3f7c572c-cd73-4b51-a313-207c7f20f188,A multi-tissue single-cell tumor microenvironment atlas,Dissecting novel myeloid-derived cell states through single-cell RNA-Seq and its impact on clinical outcome across tumor types,391963,132,11,25.0,86.0,61.0,42,10x 3' v1; 10x 3' v2; 10x 3' v3; 10x 5' v2; Smart-seq2; inDrop,cell,blood; breast; colorectum; liver; lung; ovary; skin epidermis; uvea,breast apocrine carcinoma; breast cancer; cecum adenocarcinoma; colon adenocarcinoma; colorectal adenocarcinoma; invasive ductal breast carcinoma; large cell carcinoma; liver cancer; lung adenocarcino,https://datasets.cellxgene.cziscience.com/1b76227b-c731-4807-9487-ad5e4d24e0d0.h5ad,2606540453,10.1038/s41467-024-49916-4,liver,0.125,True,0,0,0,0,0,1,False,True,False,False,False
aa369999-a034-4ad9-b459-8a93c86ea77b,ad2149fc-19c5-41de-8cfe-44710fbada73,snMultiome data of the developing human neocortex,Molecular and cellular dynamics of the developing human neocortex at single-cell resolution,232328,27,29,0.25,13.0,12.75,5,10x multiome,nucleus,Brodmann (1909) area 10; Brodmann (1909) area 17; Brodmann (1909) area 9; forebrain; neocortex; prefrontal cortex; telencephalon; visual cortex,normal,https://datasets.cellxgene.cziscience.com/a4310202-4dc8-4e1b-a96d-d9675f5b14d1.h5ad,2782116565,10.1038/s41586-024-08351-7,brain,0.625,True,0,5,0,0,0,0,False,False,False,False,True
7f7faf6b-f11d-4f07-bc1c-188a4472748d,2a9a17c9-1f61-4877-b384-b8cd5ffa4085,All annotated cells from infection 2,A molecular cell atlas of COVID-19 initiation in human lung,134076,1,29,36.0,36.0,0.0,1,10x 3' v3,cell,upper lobe of left lung,COVID-19,https://datasets.cellxgene.cziscience.com/ffb8fb3b-be0f-429f-8323-621473e8d352.h5ad,2620258837,10.1084/jem.20232192,,0.0,False,0,0,0,0,0,0,False,False,False,False,False
7c497c66-c2e2-4291-8b96-339e5e65f314,2a9a17c9-1f61-4877-b384-b8cd5ffa4085,All annotated cells from infection 4,A molecular cell atlas of COVID-19 initiation in human lung,76298,1,28,83.0,83.0,0.0,1,10x 3' v3,cell,upper lobe of left lung,COVID-19,https://datasets.cellxgene.cziscience.com/1c83edae-640c-4eeb-994f-1b32af63506d.h5ad,2672694696,10.1084/jem.20232192,,0.0,False,0,0,0,0,0,0,False,False,False,False,False
7b55fe5c-d5c8-48e0-a1a3-54c5b9074f3f,2a9a17c9-1f61-4877-b384-b8cd5ffa4085,All annotated cells from infection 3,A molecular cell atlas of COVID-19 initiation in human lung,125530,1,32,57.0,57.0,0.0,1,10x 3' v2; 10x 3' v3,cell,lower lobe of left lung,COVID-19,https://datasets.cellxgene.cziscience.com/2278cb86-c314-4e81-bcb5-66c76aec24a1.h5ad,2338268386,10.1084/jem.20232192,,0.0,False,0,0,0,0,0,0,False,False,False,False,False
2ac76f1b-43ef-4271-8686-2f165570989f,2a9a17c9-1f61-4877-b384-b8cd5ffa4085,All annotated cells from infection 1,A molecular cell atlas of COVID-19 initiation in human lung,48226,1,29,62.0,62.0,0.0,1,10x 3' v3,cell,upper lobe of left lung,COVID-19,https://datasets.cellxgene.cziscience.com/0f476931-bff3-49fc-868f-8885e0a163a6.h5ad,898188617,10.1084/jem.20232192,,0.0,False,0,0,0,0,0,0,False,False,False,False,False
f9cfac8d-bff6-47a2-a1f6-503827d375f5,35928d1c-36fc-4f93-9a8d-0b921ab41745,VLMC - neocortex: Human variation study (HVS),HVS: Human variation study,637,59,1,,,,0,10x 3' v3,cell,neocortex,normal,https://datasets.cellxgene.cziscience.com/900faaa3-adec-4fd9-81b0-1e90a2ab256f.h5ad,56315767,10.1126/science.adf2359,brain,1.0,True,0,1,0,0,0,0,False,False,False,False,True
ea95cdd5-cf7e-4d5d-a0bd-032776d32ae5,35928d1c-36fc-4f93-9a8d-0b921ab41745,Astro - neocortex: Human variation study (HVS),HVS: Human variation study,16319,78,1,,,,0,10x 3' v3,cell,neocortex,normal,https://datasets.cellxgene.cziscience.com/ab88770a-7a74-4da5-a166-d68f02d644f2.h5ad,1381262772,10.1126/science.adf2359,brain,1.0,True,0,1,0,0,0,0,False,False,False,False,True
e34f3f89-3a48-4173-a06a-9e9803f2e2b9,35928d1c-36fc-4f93-9a8d-0b921ab41745,Oligo - neocortex: Human variation study (HVS),HVS: Human variation study,57855,78,1,,,,0,10x 3' v3,cell,neocortex,normal,https://datasets.cellxgene.cziscience.com/7b96819c-598c-47a1-9cea-f410fc0c37fa.h5ad,4551204610,10.1126/science.adf2359,brain,1.0,True,0,1,0,0,0,0,False,False,False,False,True
e2a325e2-5633-4950-ae46-ebff70979e3b,35928d1c-36fc-4f93-9a8d-0b921ab41745,Lamp5Lhx6 - neocortex: Human variation study (HVS),HVS: Human variation study,4683,78,1,,,,0,10x 3' v3,cell,neocortex,normal,https://datasets.cellxgene.cziscience.com/19cd530b-622c-4bd8-b738-dbf169412cb0.h5ad,431473246,10.1126/science.adf2359,brain,1.0,True,0,1,0,0,0,0,False,False,False,False,True
d5a2d011-3765-4dad-ac36-3fff087589fe,35928d1c-36fc-4f93-9a8d-0b921ab41745,Lamp5 - neocortex: Human variation study (HVS),HVS: Human variation study,8093,78,1,,,,0,10x 3' v3,cell,neocortex,normal,https://datasets.cellxgene.cziscience.com/bb3c4200-5c1b-4f8a-a846-e021919b7241.h5ad,729030048,10.1126/science.adf2359,brain,1.0,True,0,1,0,0,0,0,False,False,False,False,True
b6e502d7-0d07-408e-a291-91b63af0a40a,35928d1c-36fc-4f93-9a8d-0b921ab41745,MicroPVM - neocortex: Human variation study (HVS),HVS: Human variation study,3934,61,1,,,,0,10x 3' v3,cell,neocortex,normal,https://datasets.cellxgene.cziscience.com/c5e9db26-7b51-4290-b721-dd540ac906b1.h5ad,313044672,10.1126/science.adf2359,brain,1.0,True,0,1,0,0,0,0,False,False,False,False,True
a30db232-08a6-48f0-ab9f-ad6977b8a6b1,35928d1c-36fc-4f93-9a8d-0b921ab41745,L6b - neocortex: Human variation study (HVS),HVS: Human variation study,8213,77,1,,,,0,10x 3' v3,cell,neocortex,normal,https://datasets.cellxgene.cziscience.com/38374d1b-6549-4429-b59a-ff2706dacd96.h5ad,803923602,10.1126/science.adf2359,brain,1.0,True,0,1,0,0,0,0,False,False,False,False,True
9ea52f85-a35e-4b5b-9207-e2f1de7dbbcd,35928d1c-36fc-4f93-9a8d-0b921ab41745,L4IT - neocortex: Human variation study (HVS),HVS: Human variation study,35171,78,1,,,,0,10x 3' v3,cell,neocortex,normal,https://datasets.cellxgene.cziscience.com/c9143d44-4c95-4f06-8edc-e03d3491ab97.h5ad,3217779656,10.1126/science.adf2359,brain,1.0,True,0,1,0,0,0,0,False,False,False,False,True
93091496-be48-4122-b945-9af9c22a7535,35928d1c-36fc-4f93-9a8d-0b921ab41745,Vip - neocortex: Human variation study (HVS),HVS: Human variation study,28718,78,1,,,,0,10x 3' v3,cell,neocortex,normal,https://datasets.cellxgene.cziscience.com/5fff0955-173e-407d-b160-64f513ca6db6.h5ad,2510495710,10.1126/science.adf2359,brain,1.0,True,0,1,0,0,0,0,False,False,False,False,True
78f40dd6-ed22-470d-8547-6fb5746c25da,35928d1c-36fc-4f93-9a8d-0b921ab41745,Pax6 - neocortex: Human variation study (HVS),HVS: Human variation study,1465,77,1,,,,0,10x 3' v3,cell,neocortex,normal,https://datasets.cellxgene.cziscience.com/7958eba0-1d79-42e3-8947-a198f98578f2.h5ad,136057698,10.1126/science.adf2359,brain,1.0,True,0,1,0,0,0,0,False,False,False,False,True
6929d6d1-6f81-44d7-bd35-5a580259af81,35928d1c-36fc-4f93-9a8d-0b921ab41745,Chandelier - neocortex: Human variation study (HVS),HVS: Human variation study,1875,78,1,,,,0,10x 3' v3,cell,neocortex,normal,https://datasets.cellxgene.cziscience.com/e813d04b-7833-4b02-b14f-0247d6128516.h5ad,172050087,10.1126/science.adf2359,brain,1.0,True,0,1,0,0,0,0,False,False,False,False,True
5e7fff82-b8eb-4220-bf65-c6feb6765ea1,35928d1c-36fc-4f93-9a8d-0b921ab41745,L5ET - neocortex: Human variation study (HVS),HVS: Human variation study,563,71,1,,,,0,10x 3' v3,cell,neocortex,normal,https://datasets.cellxgene.cziscience.com/42c9001a-3a29-4952-aaa0-b55e73851a5c.h5ad,61610897,10.1126/science.adf2359,brain,1.0,True,0,1,0,0,0,0,False,False,False,False,True
4e374783-0152-423e-bcb6-b87cc232f64d,35928d1c-36fc-4f93-9a8d-0b921ab41745,Pvalb - neocortex: Human variation study (HVS),HVS: Human variation study,19711,78,1,,,,0,10x 3' v3,cell,neocortex,normal,https://datasets.cellxgene.cziscience.com/4afcaa14-e1c1-4b2b-b5af-c5b8936c3ddd.h5ad,1801583012,10.1126/science.adf2359,brain,1.0,True,0,1,0,0,0,0,False,False,False,False,True
4859642c-d155-437b-adf5-83ca6c1bef67,35928d1c-36fc-4f93-9a8d-0b921ab41745,Endo - neocortex: Human variation study (HVS),HVS: Human variation study,582,57,1,,,,0,10x 3' v3,cell,neocortex,normal,https://datasets.cellxgene.cziscience.com/f8975a92-8ddb-4dde-adbe-977a4b3e4e96.h5ad,52926761,10.1126/science.adf2359,brain,1.0,True,0,1,0,0,0,0,False,False,False,False,True
390b376d-8857-4b4b-991f-0d7326938172,35928d1c-36fc-4f93-9a8d-0b921ab41745,Sncg - neocortex: Human variation study (HVS),HVS: Human variation study,4112,77,1,,,,0,10x 3' v3,cell,neocortex,normal,https://datasets.cellxgene.cziscience.com/8dfadc37-e19c-4d4b-80d8-cee48e732bcf.h5ad,362143265,10.1126/science.adf2359,brain,1.0,True,0,1,0,0,0,0,False,False,False,False,True
34229bdc-a895-4394-8820-574e4028d8c6,35928d1c-36fc-4f93-9a8d-0b921ab41745,L5IT - neocortex: Human variation study (HVS),HVS: Human variation study,31924,78,1,,,,0,10x 3' v3,cell,neocortex,normal,https://datasets.cellxgene.cziscience.com/c3b47645-c927-4a0a-868f-eb7640ea3354.h5ad,3057153024,10.1126/science.adf2359,brain,1.0,True,0,1,0,0,0,0,False,False,False,False,True
31285bcd-9a28-48ce-8cc0-543af80261d3,35928d1c-36fc-4f93-9a8d-0b921ab41745,OPC - neocortex: Human variation study (HVS),HVS: Human variation study,11244,78,1,,,,0,10x 3' v3,cell,neocortex,normal,https://datasets.cellxgene.cziscience.com/a9b5738d-997d-433f-8d86-12dbfc8f01fb.h5ad,915602861,10.1126/science.adf2359,brain,1.0,True,0,1,0,0,0,0,False,False,False,False,True
3079e9b0-c6db-45c8-b998-a4555a73968e,35928d1c-36fc-4f93-9a8d-0b921ab41745,Sst - neocortex: Human variation study (HVS),HVS: Human variation study,28943,78,1,,,,0,10x 3' v3,cell,neocortex,normal,https://datasets.cellxgene.cziscience.com/d1303087-592a-4c3d-aa3e-21de203927dc.h5ad,2558526832,10.1126/science.adf2359,brain,1.0,True,0,1,0,0,0,0,False,False,False,False,True
1fc48734-35ee-4372-885c-95fd2674c75a,35928d1c-36fc-4f93-9a8d-0b921ab41745,L23IT - neocortex: Human variation study (HVS),HVS: Human variation study,79631,78,1,,,,0,10x 3' v3,cell,neocortex,normal,https://datasets.cellxgene.cziscience.com/57f3c92b-a07a-41da-b660-88eb9f93c4c9.h5ad,7604282325,10.1126/science.adf2359,brain,1.0,True,0,1,0,0,0,0,False,False,False,False,True
1a974af7-8b4b-4abb-8aba-23e2979d9518,35928d1c-36fc-4f93-9a8d-0b921ab41745,L6IT - neocortex: Human variation study (HVS),HVS: Human variation study,16668,78,1,,,,0,10x 3' v3,cell,neocortex,normal,https://datasets.cellxgene.cziscience.com/7be9f52d-7eef-4bdd-a0ba-c8f2d4986551.h5ad,1636005614,10.1126/science.adf2359,brain,1.0,True,0,1,0,0,0,0,False,False,False,False,True
171b03c9-516b-499c-a434-fa4f70191988,35928d1c-36fc-4f93-9a8d-0b921ab41745,L6CT - neocortex: Human variation study (HVS),HVS: Human variation study,7156,78,1,,,,0,10x 3' v3,cell,neocortex,normal,https://datasets.cellxgene.cziscience.com/77dc6994-2777-4fad-a445-4ff7d143a682.h5ad,690905441,10.1126/science.adf2359,brain,1.0,True,0,1,0,0,0,0,False,False,False,False,True
149b2c3f-ee11-47a7-984b-923570280bd7,35928d1c-36fc-4f93-9a8d-0b921ab41745,SstChodl - neocortex: Human variation study (HVS),HVS: Human variation study,301,72,1,,,,0,10x 3' v3,cell,neocortex,normal,https://datasets.cellxgene.cziscience.com/5e9da577-f665-44af-b9b4-fa0d5ad1964d.h5ad,32831267,10.1126/science.adf2359,brain,1.0,True,0,1,0,0,0,0,False,False,False,False,True
0de831e0-a525-4ec5-b717-df56f2de2bf0,35928d1c-36fc-4f93-9a8d-0b921ab41745,L56NP - neocortex: Human variation study (HVS),HVS: Human variation study,6133,78,1,,,,0,10x 3' v3,cell,neocortex,normal,https://datasets.cellxgene.cziscience.com/9adebd17-bc24-47b6-acdb-0db488bc602d.h5ad,580150889,10.1126/science.adf2359,brain,1.0,True,0,1,0,0,0,0,False,False,False,False,True
0087cde2-967d-4f7c-8e6e-40e4c9ad1891,35928d1c-36fc-4f93-9a8d-0b921ab41745,L6ITCar3 - neocortex: Human variation study (HVS),HVS: Human variation study,5399,78,1,,,,0,10x 3' v3,cell,neocortex,normal,https://datasets.cellxgene.cziscience.com/6201fd7d-f35b-4487-bace-99426881237b.h5ad,519242982,10.1126/science.adf2359,brain,1.0,True,0,1,0,0,0,0,False,False,False,False,True
460dfe21-0550-4521-92fe-db0f3036d8b0,14dc301f-d4fb-4743-a590-aa88d5f1df1a,CD19-CARpos and CARneg T cells,Integrative single-cell multi-omics of CD19-CARpos and CARneg T cells suggest drivers of immunotherapy response in B-ALL,37100,5,7,,,,0,10x 5' v1,cell,T cell; blood,B-cell acute lymphoblastic leukemia,https://datasets.cellxgene.cziscience.com/2aad61a0-31b8-41f5-8b8a-dbd971269f7b.h5ad,208035465,10.1101/2024.01.23.576878,,0.0,False,0,0,0,0,0,0,False,False,True,False,False
fcadb222-82e2-43eb-a3ab-6af0a22051fe,ec329aed-22bc-4d6e-8935-8282dcb1acac,Leukocytes of the fetal lung,Early human lung immune cell development and its role in epithelial cell fate,77559,32,48,,,,0,10x 3' v2; 10x 5' v1,cell,lung,normal,https://datasets.cellxgene.cziscience.com/f6d1e9f0-1e62-4743-9edb-9e57a6c43453.h5ad,1017801048,10.1126/sciimmunol.adf9988,,0.0,False,0,0,0,0,0,0,False,False,False,False,True
8dc858b0-b076-4326-94bb-7c2d1cd721a3,ec329aed-22bc-4d6e-8935-8282dcb1acac,organoid,Early human lung immune cell development and its role in epithelial cell fate,8556,1,4,,,,0,10x 5' transcription profiling,cell,lung,normal,https://datasets.cellxgene.cziscience.com/2ebaaba9-0401-46a8-a242-f44f333ddb0d.h5ad,192563950,10.1126/sciimmunol.adf9988,,0.0,False,0,0,0,0,0,0,True,False,False,False,True
350237e0-9f48-4cbd-9140-3b44495549f3,ec329aed-22bc-4d6e-8935-8282dcb1acac,Fetal lung + Pan-fetal immune,Early human lung immune cell development and its role in epithelial cell fate,670749,57,49,,,,0,10x 3' v2; 10x 5' transcription profiling; 10x 5' v1,cell,lung,normal,https://datasets.cellxgene.cziscience.com/016717d5-115e-407d-88ad-e24b307cd025.h5ad,7728722669,10.1126/sciimmunol.adf9988,,0.0,False,0,0,0,0,0,0,False,False,False,False,True
b6ee0939-b5b9-4e03-9d69-96fb6bf5d434,3db5617e-9f12-4eb4-8416-94893a0d7c46,Epithelial cells collected from 30 segments across the proximal (1) to distal (30) ends of the human small intestine.,Epithelial zonation along the mammalian small intestine defines five discrete metabolic domains,19200,1,10,30.0,30.0,0.0,1,10x 3' v3,cell,small intestine,normal,https://datasets.cellxgene.cziscience.com/5b26f06a-326d-4f57-8f32-e9e5c5429176.h5ad,452441220,10.1038/s41556-023-01337-z,,0.0,False,0,0,0,0,0,0,False,False,True,False,True
f6cc8a47-2dea-40aa-8608-d771c5ef8a07,398e34a9-8736-4b27-a9a7-31a47a67f446,Honeycomb-rep2,Comparative Analysis of Commercial Single-Cell RNA Sequencing Technologies,7750,1,10,42.0,42.0,0.0,1,HIVE CLX Single-Cell RNAseq Solution,cell,blood,normal,https://datasets.cellxgene.cziscience.com/6166ba46-30a1-4bda-b768-37ac4bd1d429.h5ad,779372578,10.1093/nar/gkae1186,,0.0,False,0,0,0,0,0,0,False,False,False,False,True
cee9b331-3ba0-4461-8bbd-867819d9fc0a,398e34a9-8736-4b27-a9a7-31a47a67f446,10X_FRP-rep1,Comparative Analysis of Commercial Single-Cell RNA Sequencing Technologies,7750,1,10,42.0,42.0,0.0,1,10x Next GEM Flex v1,cell,blood,normal,https://datasets.cellxgene.cziscience.com/d589c7d3-04e0-4ab2-b42b-218cbfe1bb7c.h5ad,646076308,10.1093/nar/gkae1186,,0.0,False,0,0,0,0,0,0,False,False,False,False,True
c54c9659-1b6b-4d4a-96f0-7dc987410f2d,398e34a9-8736-4b27-a9a7-31a47a67f446,10X_3-rep1,Comparative Analysis of Commercial Single-Cell RNA Sequencing Technologies,7750,1,10,42.0,42.0,0.0,1,10x 3' v3,cell,blood,normal,https://datasets.cellxgene.cziscience.com/8727a008-e44e-4b54-a280-5f7477ba1d51.h5ad,1044173497,10.1093/nar/gkae1186,,0.0,False,0,0,0,0,0,0,False,False,False,False,True
c0fb0d06-225b-4611-b802-d2f34b438a29,398e34a9-8736-4b27-a9a7-31a47a67f446,BD-rep1,Comparative Analysis of Commercial Single-Cell RNA Sequencing Technologies,7750,1,10,42.0,42.0,0.0,1,BD Rhapsody Whole Transcriptome Analysis,cell,blood,normal,https://datasets.cellxgene.cziscience.com/f43fb6cf-b314-4130-b79d-f98236c98830.h5ad,1065204294,10.1093/nar/gkae1186,,0.0,False,0,0,0,0,0,0,False,False,False,False,True
a9c78d49-06c2-4195-97e0-33fe6dcb54a1,398e34a9-8736-4b27-a9a7-31a47a67f446,harmony_integrated_data,Comparative Analysis of Commercial Single-Cell RNA Sequencing Technologies,124132,1,10,42.0,42.0,0.0,1,10x 3' v3; 10x 5' v2; 10x Next GEM Flex v1; Asteria scRNA-seq kit; BD Rhapsody Whole Transcriptome Analysis; HIVE CLX Single-Cell RNAseq Solution; Parse Evercode Whole Transcriptome v2; ScaleBio single cell RNA sequencing; particle-templated instant partition sequencing,cell,blood,normal,https://datasets.cellxgene.cziscience.com/d8005006-b867-49b1-bd25-afd121192809.h5ad,13506112646,10.1093/nar/gkae1186,,0.0,False,0,0,0,0,0,0,False,False,False,True,True
a82c43bb-a703-446d-aa24-049bf013121f,398e34a9-8736-4b27-a9a7-31a47a67f446,10X_5-rep2,Comparative Analysis of Commercial Single-Cell RNA Sequencing Technologies,7750,1,10,42.0,42.0,0.0,1,10x 5' v2,cell,blood,normal,https://datasets.cellxgene.cziscience.com/0037d767-2617-4930-a377-df0261a5f470.h5ad,907623103,10.1093/nar/gkae1186,,0.0,False,0,0,0,0,0,0,False,False,False,False,True
9c1b5626-58df-4401-ae7b-f66d068c1551,398e34a9-8736-4b27-a9a7-31a47a67f446,10X_3-rep2,Comparative Analysis of Commercial Single-Cell RNA Sequencing Technologies,7750,1,10,42.0,42.0,0.0,1,10x 3' v3,cell,blood,normal,https://datasets.cellxgene.cziscience.com/a87b0b5c-92d8-48e9-8812-72495e462050.h5ad,1031919000,10.1093/nar/gkae1186,,0.0,False,0,0,0,0,0,0,False,False,False,False,True
8ff0cef9-393e-43de-9722-a1e12c239727,398e34a9-8736-4b27-a9a7-31a47a67f446,Honeycomb-rep1,Comparative Analysis of Commercial Single-Cell RNA Sequencing Technologies,7750,1,10,42.0,42.0,0.0,1,HIVE CLX Single-Cell RNAseq Solution,cell,blood,normal,https://datasets.cellxgene.cziscience.com/1ea1cf53-8559-4fe6-a75e-d8339cb1b84f.h5ad,742540663,10.1093/nar/gkae1186,,0.0,False,0,0,0,0,0,0,False,False,False,False,True
79884ae5-e026-4d4a-858f-e807960bd4f7,398e34a9-8736-4b27-a9a7-31a47a67f446,Scipio-rep2,Comparative Analysis of Commercial Single-Cell RNA Sequencing Technologies,4425,1,10,42.0,42.0,0.0,1,Asteria scRNA-seq kit,cell,blood,normal,https://datasets.cellxgene.cziscience.com/7f428762-ef1c-4bc8-8c5c-f1243d1a73d7.h5ad,349528784,10.1093/nar/gkae1186,,0.0,False,0,0,0,0,0,0,False,False,False,False,True
59632ec0-6f10-48c6-af79-81024e84843e,398e34a9-8736-4b27-a9a7-31a47a67f446,BD-rep2,Comparative Analysis of Commercial Single-Cell RNA Sequencing Technologies,7750,1,10,42.0,42.0,0.0,1,BD Rhapsody Whole Transcriptome Analysis,cell,blood,normal,https://datasets.cellxgene.cziscience.com/0a1428ad-8f5e-455b-b833-b334132bc84b.h5ad,1038902041,10.1093/nar/gkae1186,,0.0,False,0,0,0,0,0,0,False,False,False,False,True
527641f0-df64-4c80-957c-a65dccd477bc,398e34a9-8736-4b27-a9a7-31a47a67f446,10X_FRP-rep2,Comparative Analysis of Commercial Single-Cell RNA Sequencing Technologies,7750,1,10,42.0,42.0,0.0,1,10x Next GEM Flex v1,cell,blood,normal,https://datasets.cellxgene.cziscience.com/9e73ffed-9205-4e6c-b03a-9302cd3fc59d.h5ad,647781771,10.1093/nar/gkae1186,,0.0,False,0,0,0,0,0,0,False,False,False,False,True
432f3af5-6a79-401f-b315-fb2df789f32c,398e34a9-8736-4b27-a9a7-31a47a67f446,Fluent-rep1,Comparative Analysis of Commercial Single-Cell RNA Sequencing Technologies,7750,1,10,42.0,42.0,0.0,1,particle-templated instant partition sequencing,cell,blood,normal,https://datasets.cellxgene.cziscience.com/9c8389c2-b535-468b-af7e-d825b0a4b871.h5ad,1210078497,10.1093/nar/gkae1186,,0.0,False,0,0,0,0,0,0,False,False,False,False,True
4319097a-acae-4124-beed-d1173ffe1464,398e34a9-8736-4b27-a9a7-31a47a67f446,Parse-rep1,Comparative Analysis of Commercial Single-Cell RNA Sequencing Technologies,7750,1,10,42.0,42.0,0.0,1,Parse Evercode Whole Transcriptome v2,cell,blood,normal,https://datasets.cellxgene.cziscience.com/611296a1-b637-4467-9249-aac4160fbec9.h5ad,986053879,10.1093/nar/gkae1186,,0.0,False,0,0,0,0,0,0,False,False,False,False,True
3f6ab2aa-6c63-4753-b652-3a9b9e7c8ee5,398e34a9-8736-4b27-a9a7-31a47a67f446,Scale-rep1,Comparative Analysis of Commercial Single-Cell RNA Sequencing Technologies,7750,1,10,42.0,42.0,0.0,1,ScaleBio single cell RNA sequencing,cell,blood,normal,https://datasets.cellxgene.cziscience.com/6329b4c4-d7ab-4269-9aea-3a629927077f.h5ad,1159919854,10.1093/nar/gkae1186,,0.0,False,0,0,0,0,0,0,False,False,False,False,True
3bfd5174-5b49-4e58-b233-ed0f4edd0bec,398e34a9-8736-4b27-a9a7-31a47a67f446,Fluent-rep3,Comparative Analysis of Commercial Single-Cell RNA Sequencing Technologies,7750,1,10,42.0,42.0,0.0,1,particle-templated instant partition sequencing,cell,blood,normal,https://datasets.cellxgene.cziscience.com/e121e103-09cc-4b85-8977-12ea1c6a99d1.h5ad,1155205299,10.1093/nar/gkae1186,,0.0,False,0,0,0,0,0,0,False,False,False,False,True
27d3952f-fbbc-497d-98d1-f37f3d555235,398e34a9-8736-4b27-a9a7-31a47a67f446,Scipio-rep1,Comparative Analysis of Commercial Single-Cell RNA Sequencing Technologies,3457,1,10,42.0,42.0,0.0,1,Asteria scRNA-seq kit,cell,blood,normal,https://datasets.cellxgene.cziscience.com/bb8d4c52-a557-4f1c-9e2e-5e5d824aac16.h5ad,283821177,10.1093/nar/gkae1186,,0.0,False,0,0,0,0,0,0,False,False,False,False,True
17e9d436-a264-4c94-a42d-48c8daf6fdd9,398e34a9-8736-4b27-a9a7-31a47a67f446,10X_5-rep1,Comparative Analysis of Commercial Single-Cell RNA Sequencing Technologies,7750,1,10,42.0,42.0,0.0,1,10x 5' v2,cell,blood,normal,https://datasets.cellxgene.cziscience.com/310f3f52-c190-4a5f-99ad-5167cf80cede.h5ad,887582144,10.1093/nar/gkae1186,,0.0,False,0,0,0,0,0,0,False,False,False,False,True
0ae6f031-2f9c-4247-8b26-db320d6efd32,398e34a9-8736-4b27-a9a7-31a47a67f446,Fluent-rep2,Comparative Analysis of Commercial Single-Cell RNA Sequencing Technologies,7750,1,10,42.0,42.0,0.0,1,particle-templated instant partition sequencing,cell,blood,normal,https://datasets.cellxgene.cziscience.com/e77dc604-506d-4d82-a85b-226955033b46.h5ad,1187485496,10.1093/nar/gkae1186,,0.0,False,0,0,0,0,0,0,False,False,False,False,True
30f5e171-83d7-4fc0-bf75-384f122346b3,99be70c4-e534-4413-a607-ce40b3ff2c77,scRNA-seq data of human fallopian tube,Cell-type specific analysis of physiological action of estrogen inmouse oviducts,1790,1,7,,,,0,10x 3' v3,cell,fallopian tube,normal,https://datasets.cellxgene.cziscience.com/954bbfe1-2d91-456d-b1e8-61db7e30f7eb.h5ad,151327890,10.1096/fj.202002747R,,0.0,False,0,0,0,0,0,0,False,False,False,False,True
0920bcb8-4b3a-4e9d-a353-56f529fd3b32,e77163ca-8214-4e86-8b37-4f65a2ddae13,Cellular and transcriptional diversity over the course of human lactation,Cellular and transcriptional diversity over the course of human lactation,48478,15,8,29.0,35.0,6.0,6,Seq-Well,cell,milk,normal,https://datasets.cellxgene.cziscience.com/7965ced3-d4cd-4c0c-9f76-3a724f9cd2fb.h5ad,495649807,10.1073/pnas.2121720119,,0.0,False,0,0,0,0,0,0,False,False,False,False,True
f7ca7eb9-0919-4eba-99a1-21ba382b4174,f30e0bf7-7b03-44b0-b312-cda799ef0240,intestine_on_chip_media,"iPSC-derived small intestine-on-chip with self-organizing epithelial, mesenchymal and neural cells",11103,3,8,26.0,29.0,3.0,2,10x 3' v3,cell,intestinal mucosa,normal,https://datasets.cellxgene.cziscience.com/96bfe7b2-96c6-4b18-95e5-e65594b938f9.h5ad,275160555,10.1016/j.celrep.2024.114247,,0.0,False,0,0,0,0,0,0,True,False,False,False,True
51d9716c-50bb-4fd8-8d1e-7d9329969cb7,f30e0bf7-7b03-44b0-b312-cda799ef0240,intestine_on_chip_IFN,"iPSC-derived small intestine-on-chip with self-organizing epithelial, mesenchymal and neural cells",11177,3,8,26.0,29.0,3.0,2,10x 3' v3,cell,intestinal mucosa,normal,https://datasets.cellxgene.cziscience.com/c4bfcccf-6009-4590-a06d-c1443372c6c7.h5ad,275406472,10.1016/j.celrep.2024.114247,,0.0,False,0,0,0,0,0,0,True,False,False,False,True
2e9d2f32-4cfb-49b5-b990-cbf4c241214e,20eea6c8-9d64-42c9-9b6f-c11b5249e0e9,Single cell RNA-seq of human heart cells,Single-cell genomics improves the discovery of risk variants and genes of atrial fibrillation,49359,3,8,47.0,55.0,8.0,3,10x 3' v3,nucleus,apex of heart; heart left ventricle; heart right ventricle; interventricular septum,normal,https://datasets.cellxgene.cziscience.com/f35a8c3f-b3a0-4373-a4cd-c937db7f7ec2.h5ad,555521619,10.1038/s41467-023-40505-5,heart,1.0,True,0,0,0,4,0,0,False,False,True,False,True
e887bd14-bb23-48ed-9616-aa3f9b11c446,2d2e2acd-dade-489f-a2da-6c11aa654028,pcw12_6332STDY9479166,A human fetal lung cell atlas uncovers proximal-distal gradients of differentiation and key regulators of epithelial fates,4992,1,20,,,,0,Visium Spatial Gene Expression V1,na,lung,normal,https://datasets.cellxgene.cziscience.com/f6df703f-8117-47cc-80d9-1d9cd6d945cf.h5ad,176162945,10.1016/j.cell.2022.11.005,,0.0,False,0,0,0,0,0,0,False,False,False,False,True
e69d2744-9033-4afd-80c0-d395be398ec2,2d2e2acd-dade-489f-a2da-6c11aa654028,pcw16_6332STDY9479168,A human fetal lung cell atlas uncovers proximal-distal gradients of differentiation and key regulators of epithelial fates,4992,1,19,,,,0,Visium Spatial Gene Expression V1,na,lung,normal,https://datasets.cellxgene.cziscience.com/808b803d-5e5e-4659-a9a4-9858456ccaff.h5ad,494032932,10.1016/j.cell.2022.11.005,,0.0,False,0,0,0,0,0,0,False,False,False,False,True
dc522d04-8e07-4e07-91a4-dd6da72ad25c,2d2e2acd-dade-489f-a2da-6c11aa654028,pcw16_6332STDY9479172,A human fetal lung cell atlas uncovers proximal-distal gradients of differentiation and key regulators of epithelial fates,4992,1,26,,,,0,Visium Spatial Gene Expression V1,na,lung,normal,https://datasets.cellxgene.cziscience.com/4c1eff62-777a-48b8-b576-8b8930f52932.h5ad,417853761,10.1016/j.cell.2022.11.005,,0.0,False,0,0,0,0,0,0,False,False,False,False,True
c932254f-f3b2-4b70-9b79-9557b6a3bbd7,2d2e2acd-dade-489f-a2da-6c11aa654028,pcw19_6332STDY10289523,A human fetal lung cell atlas uncovers proximal-distal gradients of differentiation and key regulators of epithelial fates,4992,1,18,,,,0,Visium Spatial Gene Expression V1,na,lung,normal,https://datasets.cellxgene.cziscience.com/da805fd8-26d8-496b-ba08-ca5c3ee525ba.h5ad,517763505,10.1016/j.cell.2022.11.005,,0.0,False,0,0,0,0,0,0,False,False,False,False,True
ae4817c0-7951-443d-b3b9-45b6b88986bd,2d2e2acd-dade-489f-a2da-6c11aa654028,pcw14_6332STDY9479167,A human fetal lung cell atlas uncovers proximal-distal gradients of differentiation and key regulators of epithelial fates,4992,1,18,,,,0,Visium Spatial Gene Expression V1,na,lung,normal,https://datasets.cellxgene.cziscience.com/3dc3f1eb-c61c-4bfd-8fd8-7cfda52b3fda.h5ad,196547387,10.1016/j.cell.2022.11.005,,0.0,False,0,0,0,0,0,0,False,False,False,False,True
a6529751-6e49-4e86-93d3-ec03fcd551dc,2d2e2acd-dade-489f-a2da-6c11aa654028,pcw17_6332STDY9479173,A human fetal lung cell atlas uncovers proximal-distal gradients of differentiation and key regulators of epithelial fates,4992,1,19,,,,0,Visium Spatial Gene Expression V1,na,lung,normal,https://datasets.cellxgene.cziscience.com/99ff86c8-f8bc-496a-a2ff-206141b782d9.h5ad,413828440,10.1016/j.cell.2022.11.005,,0.0,False,0,0,0,0,0,0,False,False,False,False,True
56139b1e-9fc5-4aab-9058-0102bc7cc74a,2d2e2acd-dade-489f-a2da-6c11aa654028,pcw14_6332STDY9479171,A human fetal lung cell atlas uncovers proximal-distal gradients of differentiation and key regulators of epithelial fates,4992,1,17,,,,0,Visium Spatial Gene Expression V1,na,lung,normal,https://datasets.cellxgene.cziscience.com/633e1b14-4911-439b-8980-26156718a19b.h5ad,180871793,10.1016/j.cell.2022.11.005,,0.0,False,0,0,0,0,0,0,False,False,False,False,True
47a267c5-06f4-4d8b-afee-a4dc643fd9cd,2d2e2acd-dade-489f-a2da-6c11aa654028,pcw20_6332STDY10289522,A human fetal lung cell atlas uncovers proximal-distal gradients of differentiation and key regulators of epithelial fates,4992,1,17,,,,0,Visium Spatial Gene Expression V1,na,lung,normal,https://datasets.cellxgene.cziscience.com/a942a0d9-6d78-4adf-a0af-3fc0557af0b0.h5ad,733085555,10.1016/j.cell.2022.11.005,,0.0,False,0,0,0,0,0,0,False,False,False,False,True
30354fd6-4c1b-4083-b6da-8cfbcce1f7b9,2d2e2acd-dade-489f-a2da-6c11aa654028,pcw20_6332STDY10289521,A human fetal lung cell atlas uncovers proximal-distal gradients of differentiation and key regulators of epithelial fates,4992,1,24,,,,0,Visium Spatial Gene Expression V1,na,lung,normal,https://datasets.cellxgene.cziscience.com/89e334a9-3977-4ec7-98dc-716ed06bddc3.h5ad,682537609,10.1016/j.cell.2022.11.005,,0.0,False,0,0,0,0,0,0,False,False,False,False,True
2adc282f-60f1-4afa-a990-940065af4b53,2d2e2acd-dade-489f-a2da-6c11aa654028,pcw20_6332STDY10289520,A human fetal lung cell atlas uncovers proximal-distal gradients of differentiation and key regulators of epithelial fates,4992,1,20,,,,0,Visium Spatial Gene Expression V1,na,lung,normal,https://datasets.cellxgene.cziscience.com/e48bea7e-8cd8-4b59-80a0-34ec6419f4d2.h5ad,569554783,10.1016/j.cell.2022.11.005,,0.0,False,0,0,0,0,0,0,False,False,False,False,True
1c6f271e-dfc0-48b5-8fb4-65d297a7666c,2d2e2acd-dade-489f-a2da-6c11aa654028,pcw12_6332STDY9479170,A human fetal lung cell atlas uncovers proximal-distal gradients of differentiation and key regulators of epithelial fates,4992,1,17,,,,0,Visium Spatial Gene Expression V1,na,lung,normal,https://datasets.cellxgene.cziscience.com/fb506eb2-7411-4fd3-89b2-b1d45912d29c.h5ad,174036840,10.1016/j.cell.2022.11.005,,0.0,False,0,0,0,0,0,0,False,False,False,False,True
0c3901c3-2ef7-44e4-80cb-b281ea2b0de9,2d2e2acd-dade-489f-a2da-6c11aa654028,pcw17_6332STDY9479169,A human fetal lung cell atlas uncovers proximal-distal gradients of differentiation and key regulators of epithelial fates,4992,1,16,,,,0,Visium Spatial Gene Expression V1,na,lung,normal,https://datasets.cellxgene.cziscience.com/b8606f95-6d66-461f-ae7b-161ce0b060a3.h5ad,380778428,10.1016/j.cell.2022.11.005,,0.0,False,0,0,0,0,0,0,False,False,False,False,True
cd2f23c1-aef1-48ae-8eb4-0bcf124e567d,f6c50495-3361-40ed-a819-fb9644396ed9,A (Balanced) Bone Marrow Reference Map of Hematopoietic Development,A Balanced Bone Marrow Reference Map of Hematopoietic Development,263159,45,40,19.0,84.0,65.0,26,10x 3' v2; 10x 3' v3,cell,bone marrow,normal,https://datasets.cellxgene.cziscience.com/4d7b34ed-d725-43eb-865f-87be6a467323.h5ad,2829048029,10.1158/2643-3230.BCD-24-0342,,0.0,False,0,0,0,0,0,0,False,False,False,False,True
eb499fd8-7000-419f-8854-926b9b61b11f,f86d6317-7215-409e-bfda-3f4ded3dadaa,Human CellCards Multi-Study CellRef 1.0 Atlas,Human CellCards Multi-Study CellRef 1.0 Atlas,347970,104,47,10.0,80.0,70.0,54,10x 3' v2; 10x 3' v3; 10x 5' v1,cell,lung,normal,https://datasets.cellxgene.cziscience.com/d6184057-2178-4946-b9b1-dc56543a77aa.h5ad,4157915829,10.1038/s41467-023-40173-5,,0.0,False,0,0,0,0,0,0,False,False,False,False,True
5b25a46f-f1cf-4caa-9e10-6ab81dfe9174,126afc71-47fb-4e9d-8aaf-9d9f61e0ac77,Longitudinal,Persistent T cell unresponsiveness associated with chronic visceral leishmaniasis in HIV-coinfected patients,12822,4,28,,,,0,10x 5' v1,cell,blood,HIV infectious disease || visceral leishmaniasis,https://datasets.cellxgene.cziscience.com/7fae5837-9482-42ea-89ba-8ab069e1b698.h5ad,110965027,10.1038/s42003-024-06225-2,,0.0,False,0,0,0,0,0,0,False,False,False,False,False
3241c34f-581a-4de3-81fe-28e3de182680,126afc71-47fb-4e9d-8aaf-9d9f61e0ac77,Cross-sectional,Persistent T cell unresponsiveness associated with chronic visceral leishmaniasis in HIV-coinfected patients,17308,10,29,,,,0,10x 5' v1,cell,blood,HIV infectious disease; HIV infectious disease || leishmaniasis; HIV infectious disease || visceral leishmaniasis; normal,https://datasets.cellxgene.cziscience.com/829fdf60-add0-4ca3-9b2f-dd86b3083885.h5ad,150017626,10.1038/s42003-024-06225-2,,0.0,False,0,0,0,0,0,0,False,False,False,False,True
0bae7ebf-eb54-46a6-be9a-3461cecefa4c,dc3a5256-5c39-4a21-ac0c-4ede3e7b2323,Living donor kidney,Healthy living donor kidney,27675,19,18,33.0,65.0,32.0,17,10x 3' v3,cell,cortex of kidney,normal,https://datasets.cellxgene.cziscience.com/a305d1c6-2e04-42af-8643-ff300cfafacf.h5ad,475346510,10.1038/s41467-022-35297-z,kidney,1.0,True,0,0,0,0,1,0,False,False,False,False,True
f854421b-d231-4231-9b23-fc3be7fbee45,2d40e6a7-f2fd-49ba-9db9-6b97e4c6dad5,Endothelium and SMC,Human skeletal muscle ageing atlas,19317,12,9,,,,0,10x 3' v2; 10x 3' v3,cell,intercostal muscle,normal,https://datasets.cellxgene.cziscience.com/1c8b4d5e-2645-4b25-bc70-06143d9e6942.h5ad,168748055,10.1038/s43587-024-00613-3,,0.0,False,0,0,0,0,0,0,False,False,False,False,True
e1cc3162-6032-4e88-ad6b-57e8a65e0c55,2d40e6a7-f2fd-49ba-9db9-6b97e4c6dad5,Myofiber (nuclei),Human skeletal muscle ageing atlas,74626,13,4,,,,0,10x 3' v2; 10x 3' v3,nucleus,intercostal muscle,normal,https://datasets.cellxgene.cziscience.com/491012a7-f321-4548-b9cb-2a01e3d39041.h5ad,382565188,10.1038/s43587-024-00613-3,,0.0,False,0,0,0,0,0,0,False,False,False,False,True
b3c9904b-2ffd-4038-8620-ee1c5b072e9c,2d40e6a7-f2fd-49ba-9db9-6b97e4c6dad5,Human muscle cells and nuclei,Human skeletal muscle ageing atlas,183161,17,44,,,,0,10x 3' v2; 10x 3' v3,cell; nucleus,intercostal muscle,normal,https://datasets.cellxgene.cziscience.com/5fd93c55-8047-48fb-905c-6ef2f7767483.h5ad,1182283382,10.1038/s43587-024-00613-3,,0.0,False,0,0,0,0,0,0,False,False,False,False,True
9038a71d-81a7-4bc7-82c2-186c26d5c3d6,2d40e6a7-f2fd-49ba-9db9-6b97e4c6dad5,MuSCs,Human skeletal muscle ageing atlas,17528,12,1,,,,0,10x 3' v2; 10x 3' v3,cell,intercostal muscle,normal,https://datasets.cellxgene.cziscience.com/066e96d3-da79-4692-bec4-9eb4f9a93829.h5ad,142917008,10.1038/s43587-024-00613-3,,0.0,False,0,0,0,0,0,0,False,False,False,False,True
551ad2bc-2e82-4541-8aab-849988d43752,2d40e6a7-f2fd-49ba-9db9-6b97e4c6dad5,Myofiber (cells and nuclei),Human skeletal muscle ageing atlas,87522,17,4,,,,0,10x 3' v2; 10x 3' v3,cell; nucleus,intercostal muscle,normal,https://datasets.cellxgene.cziscience.com/00febf73-cde8-44fa-9cfb-448c9ecdc1bf.h5ad,452463259,10.1038/s43587-024-00613-3,,0.0,False,0,0,0,0,0,0,False,False,False,False,True
32e8a3d7-7b15-4f80-a0ff-6d2fc531e972,2d40e6a7-f2fd-49ba-9db9-6b97e4c6dad5,Immune Cells,Human skeletal muscle ageing atlas,20321,12,21,,,,0,10x 3' v2; 10x 3' v3,cell,intercostal muscle,normal,https://datasets.cellxgene.cziscience.com/1f3bc340-1105-4b22-ac9a-705084ae4719.h5ad,139103304,10.1038/s43587-024-00613-3,,0.0,False,0,0,0,0,0,0,False,False,True,False,True
1851b6ab-2386-40a1-8c2a-b7cd895b889e,2d40e6a7-f2fd-49ba-9db9-6b97e4c6dad5,Fibroblasts and Schwann cells,Human skeletal muscle ageing atlas,20611,12,6,,,,0,10x 3' v2; 10x 3' v3,cell,intercostal muscle,normal,https://datasets.cellxgene.cziscience.com/e3839dff-d480-4b2d-83c0-fc54ec40b9e3.h5ad,194498797,10.1038/s43587-024-00613-3,,0.0,False,0,0,0,0,0,0,False,False,True,False,True
f9685456-c8a8-43ad-a326-476273ef36a0,4fefa187-5d14-4f1e-915b-c892ed320aab,lpm_scRNAseq,A human embryonic limb cell atlas resolved in space and time,102324,25,13,,,,0,10x 3' v2; 10x 5' v1,cell,forelimb; hindlimb,normal,https://datasets.cellxgene.cziscience.com/c0a41d12-2e94-4a0c-a1e6-e42ae636ce98.h5ad,1151104876,10.1038/s41586-023-06806-x,,0.0,False,0,0,0,0,0,0,False,False,False,False,True
e65417a4-e2e0-46ee-b57b-0f76806e1f8e,4fefa187-5d14-4f1e-915b-c892ed320aab,PCW6.2 WSSS_THYst9699525,A human embryonic limb cell atlas resolved in space and time,4992,1,11,,,,0,Visium Spatial Gene Expression V1,na,hindlimb,normal,https://datasets.cellxgene.cziscience.com/cbbef8f0-a8c2-4465-b03a-49286344c6b4.h5ad,201515327,10.1038/s41586-023-06806-x,,0.0,False,0,0,0,0,0,0,False,False,False,False,True
e595c979-c2de-4dad-8c02-8334a8e56de6,4fefa187-5d14-4f1e-915b-c892ed320aab,human_limb_scRNAseq,A human embryonic limb cell atlas resolved in space and time,125955,25,38,,,,0,10x 3' v2; 10x 5' v1,cell,forelimb; hindlimb,normal,https://datasets.cellxgene.cziscience.com/c3b2465f-5ed0-419a-8a90-415139fae18e.h5ad,1583447466,10.1038/s41586-023-06806-x,,0.0,False,0,0,0,0,0,0,False,False,False,False,True
d06cb48a-3b0b-4218-b876-5abfe5affe0a,4fefa187-5d14-4f1e-915b-c892ed320aab,PCW8.1 WSSS_THYst9383361,A human embryonic limb cell atlas resolved in space and time,4992,1,20,,,,0,Visium Spatial Gene Expression V1,na,hindlimb,normal,https://datasets.cellxgene.cziscience.com/13d7fba9-f9e5-4465-981f-37fa42f0340e.h5ad,173145415,10.1038/s41586-023-06806-x,,0.0,False,0,0,0,0,0,0,False,False,False,False,True
70eb992d-8759-44cc-a07b-58d8607aedb4,4fefa187-5d14-4f1e-915b-c892ed320aab,PCW5.6 WSSS_THYst9699526,A human embryonic limb cell atlas resolved in space and time,4992,3,14,,,,0,Visium Spatial Gene Expression V1,na,hindlimb,normal,https://datasets.cellxgene.cziscience.com/7aaac381-9c49-40a0-b1fa-2371ede3180f.h5ad,200075974,10.1038/s41586-023-06806-x,,0.0,False,0,0,0,0,0,0,False,False,False,False,True
69d2ee89-95b1-40af-bfba-5741a1e79c52,4fefa187-5d14-4f1e-915b-c892ed320aab,PCW7.0 WSSS_THYst9699524,A human embryonic limb cell atlas resolved in space and time,4992,1,13,,,,0,Visium Spatial Gene Expression V1,na,hindlimb,normal,https://datasets.cellxgene.cziscience.com/9775f362-947b-4b4a-95d2-f252ffac260e.h5ad,233342583,10.1038/s41586-023-06806-x,,0.0,False,0,0,0,0,0,0,False,False,False,False,True
613e528c-0c6a-4b5d-a269-5bdbafa8794a,4fefa187-5d14-4f1e-915b-c892ed320aab,PCW7.0 WSSS_THYst9699523,A human embryonic limb cell atlas resolved in space and time,4992,1,12,,,,0,Visium Spatial Gene Expression V1,na,hindlimb,normal,https://datasets.cellxgene.cziscience.com/b9aec626-4ce2-4e69-a28c-8027155c412c.h5ad,218427018,10.1038/s41586-023-06806-x,,0.0,False,0,0,0,0,0,0,False,False,False,False,True
54801477-ac3e-47e3-8170-96c5b40d5c10,4fefa187-5d14-4f1e-915b-c892ed320aab,PCW8.1 WSSS_THYst9383362,A human embryonic limb cell atlas resolved in space and time,4992,1,23,,,,0,Visium Spatial Gene Expression V1,na,hindlimb,normal,https://datasets.cellxgene.cziscience.com/c2501d83-f105-4d0d-b911-c1318e180142.h5ad,274604901,10.1038/s41586-023-06806-x,,0.0,False,0,0,0,0,0,0,False,False,False,False,True
49dbdcb6-f1d5-4423-9999-1e4a6b67d10b,4fefa187-5d14-4f1e-915b-c892ed320aab,skm_scRNAseq,A human embryonic limb cell atlas resolved in space and time,12376,25,3,,,,0,10x 3' v2; 10x 5' v1,cell,forelimb; hindlimb,normal,https://datasets.cellxgene.cziscience.com/dff60a63-c611-4c3c-bf2f-5877472ad2df.h5ad,157281929,10.1038/s41586-023-06806-x,,0.0,False,0,0,0,0,0,0,False,False,False,False,True
2c439dce-5aaf-4470-9dae-50ecfbc86e37,4fefa187-5d14-4f1e-915b-c892ed320aab,PCW8.1 WSSS_THYst9383360,A human embryonic limb cell atlas resolved in space and time,4992,1,24,,,,0,Visium Spatial Gene Expression V1,na,hindlimb,normal,https://datasets.cellxgene.cziscience.com/12faafc3-b566-4b6d-b8c5-f6eb0e1d9813.h5ad,245296501,10.1038/s41586-023-06806-x,,0.0,False,0,0,0,0,0,0,False,False,False,False,True
254ecc3e-57cd-4f1e-8bdf-1b682cc2d309,4fefa187-5d14-4f1e-915b-c892ed320aab,PCW8.1 WSSS_THYst9383359,A human embryonic limb cell atlas resolved in space and time,4992,1,22,,,,0,Visium Spatial Gene Expression V1,na,hindlimb,normal,https://datasets.cellxgene.cziscience.com/cf5cdc3b-3c53-4169-b249-d33870a57f59.h5ad,222503029,10.1038/s41586-023-06806-x,,0.0,False,0,0,0,0,0,0,False,False,False,False,True
95e1779d-25d6-4274-bf2b-7db1f4380c0c,8191c283-0816-424b-9b61-c3e1d6258a77,RZ_P6 (ACH0021)-Spatial multi-omic map of human myocardial infarction,Spatial multi-omic map of human myocardial infarction,4992,1,8,47.0,47.0,0.0,1,Visium Spatial Gene Expression V1,na,heart left ventricle,myocardial infarction,https://datasets.cellxgene.cziscience.com/893ff891-ecf5-4de7-9c65-537e7b604fdf.h5ad,168780976,10.1038/s41586-022-05060-x,heart,1.0,True,0,0,0,1,0,0,False,False,False,False,False
f25a532c-faf6-4d65-9dac-47d6369508f6,f7cecffa-00b4-4560-a29a-8ad626b8ee08,6800STDY12499504,Mapping single-cell transcriptomes in the intra-tumoral and associated territories of kidney cancer,4992,1,25,,,,0,Visium Spatial Gene Expression V1,na,kidney,nonpapillary renal cell carcinoma,https://datasets.cellxgene.cziscience.com/561e15e5-36f7-4a03-9a7e-c4bd126bf438.h5ad,173871335,10.1016/j.ccell.2022.11.001,kidney,1.0,True,0,0,0,0,1,0,False,True,False,False,False
c5ac3ec2-24b0-43cc-9aab-bb0ebbe205ce,f7cecffa-00b4-4560-a29a-8ad626b8ee08,6800STDY12499507,Mapping single-cell transcriptomes in the intra-tumoral and associated territories of kidney cancer,4992,1,16,,,,0,Visium Spatial Gene Expression V1,na,kidney,nonpapillary renal cell carcinoma,https://datasets.cellxgene.cziscience.com/99e65769-73ec-4e9a-825e-d2210b62bd0e.h5ad,159218883,10.1016/j.ccell.2022.11.001,kidney,1.0,True,0,0,0,0,1,0,False,True,False,False,False
c3f74413-9faa-43b5-93af-601c5af4acc8,f7cecffa-00b4-4560-a29a-8ad626b8ee08,6800STDY12499407,Mapping single-cell transcriptomes in the intra-tumoral and associated territories of kidney cancer,4992,1,5,,,,0,Visium Spatial Gene Expression V1,na,kidney,nonpapillary renal cell carcinoma,https://datasets.cellxgene.cziscience.com/d2962792-6fe8-414c-b0ff-f96b38638bb0.h5ad,145465161,10.1016/j.ccell.2022.11.001,kidney,1.0,True,0,0,0,0,1,0,False,True,False,False,False
a6046b15-a095-43b0-9fb5-b36899d87fdb,f7cecffa-00b4-4560-a29a-8ad626b8ee08,6800STDY12499410,Mapping single-cell transcriptomes in the intra-tumoral and associated territories of kidney cancer,4992,1,15,,,,0,Visium Spatial Gene Expression V1,na,kidney,nonpapillary renal cell carcinoma,https://datasets.cellxgene.cziscience.com/e140d92c-734d-437e-bf59-bbcb2e583741.h5ad,199572534,10.1016/j.ccell.2022.11.001,kidney,1.0,True,0,0,0,0,1,0,False,True,False,False,False
a45125aa-7641-4bca-bca5-6d652e027d6f,f7cecffa-00b4-4560-a29a-8ad626b8ee08,6800STDY12499413,Mapping single-cell transcriptomes in the intra-tumoral and associated territories of kidney cancer,4992,1,9,,,,0,Visium Spatial Gene Expression V1,na,kidney,nonpapillary renal cell carcinoma,https://datasets.cellxgene.cziscience.com/91f3d7de-936d-41a0-b814-d98169ca8eba.h5ad,168702518,10.1016/j.ccell.2022.11.001,kidney,1.0,True,0,0,0,0,1,0,False,True,False,False,False
81328f3f-31d4-47e3-9eae-e07512026ce1,f7cecffa-00b4-4560-a29a-8ad626b8ee08,6800STDY12499509,Mapping single-cell transcriptomes in the intra-tumoral and associated territories of kidney cancer,4992,1,18,,,,0,Visium Spatial Gene Expression V1,na,kidney,nonpapillary renal cell carcinoma,https://datasets.cellxgene.cziscience.com/db8ce618-2929-4924-a672-b9a133ba5e64.h5ad,168299622,10.1016/j.ccell.2022.11.001,kidney,1.0,True,0,0,0,0,1,0,False,True,False,False,False
75548d10-160d-4f3e-b317-99ad9630c62d,f7cecffa-00b4-4560-a29a-8ad626b8ee08,6800STDY12499506,Mapping single-cell transcriptomes in the intra-tumoral and associated territories of kidney cancer,4992,1,21,,,,0,Visium Spatial Gene Expression V1,na,kidney,nonpapillary renal cell carcinoma,https://datasets.cellxgene.cziscience.com/59a876b2-15c3-4d36-80ef-06270ccef169.h5ad,153844832,10.1016/j.ccell.2022.11.001,kidney,1.0,True,0,0,0,0,1,0,False,True,False,False,False
60ac2657-f325-46c7-817b-55bdab803105,f7cecffa-00b4-4560-a29a-8ad626b8ee08,6800STDY12499409,Mapping single-cell transcriptomes in the intra-tumoral and associated territories of kidney cancer,4992,1,19,,,,0,Visium Spatial Gene Expression V1,na,kidney,nonpapillary renal cell carcinoma,https://datasets.cellxgene.cziscience.com/11a7ccf8-0cf3-49cb-a1ce-6a2d6565e49c.h5ad,171983113,10.1016/j.ccell.2022.11.001,kidney,1.0,True,0,0,0,0,1,0,False,True,False,False,False
53d62b10-bae5-48ac-b16e-71be9ba6de59,f7cecffa-00b4-4560-a29a-8ad626b8ee08,6800STDY12499502,Mapping single-cell transcriptomes in the intra-tumoral and associated territories of kidney cancer,4992,1,19,,,,0,Visium Spatial Gene Expression V1,na,kidney,nonpapillary renal cell carcinoma,https://datasets.cellxgene.cziscience.com/fe61d825-a898-4d2d-9c79-834b2fc939d3.h5ad,187238900,10.1016/j.ccell.2022.11.001,kidney,1.0,True,0,0,0,0,1,0,False,True,False,False,False
30437616-4939-40e0-83da-4cae8186d452,f7cecffa-00b4-4560-a29a-8ad626b8ee08,6800STDY12499503,Mapping single-cell transcriptomes in the intra-tumoral and associated territories of kidney cancer,4992,1,20,,,,0,Visium Spatial Gene Expression V1,na,kidney,nonpapillary renal cell carcinoma,https://datasets.cellxgene.cziscience.com/7d114367-c1b1-4883-bceb-adf083564af4.h5ad,180644408,10.1016/j.ccell.2022.11.001,kidney,1.0,True,0,0,0,0,1,0,False,True,False,False,False
27cd5ac9-80ba-43f3-bb60-740593dabdd0,f7cecffa-00b4-4560-a29a-8ad626b8ee08,6800STDY12499505,Mapping single-cell transcriptomes in the intra-tumoral and associated territories of kidney cancer,4992,1,19,,,,0,Visium Spatial Gene Expression V1,na,kidney,nonpapillary renal cell carcinoma,https://datasets.cellxgene.cziscience.com/93a488b8-ff57-4502-8e95-67569d896e95.h5ad,170837661,10.1016/j.ccell.2022.11.001,kidney,1.0,True,0,0,0,0,1,0,False,True,False,False,False
252438d3-8143-48a9-9ac2-ef5991fb21b8,f7cecffa-00b4-4560-a29a-8ad626b8ee08,6800STDY12499408,Mapping single-cell transcriptomes in the intra-tumoral and associated territories of kidney cancer,4992,1,9,,,,0,Visium Spatial Gene Expression V1,na,kidney,nonpapillary renal cell carcinoma,https://datasets.cellxgene.cziscience.com/64a1f56f-b355-47e0-b263-30fa1e6c7390.h5ad,234608402,10.1016/j.ccell.2022.11.001,kidney,1.0,True,0,0,0,0,1,0,False,True,False,False,False
24c31c8c-5f6f-4f13-9f7b-abbedcdcd45f,f7cecffa-00b4-4560-a29a-8ad626b8ee08,6800STDY12499412,Mapping single-cell transcriptomes in the intra-tumoral and associated territories of kidney cancer,4992,1,13,,,,0,Visium Spatial Gene Expression V1,na,kidney,nonpapillary renal cell carcinoma,https://datasets.cellxgene.cziscience.com/ca1956a7-c7f6-416c-bfe7-3b6b2b65c56c.h5ad,145363607,10.1016/j.ccell.2022.11.001,kidney,1.0,True,0,0,0,0,1,0,False,True,False,False,False
104cfa2a-8f7e-4dcc-a0a3-8fd46711c904,f7cecffa-00b4-4560-a29a-8ad626b8ee08,6800STDY12499508,Mapping single-cell transcriptomes in the intra-tumoral and associated territories of kidney cancer,4992,1,20,,,,0,Visium Spatial Gene Expression V1,na,kidney,nonpapillary renal cell carcinoma,https://datasets.cellxgene.cziscience.com/16fe2d28-4272-40b5-8c78-a5a067bedc9a.h5ad,172723337,10.1016/j.ccell.2022.11.001,kidney,1.0,True,0,0,0,0,1,0,False,True,False,False,False
0671c0d4-f233-4cd3-a0d6-9a6b747bdd98,f7cecffa-00b4-4560-a29a-8ad626b8ee08,6800STDY12499406,Mapping single-cell transcriptomes in the intra-tumoral and associated territories of kidney cancer,4992,1,27,,,,0,Visium Spatial Gene Expression V1,na,kidney,nonpapillary renal cell carcinoma,https://datasets.cellxgene.cziscience.com/3cb22696-5867-4001-ba23-3a24da12f4ab.h5ad,209430352,10.1016/j.ccell.2022.11.001,kidney,1.0,True,0,0,0,0,1,0,False,True,False,False,False
05f813a4-fc9e-4143-bba9-de93bdd8eece,f7cecffa-00b4-4560-a29a-8ad626b8ee08,6800STDY12499411,Mapping single-cell transcriptomes in the intra-tumoral and associated territories of kidney cancer,4992,1,15,,,,0,Visium Spatial Gene Expression V1,na,kidney,nonpapillary renal cell carcinoma,https://datasets.cellxgene.cziscience.com/fe87403a-2bf1-4e29-b544-7ca139b20d51.h5ad,172205693,10.1016/j.ccell.2022.11.001,kidney,1.0,True,0,0,0,0,1,0,False,True,False,False,False
a199ca73-035d-44e2-9893-4c493151db21,c672834e-c3e3-49cb-81a5-4c844be4a975,CITEseq of JDM PBMCs,CITEseq of JDM PBMCs,105827,20,16,1.0,18.0,17.0,15,10x 3' v3,cell,blood,juvenile dermatomyositis; normal,https://datasets.cellxgene.cziscience.com/25c3842d-81c5-49d4-99ce-3ca37ff6e00d.h5ad,1444627111,10.1172/jci.insight.176963,,0.0,False,0,0,0,0,0,0,False,False,False,False,True
06ef6b36-6c9b-4e10-8a94-d0baf274276e,d2684035-a36e-458e-96af-8e37930bfdf6,Single nucleus transcriptomic profiling of human healthy hamstring tendon,Single nucleus and spatial transcriptomic profiling of human healthy hamstring tendon,10533,4,11,18.0,37.0,19.0,4,10x 3' v3,nucleus,tendon of semitendinosus,normal,https://datasets.cellxgene.cziscience.com/9fbe9e66-2649-4bc7-b729-f89e37423552.h5ad,89867908,10.1096/fj.202300601RRR,,0.0,False,0,0,0,0,0,0,False,False,False,False,True
dea717d4-7bc0-4e46-950f-fd7e1cc8df7d,0f528c8a-a25c-4840-8fa3-d156fa11086f,Single-cell RNA-seq of the Adult Human Kidney (Version 1.5),An atlas of healthy and injured cell states and niches in the human kidney (Version 1.5),225177,77,25,30.0,66.0,36.0,15,10x 3' v3,cell,kidney,acute kidney injury; chronic kidney disease; normal,https://datasets.cellxgene.cziscience.com/08648660-9898-4644-a9a1-ff3a159a0041.h5ad,1821593028,,kidney,1.0,True,0,0,0,0,1,0,False,False,False,False,True
a12ccb9b-4fbe-457d-8590-ac78053259ef,0f528c8a-a25c-4840-8fa3-d156fa11086f,Single-nucleus RNA-seq of the Adult Human Kidney (Version 1.5),An atlas of healthy and injured cell states and niches in the human kidney (Version 1.5),304989,80,26,14.0,76.0,62.0,10,10x 3' v3,nucleus,cortex of kidney; kidney; renal medulla; renal papilla,acute kidney injury; chronic kidney disease; normal,https://datasets.cellxgene.cziscience.com/02d5db96-d67e-45f2-b556-b6bd99753665.h5ad,3034341738,,kidney,1.0,True,0,0,0,0,4,0,False,False,False,False,True
3966ba97-beb8-4d0b-9954-d3775cd2cd61,5f80428b-222d-450b-a7de-a408186ceb86,Placenta Infection,Acute response to pathogens in the early human placenta at single-cell resolution,158978,20,7,,,,0,10x 3' v3,cell,placenta,Plasmodium malariae malaria; listeriosis; normal; toxoplasmosis,https://datasets.cellxgene.cziscience.com/38b64997-4c91-47f0-b421-c4a944a93ae8.h5ad,5022514545,10.1016/j.cels.2024.04.002,,0.0,False,0,0,0,0,0,0,False,False,False,False,True
a19d1667-a7b5-4556-9e5f-f9bfa690c0f1,3c4f0970-7614-43de-beb7-6128b3cb74ed,Human dermal fibroblast atlas,Human and mouse dermal fibroblast atlas,108440,221,1,18.0,79.0,61.0,47,10x 3' v1; 10x 3' v2; 10x 3' v3; 10x 5' v1; MARS-seq; Seq-Well S3,cell,hindlimb skin; inguinal region skin; lower leg skin; skin of abdomen; skin of back; skin of body; skin of cheek; skin of chest; skin of face; skin of forearm; skin of hip; skin of leg; skin of pes; skin of shoulder; skin of trunk,injury; keloid; localized scleroderma; normal,https://datasets.cellxgene.cziscience.com/8ae4471a-2e70-47b5-bc42-4f0df26a9996.h5ad,1831628432,10.1101/2024.09.05.611379,,0.0,False,0,0,0,0,0,0,False,False,False,False,True
f0973891-a40d-4a57-841a-8c5facd3a546,34f12de7-c5e5-4813-a136-832677f98ac8,Visium spatial - body_inguinal_B,Multi-scale spatial mapping of cell populations across anatomical sites in healthy human skin and basal cell carcinoma,4992,1,9,63.0,63.0,0.0,1,Visium Spatial Gene Expression V1,na,inguinal part of abdomen,normal,https://datasets.cellxgene.cziscience.com/d43bf17c-6792-4287-b823-d425358bbc45.h5ad,465733252,10.1073/pnas.2313326120,,0.0,False,0,0,0,0,0,0,False,True,False,False,True
ef9a2058-513b-44f7-9057-06c0df86f2a3,34f12de7-c5e5-4813-a136-832677f98ac8,Visium spatial - bcc_face_forehead_A,Multi-scale spatial mapping of cell populations across anatomical sites in healthy human skin and basal cell carcinoma,4992,1,9,73.0,73.0,0.0,1,Visium Spatial Gene Expression V1,na,skin of forehead,basal cell carcinoma,https://datasets.cellxgene.cziscience.com/eed00040-1b08-4d7d-bb20-3597e192fdac.h5ad,156106998,10.1073/pnas.2313326120,,0.0,False,0,0,0,0,0,0,False,True,False,False,False
e7c5ba7e-4be0-4696-af50-a07d0dc7aac5,34f12de7-c5e5-4813-a136-832677f98ac8,BCC and Normal - scRNA-seq data,Multi-scale spatial mapping of cell populations across anatomical sites in healthy human skin and basal cell carcinoma,152189,33,25,23.0,91.0,68.0,24,10x 3' v1; 10x 3' v2; 10x 3' v3,cell,arm skin; nose skin; skin of abdomen; skin of cheek; skin of external ear; skin of forehead; skin of temple,basal cell carcinoma; normal,https://datasets.cellxgene.cziscience.com/82515193-f68f-49f1-923e-d10a2b798b42.h5ad,1006054297,10.1073/pnas.2313326120,,0.0,False,0,0,0,0,0,0,False,True,False,False,True
dee75ca4-8348-471e-bbeb-e2143209e3d0,34f12de7-c5e5-4813-a136-832677f98ac8,Visium spatial - face_forehead_A_a,Multi-scale spatial mapping of cell populations across anatomical sites in healthy human skin and basal cell carcinoma,4992,1,15,55.0,55.0,0.0,1,Visium Spatial Gene Expression V1,na,skin of forehead,normal,https://datasets.cellxgene.cziscience.com/caa78256-f1cc-40a8-a453-6df2ce8c8dbc.h5ad,123536374,10.1073/pnas.2313326120,,0.0,False,0,0,0,0,0,0,False,True,False,False,True
dce10ba0-1548-4f2f-9959-77d1090bf196,34f12de7-c5e5-4813-a136-832677f98ac8,Visium spatial - face_temple_B_b,Multi-scale spatial mapping of cell populations across anatomical sites in healthy human skin and basal cell carcinoma,4992,1,15,33.0,33.0,0.0,1,Visium Spatial Gene Expression V1,na,skin of temple,normal,https://datasets.cellxgene.cziscience.com/0257ae8f-f43f-4e5b-ae96-4aec4d01164a.h5ad,166256175,10.1073/pnas.2313326120,,0.0,False,0,0,0,0,0,0,False,True,False,False,True
da22c90e-3db0-449a-b926-94410031b1d1,34f12de7-c5e5-4813-a136-832677f98ac8,Visium spatial - face_glabella_A,Multi-scale spatial mapping of cell populations across anatomical sites in healthy human skin and basal cell carcinoma,4992,1,11,68.0,68.0,0.0,1,Visium Spatial Gene Expression V1,na,glabella skin,normal,https://datasets.cellxgene.cziscience.com/393728fe-b0ca-486a-ba28-fe5ba063baca.h5ad,186864015,10.1073/pnas.2313326120,,0.0,False,0,0,0,0,0,0,False,True,False,False,True
d7d70622-5dd8-4eae-8a6c-5036e78c48d1,34f12de7-c5e5-4813-a136-832677f98ac8,Visium spatial - bcc_face_cheek_B,Multi-scale spatial mapping of cell populations across anatomical sites in healthy human skin and basal cell carcinoma,4992,1,15,85.0,85.0,0.0,1,Visium Spatial Gene Expression V1,na,skin of cheek,basal cell carcinoma,https://datasets.cellxgene.cziscience.com/67f3332e-fbfa-4b93-be06-ff909baf1ca3.h5ad,255711547,10.1073/pnas.2313326120,,0.0,False,0,0,0,0,0,0,False,True,False,False,False
d465e08b-b391-425f-9f15-bd3eff4681f7,34f12de7-c5e5-4813-a136-832677f98ac8,Visium spatial - bcc_face_forehead_B,Multi-scale spatial mapping of cell populations across anatomical sites in healthy human skin and basal cell carcinoma,4992,1,14,64.0,64.0,0.0,1,Visium Spatial Gene Expression V1,na,skin of forehead,basal cell carcinoma,https://datasets.cellxgene.cziscience.com/08be1805-86d6-493c-91b5-d1ada6171f44.h5ad,148385943,10.1073/pnas.2313326120,,0.0,False,0,0,0,0,0,0,False,True,False,False,False
c68e6ac8-c4d8-4869-ba08-9d157e4c06f8,34f12de7-c5e5-4813-a136-832677f98ac8,Visium spatial - face_temple1b,Multi-scale spatial mapping of cell populations across anatomical sites in healthy human skin and basal cell carcinoma,4992,1,13,68.0,68.0,0.0,1,Visium Spatial Gene Expression V1,na,skin of temple,normal,https://datasets.cellxgene.cziscience.com/320b56ef-a775-43fe-b147-3fbd68ff8385.h5ad,106800474,10.1073/pnas.2313326120,,0.0,False,0,0,0,0,0,0,False,True,False,False,True
b336b422-91ca-42b2-81a2-5c5a20ceefd7,34f12de7-c5e5-4813-a136-832677f98ac8,Visium spatial - body_thigh_A,Multi-scale spatial mapping of cell populations across anatomical sites in healthy human skin and basal cell carcinoma,4992,1,11,53.0,53.0,0.0,1,Visium Spatial Gene Expression V1,na,upper leg skin,normal,https://datasets.cellxgene.cziscience.com/4def2f50-84b7-405b-8976-e39d27be73bb.h5ad,446351815,10.1073/pnas.2313326120,,0.0,False,0,0,0,0,0,0,False,True,False,False,True
a7059a06-16ff-462f-a3ec-938054a81479,34f12de7-c5e5-4813-a136-832677f98ac8,Visium spatial - body_back_A_b,Multi-scale spatial mapping of cell populations across anatomical sites in healthy human skin and basal cell carcinoma,4992,1,12,60.0,60.0,0.0,1,Visium Spatial Gene Expression V1,na,skin of back,normal,https://datasets.cellxgene.cziscience.com/9f5da04c-b415-4d75-9e75-c9d9225e5d0c.h5ad,282168473,10.1073/pnas.2313326120,,0.0,False,0,0,0,0,0,0,False,True,False,False,True
9acc2ac1-6acf-4ad3-a8c1-8bffff235e16,34f12de7-c5e5-4813-a136-832677f98ac8,Visium spatial - face_scalp_A,Multi-scale spatial mapping of cell populations across anatomical sites in healthy human skin and basal cell carcinoma,4992,1,9,68.0,68.0,0.0,1,Visium Spatial Gene Expression V1,na,skin of scalp,normal,https://datasets.cellxgene.cziscience.com/c5eb8a2f-fdc4-4fe8-8c22-9f322f64b5dc.h5ad,169919455,10.1073/pnas.2313326120,,0.0,False,0,0,0,0,0,0,False,True,False,False,True
8f8821bf-6033-49fd-b638-44e0a18f4bf8,34f12de7-c5e5-4813-a136-832677f98ac8,Visium spatial - face_forehead_A_b,Multi-scale spatial mapping of cell populations across anatomical sites in healthy human skin and basal cell carcinoma,4992,1,12,55.0,55.0,0.0,1,Visium Spatial Gene Expression V1,na,skin of forehead,normal,https://datasets.cellxgene.cziscience.com/642bb015-0339-4a5c-893a-9bb58ee9fbf2.h5ad,242527754,10.1073/pnas.2313326120,,0.0,False,0,0,0,0,0,0,False,True,False,False,True
838d7116-78d2-4336-985d-e8fd1f3fa9d4,34f12de7-c5e5-4813-a136-832677f98ac8,Visium spatial - face_forehead_B,Multi-scale spatial mapping of cell populations across anatomical sites in healthy human skin and basal cell carcinoma,4992,1,10,73.0,73.0,0.0,1,Visium Spatial Gene Expression V1,na,skin of forehead,normal,https://datasets.cellxgene.cziscience.com/c1ea9710-78c4-4f4a-8953-07b967d5d4d0.h5ad,135468942,10.1073/pnas.2313326120,,0.0,False,0,0,0,0,0,0,False,True,False,False,True
726afd49-df7b-4b56-967a-0fb79d85ee4b,34f12de7-c5e5-4813-a136-832677f98ac8,Visium spatial - body_pubis_A,Multi-scale spatial mapping of cell populations across anatomical sites in healthy human skin and basal cell carcinoma,4992,1,11,52.0,52.0,0.0,1,Visium Spatial Gene Expression V1,na,pubis,normal,https://datasets.cellxgene.cziscience.com/fad3ac11-898f-499b-ad7e-5004f3e03f25.h5ad,426612683,10.1073/pnas.2313326120,,0.0,False,0,0,0,0,0,0,False,True,False,False,True
6ee287a4-5339-47c6-87d7-115101fca4e1,34f12de7-c5e5-4813-a136-832677f98ac8,Visium spatial - bcc_face_nose_B,Multi-scale spatial mapping of cell populations across anatomical sites in healthy human skin and basal cell carcinoma,4992,1,9,72.0,72.0,0.0,1,Visium Spatial Gene Expression V1,na,nose skin,basal cell carcinoma,https://datasets.cellxgene.cziscience.com/7881bc90-9398-4b06-bdab-98b56e148305.h5ad,197567036,10.1073/pnas.2313326120,,0.0,False,0,0,0,0,0,0,False,True,False,False,False
6e9e3264-02e1-455a-840b-4fbcee132ae7,34f12de7-c5e5-4813-a136-832677f98ac8,Visium spatial - body_breast_A,Multi-scale spatial mapping of cell populations across anatomical sites in healthy human skin and basal cell carcinoma,4992,1,11,42.0,42.0,0.0,1,Visium Spatial Gene Expression V1,na,skin of breast,normal,https://datasets.cellxgene.cziscience.com/306c403d-dd88-4fa5-a227-22946586c4b9.h5ad,231245558,10.1073/pnas.2313326120,,0.0,False,0,0,0,0,0,0,False,True,False,False,True
663747ff-d8e4-4f5f-a5ed-a63c4332cb05,34f12de7-c5e5-4813-a136-832677f98ac8,Visium spatial - face_cheek_A,Multi-scale spatial mapping of cell populations across anatomical sites in healthy human skin and basal cell carcinoma,4992,1,11,39.0,39.0,0.0,1,Visium Spatial Gene Expression V1,na,skin of cheek,normal,https://datasets.cellxgene.cziscience.com/067711d0-38b9-49d1-8ae0-1fdf050b6295.h5ad,229020431,10.1073/pnas.2313326120,,0.0,False,0,0,0,0,0,0,False,True,False,False,True
5ed0e8de-27e5-4dd6-b8a9-adb3d86eaf9d,34f12de7-c5e5-4813-a136-832677f98ac8,Visium spatial - bcc_face_nose_C,Multi-scale spatial mapping of cell populations across anatomical sites in healthy human skin and basal cell carcinoma,4992,1,9,82.0,82.0,0.0,1,Visium Spatial Gene Expression V1,na,nose skin,basal cell carcinoma,https://datasets.cellxgene.cziscience.com/ec39e5e0-99a4-4c0a-b2bb-264f9a74620b.h5ad,141536470,10.1073/pnas.2313326120,,0.0,False,0,0,0,0,0,0,False,True,False,False,False
4e6e0a5d-28f7-4792-a43b-7c3aa50d0265,34f12de7-c5e5-4813-a136-832677f98ac8,Visium spatial - bcc_face_nose_A,Multi-scale spatial mapping of cell populations across anatomical sites in healthy human skin and basal cell carcinoma,4992,1,13,91.0,91.0,0.0,1,Visium Spatial Gene Expression V1,na,nose skin,basal cell carcinoma,https://datasets.cellxgene.cziscience.com/4b8b655f-5a5a-4393-b900-0f0700f71444.h5ad,179005262,10.1073/pnas.2313326120,,0.0,False,0,0,0,0,0,0,False,True,False,False,False
4754ff7d-dd0a-4eff-b50c-ee9c7d4bd613,34f12de7-c5e5-4813-a136-832677f98ac8,Visium spatial - face_cheek_B,Multi-scale spatial mapping of cell populations across anatomical sites in healthy human skin and basal cell carcinoma,4992,1,9,76.0,76.0,0.0,1,Visium Spatial Gene Expression V1,na,skin of cheek,normal,https://datasets.cellxgene.cziscience.com/82c53e66-22f7-4fcb-8834-438c3f60c999.h5ad,187401649,10.1073/pnas.2313326120,,0.0,False,0,0,0,0,0,0,False,True,False,False,True
43d268e8-1859-4ce7-ba75-e7e4f5a76e1d,34f12de7-c5e5-4813-a136-832677f98ac8,Visium spatial - bcc_face_cheek_A,Multi-scale spatial mapping of cell populations across anatomical sites in healthy human skin and basal cell carcinoma,4992,1,11,39.0,39.0,0.0,1,Visium Spatial Gene Expression V1,na,skin of cheek,basal cell carcinoma,https://datasets.cellxgene.cziscience.com/b953ea25-c9d9-47ba-90cc-be6b84bd8a92.h5ad,126031723,10.1073/pnas.2313326120,,0.0,False,0,0,0,0,0,0,False,True,False,False,False
335c6629-0563-4b44-a7fb-d69ba00ddc41,34f12de7-c5e5-4813-a136-832677f98ac8,Visium spatial - body_abdomen_A,Multi-scale spatial mapping of cell populations across anatomical sites in healthy human skin and basal cell carcinoma,4992,1,11,47.0,47.0,0.0,1,Visium Spatial Gene Expression V1,na,skin of abdomen,normal,https://datasets.cellxgene.cziscience.com/0caa269c-e067-4352-bb05-1bb160340445.h5ad,440351336,10.1073/pnas.2313326120,,0.0,False,0,0,0,0,0,0,False,True,False,False,True
32eb45ed-d970-4f34-8ad1-7a88e8ee6ce1,34f12de7-c5e5-4813-a136-832677f98ac8,Visium spatial - body_back_A_a,Multi-scale spatial mapping of cell populations across anatomical sites in healthy human skin and basal cell carcinoma,4992,1,12,60.0,60.0,0.0,1,Visium Spatial Gene Expression V1,na,skin of back,normal,https://datasets.cellxgene.cziscience.com/01608b23-255a-4b71-b369-334f5ab54d23.h5ad,220426905,10.1073/pnas.2313326120,,0.0,False,0,0,0,0,0,0,False,True,False,False,True
205e9eb0-1ae7-4cdf-abc1-0d7acf5d357f,34f12de7-c5e5-4813-a136-832677f98ac8,Visium spatial - body_inguinal_A_b,Multi-scale spatial mapping of cell populations across anatomical sites in healthy human skin and basal cell carcinoma,4992,1,14,55.0,55.0,0.0,1,Visium Spatial Gene Expression V1,na,inguinal part of abdomen,normal,https://datasets.cellxgene.cziscience.com/1d1d9085-ceb2-4f20-86c5-20f2ce13dcac.h5ad,246843722,10.1073/pnas.2313326120,,0.0,False,0,0,0,0,0,0,False,True,False,False,True
1f4cc77e-be05-4f1c-ab52-af60e61ef310,34f12de7-c5e5-4813-a136-832677f98ac8,Visium spatial - body_inguinal_A_a,Multi-scale spatial mapping of cell populations across anatomical sites in healthy human skin and basal cell carcinoma,4992,1,8,55.0,55.0,0.0,1,Visium Spatial Gene Expression V1,na,inguinal part of abdomen,normal,https://datasets.cellxgene.cziscience.com/535fbf7c-ed43-48d7-8c93-f9c4ebabf34e.h5ad,136049039,10.1073/pnas.2313326120,,0.0,False,0,0,0,0,0,0,False,True,False,False,True
1d7ac406-9c5f-4537-a169-b6e8fab8b6f2,34f12de7-c5e5-4813-a136-832677f98ac8,Visium spatial - face_nose_A_b,Multi-scale spatial mapping of cell populations across anatomical sites in healthy human skin and basal cell carcinoma,4992,1,8,77.0,77.0,0.0,1,Visium Spatial Gene Expression V1,na,nose skin,normal,https://datasets.cellxgene.cziscience.com/0ab58ca8-1c15-4108-9f70-f61ad44f2b6d.h5ad,216227799,10.1073/pnas.2313326120,,0.0,False,0,0,0,0,0,0,False,True,False,False,True
1d3c1bab-7b56-4373-9def-200da734a755,34f12de7-c5e5-4813-a136-832677f98ac8,Visium spatial - face_temple_B_a,Multi-scale spatial mapping of cell populations across anatomical sites in healthy human skin and basal cell carcinoma,4992,1,16,33.0,33.0,0.0,1,Visium Spatial Gene Expression V1,na,skin of temple,normal,https://datasets.cellxgene.cziscience.com/63ca7edd-d55d-4a80-a0e6-4bc3bafa07a9.h5ad,174318890,10.1073/pnas.2313326120,,0.0,False,0,0,0,0,0,0,False,True,False,False,True
1b11283c-1b3a-4fa6-bf87-bc12c550a019,34f12de7-c5e5-4813-a136-832677f98ac8,Visium spatial - face_nose_A_a,Multi-scale spatial mapping of cell populations across anatomical sites in healthy human skin and basal cell carcinoma,4992,1,11,77.0,77.0,0.0,1,Visium Spatial Gene Expression V1,na,nose skin,normal,https://datasets.cellxgene.cziscience.com/fb3143e7-1438-4e37-a246-837d2e212b5e.h5ad,176685871,10.1073/pnas.2313326120,,0.0,False,0,0,0,0,0,0,False,True,False,False,True
18d0fe01-3682-4b5d-aa39-2ca937424c83,34f12de7-c5e5-4813-a136-832677f98ac8,Visium spatial - bcc_face_ear_A,Multi-scale spatial mapping of cell populations across anatomical sites in healthy human skin and basal cell carcinoma,4992,1,16,90.0,90.0,0.0,1,Visium Spatial Gene Expression V1,na,skin of external ear,basal cell carcinoma,https://datasets.cellxgene.cziscience.com/731fe2e5-3827-410c-bcd2-1ea075f17226.h5ad,171701200,10.1073/pnas.2313326120,,0.0,False,0,0,0,0,0,0,False,True,False,False,False
14363b6e-3428-45b0-8704-10fd5d6316df,34f12de7-c5e5-4813-a136-832677f98ac8,Epithelial bcc and normal_scRNAseq,Multi-scale spatial mapping of cell populations across anatomical sites in healthy human skin and basal cell carcinoma,9841,35,5,23.0,91.0,68.0,24,10x 3' v1; 10x 3' v2; 10x 3' v3,cell,arm skin; nose skin; scalp; skin of abdomen; skin of cheek; skin of external ear; skin of forehead; skin of temple,basal cell carcinoma; normal,https://datasets.cellxgene.cziscience.com/0f8c8bcc-5554-4a92-bce4-de26b7285b63.h5ad,92920285,10.1073/pnas.2313326120,,0.0,False,0,0,0,0,0,0,False,True,False,False,True
0456ae85-6f27-4e36-8c62-4c97370baa68,34f12de7-c5e5-4813-a136-832677f98ac8,Visium spatial - face_temple_A_a,Multi-scale spatial mapping of cell populations across anatomical sites in healthy human skin and basal cell carcinoma,4992,1,13,68.0,68.0,0.0,1,Visium Spatial Gene Expression V1,na,skin of temple,normal,https://datasets.cellxgene.cziscience.com/fa49385a-a275-4dd3-b564-b105f3425f5f.h5ad,114343838,10.1073/pnas.2313326120,,0.0,False,0,0,0,0,0,0,False,True,False,False,True
b62f728b-a7eb-4889-8162-b3d457de93b9,847fafc3-41a1-4a0d-9461-0328c88e9b13,Combined human neural dataset,Single-cell transcriptome profiling of the human developing spinal cord reveals a conserved genetic programme with human-specific features,43485,4,10,,,,0,10x 3' v3,cell,neural tube,normal,https://datasets.cellxgene.cziscience.com/78c6096a-bcc3-45e4-91f8-2eb350dd1f54.h5ad,500536174,10.1242/dev.199711,,0.0,False,0,0,0,0,0,0,False,False,False,False,True
19e46756-9100-4e01-8b0e-23b557558a4c,0aab20b3-c30c-4606-bd2e-d20dae739c45,Single Cell Sequencing of Human PBMCs in Clonal Hematopoeisis of Indeterminant Potential,Multiomic Profiling of Human Clonal Hematopoiesis Reveals Genotype and Cell-Specific Inflammatory Pathway Activation,66985,24,9,39.0,91.0,52.0,21,10x 3' v3,cell,blood,clonal hematopoiesis; normal,https://datasets.cellxgene.cziscience.com/cede8227-2c85-4f93-ab0a-73efc6b45f17.h5ad,356508678,10.1182/bloodadvances.2023011445,,0.0,False,0,0,0,0,0,0,False,False,False,False,True
f5be9ed2-5d41-4a52-91e4-4ff24ff84900,e9c73b68-e980-49c2-8d0d-1c9cab21507e,scRNA-seq of foveal and parafoveal retina,Human photoreceptor cells from different macular subregions have distinct transcriptional profiles,34323,4,12,59.0,78.0,19.0,4,10x 3' v3,cell,fovea centralis; perifoveal part of retina,macular degeneration; normal,https://datasets.cellxgene.cziscience.com/5d37ddd9-06bf-4e8b-bfde-3f07fd49e774.h5ad,264438607,10.1093/hmg/ddab140,retina,1.0,True,2,0,0,0,0,0,False,False,False,False,True
55003f67-c494-46f1-83fb-902745646379,48259aa8-f168-4bf5-b797-af8e88da6637,Integrated HBCA,Human breast cell atlas,2122065,287,26,19.0,69.0,50.0,44,10x 3' v1; 10x 3' v2; 10x 3' v3,cell,breast,normal; preneoplastic lesion,https://datasets.cellxgene.cziscience.com/3b82d7c6-0048-44bf-a2e7-442b7acc1c09.h5ad,19351694183,10.1038/s41588-024-01688-9,,0.0,False,0,0,0,0,0,0,False,False,False,True,True
b7efc0ba-9136-4f3f-adb2-d07849e59a3d,257ce7fb-ab27-4772-8a06-9fe8385816b2,Human Trophoblast Organoids,Human Trophoblast Organoids,67996,5,3,,,,0,10x 3' v3,cell,placenta,normal,https://datasets.cellxgene.cziscience.com/7e7853b5-817b-4f2c-b9a4-55f0ab9b013f.h5ad,1081504436,10.1016/j.stem.2023.12.013,,0.0,False,0,0,0,0,0,0,True,False,False,False,True
c893ddc3-f25b-45e2-8c9e-155918b4261c,cec4ef8e-1e70-49a2-ae43-1e6bf1fd5978,Transcriptional responses of the human dorsal striatum in opioid use disorder implicates cell type-specifc programs,Transcriptional responses of the human dorsal striatum in opioid use disorder implicates cell type-specifc programs,98848,12,10,23.0,60.0,37.0,10,10x 3' v3,nucleus,caudate nucleus; putamen,normal; opiate dependence,https://datasets.cellxgene.cziscience.com/88342dac-5b20-42f5-8cb8-2ad94e723dd1.h5ad,873734254,10.1038/s41467-024-45165-7,brain,1.0,True,0,2,0,0,0,0,False,False,False,False,True
fca00c4c-0b8a-4836-ab7b-6620123d2d4e,0c8a364b-97b5-4cc8-a593-23c38c6f0ac5,Visium spatial data from liver of primary sclerosing cholangitis patient; sample PSC011_C1,Single-cell and spatial transcriptomics characterisation of the immunological landscape in the healthy and PSC human liver,4992,1,6,,,,0,Visium Spatial Gene Expression V1,na,caudate lobe of liver,primary sclerosing cholangitis,https://datasets.cellxgene.cziscience.com/975d4575-5e70-497e-b609-182a1e21ac8e.h5ad,53260673,10.1016/j.jhep.2023.12.023,liver,1.0,True,0,0,0,0,0,1,False,False,False,False,False
e347396c-a7ff-4691-9f7a-99a43555ca18,0c8a364b-97b5-4cc8-a593-23c38c6f0ac5,Stellate cells from human healthy donor liver samples,Single-cell and spatial transcriptomics characterisation of the immunological landscape in the healthy and PSC human liver,1417,24,4,,,,0,10x 3' v2; 10x 5' v1,cell,caudate lobe of liver,normal,https://datasets.cellxgene.cziscience.com/119777da-ed00-4c76-a20b-4d6c804427e9.h5ad,14694030,10.1016/j.jhep.2023.12.023,liver,1.0,True,0,0,0,0,0,1,False,False,False,False,True
b550fd94-97e0-42e2-90f7-7434781ea2f8,0c8a364b-97b5-4cc8-a593-23c38c6f0ac5,Macrophage cells from human healthy donor liver samples,Single-cell and spatial transcriptomics characterisation of the immunological landscape in the healthy and PSC human liver,11127,24,7,,,,0,10x 3' v2; 10x 5' v1,cell,caudate lobe of liver,normal,https://datasets.cellxgene.cziscience.com/4c67a799-0db0-4ddd-ae9d-7ddf54b41935.h5ad,93689226,10.1016/j.jhep.2023.12.023,liver,1.0,True,0,0,0,0,0,1,False,False,False,False,True
a0805e92-3d1f-4866-af5c-5b903c6d910b,0c8a364b-97b5-4cc8-a593-23c38c6f0ac5,Visium spatial data from liver of primary sclerosing cholangitis patient; sample PSC011_D1,Single-cell and spatial transcriptomics characterisation of the immunological landscape in the healthy and PSC human liver,4992,1,6,,,,0,Visium Spatial Gene Expression V1,na,caudate lobe of liver,primary sclerosing cholangitis,https://datasets.cellxgene.cziscience.com/1d929cac-aba7-4346-a95c-f7c32f148221.h5ad,44579452,10.1016/j.jhep.2023.12.023,liver,1.0,True,0,0,0,0,0,1,False,False,False,False,False
7f7e36ee-7432-4b70-b894-25d9989d43e8,0c8a364b-97b5-4cc8-a593-23c38c6f0ac5,Visium spatial data from human healthy liver donor; sample C73_A1,Single-cell and spatial transcriptomics characterisation of the immunological landscape in the healthy and PSC human liver,4992,1,6,,,,0,Visium Spatial Gene Expression V1,na,caudate lobe of liver,normal,https://datasets.cellxgene.cziscience.com/36122151-f8f8-43a6-8dd5-acd0746586b2.h5ad,1108598458,10.1016/j.jhep.2023.12.023,liver,1.0,True,0,0,0,0,0,1,False,False,False,False,True
7ca2e329-d91b-4e36-b4cc-663447ae437e,0c8a364b-97b5-4cc8-a593-23c38c6f0ac5,Visium spatial data from human healthy liver donor; sample C73_D1,Single-cell and spatial transcriptomics characterisation of the immunological landscape in the healthy and PSC human liver,4992,1,6,,,,0,Visium Spatial Gene Expression V1,na,caudate lobe of liver,normal,https://datasets.cellxgene.cziscience.com/878d13cd-2769-45c6-bba9-25bd5b651aa0.h5ad,1096872565,10.1016/j.jhep.2023.12.023,liver,1.0,True,0,0,0,0,0,1,False,False,False,False,True
7b814d77-810f-49e5-ae73-c3b644ea197f,0c8a364b-97b5-4cc8-a593-23c38c6f0ac5,Visium spatial data from human healthy liver donor; sample C73_B1,Single-cell and spatial transcriptomics characterisation of the immunological landscape in the healthy and PSC human liver,4992,1,7,,,,0,Visium Spatial Gene Expression V1,na,caudate lobe of liver,normal,https://datasets.cellxgene.cziscience.com/c12dd8cc-56a6-4b60-812a-8816c415b235.h5ad,1080707434,10.1016/j.jhep.2023.12.023,liver,1.0,True,0,0,0,0,0,1,False,False,False,False,True
7a90a1ce-4e66-44d0-b273-7c672de53b17,0c8a364b-97b5-4cc8-a593-23c38c6f0ac5,Visium spatial data from liver of primary sclerosing cholangitis patient; sample PSC011_B1,Single-cell and spatial transcriptomics characterisation of the immunological landscape in the healthy and PSC human liver,4992,1,5,,,,0,Visium Spatial Gene Expression V1,na,caudate lobe of liver,primary sclerosing cholangitis,https://datasets.cellxgene.cziscience.com/085648af-883b-4969-851a-046d9dcedf49.h5ad,52302327,10.1016/j.jhep.2023.12.023,liver,1.0,True,0,0,0,0,0,1,False,False,False,False,False
76af615b-12fe-4ebb-b8c6-239ad29e26e3,0c8a364b-97b5-4cc8-a593-23c38c6f0ac5,Hepatocyte-2 cells from human healthy donor liver samples,Single-cell and spatial transcriptomics characterisation of the immunological landscape in the healthy and PSC human liver,13635,24,6,,,,0,10x 3' v2; 10x 5' v1,cell,caudate lobe of liver,normal,https://datasets.cellxgene.cziscience.com/02eda8d2-bd30-4046-9fa3-24755cb8dd24.h5ad,85095092,10.1016/j.jhep.2023.12.023,liver,1.0,True,0,0,0,0,0,1,False,False,False,False,True
6d222287-cf5b-4eb5-86e3-c4e71adab844,0c8a364b-97b5-4cc8-a593-23c38c6f0ac5,Visium spatial data from human healthy liver donor; sample C73_C1,Single-cell and spatial transcriptomics characterisation of the immunological landscape in the healthy and PSC human liver,4992,1,7,,,,0,Visium Spatial Gene Expression V1,na,caudate lobe of liver,normal,https://datasets.cellxgene.cziscience.com/adbebdbd-d935-4d49-8d42-a5f42b36e2b0.h5ad,1172388345,10.1016/j.jhep.2023.12.023,liver,1.0,True,0,0,0,0,0,1,False,False,False,False,True
4ce8d8ec-b94c-4b79-afcb-b094336d8a78,0c8a364b-97b5-4cc8-a593-23c38c6f0ac5,Endothelial cells from human healthy donor liver samples,Single-cell and spatial transcriptomics characterisation of the immunological landscape in the healthy and PSC human liver,9422,24,6,,,,0,10x 3' v2; 10x 5' v1,cell,caudate lobe of liver,normal,https://datasets.cellxgene.cziscience.com/95dbfcf7-a456-4fa6-aef0-f66786d59bc5.h5ad,77660400,10.1016/j.jhep.2023.12.023,liver,1.0,True,0,0,0,0,0,1,False,False,True,False,True
4993d61c-1d04-4630-9c61-8d9431f39adc,0c8a364b-97b5-4cc8-a593-23c38c6f0ac5,B cells from human healthy donor liver samples,Single-cell and spatial transcriptomics characterisation of the immunological landscape in the healthy and PSC human liver,1250,24,4,,,,0,10x 3' v2; 10x 5' v1,cell,caudate lobe of liver,normal,https://datasets.cellxgene.cziscience.com/0ce2d669-da27-48dc-bb73-22e822188cd2.h5ad,18101984,10.1016/j.jhep.2023.12.023,liver,1.0,True,0,0,0,0,0,1,False,False,False,False,True
43cd0dbc-4e6c-433f-b143-8e6367e17fed,0c8a364b-97b5-4cc8-a593-23c38c6f0ac5,Visium spatial data from liver of primary sclerosing cholangitis patient; sample PSC011_A1,Single-cell and spatial transcriptomics characterisation of the immunological landscape in the healthy and PSC human liver,4992,1,6,,,,0,Visium Spatial Gene Expression V1,na,caudate lobe of liver,primary sclerosing cholangitis,https://datasets.cellxgene.cziscience.com/c8c7681f-8575-48cd-8f8b-a3c44c81572b.h5ad,61829336,10.1016/j.jhep.2023.12.023,liver,1.0,True,0,0,0,0,0,1,False,False,False,False,False
43560d7c-acd6-4ede-830d-c9ffc6cd0862,0c8a364b-97b5-4cc8-a593-23c38c6f0ac5,Natural killer T cells from human healthy donor liver samples,Single-cell and spatial transcriptomics characterisation of the immunological landscape in the healthy and PSC human liver,16665,24,9,,,,0,10x 3' v2; 10x 5' v1,cell,caudate lobe of liver,normal,https://datasets.cellxgene.cziscience.com/2188e7ff-cc0b-451b-8e3a-dbd337338134.h5ad,127745823,10.1016/j.jhep.2023.12.023,liver,1.0,True,0,0,0,0,0,1,False,False,True,False,True
234c23d0-d6cd-4612-a40d-e5811727564b,0c8a364b-97b5-4cc8-a593-23c38c6f0ac5,Hepatocyte-1 cells from human healthy donor liver samples,Single-cell and spatial transcriptomics characterisation of the immunological landscape in the healthy and PSC human liver,53015,24,3,,,,0,10x 3' v2; 10x 5' v1,cell,caudate lobe of liver,normal,https://datasets.cellxgene.cziscience.com/4ac4ef10-fa02-452c-a6b6-cbfb0c6159c8.h5ad,439782903,10.1016/j.jhep.2023.12.023,liver,1.0,True,0,0,0,0,0,1,False,False,False,False,True
1873a18a-66fd-4a4d-8277-a872c93f5b59,0c8a364b-97b5-4cc8-a593-23c38c6f0ac5,All cells types from snRNA-seq of human primary sclerosing cholangitis patients and healthy controls,Single-cell and spatial transcriptomics characterisation of the immunological landscape in the healthy and PSC human liver,105780,13,17,,,,0,10x 3' v3,nucleus,caudate lobe of liver,normal; primary biliary cholangitis; primary sclerosing cholangitis,https://datasets.cellxgene.cziscience.com/34702b40-d0ac-4ec2-8871-776ca012efd0.h5ad,1543810661,10.1016/j.jhep.2023.12.023,liver,1.0,True,0,0,0,0,0,1,False,False,False,False,True
0c9a8cfb-6649-4d52-b418-6d8e56bd7afe,0c8a364b-97b5-4cc8-a593-23c38c6f0ac5,Cholangiocytes from human healthy donor liver samples,Single-cell and spatial transcriptomics characterisation of the immunological landscape in the healthy and PSC human liver,1011,24,2,,,,0,10x 3' v2; 10x 5' v1,cell,caudate lobe of liver,normal,https://datasets.cellxgene.cziscience.com/58821f45-6468-4766-af0b-8cb164ae71d7.h5ad,16685271,10.1016/j.jhep.2023.12.023,liver,1.0,True,0,0,0,0,0,1,False,False,False,False,True
02792605-4760-4023-82ad-40fc4458a5db,0c8a364b-97b5-4cc8-a593-23c38c6f0ac5,All cells types from scRNA-seq of human primary sclerosing cholangitis patients and healthy controls,Single-cell and spatial transcriptomics characterisation of the immunological landscape in the healthy and PSC human liver,89637,16,27,,,,0,10x 5' v1; 10x 5' v2,cell,caudate lobe of liver,normal; primary biliary cholangitis; primary sclerosing cholangitis,https://datasets.cellxgene.cziscience.com/ff713455-e6b7-45b3-b2dd-1c9dd26251f6.h5ad,1118963144,10.1016/j.jhep.2023.12.023,liver,1.0,True,0,0,0,0,0,1,False,False,False,False,True
78c62d4e-abf1-405b-bb51-368720814529,59cd85c5-3b22-4035-b628-2a20810ad54b,Bone marrow organoids (BMO),Generation of complex human induced pluripotent stem cell-derived bone marrow organoids,31040,1,5,,,,0,10x 3' v3,cell,bone marrow,normal,https://datasets.cellxgene.cziscience.com/98ee24fd-6102-4c51-843a-8cf40e6df724.h5ad,376890698,10.1038/s41592-024-02172-2,,0.0,False,0,0,0,0,0,0,True,False,False,False,True
f6dafdd1-d746-407e-8019-4470e02d4cbd,c1241244-b22d-483d-875b-75699efb9f3c,B cells,A spatially resolved atlas of the human lung characterizes a gland-associated immune niche,3699,10,5,29.0,75.0,46.0,7,10x 3' v2; 10x 3' v3; 10x 5' transcription profiling,cell; nucleus,bronchus; lower lobe of left lung; lung; trachea; upper lobe of left lung,normal,https://datasets.cellxgene.cziscience.com/4da5f8b6-4a2a-471e-8b0c-31b087f4d258.h5ad,36008025,10.1038/s41588-022-01243-4,,0.0,False,0,0,0,0,0,0,False,False,False,False,True
e871881f-b42d-4500-906d-0972a14ba47d,c1241244-b22d-483d-875b-75699efb9f3c,Fibroblasts,A spatially resolved atlas of the human lung characterizes a gland-associated immune niche,20515,10,9,29.0,75.0,46.0,7,10x 3' v2; 10x 3' v3; 10x 5' transcription profiling,cell; nucleus,bronchus; lower lobe of left lung; lung; trachea; upper lobe of left lung,normal,https://datasets.cellxgene.cziscience.com/460b3fe9-f623-4299-a745-78beba61c3d8.h5ad,240272482,10.1038/s41588-022-01243-4,,0.0,False,0,0,0,0,0,0,False,False,False,False,True
e22c2ab4-c025-4804-b7a3-0b0ebd48c87a,c1241244-b22d-483d-875b-75699efb9f3c,Smooth muscle cells,A spatially resolved atlas of the human lung characterizes a gland-associated immune niche,5156,10,4,29.0,75.0,46.0,7,10x 3' v2; 10x 3' v3; 10x 5' transcription profiling,cell; nucleus,bronchus; lower lobe of left lung; lung; trachea; upper lobe of left lung,normal,https://datasets.cellxgene.cziscience.com/8447d059-e889-4c46-8b6d-a877efa665aa.h5ad,50313500,10.1038/s41588-022-01243-4,,0.0,False,0,0,0,0,0,0,False,False,False,False,True
b3d060c6-bbd7-4db0-9ef7-9df42475875a,c1241244-b22d-483d-875b-75699efb9f3c,Lymphoid cells,A spatially resolved atlas of the human lung characterizes a gland-associated immune niche,37502,10,10,29.0,75.0,46.0,7,10x 3' v2; 10x 3' v3; 10x 5' transcription profiling,cell; nucleus,bronchus; lower lobe of left lung; lung; trachea; upper lobe of left lung,normal,https://datasets.cellxgene.cziscience.com/079576a1-f346-401e-b66c-553ccf5cfbdd.h5ad,140041887,10.1038/s41588-022-01243-4,,0.0,False,0,0,0,0,0,0,False,False,False,False,True
b2c9f2c0-3c3c-4f2c-816d-3e5a10f573bd,c1241244-b22d-483d-875b-75699efb9f3c,WSA_LngSP10193345,A spatially resolved atlas of the human lung characterizes a gland-associated immune niche,4992,1,14,,,,0,Visium Spatial Gene Expression V1,na,lung parenchyma,normal,https://datasets.cellxgene.cziscience.com/689beada-1625-4e14-969a-88bc26ee63e0.h5ad,870898104,10.1038/s41588-022-01243-4,,0.0,False,0,0,0,0,0,0,False,False,False,False,True
a83dd1a9-d689-486b-aa8a-5036bf9d5816,c1241244-b22d-483d-875b-75699efb9f3c,WSA_LngSP10972072,A spatially resolved atlas of the human lung characterizes a gland-associated immune niche,4992,1,32,,,,0,Visium Spatial Gene Expression V1,na,bronchus,normal,https://datasets.cellxgene.cziscience.com/3e5559b4-e6ba-4d3d-877e-8a5bfb9da3a6.h5ad,437185947,10.1038/s41588-022-01243-4,,0.0,False,0,0,0,0,0,0,False,False,False,False,True
987185c0-e092-49fb-935a-cc3fa0d084ca,c1241244-b22d-483d-875b-75699efb9f3c,WSA_LngSP9258467,A spatially resolved atlas of the human lung characterizes a gland-associated immune niche,4992,1,25,,,,0,Visium Spatial Gene Expression V1,na,bronchus,normal,https://datasets.cellxgene.cziscience.com/acfe0dfa-5179-405d-9c53-7bdc7e3a8d6d.h5ad,257518061,10.1038/s41588-022-01243-4,,0.0,False,0,0,0,0,0,0,False,False,False,False,True
8cd27ec2-250d-482d-8cab-8dc17e017e09,c1241244-b22d-483d-875b-75699efb9f3c,WSA_LngSP10972073,A spatially resolved atlas of the human lung characterizes a gland-associated immune niche,4992,1,26,,,,0,Visium Spatial Gene Expression V1,na,bronchus,normal,https://datasets.cellxgene.cziscience.com/24223f7f-7b40-4928-8724-70365ac36983.h5ad,382504372,10.1038/s41588-022-01243-4,,0.0,False,0,0,0,0,0,0,False,False,False,False,True
853c4415-9820-4377-ae29-cfe61d72fbd1,c1241244-b22d-483d-875b-75699efb9f3c,WSA_LngSP10972075,A spatially resolved atlas of the human lung characterizes a gland-associated immune niche,4992,1,24,,,,0,Visium Spatial Gene Expression V1,na,trachea,normal,https://datasets.cellxgene.cziscience.com/56849905-fe69-4873-b2bb-f119b5c16df4.h5ad,273016181,10.1038/s41588-022-01243-4,,0.0,False,0,0,0,0,0,0,False,False,False,False,True
73de42b2-4871-4dbc-bde4-a9faa089b607,c1241244-b22d-483d-875b-75699efb9f3c,WSA_LngSP10193348,A spatially resolved atlas of the human lung characterizes a gland-associated immune niche,4992,1,22,59.0,59.0,0.0,1,Visium Spatial Gene Expression V1,na,bronchus,normal,https://datasets.cellxgene.cziscience.com/a30c01d3-9797-4d8a-85c7-aa0749e7df6f.h5ad,729031412,10.1038/s41588-022-01243-4,,0.0,False,0,0,0,0,0,0,False,False,False,False,True
72ddcd39-bd9b-4f6a-9251-bf2a6763b16f,c1241244-b22d-483d-875b-75699efb9f3c,WSA_LngSP9258464,A spatially resolved atlas of the human lung characterizes a gland-associated immune niche,4992,1,24,59.0,59.0,0.0,1,Visium Spatial Gene Expression V1,na,bronchus,normal,https://datasets.cellxgene.cziscience.com/391859dd-aee8-46c2-90fc-ee34ad3cf022.h5ad,539809963,10.1038/s41588-022-01243-4,,0.0,False,0,0,0,0,0,0,False,False,False,False,True
728a6902-8916-47a1-b85a-ba1c922d56b7,c1241244-b22d-483d-875b-75699efb9f3c,WSA_LngSP8759313,A spatially resolved atlas of the human lung characterizes a gland-associated immune niche,4992,1,19,,,,0,Visium Spatial Gene Expression V1,na,bronchus,normal,https://datasets.cellxgene.cziscience.com/defc9209-93bd-4291-b4e4-c09e6228ce17.h5ad,418207615,10.1038/s41588-022-01243-4,,0.0,False,0,0,0,0,0,0,False,False,False,False,True
708a7f62-260b-43f4-837a-d329c29f830b,c1241244-b22d-483d-875b-75699efb9f3c,WSA_LngSP10193347,A spatially resolved atlas of the human lung characterizes a gland-associated immune niche,4992,1,13,59.0,59.0,0.0,1,Visium Spatial Gene Expression V1,na,lung parenchyma,normal,https://datasets.cellxgene.cziscience.com/ac0b0604-0d38-42de-b937-2989052c4887.h5ad,753796224,10.1038/s41588-022-01243-4,,0.0,False,0,0,0,0,0,0,False,False,False,False,True
5944834b-e31e-4955-942a-731d75e39385,c1241244-b22d-483d-875b-75699efb9f3c,WSA_LngSP9258463,A spatially resolved atlas of the human lung characterizes a gland-associated immune niche,4992,1,28,,,,0,Visium Spatial Gene Expression V1,na,bronchus,normal,https://datasets.cellxgene.cziscience.com/5bdb5d12-9104-4bb3-b47a-b65326cde5fe.h5ad,235131446,10.1038/s41588-022-01243-4,,0.0,False,0,0,0,0,0,0,False,False,False,False,True
4ebcbeeb-2208-4d30-acb2-8142a5201814,c1241244-b22d-483d-875b-75699efb9f3c,Vascular endothelial cells,A spatially resolved atlas of the human lung characterizes a gland-associated immune niche,20855,10,4,29.0,75.0,46.0,7,10x 3' v2; 10x 3' v3; 10x 5' transcription profiling,cell; nucleus,bronchus; lower lobe of left lung; lung; trachea; upper lobe of left lung,normal,https://datasets.cellxgene.cziscience.com/e2fe9206-4d7b-4d5d-9a46-cd401949b9f4.h5ad,192002585,10.1038/s41588-022-01243-4,,0.0,False,0,0,0,0,0,0,False,False,True,False,True
44c9d3fd-bbde-45a5-a17c-db37a75bf697,c1241244-b22d-483d-875b-75699efb9f3c,WSA_LngSP10972074,A spatially resolved atlas of the human lung characterizes a gland-associated immune niche,4992,1,27,,,,0,Visium Spatial Gene Expression V1,na,trachea,normal,https://datasets.cellxgene.cziscience.com/da3db84a-aec1-404f-83f3-c497ce4bfccc.h5ad,248092190,10.1038/s41588-022-01243-4,,0.0,False,0,0,0,0,0,0,False,False,False,False,True
39202b1d-6447-41e0-b409-84e7e9e551f1,c1241244-b22d-483d-875b-75699efb9f3c,WSA_LngSP10193346,A spatially resolved atlas of the human lung characterizes a gland-associated immune niche,4992,1,23,,,,0,Visium Spatial Gene Expression V1,na,lung parenchyma,normal,https://datasets.cellxgene.cziscience.com/6de78eab-f9c4-4152-be30-1e493f655625.h5ad,772850962,10.1038/s41588-022-01243-4,,0.0,False,0,0,0,0,0,0,False,False,False,False,True
2d85960a-2ba8-4f54-9aec-537fae839f5d,c1241244-b22d-483d-875b-75699efb9f3c,Myeloid cells,A spatially resolved atlas of the human lung characterizes a gland-associated immune niche,40634,10,9,29.0,75.0,46.0,7,10x 3' v2; 10x 3' v3; 10x 5' transcription profiling,cell; nucleus,bronchus; lower lobe of left lung; lung; trachea; upper lobe of left lung,normal,https://datasets.cellxgene.cziscience.com/e255b510-e54e-4910-87b4-a405e0d28294.h5ad,477427458,10.1038/s41588-022-01243-4,,0.0,False,0,0,0,0,0,0,False,False,True,False,True
2c3621b8-1870-4e06-b169-252ab243118d,c1241244-b22d-483d-875b-75699efb9f3c,WSA_LngSP8759311,A spatially resolved atlas of the human lung characterizes a gland-associated immune niche,4992,1,22,,,,0,Visium Spatial Gene Expression V1,na,bronchus,normal,https://datasets.cellxgene.cziscience.com/ca3e1dd1-bcc3-4121-a160-c2a86bf51972.h5ad,435705544,10.1038/s41588-022-01243-4,,0.0,False,0,0,0,0,0,0,False,False,False,False,True
20718fc1-c04b-496b-8a27-8589a637346c,c1241244-b22d-483d-875b-75699efb9f3c,WSA_LngSP8759312,A spatially resolved atlas of the human lung characterizes a gland-associated immune niche,4992,1,20,,,,0,Visium Spatial Gene Expression V1,na,bronchus,normal,https://datasets.cellxgene.cziscience.com/2c092c78-132b-413e-b8d6-8c7e03b8262b.h5ad,478541608,10.1038/s41588-022-01243-4,,0.0,False,0,0,0,0,0,0,False,False,False,False,True
15c5c186-df92-4b17-a253-199e10ffe98a,c1241244-b22d-483d-875b-75699efb9f3c,WSA_LngSP9258468,A spatially resolved atlas of the human lung characterizes a gland-associated immune niche,4992,1,28,59.0,59.0,0.0,1,Visium Spatial Gene Expression V1,na,bronchus,normal,https://datasets.cellxgene.cziscience.com/7fc23d86-4c73-4573-b8bc-ce171a6ac7d5.h5ad,533398485,10.1038/s41588-022-01243-4,,0.0,False,0,0,0,0,0,0,False,False,False,False,True
0e9d47fb-89b1-42d8-b426-2c7630b5f5fa,c1241244-b22d-483d-875b-75699efb9f3c,Airway epithelial cells,A spatially resolved atlas of the human lung characterizes a gland-associated immune niche,29505,10,12,29.0,75.0,46.0,7,10x 3' v2; 10x 3' v3; 10x 5' transcription profiling,cell; nucleus,bronchus; lower lobe of left lung; lung; trachea; upper lobe of left lung,normal,https://datasets.cellxgene.cziscience.com/75c9f3f8-9506-4b3e-98e1-2f38b1aecb32.h5ad,441055069,10.1038/s41588-022-01243-4,,0.0,False,0,0,0,0,0,0,False,False,True,False,True
093d3bfe-6f0f-4ac0-a7a1-829f94d0a49f,c1241244-b22d-483d-875b-75699efb9f3c,All cells and nuclei,A spatially resolved atlas of the human lung characterizes a gland-associated immune niche,193108,10,60,29.0,75.0,46.0,7,10x 3' v2; 10x 3' v3; 10x 5' transcription profiling,cell; nucleus,bronchus; lower lobe of left lung; lung; trachea; upper lobe of left lung,normal,https://datasets.cellxgene.cziscience.com/dea9f35e-1be6-4240-919d-7eb2f471cbe9.h5ad,2014564880,10.1038/s41588-022-01243-4,,0.0,False,0,0,0,0,0,0,False,False,False,False,True
595c9010-99ec-462d-b6a1-2b2fe5407871,59c9ecfe-c47d-4a6a-bab0-895cc0c1942b,"A total of 27,092 droplet-based single-nucleus transcriptomes profiled across 11 cell types in the choroid plexus",Dysregulation of brain and choroid plexus cell types in severe COVID-19,27092,14,7,55.0,91.0,36.0,13,10x 3' v3,nucleus,choroid plexus,COVID-19; aspiration pneumonia; influenza; malignant pancreatic neoplasm,https://datasets.cellxgene.cziscience.com/6dd04cc1-f4b6-49c4-b34c-56508ea8af8c.h5ad,326449953,10.1038/s41586-021-03710-0,retina,1.0,True,1,0,0,0,0,0,False,False,False,False,False
2f05ab20-a092-4bab-9276-3e0eb24e3fee,59c9ecfe-c47d-4a6a-bab0-895cc0c1942b,"A total of 38,217 droplet-based single-nucleus transcriptomes profiled across 14 cell types in the frontal cortex",Dysregulation of brain and choroid plexus cell types in severe COVID-19,38217,16,13,55.0,90.0,35.0,14,10x 3' v3,nucleus,medial orbital frontal cortex,COVID-19; breast cancer; cardiomyopathy; chronic obstructive pulmonary disease; heart disorder; influenza; myocardial infarction; small cell lung carcinoma; tongue cancer,https://datasets.cellxgene.cziscience.com/c4ee3adc-893f-449a-988c-b3b4d51ceba9.h5ad,618002511,10.1038/s41586-021-03710-0,,0.0,False,0,0,0,0,0,0,False,False,False,False,False
cda48edf-331d-4ada-96ea-104ccb3147dd,fe0e718d-2ee9-42cc-894b-0b490f437dfd,A Single-Cell Atlas of Human White Adipose Tissue - Human vascular cells,A single-cell atlas of human and mouse white adipose tissue,22734,19,4,24.0,73.0,49.0,14,10x 3' v3; Drop-seq,cell; nucleus,omental fat pad; subcutaneous adipose tissue,normal,https://datasets.cellxgene.cziscience.com/07eb26c9-5c25-4acc-8fd9-3f84556ac514.h5ad,161209956,10.1038/s41586-022-04518-2,,0.0,False,0,0,0,0,0,0,False,False,False,False,True
ca46ffe6-0a26-4d8d-82fa-81722daf1102,fe0e718d-2ee9-42cc-894b-0b490f437dfd,A Single-Cell Atlas of Human White Adipose Tissue,A single-cell atlas of human and mouse white adipose tissue,166149,22,16,24.0,73.0,49.0,15,10x 3' v3; Drop-seq,cell; nucleus,omental fat pad; subcutaneous adipose tissue,normal,https://datasets.cellxgene.cziscience.com/dba721a5-b215-450a-bda5-0ad3ff5f9665.h5ad,1324873289,10.1038/s41586-022-04518-2,,0.0,False,0,0,0,0,0,0,False,False,False,False,True
b410249d-3a76-49b2-9f6f-7dede0481af6,fe0e718d-2ee9-42cc-894b-0b490f437dfd,A Single-Cell Atlas of Human White Adipose Tissue - Human mesothelium,A single-cell atlas of human and mouse white adipose tissue,30482,10,1,24.0,73.0,49.0,8,10x 3' v3,nucleus,omental fat pad,normal,https://datasets.cellxgene.cziscience.com/c8fa056d-e29b-4a2c-a7d7-3b4abf72599a.h5ad,263868596,10.1038/s41586-022-04518-2,,0.0,False,0,0,0,0,0,0,False,False,False,False,True
b3be4624-0723-4f1d-846c-d31025da3718,fe0e718d-2ee9-42cc-894b-0b490f437dfd,A Single-Cell Atlas of Human White Adipose Tissue - Human ASPCs,A single-cell atlas of human and mouse white adipose tissue,52482,22,1,24.0,73.0,49.0,15,10x 3' v3; Drop-seq,cell; nucleus,omental fat pad; subcutaneous adipose tissue,normal,https://datasets.cellxgene.cziscience.com/4725e5fc-fe4f-4619-93ff-cc74f27dcb5b.h5ad,356850280,10.1038/s41586-022-04518-2,,0.0,False,0,0,0,0,0,0,False,False,False,False,True
3a1df9df-425e-451f-9d69-1ba7985296d9,fe0e718d-2ee9-42cc-894b-0b490f437dfd,A Single-Cell Atlas of Human White Adipose Tissue - Human adipocytes,A single-cell atlas of human and mouse white adipose tissue,25871,13,1,24.0,73.0,49.0,11,10x 3' v3,nucleus,omental fat pad; subcutaneous adipose tissue,normal,https://datasets.cellxgene.cziscience.com/749e5658-71af-44bc-8950-1059c2db2c4f.h5ad,316906277,10.1038/s41586-022-04518-2,,0.0,False,0,0,0,0,0,0,False,False,False,False,True
2a156c92-c62f-4a51-b340-9df09caa589c,fe0e718d-2ee9-42cc-894b-0b490f437dfd,A Single-Cell Atlas of Human White Adipose Tissue - Human immune cells,A single-cell atlas of human and mouse white adipose tissue,34268,21,8,24.0,73.0,49.0,15,10x 3' v3; Drop-seq,cell; nucleus,omental fat pad; subcutaneous adipose tissue,normal,https://datasets.cellxgene.cziscience.com/d34cb071-d048-4e5a-b8e9-4417d89474ab.h5ad,245858919,10.1038/s41586-022-04518-2,,0.0,False,0,0,0,0,0,0,False,False,True,False,True
e6361237-ac4e-4c5d-ad8f-f16aca0c0a8f,aee9c366-f2fb-470b-8937-577d5d87d3fc,Occipital cortex samples from C9-FTD and age matched control brains,"Cortical brain samples from C9-ALS, C9-ALS/FTD, C9-FTD patients and age matched controls",66719,14,6,58.0,96.0,38.0,14,10x 3' v3,nucleus,occipital cortex,frontotemporal dementia; normal,https://datasets.cellxgene.cziscience.com/4a329bbe-e4e6-4816-a902-116458bc91f5.h5ad,1205069960,10.1007/s00401-023-02599-5,brain,1.0,True,0,1,0,0,0,0,False,False,False,False,True
98f5d518-1e60-4307-b732-ab045cd3cbc2,aee9c366-f2fb-470b-8937-577d5d87d3fc,"Frontal cortex samples from C9-ALS, C9-ALS/FTD and age matched control brains","Cortical brain samples from C9-ALS, C9-ALS/FTD, C9-FTD patients and age matched controls",160658,21,6,43.0,73.0,30.0,15,10x 3' v3,nucleus,frontal cortex,amyotrophic lateral sclerosis; amyotrophic lateral sclerosis 26 with or without frontotemporal dementia; normal,https://datasets.cellxgene.cziscience.com/88cd274b-39d9-4fd5-8bbd-2f1af9fe3a52.h5ad,3817766275,10.1007/s00401-023-02599-5,,0.0,False,0,0,0,0,0,0,False,False,False,False,True
3b8b5de4-3aa1-4ac6-8890-8d03c8219981,aee9c366-f2fb-470b-8937-577d5d87d3fc,Frontal cortex samples from C9-FTD and age matched control brains,"Cortical brain samples from C9-ALS, C9-ALS/FTD, C9-FTD patients and age matched controls",113106,16,6,58.0,96.0,38.0,16,10x 3' v3,nucleus,frontal cortex,frontotemporal dementia; normal,https://datasets.cellxgene.cziscience.com/f98346a1-e7bd-4430-96d1-b4c4dfd57d36.h5ad,1981628431,10.1007/s00401-023-02599-5,,0.0,False,0,0,0,0,0,0,False,False,False,False,True
0bc7235a-ae5a-479d-a487-510435377e55,aee9c366-f2fb-470b-8937-577d5d87d3fc,"Occipital cortex samples from C9-ALS, C9-ALS/FTD and age matched control brains","Cortical brain samples from C9-ALS, C9-ALS/FTD, C9-FTD patients and age matched controls",120807,21,6,43.0,73.0,30.0,15,10x 3' v3,nucleus,occipital cortex,amyotrophic lateral sclerosis; amyotrophic lateral sclerosis 26 with or without frontotemporal dementia; normal,https://datasets.cellxgene.cziscience.com/781770d4-f1de-4ae4-82a4-eeb38094fb73.h5ad,2474797062,10.1007/s00401-023-02599-5,brain,1.0,True,0,1,0,0,0,0,False,False,False,False,True
ecce9688-66ea-4600-98f7-84aed7421c01,cae8bad0-39e9-4771-85a7-822b0e06de9f,Subpallial germinal zones and the developing human entorhinal cortex,Protracted Neuronal Recruitment in the Temporal Lobe of Young Children,124917,12,10,0.0833333333333333,79.0,78.91666666666667,9,10x 3' v3,nucleus,entorhinal cortex; ganglionic eminence,normal,https://datasets.cellxgene.cziscience.com/690cd774-112b-489d-af6c-8fd8aa2de80b.h5ad,2346936500,10.1038/s41586-023-06981-x,brain,0.5,True,0,1,0,0,0,0,False,False,False,False,True
72822932-10f6-466f-baf3-a2c1d89364bc,cae8bad0-39e9-4771-85a7-822b0e06de9f,Interneuron maturation in the human entorhinal cortex,Protracted Neuronal Recruitment in the Temporal Lobe of Young Children,20470,12,9,0.0833333333333333,79.0,78.91666666666667,9,10x 3' v3,nucleus,entorhinal cortex; ganglionic eminence,normal,https://datasets.cellxgene.cziscience.com/08996e18-e97e-4da6-bb27-af5eb4456e85.h5ad,374376361,10.1038/s41586-023-06981-x,brain,0.5,True,0,1,0,0,0,0,False,False,False,False,True
24584be9-d3d5-49c3-a042-99c18fe324db,cae8bad0-39e9-4771-85a7-822b0e06de9f,EC Stream Region at 14 days of age,Protracted Neuronal Recruitment in the Temporal Lobe of Young Children,7618,1,10,,,,0,10x 3' v3,nucleus,entorhinal cortex,normal,https://datasets.cellxgene.cziscience.com/55a75aef-bc7a-4ed0-b9de-80e3139caa49.h5ad,128642520,10.1038/s41586-023-06981-x,brain,1.0,True,0,1,0,0,0,0,False,False,False,False,True
3c361813-5d5e-4868-bfe5-e7591e7b5381,e1fa9900-3fc9-4b57-9dce-c95724c88716,Single-nucleus transcriptome data from the dlPFC: Human,Molecular and cellular evolution of the primate dorsolateral prefrontal cortex,172120,4,25,19.0,64.0,45.0,4,10x 3' v3,nucleus,dorsolateral prefrontal cortex,normal,https://datasets.cellxgene.cziscience.com/992791d9-4ba2-4ca6-94ef-1013f73e4696.h5ad,2342135032,10.1126/science.abo7257,brain,1.0,True,0,1,0,0,0,0,False,False,False,False,True
2c820d53-cbd7-4e0a-be7a-a0ad1989a98f,4a9fd4d7-d870-4265-89a5-ad51ab811d89,ScaleBio Single Cell RNA Sequencing of Human PBMCs,ScaleBio Single Cell RNA Sequencing of Human PBMCs,685024,1,25,20.0,20.0,0.0,1,ScaleBio single cell RNA sequencing,cell,blood,normal,https://datasets.cellxgene.cziscience.com/d08fed70-6a4f-4e3b-bc16-2b40aab00ba3.h5ad,3305919179,,,0.0,False,0,0,0,0,0,0,False,False,False,False,True
6e00ccf7-0749-46ef-a999-dba785630d52,28e9d721-6816-48a2-8d0b-43bf0b0c0ebc,Single cell transcriptomic profiling identifies molecular phenotypes of newborn human lung cells,Single cell transcriptomic profiling identifies molecular phenotypes of newborn human lung cells,5499,2,11,,,,0,10x 3' v2,cell,lung,anencephaly,https://datasets.cellxgene.cziscience.com/abc9f4b8-a573-4aab-990a-fe943c7d83d7.h5ad,47469712,10.3390/genes15030298,,0.0,False,0,0,0,0,0,0,False,False,False,False,False
f0f0d7c4-3bec-428e-9539-c99d36548d96,73f82ac8-15cc-4fcd-87f8-5683723fce7f,Human healthy adult skin scRNA-seq data,Developmental cell programs are co-opted in inflammatory skin disease,195739,5,20,,,,0,10x 3' v2,cell,dermis; skin epidermis,normal,https://datasets.cellxgene.cziscience.com/f8b5c4f4-7ece-4314-9f49-fc254bbd5c71.h5ad,1032810712,10.1126/science.aba6500,,0.0,False,0,0,0,0,0,0,False,False,False,False,True
e500acbf-f166-4c46-b290-f93506cf26d3,7dd599c5-d25d-40c0-b1a6-8789791ca808,Figure 3,The cellular landscape of breast cancer associated malignant pleural effusions,37428,5,2,,,,0,10x 3' v2; 10x 3' v3,cell,pleural effusion,luminal B breast carcinoma; triple-negative breast carcinoma,https://datasets.cellxgene.cziscience.com/99a43cf0-5b29-4190-a281-a961a1a81ca7.h5ad,422936228,10.1002/ctm2.1356,,0.0,False,0,0,0,0,0,0,False,True,False,False,False
5d3fc988-765d-48ba-bfb5-151ef2988cac,7dd599c5-d25d-40c0-b1a6-8789791ca808,Figure 1,The cellular landscape of breast cancer associated malignant pleural effusions,49109,7,9,,,,0,10x 3' v3,cell,pleural effusion,luminal A breast carcinoma; luminal B breast carcinoma; triple-negative breast carcinoma,https://datasets.cellxgene.cziscience.com/6ff7acae-ac81-45f5-9348-94e85a25fe7c.h5ad,456407486,10.1002/ctm2.1356,,0.0,False,0,0,0,0,0,0,False,True,False,False,False
3e4e2c8e-cd17-4ece-9141-1e7f4ce8da1f,7dd599c5-d25d-40c0-b1a6-8789791ca808,Figure 2,The cellular landscape of breast cancer associated malignant pleural effusions,22414,7,7,,,,0,10x 3' v3,cell,pleural effusion,luminal A breast carcinoma; luminal B breast carcinoma; triple-negative breast carcinoma,https://datasets.cellxgene.cziscience.com/18cd9582-de51-4924-afbc-75040c910066.h5ad,116387075,10.1002/ctm2.1356,,0.0,False,0,0,0,0,0,0,False,True,False,False,False
be41a86a-b606-4b1c-8055-32f334898775,4c6eaf5c-6d57-4c76-b1e9-60df8c655f1e,scRNA-seq of human retina - all cells,Single cell atlas of the human retina,265767,20,18,42.0,89.0,47.0,15,10x 3' v2; 10x 3' v3,cell,chorioretinal region; fovea centralis; macula lutea proper; peripheral region of retina; retinal neural layer,normal,https://datasets.cellxgene.cziscience.com/9847a0f8-18a0-411c-bff9-827a607e7fcf.h5ad,2539032977,10.1038/s41588-025-02454-1,retina,1.0,True,5,0,0,0,0,0,False,False,False,False,True
459dc9de-9ab8-4e4d-ac44-182595b1c18b,4c6eaf5c-6d57-4c76-b1e9-60df8c655f1e,scRNA-seq of human retina - bipolar cell subclass,Single cell atlas of the human retina,72788,20,13,42.0,89.0,47.0,15,10x 3' v2; 10x 3' v3,cell,chorioretinal region; fovea centralis; macula lutea proper; peripheral region of retina; retinal neural layer,normal,https://datasets.cellxgene.cziscience.com/a11a14b3-13ea-4c22-a961-45a377091fea.h5ad,631438805,10.1038/s41588-025-02454-1,retina,1.0,True,5,0,0,0,0,0,False,False,True,False,True
bc260987-8ee5-4b6e-8773-72805166b3f7,ecb739c5-fe0d-4b48-81c6-217c4d64eec4,"T cells -- CV19 infection, vaccination and HC",COVID-19 mRNA vaccine elicits a potent adaptive immune response in the absence of persistent inflammation observed in SARS-CoV-2 infection,95211,14,8,,,,0,10x 5' v1; 10x 5' v2,cell,blood,COVID-19; normal,https://datasets.cellxgene.cziscience.com/f033bbae-a7d8-43a7-9b1b-14a4c47a824c.h5ad,485859739,10.1016/j.isci.2023.108572,,0.0,False,0,0,0,0,0,0,False,False,True,False,True
693ae928-96ba-47de-b9d9-1321c675bfcd,ecb739c5-fe0d-4b48-81c6-217c4d64eec4,"innate T cells -- CV19 infection, vaccination and HC",COVID-19 mRNA vaccine elicits a potent adaptive immune response in the absence of persistent inflammation observed in SARS-CoV-2 infection,32444,14,4,,,,0,10x 5' v1; 10x 5' v2,cell,blood,COVID-19; normal,https://datasets.cellxgene.cziscience.com/f26409bb-d367-4e90-bb5e-493334a1bc59.h5ad,182646071,10.1016/j.isci.2023.108572,,0.0,False,0,0,0,0,0,0,False,False,True,False,True
242c6e7f-9016-4048-af70-d631f5eea188,ecb739c5-fe0d-4b48-81c6-217c4d64eec4,"Circulating Immune cells -- CV19 infection, vaccination and HC",COVID-19 mRNA vaccine elicits a potent adaptive immune response in the absence of persistent inflammation observed in SARS-CoV-2 infection,189902,14,10,,,,0,10x 5' v1; 10x 5' v2,cell,blood,COVID-19; normal,https://datasets.cellxgene.cziscience.com/25a21458-fa51-4fd0-8b2f-b044c557c053.h5ad,1040850171,10.1016/j.isci.2023.108572,,0.0,False,0,0,0,0,0,0,False,False,True,False,True
1a7e99fe-d5b6-44d7-aa50-c6ef6ab29761,ecb739c5-fe0d-4b48-81c6-217c4d64eec4,"B cells -- CV19 infection, vaccination and HC",COVID-19 mRNA vaccine elicits a potent adaptive immune response in the absence of persistent inflammation observed in SARS-CoV-2 infection,20407,14,4,,,,0,10x 5' v1; 10x 5' v2,cell,blood,COVID-19; normal,https://datasets.cellxgene.cziscience.com/b2efd134-d5dd-4e02-9335-eddd35d563fa.h5ad,110636055,10.1016/j.isci.2023.108572,,0.0,False,0,0,0,0,0,0,False,False,False,False,True
1a434263-2aa5-4fd9-a1f3-1c4a2a8fb771,ecb739c5-fe0d-4b48-81c6-217c4d64eec4,"M cells -- CV19 infection, vaccination and HC",COVID-19 mRNA vaccine elicits a potent adaptive immune response in the absence of persistent inflammation observed in SARS-CoV-2 infection,39766,14,6,,,,0,10x 5' v1; 10x 5' v2,cell,blood,COVID-19; normal,https://datasets.cellxgene.cziscience.com/efe850f7-217a-4375-bf55-1820eccfe46c.h5ad,244798587,10.1016/j.isci.2023.108572,,0.0,False,0,0,0,0,0,0,False,False,False,False,True
bab7432a-5cfe-45ea-928c-422d03c45cdd,72d37bc9-76cc-442d-9131-da0e273862db,snRNA-seq data for human cerebella from 9-12 developmental stages,Cellular development and evolution of the mammalian cerebellum,180956,27,25,0.5,52.0,51.5,8,10x 3' v2; 10x 3' v3,nucleus,cerebellar cortex; cerebellum; cerebellum vermis lobule; dentate nucleus; hemisphere part of cerebellar posterior lobe,acute myocardial infarction; congenital heart disease; heart failure; normal,https://datasets.cellxgene.cziscience.com/30626c44-7a90-40ed-8f54-116bfaebc857.h5ad,840038932,10.1038/s41586-023-06884-x,brain,0.8,True,0,4,0,0,0,0,False,False,False,False,True
9fddb063-056d-4202-8b8a-4b0ee531d3ce,dea97145-f712-431c-a223-6b5f565f362a,A single-cell and spatially-resolved atlas of human breast cancers,A single-cell and spatially resolved atlas of human breast cancers,100064,26,18,35.0,88.0,53.0,20,10x 3' v2; 10x 3' v3; 10x 5' v1,cell,breast,breast carcinoma; invasive ductal breast carcinoma; invasive lobular breast carcinoma,https://datasets.cellxgene.cziscience.com/22a27631-aecf-463b-86c6-a8334a2f2cf2.h5ad,843892052,10.1038/s41588-021-00911-1,,0.0,False,0,0,0,0,0,0,False,True,False,False,False
933497dc-7592-4532-9056-b9941547b3ac,dea97145-f712-431c-a223-6b5f565f362a,A single-cell and spatially-resolved atlas of human breast cancers - T_cells,A single-cell and spatially resolved atlas of human breast cancers,35214,26,5,35.0,88.0,53.0,20,10x 3' v2; 10x 3' v3; 10x 5' v1,cell,breast,breast carcinoma; invasive ductal breast carcinoma; invasive lobular breast carcinoma,https://datasets.cellxgene.cziscience.com/fff5d349-6bf8-4a6d-8124-486e2c9daf20.h5ad,171558793,10.1038/s41588-021-00911-1,,0.0,False,0,0,0,0,0,0,False,True,False,False,False
7357bdd2-e05b-4e87-acd9-e3a26382648b,dea97145-f712-431c-a223-6b5f565f362a,A single-cell and spatially-resolved atlas of human breast cancers - Cancer_epithelial,A single-cell and spatially resolved atlas of human breast cancers,24489,20,2,41.0,88.0,47.0,17,10x 3' v2; 10x 5' v1,cell,breast,breast carcinoma; invasive ductal breast carcinoma; invasive lobular breast carcinoma,https://datasets.cellxgene.cziscience.com/de3c0ed3-5aab-4fd5-be2d-ecaa1b598a18.h5ad,323311661,10.1038/s41588-021-00911-1,,0.0,False,0,0,0,0,0,0,False,True,False,False,False
4cdd25a4-f4fa-4c13-b8a9-80cf28511d46,dea97145-f712-431c-a223-6b5f565f362a,A single-cell and spatially-resolved atlas of human breast cancers - Stromal,A single-cell and spatially resolved atlas of human breast cancers,19601,26,4,35.0,88.0,53.0,20,10x 3' v2; 10x 3' v3; 10x 5' v1,cell,breast,breast carcinoma; invasive ductal breast carcinoma; invasive lobular breast carcinoma,https://datasets.cellxgene.cziscience.com/0e60d1bf-5366-47ba-a01c-7011dade6b76.h5ad,178446400,10.1038/s41588-021-00911-1,,0.0,False,0,0,0,0,0,0,False,True,False,False,False
11a3244a-6b2f-43ca-95a5-d2cd95c482d2,dea97145-f712-431c-a223-6b5f565f362a,A single-cell and spatially-resolved atlas of human breast cancers - Myeloid,A single-cell and spatially resolved atlas of human breast cancers,9675,26,3,35.0,88.0,53.0,20,10x 3' v2; 10x 3' v3; 10x 5' v1,cell,breast,breast carcinoma; invasive ductal breast carcinoma; invasive lobular breast carcinoma,https://datasets.cellxgene.cziscience.com/27a4cfeb-fc26-4b46-8320-d84e17d1004b.h5ad,98371843,10.1038/s41588-021-00911-1,,0.0,False,0,0,0,0,0,0,False,True,True,False,False
0c86f0de-ddcb-454c-b00b-37feb69e7da1,dea97145-f712-431c-a223-6b5f565f362a,A single-cell and spatially-resolved atlas of human breast cancers - Plasmablasts,A single-cell and spatially resolved atlas of human breast cancers,3524,14,1,42.0,82.0,40.0,11,10x 3' v2; 10x 3' v3; 10x 5' v1,cell,breast,invasive ductal breast carcinoma; invasive lobular breast carcinoma,https://datasets.cellxgene.cziscience.com/0b8e5229-5ab6-4c9d-b01a-3192fd716ca5.h5ad,21396361,10.1038/s41588-021-00911-1,,0.0,False,0,0,0,0,0,0,False,True,False,False,False
04d87de6-c20a-4186-8884-f47dba20b0a4,dea97145-f712-431c-a223-6b5f565f362a,A single-cell and spatially-resolved atlas of human breast cancers - B_cells,A single-cell and spatially resolved atlas of human breast cancers,3206,20,2,35.0,88.0,53.0,18,10x 3' v2; 10x 3' v3; 10x 5' v1,cell,breast,breast carcinoma; invasive ductal breast carcinoma; invasive lobular breast carcinoma,https://datasets.cellxgene.cziscience.com/075b9b95-c24c-4c02-ae8c-ae5381418e87.h5ad,18253777,10.1038/s41588-021-00911-1,,0.0,False,0,0,0,0,0,0,False,True,False,False,False
963a08cb-d995-4862-9614-f9d38a7d7540,5900dda8-2dc3-4770-b604-084eac1c2c82,snRNA-seq of the developing human retina,Single Cell Multiome Atlas of the Human Fetal Retina,226506,14,28,,,,0,10x multiome,nucleus,macula lutea; peripheral region of retina; retina,normal,https://datasets.cellxgene.cziscience.com/883270e9-41e6-4c2c-b352-b15c292d2a34.h5ad,3076605124,10.1038/s41467-024-50853-5,retina,1.0,True,3,0,0,0,0,0,False,False,False,False,True
5a4ba05e-6bd0-4cc1-927d-94b397587f4c,3116d060-0a8e-4767-99bb-e866badea1ed,Visium spatial - OCT,Spatially resolved multiomics of human cardiac niches,93788,11,36,,,,0,Visium Spatial Gene Expression V1,na,apex of heart; atrioventricular node; heart left ventricle; heart right ventricle; interventricular septum; left cardiac atrium; right cardiac atrium; sinoatrial node,normal,https://datasets.cellxgene.cziscience.com/95f8699a-3783-4371-9526-7115186e6875.h5ad,448360978,10.1038/s41586-023-06311-1,heart,0.875,True,0,0,0,7,0,0,False,False,False,False,True
dc30c3ec-46d6-4cd8-8ec1-b544a3d0f503,16c1e722-96ae-4bf6-b408-cd7f8918484f,Oligodendrocytes in MS,Single nuclei RNA- sequencing from the white matter of individuals with progressive MS and non-neurological controls,17799,9,11,35.0,82.0,47.0,8,10x 3' v2,cell,brain; brain white matter,multiple sclerosis; normal,https://datasets.cellxgene.cziscience.com/8bbea7c5-c742-4c27-a597-0f1e1383bb48.h5ad,45332786,10.1038/s41586-019-0903-2,brain,1.0,True,0,2,0,0,0,0,False,False,False,False,True
43aa19d2-c723-4822-979d-d2f0239835e0,91c8e321-566f-4f9d-b89e-3a164be654d5,snmCT-seq of human dorsolateral prefrontal cortex (Brodmann area 46),Neuron type-specific effects of human aging and sex on DNA methylation and transcription,37121,11,15,23.0,74.0,51.0,7,mCT-seq,nucleus,Brodmann (1909) area 46,normal,https://datasets.cellxgene.cziscience.com/26f0d077-1f3a-46f1-b0b9-08fe422b2621.h5ad,1436900225,10.1016/j.neuron.2024.05.013,brain,1.0,True,0,1,0,0,0,0,False,False,False,False,True
d6505c89-c43d-4c28-8c4f-7351a5fd5528,4c6eaf5c-6d57-4c76-b1e9-60df8c655f1e,snRNA-seq of human retina - all cells,Single cell atlas of the human retina,3177310,104,31,3.0,90.0,87.0,50,10x 3' v3,nucleus,fovea centralis; macula lutea; macula lutea proper; peripheral region of retina,normal,https://datasets.cellxgene.cziscience.com/25f1558d-c1f8-49f8-addc-b778d8cbd4aa.h5ad,37673332249,10.1038/s41588-025-02454-1,retina,1.0,True,4,0,0,0,0,0,False,False,False,False,True
975fd2d3-1982-47a1-9ef7-8cde3345f219,4c6eaf5c-6d57-4c76-b1e9-60df8c655f1e,snRNA-seq of human retina - bipolar cell subset,Single cell atlas of the human retina,691008,104,13,3.0,90.0,87.0,50,10x 3' v3,nucleus,fovea centralis; macula lutea; macula lutea proper; peripheral region of retina,normal,https://datasets.cellxgene.cziscience.com/6c9f72ef-bc79-4a98-a323-d26252cf5dab.h5ad,6990850926,10.1038/s41588-025-02454-1,retina,1.0,True,4,0,0,0,0,0,False,False,True,False,True
95ce06a0-7de9-4ab2-bcd1-a6625f55e7e3,4c6eaf5c-6d57-4c76-b1e9-60df8c655f1e,snRNA-seq of human retina - retinal ganglion cell subset,Single cell atlas of the human retina,372816,103,5,3.0,90.0,87.0,50,10x 3' v3,nucleus,fovea centralis; macula lutea; macula lutea proper; peripheral region of retina,normal,https://datasets.cellxgene.cziscience.com/3a22048d-c63a-4117-9945-ccf96c063ac3.h5ad,7337437943,10.1038/s41588-025-02454-1,retina,1.0,True,4,0,0,0,0,0,False,False,True,False,True
8c0a3574-b0ad-4e4f-b5d3-d1a743b00d4a,4c6eaf5c-6d57-4c76-b1e9-60df8c655f1e,snRNA-seq of human retina - amacrine cell subset,Single cell atlas of the human retina,571579,104,4,3.0,90.0,87.0,50,10x 3' v3,nucleus,fovea centralis; macula lutea; macula lutea proper; peripheral region of retina,normal,https://datasets.cellxgene.cziscience.com/7710a02a-55b2-4a81-a3d4-aba6b217386e.h5ad,7758244648,10.1038/s41588-025-02454-1,retina,1.0,True,4,0,0,0,0,0,False,False,True,False,True
2bdd3a2c-2ff4-4314-adf3-8a06b797a33a,4dca242c-d302-4dba-a68f-4c61e7bad553,Human: Great apes study,Comparative transcriptomics reveals human-specific cortical features,156285,7,18,29.0,60.0,31.0,5,10x 3' v3; Smart-seq v4,nucleus,middle temporal gyrus,normal,https://datasets.cellxgene.cziscience.com/224db6b4-2895-4c4e-8503-bb647fae9b29.h5ad,3909304085,10.1126/science.ade9516,,0.0,False,0,0,0,0,0,0,False,False,False,False,True
f5b0810c-1664-4a62-ad06-be1d9964aa8b,d17249d2-0e6e-4500-abb8-e6c93fa1ac6f,Dissection: Angular gyrus (AnG),Transcriptomic cytoarchitecture reveals principles of human neocortex organization,110752,3,18,29.0,42.0,13.0,2,10x 3' v3,nucleus,angular gyrus,normal,https://datasets.cellxgene.cziscience.com/5ab6ad70-4eb9-48b5-bbfc-e2f26600dc62.h5ad,2689788561,10.1126/science.adf6812,,0.0,False,0,0,0,0,0,0,False,False,False,False,True
e4ddac12-f48f-4455-8e8d-c2a48a683437,d17249d2-0e6e-4500-abb8-e6c93fa1ac6f,Supercluster: CGE-derived interneurons,Transcriptomic cytoarchitecture reveals principles of human neocortex organization,129495,6,4,29.0,60.0,31.0,5,10x 3' v3,nucleus,angular gyrus; anterior cingulate cortex; dorsolateral prefrontal cortex; middle temporal gyrus; primary auditory cortex; primary motor cortex; primary somatosensory cortex; primary visual cortex,normal,https://datasets.cellxgene.cziscience.com/ba88ab2b-385f-45f0-aad2-29a8537567ca.h5ad,2653057689,10.1126/science.adf6812,brain,0.125,True,0,1,0,0,0,0,False,False,False,False,True
e2808a6e-e2ea-41b9-b38c-4a08f1677f02,d17249d2-0e6e-4500-abb8-e6c93fa1ac6f,Dissection: Primary auditory cortex(A1),Transcriptomic cytoarchitecture reveals principles of human neocortex organization,139054,5,18,29.0,60.0,31.0,5,10x 3' v3,nucleus,primary auditory cortex,normal,https://datasets.cellxgene.cziscience.com/b2b54140-7587-471b-b7eb-54b6e1cc6b6d.h5ad,3322995778,10.1126/science.adf6812,,0.0,False,0,0,0,0,0,0,False,False,False,False,True
d01c9dff-abd1-4825-bf30-2eb2ba74597e,d17249d2-0e6e-4500-abb8-e6c93fa1ac6f,Supercluster: Deep layer (non-IT) excitatory neurons,Transcriptomic cytoarchitecture reveals principles of human neocortex organization,92969,6,4,29.0,60.0,31.0,5,10x 3' v3,nucleus,angular gyrus; anterior cingulate cortex; dorsolateral prefrontal cortex; middle temporal gyrus; primary auditory cortex; primary motor cortex; primary somatosensory cortex; primary visual cortex,normal,https://datasets.cellxgene.cziscience.com/7d67c77b-b1d2-4785-b009-027a34d6125c.h5ad,2610435318,10.1126/science.adf6812,brain,0.125,True,0,1,0,0,0,0,False,False,False,False,True
c3aa4f95-7a18-4a7d-8dd8-ca324d714363,d17249d2-0e6e-4500-abb8-e6c93fa1ac6f,Supercluster: IT-projecting excitatory neurons,Transcriptomic cytoarchitecture reveals principles of human neocortex organization,638941,6,1,29.0,60.0,31.0,5,10x 3' v3,nucleus,angular gyrus; anterior cingulate cortex; dorsolateral prefrontal cortex; middle temporal gyrus; primary auditory cortex; primary motor cortex; primary somatosensory cortex; primary visual cortex,normal,https://datasets.cellxgene.cziscience.com/3bb9be9d-a09c-47e8-a9a4-f05188d32553.h5ad,17037362745,10.1126/science.adf6812,brain,0.125,True,0,1,0,0,0,0,False,False,False,False,True
be401db3-d732-408a-b0c4-71af0458b8ab,d17249d2-0e6e-4500-abb8-e6c93fa1ac6f,Dissection: Anterior cingulate cortex (ACC),Transcriptomic cytoarchitecture reveals principles of human neocortex organization,135462,5,18,29.0,60.0,31.0,5,10x 3' v3,nucleus,anterior cingulate cortex,normal,https://datasets.cellxgene.cziscience.com/34e09ab7-5a3f-4865-abe7-114949fe354e.h5ad,3352860445,10.1126/science.adf6812,,0.0,False,0,0,0,0,0,0,False,False,False,False,True
a5d5c529-8a1f-40b5-bda3-35208970070d,d17249d2-0e6e-4500-abb8-e6c93fa1ac6f,Human Multiple Cortical Areas SMART-seq,Transcriptomic cytoarchitecture reveals principles of human neocortex organization,49417,3,19,43.0,54.0,11.0,3,Smart-seq v4,nucleus,anterior cingulate gyrus; middle temporal gyrus; primary auditory cortex; primary motor cortex; primary somatosensory cortex; primary visual cortex,normal,https://datasets.cellxgene.cziscience.com/905763d1-e6fc-46d1-be5f-b1b232d14ce2.h5ad,2701925355,10.1126/science.adf6812,,0.0,False,0,0,0,0,0,0,False,False,False,False,True
9c63201d-bfd9-41a8-bbbc-18d947556f3d,d17249d2-0e6e-4500-abb8-e6c93fa1ac6f,Supercluster: MGE-derived interneurons,Transcriptomic cytoarchitecture reveals principles of human neocortex organization,185477,6,3,29.0,60.0,31.0,5,10x 3' v3,nucleus,angular gyrus; anterior cingulate cortex; dorsolateral prefrontal cortex; middle temporal gyrus; primary auditory cortex; primary motor cortex; primary somatosensory cortex; primary visual cortex,normal,https://datasets.cellxgene.cziscience.com/0b8a9eb3-3e5f-43ea-86aa-baa5cc80c482.h5ad,3938515200,10.1126/science.adf6812,brain,0.125,True,0,1,0,0,0,0,False,False,False,False,True
93cb76aa-a84b-4a92-8e6c-66a914e26d4c,d17249d2-0e6e-4500-abb8-e6c93fa1ac6f,Dissection: Primary somatosensory cortex (S1),Transcriptomic cytoarchitecture reveals principles of human neocortex organization,153159,5,18,29.0,60.0,31.0,5,10x 3' v3,nucleus,primary somatosensory cortex,normal,https://datasets.cellxgene.cziscience.com/1a4e172f-2f6a-46d5-b16b-2a3815eb15eb.h5ad,3724543717,10.1126/science.adf6812,,0.0,False,0,0,0,0,0,0,False,False,False,False,True
8d1dd010-5cbc-43fb-83f8-e0de8e8517da,d17249d2-0e6e-4500-abb8-e6c93fa1ac6f,Dissection: Primary visual cortex(V1),Transcriptomic cytoarchitecture reveals principles of human neocortex organization,241077,5,18,29.0,60.0,31.0,5,10x 3' v3,nucleus,primary visual cortex,normal,https://datasets.cellxgene.cziscience.com/d7e40fdb-e3dd-45be-837f-0634afa7a7d6.h5ad,5282742301,10.1126/science.adf6812,,0.0,False,0,0,0,0,0,0,False,False,False,False,True
716a4acc-919e-4326-9672-ebe06ede84e6,d17249d2-0e6e-4500-abb8-e6c93fa1ac6f,Dissection: Dorsolateral prefrontal cortex (DFC),Transcriptomic cytoarchitecture reveals principles of human neocortex organization,113339,5,18,29.0,60.0,31.0,5,10x 3' v3,nucleus,dorsolateral prefrontal cortex,normal,https://datasets.cellxgene.cziscience.com/7d0d1288-7aad-4225-bce4-74a551078803.h5ad,2699903852,10.1126/science.adf6812,brain,1.0,True,0,1,0,0,0,0,False,False,False,False,True
5bdc423a-59e6-457d-aa01-debd2c9c564f,d17249d2-0e6e-4500-abb8-e6c93fa1ac6f,Dissection: Primary motor cortex (M1),Transcriptomic cytoarchitecture reveals principles of human neocortex organization,114605,4,18,29.0,60.0,31.0,4,10x 3' v3,nucleus,primary motor cortex,normal,https://datasets.cellxgene.cziscience.com/cd53eef3-1db2-4d0f-adf7-89946ea5cd7d.h5ad,2634534633,10.1126/science.adf6812,,0.0,False,0,0,0,0,0,0,False,False,False,False,True
5346f9c6-755e-4336-94cc-38706ec00c2f,d17249d2-0e6e-4500-abb8-e6c93fa1ac6f,Supercluster: Non-neuronal cells,Transcriptomic cytoarchitecture reveals principles of human neocortex organization,108940,6,6,29.0,60.0,31.0,5,10x 3' v3,nucleus,angular gyrus; anterior cingulate cortex; dorsolateral prefrontal cortex; middle temporal gyrus; primary auditory cortex; primary motor cortex; primary somatosensory cortex; primary visual cortex,normal,https://datasets.cellxgene.cziscience.com/8b7fdf9f-1fa3-4808-8fcc-a5a5122069ec.h5ad,972463430,10.1126/science.adf6812,brain,0.125,True,0,1,0,0,0,0,False,False,False,False,True
015c230d-650c-4527-870d-8a805849a382,d17249d2-0e6e-4500-abb8-e6c93fa1ac6f,Dissection: Middle temporal gyrus (MTG),Transcriptomic cytoarchitecture reveals principles of human neocortex organization,148374,5,18,29.0,60.0,31.0,5,10x 3' v3,nucleus,middle temporal gyrus,normal,https://datasets.cellxgene.cziscience.com/fa3ff40e-f944-4fc4-bfb3-ab35f61da939.h5ad,3484909231,10.1126/science.adf6812,,0.0,False,0,0,0,0,0,0,False,False,False,False,True
fe5b3268-ddd8-415a-9432-f1f95bfdb500,3116d060-0a8e-4767-99bb-e866badea1ed,Visium spatial - HCAHeartST13233999 (OCT),Spatially resolved multiomics of human cardiac niches,4992,1,27,,,,0,Visium Spatial Gene Expression V1,na,sinoatrial node,normal,https://datasets.cellxgene.cziscience.com/4e24de66-4ce1-4be4-9261-687aa0cefe24.h5ad,225940060,10.1038/s41586-023-06311-1,heart,1.0,True,0,0,0,1,0,0,False,False,False,False,True
fc93b28c-5789-41ce-8441-ff0da3cc46cf,3116d060-0a8e-4767-99bb-e866badea1ed,Visium spatial - LV,Spatially resolved multiomics of human cardiac niches,9626,3,18,,,,0,Visium Spatial Gene Expression V1,na,heart left ventricle,normal,https://datasets.cellxgene.cziscience.com/d2d53b4a-15ee-465e-8fc3-f3bae6a6c598.h5ad,64731731,10.1038/s41586-023-06311-1,heart,1.0,True,0,0,0,1,0,0,False,False,False,False,True
f92a761d-b7b8-490a-aea2-bd7a1bb9714d,3116d060-0a8e-4767-99bb-e866badea1ed,Visium spatial - HCAHeartST8795935 (OCT),Spatially resolved multiomics of human cardiac niches,4992,1,11,,,,0,Visium Spatial Gene Expression V1,na,left cardiac atrium,normal,https://datasets.cellxgene.cziscience.com/60d1ec7d-4337-4d37-87fe-3947ca78bc46.h5ad,271487954,10.1038/s41586-023-06311-1,heart,1.0,True,0,0,0,1,0,0,False,False,False,False,True
f29ca8ac-f8c9-469c-a039-3494545d711a,3116d060-0a8e-4767-99bb-e866badea1ed,Visium spatial - AVN,Spatially resolved multiomics of human cardiac niches,24026,4,29,,,,0,Visium Spatial Gene Expression V1,na,atrioventricular node,normal,https://datasets.cellxgene.cziscience.com/5c99d4fd-e6c4-47db-8134-ae578f57f246.h5ad,193689658,10.1038/s41586-023-06311-1,,0.0,False,0,0,0,0,0,0,False,False,False,False,True
e0f37114-5e98-406e-bbeb-594603360606,3116d060-0a8e-4767-99bb-e866badea1ed,Visium spatial - HCAHeartST11702008 (FFPE),Spatially resolved multiomics of human cardiac niches,4992,1,26,,,,0,Visium Spatial Gene Expression V1,na,sinoatrial node,normal,https://datasets.cellxgene.cziscience.com/466fdbe8-c863-4790-9c99-42f7cf1e9ddf.h5ad,620673894,10.1038/s41586-023-06311-1,heart,1.0,True,0,0,0,1,0,0,False,False,False,False,True
e0245fc6-ccf3-4329-ab10-136b7f366b49,3116d060-0a8e-4767-99bb-e866badea1ed,Visium spatial - HCAHeartST10550732 (OCT),Spatially resolved multiomics of human cardiac niches,4992,1,20,,,,0,Visium Spatial Gene Expression V1,na,interventricular septum,normal,https://datasets.cellxgene.cziscience.com/411b2207-56b7-473b-989d-5d71ecce7f33.h5ad,501429363,10.1038/s41586-023-06311-1,heart,1.0,True,0,0,0,1,0,0,False,False,False,False,True
d9ecdf7b-e5f9-459e-a7da-e918748cfdfe,3116d060-0a8e-4767-99bb-e866badea1ed,Visium spatial - FFPE-SAN,Spatially resolved multiomics of human cardiac niches,11312,1,31,,,,0,Visium Spatial Gene Expression V1,na,sinoatrial node,normal,https://datasets.cellxgene.cziscience.com/0cd6e6bb-d3ea-469e-9fa6-3eaa68f18ba0.h5ad,179076521,10.1038/s41586-023-06311-1,heart,1.0,True,0,0,0,1,0,0,False,False,False,False,True
d567b692-c374-4628-a508-8008f6778f22,3116d060-0a8e-4767-99bb-e866badea1ed,Combined single cell and single nuclei RNA-Seq data - Heart Global,Spatially resolved multiomics of human cardiac niches,704296,22,12,,,,0,10x 3' v2; 10x 3' v3; 10x multiome,cell; nucleus,apex of heart; atrioventricular node; heart left ventricle; heart right ventricle; interventricular septum; left cardiac atrium; right cardiac atrium; sinoatrial node,normal,https://datasets.cellxgene.cziscience.com/1e1e07c3-bfcb-4a0d-91de-c2614a891409.h5ad,4974173093,10.1038/s41586-023-06311-1,heart,0.875,True,0,0,0,7,0,0,False,False,False,False,True
c70e9ea9-61d0-41b1-90f6-6fd3f25e91ab,3116d060-0a8e-4767-99bb-e866badea1ed,Visium spatial - HCAHeartST8795938 (OCT),Spatially resolved multiomics of human cardiac niches,4992,1,7,,,,0,Visium Spatial Gene Expression V1,na,interventricular septum,normal,https://datasets.cellxgene.cziscience.com/291c1277-f558-4e3f-86f3-1f94120b15cd.h5ad,297878984,10.1038/s41586-023-06311-1,heart,1.0,True,0,0,0,1,0,0,False,False,False,False,True
c6c3206c-5228-4389-bc95-1d6120beb738,3116d060-0a8e-4767-99bb-e866badea1ed,Visium spatial - HCAHeartST9383353 (OCT),Spatially resolved multiomics of human cardiac niches,4992,1,12,,,,0,Visium Spatial Gene Expression V1,na,right cardiac atrium,normal,https://datasets.cellxgene.cziscience.com/0c6329a4-5bd5-4ad6-843b-142d26e1d9db.h5ad,191236117,10.1038/s41586-023-06311-1,heart,1.0,True,0,0,0,1,0,0,False,False,False,False,True
c5cddbbb-8ba4-4338-8b34-15edb5231e22,3116d060-0a8e-4767-99bb-e866badea1ed,Visium spatial - HCAHeartST10659160 (OCT),Spatially resolved multiomics of human cardiac niches,4992,1,17,,,,0,Visium Spatial Gene Expression V1,na,sinoatrial node,normal,https://datasets.cellxgene.cziscience.com/b1e661f8-d2ed-476d-846c-0c33a64011d4.h5ad,48846411,10.1038/s41586-023-06311-1,heart,1.0,True,0,0,0,1,0,0,False,False,False,False,True
bec030e1-7dc8-4eef-89a4-ab36e7043768,3116d060-0a8e-4767-99bb-e866badea1ed,Visium spatial - HCAHeartST11290659 (OCT),Spatially resolved multiomics of human cardiac niches,4992,1,13,,,,0,Visium Spatial Gene Expression V1,na,atrioventricular node,normal,https://datasets.cellxgene.cziscience.com/405bfaee-3c75-47c6-88c4-c8790237dde9.h5ad,583165553,10.1038/s41586-023-06311-1,,0.0,False,0,0,0,0,0,0,False,False,False,False,True
b3c55d0d-4529-4b61-b485-2902e6be0e4e,3116d060-0a8e-4767-99bb-e866badea1ed,Visium spatial - HCAHeartST11290657 (OCT),Spatially resolved multiomics of human cardiac niches,4992,1,18,,,,0,Visium Spatial Gene Expression V1,na,atrioventricular node,normal,https://datasets.cellxgene.cziscience.com/27e0e185-cb6b-4fb3-a58f-7c1eb406a679.h5ad,619761910,10.1038/s41586-023-06311-1,,0.0,False,0,0,0,0,0,0,False,False,False,False,True
affa05cf-6f7a-4868-87d9-a33664680139,3116d060-0a8e-4767-99bb-e866badea1ed,Visium spatial - RA,Spatially resolved multiomics of human cardiac niches,7027,4,22,,,,0,Visium Spatial Gene Expression V1,na,right cardiac atrium,normal,https://datasets.cellxgene.cziscience.com/dee78644-1825-41cc-8379-b9f46403f3c2.h5ad,68218170,10.1038/s41586-023-06311-1,heart,1.0,True,0,0,0,1,0,0,False,False,False,False,True
af113aeb-ee5f-4484-8104-dc3190b6e54e,3116d060-0a8e-4767-99bb-e866badea1ed,Visium spatial - HCAHeartST13228103 (OCT),Spatially resolved multiomics of human cardiac niches,4992,1,27,,,,0,Visium Spatial Gene Expression V1,na,atrioventricular node,normal,https://datasets.cellxgene.cziscience.com/f9fad4e1-1010-4fc6-98bf-0a7e2247ca6e.h5ad,338402323,10.1038/s41586-023-06311-1,,0.0,False,0,0,0,0,0,0,False,False,False,False,True
aeb253a3-b194-4500-9f1c-6f503ecc76f0,3116d060-0a8e-4767-99bb-e866badea1ed,Visium spatial - HCAHeartST9341983 (OCT),Spatially resolved multiomics of human cardiac niches,4992,1,9,,,,0,Visium Spatial Gene Expression V1,na,left cardiac atrium,normal,https://datasets.cellxgene.cziscience.com/3c47f8cf-7cd3-4502-b035-ad1aeb4a832e.h5ad,248347532,10.1038/s41586-023-06311-1,heart,1.0,True,0,0,0,1,0,0,False,False,False,False,True
adf0db98-05e8-4834-8ae5-a93e91f56fce,3116d060-0a8e-4767-99bb-e866badea1ed,Visium spatial - LA,Spatially resolved multiomics of human cardiac niches,5822,3,17,,,,0,Visium Spatial Gene Expression V1,na,left cardiac atrium,normal,https://datasets.cellxgene.cziscience.com/32fe2229-ab33-46ec-825d-7672b6ba95da.h5ad,61534378,10.1038/s41586-023-06311-1,heart,1.0,True,0,0,0,1,0,0,False,False,False,False,True
a9c5aecf-3b7d-4329-93b4-bf9dd16c3a3c,3116d060-0a8e-4767-99bb-e866badea1ed,Visium spatial - HCAHeartST12992075 (OCT),Spatially resolved multiomics of human cardiac niches,4992,1,19,,,,0,Visium Spatial Gene Expression V1,na,atrioventricular node,normal,https://datasets.cellxgene.cziscience.com/1e375c42-07b2-4e40-8c81-a0630c92fc25.h5ad,494914913,10.1038/s41586-023-06311-1,,0.0,False,0,0,0,0,0,0,False,False,False,False,True
9dca8e98-e2f1-4e64-b7b0-22953cd8235d,3116d060-0a8e-4767-99bb-e866badea1ed,Visium spatial - HCAHeartST13233998 (OCT),Spatially resolved multiomics of human cardiac niches,4992,1,26,,,,0,Visium Spatial Gene Expression V1,na,sinoatrial node,normal,https://datasets.cellxgene.cziscience.com/0958a01a-bb68-4a74-b40c-49291571d99a.h5ad,360403787,10.1038/s41586-023-06311-1,heart,1.0,True,0,0,0,1,0,0,False,False,False,False,True
9a38ffc5-576c-4283-a79c-fb1c5e03cb96,3116d060-0a8e-4767-99bb-e866badea1ed,Visium spatial - HCAHeartST8795934 (OCT),Spatially resolved multiomics of human cardiac niches,4992,1,14,,,,0,Visium Spatial Gene Expression V1,na,left cardiac atrium,normal,https://datasets.cellxgene.cziscience.com/ac375474-45c8-42fc-adb3-ee134e1a4d21.h5ad,343661300,10.1038/s41586-023-06311-1,heart,1.0,True,0,0,0,1,0,0,False,False,False,False,True
985d11a7-9687-4d15-9681-90113501c2bc,3116d060-0a8e-4767-99bb-e866badea1ed,Visium spatial - HCAHeartST13233997 (OCT),Spatially resolved multiomics of human cardiac niches,4992,1,26,,,,0,Visium Spatial Gene Expression V1,na,sinoatrial node,normal,https://datasets.cellxgene.cziscience.com/0c9177ab-509e-46e1-95da-c7c1002029a9.h5ad,284015270,10.1038/s41586-023-06311-1,heart,1.0,True,0,0,0,1,0,0,False,False,False,False,True
94071616-999b-4517-a3e6-c0de3574248d,3116d060-0a8e-4767-99bb-e866badea1ed,Visium spatial - HCAHeartST8795936 (OCT),Spatially resolved multiomics of human cardiac niches,4992,1,12,,,,0,Visium Spatial Gene Expression V1,na,apex of heart,normal,https://datasets.cellxgene.cziscience.com/1df529b9-6e15-45a2-9d7c-c5854a87c97d.h5ad,422205660,10.1038/s41586-023-06311-1,heart,1.0,True,0,0,0,1,0,0,False,False,False,False,True
92cf7163-4b7b-460b-9751-afd96193a163,3116d060-0a8e-4767-99bb-e866badea1ed,Visium spatial - AX,Spatially resolved multiomics of human cardiac niches,6497,3,16,,,,0,Visium Spatial Gene Expression V1,na,apex of heart,normal,https://datasets.cellxgene.cziscience.com/bd3b60dc-d3da-4c46-91bc-114033228e2d.h5ad,64626597,10.1038/s41586-023-06311-1,heart,1.0,True,0,0,0,1,0,0,False,False,False,False,True
83ec9e14-87a4-4d41-aa3b-f7c51af70a64,3116d060-0a8e-4767-99bb-e866badea1ed,Visium spatial - RV,Spatially resolved multiomics of human cardiac niches,5039,3,19,,,,0,Visium Spatial Gene Expression V1,na,heart right ventricle,normal,https://datasets.cellxgene.cziscience.com/1b7164d0-9649-402b-a6cb-a1c9a917a898.h5ad,50844807,10.1038/s41586-023-06311-1,heart,1.0,True,0,0,0,1,0,0,False,False,False,False,True
82040363-8a09-4521-81b5-8f6e62c4ace7,3116d060-0a8e-4767-99bb-e866badea1ed,Visium spatial - HCAHeartST11702009 (FFPE),Spatially resolved multiomics of human cardiac niches,4992,1,28,,,,0,Visium Spatial Gene Expression V1,na,sinoatrial node,normal,https://datasets.cellxgene.cziscience.com/258fdf55-7460-47ea-8627-bc38c35b4a16.h5ad,649665722,10.1038/s41586-023-06311-1,heart,1.0,True,0,0,0,1,0,0,False,False,False,False,True
79527108-1f6c-4152-afe0-1fcdf2e02ba3,3116d060-0a8e-4767-99bb-e866badea1ed,Visium spatial - HCAHeartST8795939 (OCT),Spatially resolved multiomics of human cardiac niches,4992,1,10,,,,0,Visium Spatial Gene Expression V1,na,interventricular septum,normal,https://datasets.cellxgene.cziscience.com/ebdc7d12-8817-4976-91da-2b8b703c3d8f.h5ad,333935303,10.1038/s41586-023-06311-1,heart,1.0,True,0,0,0,1,0,0,False,False,False,False,True
6d4b3d09-f1f1-411e-972b-087880a0dcbe,3116d060-0a8e-4767-99bb-e866badea1ed,Visium spatial - HCAHeartST12992072 (OCT),Spatially resolved multiomics of human cardiac niches,4992,1,16,,,,0,Visium Spatial Gene Expression V1,na,sinoatrial node,normal,https://datasets.cellxgene.cziscience.com/053cba50-55ef-4092-9a63-a976385c37a7.h5ad,571053481,10.1038/s41586-023-06311-1,heart,1.0,True,0,0,0,1,0,0,False,False,False,False,True
680029ee-29b3-4e03-bdb3-47d163540ef0,3116d060-0a8e-4767-99bb-e866badea1ed,snRNA-seq data - Heart AVN atrial cardiomyocytes,Spatially resolved multiomics of human cardiac niches,955,4,1,,,,0,10x multiome,nucleus,atrioventricular node,normal,https://datasets.cellxgene.cziscience.com/937bc97a-a6b2-4ee2-ade6-43eb436b0f30.h5ad,19925487,10.1038/s41586-023-06311-1,,0.0,False,0,0,0,0,0,0,False,False,False,False,True
619db5f3-03fa-4153-b293-5a5e2d2bec2e,3116d060-0a8e-4767-99bb-e866badea1ed,Visium spatial - HCAHeartST9383358 (OCT),Spatially resolved multiomics of human cardiac niches,4992,1,6,,,,0,Visium Spatial Gene Expression V1,na,heart left ventricle,normal,https://datasets.cellxgene.cziscience.com/5baf784e-1e18-4827-a1c9-114074dacb2b.h5ad,291282013,10.1038/s41586-023-06311-1,heart,1.0,True,0,0,0,1,0,0,False,False,False,False,True
5e2030eb-c905-4f54-a55f-20d41774ecc7,3116d060-0a8e-4767-99bb-e866badea1ed,Visium spatial - HCAHeartST13228105 (OCT),Spatially resolved multiomics of human cardiac niches,4992,1,21,,,,0,Visium Spatial Gene Expression V1,na,sinoatrial node,normal,https://datasets.cellxgene.cziscience.com/f902b56e-5210-497c-83aa-3c481e32c609.h5ad,303522935,10.1038/s41586-023-06311-1,heart,1.0,True,0,0,0,1,0,0,False,False,False,False,True
5a364b09-f4fd-41f4-bba5-580554ed1d1f,3116d060-0a8e-4767-99bb-e866badea1ed,Visium spatial - HCAHeartST11290658 (OCT),Spatially resolved multiomics of human cardiac niches,4992,1,14,,,,0,Visium Spatial Gene Expression V1,na,atrioventricular node,normal,https://datasets.cellxgene.cziscience.com/dc18ca51-475d-48e7-9cd4-b18ad77a47dd.h5ad,604168284,10.1038/s41586-023-06311-1,,0.0,False,0,0,0,0,0,0,False,False,False,False,True
59841c13-ab79-46ba-94bd-12b01e61e708,3116d060-0a8e-4767-99bb-e866badea1ed,Visium spatial - SP,Spatially resolved multiomics of human cardiac niches,8643,3,22,,,,0,Visium Spatial Gene Expression V1,na,interventricular septum,normal,https://datasets.cellxgene.cziscience.com/6b1ba574-d264-4673-afaa-5591bfb5ec8c.h5ad,92405219,10.1038/s41586-023-06311-1,heart,1.0,True,0,0,0,1,0,0,False,False,False,False,True
55731b4b-44b1-4a39-aaee-503e3ee351f5,3116d060-0a8e-4767-99bb-e866badea1ed,Visium spatial - HCAHeartST11350375 (OCT),Spatially resolved multiomics of human cardiac niches,4992,1,14,,,,0,Visium Spatial Gene Expression V1,na,interventricular septum,normal,https://datasets.cellxgene.cziscience.com/50d2c285-c7a0-4fe4-bb78-814823f2c85a.h5ad,566565763,10.1038/s41586-023-06311-1,heart,1.0,True,0,0,0,1,0,0,False,False,False,False,True
5260e91f-5d80-4e36-820c-394720d144c3,3116d060-0a8e-4767-99bb-e866badea1ed,Visium spatial - HCAHeartST8795940 (OCT),Spatially resolved multiomics of human cardiac niches,4992,1,20,,,,0,Visium Spatial Gene Expression V1,na,heart right ventricle,normal,https://datasets.cellxgene.cziscience.com/aebde0fa-ae23-4c25-8227-070111719d7b.h5ad,247159928,10.1038/s41586-023-06311-1,heart,1.0,True,0,0,0,1,0,0,False,False,False,False,True
4a9f7ec6-5de7-4e8a-acaa-d6d100a5ea58,3116d060-0a8e-4767-99bb-e866badea1ed,Visium spatial - HCAHeartST9383354 (OCT),Spatially resolved multiomics of human cardiac niches,4992,1,10,,,,0,Visium Spatial Gene Expression V1,na,heart left ventricle,normal,https://datasets.cellxgene.cziscience.com/e83f7f9d-4dbe-4454-b57f-3efbd4ea7068.h5ad,333483362,10.1038/s41586-023-06311-1,heart,1.0,True,0,0,0,1,0,0,False,False,False,False,True
47214e12-ee1e-4a89-ba9e-48136cfdeef8,3116d060-0a8e-4767-99bb-e866badea1ed,snRNA-seq data - Heart SAN atrial cardiomyocytes,Spatially resolved multiomics of human cardiac niches,9857,7,1,,,,0,10x multiome,nucleus,sinoatrial node,normal,https://datasets.cellxgene.cziscience.com/c0805c98-e2ea-4a14-907b-91a60bca7dc8.h5ad,140864596,10.1038/s41586-023-06311-1,heart,1.0,True,0,0,0,1,0,0,False,False,False,False,True
452f8dfe-52f1-4990-a73a-7117422a5934,3116d060-0a8e-4767-99bb-e866badea1ed,Visium spatial - HCAHeartST9341984 (OCT),Spatially resolved multiomics of human cardiac niches,4992,1,10,,,,0,Visium Spatial Gene Expression V1,na,apex of heart,normal,https://datasets.cellxgene.cziscience.com/d0147eb9-0d7d-4cb8-9049-0f7e9ad45c1c.h5ad,338805384,10.1038/s41586-023-06311-1,heart,1.0,True,0,0,0,1,0,0,False,False,False,False,True
3add6c93-7e8c-4f7a-8056-3354ae777757,3116d060-0a8e-4767-99bb-e866badea1ed,Visium spatial - HCAHeartST11702010 (FFPE),Spatially resolved multiomics of human cardiac niches,4992,1,30,,,,0,Visium Spatial Gene Expression V1,na,sinoatrial node,normal,https://datasets.cellxgene.cziscience.com/9de9aa3b-fbec-479d-ae0f-2cc81240cc6b.h5ad,639251447,10.1038/s41586-023-06311-1,heart,1.0,True,0,0,0,1,0,0,False,False,False,False,True
339756db-b41f-4abd-b520-125e62e1389f,3116d060-0a8e-4767-99bb-e866badea1ed,Visium spatial - HCAHeartST13233996 (OCT),Spatially resolved multiomics of human cardiac niches,4992,1,28,,,,0,Visium Spatial Gene Expression V1,na,sinoatrial node,normal,https://datasets.cellxgene.cziscience.com/a47c677d-aa97-45e8-a398-70ebe280d3be.h5ad,347340902,10.1038/s41586-023-06311-1,heart,1.0,True,0,0,0,1,0,0,False,False,False,False,True
2d8cb370-c23f-4ac3-bfb7-73c13838d741,3116d060-0a8e-4767-99bb-e866badea1ed,Visium spatial - HCAHeartST11350377 (OCT),Spatially resolved multiomics of human cardiac niches,4992,1,13,,,,0,Visium Spatial Gene Expression V1,na,atrioventricular node,normal,https://datasets.cellxgene.cziscience.com/8c6c6210-225c-4e16-8265-766ea025487d.h5ad,581732553,10.1038/s41586-023-06311-1,,0.0,False,0,0,0,0,0,0,False,False,False,False,True
2ba63296-1a3d-4469-814e-ed9708e6c104,3116d060-0a8e-4767-99bb-e866badea1ed,Visium spatial - HCAHeartST9341982 (OCT),Spatially resolved multiomics of human cardiac niches,4992,1,10,,,,0,Visium Spatial Gene Expression V1,na,heart right ventricle,normal,https://datasets.cellxgene.cziscience.com/b8b7a3e7-6952-42e2-b795-1b30c9111f5b.h5ad,224727373,10.1038/s41586-023-06311-1,heart,1.0,True,0,0,0,1,0,0,False,False,False,False,True
25681e1c-a4f6-4948-aa5f-39d1f239f182,3116d060-0a8e-4767-99bb-e866badea1ed,Visium spatial - SAN,Spatially resolved multiomics of human cardiac niches,27108,4,29,,,,0,Visium Spatial Gene Expression V1,na,sinoatrial node,normal,https://datasets.cellxgene.cziscience.com/6c0c8f36-4b87-4f9f-ad66-67452ee2bcfe.h5ad,291618688,10.1038/s41586-023-06311-1,heart,1.0,True,0,0,0,1,0,0,False,False,False,False,True
2179a9b4-be5e-4e28-b1cd-cd3e07e19271,3116d060-0a8e-4767-99bb-e866badea1ed,Visium spatial - HCAHeartST10238251 (OCT),Spatially resolved multiomics of human cardiac niches,4992,1,11,,,,0,Visium Spatial Gene Expression V1,na,right cardiac atrium,normal,https://datasets.cellxgene.cziscience.com/6c691525-834c-4de7-b00b-ca8af1990996.h5ad,343982531,10.1038/s41586-023-06311-1,heart,1.0,True,0,0,0,1,0,0,False,False,False,False,True
2104fbb8-8ce3-4740-8b6a-bcbb46a13c0f,3116d060-0a8e-4767-99bb-e866badea1ed,Visium spatial - HCAHeartST10238252 (OCT),Spatially resolved multiomics of human cardiac niches,4992,1,16,,,,0,Visium Spatial Gene Expression V1,na,left cardiac atrium,normal,https://datasets.cellxgene.cziscience.com/6259e676-7b44-44e1-89a5-70ee86baf4a5.h5ad,338101706,10.1038/s41586-023-06311-1,heart,1.0,True,0,0,0,1,0,0,False,False,False,False,True
1df5fa02-4a6e-4b00-a203-cb0a60e75637,3116d060-0a8e-4767-99bb-e866badea1ed,Visium spatial - HCAHeartST10550730 (OCT),Spatially resolved multiomics of human cardiac niches,4992,1,10,,,,0,Visium Spatial Gene Expression V1,na,heart right ventricle,normal,https://datasets.cellxgene.cziscience.com/a56df793-e3aa-4971-b171-37962c96f5ef.h5ad,507055841,10.1038/s41586-023-06311-1,heart,1.0,True,0,0,0,1,0,0,False,False,False,False,True
1b0f8473-f847-4e41-be8b-4dc861860650,3116d060-0a8e-4767-99bb-e866badea1ed,Visium spatial - HCAHeartST8795933 (OCT),Spatially resolved multiomics of human cardiac niches,4992,1,17,,,,0,Visium Spatial Gene Expression V1,na,heart left ventricle,normal,https://datasets.cellxgene.cziscience.com/f7f286e9-c062-4f82-bd2a-1ace5e1f2767.h5ad,447587138,10.1038/s41586-023-06311-1,heart,1.0,True,0,0,0,1,0,0,False,False,False,False,True
1863bbe2-9c01-48a3-a58e-e2b77b71d6ca,3116d060-0a8e-4767-99bb-e866badea1ed,Visium spatial - HCAHeartST11290662 (OCT),Spatially resolved multiomics of human cardiac niches,4992,1,17,,,,0,Visium Spatial Gene Expression V1,na,atrioventricular node,normal,https://datasets.cellxgene.cziscience.com/98375197-56dd-4b9d-82d4-3e631cf85a38.h5ad,644793869,10.1038/s41586-023-06311-1,,0.0,False,0,0,0,0,0,0,False,False,False,False,True
1368fad2-916d-4ec0-a367-e750d0ab979e,3116d060-0a8e-4767-99bb-e866badea1ed,Visium spatial - HCAHeartST12992074 (OCT),Spatially resolved multiomics of human cardiac niches,4992,1,19,,,,0,Visium Spatial Gene Expression V1,na,atrioventricular node,normal,https://datasets.cellxgene.cziscience.com/cc56d9bc-4dfe-4859-a866-c8f37fb40a7c.h5ad,539904481,10.1038/s41586-023-06311-1,,0.0,False,0,0,0,0,0,0,False,False,False,False,True
0fe4d909-b1d9-471a-bb5d-ccc0b5a8374e,3116d060-0a8e-4767-99bb-e866badea1ed,Visium spatial - HCAHeartST8795937 (OCT),Spatially resolved multiomics of human cardiac niches,4992,1,19,,,,0,Visium Spatial Gene Expression V1,na,right cardiac atrium,normal,https://datasets.cellxgene.cziscience.com/e7b24cd2-a4c2-4e6a-a7c8-e287003473e9.h5ad,482703717,10.1038/s41586-023-06311-1,heart,1.0,True,0,0,0,1,0,0,False,False,False,False,True
090fede8-fac6-4bea-b6c4-6dedea5cca1c,3116d060-0a8e-4767-99bb-e866badea1ed,Visium spatial - HCAHeartST9383352 (OCT),Spatially resolved multiomics of human cardiac niches,4992,1,12,,,,0,Visium Spatial Gene Expression V1,na,heart left ventricle,normal,https://datasets.cellxgene.cziscience.com/da50b2a2-e930-4d9c-8114-726112faa1b9.h5ad,340611740,10.1038/s41586-023-06311-1,heart,1.0,True,0,0,0,1,0,0,False,False,False,False,True
06379c09-d4cf-4c6f-8299-e0bc8879dbdf,3116d060-0a8e-4767-99bb-e866badea1ed,Visium spatial - HCAHeartST10238253 (OCT),Spatially resolved multiomics of human cardiac niches,4992,1,13,,,,0,Visium Spatial Gene Expression V1,na,apex of heart,normal,https://datasets.cellxgene.cziscience.com/aab496a3-19a0-4a42-8629-513da15324ed.h5ad,380436579,10.1038/s41586-023-06311-1,heart,1.0,True,0,0,0,1,0,0,False,False,False,False,True
04a0a043-1d65-489a-b203-7908780cc922,3116d060-0a8e-4767-99bb-e866badea1ed,Visium spatial - HCAHeartST9383356 (OCT),Spatially resolved multiomics of human cardiac niches,4992,1,10,,,,0,Visium Spatial Gene Expression V1,na,heart left ventricle,normal,https://datasets.cellxgene.cziscience.com/d3ab9a0e-72c3-49d6-9966-929bd1ab16c9.h5ad,313962616,10.1038/s41586-023-06311-1,heart,1.0,True,0,0,0,1,0,0,False,False,False,False,True
0491b0c6-4d09-45bf-b5ca-42088632c15c,3116d060-0a8e-4767-99bb-e866badea1ed,Visium spatial - HCAHeartST13228106 (OCT),Spatially resolved multiomics of human cardiac niches,4992,1,19,,,,0,Visium Spatial Gene Expression V1,na,sinoatrial node,normal,https://datasets.cellxgene.cziscience.com/1e4b5510-3407-4433-9434-7561d4ffde3f.h5ad,348456459,10.1038/s41586-023-06311-1,heart,1.0,True,0,0,0,1,0,0,False,False,False,False,True
03ad88c2-2faa-470f-9426-1c793fc5efed,3116d060-0a8e-4767-99bb-e866badea1ed,Visium spatial - HCAHeartST9383355 (OCT),Spatially resolved multiomics of human cardiac niches,4992,1,14,,,,0,Visium Spatial Gene Expression V1,na,right cardiac atrium,normal,https://datasets.cellxgene.cziscience.com/bdcc4acb-99de-4bad-93f9-226e947de338.h5ad,412978382,10.1038/s41586-023-06311-1,heart,1.0,True,0,0,0,1,0,0,False,False,False,False,True
cf83c98a-3791-4537-bbde-a719f6d73c13,10ec9198-584e-4a7e-8a24-4a332915a4ef,Global dataset of infant KMT2Ar B-ALL,"HTAN-CHOP - Single-cell multiomics reveals increased plasticity, resistant populations, and stem-cell–like blasts in KMT2A-rearranged leukemia",128588,18,17,0.0833333333333333,0.9166666666666666,0.8333333333333333,10,10x 3' v3,cell,blood,B-cell acute lymphoblastic leukemia,https://datasets.cellxgene.cziscience.com/0607fd1a-a1b1-44e4-82f5-9c6d9f8e68b5.h5ad,748642398,10.1182/blood.2021013442,,0.0,False,0,0,0,0,0,0,False,False,False,False,False
738942eb-ac72-44ff-a64b-8943b5ecd8d9,10ec9198-584e-4a7e-8a24-4a332915a4ef,Normal immune cells landscape of infant KMT2Ar B-ALL,"HTAN-CHOP - Single-cell multiomics reveals increased plasticity, resistant populations, and stem-cell–like blasts in KMT2A-rearranged leukemia",36313,18,15,0.0833333333333333,0.9166666666666666,0.8333333333333333,10,10x 3' v3,cell,blood,B-cell acute lymphoblastic leukemia,https://datasets.cellxgene.cziscience.com/7fa2c044-4581-4a36-9373-8e7e563ad6d6.h5ad,160476339,10.1182/blood.2021013442,,0.0,False,0,0,0,0,0,0,False,False,True,False,False
f0939ae1-0877-42b2-bc0e-3249a42c2c0f,fdebfda9-bb9a-4b4b-97e5-651097ea07b0,DNA methylation of brain cells -- CG methylation of Inhibitory and Subcortical Neurons (snmC-seq),Single-Cell DNA Methylation and 3D Genome Human Brain Atlas,175387,3,12,29.0,58.0,29.0,3,snmC-Seq2,nucleus,Brodmann (1909) area 19; Brodmann (1909) area 24; Brodmann (1909) area 25; Brodmann (1909) area 38; Brodmann (1909) area 46; agranular insular cortex; amygdala; anterior cingulate cortex; basolateral amygdaloid nuclear complex; bed nucleus of stria terminalis; body of caudate nucleus; central amygda,normal,https://datasets.cellxgene.cziscience.com/8dff3d88-0e0c-40e9-b9e1-e4b500a21c87.h5ad,17974608711,10.1126/science.adf5357,brain,0.5833333333333334,True,0,7,0,0,0,0,False,False,False,False,True
e8d1c9cc-29e6-4b51-90f1-29e75de6098f,fdebfda9-bb9a-4b4b-97e5-651097ea07b0,DNA methylation of brain cells -- non-CG methylation of Non-neuronal Cells (snm3C-seq),Single-Cell DNA Methylation and 3D Genome Human Brain Atlas,83674,3,7,29.0,58.0,29.0,3,snm3C-seq,nucleus,Brodmann (1909) area 24; Brodmann (1909) area 46; agranular insular cortex; amygdala; bed nucleus of stria terminalis; body of caudate nucleus; corticomedial nuclear complex; globus pallidus; lateral entorhinal cortex; middle temporal gyrus; nucleus accumbens; piriform cortex; primary motor cortex; ,normal,https://datasets.cellxgene.cziscience.com/1d229352-3ba6-48f6-b36c-86a684ae7d81.h5ad,12697057691,10.1126/science.adf5357,brain,0.38461538461538464,True,0,5,0,0,0,0,False,False,False,False,True
d6f3c096-a6f0-4e67-91ad-514bd286f13e,fdebfda9-bb9a-4b4b-97e5-651097ea07b0,DNA methylation of brain cells -- CG methylation of Non-neuronal Cells (snm3C-seq),Single-Cell DNA Methylation and 3D Genome Human Brain Atlas,83674,3,7,29.0,58.0,29.0,3,snm3C-seq,nucleus,Brodmann (1909) area 24; Brodmann (1909) area 46; agranular insular cortex; amygdala; bed nucleus of stria terminalis; body of caudate nucleus; corticomedial nuclear complex; globus pallidus; lateral entorhinal cortex; middle temporal gyrus; nucleus accumbens; piriform cortex; primary motor cortex; ,normal,https://datasets.cellxgene.cziscience.com/9fc39fde-e35e-420b-af83-9d900546819d.h5ad,10294510597,10.1126/science.adf5357,brain,0.38461538461538464,True,0,5,0,0,0,0,False,False,False,False,True
a12d95f7-480f-4c8a-bf24-302175b27bc4,fdebfda9-bb9a-4b4b-97e5-651097ea07b0,DNA methylation of brain cells -- non-CG methylation of Inhibitory and Subcortical Neurons (snm3C-seq),Single-Cell DNA Methylation and 3D Genome Human Brain Atlas,30022,3,9,29.0,58.0,29.0,3,snm3C-seq,nucleus,Brodmann (1909) area 24; Brodmann (1909) area 46; agranular insular cortex; amygdala; bed nucleus of stria terminalis; body of caudate nucleus; corticomedial nuclear complex; globus pallidus; lateral entorhinal cortex; middle temporal gyrus; nucleus accumbens; piriform cortex; primary motor cortex; ,normal,https://datasets.cellxgene.cziscience.com/a272e86e-3fad-43e4-a67d-6ce4df1a4482.h5ad,4479852804,10.1126/science.adf5357,brain,0.38461538461538464,True,0,5,0,0,0,0,False,False,False,False,True
8f83f50e-c091-4095-8456-a7acf6c9d423,fdebfda9-bb9a-4b4b-97e5-651097ea07b0,DNA methylation of brain cells -- non-CG methylation of Non-neuronal Cells (snmC-seq),Single-Cell DNA Methylation and 3D Genome Human Brain Atlas,34722,3,7,29.0,58.0,29.0,3,snmC-Seq2,nucleus,Brodmann (1909) area 19; Brodmann (1909) area 24; Brodmann (1909) area 25; Brodmann (1909) area 38; Brodmann (1909) area 46; agranular insular cortex; amygdala; anterior cingulate cortex; basolateral amygdaloid nuclear complex; bed nucleus of stria terminalis; body of caudate nucleus; central amygda,normal,https://datasets.cellxgene.cziscience.com/02cf84ec-9bc3-407a-a4e8-0ee61be85914.h5ad,4430781839,10.1126/science.adf5357,brain,0.5833333333333334,True,0,7,0,0,0,0,False,False,False,False,True
52f0b078-0fb7-4cdb-81f8-d1bcf7b4468b,fdebfda9-bb9a-4b4b-97e5-651097ea07b0,DNA methylation of brain cells -- non-CG methylation of Inhibitory and Subcortical Neurons (snmC-seq),Single-Cell DNA Methylation and 3D Genome Human Brain Atlas,175387,3,12,29.0,58.0,29.0,3,snmC-Seq2,nucleus,Brodmann (1909) area 19; Brodmann (1909) area 24; Brodmann (1909) area 25; Brodmann (1909) area 38; Brodmann (1909) area 46; agranular insular cortex; amygdala; anterior cingulate cortex; basolateral amygdaloid nuclear complex; bed nucleus of stria terminalis; body of caudate nucleus; central amygda,normal,https://datasets.cellxgene.cziscience.com/60eef365-80fd-4526-9187-5c804cff6b0b.h5ad,22982480471,10.1126/science.adf5357,brain,0.5833333333333334,True,0,7,0,0,0,0,False,False,False,False,True
427bfbe6-1141-4505-98e3-38aa05339310,fdebfda9-bb9a-4b4b-97e5-651097ea07b0,DNA methylation of brain cells -- CG methylation of Excitatory Neurons (snm3C-seq),Single-Cell DNA Methylation and 3D Genome Human Brain Atlas,30027,3,6,29.0,58.0,29.0,3,snm3C-seq,nucleus,Brodmann (1909) area 24; Brodmann (1909) area 46; agranular insular cortex; amygdala; bed nucleus of stria terminalis; corticomedial nuclear complex; lateral entorhinal cortex; middle temporal gyrus; nucleus accumbens; piriform cortex; primary motor cortex; primary visual cortex; putamen; septal nuc,normal,https://datasets.cellxgene.cziscience.com/64394a3a-e1d3-406b-b089-c85ecdfef7dd.h5ad,3494542415,10.1126/science.adf5357,brain,0.35714285714285715,True,0,5,0,0,0,0,False,False,False,False,True
3ed61f1e-bd31-411e-b4aa-9729e8437732,fdebfda9-bb9a-4b4b-97e5-651097ea07b0,DNA methylation of brain cells -- non-CG methylation of Excitatory Neurons (snm3C-seq),Single-Cell DNA Methylation and 3D Genome Human Brain Atlas,30027,3,6,29.0,58.0,29.0,3,snm3C-seq,nucleus,Brodmann (1909) area 24; Brodmann (1909) area 46; agranular insular cortex; amygdala; bed nucleus of stria terminalis; corticomedial nuclear complex; lateral entorhinal cortex; middle temporal gyrus; nucleus accumbens; piriform cortex; primary motor cortex; primary visual cortex; putamen; septal nuc,normal,https://datasets.cellxgene.cziscience.com/8cb44303-ed05-4229-8be5-6197c187ff21.h5ad,4466253599,10.1126/science.adf5357,brain,0.35714285714285715,True,0,5,0,0,0,0,False,False,False,False,True
38e5738d-3870-433b-858a-5c364f322439,fdebfda9-bb9a-4b4b-97e5-651097ea07b0,DNA methylation of brain cells -- non-CG methylation of Excitatory Neurons (snmC-seq),Single-Cell DNA Methylation and 3D Genome Human Brain Atlas,163779,3,9,29.0,58.0,29.0,3,snmC-Seq2,nucleus,Brodmann (1909) area 19; Brodmann (1909) area 24; Brodmann (1909) area 25; Brodmann (1909) area 38; Brodmann (1909) area 46; agranular insular cortex; amygdala; anterior cingulate cortex; basolateral amygdaloid nuclear complex; bed nucleus of stria terminalis; body of caudate nucleus; central amygda,normal,https://datasets.cellxgene.cziscience.com/5fa153d0-192d-4a4a-a17b-623b4b54f0bf.h5ad,21146525291,10.1126/science.adf5357,brain,0.5833333333333334,True,0,7,0,0,0,0,False,False,False,False,True
346c5aad-b034-4248-8cbe-0a05fd634b9c,fdebfda9-bb9a-4b4b-97e5-651097ea07b0,DNA methylation of brain cells -- CG methylation of Excitatory Neurons (snmC-seq),Single-Cell DNA Methylation and 3D Genome Human Brain Atlas,163779,3,9,29.0,58.0,29.0,3,snmC-Seq2,nucleus,Brodmann (1909) area 19; Brodmann (1909) area 24; Brodmann (1909) area 25; Brodmann (1909) area 38; Brodmann (1909) area 46; agranular insular cortex; amygdala; anterior cingulate cortex; basolateral amygdaloid nuclear complex; bed nucleus of stria terminalis; body of caudate nucleus; central amygda,normal,https://datasets.cellxgene.cziscience.com/2a028b44-5120-48ec-a8e2-08cd7a5f1d0f.h5ad,16719578815,10.1126/science.adf5357,brain,0.5833333333333334,True,0,7,0,0,0,0,False,False,False,False,True
33da10b0-9c1d-4c82-9b14-c67cdcf9fae5,fdebfda9-bb9a-4b4b-97e5-651097ea07b0,DNA methylation of brain cells -- CG methylation of Inhibitory and Subcortical Neurons (snm3C-seq),Single-Cell DNA Methylation and 3D Genome Human Brain Atlas,30022,3,9,29.0,58.0,29.0,3,snm3C-seq,nucleus,Brodmann (1909) area 24; Brodmann (1909) area 46; agranular insular cortex; amygdala; bed nucleus of stria terminalis; body of caudate nucleus; corticomedial nuclear complex; globus pallidus; lateral entorhinal cortex; middle temporal gyrus; nucleus accumbens; piriform cortex; primary motor cortex; ,normal,https://datasets.cellxgene.cziscience.com/38d23186-0665-442e-a9fb-b236584e6dd3.h5ad,3464060798,10.1126/science.adf5357,brain,0.38461538461538464,True,0,5,0,0,0,0,False,False,False,False,True
0500e103-38db-456d-9c3f-b96b8a693ab2,fdebfda9-bb9a-4b4b-97e5-651097ea07b0,DNA methylation of brain cells -- CG methylation of Non-neuronal Cells (snmC-seq),Single-Cell DNA Methylation and 3D Genome Human Brain Atlas,34722,3,7,29.0,58.0,29.0,3,snmC-Seq2,nucleus,Brodmann (1909) area 19; Brodmann (1909) area 24; Brodmann (1909) area 25; Brodmann (1909) area 38; Brodmann (1909) area 46; agranular insular cortex; amygdala; anterior cingulate cortex; basolateral amygdaloid nuclear complex; bed nucleus of stria terminalis; body of caudate nucleus; central amygda,normal,https://datasets.cellxgene.cziscience.com/00894f62-511d-4848-98a5-f2bbbb043784.h5ad,3459178084,10.1126/science.adf5357,brain,0.5833333333333334,True,0,7,0,0,0,0,False,False,False,False,True
f8d8b443-bca6-4c3c-9042-669dfb7f8030,b0f0b447-ac37-45b0-b1bf-5c0b7d871120,Human Microglia 10x scRNA-seq,Single-cell genomic profiling of human dopamine neurons identifies a population that selectively degenerates in Parkinson’s disease,33041,18,2,49.0,92.0,43.0,13,10x 3' v3,nucleus,substantia nigra pars compacta,Lewy body dementia; Parkinson disease; normal,https://datasets.cellxgene.cziscience.com/5ad1d7bc-ddc5-465f-831a-e86ad73ea60d.h5ad,184456341,10.1038/s41593-022-01061-1,brain,1.0,True,0,1,0,0,0,0,False,False,False,False,True
f5be4b96-f5a3-4c3d-84ac-6f69daf744d5,b0f0b447-ac37-45b0-b1bf-5c0b7d871120,Human Endothelial cells 10x scRNA-seq,Single-cell genomic profiling of human dopamine neurons identifies a population that selectively degenerates in Parkinson’s disease,14903,18,1,49.0,92.0,43.0,13,10x 3' v3,nucleus,substantia nigra pars compacta,Lewy body dementia; Parkinson disease; normal,https://datasets.cellxgene.cziscience.com/afe7056c-e968-438b-91ab-0fdc58d7b490.h5ad,96199431,10.1038/s41593-022-01061-1,brain,1.0,True,0,1,0,0,0,0,False,False,True,False,True
dea1aa78-c0a2-413f-b375-f91cce49e4d0,b0f0b447-ac37-45b0-b1bf-5c0b7d871120,Human Nurr-Negative Nuclei 10x scRNA-seq,Single-cell genomic profiling of human dopamine neurons identifies a population that selectively degenerates in Parkinson’s disease,104097,8,2,49.0,92.0,43.0,6,10x 3' v3,nucleus,substantia nigra pars compacta,normal,https://datasets.cellxgene.cziscience.com/d9757575-4abe-4268-971d-b83593a6351e.h5ad,718153757,10.1038/s41593-022-01061-1,brain,1.0,True,0,1,0,0,0,0,False,False,False,False,True
92161459-9103-4379-ae34-73a38eee1d1d,b0f0b447-ac37-45b0-b1bf-5c0b7d871120,Human Nurr-Positive Nuclei 10x scRNA-seq,Single-cell genomic profiling of human dopamine neurons identifies a population that selectively degenerates in Parkinson’s disease,80576,8,2,49.0,92.0,43.0,6,10x 3' v3,nucleus,substantia nigra pars compacta,normal,https://datasets.cellxgene.cziscience.com/144febdf-98ba-4b36-985d-11196900fc25.h5ad,909493796,10.1038/s41593-022-01061-1,brain,1.0,True,0,1,0,0,0,0,False,False,False,False,True
5829c7ba-697f-418e-8b98-d605b192dc48,b0f0b447-ac37-45b0-b1bf-5c0b7d871120,Human Oligodendrocytes 10x scRNA-seq,Single-cell genomic profiling of human dopamine neurons identifies a population that selectively degenerates in Parkinson’s disease,178815,18,1,49.0,92.0,43.0,13,10x 3' v3,nucleus,substantia nigra pars compacta,Lewy body dementia; Parkinson disease; normal,https://datasets.cellxgene.cziscience.com/d50bd229-0da2-4f1a-89c5-3f5beda53185.h5ad,1084296350,10.1038/s41593-022-01061-1,brain,1.0,True,0,1,0,0,0,0,False,False,False,False,True
4dd1cd23-fc4d-4fd1-9709-602540f3ca6f,b0f0b447-ac37-45b0-b1bf-5c0b7d871120,Human OPC Cells 10x scRNA-seq,Single-cell genomic profiling of human dopamine neurons identifies a population that selectively degenerates in Parkinson’s disease,13691,18,1,49.0,92.0,43.0,13,10x 3' v3,nucleus,substantia nigra pars compacta,Lewy body dementia; Parkinson disease; normal,https://datasets.cellxgene.cziscience.com/bcb15673-6a70-4d6f-ad28-b3f42aa70f5e.h5ad,106442583,10.1038/s41593-022-01061-1,brain,1.0,True,0,1,0,0,0,0,False,False,False,False,True
2856d06c-0ff9-4e01-bfc9-202b74d0b60f,b0f0b447-ac37-45b0-b1bf-5c0b7d871120,Human DA Neurons 10x scRNA-seq,Single-cell genomic profiling of human dopamine neurons identifies a population that selectively degenerates in Parkinson’s disease,22048,18,1,49.0,92.0,43.0,13,10x 3' v3,nucleus,substantia nigra pars compacta,Lewy body dementia; Parkinson disease; normal,https://datasets.cellxgene.cziscience.com/1bc30a70-d262-4f2e-8f0e-2f4ad89e9534.h5ad,307925565,10.1038/s41593-022-01061-1,brain,1.0,True,0,1,0,0,0,0,False,False,False,False,True
251b1a7e-d050-4486-8d50-4c2619eb0f46,b0f0b447-ac37-45b0-b1bf-5c0b7d871120,Human Non-DA Neurons 10x scRNA-seq,Single-cell genomic profiling of human dopamine neurons identifies a population that selectively degenerates in Parkinson’s disease,91479,18,2,49.0,92.0,43.0,13,10x 3' v3,nucleus,substantia nigra pars compacta,Lewy body dementia; Parkinson disease; normal,https://datasets.cellxgene.cziscience.com/d6453205-a7ee-45f5-adcc-231d008551b8.h5ad,1191549438,10.1038/s41593-022-01061-1,brain,1.0,True,0,1,0,0,0,0,False,False,False,False,True
07760522-707a-4a1c-8891-dbd1226d6b27,b0f0b447-ac37-45b0-b1bf-5c0b7d871120,Human Astrocytes 10x scRNA-seq,Single-cell genomic profiling of human dopamine neurons identifies a population that selectively degenerates in Parkinson’s disease,33506,18,2,49.0,92.0,43.0,13,10x 3' v3,nucleus,substantia nigra pars compacta,Lewy body dementia; Parkinson disease; normal,https://datasets.cellxgene.cziscience.com/ef6083ee-8d24-44d0-8c5b-75c646a430c1.h5ad,233202753,10.1038/s41593-022-01061-1,brain,1.0,True,0,1,0,0,0,0,False,False,False,False,True
fb5b437f-69b8-47ee-82ed-b5e784193d64,02b01703-bf1b-48de-b99a-23bef8cccc81,Normal Lymph Node Puck_201014_06,Spatially mapping T cell receptors and transcriptomes,26027,1,6,,,,0,Slide-seqV2,na,lymph node,normal,https://datasets.cellxgene.cziscience.com/7cf7bb6f-5488-4854-a4eb-18bc8e691b76.h5ad,22565615,10.1016/j.immuni.2022.09.002,,0.0,False,0,0,0,0,0,0,False,False,False,False,True
f339fe89-c99c-4f50-b76d-2ffe9d376500,02b01703-bf1b-48de-b99a-23bef8cccc81,"Renal cell carcinoma, pre aPD1, kidney Puck_200727_13",Spatially mapping T cell receptors and transcriptomes,20021,1,6,61.0,61.0,0.0,1,Slide-seqV2,na,kidney,renal cell carcinoma,https://datasets.cellxgene.cziscience.com/e4128ffc-92d5-4704-bb0c-5fe72f53e94d.h5ad,17831229,10.1016/j.immuni.2022.09.002,kidney,1.0,True,0,0,0,0,1,0,False,True,False,False,False
dcb7c544-bf18-4f9a-97a4-aa816910d862,02b01703-bf1b-48de-b99a-23bef8cccc81,"Cutaneous melanoma, lymph node metastasis Puck_220408_07",Spatially mapping T cell receptors and transcriptomes,40982,1,9,,,,0,Slide-seqV2,na,lymph node,metastatic melanoma,https://datasets.cellxgene.cziscience.com/ddd93e28-fb8a-491a-b050-76c11fa3d296.h5ad,39412647,10.1016/j.immuni.2022.09.002,,0.0,False,0,0,0,0,0,0,False,True,False,False,False
d4dc4cfe-7da5-4e56-bf96-83f01082f5df,02b01703-bf1b-48de-b99a-23bef8cccc81,"Cutaneous melanoma, lymph node metastasis Puck_220215_14",Spatially mapping T cell receptors and transcriptomes,36785,1,9,,,,0,Slide-seqV2,na,lymph node,metastatic melanoma,https://datasets.cellxgene.cziscience.com/1a25dabe-7559-449d-9db0-3b8d758f6fec.h5ad,40667659,10.1016/j.immuni.2022.09.002,,0.0,False,0,0,0,0,0,0,False,True,False,False,False
cc43509e-8729-4cbc-ace9-f0f7d654ee53,02b01703-bf1b-48de-b99a-23bef8cccc81,"Renal cell carcinoma, post aPD1, lung metastasis Puck_200727_10",Spatially mapping T cell receptors and transcriptomes,15366,1,9,61.0,61.0,0.0,1,Slide-seqV2,na,lung,renal cell carcinoma,https://datasets.cellxgene.cziscience.com/288b5bdb-f3cc-43a0-8e47-28aab9cff903.h5ad,18560792,10.1016/j.immuni.2022.09.002,,0.0,False,0,0,0,0,0,0,False,True,False,False,False
b3052902-613c-4b04-a0f5-bafd397bb125,02b01703-bf1b-48de-b99a-23bef8cccc81,"Cutaneous melanoma, lymph node metastasis Puck_220408_12",Spatially mapping T cell receptors and transcriptomes,37193,1,9,,,,0,Slide-seqV2,na,lymph node,metastatic melanoma,https://datasets.cellxgene.cziscience.com/5622f698-5ff3-4e80-969c-006047e08bc3.h5ad,32112460,10.1016/j.immuni.2022.09.002,,0.0,False,0,0,0,0,0,0,False,True,False,False,False
ae4552dc-e2ea-4d67-b375-03ec7480f780,02b01703-bf1b-48de-b99a-23bef8cccc81,"Cutaneous melanoma, lymph node metastasis Puck_220408_09",Spatially mapping T cell receptors and transcriptomes,37275,1,9,,,,0,Slide-seqV2,na,lymph node,metastatic melanoma,https://datasets.cellxgene.cziscience.com/7a4bbc4e-4351-4eed-ba8d-9b461d517e96.h5ad,33254351,10.1016/j.immuni.2022.09.002,,0.0,False,0,0,0,0,0,0,False,True,False,False,False
9b1437bb-42fe-47d8-8962-835d95581763,02b01703-bf1b-48de-b99a-23bef8cccc81,"Renal cell carcinoma, post aPD1, lung metastasis Puck_200727_09",Spatially mapping T cell receptors and transcriptomes,14990,1,9,61.0,61.0,0.0,1,Slide-seqV2,na,lung,renal cell carcinoma,https://datasets.cellxgene.cziscience.com/c80e9271-1866-4cbb-9084-12897dcb0ed6.h5ad,14910794,10.1016/j.immuni.2022.09.002,,0.0,False,0,0,0,0,0,0,False,True,False,False,False
89972213-8510-49c3-a55a-01cd248ef88a,02b01703-bf1b-48de-b99a-23bef8cccc81,"Cutaneous melanoma, lymph node metastasis Puck_220215_13",Spatially mapping T cell receptors and transcriptomes,27757,1,9,,,,0,Slide-seqV2,na,lymph node,metastatic melanoma,https://datasets.cellxgene.cziscience.com/12115237-b7ac-4295-bd99-0c339e695c24.h5ad,29119147,10.1016/j.immuni.2022.09.002,,0.0,False,0,0,0,0,0,0,False,True,False,False,False
76bb43ff-e2f5-4513-a0f0-1059c860c3b7,02b01703-bf1b-48de-b99a-23bef8cccc81,"Cutaneous melanoma, lymph node metastasis Puck_220408_08",Spatially mapping T cell receptors and transcriptomes,19034,1,9,,,,0,Slide-seqV2,na,lymph node,metastatic melanoma,https://datasets.cellxgene.cziscience.com/d799315c-05ca-4d3d-9a85-32647cfaed8a.h5ad,11556431,10.1016/j.immuni.2022.09.002,,0.0,False,0,0,0,0,0,0,False,True,False,False,False
6d243918-f3f6-4a9e-b72e-39d96de73095,02b01703-bf1b-48de-b99a-23bef8cccc81,"Renal cell carcinoma, post aPD1, lung metastasis Puck_200727_08",Spatially mapping T cell receptors and transcriptomes,18851,1,9,61.0,61.0,0.0,1,Slide-seqV2,na,lung,renal cell carcinoma,https://datasets.cellxgene.cziscience.com/e5e05c24-f600-40c4-998d-1c45d3bbcae5.h5ad,20576192,10.1016/j.immuni.2022.09.002,,0.0,False,0,0,0,0,0,0,False,True,False,False,False
50c4a6d6-940b-4c6a-a376-aea2ae2d3168,02b01703-bf1b-48de-b99a-23bef8cccc81,"Cutaneous melanoma, lymph node metastasis Puck_220215_11",Spatially mapping T cell receptors and transcriptomes,21003,1,9,,,,0,Slide-seqV2,na,lymph node,metastatic melanoma,https://datasets.cellxgene.cziscience.com/564954ae-1126-47cd-9736-474b61fd390d.h5ad,20855762,10.1016/j.immuni.2022.09.002,,0.0,False,0,0,0,0,0,0,False,True,False,False,False
4aefec71-da4e-48ec-a910-c542b5807c7d,02b01703-bf1b-48de-b99a-23bef8cccc81,"Renal cell carcinoma, post aPD1, lung metastasis Puck_220408_14",Spatially mapping T cell receptors and transcriptomes,37568,1,8,61.0,61.0,0.0,1,Slide-seqV2,na,lung,renal cell carcinoma,https://datasets.cellxgene.cziscience.com/d8c55296-d90e-45fa-8bc9-bd4ded93e97b.h5ad,28295693,10.1016/j.immuni.2022.09.002,,0.0,False,0,0,0,0,0,0,False,True,False,False,False
32ffc3a7-c88d-49e1-894f-8e09d0184ee9,02b01703-bf1b-48de-b99a-23bef8cccc81,"Renal cell carcinoma, post aPD1, lung metastasis Puck_220408_13",Spatially mapping T cell receptors and transcriptomes,40217,1,8,61.0,61.0,0.0,1,Slide-seqV2,na,lung,renal cell carcinoma,https://datasets.cellxgene.cziscience.com/6628ca2e-a2c5-4580-ab28-93372ad4b16e.h5ad,26516073,10.1016/j.immuni.2022.09.002,,0.0,False,0,0,0,0,0,0,False,True,False,False,False
18fd0190-229d-4d2b-8f28-1e40c49c750d,02b01703-bf1b-48de-b99a-23bef8cccc81,"Renal cell carcinoma, post aPD1, lung metastasis Puck_220408_20",Spatially mapping T cell receptors and transcriptomes,37563,1,8,61.0,61.0,0.0,1,Slide-seqV2,na,lung,renal cell carcinoma,https://datasets.cellxgene.cziscience.com/b02b5c49-db1c-4db3-bfd0-02224b63158c.h5ad,29769864,10.1016/j.immuni.2022.09.002,,0.0,False,0,0,0,0,0,0,False,True,False,False,False
16101789-b95d-4b05-bd76-75ae837a557b,02b01703-bf1b-48de-b99a-23bef8cccc81,Normal Tonsil Puck_210119_22,Spatially mapping T cell receptors and transcriptomes,26917,1,6,,,,0,Slide-seqV2,na,tonsil,normal,https://datasets.cellxgene.cziscience.com/f7927c5b-79c2-4ec2-ac75-5e0859d9ec7f.h5ad,17219010,10.1016/j.immuni.2022.09.002,,0.0,False,0,0,0,0,0,0,False,False,False,False,True
07efa1c3-7649-43d8-b798-e26a0145ee65,02b01703-bf1b-48de-b99a-23bef8cccc81,"Renal cell carcinoma, post aPD1, lung metastasis Puck_220408_15",Spatially mapping T cell receptors and transcriptomes,35839,1,8,61.0,61.0,0.0,1,Slide-seqV2,na,lung,renal cell carcinoma,https://datasets.cellxgene.cziscience.com/8b589484-fa97-4123-a7f4-7ed1252a54a8.h5ad,28621408,10.1016/j.immuni.2022.09.002,,0.0,False,0,0,0,0,0,0,False,True,False,False,False
02faf712-92d4-4589-bec7-13105059cf86,02b01703-bf1b-48de-b99a-23bef8cccc81,"Renal cell carcinoma, pre aPD1, kidney Puck_200727_12",Spatially mapping T cell receptors and transcriptomes,17612,1,4,61.0,61.0,0.0,1,Slide-seqV2,na,kidney,renal cell carcinoma,https://datasets.cellxgene.cziscience.com/de6d5195-dc73-42cb-ae44-283221077cbe.h5ad,14634451,10.1016/j.immuni.2022.09.002,kidney,1.0,True,0,0,0,0,1,0,False,True,False,False,False
9fcb0b73-c734-40a5-be9c-ace7eea401c9,71f4bccf-53d4-4c12-9e80-e73bfb89e398,An Integrated Single Cell Meta-atlas of Human Periodontitis,An Integrated Single Cell Atlas of Human Periodontitis,105918,34,27,21.0,61.0,40.0,20,10x 3' v2; 10x 3' v3,cell,gingiva,gingivitis; normal; periodontitis,https://datasets.cellxgene.cziscience.com/171607d7-dcc2-4993-9deb-bbc62cf13273.h5ad,705007195,10.1038/s41467-024-49037-y,,0.0,False,0,0,0,0,0,0,False,False,False,True,True
1a38e762-2465-418f-b81c-6a4bce261c34,bacccb91-066d-4453-b70e-59de0b4598cd,Single-cell analysis of prenatal and postnatal human cortical development,Single-cell analysis of prenatal and postnatal human cortical development,709372,106,6,0.0833333333333333,54.0,53.91666666666666,32,10x 3' v2; 10x 3' v3; 10x multiome,nucleus,caudal ganglionic eminence; cerebral cortex; cingulate cortex; frontal cortex; ganglionic eminence; insular cortex; lateral ganglionic eminence; medial ganglionic eminence; primary motor cortex; temporal cortex,normal,https://datasets.cellxgene.cziscience.com/2001fbc7-de84-4e84-9a76-4290bcd65415.h5ad,5976097241,10.1126/science.adf0834,brain,0.1,True,0,1,0,0,0,0,False,False,False,False,True
b2dda353-0c96-42df-8dcd-1ea7429a6feb,1b014f39-f202-45ae-bb7d-9286bddd8d8b,Cerebellum,Spatial and cell type transcriptional landscape of human cerebellar development,69174,13,17,,,,0,SPLiT-seq,cell; nucleus,cerebellum,normal,https://datasets.cellxgene.cziscience.com/99f7a3d3-f63d-4503-b14d-f36077ff6b62.h5ad,565485727,10.1038/s41593-021-00872-y,brain,1.0,True,0,1,0,0,0,0,False,False,False,False,True
53ce2631-3646-4172-bbd9-38b0a44d8214,ceb895f4-ff9f-403a-b7c3-187a9657ac2c,10x scRNA-seq from human cortex,Multi-omic profiling of the developing human cerebral cortex at the single cell level,45549,12,13,4.0,39.0,35.0,5,10x multiome,nucleus,cortical plate; dorsolateral prefrontal cortex,normal,https://datasets.cellxgene.cziscience.com/06ee790a-829c-4c18-afa8-2dc9d3f1579b.h5ad,394513295,10.1126/sciadv.adg3754,brain,1.0,True,0,2,0,0,0,0,False,False,False,False,True
94c41723-b2c4-4b59-a49a-64c9b851903e,f17b9205-f61f-4a0f-a65a-73ba91c50ade,snRNA-seq of human anterior and posterior hippocampus,Resolving cellular and molecular diversity along the hippocampal anterior-to-posterior axis in humans,129905,5,8,24.0,60.0,36.0,5,10x 3' v2; 10x 3' v3,nucleus,hippocampal formation,epilepsy,https://datasets.cellxgene.cziscience.com/50afa1bf-72df-4739-af9d-9637b9baf04f.h5ad,705500403,10.1016/j.neuron.2021.05.003,brain,1.0,True,0,1,0,0,0,0,False,False,False,False,False
6ceeaa86-9ceb-4582-b390-6d4dd6ff0572,a064d795-3b77-44ae-9fb5-beb57c567443,3-prime FGID data,Pediatric FGID lamina propria of ileum biopsies.,89849,13,26,10.0,22.0,12.0,10,10x 3' v2,cell,lamina propria of small intestine,digestive system disorder,https://datasets.cellxgene.cziscience.com/8cf9e6a2-5cd6-4d8e-95bd-b8c54d05e3f1.h5ad,329553499,10.1101/2021.09.17.21263540,,0.0,False,0,0,0,0,0,0,False,False,False,False,False
9a64bf99-ebe5-4276-93a8-bee9dff1cd47,99f1515b-46a2-4bc4-94c3-f62659dc1eb4,Single-Cell RNA Sequencing of Breast Tissues: Cell Subtypes and Cancer Risk Factors,A human breast atlas integrating single-cell proteomics and transcriptomics,52681,16,6,25.0,65.0,40.0,13,10x 3' v2,cell,breast,normal,https://datasets.cellxgene.cziscience.com/af5464b2-fd5c-45e1-aae9-daddfd9f3aea.h5ad,468402729,10.1016/j.devcel.2022.05.003,,0.0,False,0,0,0,0,0,0,False,True,False,False,True
fa3e2a80-1c9a-4097-a02f-bf47e143fca7,d9a9760c-e43d-404d-86aa-447c9a1e9120,Single cell atlas of CD19 CAR T-cells (CD8+),Single cell atlas of CD19 CAR T-cells,185226,59,1,,,,0,10x 5' v1,cell,T cell,B-cell non-Hodgkin lymphoma,https://datasets.cellxgene.cziscience.com/dc2f02c5-4198-4170-a848-3ab185bd9891.h5ad,2461168099,10.1016/j.ccell.2023.08.015,,0.0,False,0,0,0,0,0,0,False,False,False,False,False
b64b932b-1b94-4cee-b8b2-83cc3f0a3b25,d9a9760c-e43d-404d-86aa-447c9a1e9120,Single cell atlas of CD19 CAR T-cells (CD4+),Single cell atlas of CD19 CAR T-cells,164114,59,1,,,,0,10x 5' v1,cell,T cell,B-cell non-Hodgkin lymphoma,https://datasets.cellxgene.cziscience.com/56802705-49ab-48f5-91fc-5a22164a0b32.h5ad,2356255140,10.1016/j.ccell.2023.08.015,,0.0,False,0,0,0,0,0,0,False,False,False,False,False
5b9b89d2-2e3e-4ad1-8965-666f64540fea,d9a9760c-e43d-404d-86aa-447c9a1e9120,Single cell atlas of CD19 CAR T-cells,Single cell atlas of CD19 CAR T-cells,417167,59,6,,,,0,10x 5' v1,cell,T cell,B-cell non-Hodgkin lymphoma,https://datasets.cellxgene.cziscience.com/d4ef92c4-19e6-468e-925f-52943000e482.h5ad,5441041575,10.1016/j.ccell.2023.08.015,,0.0,False,0,0,0,0,0,0,False,False,False,False,False
fc0ceb80-d2d9-47c1-9d78-b0e45c64c500,1ca90a2d-2943-483d-b678-b809bf464c30,Sst Chodl - DLPFC: Seattle Alzheimer's Disease Atlas (SEA-AD),SEA-AD: Seattle Alzheimer’s Disease Brain Cell Atlas,1877,79,1,29.0,89.0,60.0,21,10x 3' v3; 10x multiome,nucleus,dorsolateral prefrontal cortex,dementia; normal,https://datasets.cellxgene.cziscience.com/feea960d-f81c-4815-8ec2-26592e82de80.h5ad,79128479,10.1038/s41593-024-01774-5,brain,1.0,True,0,1,0,0,0,0,False,False,False,False,True
d0ea3ec4-0f3b-4649-9146-1c0b5f303a55,1ca90a2d-2943-483d-b678-b809bf464c30,L6b - DLPFC: Seattle Alzheimer's Disease Atlas (SEA-AD),SEA-AD: Seattle Alzheimer’s Disease Brain Cell Atlas,18903,83,1,29.0,89.0,60.0,21,10x 3' v3; 10x multiome,nucleus,dorsolateral prefrontal cortex,dementia; normal,https://datasets.cellxgene.cziscience.com/eddd7422-7f05-4c77-bfe0-4b3e8665a78f.h5ad,976292496,10.1038/s41593-024-01774-5,brain,1.0,True,0,1,0,0,0,0,False,False,False,False,True
b8920ef5-7d22-497b-abca-a7a9eb76d79a,1ca90a2d-2943-483d-b678-b809bf464c30,L5/6 NP - DLPFC: Seattle Alzheimer's Disease Atlas (SEA-AD),SEA-AD: Seattle Alzheimer’s Disease Brain Cell Atlas,19191,83,1,29.0,89.0,60.0,21,10x 3' v3; 10x multiome,nucleus,dorsolateral prefrontal cortex,dementia; normal,https://datasets.cellxgene.cziscience.com/9b16a223-c8f2-4697-b2f5-c2f339e0df0f.h5ad,824874498,10.1038/s41593-024-01774-5,brain,1.0,True,0,1,0,0,0,0,False,False,False,False,True
b1d37bbd-9ae4-4404-b2f9-f2fe66750e4e,1ca90a2d-2943-483d-b678-b809bf464c30,Sncg - DLPFC: Seattle Alzheimer's Disease Atlas (SEA-AD),SEA-AD: Seattle Alzheimer’s Disease Brain Cell Atlas,24792,83,1,29.0,89.0,60.0,21,10x 3' v3; 10x multiome,nucleus,dorsolateral prefrontal cortex,dementia; normal,https://datasets.cellxgene.cziscience.com/e6e74dde-2953-4691-86f8-6806c6d8f3b6.h5ad,759962970,10.1038/s41593-024-01774-5,brain,1.0,True,0,1,0,0,0,0,False,False,False,False,True
a4e89c26-e8d4-4471-9b06-16a1405880f0,1ca90a2d-2943-483d-b678-b809bf464c30,L6 CT - DLPFC: Seattle Alzheimer's Disease Atlas (SEA-AD),SEA-AD: Seattle Alzheimer’s Disease Brain Cell Atlas,29343,83,1,29.0,89.0,60.0,21,10x 3' v3; 10x multiome,nucleus,dorsolateral prefrontal cortex,dementia; normal,https://datasets.cellxgene.cziscience.com/29f02ab8-ac06-45d6-b610-ad1161d58453.h5ad,1363222620,10.1038/s41593-024-01774-5,brain,1.0,True,0,1,0,0,0,0,False,False,False,False,True
a190b2e9-3796-4785-9a2f-013e2a9a43e6,1ca90a2d-2943-483d-b678-b809bf464c30,Lamp5 Lhx6 - DLPFC: Seattle Alzheimer's Disease Atlas (SEA-AD),SEA-AD: Seattle Alzheimer’s Disease Brain Cell Atlas,22891,83,1,29.0,89.0,60.0,21,10x 3' v3; 10x multiome,nucleus,dorsolateral prefrontal cortex,dementia; normal,https://datasets.cellxgene.cziscience.com/4a582497-f8a8-480d-a085-64fa2887b2c2.h5ad,899544468,10.1038/s41593-024-01774-5,brain,1.0,True,0,1,0,0,0,0,False,False,False,False,True
9ff9f9ba-016b-4cbb-8899-45dc20860b8b,1ca90a2d-2943-483d-b678-b809bf464c30,L4 IT - DLPFC: Seattle Alzheimer's Disease Atlas (SEA-AD),SEA-AD: Seattle Alzheimer’s Disease Brain Cell Atlas,81869,83,1,29.0,89.0,60.0,21,10x 3' v3; 10x multiome,nucleus,dorsolateral prefrontal cortex,dementia; normal,https://datasets.cellxgene.cziscience.com/5dbf014b-ac61-40a8-b836-8b56e55aa666.h5ad,3671375166,10.1038/s41593-024-01774-5,brain,1.0,True,0,1,0,0,0,0,False,False,False,False,True
9940f951-3dc0-4579-bbb2-2392786e59a3,1ca90a2d-2943-483d-b678-b809bf464c30,Oligodendrocyte - DLPFC: Seattle Alzheimer's Disease Atlas (SEA-AD),SEA-AD: Seattle Alzheimer’s Disease Brain Cell Atlas,145995,83,1,29.0,89.0,60.0,21,10x 3' v3; 10x multiome,nucleus,dorsolateral prefrontal cortex,dementia; normal,https://datasets.cellxgene.cziscience.com/d847bbb8-9be5-473c-9f3a-4af707a2cd05.h5ad,2586157019,10.1038/s41593-024-01774-5,brain,1.0,True,0,1,0,0,0,0,False,False,False,False,True
74d584f0-74fc-482e-b944-e76f29c1ab85,1ca90a2d-2943-483d-b678-b809bf464c30,Astrocyte - DLPFC: Seattle Alzheimer's Disease Atlas (SEA-AD),SEA-AD: Seattle Alzheimer’s Disease Brain Cell Atlas,87444,83,1,29.0,89.0,60.0,21,10x 3' v3; 10x multiome,nucleus,dorsolateral prefrontal cortex,dementia; normal,https://datasets.cellxgene.cziscience.com/c4675fdb-f3d1-45f7-85b2-ab7e70f5e4a1.h5ad,2078625550,10.1038/s41593-024-01774-5,brain,1.0,True,0,1,0,0,0,0,False,False,False,False,True
6f7fd0f1-a2ed-4ff1-80d3-33dde731cbc3,1ca90a2d-2943-483d-b678-b809bf464c30,Whole Taxonomy - DLPFC: Seattle Alzheimer's Disease Atlas (SEA-AD),SEA-AD: Seattle Alzheimer’s Disease Brain Cell Atlas,1395601,83,18,29.0,89.0,60.0,21,10x 3' v3; 10x multiome,nucleus,dorsolateral prefrontal cortex,dementia; normal,https://datasets.cellxgene.cziscience.com/c2b49431-9288-4d94-8ca5-f6723b72217e.h5ad,53187995660,10.1038/s41593-024-01774-5,brain,1.0,True,0,1,0,0,0,0,False,False,False,False,True
6cda07c7-5d7a-41ba-9799-5bb73da25a60,1ca90a2d-2943-483d-b678-b809bf464c30,L5 ET - DLPFC: Seattle Alzheimer's Disease Atlas (SEA-AD),SEA-AD: Seattle Alzheimer’s Disease Brain Cell Atlas,4097,82,1,29.0,89.0,60.0,21,10x 3' v3; 10x multiome,nucleus,dorsolateral prefrontal cortex,dementia; normal,https://datasets.cellxgene.cziscience.com/0e107eec-5fe6-4eea-b2b3-e77b98fdfbad.h5ad,263598009,10.1038/s41593-024-01774-5,brain,1.0,True,0,1,0,0,0,0,False,False,False,False,True
646e3e87-e46b-4b12-85b5-8d8589e26088,1ca90a2d-2943-483d-b678-b809bf464c30,L2/3 IT - DLPFC: Seattle Alzheimer's Disease Atlas (SEA-AD),SEA-AD: Seattle Alzheimer’s Disease Brain Cell Atlas,341960,83,1,29.0,89.0,60.0,21,10x 3' v3; 10x multiome,nucleus,dorsolateral prefrontal cortex,dementia; normal,https://datasets.cellxgene.cziscience.com/76a28c5c-e70f-4b23-a072-51103e45f33c.h5ad,16719739685,10.1038/s41593-024-01774-5,brain,1.0,True,0,1,0,0,0,0,False,False,False,False,True
6437bc9c-16cb-46c8-8f79-9a7384a0212a,1ca90a2d-2943-483d-b678-b809bf464c30,L6 IT - DLPFC: Seattle Alzheimer's Disease Atlas (SEA-AD),SEA-AD: Seattle Alzheimer’s Disease Brain Cell Atlas,47373,83,1,29.0,89.0,60.0,21,10x 3' v3; 10x multiome,nucleus,dorsolateral prefrontal cortex,dementia; normal,https://datasets.cellxgene.cziscience.com/b8dc7763-e917-42ae-ac8d-1d82e75aac24.h5ad,2564934223,10.1038/s41593-024-01774-5,brain,1.0,True,0,1,0,0,0,0,False,False,False,False,True
58c43cc2-e00e-43c4-94eb-8501369264e1,1ca90a2d-2943-483d-b678-b809bf464c30,OPC - DLPFC: Seattle Alzheimer's Disease Atlas (SEA-AD),SEA-AD: Seattle Alzheimer’s Disease Brain Cell Atlas,29041,83,1,29.0,89.0,60.0,21,10x 3' v3; 10x multiome,nucleus,dorsolateral prefrontal cortex,dementia; normal,https://datasets.cellxgene.cziscience.com/92762ef7-6cb4-4946-ac81-f54c640a72a4.h5ad,678927071,10.1038/s41593-024-01774-5,brain,1.0,True,0,1,0,0,0,0,False,False,False,False,True
53bc5729-6202-4351-bc99-1f36139e9dc4,1ca90a2d-2943-483d-b678-b809bf464c30,Vip - DLPFC: Seattle Alzheimer's Disease Atlas (SEA-AD),SEA-AD: Seattle Alzheimer’s Disease Brain Cell Atlas,100215,83,1,29.0,89.0,60.0,21,10x 3' v3; 10x multiome,nucleus,dorsolateral prefrontal cortex,dementia; normal,https://datasets.cellxgene.cziscience.com/3118a841-51f1-469e-b6bc-84b9d4353ad9.h5ad,3319935858,10.1038/s41593-024-01774-5,brain,1.0,True,0,1,0,0,0,0,False,False,False,False,True
44c83972-e5d2-4858-ac58-2df9f4bf564b,1ca90a2d-2943-483d-b678-b809bf464c30,L5 IT - DLPFC: Seattle Alzheimer's Disease Atlas (SEA-AD),SEA-AD: Seattle Alzheimer’s Disease Brain Cell Atlas,104106,83,1,29.0,89.0,60.0,21,10x 3' v3; 10x multiome,nucleus,dorsolateral prefrontal cortex,dementia; normal,https://datasets.cellxgene.cziscience.com/062b6690-0131-4745-b220-5b3749f0bd6e.h5ad,5192905656,10.1038/s41593-024-01774-5,brain,1.0,True,0,1,0,0,0,0,False,False,False,False,True
2ecc72f8-085f-4e86-8692-771f316c54f6,1ca90a2d-2943-483d-b678-b809bf464c30,Endothelial - DLPFC: Seattle Alzheimer's Disease Atlas (SEA-AD),SEA-AD: Seattle Alzheimer’s Disease Brain Cell Atlas,2575,83,1,29.0,89.0,60.0,21,10x 3' v3; 10x multiome,nucleus,dorsolateral prefrontal cortex,dementia; normal,https://datasets.cellxgene.cziscience.com/cdb842f8-e62d-449b-9d9b-21b4ad012fc7.h5ad,55115421,10.1038/s41593-024-01774-5,brain,1.0,True,0,1,0,0,0,0,False,False,False,False,True
2e5a9b5d-d31b-4e9f-a179-d5d70ba459fb,1ca90a2d-2943-483d-b678-b809bf464c30,VLMC - DLPFC: Seattle Alzheimer's Disease Atlas (SEA-AD),SEA-AD: Seattle Alzheimer’s Disease Brain Cell Atlas,4860,83,1,29.0,89.0,60.0,21,10x 3' v3; 10x multiome,nucleus,dorsolateral prefrontal cortex,dementia; normal,https://datasets.cellxgene.cziscience.com/d9315841-b5c5-46cc-97bf-fd2804b0d310.h5ad,95814914,10.1038/s41593-024-01774-5,brain,1.0,True,0,1,0,0,0,0,False,False,False,False,True
1c9f5c6b-73da-4d17-95de-df080ffe0df1,1ca90a2d-2943-483d-b678-b809bf464c30,L6 IT Car3 - DLPFC: Seattle Alzheimer's Disease Atlas (SEA-AD),SEA-AD: Seattle Alzheimer’s Disease Brain Cell Atlas,13909,83,1,29.0,89.0,60.0,21,10x 3' v3; 10x multiome,nucleus,dorsolateral prefrontal cortex,dementia; normal,https://datasets.cellxgene.cziscience.com/53bf0c0b-18cb-4b09-b895-43bc7aa91873.h5ad,715314271,10.1038/s41593-024-01774-5,brain,1.0,True,0,1,0,0,0,0,False,False,False,False,True
100c6145-7b0e-4ba6-81c1-ffebed0d1ac4,1ca90a2d-2943-483d-b678-b809bf464c30,Microglia-PVM - DLPFC: Seattle Alzheimer's Disease Atlas (SEA-AD),SEA-AD: Seattle Alzheimer’s Disease Brain Cell Atlas,42486,83,1,29.0,89.0,60.0,21,10x 3' v3; 10x multiome,nucleus,dorsolateral prefrontal cortex,dementia; normal,https://datasets.cellxgene.cziscience.com/a3092416-4409-4805-aacb-be6fab3d9fb4.h5ad,715262151,10.1038/s41593-024-01774-5,brain,1.0,True,0,1,0,0,0,0,False,False,False,False,True
0ed60482-a34f-4268-b576-d69cc30210f6,1ca90a2d-2943-483d-b678-b809bf464c30,Lamp5 - DLPFC: Seattle Alzheimer's Disease Atlas (SEA-AD),SEA-AD: Seattle Alzheimer’s Disease Brain Cell Atlas,55968,83,1,29.0,89.0,60.0,21,10x 3' v3; 10x multiome,nucleus,dorsolateral prefrontal cortex,dementia; normal,https://datasets.cellxgene.cziscience.com/5533d469-a735-4311-876a-a09481a6bf17.h5ad,1819156289,10.1038/s41593-024-01774-5,brain,1.0,True,0,1,0,0,0,0,False,False,False,False,True
0eccaf0c-19d2-4900-9962-899378adf8be,1ca90a2d-2943-483d-b678-b809bf464c30,Pax6 - DLPFC: Seattle Alzheimer's Disease Atlas (SEA-AD),SEA-AD: Seattle Alzheimer’s Disease Brain Cell Atlas,9446,83,1,29.0,89.0,60.0,21,10x 3' v3; 10x multiome,nucleus,dorsolateral prefrontal cortex,dementia; normal,https://datasets.cellxgene.cziscience.com/078b5995-18a2-46c8-bf6d-78c318ceeab0.h5ad,383630332,10.1038/s41593-024-01774-5,brain,1.0,True,0,1,0,0,0,0,False,False,False,False,True
04c94a7d-1133-42c9-bb48-c697bd302a8d,1ca90a2d-2943-483d-b678-b809bf464c30,Pvalb - DLPFC: Seattle Alzheimer's Disease Atlas (SEA-AD),SEA-AD: Seattle Alzheimer’s Disease Brain Cell Atlas,116142,83,1,29.0,89.0,60.0,21,10x 3' v3; 10x multiome,nucleus,dorsolateral prefrontal cortex,dementia; normal,https://datasets.cellxgene.cziscience.com/c71d47a1-3d67-4ed8-acbf-90491d872b26.h5ad,4614479215,10.1038/s41593-024-01774-5,brain,1.0,True,0,1,0,0,0,0,False,False,False,False,True
0374f03c-62e2-4859-8a14-acb00b0627d5,1ca90a2d-2943-483d-b678-b809bf464c30,Chandelier - DLPFC: Seattle Alzheimer's Disease Atlas (SEA-AD),SEA-AD: Seattle Alzheimer’s Disease Brain Cell Atlas,15412,83,1,29.0,89.0,60.0,21,10x 3' v3; 10x multiome,nucleus,dorsolateral prefrontal cortex,dementia; normal,https://datasets.cellxgene.cziscience.com/baa56093-bff9-48c7-9f31-bf667398ec58.h5ad,516175666,10.1038/s41593-024-01774-5,brain,1.0,True,0,1,0,0,0,0,False,False,False,False,True
03181d87-4769-41e7-8c39-d9a81835f0d2,1ca90a2d-2943-483d-b678-b809bf464c30,Sst - DLPFC: Seattle Alzheimer's Disease Atlas (SEA-AD),SEA-AD: Seattle Alzheimer’s Disease Brain Cell Atlas,75706,83,1,29.0,89.0,60.0,21,10x 3' v3; 10x multiome,nucleus,dorsolateral prefrontal cortex,dementia; normal,https://datasets.cellxgene.cziscience.com/8a0d2cd6-9c0f-4afa-be62-d3d3a7dd02a6.h5ad,2284631641,10.1038/s41593-024-01774-5,brain,1.0,True,0,1,0,0,0,0,False,False,False,False,True
ff12e239-9292-4d25-bb0d-e4509b3bd92b,e2c257e7-6f79-487c-b81c-39451cd4ab3c,Pla_HDBR9518710,Spatial multiomics map of trophoblast development in early pregnancy,4992,1,14,,,,0,Visium Spatial Gene Expression V1,na,decidua basalis,normal,https://datasets.cellxgene.cziscience.com/cb243037-4550-4fa4-91f6-f1f93af6d880.h5ad,25674243,10.1038/s41586-023-05869-0,,0.0,False,0,0,0,0,0,0,False,False,False,False,True
f171db61-e57e-4535-a06a-35d8b6ef8f2b,e2c257e7-6f79-487c-b81c-39451cd4ab3c,donor_p13_trophoblasts,Spatial multiomics map of trophoblast development in early pregnancy,37675,2,4,,,,0,10x 3' v3; 10x multiome,nucleus,decidua basalis,normal,https://datasets.cellxgene.cziscience.com/52340498-6bfb-41c0-b56f-d070d125e161.h5ad,495065502,10.1038/s41586-023-05869-0,,0.0,False,0,0,0,0,0,0,False,False,False,False,True
ecf2e08e-2032-4a9e-b466-b65b395f4a02,e2c257e7-6f79-487c-b81c-39451cd4ab3c,All donors trophoblasts,Spatial multiomics map of trophoblast development in early pregnancy,75042,27,4,,,,0,10x 3' v2; 10x 3' v3; 10x multiome,cell; nucleus,decidua; decidua basalis; placenta,normal,https://datasets.cellxgene.cziscience.com/6963899a-879d-4b63-abd5-b11ddb7f8bef.h5ad,1231865787,10.1038/s41586-023-05869-0,,0.0,False,0,0,0,0,0,0,False,False,False,False,True
ebaaa22f-fbaa-4a9c-aa62-b938a4e2d319,e2c257e7-6f79-487c-b81c-39451cd4ab3c,Trophoblast_stemcells,Spatial multiomics map of trophoblast development in early pregnancy,9957,1,2,,,,0,10x 3' v3,cell,trophoblast cell,normal,https://datasets.cellxgene.cziscience.com/c4302382-d9f4-4766-a641-23ce58c3f224.h5ad,217871914,10.1038/s41586-023-05869-0,,0.0,False,0,0,0,0,0,0,False,False,False,False,True
dfe8e072-94a7-4152-a16a-acab4621863b,e2c257e7-6f79-487c-b81c-39451cd4ab3c,WS_PLA_S9101764,Spatial multiomics map of trophoblast development in early pregnancy,4992,1,8,,,,0,Visium Spatial Gene Expression V1,na,decidua basalis,normal,https://datasets.cellxgene.cziscience.com/94030789-d8d8-403a-b704-47735912e71d.h5ad,42852433,10.1038/s41586-023-05869-0,,0.0,False,0,0,0,0,0,0,False,False,False,False,True
dc5f82de-5919-4056-a2c8-c26d538d4418,e2c257e7-6f79-487c-b81c-39451cd4ab3c,WS_PLA_S9101767,Spatial multiomics map of trophoblast development in early pregnancy,4992,1,13,,,,0,Visium Spatial Gene Expression V1,na,decidua basalis,normal,https://datasets.cellxgene.cziscience.com/19ee9af5-b49a-4132-a5ff-293301d2ba23.h5ad,45401852,10.1038/s41586-023-05869-0,,0.0,False,0,0,0,0,0,0,False,False,False,False,True
d8440c8f-a5e7-4576-81ed-01b7f3a60598,e2c257e7-6f79-487c-b81c-39451cd4ab3c,WS_PLA_S9101765,Spatial multiomics map of trophoblast development in early pregnancy,4992,1,13,,,,0,Visium Spatial Gene Expression V1,na,decidua basalis,normal,https://datasets.cellxgene.cziscience.com/c77fb81b-9256-4cd0-8aa8-cd76c2b34149.h5ad,43113904,10.1038/s41586-023-05869-0,,0.0,False,0,0,0,0,0,0,False,False,False,False,True
c1568274-2af2-4cd5-b457-4e159cc18753,e2c257e7-6f79-487c-b81c-39451cd4ab3c,WS_PLA_S9101769,Spatial multiomics map of trophoblast development in early pregnancy,4992,1,11,,,,0,Visium Spatial Gene Expression V1,na,decidua basalis,normal,https://datasets.cellxgene.cziscience.com/f36e6592-182d-4ba4-a6db-4aa9a3eae278.h5ad,38101952,10.1038/s41586-023-05869-0,,0.0,False,0,0,0,0,0,0,False,False,False,False,True
ab326369-b63c-48d8-8a7f-82ffa0df7002,e2c257e7-6f79-487c-b81c-39451cd4ab3c,primary_trophoblast_organoid,Spatial multiomics map of trophoblast development in early pregnancy,26853,6,3,,,,0,10x 3' v3,cell,trophoblast,normal,https://datasets.cellxgene.cziscience.com/cfd31c69-e4fe-4eb2-a04f-cd955d6ce6f0.h5ad,622470040,10.1038/s41586-023-05869-0,,0.0,False,0,0,0,0,0,0,True,False,False,False,True
a1ea7856-890f-4ec4-8fd9-2b6354daa6a7,e2c257e7-6f79-487c-b81c-39451cd4ab3c,WS_PLA_S9101766,Spatial multiomics map of trophoblast development in early pregnancy,4992,1,8,,,,0,Visium Spatial Gene Expression V1,na,decidua basalis,normal,https://datasets.cellxgene.cziscience.com/20cd8cd1-d234-44bf-b2cf-3918e6488e8b.h5ad,34972512,10.1038/s41586-023-05869-0,,0.0,False,0,0,0,0,0,0,False,False,False,False,True
993cf43f-3b5b-424e-a67a-6ccf0a328450,e2c257e7-6f79-487c-b81c-39451cd4ab3c,Pla_Camb9518737,Spatial multiomics map of trophoblast development in early pregnancy,4992,1,14,,,,0,Visium Spatial Gene Expression V1,na,decidua basalis,normal,https://datasets.cellxgene.cziscience.com/c895d14c-02a3-4d05-9dc5-332dee731bd6.h5ad,41240309,10.1038/s41586-023-05869-0,,0.0,False,0,0,0,0,0,0,False,False,False,False,True
74cff64f-9da9-4b2a-9b3b-8a04a1598040,e2c257e7-6f79-487c-b81c-39451cd4ab3c,All donors all cell states (in vivo),Spatial multiomics map of trophoblast development in early pregnancy,325665,34,23,,,,0,10x 3' v2; 10x 3' v3; 10x multiome,cell; nucleus,blood; decidua; decidua basalis; placenta,normal,https://datasets.cellxgene.cziscience.com/7a4dd01b-96de-45cd-b4ac-c5892a8dc2bf.h5ad,3603220538,10.1038/s41586-023-05869-0,,0.0,False,0,0,0,0,0,0,False,False,False,False,True
4887f277-b45c-49a6-8c8a-de89e75dc032,e2c257e7-6f79-487c-b81c-39451cd4ab3c,WS_PLA_S9101770,Spatial multiomics map of trophoblast development in early pregnancy,4992,1,8,,,,0,Visium Spatial Gene Expression V1,na,decidua basalis,normal,https://datasets.cellxgene.cziscience.com/fcdc10a6-7d24-4464-b22b-47e9914a91ae.h5ad,38803348,10.1038/s41586-023-05869-0,,0.0,False,0,0,0,0,0,0,False,False,False,False,True
eaf0c852-1dff-47ab-8de2-a33a59969a40,f7cecffa-00b4-4560-a29a-8ad626b8ee08,10X Visium spatial transcriptomics on tumor-normal interface tissue sections,Mapping single-cell transcriptomes in the intra-tumoral and associated territories of kidney cancer,27912,7,35,,,,0,Visium Spatial Gene Expression V1,na,kidney,nonpapillary renal cell carcinoma,https://datasets.cellxgene.cziscience.com/8ed77943-b258-4fca-887b-2a309cde0535.h5ad,95701102,10.1016/j.ccell.2022.11.001,kidney,1.0,True,0,0,0,0,1,0,False,True,False,False,False
5af90777-6760-4003-9dba-8f945fec6fdf,f7cecffa-00b4-4560-a29a-8ad626b8ee08,Single-cell transcriptomic datasets of Renal cell carcinoma patients,Mapping single-cell transcriptomes in the intra-tumoral and associated territories of kidney cancer,270855,12,45,,,,0,10x 5' transcription profiling,cell,adrenal tissue; blood; kidney; perirenal fat; vein,kidney benign neoplasm; kidney oncocytoma; nonpapillary renal cell carcinoma; normal,https://datasets.cellxgene.cziscience.com/8784de63-bec2-49ae-b147-8f16108cecce.h5ad,1624330103,10.1016/j.ccell.2022.11.001,kidney,0.2,True,0,0,0,0,1,0,False,True,False,False,True
318cb2a6-743a-4404-9515-413d5f64b9ff,f7cecffa-00b4-4560-a29a-8ad626b8ee08,10X Visium spatial transcriptomics on tumor core tissue sections,Mapping single-cell transcriptomes in the intra-tumoral and associated territories of kidney cancer,10924,5,17,,,,0,Visium Spatial Gene Expression V1,na,kidney,nonpapillary renal cell carcinoma,https://datasets.cellxgene.cziscience.com/339480f8-4f4f-450d-b475-8963163396d1.h5ad,53462846,10.1016/j.ccell.2022.11.001,kidney,1.0,True,0,0,0,0,1,0,False,True,False,False,False
bd65a70f-b274-4133-b9dd-0d1431b6af34,3f50314f-bdc9-40c6-8e4a-b0901ebfbe4c,Single-cell sequencing links multiregional immune landscapes and tissue-resident T cells in ccRCC to tumor topology and therapy efficacy,Single-cell sequencing links multiregional immune landscapes and tissue-resident T cells in ccRCC to tumor topology and therapy efficacy,167283,6,18,50.0,69.0,19.0,6,10x 5' v2,cell,blood; kidney; lymph node,clear cell renal carcinoma,https://datasets.cellxgene.cziscience.com/6602fa5a-d663-4fe0-8dc3-90191c3a013b.h5ad,1177999600,10.1016/j.ccell.2021.03.007,kidney,0.3333333333333333,True,0,0,0,0,1,0,False,True,True,False,False
ff45e623-7f5f-46e3-b47d-56be0341f66b,e5f58829-1a66-40b5-a624-9046778e74f5,Tabula Sapiens - Pancreas,Tabula Sapiens,14140,3,23,37.0,59.0,22.0,3,10x 3' v3,cell,endocrine pancreas; exocrine pancreas,normal,https://datasets.cellxgene.cziscience.com/ba587dee-e050-4a31-bcb8-05e5418f9086.h5ad,740284996,10.1126/science.abl4896,,0.0,False,0,0,0,0,0,0,False,False,False,True,True
f01bdd17-4902-40f5-86e3-240d66dd2587,e5f58829-1a66-40b5-a624-9046778e74f5,Tabula Sapiens - Salivary_Gland,Tabula Sapiens,39821,4,31,45.0,69.0,24.0,4,10x 3' v3; Smart-seq2,cell,parotid gland; sublingual gland; submandibular gland,normal,https://datasets.cellxgene.cziscience.com/a9f49247-9866-422e-a9c3-d315f6e99369.h5ad,1801698900,10.1126/science.abl4896,,0.0,False,0,0,0,0,0,0,False,False,False,True,True
e6a11140-2545-46bc-929e-da243eed2cae,e5f58829-1a66-40b5-a624-9046778e74f5,Tabula Sapiens - Heart,Tabula Sapiens,25832,6,22,45.0,74.0,29.0,6,10x 3' v3; Smart-seq2,cell,cardiac atrium; cardiac ventricle; heart; heart right ventricle; right cardiac atrium,normal,https://datasets.cellxgene.cziscience.com/82197577-7914-45c0-9fde-6597a1da920f.h5ad,1164824995,10.1126/science.abl4896,heart,1.0,True,0,0,0,5,0,0,False,False,False,True,True
e5c63d94-593c-4338-a489-e1048599e751,e5f58829-1a66-40b5-a624-9046778e74f5,Tabula Sapiens - Bladder,Tabula Sapiens,66385,6,22,45.0,61.0,16.0,5,10x 3' v3; Smart-seq2,cell,bladder organ,normal,https://datasets.cellxgene.cziscience.com/8ffc335d-36fa-461e-be47-cd6503833420.h5ad,3317048769,10.1126/science.abl4896,,0.0,False,0,0,0,0,0,0,False,False,False,True,True
d8732da6-8d1d-42d9-b625-f2416c30054b,e5f58829-1a66-40b5-a624-9046778e74f5,Tabula Sapiens - Trachea,Tabula Sapiens,22671,6,28,45.0,67.0,22.0,6,10x 3' v3; Smart-seq2,cell,trachea,normal,https://datasets.cellxgene.cziscience.com/03500d0b-e9ae-42e0-9ae0-576a551099dc.h5ad,965091454,10.1126/science.abl4896,,0.0,False,0,0,0,0,0,0,False,False,False,True,True
d77ec7d6-ef2e-49d6-9e79-05b7f8881484,e5f58829-1a66-40b5-a624-9046778e74f5,Tabula Sapiens - Prostate,Tabula Sapiens,21030,3,14,56.0,60.0,4.0,3,10x 3' v3; Smart-seq2,cell,prostate gland,normal,https://datasets.cellxgene.cziscience.com/4a289bf1-97c2-4616-8e1c-585088d28c3e.h5ad,899351790,10.1126/science.abl4896,,0.0,False,0,0,0,0,0,0,False,False,False,True,True
cee11228-9f0b-4e57-afe2-cfe15ee56312,e5f58829-1a66-40b5-a624-9046778e74f5,Tabula Sapiens - Spleen,Tabula Sapiens,70448,6,26,45.0,69.0,24.0,6,10x 3' v3; 10x 5' v2; Smart-seq2,cell,spleen,normal,https://datasets.cellxgene.cziscience.com/5498457f-6a18-4766-b9a3-a2c8c4662703.h5ad,2654711797,10.1126/science.abl4896,,0.0,False,0,0,0,0,0,0,False,False,False,True,True
a357414d-2042-4eb5-95f0-c58604a18bdd,e5f58829-1a66-40b5-a624-9046778e74f5,Tabula Sapiens - Small_Intestine,Tabula Sapiens,42036,5,34,37.0,61.0,24.0,5,10x 3' v3; Smart-seq2,cell,duodenum; ileum; jejunum; small intestine,normal,https://datasets.cellxgene.cziscience.com/6db4dfe6-d421-4287-a9dc-22eaa59be966.h5ad,1807784328,10.1126/science.abl4896,,0.0,False,0,0,0,0,0,0,False,False,False,True,True
a2d4d33e-4c62-4361-b80a-9be53d2e50e8,e5f58829-1a66-40b5-a624-9046778e74f5,Tabula Sapiens - Vasculature,Tabula Sapiens,42650,5,25,45.0,61.0,16.0,5,10x 3' v3; Smart-seq2,cell,abdominal aorta; aorta; coronary artery; inferior vena cava; left coronary artery; thoracic aorta; vasculature,normal,https://datasets.cellxgene.cziscience.com/5d54a606-3cd9-4164-b862-a3c51e622790.h5ad,2182989015,10.1126/science.abl4896,,0.0,False,0,0,0,0,0,0,False,False,False,True,True
a0754256-f44b-4c4a-962c-a552e47d3fdc,e5f58829-1a66-40b5-a624-9046778e74f5,Tabula Sapiens - Eye,Tabula Sapiens,34273,4,39,40.0,57.0,17.0,4,10x 3' v3; Smart-seq2,cell,anterior segment of eyeball; chorioretinal region; conjunctiva; cornea; eye; eyelid; lacrimal gland; ocular surface region; posterior segment of eyeball; retinal neural layer; sclera,normal,https://datasets.cellxgene.cziscience.com/e9b8ea4b-7901-4992-94c7-8e85ccd06fb5.h5ad,1386005287,10.1126/science.abl4896,retina,0.18181818181818182,True,2,0,0,0,0,0,False,False,False,True,True
983d5ec9-40e8-4512-9e65-a572a9c486cb,e5f58829-1a66-40b5-a624-9046778e74f5,Tabula Sapiens - Blood,Tabula Sapiens,85233,9,22,33.0,69.0,36.0,7,10x 3' v3; 10x 5' v2; Smart-seq2,cell,blood,normal,https://datasets.cellxgene.cziscience.com/1bf55482-ad49-446a-87c6-f3442bebcef1.h5ad,2568875081,10.1126/science.abl4896,,0.0,False,0,0,0,0,0,0,False,False,False,True,True
7357cee7-9f7f-4ab0-8cec-90de8f047e38,e5f58829-1a66-40b5-a624-9046778e74f5,Tabula Sapiens - Large_Intestine,Tabula Sapiens,30084,5,29,37.0,61.0,24.0,5,10x 3' v3; Smart-seq2,cell,ascending colon; large intestine; sigmoid colon,normal,https://datasets.cellxgene.cziscience.com/81781bd2-7a71-43a8-ab31-2a9009c1aea6.h5ad,1021953432,10.1126/science.abl4896,,0.0,False,0,0,0,0,0,0,False,False,False,True,True
6ec405bb-4727-4c6d-ab4e-01fe489af7ea,e5f58829-1a66-40b5-a624-9046778e74f5,Tabula Sapiens - Uterus,Tabula Sapiens,22029,2,28,38.0,45.0,7.0,2,10x 3' v3; Smart-seq2,cell,endometrium; myometrium; uterus,normal,https://datasets.cellxgene.cziscience.com/ec18d0d1-3b1b-4413-b011-0078c8d69bd3.h5ad,896069813,10.1126/science.abl4896,,0.0,False,0,0,0,0,0,0,False,False,False,True,True
6d41668c-168c-4500-b06a-4674ccf3e19d,e5f58829-1a66-40b5-a624-9046778e74f5,Tabula Sapiens - Liver,Tabula Sapiens,22214,4,24,36.0,67.0,31.0,4,10x 3' v3; Smart-seq2,cell,liver,normal,https://datasets.cellxgene.cziscience.com/a4b3a49e-062b-4e3f-8915-02f40607651f.h5ad,834485899,10.1126/science.abl4896,liver,1.0,True,0,0,0,0,0,1,False,False,False,True,True
5e5e7a2f-8f1c-42ac-90dc-b4f80f38e84c,e5f58829-1a66-40b5-a624-9046778e74f5,Tabula Sapiens - Fat,Tabula Sapiens,94415,6,28,33.0,61.0,28.0,6,10x 3' v3; Smart-seq2,cell,adipose tissue; brown adipose tissue; subcutaneous adipose tissue,normal,https://datasets.cellxgene.cziscience.com/8115812f-9acf-4f62-b15f-bde18086a1c8.h5ad,3689061644,10.1126/science.abl4896,,0.0,False,0,0,0,0,0,0,False,False,False,True,True
55cf0ea3-9d2b-4294-871e-bb4b49a79fc7,e5f58829-1a66-40b5-a624-9046778e74f5,Tabula Sapiens - Tongue,Tabula Sapiens,38754,5,23,38.0,69.0,31.0,5,10x 3' v3; Smart-seq2,cell,anterior part of tongue; posterior part of tongue; tongue,normal,https://datasets.cellxgene.cziscience.com/07cf9c5f-6e79-4422-a4de-4427f0f4a76d.h5ad,2012081397,10.1126/science.abl4896,,0.0,False,0,0,0,0,0,0,False,False,False,True,True
4f1555bc-4664-46c3-a606-78d34dd10d92,e5f58829-1a66-40b5-a624-9046778e74f5,Tabula Sapiens - Bone_Marrow,Tabula Sapiens,27112,7,25,22.0,61.0,39.0,7,10x 3' v3; 10x 5' v2; Smart-seq2,cell,bone marrow,normal,https://datasets.cellxgene.cziscience.com/4aedb645-7487-4ab0-ad95-ee4db1b8eccd.h5ad,1030908100,10.1126/science.abl4896,,0.0,False,0,0,0,0,0,0,False,False,False,True,True
2ba40233-8576-4dec-a5f1-2adfa115e2dc,e5f58829-1a66-40b5-a624-9046778e74f5,Tabula Sapiens - Mammary,Tabula Sapiens,30936,2,17,38.0,56.0,18.0,2,10x 3' v3; Smart-seq2,cell,mammary gland,normal,https://datasets.cellxgene.cziscience.com/33b25f68-a9d6-4643-9283-653e937ae608.h5ad,1334205970,10.1126/science.abl4896,,0.0,False,0,0,0,0,0,0,False,False,False,True,True
2423ce2c-3149-4cca-a2ff-cf682ea29b5f,e5f58829-1a66-40b5-a624-9046778e74f5,Tabula Sapiens - Kidney,Tabula Sapiens,11376,1,13,61.0,61.0,0.0,1,10x 3' v3; Smart-seq2,cell,cortex of kidney; kidney,normal,https://datasets.cellxgene.cziscience.com/76b6cf23-56db-4eac-8ee8-d84ce64c0395.h5ad,449979909,10.1126/science.abl4896,kidney,1.0,True,0,0,0,0,2,0,False,False,False,True,True
1c9eb291-6d31-47e1-96b2-129b5e1ae64f,e5f58829-1a66-40b5-a624-9046778e74f5,Tabula Sapiens - Muscle,Tabula Sapiens,46772,6,32,38.0,61.0,23.0,5,10x 3' v3; Smart-seq2,cell,muscle of abdomen; muscle of pelvic diaphragm,normal,https://datasets.cellxgene.cziscience.com/4919a450-62fb-4741-b750-5591443edee8.h5ad,2050367134,10.1126/science.abl4896,skeletal muscle,1.0,True,0,0,2,0,0,0,False,False,False,True,True
18eb630b-a754-4111-8cd4-c24ec80aa5ec,e5f58829-1a66-40b5-a624-9046778e74f5,Tabula Sapiens - Lymph_Node,Tabula Sapiens,129062,6,25,45.0,69.0,24.0,6,10x 3' v3; 10x 5' v2; Smart-seq2,cell,inguinal lymph node; lymph node; mesenteric lymph node,normal,https://datasets.cellxgene.cziscience.com/6dd28080-1d36-4905-8b44-a9954a4438a2.h5ad,4086623268,10.1126/science.abl4896,,0.0,False,0,0,0,0,0,0,False,False,False,True,True
0d2ee4ac-05ee-40b2-afb6-ebb584caa867,e5f58829-1a66-40b5-a624-9046778e74f5,Tabula Sapiens - Lung,Tabula Sapiens,65847,4,34,59.0,61.0,2.0,3,10x 3' v3; Smart-seq2,cell,lung,normal,https://datasets.cellxgene.cziscience.com/fddf43a3-b7c8-49e9-ac0a-5e24b390849f.h5ad,3196847981,10.1126/science.abl4896,,0.0,False,0,0,0,0,0,0,False,False,False,True,True
0ced5e76-6040-47ff-8a72-93847965afc0,e5f58829-1a66-40b5-a624-9046778e74f5,Tabula Sapiens - Thymus,Tabula Sapiens,42729,5,33,45.0,61.0,16.0,5,10x 3' v3; 10x 5' v2; Smart-seq2,cell,thymus,normal,https://datasets.cellxgene.cziscience.com/b58baee9-3e90-4491-aa16-eb5818a6db27.h5ad,1722493602,10.1126/science.abl4896,,0.0,False,0,0,0,0,0,0,False,False,False,True,True
0041b9c3-6a49-4bf7-8514-9bc7190067a7,e5f58829-1a66-40b5-a624-9046778e74f5,Tabula Sapiens - Skin,Tabula Sapiens,17786,4,25,33.0,61.0,28.0,4,10x 3' v3; Smart-seq2,cell,buccal mucosa; skin of abdomen; skin of body; skin of chest,normal,https://datasets.cellxgene.cziscience.com/c240d5bc-a521-4330-a76b-7d566e939d87.h5ad,508729263,10.1126/science.abl4896,,0.0,False,0,0,0,0,0,0,False,False,False,True,True
96d4a4cd-db8e-4320-af10-a7d9418bc647,b1912131-de29-4f13-b528-164b45d69cfd,Differentiating white preadipocytes (cell culture),Mapping the transcriptional landscape of human white and brown adipogenesis using single-nuclei RNA-seq,25339,1,2,56.0,56.0,0.0,1,10x 3' v3,nucleus,preadipocyte,normal,https://datasets.cellxgene.cziscience.com/4a0a5782-f2d7-4904-b618-3d7a9106502e.h5ad,522905998,10.1016/j.molmet.2023.101746,,0.0,False,0,0,0,0,0,0,False,False,False,False,True
137ca42b-33b3-48fa-ae80-02a0747027cb,b1912131-de29-4f13-b528-164b45d69cfd,Differentiating brown preadipocytes (cell culture),Mapping the transcriptional landscape of human white and brown adipogenesis using single-nuclei RNA-seq,7594,1,2,56.0,56.0,0.0,1,10x 3' v3,nucleus,brown preadipocyte,normal,https://datasets.cellxgene.cziscience.com/abf565c0-fdbc-4a1b-af62-304d27eefd20.h5ad,149367017,10.1016/j.molmet.2023.101746,,0.0,False,0,0,0,0,0,0,False,False,False,False,True
c8f83821-a242-4ed7-86e9-7da077f5d348,9d63fcf1-5ca0-4006-8d8f-872f3327dbe9,white matter - astrocytes,"Brain matters: Unveiling the Distinct Contributions of Region, Age, and Sex to Glia diversity and CNS Function",3596,20,2,34.0,74.0,40.0,13,10x 3' v3,nucleus,Brodmann (1909) area 4; cervical spinal cord white matter; white matter of cerebellum,normal,https://datasets.cellxgene.cziscience.com/3830051f-82a0-4711-9ffe-359cf3b5a198.h5ad,31549990,10.1186/s40478-023-01568-z,brain,1.0,True,0,3,0,0,0,0,False,False,False,False,True
c05e6940-729c-47bd-a2a6-6ce3730c4919,9d63fcf1-5ca0-4006-8d8f-872f3327dbe9,white matter - all cells,"Brain matters: Unveiling the Distinct Contributions of Region, Age, and Sex to Glia diversity and CNS Function",45528,20,15,34.0,74.0,40.0,13,10x 3' v3,nucleus,Brodmann (1909) area 4; cervical spinal cord white matter; white matter of cerebellum,normal,https://datasets.cellxgene.cziscience.com/a08ce2b5-813f-4596-832b-088f02efb55d.h5ad,434458874,10.1186/s40478-023-01568-z,brain,1.0,True,0,3,0,0,0,0,False,False,False,False,True
894573ad-498f-47ee-9bec-ad0880147eea,9d63fcf1-5ca0-4006-8d8f-872f3327dbe9,white matter - neurons,"Brain matters: Unveiling the Distinct Contributions of Region, Age, and Sex to Glia diversity and CNS Function",10734,20,4,34.0,74.0,40.0,13,10x 3' v3,nucleus,Brodmann (1909) area 4; cervical spinal cord white matter; white matter of cerebellum,normal,https://datasets.cellxgene.cziscience.com/76367bc0-b279-45e0-bb3b-f17d61c5e7f0.h5ad,115547626,10.1186/s40478-023-01568-z,brain,1.0,True,0,3,0,0,0,0,False,False,False,False,True
84242d25-f656-4ca6-8e8d-f3d2beeba11f,9d63fcf1-5ca0-4006-8d8f-872f3327dbe9,white matter - microglia,"Brain matters: Unveiling the Distinct Contributions of Region, Age, and Sex to Glia diversity and CNS Function",3851,20,2,34.0,74.0,40.0,13,10x 3' v3,nucleus,Brodmann (1909) area 4; cervical spinal cord white matter; white matter of cerebellum,normal,https://datasets.cellxgene.cziscience.com/ed002f23-ad80-45e8-93ca-fc1470aef850.h5ad,36412452,10.1186/s40478-023-01568-z,brain,1.0,True,0,3,0,0,0,0,False,False,False,False,True
3d044b52-140a-4528-bf0d-a2dbef9e1f40,9d63fcf1-5ca0-4006-8d8f-872f3327dbe9,white matter - vascular cells,"Brain matters: Unveiling the Distinct Contributions of Region, Age, and Sex to Glia diversity and CNS Function",4880,20,4,34.0,74.0,40.0,13,10x 3' v3,nucleus,Brodmann (1909) area 4; cervical spinal cord white matter; white matter of cerebellum,normal,https://datasets.cellxgene.cziscience.com/c2efb6e2-78cf-4b5c-86c9-b9464a054f38.h5ad,53647625,10.1186/s40478-023-01568-z,brain,1.0,True,0,3,0,0,0,0,False,False,False,False,True
12194ced-8086-458e-84a8-e2ab935d8db1,9d63fcf1-5ca0-4006-8d8f-872f3327dbe9,white matter - oligodendroglia,"Brain matters: Unveiling the Distinct Contributions of Region, Age, and Sex to Glia diversity and CNS Function",21968,20,3,34.0,74.0,40.0,13,10x 3' v3,nucleus,Brodmann (1909) area 4; cervical spinal cord white matter; white matter of cerebellum,normal,https://datasets.cellxgene.cziscience.com/5519d4d4-61f4-4831-9992-c55ccc8c1452.h5ad,215115449,10.1186/s40478-023-01568-z,brain,1.0,True,0,3,0,0,0,0,False,False,False,False,True
965386e9-1e4f-466d-bf59-ebdca4b66b9b,26b5b4f6-828c-4791-b4a3-abb19e3b1952,Single cell RNA sequencing of bone marrow mononuclear cells from healthy donors and B-cell lymphoma patients following CD19 CAR T-cell therapy,Single cell RNA sequencing of bone marrow mononuclear cells from healthy donors and B-cell lymphoma patients following CD19 CAR T-cell therapy,92676,22,17,44.0,82.0,38.0,12,10x 5' v1,cell,bone marrow,B-cell non-Hodgkin lymphoma; normal,https://datasets.cellxgene.cziscience.com/4f515692-9f9c-47db-889d-efc6cffc303d.h5ad,682628818,10.1016/j.xcrm.2023.101158,,0.0,False,0,0,0,0,0,0,False,False,False,False,True
e47c65a8-7d2f-48b8-908e-04ea6505fa26,4195ab4c-20bd-4cd3-8b3d-65601277e731,scRNA-seq data - vascular cells,A spatially resolved single cell genomic atlas of the adult human breast,83651,126,3,,,,0,10x 3' v2; 10x 3' v3,cell,breast,normal,https://datasets.cellxgene.cziscience.com/e9041e47-b470-4c43-a4db-0f730560136b.h5ad,801190362,10.1038/s41586-023-06252-9,,0.0,False,0,0,0,0,0,0,False,False,False,False,True
c8d40d53-387b-48f2-9f89-72bfdb9c7c9f,4195ab4c-20bd-4cd3-8b3d-65601277e731,scRNA-seq data - perivascular cells,A spatially resolved single cell genomic atlas of the adult human breast,52638,126,2,,,,0,10x 3' v2; 10x 3' v3,cell,breast,normal,https://datasets.cellxgene.cziscience.com/35d89ed9-6dfe-4bc0-a330-7c838e10aba1.h5ad,381847161,10.1038/s41586-023-06252-9,,0.0,False,0,0,0,0,0,0,False,False,False,False,True
a41202e6-173c-477c-8b4d-e0688ee1c4cb,4195ab4c-20bd-4cd3-8b3d-65601277e731,scRNA-seq data - lymphatic cells,A spatially resolved single cell genomic atlas of the adult human breast,8982,125,1,,,,0,10x 3' v2; 10x 3' v3,cell,breast,normal,https://datasets.cellxgene.cziscience.com/2edb2873-f079-4741-80f2-24f82fb623af.h5ad,81348723,10.1038/s41586-023-06252-9,,0.0,False,0,0,0,0,0,0,False,False,False,False,True
7f08cbcc-5790-4576-8478-10e9a999b316,4195ab4c-20bd-4cd3-8b3d-65601277e731,snRNA-seq data - all cells,A spatially resolved single cell genomic atlas of the adult human breast,117346,20,10,,,,0,10x 3' v2; 10x 3' v3,nucleus,breast,normal,https://datasets.cellxgene.cziscience.com/21959d4d-3af8-406f-aa50-caecefcc7672.h5ad,733109548,10.1038/s41586-023-06252-9,,0.0,False,0,0,0,0,0,0,False,False,False,False,True
3d0d6923-a2c4-476f-a53e-3b7bfa010d90,4195ab4c-20bd-4cd3-8b3d-65601277e731,scRNA-seq data - fibroblasts,A spatially resolved single cell genomic atlas of the adult human breast,208390,126,1,,,,0,10x 3' v2; 10x 3' v3,cell,breast,normal,https://datasets.cellxgene.cziscience.com/3b05271d-77cc-4f2a-996b-23d8dd5712a9.h5ad,2074064127,10.1038/s41586-023-06252-9,,0.0,False,0,0,0,0,0,0,False,False,False,False,True
2a7f90de-098a-4a6f-ac07-9e6462792412,4195ab4c-20bd-4cd3-8b3d-65601277e731,scRNA-seq data - epithelial cells,A spatially resolved single cell genomic atlas of the adult human breast,240804,126,3,,,,0,10x 3' v2; 10x 3' v3,cell,breast,normal,https://datasets.cellxgene.cziscience.com/40f1f4ee-62ed-43b2-9fa2-a22e93c68c7a.h5ad,2805671980,10.1038/s41586-023-06252-9,,0.0,False,0,0,0,0,0,0,False,False,True,False,True
8e10f1c4-8e98-41e5-b65f-8cd89a887122,283d65eb-dd53-496d-adb7-7570c7caa443,All neurons,Human Brain Cell Atlas v1.0,2480956,4,26,29.0,60.0,31.0,4,10x 3' v3,nucleus,Brodmann (1909) area 13; Brodmann (1909) area 14; Brodmann (1909) area 19; Brodmann (1909) area 23; Brodmann (1909) area 24; Brodmann (1909) area 25; Brodmann (1909) area 32; Brodmann (1909) area 35; Brodmann (1909) area 38; Brodmann (1909) area 40; Brodmann (1909) area 43; Brodmann (1909) area 46; ,normal,https://datasets.cellxgene.cziscience.com/937f8304-300e-46ff-a84c-28df40b59d2b.h5ad,32875537618,10.1126/science.add7046,brain,1.0,True,0,12,0,0,0,0,False,False,False,False,True
9d8e5dca-03a3-457d-b7fb-844c75735c83,6b701826-37bb-4356-9792-ff41fc4c3161,Human abdominal subcutaneous and intraabdominal white adipose tissue - 22 integrated samples,Single-Nucleus Analysis of Human White Adipose Tissue Reveals Adipocyte Subsets with Distinct Metabolic Profiles,65668,19,17,18.0,66.0,48.0,14,10x 3' v3,nucleus,subcutaneous abdominal adipose tissue; visceral abdominal adipose tissue,normal,https://datasets.cellxgene.cziscience.com/a2f61ea6-e115-4304-a674-0ce025e98788.h5ad,992937884,10.1038/s41467-026-75426-6,,0.0,False,0,0,0,0,0,0,False,False,False,True,True
fb09f8c3-cb71-480d-8919-d8afd2670b97,4195ab4c-20bd-4cd3-8b3d-65601277e731,visium spatial - sample v06,A spatially resolved single cell genomic atlas of the adult human breast,4992,1,9,,,,0,Visium Spatial Gene Expression V1,na,breast,normal,https://datasets.cellxgene.cziscience.com/393167fd-0f6e-4b8d-87b0-ffae1caf9605.h5ad,2072972702,10.1038/s41586-023-06252-9,,0.0,False,0,0,0,0,0,0,False,False,False,False,True
c45f05b3-aafc-4fce-a800-133a2364df64,4195ab4c-20bd-4cd3-8b3d-65601277e731,visium spatial - sample v04,A spatially resolved single cell genomic atlas of the adult human breast,4992,1,9,,,,0,Visium Spatial Gene Expression V1,na,breast,normal,https://datasets.cellxgene.cziscience.com/5960dd52-90e6-418f-9d04-45babcc47292.h5ad,780722423,10.1038/s41586-023-06252-9,,0.0,False,0,0,0,0,0,0,False,False,False,False,True
a6388a6f-6076-401b-9b30-7d4306a20035,4195ab4c-20bd-4cd3-8b3d-65601277e731,scRNA-seq data - myeloid cells,A spatially resolved single cell genomic atlas of the adult human breast,30789,126,11,,,,0,10x 3' v2; 10x 3' v3,cell,breast,normal,https://datasets.cellxgene.cziscience.com/275526cc-c493-4392-b3f6-2b4e4aa82e7d.h5ad,315053953,10.1038/s41586-023-06252-9,,0.0,False,0,0,0,0,0,0,False,False,True,False,True
a31525c0-a7ee-409e-a0ee-9bf4f507c7f1,4195ab4c-20bd-4cd3-8b3d-65601277e731,visium spatial - sample v03,A spatially resolved single cell genomic atlas of the adult human breast,4992,1,9,,,,0,Visium Spatial Gene Expression V1,na,breast,normal,https://datasets.cellxgene.cziscience.com/26ac3f4a-fe21-4056-8980-f74c0de52cff.h5ad,791988194,10.1038/s41586-023-06252-9,,0.0,False,0,0,0,0,0,0,False,False,False,False,True
87183784-5b2e-4de0-a960-cffdeb005a7d,4195ab4c-20bd-4cd3-8b3d-65601277e731,visium spatial - sample v10,A spatially resolved single cell genomic atlas of the adult human breast,4992,1,9,,,,0,Visium Spatial Gene Expression V1,na,breast,normal,https://datasets.cellxgene.cziscience.com/63dfaacd-c2b6-48ab-aafe-bda743dc9b22.h5ad,2256231473,10.1038/s41586-023-06252-9,,0.0,False,0,0,0,0,0,0,False,False,False,False,True
842c6f5d-4a94-4eef-8510-8c792d1124bc,4195ab4c-20bd-4cd3-8b3d-65601277e731,scRNA-seq data - all cells,A spatially resolved single cell genomic atlas of the adult human breast,714331,126,39,,,,0,10x 3' v2; 10x 3' v3,cell,breast,normal,https://datasets.cellxgene.cziscience.com/296226b4-4916-44a3-97cc-60bdfb95f2e1.h5ad,6906700570,10.1038/s41586-023-06252-9,,0.0,False,0,0,0,0,0,0,False,False,False,False,True
74520626-b0ba-4ee9-86b5-714649554def,4195ab4c-20bd-4cd3-8b3d-65601277e731,scRNA-seq data - T cells,A spatially resolved single cell genomic atlas of the adult human breast,76567,126,13,,,,0,10x 3' v2; 10x 3' v3,cell,breast,normal,https://datasets.cellxgene.cziscience.com/bdc0daca-3fcf-4c05-9d46-330e038b820c.h5ad,444870594,10.1038/s41586-023-06252-9,,0.0,False,0,0,0,0,0,0,False,False,True,False,True
6e96d93c-de27-4cb2-9ac1-051111ce2aff,4195ab4c-20bd-4cd3-8b3d-65601277e731,visium spatial - sample v08,A spatially resolved single cell genomic atlas of the adult human breast,4992,1,9,,,,0,Visium Spatial Gene Expression V1,na,breast,normal,https://datasets.cellxgene.cziscience.com/f85fb730-4f32-4b6e-8063-04681757a0ec.h5ad,2382280850,10.1038/s41586-023-06252-9,,0.0,False,0,0,0,0,0,0,False,False,False,False,True
66025d4a-04e7-457b-b0a3-15832a669616,4195ab4c-20bd-4cd3-8b3d-65601277e731,visium UMAP - all samples,A spatially resolved single cell genomic atlas of the adult human breast,23686,10,8,,,,0,Visium Spatial Gene Expression V1,na,breast,normal,https://datasets.cellxgene.cziscience.com/81bedfd5-8add-4d05-a4cf-f69d40453469.h5ad,200960024,10.1038/s41586-023-06252-9,,0.0,False,0,0,0,0,0,0,False,False,False,False,True
59f3a9d6-8bab-481d-8c42-766991595687,4195ab4c-20bd-4cd3-8b3d-65601277e731,visium spatial - sample v01,A spatially resolved single cell genomic atlas of the adult human breast,4992,1,9,,,,0,Visium Spatial Gene Expression V1,na,breast,normal,https://datasets.cellxgene.cziscience.com/56279f26-6681-4082-b5b8-dc80e853cf9d.h5ad,70008970,10.1038/s41586-023-06252-9,,0.0,False,0,0,0,0,0,0,False,False,False,False,True
49108ba9-1b7a-4a8a-9859-3d32e6a83926,4195ab4c-20bd-4cd3-8b3d-65601277e731,visium spatial - sample v02,A spatially resolved single cell genomic atlas of the adult human breast,4992,1,9,,,,0,Visium Spatial Gene Expression V1,na,breast,normal,https://datasets.cellxgene.cziscience.com/db31bb77-d40e-4ee1-8459-e360ae8f21d0.h5ad,58834212,10.1038/s41586-023-06252-9,,0.0,False,0,0,0,0,0,0,False,False,False,False,True
396a9124-fb20-4822-bf9c-e93fdf7c999a,4195ab4c-20bd-4cd3-8b3d-65601277e731,scRNA-seq data - B cells,A spatially resolved single cell genomic atlas of the adult human breast,12510,125,5,,,,0,10x 3' v2; 10x 3' v3,cell,breast,normal,https://datasets.cellxgene.cziscience.com/90377993-524f-40d2-8295-6317288ffca6.h5ad,87651525,10.1038/s41586-023-06252-9,,0.0,False,0,0,0,0,0,0,False,False,False,False,True
31b49393-4485-4998-9ef4-33e03c4c1789,4195ab4c-20bd-4cd3-8b3d-65601277e731,visium spatial - sample v09,A spatially resolved single cell genomic atlas of the adult human breast,4992,1,9,,,,0,Visium Spatial Gene Expression V1,na,breast,normal,https://datasets.cellxgene.cziscience.com/ecf3b123-eb32-4da9-8f9e-b5ec9c1bd609.h5ad,2223016514,10.1038/s41586-023-06252-9,,0.0,False,0,0,0,0,0,0,False,False,False,False,True
2d3e3c41-3425-4450-9914-95ed7edf7752,4195ab4c-20bd-4cd3-8b3d-65601277e731,visium spatial - sample v05,A spatially resolved single cell genomic atlas of the adult human breast,4992,1,9,,,,0,Visium Spatial Gene Expression V1,na,breast,normal,https://datasets.cellxgene.cziscience.com/93bdc48a-54ec-4b1b-828b-b262a8224062.h5ad,1924329448,10.1038/s41586-023-06252-9,,0.0,False,0,0,0,0,0,0,False,False,False,False,True
170e9c52-5e8a-4ccf-99b6-d45b25b14614,4195ab4c-20bd-4cd3-8b3d-65601277e731,visium spatial - sample v07,A spatially resolved single cell genomic atlas of the adult human breast,4992,1,9,,,,0,Visium Spatial Gene Expression V1,na,breast,normal,https://datasets.cellxgene.cziscience.com/440f840c-0614-44e9-9ce1-e9e0bff106ba.h5ad,2011404036,10.1038/s41586-023-06252-9,,0.0,False,0,0,0,0,0,0,False,False,False,False,True
e84f2780-51e8-4cfa-8aa0-13bbfef677c7,74e10dc4-cbb2-4605-a189-8a1cd8e44d8c,All cells from human liver dataset,Spatial proteogenomics reveals distinct and evolutionarily conserved hepatic macrophage niches,167598,19,14,28.0,77.0,49.0,15,10x 3' v2; 10x 3' v3,cell; nucleus,liver,normal,https://datasets.cellxgene.cziscience.com/a2ebec68-7e59-4c44-a88f-c9ef87139d2e.h5ad,1026110286,10.1016/j.cell.2021.12.018,liver,1.0,True,0,0,0,0,0,1,False,False,False,False,True
dfdf1ae2-d624-4004-9353-f18b902f6bca,74e10dc4-cbb2-4605-a189-8a1cd8e44d8c,Myeloid cells from human liver dataset,Spatial proteogenomics reveals distinct and evolutionarily conserved hepatic macrophage niches,40821,14,7,28.0,77.0,49.0,10,10x 3' v2; 10x 3' v3,cell,liver,normal,https://datasets.cellxgene.cziscience.com/6da1a5a2-9a57-40e9-bb22-003ef183661c.h5ad,281129732,10.1016/j.cell.2021.12.018,liver,1.0,True,0,0,0,0,0,1,False,False,True,False,True
d1cbed97-d88f-4954-8925-13302fe30b39,74e10dc4-cbb2-4605-a189-8a1cd8e44d8c,CD45 negative cells from human liver dataset,Spatial proteogenomics reveals distinct and evolutionarily conserved hepatic macrophage niches,15481,15,8,28.0,77.0,49.0,13,10x 3' v2; 10x 3' v3,cell; nucleus,liver,normal,https://datasets.cellxgene.cziscience.com/b3773f9d-db5e-420d-a27e-479edd2d43b3.h5ad,194091886,10.1016/j.cell.2021.12.018,liver,1.0,True,0,0,0,0,0,1,False,False,False,False,True
b03e4ef8-4e6b-47f4-84a7-e8ed033d08cd,74e10dc4-cbb2-4605-a189-8a1cd8e44d8c,Lymphoid cells from human liver dataset,Spatial proteogenomics reveals distinct and evolutionarily conserved hepatic macrophage niches,105790,19,11,28.0,77.0,49.0,15,10x 3' v2; 10x 3' v3,cell; nucleus,liver,normal,https://datasets.cellxgene.cziscience.com/f70edcee-38a7-403f-94ca-b4bbb8e61bf3.h5ad,537908600,10.1016/j.cell.2021.12.018,liver,1.0,True,0,0,0,0,0,1,False,False,False,False,True
f1f123cc-ca2c-460f-b7f1-88240efb1e82,6d203948-a779-4b69-9b3f-1ee1dadc3980,UMAP visualization of keratinocyte subclusters,"Differential cell composition and split epidermal differentiation in human palm, sole, and hip skin",9471,4,1,39.0,65.0,26.0,4,10x 3' v2; 10x 3' v3,cell,skin epidermis; skin of body,normal,https://datasets.cellxgene.cziscience.com/9662b6de-67f5-4698-a0e6-e376787a7b68.h5ad,104009437,10.1016/j.celrep.2023.111994,,0.0,False,0,0,0,0,0,0,False,False,False,False,True
de94c504-4b58-4f42-b68d-74a8e4892f0e,6d203948-a779-4b69-9b3f-1ee1dadc3980,UMAP visualization of all 12 datasets,"Differential cell composition and split epidermal differentiation in human palm, sole, and hip skin",15243,4,6,39.0,65.0,26.0,4,10x 3' v2; 10x 3' v3,cell,dermis; skin epidermis; skin of body,normal,https://datasets.cellxgene.cziscience.com/19292dfa-1aa8-43be-966f-4172977141e0.h5ad,138556499,10.1016/j.celrep.2023.111994,,0.0,False,0,0,0,0,0,0,False,False,False,False,True
da684768-fb01-455b-9f0f-b63a3e2f844f,6d203948-a779-4b69-9b3f-1ee1dadc3980,UMAP visualization of fibroblast subclusters,"Differential cell composition and split epidermal differentiation in human palm, sole, and hip skin",2303,4,1,39.0,65.0,26.0,4,10x 3' v2; 10x 3' v3,cell,dermis; skin of body,normal,https://datasets.cellxgene.cziscience.com/99c00c97-629f-49a4-9b3b-46a930a6d09d.h5ad,20010700,10.1016/j.celrep.2023.111994,,0.0,False,0,0,0,0,0,0,False,False,False,False,True
9f222629-9e39-47d0-b83f-e08d610c7479,6f6d381a-7701-4781-935c-db10d30de293,An integrated cell atlas of the human lung in health and disease (full),The integrated Human Lung Cell Atlas,2282447,484,51,0.0833333333333333,86.0,85.91666666666667,74,10x 3' v1; 10x 3' v2; 10x 3' v3; 10x 5' transcription profiling; 10x 5' v1; 10x 5' v2; Drop-seq; Seq-Well,cell; nucleus,lung; lung parenchyma; nose; respiratory airway,COVID-19; chronic obstructive pulmonary disease; chronic rhinitis; cystic fibrosis; hypersensitivity pneumonitis; interstitial lung disease; lung adenocarcinoma; lung large cell carcinoma; lymphangiol,https://datasets.cellxgene.cziscience.com/5f863718-02a6-46cb-83e7-52be988b915b.h5ad,21860171922,10.1038/s41591-023-02327-2,,0.0,False,0,0,0,0,0,0,False,False,False,True,False
b0e547f0-462b-4f81-b31b-5b0a5d96f537,ced320a1-29f3-47c1-a735-513c7084d508,"AIDA Phase 1 Data Freeze v1: Chinese, Indian, Japanese, Korean, and Malay donors in Japan, Singapore, and South Korea",Asian Immune Diversity Atlas (AIDA),1058909,508,33,19.0,75.0,56.0,54,10x 5' v2,cell,blood,normal,https://datasets.cellxgene.cziscience.com/c51e913d-832a-44a1-8f43-d20c51a1799f.h5ad,10547314784,10.1016/j.cell.2025.02.017,,0.0,False,0,0,0,0,0,0,False,False,False,False,True
d41f45c1-1b7b-4573-a998-ac5c5acb1647,efd94500-1fdc-4e28-9e9f-a309d0154e21,Transcriptional connectivity of regulatory T cells in the tumor microenvironment informs novel combination cancer therapy strategies,HTAN MSK - Transcriptional connectivity of regulatory T cells in the tumor microenvironment informs novel combination cancer therapy strategies,82991,23,8,,,,0,10x 3' v2; 10x 3' v3,cell,left lung; lower lobe of left lung; lower lobe of right lung; middle lobe of right lung; right lung; upper lobe of left lung; upper lobe of right lung,lung adenocarcinoma,https://datasets.cellxgene.cziscience.com/3e1c5296-5c2d-49df-8423-268bcb01f175.h5ad,626624817,10.1038/s41590-023-01504-2,,0.0,False,0,0,0,0,0,0,False,True,True,False,False
f801b7a9-80a6-4d09-9161-71474deb58ae,1df8c90d-d299-4b2e-a54d-a5a80f36e780,"normal - Single-cell analyses of renal cell cancers reveal insights into tumor microenvironment, cell of origin, and therapy response","Single-cell analyses of renal cell cancers reveal insights into tumor microenvironment, cell of origin, and therapy response",6044,5,21,65.0,76.0,11.0,5,10x 3' v2,cell,kidney,normal,https://datasets.cellxgene.cziscience.com/5f0b9675-aed8-4870-8ad8-7a3f38037486.h5ad,58231471,10.1073/pnas.2103240118,kidney,1.0,True,0,0,0,0,1,0,False,True,False,False,True
be39785b-67cb-4177-be19-a40ee3747e45,1df8c90d-d299-4b2e-a54d-a5a80f36e780,"ccRCC - Single-cell analyses of renal cell cancers reveal insights into tumor microenvironment, cell of origin, and therapy response","Single-cell analyses of renal cell cancers reveal insights into tumor microenvironment, cell of origin, and therapy response",20509,7,9,66.0,76.0,10.0,6,10x 3' v2,cell,kidney,clear cell renal carcinoma,https://datasets.cellxgene.cziscience.com/f77a9049-7cbe-477d-8d3f-b417bba03147.h5ad,232252366,10.1073/pnas.2103240118,kidney,1.0,True,0,0,0,0,1,0,False,True,False,False,False
4c6f9f26-5470-455b-8933-c408232fbf56,1df8c90d-d299-4b2e-a54d-a5a80f36e780,"chRCC - Single-cell analyses of renal cell cancers reveal insights into tumor microenvironment, cell of origin, and therapy response","Single-cell analyses of renal cell cancers reveal insights into tumor microenvironment, cell of origin, and therapy response",2576,1,5,43.0,43.0,0.0,1,10x 3' v2,cell,kidney,chromophobe renal cell carcinoma,https://datasets.cellxgene.cziscience.com/36f72651-4bac-4dd3-9a9b-9a0c5d55fcf1.h5ad,41183181,10.1073/pnas.2103240118,kidney,1.0,True,0,0,0,0,1,0,False,True,False,False,False
be35c935-ee4f-475c-9d3c-97630d59a735,48259aa8-f168-4bf5-b797-af8e88da6637,HBCA - stroma,Human breast cell atlas,416825,55,9,19.0,65.0,46.0,33,10x 3' v3,cell,breast,normal,https://datasets.cellxgene.cziscience.com/5bfb270a-9e69-4f52-8872-bd19ac44fbe3.h5ad,3485434018,10.1038/s41588-024-01688-9,,0.0,False,0,0,0,0,0,0,False,False,False,False,True
975e13b6-bec1-4eed-b46a-9be1f1357373,48259aa8-f168-4bf5-b797-af8e88da6637,HBCA - epithelial,Human breast cell atlas,352496,55,5,19.0,65.0,46.0,33,10x 3' v3,cell,breast,normal,https://datasets.cellxgene.cziscience.com/5f7a4238-88af-4984-aa28-9c68f8902470.h5ad,4513946508,10.1038/s41588-024-01688-9,,0.0,False,0,0,0,0,0,0,False,False,False,False,True
24ec2dc5-3573-4d66-a9e1-25b7dcf43e27,48259aa8-f168-4bf5-b797-af8e88da6637,HBCA - immune,Human breast cell atlas,25382,55,15,19.0,65.0,46.0,33,10x 3' v3,cell,breast,normal,https://datasets.cellxgene.cziscience.com/ef77cde8-9a2a-4362-ab08-510d2ec80f60.h5ad,148450519,10.1038/s41588-024-01688-9,,0.0,False,0,0,0,0,0,0,False,False,False,False,True
0ba636a1-4754-4786-a8be-7ab3cf760fd6,48259aa8-f168-4bf5-b797-af8e88da6637,HBCA - global,Human breast cell atlas,803283,55,25,19.0,65.0,46.0,33,10x 3' v3,cell,breast,normal,https://datasets.cellxgene.cziscience.com/ed8cdda6-9985-4a62-933a-eee60b11cb18.h5ad,8336712858,10.1038/s41588-024-01688-9,,0.0,False,0,0,0,0,0,0,False,False,False,False,True
c2876b1b-06d8-4d96-a56b-5304f815b99a,1ca90a2d-2943-483d-b678-b809bf464c30,Whole Taxonomy - MTG: Seattle Alzheimer's Disease Atlas (SEA-AD),SEA-AD: Seattle Alzheimer’s Disease Brain Cell Atlas,1378211,89,18,29.0,89.0,60.0,24,10x 3' v3; 10x multiome,nucleus,middle temporal gyrus,dementia; normal,https://datasets.cellxgene.cziscience.com/732b4aa7-e441-4196-b05e-127433425613.h5ad,50775398656,10.1038/s41593-024-01774-5,,0.0,False,0,0,0,0,0,0,False,False,False,False,True
3f32121d-126b-4e8d-9f69-d86502d2a1b1,7651ac1a-f947-463a-9223-a9e408a41989,fetal and neonatal human small intestine cells,Insulin is expressed by enteroendocrine cells during human fetal development,36359,6,10,,,,0,10x 3' v2; 10x 3' v3,cell,small intestine,normal,https://datasets.cellxgene.cziscience.com/fe96972c-7199-4146-9e03-af518d8916cc.h5ad,1837316244,10.1038/s41591-021-01586-1,,0.0,False,0,0,0,0,0,0,False,False,False,False,True
ac2fea99-ce08-4fca-8d03-a19f37bf21a3,661a402a-2a5a-4c71-9b05-b346c57bc451,Human Immune Cell Lineage,Single-cell roadmap of human gonadal development,20556,52,18,,,,0,10x 5' v1; 10x 5' v2,cell,gonad,normal,https://datasets.cellxgene.cziscience.com/0706b252-28ac-498e-a26f-84f29df83a2c.h5ad,2360396555,10.1038/s41586-022-04918-4,,0.0,False,0,0,0,0,0,0,False,False,False,False,True
535e9336-2d8d-43c3-944d-bcbebe20df8a,661a402a-2a5a-4c71-9b05-b346c57bc451,Human Male,Single-cell roadmap of human gonadal development,133811,21,13,,,,0,10x 5' v1; 10x 5' v2,cell,gonad,normal,https://datasets.cellxgene.cziscience.com/62227d79-abcd-4da5-8386-cbc2ff0a700a.h5ad,1302209260,10.1038/s41586-022-04918-4,,0.0,False,0,0,0,0,0,0,False,False,False,False,True
4fb330ab-2d74-4649-b58f-7ffef457efdf,661a402a-2a5a-4c71-9b05-b346c57bc451,Human Somatic Cell Lineage,Single-cell roadmap of human gonadal development,191230,51,9,,,,0,10x 5' v1,cell,gonad,normal,https://datasets.cellxgene.cziscience.com/c372881c-3e6a-4252-b6cd-4dcac3bde50e.h5ad,2245326856,10.1038/s41586-022-04918-4,,0.0,False,0,0,0,0,0,0,False,False,False,False,True
290d50c7-7158-4198-acf5-6d4b624fd3dc,661a402a-2a5a-4c71-9b05-b346c57bc451,Human Germ Cells,Single-cell roadmap of human gonadal development,10993,44,5,,,,0,10x 5' v1; 10x 5' v2,cell,gonad,normal,https://datasets.cellxgene.cziscience.com/705f4445-9faa-4265-934d-9e1d2badc430.h5ad,197127667,10.1038/s41586-022-04918-4,,0.0,False,0,0,0,0,0,0,False,False,False,False,True
18e2a8c5-33f7-455e-a58a-b2ba6921db27,661a402a-2a5a-4c71-9b05-b346c57bc451,Human Female,Single-cell roadmap of human gonadal development,213898,30,15,,,,0,10x 5' v1; 10x 5' v2,cell,gonad,normal,https://datasets.cellxgene.cziscience.com/002a804c-cced-43ff-80d0-9a72969fe26c.h5ad,2736956306,10.1038/s41586-022-04918-4,,0.0,False,0,0,0,0,0,0,False,False,False,False,True
ee195b7d-184d-4dfa-9b1c-51a7e601ac11,dfc09a93-bce0-4c77-893d-e153d1b7f9fa,Adult duodenum,Charting human development using a multi-endodermal organ atlas and organoid models,5200,2,10,45.0,50.0,5.0,2,10x 3' v2,cell,duodenum,normal,https://datasets.cellxgene.cziscience.com/1f896487-282d-4303-a948-3cbdd1b721b0.h5ad,35088832,10.1016/j.cell.2021.04.028,,0.0,False,0,0,0,0,0,0,True,False,False,False,True
9968be68-ab65-4a38-9e1a-c9b6abece194,dfc09a93-bce0-4c77-893d-e153d1b7f9fa,Developing Human Atlas,Charting human development using a multi-endodermal organ atlas and organoid models,155232,14,20,,,,0,10x 3' v2; 10x 3' v3,cell,body of stomach; colon; duodenum; epithelium of trachea; esophagus; ileum; jejunum; liver; lung; pyloric antrum; small intestine; stomach,normal,https://datasets.cellxgene.cziscience.com/00b80c9b-8dbd-45c1-8347-51fbe8bd150e.h5ad,842743828,10.1016/j.cell.2021.04.028,liver,0.08333333333333333,True,0,0,0,0,0,1,True,False,False,False,True
e22482ee-19e8-40bc-9f6e-541dc3c82c20,2a0b02c0-fea6-47bd-92b9-9b03f5d2580c,All cells,Single cell dissection of plasma cell heterogeneity in symptomatic and asymptomatic myeloma,54753,66,8,40.0,84.0,44.0,12,MARS-seq,cell,bone marrow,normal; plasma cell myeloma,https://datasets.cellxgene.cziscience.com/1b8f0df0-483f-48c7-8d5e-f6becd47b680.h5ad,206369593,10.1038/s41591-018-0269-2,,0.0,False,0,0,0,0,0,0,False,False,False,False,True
b165f033-9dec-468a-9248-802fc6902a74,283d65eb-dd53-496d-adb7-7570c7caa443,All non-neuronal cells,Human Brain Cell Atlas v1.0,888263,4,13,29.0,60.0,31.0,4,10x 3' v3,nucleus,Brodmann (1909) area 13; Brodmann (1909) area 14; Brodmann (1909) area 19; Brodmann (1909) area 23; Brodmann (1909) area 24; Brodmann (1909) area 25; Brodmann (1909) area 32; Brodmann (1909) area 35; Brodmann (1909) area 38; Brodmann (1909) area 40; Brodmann (1909) area 43; Brodmann (1909) area 46; ,normal,https://datasets.cellxgene.cziscience.com/bef677f9-90fa-4cc4-a0f8-6892c6f646bb.h5ad,4666925886,10.1126/science.add7046,brain,1.0,True,0,12,0,0,0,0,False,False,False,False,True
d8da613f-e681-4c69-b463-e94f5e66847f,e4c9ed14-e560-4900-a3bf-b0f8d2ce6a10,A molecular single-cell lung atlas of lethal COVID-19,A molecular single-cell lung atlas of lethal COVID-19,116313,27,30,58.0,84.0,26.0,15,10x 3' v3,nucleus,lung,COVID-19; normal,https://datasets.cellxgene.cziscience.com/1792df55-7cfe-4564-afcf-4bb3ffb73bc0.h5ad,501862578,10.1038/s41586-021-03569-1,,0.0,False,0,0,0,0,0,0,False,False,False,False,True
fe4b89d5-461e-440c-a5a8-621b37b122c0,5c868b6f-62c5-4532-9d7f-a346ad4b50a7,TI epithelial,The landscape of immune dysregulation in Crohn’s disease revealed through single-cell transcriptomic profiling in the ileum and colon,154136,42,8,,,,0,10x 3' v2; 10x 3' v3,cell,epithelium of small intestine; ileal epithelium; ileum; ileum lamina propria; lamina propria of small intestine; small intestine,Crohn disease; normal,https://datasets.cellxgene.cziscience.com/6a6b7339-106f-420b-95ae-c8d2d91f9945.h5ad,946514866,10.1016/j.immuni.2023.01.002,,0.0,False,0,0,0,0,0,0,False,False,False,False,True
a37f857c-779f-464e-9310-3db43a1811e7,5c868b6f-62c5-4532-9d7f-a346ad4b50a7,TI immune,The landscape of immune dysregulation in Crohn’s disease revealed through single-cell transcriptomic profiling in the ileum and colon,201072,42,18,,,,0,10x 3' v2; 10x 3' v3,cell,epithelium of small intestine; ileal epithelium; ileum; ileum lamina propria; lamina propria of small intestine; small intestine,Crohn disease; normal,https://datasets.cellxgene.cziscience.com/c2f4e272-b36c-4794-a215-711d84d3112a.h5ad,775043935,10.1016/j.immuni.2023.01.002,,0.0,False,0,0,0,0,0,0,False,False,False,False,True
6cf3634d-e911-44ad-bf52-c747a9af3c01,5c868b6f-62c5-4532-9d7f-a346ad4b50a7,colon stromal,The landscape of immune dysregulation in Crohn’s disease revealed through single-cell transcriptomic profiling in the ileum and colon,39433,34,7,,,,0,10x 3' v1; 10x 3' v2; 10x 3' v3,cell,ascending colon; caecum lamina propria; colon; colonic epithelium; descending colon; lamina propria of mucosa of colon; sigmoid colon; sigmoid colon epithelium; sigmoid colon lamina propria; transverse colon epithelium; transverse colon lamina propria,Crohn disease; normal,https://datasets.cellxgene.cziscience.com/7e56f1b8-a16a-450d-9938-1d084bc52841.h5ad,189675480,10.1016/j.immuni.2023.01.002,,0.0,False,0,0,0,0,0,0,False,False,False,False,True
5ce42b38-d867-487f-9b40-e8bb00b21d0b,5c868b6f-62c5-4532-9d7f-a346ad4b50a7,colon epithelial,The landscape of immune dysregulation in Crohn’s disease revealed through single-cell transcriptomic profiling in the ileum and colon,97788,34,7,,,,0,10x 3' v1; 10x 3' v2; 10x 3' v3,cell,ascending colon; caecum epithelium; caecum lamina propria; colon; colonic epithelium; descending colon; lamina propria of mucosa of colon; sigmoid colon; sigmoid colon epithelium; sigmoid colon lamina propria; transverse colon epithelium; transverse colon lamina propria,Crohn disease; normal,https://datasets.cellxgene.cziscience.com/333491b4-ca9b-4369-8706-38f7bb5bcd46.h5ad,636696836,10.1016/j.immuni.2023.01.002,,0.0,False,0,0,0,0,0,0,False,False,False,False,True
518d9049-2a76-44f8-8abc-1e2b59ab5ba1,5c868b6f-62c5-4532-9d7f-a346ad4b50a7,colon immune,The landscape of immune dysregulation in Crohn’s disease revealed through single-cell transcriptomic profiling in the ileum and colon,152509,34,17,,,,0,10x 3' v1; 10x 3' v2; 10x 3' v3,cell,ascending colon; caecum epithelium; caecum lamina propria; colon; colonic epithelium; descending colon; lamina propria of mucosa of colon; sigmoid colon; sigmoid colon epithelium; sigmoid colon lamina propria; transverse colon epithelium; transverse colon lamina propria,Crohn disease; normal,https://datasets.cellxgene.cziscience.com/1ddca82d-2948-4dbe-8bba-be9de7115bb7.h5ad,580382224,10.1016/j.immuni.2023.01.002,,0.0,False,0,0,0,0,0,0,False,False,False,False,True
0f4865d5-8000-4f68-8ac7-f5efea9e5e70,5c868b6f-62c5-4532-9d7f-a346ad4b50a7,TI stromal,The landscape of immune dysregulation in Crohn’s disease revealed through single-cell transcriptomic profiling in the ileum and colon,75695,40,6,,,,0,10x 3' v2; 10x 3' v3,cell,ileal epithelium; ileum; ileum lamina propria; lamina propria of small intestine; small intestine,Crohn disease; normal,https://datasets.cellxgene.cziscience.com/34217af0-2b64-464b-9a5c-59b292938b37.h5ad,264064134,10.1016/j.immuni.2023.01.002,,0.0,False,0,0,0,0,0,0,False,False,False,False,True
f8c77961-67a7-4161-b8c2-61c3f917b54f,939769a8-d8d2-4d01-abfc-55699893fd49,Amacrine cells of human eye,Integration of eQTL and a Single-Cell Atlas in the Human Eye Identifies Causal Genes for Age-Related Macular Degeneration,6101,4,4,65.0,79.0,14.0,4,10x 3' v3,nucleus,retina,normal,https://datasets.cellxgene.cziscience.com/7b765594-340e-4d40-83ca-eb529a2b38af.h5ad,71488381,10.1016/j.celrep.2019.12.082,retina,1.0,True,1,0,0,0,0,0,False,False,True,False,True
e6dad530-418b-47f9-af6e-472e56a7b314,939769a8-d8d2-4d01-abfc-55699893fd49,All cell types of human eye,Integration of eQTL and a Single-Cell Atlas in the Human Eye Identifies Causal Genes for Age-Related Macular Degeneration,100055,4,11,65.0,79.0,14.0,4,10x 3' v3,nucleus,retina,normal,https://datasets.cellxgene.cziscience.com/4c30d8ad-425e-46b4-8333-c4c809783918.h5ad,913470148,10.1016/j.celrep.2019.12.082,retina,1.0,True,1,0,0,0,0,0,False,False,False,False,True
de17ac25-550a-4018-be75-bbb485a0636e,939769a8-d8d2-4d01-abfc-55699893fd49,Myeloid cells of human eye,Integration of eQTL and a Single-Cell Atlas in the Human Eye Identifies Causal Genes for Age-Related Macular Degeneration,395,4,1,65.0,79.0,14.0,4,10x 3' v3,nucleus,retina,normal,https://datasets.cellxgene.cziscience.com/b15481e1-89b3-4f0b-87c9-c2e40bce312e.h5ad,11119702,10.1016/j.celrep.2019.12.082,retina,1.0,True,1,0,0,0,0,0,False,False,True,False,True
d95ab381-2b7c-4885-b168-0097ed4e397f,939769a8-d8d2-4d01-abfc-55699893fd49,Cone cells of human eye,Integration of eQTL and a Single-Cell Atlas in the Human Eye Identifies Causal Genes for Age-Related Macular Degeneration,1378,4,3,65.0,79.0,14.0,4,10x 3' v3,nucleus,retina,normal,https://datasets.cellxgene.cziscience.com/055f3d09-f8cf-43c6-858c-c193d3aee133.h5ad,24961536,10.1016/j.celrep.2019.12.082,retina,1.0,True,1,0,0,0,0,0,False,False,False,False,True
cec9f9a5-8832-437d-99af-fb8237cde54b,939769a8-d8d2-4d01-abfc-55699893fd49,Retinal ganglion cells of human eye,Integration of eQTL and a Single-Cell Atlas in the Human Eye Identifies Causal Genes for Age-Related Macular Degeneration,1777,4,4,65.0,79.0,14.0,4,10x 3' v3,nucleus,retina,normal,https://datasets.cellxgene.cziscience.com/3fcf5664-5347-4798-af53-8e3fa4b6f3a7.h5ad,42960210,10.1016/j.celrep.2019.12.082,retina,1.0,True,1,0,0,0,0,0,False,False,True,False,True
c3d381b2-3104-444e-8ad5-d3524407bbb6,939769a8-d8d2-4d01-abfc-55699893fd49,Horizontal cells of human eye,Integration of eQTL and a Single-Cell Atlas in the Human Eye Identifies Causal Genes for Age-Related Macular Degeneration,1875,4,2,65.0,79.0,14.0,4,10x 3' v3,nucleus,retina,normal,https://datasets.cellxgene.cziscience.com/9a4fb456-932a-4ce8-8630-035547fc9a9c.h5ad,27700756,10.1016/j.celrep.2019.12.082,retina,1.0,True,1,0,0,0,0,0,False,False,False,False,True
ab5b2256-b209-48b5-a801-c5d9a8c0de56,939769a8-d8d2-4d01-abfc-55699893fd49,Non-neuronal cells of human eye,Integration of eQTL and a Single-Cell Atlas in the Human Eye Identifies Causal Genes for Age-Related Macular Degeneration,8193,4,11,65.0,79.0,14.0,4,10x 3' v3,nucleus,retina,normal,https://datasets.cellxgene.cziscience.com/8886566a-d9ac-4a0e-b944-ac7741049d40.h5ad,86319263,10.1016/j.celrep.2019.12.082,retina,1.0,True,1,0,0,0,0,0,False,False,False,False,True
9cfee1e6-b24f-433d-a269-f01841655d6a,939769a8-d8d2-4d01-abfc-55699893fd49,Retinal pigment epithelial cells of human eye,Integration of eQTL and a Single-Cell Atlas in the Human Eye Identifies Causal Genes for Age-Related Macular Degeneration,1635,4,1,65.0,79.0,14.0,4,10x 3' v3,nucleus,retina,normal,https://datasets.cellxgene.cziscience.com/8046fc7c-811f-4ee7-a9f4-a65030c5f704.h5ad,26211429,10.1016/j.celrep.2019.12.082,retina,1.0,True,1,0,0,0,0,0,False,False,True,False,True
4e38f019-f8e8-44ae-ad32-ba500de6f64c,939769a8-d8d2-4d01-abfc-55699893fd49,Bipolar cells of human eye,Integration of eQTL and a Single-Cell Atlas in the Human Eye Identifies Causal Genes for Age-Related Macular Degeneration,16540,4,2,65.0,79.0,14.0,4,10x 3' v3,nucleus,retina,normal,https://datasets.cellxgene.cziscience.com/d1c37466-5809-4992-8abb-22c97a24f9f1.h5ad,154649219,10.1016/j.celrep.2019.12.082,retina,1.0,True,1,0,0,0,0,0,False,False,True,False,True
389bfbb9-8ef1-4582-8c41-410131c3d0eb,939769a8-d8d2-4d01-abfc-55699893fd49,Rod cells of human eye,Integration of eQTL and a Single-Cell Atlas in the Human Eye Identifies Causal Genes for Age-Related Macular Degeneration,62509,4,1,65.0,79.0,14.0,4,10x 3' v3,nucleus,retina,normal,https://datasets.cellxgene.cziscience.com/489e1de0-74ae-4fd3-91ed-ba9f0c99fb7d.h5ad,513017842,10.1016/j.celrep.2019.12.082,retina,1.0,True,1,0,0,0,0,0,False,False,False,False,True
be884a28-0eac-4eca-9c23-1294a93cf56e,10bf5c50-8d85-4c5f-94b4-22c1363d9f31,Intratumoral heterogeneity in recurrent pediatric pilocytic astrocytomas,Intratumoral heterogeneity in recurrent pediatric pilocytic astrocytomas,35637,8,9,,,,0,10x 3' v3,nucleus,cerebellum,normal; pilocytic astrocytoma,https://datasets.cellxgene.cziscience.com/206a2e16-8f04-4493-a9ea-33377e6d53b3.h5ad,178301156,,brain,1.0,True,0,1,0,0,0,0,False,True,False,False,True
e067e5ca-e53e-485f-aa8e-efd5435229c8,b3e2c6e3-9b05-4da9-8f42-da38a664b45b,Human kidney cortex snRNA-seq data from donors with and without diabetic kidney disease,Multimodal single cell sequencing implicates chromatin accessibility and genetic background in diabetic kidney disease progression,39176,11,13,50.0,78.0,28.0,10,10x 3' v3; 10x 5' v1,nucleus,cortex of kidney,normal; type 2 diabetes mellitus,https://datasets.cellxgene.cziscience.com/473d2e1c-a579-4682-96aa-b5b166d7b23e.h5ad,403168674,10.1038/s41467-022-32972-z,kidney,1.0,True,0,0,0,0,1,0,False,False,False,False,True
ad0bf220-dd49-4b71-bb5c-576fee675d2b,b3e2c6e3-9b05-4da9-8f42-da38a664b45b,Human kidney cortex snATAC-seq data from donors with and without diabetic kidney disease,Multimodal single cell sequencing implicates chromatin accessibility and genetic background in diabetic kidney disease progression,37747,8,16,51.0,78.0,27.0,8,10x scATAC-seq,nucleus,cortex of kidney,normal; type 2 diabetes mellitus,https://datasets.cellxgene.cziscience.com/41ae2dd6-39c6-4bd7-bcb3-1a6679916efe.h5ad,941159035,10.1038/s41467-022-32972-z,kidney,1.0,True,0,0,0,0,1,0,False,False,False,False,True
faed4f71-6b50-4fc7-bd1c-8f385dccfdce,a18474f4-ff1e-4864-af69-270b956cee5b,UMAP of Endothelial cells,Single-cell RNA sequencing unifies developmental programs of Esophageal and Gastric Intestinal Metaplasia,3951,39,3,27.0,83.0,56.0,24,10x 3' v2; 10x 3' v3,cell,ascending colon epithelium; body of stomach; cardia of stomach; duodenum; epithelium of rectum; esophagogastric junction; lower esophagus; submucosal esophageal gland,Barrett esophagus; gastric intestinal metaplasia; gastritis; normal,https://datasets.cellxgene.cziscience.com/3e0b5d2e-65cb-4f27-9938-51195ef46cea.h5ad,30822014,10.1158/2159-8290.cd-22-0824,,0.0,False,0,0,0,0,0,0,False,False,True,False,True
e5233a94-9e43-418c-8209-6f1400c31530,a18474f4-ff1e-4864-af69-270b956cee5b,UMAP of all data,Single-cell RNA sequencing unifies developmental programs of Esophageal and Gastric Intestinal Metaplasia,146583,43,31,27.0,83.0,56.0,27,10x 3' v2; 10x 3' v3,cell,ascending colon epithelium; body of stomach; cardia of stomach; duodenum; epithelium of rectum; esophagogastric junction; ileal epithelium; lower esophagus; submucosal esophageal gland,Barrett esophagus; gastric intestinal metaplasia; gastritis; normal,https://datasets.cellxgene.cziscience.com/09f67fa6-3e89-4f02-b72b-45a10972b6f7.h5ad,1325313329,10.1158/2159-8290.cd-22-0824,,0.0,False,0,0,0,0,0,0,False,False,False,False,True
9b188f26-c8e1-4a78-af15-622a35a371fc,a18474f4-ff1e-4864-af69-270b956cee5b,UMAP of Fibroblasts cells,Single-cell RNA sequencing unifies developmental programs of Esophageal and Gastric Intestinal Metaplasia,5754,37,1,27.0,83.0,56.0,22,10x 3' v2; 10x 3' v3,cell,body of stomach; cardia of stomach; duodenum; esophagogastric junction; lower esophagus; submucosal esophageal gland,Barrett esophagus; gastric intestinal metaplasia; gastritis; normal,https://datasets.cellxgene.cziscience.com/afa72fe5-2826-4b6d-b06e-af28e90d4e78.h5ad,35295265,10.1158/2159-8290.cd-22-0824,,0.0,False,0,0,0,0,0,0,False,False,False,False,True
94423ec1-21f8-40e8-b5c9-c3ea82350ca4,a18474f4-ff1e-4864-af69-270b956cee5b,UMAP of Myeloid cells,Single-cell RNA sequencing unifies developmental programs of Esophageal and Gastric Intestinal Metaplasia,3282,42,5,27.0,83.0,56.0,26,10x 3' v2; 10x 3' v3,cell,ascending colon epithelium; body of stomach; cardia of stomach; duodenum; epithelium of rectum; esophagogastric junction; ileal epithelium; lower esophagus; submucosal esophageal gland,Barrett esophagus; gastric intestinal metaplasia; gastritis; normal,https://datasets.cellxgene.cziscience.com/28e3e26c-c376-42fc-a1ac-34ed37b784d7.h5ad,19511011,10.1158/2159-8290.cd-22-0824,,0.0,False,0,0,0,0,0,0,False,False,True,False,True
7bb64315-9e5a-41b9-9235-59acf9642a3e,a18474f4-ff1e-4864-af69-270b956cee5b,UMAP of Cancer Data integration,Single-cell RNA sequencing unifies developmental programs of Esophageal and Gastric Intestinal Metaplasia,293823,70,31,27.0,88.0,61.0,38,10x 3' v2; 10x 3' v3; 10x 5' v1,cell,ascending colon epithelium; body of stomach; cardia of stomach; duodenum; epithelium of rectum; esophagogastric junction; ileal epithelium; lower esophagus; submucosal esophageal gland,Barrett esophagus; gastric cancer; gastric intestinal metaplasia; gastritis; normal,https://datasets.cellxgene.cziscience.com/36f88b68-b0c5-43eb-9dba-a620ed6b21aa.h5ad,2600015378,10.1158/2159-8290.cd-22-0824,,0.0,False,0,0,0,0,0,0,False,True,False,False,True
773b9b2e-70c8-40be-8cbb-e7b5abab360d,a18474f4-ff1e-4864-af69-270b956cee5b,UMAP of Columnar cells,Single-cell RNA sequencing unifies developmental programs of Esophageal and Gastric Intestinal Metaplasia,79522,42,10,29.0,83.0,54.0,26,10x 3' v2; 10x 3' v3,cell,ascending colon epithelium; body of stomach; cardia of stomach; duodenum; epithelium of rectum; esophagogastric junction; ileal epithelium; lower esophagus,Barrett esophagus; gastric intestinal metaplasia; gastritis; normal,https://datasets.cellxgene.cziscience.com/43a87424-6fd3-4036-8ff1-1bc82983d499.h5ad,802936542,10.1158/2159-8290.cd-22-0824,,0.0,False,0,0,0,0,0,0,False,False,False,False,True
63bb6359-3945-4658-92eb-3072419953e4,a18474f4-ff1e-4864-af69-270b956cee5b,UMAP of T-Cells cells,Single-cell RNA sequencing unifies developmental programs of Esophageal and Gastric Intestinal Metaplasia,14970,41,7,27.0,83.0,56.0,25,10x 3' v2; 10x 3' v3,cell,ascending colon epithelium; body of stomach; cardia of stomach; duodenum; epithelium of rectum; esophagogastric junction; ileal epithelium; lower esophagus; submucosal esophageal gland,Barrett esophagus; gastric intestinal metaplasia; gastritis; normal,https://datasets.cellxgene.cziscience.com/40d6476f-6f10-4baa-9a60-93f751e6f0af.h5ad,65490738,10.1158/2159-8290.cd-22-0824,,0.0,False,0,0,0,0,0,0,False,False,False,False,True
03d5794d-cde9-4769-a1a9-b3899d2b1d87,a18474f4-ff1e-4864-af69-270b956cee5b,UMAP of Plasma and B-Cells cells,Single-cell RNA sequencing unifies developmental programs of Esophageal and Gastric Intestinal Metaplasia,9015,40,4,27.0,83.0,56.0,25,10x 3' v2; 10x 3' v3,cell,ascending colon epithelium; body of stomach; cardia of stomach; duodenum; epithelium of rectum; esophagogastric junction; lower esophagus; submucosal esophageal gland,Barrett esophagus; gastric intestinal metaplasia; gastritis; normal,https://datasets.cellxgene.cziscience.com/b3ec86d4-50db-487c-8a52-c90949062007.h5ad,45563684,10.1158/2159-8290.cd-22-0824,,0.0,False,0,0,0,0,0,0,False,False,False,False,True
322c816f-608a-4da1-99c4-36ca4ad45146,348da6dc-5bf6-435d-adc5-37747b9ae38a,Joint scRNA-seq and scATAC-seq atlas of the adult human retina,Single-cell multiome of the human retina and deep learning nominate causal variants in complex eye diseases,51645,4,11,55.0,87.0,32.0,4,10x multiome,nucleus,retina,normal,https://datasets.cellxgene.cziscience.com/74ec3a77-f1ff-4e90-af45-b8937cea0a8f.h5ad,417344323,10.1016/j.xgen.2022.100164,retina,1.0,True,1,0,0,0,0,0,False,False,False,False,True
f54647ec-0c03-4775-8dac-5a477c10a3f5,3a2af25b-2338-4266-aad3-aa8d07473f50,Human tonsil T cells scRNA,Single-cell analysis of human B cell maturation predicts how antibody class switching shapes selection dynamics,8753,7,10,3.0,9.0,6.0,4,10x 3' v2; 10x 5' v1,cell,tonsil,normal,https://datasets.cellxgene.cziscience.com/033d8138-e31b-4e1d-9faf-539c65779a44.h5ad,57925854,10.1126/sciimmunol.abe6291,,0.0,False,0,0,0,0,0,0,False,False,True,False,True
7970bd6b-f752-47a9-8643-2af16855ec49,3a2af25b-2338-4266-aad3-aa8d07473f50,Human tonsil memory B cells scRNA,Single-cell analysis of human B cell maturation predicts how antibody class switching shapes selection dynamics,21595,7,2,3.0,9.0,6.0,4,10x 3' v2; 10x 5' v1,cell,tonsil,normal,https://datasets.cellxgene.cziscience.com/5537ab06-fb1a-40ea-bd9e-5416da4c5545.h5ad,172841355,10.1126/sciimmunol.abe6291,,0.0,False,0,0,0,0,0,0,False,False,False,False,True
482954b2-0456-4901-b379-b62f99c0ab2d,3a2af25b-2338-4266-aad3-aa8d07473f50,Human tonsil B cells scRNA,Single-cell analysis of human B cell maturation predicts how antibody class switching shapes selection dynamics,25728,7,7,3.0,9.0,6.0,4,10x 3' v2; 10x 5' v1,cell,tonsil,normal,https://datasets.cellxgene.cziscience.com/c0353db0-5c9d-4867-a1ee-1cd7079cf59c.h5ad,214369325,10.1126/sciimmunol.abe6291,,0.0,False,0,0,0,0,0,0,False,False,False,False,True
44882825-0da1-4547-b721-2c6105d4a9d1,3a2af25b-2338-4266-aad3-aa8d07473f50,Human tonsil complete integrated cell set scRNA,Single-cell analysis of human B cell maturation predicts how antibody class switching shapes selection dynamics,32607,7,22,3.0,9.0,6.0,4,10x 3' v2; 10x 5' v1,cell,tonsil,normal,https://datasets.cellxgene.cziscience.com/dcbec15c-73aa-4976-bea1-552dda21ecaa.h5ad,259075352,10.1126/sciimmunol.abe6291,,0.0,False,0,0,0,0,0,0,False,False,False,True,True
00ff600e-6e2e-4d76-846f-0eec4f0ae417,3a2af25b-2338-4266-aad3-aa8d07473f50,Human tonsil nonlymphoid cells scRNA,Single-cell analysis of human B cell maturation predicts how antibody class switching shapes selection dynamics,363,7,5,3.0,9.0,6.0,4,10x 3' v2; 10x 5' v1,cell,tonsil,normal,https://datasets.cellxgene.cziscience.com/5d79aba7-82d2-4adf-b964-8ea5bfed7e36.h5ad,6035268,10.1126/sciimmunol.abe6291,,0.0,False,0,0,0,0,0,0,False,False,False,False,True
d967b47c-a9e6-4337-b2f4-977f690cb67f,63d03351-06be-478e-a0db-f7a653b6b19b,Trabecular Meshwork and Corneal Scleral wedge,Cell atlas of the human ocular anterior segment: Tissue-specific and shared cell types,52309,4,16,30.0,66.0,36.0,4,10x 3' v3,nucleus,corneo-scleral junction; eye trabecular meshwork,normal,https://datasets.cellxgene.cziscience.com/bed454f9-4510-4c6f-a343-a5f63080ec48.h5ad,691311824,10.1073/pnas.2200914119,,0.0,False,0,0,0,0,0,0,False,False,False,False,True
a4157949-6f2a-40e2-b960-63f6e2bde918,63d03351-06be-478e-a0db-f7a653b6b19b,Central Cornea,Cell atlas of the human ocular anterior segment: Tissue-specific and shared cell types,37485,5,6,30.0,66.0,36.0,5,10x 3' v3,nucleus,cornea,normal,https://datasets.cellxgene.cziscience.com/f99f5ec9-bb14-433e-b9fa-4f561b3de1aa.h5ad,484945057,10.1073/pnas.2200914119,,0.0,False,0,0,0,0,0,0,False,False,False,False,True
9ff99bf8-2524-4ab5-ab6e-4bc218e4a449,63d03351-06be-478e-a0db-f7a653b6b19b,Integrated data,Cell atlas of the human ocular anterior segment: Tissue-specific and shared cell types,42901,8,22,30.0,78.0,48.0,6,10x 3' v3,nucleus,ciliary body; cornea; corneo-scleral junction; eye trabecular meshwork; iris,normal,https://datasets.cellxgene.cziscience.com/7c2a1336-e051-4858-8fd3-d71d6f53765d.h5ad,537652807,10.1073/pnas.2200914119,,0.0,False,0,0,0,0,0,0,False,False,False,True,True
9a281de7-cee5-4e80-8584-1929f46f152f,63d03351-06be-478e-a0db-f7a653b6b19b,Iris,Cell atlas of the human ocular anterior segment: Tissue-specific and shared cell types,57422,6,8,30.0,66.0,36.0,4,10x 3' v3,nucleus,iris,normal,https://datasets.cellxgene.cziscience.com/172f5704-8ec1-4f79-bf2c-88fdd19338eb.h5ad,704151872,10.1073/pnas.2200914119,,0.0,False,0,0,0,0,0,0,False,False,False,False,True
489318a0-24c3-4f5c-b105-f084ed0ea026,63d03351-06be-478e-a0db-f7a653b6b19b,Lens,Cell atlas of the human ocular anterior segment: Tissue-specific and shared cell types,13900,3,4,33.0,33.0,0.0,1,10x 3' v3,nucleus,lens of camera-type eye,normal,https://datasets.cellxgene.cziscience.com/392a1d08-b5f1-4e85-bb30-9d2328fd07bc.h5ad,182455427,10.1073/pnas.2200914119,,0.0,False,0,0,0,0,0,0,False,False,False,False,True
1196334f-a441-474a-95ee-400780941690,63d03351-06be-478e-a0db-f7a653b6b19b,Ciliary Body,Cell atlas of the human ocular anterior segment: Tissue-specific and shared cell types,34132,4,10,30.0,78.0,48.0,4,10x 3' v3,nucleus,ciliary body,normal,https://datasets.cellxgene.cziscience.com/c7ebffae-647e-412d-b4b0-e244a3bb4a4d.h5ad,403716509,10.1073/pnas.2200914119,,0.0,False,0,0,0,0,0,0,False,False,False,False,True
d319af7f-be2e-441e-8caa-3b8a88480e89,1d1c7275-476a-49e2-9022-ad1b1c793594,Retinal ganglion cells of the human fovea and peripheral retina,Cell Atlas of The Human Fovea and Peripheral Retina,11404,7,1,53.0,78.0,25.0,7,10x 3' v2; 10x 3' v3,cell,fovea centralis; peripheral region of retina,normal,https://datasets.cellxgene.cziscience.com/9bfd4a8d-b880-4b6d-a82a-7f8858e4fb65.h5ad,302207091,10.1038/s41598-020-66092-9,retina,1.0,True,2,0,0,0,0,0,False,False,True,False,True
bc7260e0-54cf-4b0b-823d-93f5b850f757,1d1c7275-476a-49e2-9022-ad1b1c793594,Non-neuronal cells of the human fovea and peripheral retina,Cell Atlas of The Human Fovea and Peripheral Retina,22125,7,4,53.0,78.0,25.0,7,10x 3' v2; 10x 3' v3,cell,fovea centralis; peripheral region of retina,normal,https://datasets.cellxgene.cziscience.com/0ad06af8-c388-4bc8-9dd4-171b30a3df81.h5ad,147973728,10.1038/s41598-020-66092-9,retina,1.0,True,2,0,0,0,0,0,False,False,False,False,True
8623d55f-d91c-41c2-ae68-ed2072fd268d,1d1c7275-476a-49e2-9022-ad1b1c793594,Bipolar cells of the human fovea and peripheral retina,Cell Atlas of The Human Fovea and Peripheral Retina,25908,7,2,53.0,78.0,25.0,7,10x 3' v2; 10x 3' v3,cell,fovea centralis; peripheral region of retina,normal,https://datasets.cellxgene.cziscience.com/c65faa08-ddea-48eb-8d3e-ce8ca1349c05.h5ad,136801175,10.1038/s41598-020-66092-9,retina,1.0,True,2,0,0,0,0,0,False,False,True,False,True
7b75b2c4-6d99-40be-9a61-391455d859e6,1d1c7275-476a-49e2-9022-ad1b1c793594,Photoreceptor cells of the human fovea and peripheral retina,Cell Atlas of The Human Fovea and Peripheral Retina,9070,7,2,53.0,78.0,25.0,7,10x 3' v2; 10x 3' v3,cell,fovea centralis; peripheral region of retina,normal,https://datasets.cellxgene.cziscience.com/b1fa038c-4865-41a2-935b-c29e4244f44f.h5ad,58253310,10.1038/s41598-020-66092-9,retina,1.0,True,2,0,0,0,0,0,False,False,False,False,True
5cdbb2ea-c622-466d-9ead-7884ad8cb99f,1d1c7275-476a-49e2-9022-ad1b1c793594,Amacrine cells of the human fovea and peripheral retina,Cell Atlas of The Human Fovea and Peripheral Retina,13607,7,2,53.0,78.0,25.0,7,10x 3' v2; 10x 3' v3,cell,fovea centralis; peripheral region of retina,normal,https://datasets.cellxgene.cziscience.com/6ad8e84f-4253-404e-a57b-58a1616d51d8.h5ad,123001445,10.1038/s41598-020-66092-9,retina,1.0,True,2,0,0,0,0,0,False,False,True,False,True
2f6a20f1-173d-4b8d-860b-c47ffea120fa,1d1c7275-476a-49e2-9022-ad1b1c793594,Horizontal cells of the human fovea and peripheral retina,Cell Atlas of The Human Fovea and Peripheral Retina,2868,7,1,53.0,78.0,25.0,7,10x 3' v2; 10x 3' v3,cell,fovea centralis; peripheral region of retina,normal,https://datasets.cellxgene.cziscience.com/0449b4b3-e8c0-4f8e-823b-e10688674f9f.h5ad,19787429,10.1038/s41598-020-66092-9,retina,1.0,True,2,0,0,0,0,0,False,False,False,False,True
d7d7e89c-c93a-422d-8958-9b4a90b69558,bf325905-5e8e-42e3-933d-9a9053e9af80,Activated PBMCs - Twins scRNA-seq,Single-cell Atlas of common variable immunodeficiency shows germinal center-associated epigenetic dysregulation in B-cell responses,16901,2,15,26.0,26.0,0.0,1,10x 5' v1,cell,blood,common variable immunodeficiency; normal,https://datasets.cellxgene.cziscience.com/8f0c7a69-1b26-46b9-bdff-9b1715c10565.h5ad,144407077,10.1038/s41467-022-29450-x,,0.0,False,0,0,0,0,0,0,False,False,False,False,True
a5d95a42-0137-496f-8a60-101e17f263c8,bf325905-5e8e-42e3-933d-9a9053e9af80,Steady-state B cells - scRNA-seq,Single-cell Atlas of common variable immunodeficiency shows germinal center-associated epigenetic dysregulation in B-cell responses,1324,2,3,26.0,26.0,0.0,1,Smart-seq2,cell,blood,common variable immunodeficiency; normal,https://datasets.cellxgene.cziscience.com/b8aa229e-c7fa-4e23-a3eb-a47a0c57f44a.h5ad,9676584,10.1038/s41467-022-29450-x,,0.0,False,0,0,0,0,0,0,False,False,False,False,True
3c75a463-6a87-4132-83a8-c3002624394d,bf325905-5e8e-42e3-933d-9a9053e9af80,Activated PBMCs - Expanded cohort CITE-seq,Single-cell Atlas of common variable immunodeficiency shows germinal center-associated epigenetic dysregulation in B-cell responses,95064,18,24,22.0,66.0,44.0,12,10x 5' v1,cell,blood,common variable immunodeficiency; normal,https://datasets.cellxgene.cziscience.com/db2fbc4e-2764-4bee-bb4e-bc0a1cd41439.h5ad,753906957,10.1038/s41467-022-29450-x,,0.0,False,0,0,0,0,0,0,False,False,False,False,True
5500c673-1610-40a0-86d9-64d987ae50e6,43b45a20-a969-49ac-a8e8-8c84b211bd01,Integrated adult and foetal hearts,Integrated adult and foetal heart single-cell RNA sequencing,60668,13,17,,,,0,10x 3' v2; 10x 3' v3,cell; nucleus,apex of heart; basal zone of heart; heart left ventricle; heart right ventricle; interventricular septum; left cardiac atrium; right cardiac atrium,normal,https://datasets.cellxgene.cziscience.com/85f6cdae-10c2-4c97-8a95-cf03f87ecd2e.h5ad,428981170,10.1038/s44161-022-00183-w,heart,1.0,True,0,0,0,7,0,0,False,False,False,True,True
4b6af54a-4a21-46e0-bc8d-673c0561a836,03cdc7f4-bd08-49d0-a395-4487c0e5a168,non-immune cells,Emphysema Cell Atlas,18386,6,9,60.0,73.0,13.0,5,10x 3' v3,cell,alveolus of lung,normal; pulmonary emphysema,https://datasets.cellxgene.cziscience.com/0579fd6e-2991-4359-8b95-c1af2f874a17.h5ad,256959772,10.1016/j.immuni.2023.01.032,,0.0,False,0,0,0,0,0,0,False,False,True,False,True
214bf9eb-93db-48c8-8e3c-9bb22fa3bc63,03cdc7f4-bd08-49d0-a395-4487c0e5a168,AT2 cells,Emphysema Cell Atlas,3662,6,1,60.0,73.0,13.0,5,10x 3' v3,cell,alveolus of lung,normal; pulmonary emphysema,https://datasets.cellxgene.cziscience.com/994975a7-d61c-4151-9f03-aa3dd43f89c4.h5ad,71924680,10.1016/j.immuni.2023.01.032,,0.0,False,0,0,0,0,0,0,False,False,False,False,True
1e5bd3b8-6a0e-4959-8d69-cafed30fe814,03cdc7f4-bd08-49d0-a395-4487c0e5a168,immune cells,Emphysema Cell Atlas,35699,6,9,60.0,73.0,13.0,5,10x 3' v3,cell,alveolus of lung,normal; pulmonary emphysema,https://datasets.cellxgene.cziscience.com/798eff30-642d-438d-8df7-9db4ced968ed.h5ad,339781783,10.1016/j.immuni.2023.01.032,,0.0,False,0,0,0,0,0,0,False,False,True,False,True
4dd00779-7f73-4f50-89bb-e2d3c6b71b18,33d19f34-87f5-455b-8ca5-9023a2e5453d,Intra- and Inter-cellular Rewiring of the Human Colon during Ulcerative Colitis,Intra- and Inter-cellular Rewiring of the Human Colon during Ulcerative Colitis,34772,12,23,,,,0,10x 3' v1; 10x 3' v2,cell,caecum epithelium; colonic epithelium; transverse colon epithelium,normal,https://datasets.cellxgene.cziscience.com/774d77e7-210d-4237-8ca8-8d2bb841a2e4.h5ad,223403705,10.1016/j.cell.2019.06.029,,0.0,False,0,0,0,0,0,0,False,False,False,False,True
019c7af2-c827-4454-9970-44d5e39ce068,64b24fda-6591-4ce1-89e7-33eb6c43ad7b,A proximal-to-distal survey of healthy adult human small intestine and colon epithelium by single-cell transcriptomics,A proximal-to-distal survey of healthy adult human small intestine and colon epithelium by single-cell transcriptomics,12590,3,17,29.0,53.0,24.0,3,10x 3' v3,cell,duodenal mucosa; ileal mucosa; jejunal mucosa; mucosa of ascending colon; mucosa of descending colon; mucosa of transverse colon,normal,https://datasets.cellxgene.cziscience.com/06a6bde8-f541-4c04-9302-fd26fb995675.h5ad,1754062943,10.1016/j.jcmgh.2022.02.007,,0.0,False,0,0,0,0,0,0,False,False,False,False,True
e3a7e927-2632-4575-993d-d0905cd5da8b,4796c91c-9d8f-4692-be43-347b1727f9d8,"MSK SPECTRUM - CD4+ T cells, CD8+ T cells, ILCs and NK cells",MSK SPECTRUM – Ovarian cancer mutational processes drive site-specific immune evasion,221315,41,1,41.0,80.0,39.0,24,10x 3' v3,cell,abdomen; abdominal wall; adnexa of uterus; ascitic fluid; caecum; diaphragm; fallopian tube; intestine; large intestine; left ovary; liver; lymph node; omentum; paracolic gutter; parietal peritoneum; peritoneum; right ovary; transverse colon; urinary bladder,malignant ovarian serous tumor,https://datasets.cellxgene.cziscience.com/1818d826-ae96-4890-8d32-8f4cbeb98d57.h5ad,1108709347,10.1038/s41586-022-05496-1,brain,0.05263157894736842,False,0,1,0,0,0,1,False,True,True,False,False
b252b015-b488-4d5c-b16e-968c13e48a2c,4796c91c-9d8f-4692-be43-347b1727f9d8,MSK SPECTRUM – All cells,MSK SPECTRUM – Ovarian cancer mutational processes drive site-specific immune evasion,927205,41,10,41.0,80.0,39.0,24,10x 3' v3,cell,abdomen; abdominal wall; adnexa of uterus; ascitic fluid; caecum; diaphragm; fallopian tube; intestine; large intestine; left ovary; liver; lymph node; omentum; paracolic gutter; parietal peritoneum; peritoneum; right ovary; transverse colon; urinary bladder,malignant ovarian serous tumor,https://datasets.cellxgene.cziscience.com/f8f7f2b0-b8a5-4087-8048-8d3f5b6a49dd.h5ad,11407955923,10.1038/s41586-022-05496-1,brain,0.05263157894736842,False,0,1,0,0,0,1,False,True,False,False,False
97d9238c-1a39-4873-b0bb-963ec2d788e6,4796c91c-9d8f-4692-be43-347b1727f9d8,MSK SPECTRUM - Dendritic cells,MSK SPECTRUM – Ovarian cancer mutational processes drive site-specific immune evasion,24025,41,3,41.0,80.0,39.0,24,10x 3' v3,cell,abdomen; abdominal wall; adnexa of uterus; ascitic fluid; caecum; diaphragm; fallopian tube; intestine; large intestine; left ovary; liver; lymph node; omentum; paracolic gutter; parietal peritoneum; peritoneum; right ovary; transverse colon; urinary bladder,malignant ovarian serous tumor,https://datasets.cellxgene.cziscience.com/7106ee6e-02fd-476f-b56d-a6eb5494f6da.h5ad,191419122,10.1038/s41586-022-05496-1,brain,0.05263157894736842,False,0,1,0,0,0,1,False,True,False,False,False
44c93f2b-dd66-4d15-81ef-de9394c76290,4796c91c-9d8f-4692-be43-347b1727f9d8,MSK SPECTRUM - Malignant and non-malignant epithelial cells,MSK SPECTRUM – Ovarian cancer mutational processes drive site-specific immune evasion,210107,41,1,41.0,80.0,39.0,24,10x 3' v3,cell,abdomen; abdominal wall; adnexa of uterus; ascitic fluid; caecum; diaphragm; fallopian tube; intestine; large intestine; left ovary; liver; lymph node; omentum; paracolic gutter; parietal peritoneum; peritoneum; right ovary; transverse colon; urinary bladder,malignant ovarian serous tumor,https://datasets.cellxgene.cziscience.com/c9e5378d-a8b6-4cb9-bbc5-63de145b1e2e.h5ad,1934762315,10.1038/s41586-022-05496-1,brain,0.05263157894736842,False,0,1,0,0,0,1,False,True,True,False,False
0caedec7-1c7d-4e79-aba2-50f6916e643f,4796c91c-9d8f-4692-be43-347b1727f9d8,MSK SPECTRUM - Macrophages,MSK SPECTRUM – Ovarian cancer mutational processes drive site-specific immune evasion,166895,41,3,41.0,80.0,39.0,24,10x 3' v3,cell,abdomen; abdominal wall; adnexa of uterus; ascitic fluid; caecum; diaphragm; fallopian tube; intestine; large intestine; left ovary; liver; lymph node; omentum; paracolic gutter; parietal peritoneum; peritoneum; right ovary; transverse colon; urinary bladder,malignant ovarian serous tumor,https://datasets.cellxgene.cziscience.com/5e8621dd-74ba-492c-a717-015241c41588.h5ad,1443533618,10.1038/s41586-022-05496-1,brain,0.05263157894736842,False,0,1,0,0,0,1,False,True,False,False,False
0b4a15a7-4e9e-4555-9733-2423e5c66469,a98b828a-622a-483a-80e0-15703678befd,Single cell RNA-seq data from normal adult kidney tissue,HCA kidney seed network: University of Michigan,48783,18,28,43.0,74.0,31.0,14,10x 3' v3,cell,cortex of kidney,normal,https://datasets.cellxgene.cziscience.com/dad69d7e-fb52-46cd-88bc-e4926efcacce.h5ad,663973132,,kidney,1.0,True,0,0,0,0,1,0,False,False,False,False,True
5bc42b88-bb76-4954-927b-8bb7369adc64,a9254216-6cd8-4186-b32c-349363777584,Pregnant Uterus (All),Single-cell reconstruction of the early maternal–fetal interface in humans,70325,16,19,,,,0,10x 3' v2; Smart-seq2,cell,blood; decidua; placenta,normal,https://datasets.cellxgene.cziscience.com/89350d13-6bd9-4de5-b51c-d915afbeb88f.h5ad,839376903,10.1038/s41586-018-0698-6,,0.0,False,0,0,0,0,0,0,False,False,False,False,True
ff7d15fa-f4b6-4a0e-992e-fd0c9d088ded,283d65eb-dd53-496d-adb7-7570c7caa443,"Dissection: Cerebral cortex (Cx) - Cuneus, rostral part - Area Prostriata - Pro",Human Brain Cell Atlas v1.0,28051,3,21,29.0,50.0,21.0,3,10x 3' v3,nucleus,cuneus cortex,normal,https://datasets.cellxgene.cziscience.com/feb3418a-6b5c-4aa2-ae7c-e8ef85203fea.h5ad,349428881,10.1126/science.add7046,,0.0,False,0,0,0,0,0,0,False,False,False,False,True
fe1a73ab-a203-45fd-84e9-0f7fd19efcbd,283d65eb-dd53-496d-adb7-7570c7caa443,Dissection: Amygdaloid complex (AMY) - basolateral nuclear group (BLN) - basolateral nucleus (basal nucleus) - BL,Human Brain Cell Atlas v1.0,35285,3,28,29.0,50.0,21.0,3,10x 3' v3,nucleus,basolateral amygdaloid nuclear complex,normal,https://datasets.cellxgene.cziscience.com/36c0b289-8c37-4016-baba-687a7105530c.h5ad,401332920,10.1126/science.add7046,,0.0,False,0,0,0,0,0,0,False,False,False,False,True
fbf173f9-f809-4d84-9b65-ae205d35b523,283d65eb-dd53-496d-adb7-7570c7caa443,Dissection: Thalamus (THM) - lateral nuclear complex of thalamus (LNC) - lateral posterior nucleus of thalamus + ventral posterior lateral nucleus - LP + VPL,Human Brain Cell Atlas v1.0,17660,1,19,50.0,50.0,0.0,1,10x 3' v3,nucleus,nucleus of dorsal thalamus,normal,https://datasets.cellxgene.cziscience.com/769be3db-d7a6-4e45-be0f-2d62e5ba32c6.h5ad,140783597,10.1126/science.add7046,brain,1.0,True,0,1,0,0,0,0,False,False,False,False,True
fa554686-fc07-44dd-b2de-b726d82d26ec,283d65eb-dd53-496d-adb7-7570c7caa443,Dissection: Cerebral cortex (Cx) - Superior occipital gyrus (SOG) - Areas 19 and MT - A19,Human Brain Cell Atlas v1.0,29674,3,23,29.0,50.0,21.0,3,10x 3' v3,nucleus,Brodmann (1909) area 19,normal,https://datasets.cellxgene.cziscience.com/df9c10d1-a600-4673-b4db-938c1a09c72a.h5ad,363924776,10.1126/science.add7046,brain,1.0,True,0,1,0,0,0,0,False,False,False,False,True
f9034091-2e8f-4ac6-9874-e7b7eb566824,283d65eb-dd53-496d-adb7-7570c7caa443,Dissection: Myelencephalon (medulla oblongata) (Mo) - medullary reticular formation (MoRF) & efferent nuclei of cranial nerves in the medulla oblongata (MoEN) - MoRF-MoEN,Human Brain Cell Atlas v1.0,23120,2,25,42.0,50.0,8.0,2,10x 3' v3,nucleus,nucleus of medulla oblongata,normal,https://datasets.cellxgene.cziscience.com/c835d94f-cbde-4b27-a454-946d9ed77437.h5ad,234882473,10.1126/science.add7046,brain,1.0,True,0,1,0,0,0,0,False,False,False,False,True
f8dda921-5fb4-4c94-a654-c6fc346bfd6d,283d65eb-dd53-496d-adb7-7570c7caa443,"Dissection: Cerebral cortex (Cx) - Occipitotemporal (fusiform) gyrus, temporal part (FuGt) - Temporal area TF",Human Brain Cell Atlas v1.0,31899,3,24,29.0,50.0,21.0,3,10x 3' v3,nucleus,temporal fusiform gyrus,normal,https://datasets.cellxgene.cziscience.com/16f5886b-f2d0-4a4e-938d-01c4e717786d.h5ad,374160127,10.1126/science.add7046,,0.0,False,0,0,0,0,0,0,False,False,False,False,True
f7d003d4-40d5-4de8-858c-a9a8b48fcc67,283d65eb-dd53-496d-adb7-7570c7caa443,Supercluster: Astrocyte,Human Brain Cell Atlas v1.0,155025,4,1,29.0,60.0,31.0,4,10x 3' v3,nucleus,Brodmann (1909) area 13; Brodmann (1909) area 14; Brodmann (1909) area 19; Brodmann (1909) area 23; Brodmann (1909) area 24; Brodmann (1909) area 25; Brodmann (1909) area 32; Brodmann (1909) area 35; Brodmann (1909) area 38; Brodmann (1909) area 40; Brodmann (1909) area 43; Brodmann (1909) area 46; ,normal,https://datasets.cellxgene.cziscience.com/408cd809-01a3-44f7-a2a8-8c84e8e96dd6.h5ad,863993811,10.1126/science.add7046,brain,1.0,True,0,12,0,0,0,0,False,False,False,False,True
f6d9f2ad-5ec7-4d53-b7f0-ceb0e7bcd181,283d65eb-dd53-496d-adb7-7570c7caa443,Dissection: Thalamus (THM) - lateral nuclear complex of thalamus (LNC) - ventral posterior lateral nucleus - VPL,Human Brain Cell Atlas v1.0,6877,1,20,42.0,42.0,0.0,1,10x 3' v3,nucleus,lateral posterior nucleus of thalamus,normal,https://datasets.cellxgene.cziscience.com/1b020af5-6352-43ce-9033-77e5387d7950.h5ad,54036167,10.1126/science.add7046,brain,1.0,True,0,1,0,0,0,0,False,False,False,False,True
f5a04dff-d394-4023-8811-65494e8bb11d,283d65eb-dd53-496d-adb7-7570c7caa443,Dissection: Basal nuclei (BN) - Putamen - Pu,Human Brain Cell Atlas v1.0,34416,3,25,29.0,50.0,21.0,3,10x 3' v3,nucleus,putamen,normal,https://datasets.cellxgene.cziscience.com/99a7f50b-40a2-4ac6-8d74-3b1cefe5dcfe.h5ad,463842908,10.1126/science.add7046,brain,1.0,True,0,1,0,0,0,0,False,False,False,False,True
f502c312-05dc-4fd4-a762-92a63e92b539,283d65eb-dd53-496d-adb7-7570c7caa443,Dissection: Paleocortex (PalCx) - Anterior Olfactory Nucleus - AON,Human Brain Cell Atlas v1.0,31230,3,25,29.0,50.0,21.0,3,10x 3' v3,nucleus,anterior olfactory nucleus,normal,https://datasets.cellxgene.cziscience.com/d7f9e68a-e253-4ceb-ae6b-7870fdef7f07.h5ad,408341399,10.1126/science.add7046,,0.0,False,0,0,0,0,0,0,False,False,False,False,True
f3565fda-499a-4d20-bd92-563c09954c42,283d65eb-dd53-496d-adb7-7570c7caa443,Dissection: Pons (Pn) - Pontine reticular formation (PnRF) - parabrachial nuclei - PB,Human Brain Cell Atlas v1.0,24155,3,26,29.0,50.0,21.0,3,10x 3' v3,nucleus,parabrachial nucleus,normal,https://datasets.cellxgene.cziscience.com/66f6377b-30db-43eb-8bde-fcac5f229128.h5ad,235706394,10.1126/science.add7046,,0.0,False,0,0,0,0,0,0,False,False,False,False,True
f32c2c13-bb1a-4ffd-a457-60b64ecfa4cb,283d65eb-dd53-496d-adb7-7570c7caa443,Dissection: Cerebral cortex (Cx) - Precentral gyrus (PrCG) - Primary motor cortex - M1C,Human Brain Cell Atlas v1.0,116576,4,35,29.0,60.0,31.0,4,10x 3' v3,nucleus,primary motor cortex,normal,https://datasets.cellxgene.cziscience.com/87e73a20-47e3-476c-8955-13eced77d320.h5ad,1493677400,10.1126/science.add7046,,0.0,False,0,0,0,0,0,0,False,False,False,False,True
f20f44ef-a0d4-4d94-87de-037fd47141f0,283d65eb-dd53-496d-adb7-7570c7caa443,Dissection: Hypothalamus (HTH) - mammillary region of HTH (HTHma) - tuberal region of HTH - HTHtub,Human Brain Cell Atlas v1.0,18728,1,27,42.0,42.0,0.0,1,10x 3' v3,nucleus,hypothalamus,normal,https://datasets.cellxgene.cziscience.com/a1049b82-4193-4d0c-bfe2-a8fad8aff7c8.h5ad,209218748,10.1126/science.add7046,brain,1.0,True,0,1,0,0,0,0,False,False,False,False,True
f16f4108-7873-4035-9989-3748da1a7ff1,283d65eb-dd53-496d-adb7-7570c7caa443,Supercluster: Committed oligodendrocyte precursor,Human Brain Cell Atlas v1.0,4720,4,1,29.0,60.0,31.0,4,10x 3' v3,nucleus,Brodmann (1909) area 13; Brodmann (1909) area 14; Brodmann (1909) area 19; Brodmann (1909) area 23; Brodmann (1909) area 24; Brodmann (1909) area 25; Brodmann (1909) area 32; Brodmann (1909) area 35; Brodmann (1909) area 38; Brodmann (1909) area 40; Brodmann (1909) area 43; Brodmann (1909) area 46; ,normal,https://datasets.cellxgene.cziscience.com/8865ca95-6a4c-426a-8452-6a00de40cbfb.h5ad,33951867,10.1126/science.add7046,brain,1.0,True,0,12,0,0,0,0,False,False,False,False,True
ed33c203-233a-476a-a56b-28da945fdd32,283d65eb-dd53-496d-adb7-7570c7caa443,"Dissection: Cerebral cortex (Cx) - Cuneus, caudal part - Peristriate Cortex - V2",Human Brain Cell Atlas v1.0,32638,3,23,29.0,50.0,21.0,3,10x 3' v3,nucleus,extrastriate cortex,normal,https://datasets.cellxgene.cziscience.com/4f83cc71-e0ea-4101-a8e3-6d9633f2519b.h5ad,388262996,10.1126/science.add7046,,0.0,False,0,0,0,0,0,0,False,False,False,False,True
ed11cc3e-2947-407c-883c-c53b043917c3,283d65eb-dd53-496d-adb7-7570c7caa443,Dissection: Thalamus (THM) - Lateral nuclear complex (LNC) - ventral anterior nucleus of thalamus - VA,Human Brain Cell Atlas v1.0,8573,1,27,50.0,50.0,0.0,1,10x 3' v3,nucleus,ventral anterior nucleus of thalamus,normal,https://datasets.cellxgene.cziscience.com/88218cdb-ed39-419c-92bb-f5dcdd7242b6.h5ad,110761894,10.1126/science.add7046,brain,1.0,True,0,1,0,0,0,0,False,False,False,False,True
ecd9230d-c571-4dab-abd3-8b54c74833f0,283d65eb-dd53-496d-adb7-7570c7caa443,Dissection: Thalamus (THM) - lateral nuclear complex of thalamus (LNC) - Pulvinar of thalamus - Pul,Human Brain Cell Atlas v1.0,46453,3,30,29.0,50.0,21.0,3,10x 3' v3,nucleus,pulvinar nucleus,normal,https://datasets.cellxgene.cziscience.com/cc594962-643a-4e37-9ad8-b074097326fe.h5ad,472019182,10.1126/science.add7046,,0.0,False,0,0,0,0,0,0,False,False,False,False,True
e8681d74-ac9e-4be5-be14-1cf1bbd54dd7,283d65eb-dd53-496d-adb7-7570c7caa443,Dissection: Thalamus (THM) - Anterior nuclear complex - ANC,Human Brain Cell Atlas v1.0,31307,3,29,29.0,50.0,21.0,3,10x 3' v3,nucleus,anterior nuclear group,normal,https://datasets.cellxgene.cziscience.com/dcb9afe2-cbd4-41f1-a16f-175a172df9a9.h5ad,407285666,10.1126/science.add7046,,0.0,False,0,0,0,0,0,0,False,False,False,False,True
e6b2ce27-681b-4409-a053-2681875936e5,283d65eb-dd53-496d-adb7-7570c7caa443,Supercluster: Eccentric medium spiny neuron,Human Brain Cell Atlas v1.0,40144,4,1,29.0,60.0,31.0,4,10x 3' v3,nucleus,Brodmann (1909) area 13; Brodmann (1909) area 14; Brodmann (1909) area 24; Brodmann (1909) area 25; Brodmann (1909) area 40; Brodmann (1909) area 43; Brodmann (1909) area 46; accessory basal amygdaloid nucleus; agranular insular cortex; anterior cortical amygdaloid nucleus; anterior nuclear group; a,normal,https://datasets.cellxgene.cziscience.com/5ec6cb02-a798-4f66-a2d6-5e0b7b56ff80.h5ad,495998654,10.1126/science.add7046,brain,0.5833333333333334,True,0,7,0,0,0,0,False,False,False,False,True
e5b1115b-a486-49bb-bda3-8261822836e0,283d65eb-dd53-496d-adb7-7570c7caa443,Dissection: Cerebral cortex (Cx) - Caudal cingulate gyrus (CgGC) - A23,Human Brain Cell Atlas v1.0,35359,3,22,29.0,50.0,21.0,3,10x 3' v3,nucleus,Brodmann (1909) area 23,normal,https://datasets.cellxgene.cziscience.com/cc2073ff-ccd7-4fb7-a997-2eabaf52e6b8.h5ad,367962092,10.1126/science.add7046,brain,1.0,True,0,1,0,0,0,0,False,False,False,False,True
e4710a02-8abc-48d5-a3e8-9ae7e9d79bdb,283d65eb-dd53-496d-adb7-7570c7caa443,Supercluster: MGE interneuron,Human Brain Cell Atlas v1.0,222434,4,1,29.0,60.0,31.0,4,10x 3' v3,nucleus,Brodmann (1909) area 13; Brodmann (1909) area 14; Brodmann (1909) area 19; Brodmann (1909) area 23; Brodmann (1909) area 24; Brodmann (1909) area 25; Brodmann (1909) area 32; Brodmann (1909) area 38; Brodmann (1909) area 40; Brodmann (1909) area 43; Brodmann (1909) area 46; accessory basal amygdaloi,normal,https://datasets.cellxgene.cziscience.com/da51fd3b-9b48-4687-9ed3-745b59feb337.h5ad,2548398308,10.1126/science.add7046,brain,0.9166666666666666,True,0,11,0,0,0,0,False,False,False,False,True
e1f595f6-ba2c-495e-9bee-7056f116b1e4,283d65eb-dd53-496d-adb7-7570c7caa443,Dissection: Cerebral cortex (Cx) - Middle Temporal Gyrus - MTG,Human Brain Cell Atlas v1.0,107301,3,28,29.0,50.0,21.0,3,10x 3' v3,nucleus,middle temporal gyrus,normal,https://datasets.cellxgene.cziscience.com/77ccb16a-def4-494d-91cd-6efdfaf0ffa5.h5ad,1315996616,10.1126/science.add7046,,0.0,False,0,0,0,0,0,0,False,False,False,False,True
dd03ce70-3243-4c96-9561-330cc461e4d7,283d65eb-dd53-496d-adb7-7570c7caa443,Dissection: Cerebral cortex (Cx) - Perirhinal gyrus (PRG) - A35-A36,Human Brain Cell Atlas v1.0,23732,3,23,29.0,50.0,21.0,3,10x 3' v3,nucleus,perirhinal cortex,normal,https://datasets.cellxgene.cziscience.com/ce560f50-f0e2-4d6b-a4ea-4aba01d0657b.h5ad,348897345,10.1126/science.add7046,,0.0,False,0,0,0,0,0,0,False,False,False,False,True
db1d2c1b-2ee1-45d5-9d53-69a327cd77e6,283d65eb-dd53-496d-adb7-7570c7caa443,Dissection: Cerebral cortex (Cx) - Middle frontal gyrus (MFG) - A46,Human Brain Cell Atlas v1.0,31065,3,23,29.0,50.0,21.0,3,10x 3' v3,nucleus,Brodmann (1909) area 46,normal,https://datasets.cellxgene.cziscience.com/17e6555e-4a78-4196-81a3-d2698c37109c.h5ad,372879057,10.1126/science.add7046,brain,1.0,True,0,1,0,0,0,0,False,False,False,False,True
d6a5b240-cc8f-45c1-ad36-2fc291e15e8e,283d65eb-dd53-496d-adb7-7570c7caa443,Dissection: Midbrain (M) - Pretectal region - PTR,Human Brain Cell Atlas v1.0,25875,2,27,29.0,42.0,13.0,2,10x 3' v3,nucleus,pretectal region,normal,https://datasets.cellxgene.cziscience.com/5ba729bc-98c1-44b0-811b-b6a88c1e5286.h5ad,322481519,10.1126/science.add7046,,0.0,False,0,0,0,0,0,0,False,False,False,False,True
d582f63a-3c88-4e38-8cd3-8682dbe40f64,283d65eb-dd53-496d-adb7-7570c7caa443,Dissection: Cerebral cortex (Cx) - Posterior intermediate orbital gyrus (POrG) - Caudal division of OFCi - A13,Human Brain Cell Atlas v1.0,34919,3,24,29.0,50.0,21.0,3,10x 3' v3,nucleus,Brodmann (1909) area 13,normal,https://datasets.cellxgene.cziscience.com/c6c25a88-820a-42e7-b8c1-1fcd8af52925.h5ad,432258298,10.1126/science.add7046,brain,1.0,True,0,1,0,0,0,0,False,False,False,False,True
d5452b83-7c3d-4d7c-ab7a-c7fece7196c5,283d65eb-dd53-496d-adb7-7570c7caa443,Dissection: Body of hippocampus (HiB) - Rostral CA3,Human Brain Cell Atlas v1.0,8077,1,22,50.0,50.0,0.0,1,10x 3' v3,nucleus,rostral CA3,normal,https://datasets.cellxgene.cziscience.com/13c33f3e-8782-4ecf-b0b9-f9505c9ab11b.h5ad,111411217,10.1126/science.add7046,,0.0,False,0,0,0,0,0,0,False,False,False,False,True
d2b5efc1-14c6-4b5f-bd98-40f9084872d7,283d65eb-dd53-496d-adb7-7570c7caa443,Dissection: Tail of Hippocampus (HiT) - Caudal Hippocampus - CA1-CA3,Human Brain Cell Atlas v1.0,36886,3,25,29.0,50.0,21.0,3,10x 3' v3,nucleus,hippocampal field,normal,https://datasets.cellxgene.cziscience.com/3d9a9fc1-25e6-42a1-b8c0-1657e9956552.h5ad,535489663,10.1126/science.add7046,brain,1.0,True,0,1,0,0,0,0,False,False,False,False,True
d288b10a-643e-44bd-b451-96e9588b2ee5,283d65eb-dd53-496d-adb7-7570c7caa443,Dissection: Cerebral cortex (Cx) - Supramarginal gyrus (SMG) - A40,Human Brain Cell Atlas v1.0,39053,3,24,29.0,50.0,21.0,3,10x 3' v3,nucleus,Brodmann (1909) area 40,normal,https://datasets.cellxgene.cziscience.com/1842b01e-5c3e-4e3f-ac5e-3d00f7c84941.h5ad,476984967,10.1126/science.add7046,brain,1.0,True,0,1,0,0,0,0,False,False,False,False,True
d2514440-d747-4d8d-b2c7-b58ef8b71fbe,283d65eb-dd53-496d-adb7-7570c7caa443,Dissection: Thalamus (THM) - posterior nuclear complex of thalamus (PoN) - lateral geniculate nucleus (LG),Human Brain Cell Atlas v1.0,48856,3,31,29.0,50.0,21.0,3,10x 3' v3,nucleus,lateral geniculate body,normal,https://datasets.cellxgene.cziscience.com/9bbf6fa5-82de-41c1-9957-8790fb2d989d.h5ad,498063468,10.1126/science.add7046,,0.0,False,0,0,0,0,0,0,False,False,False,False,True
d02287f3-408b-438d-9131-999e460cbd0e,283d65eb-dd53-496d-adb7-7570c7caa443,Dissection: Paleocortex (PalCx) - Piriform cortex - Pir,Human Brain Cell Atlas v1.0,36941,3,27,29.0,50.0,21.0,3,10x 3' v3,nucleus,piriform cortex,normal,https://datasets.cellxgene.cziscience.com/4e44870b-0efe-4cbe-97e6-ded0c5aa0417.h5ad,487081844,10.1126/science.add7046,,0.0,False,0,0,0,0,0,0,False,False,False,False,True
cfa755c1-48c5-4336-94f4-aa95eca4fbd5,283d65eb-dd53-496d-adb7-7570c7caa443,Supercluster: Choroid plexus,Human Brain Cell Atlas v1.0,7689,4,1,29.0,60.0,31.0,4,10x 3' v3,nucleus,anterior nuclear group; cerebellar nuclear complex; dentate gyrus of hippocampal formation; hippocampal field; hypothalamus; intralaminar nuclear group; lateral geniculate body; mammillary body; midbrain nucleus; midbrain tectum; nucleus of dorsal thalamus; nucleus of medulla oblongata; pontine reti,normal,https://datasets.cellxgene.cziscience.com/9a3a5e91-a599-407a-9cad-a4293c0bdf37.h5ad,86710964,10.1126/science.add7046,brain,0.6153846153846154,True,0,8,0,0,0,0,False,False,False,False,True
caf8670f-e647-4f0c-bfba-163aa84ce602,283d65eb-dd53-496d-adb7-7570c7caa443,Supercluster: Deep-layer corticothalamic and 6b,Human Brain Cell Atlas v1.0,78396,4,1,29.0,60.0,31.0,4,10x 3' v3,nucleus,Brodmann (1909) area 13; Brodmann (1909) area 14; Brodmann (1909) area 19; Brodmann (1909) area 23; Brodmann (1909) area 24; Brodmann (1909) area 25; Brodmann (1909) area 32; Brodmann (1909) area 38; Brodmann (1909) area 40; Brodmann (1909) area 43; Brodmann (1909) area 46; accessory basal amygdaloi,normal,https://datasets.cellxgene.cziscience.com/38464449-8beb-4087-b9e0-a0f93754522b.h5ad,1234331396,10.1126/science.add7046,brain,0.9166666666666666,True,0,11,0,0,0,0,False,False,False,False,True
ca20e2ac-5676-4158-b5d0-0c2b15898b19,283d65eb-dd53-496d-adb7-7570c7caa443,Dissection: Basal nuclei (BN) - Globus pallidus (GP) - Internal segment of globus pallidus - GPi,Human Brain Cell Atlas v1.0,33968,3,24,29.0,50.0,21.0,3,10x 3' v3,nucleus,globus pallidus,normal,https://datasets.cellxgene.cziscience.com/8a6a0c07-e560-47e3-9a4f-99a283bde3de.h5ad,137077900,10.1126/science.add7046,,0.0,False,0,0,0,0,0,0,False,False,False,False,True
c7856243-c59a-4b70-8ce7-25b94c2d9da1,283d65eb-dd53-496d-adb7-7570c7caa443,Dissection: Cerebral cortex (Cx) - Gyrus rectus (ReG) - Medial orbitofrontal cortex - A14,Human Brain Cell Atlas v1.0,14352,1,22,50.0,50.0,0.0,1,10x 3' v3,nucleus,Brodmann (1909) area 14,normal,https://datasets.cellxgene.cziscience.com/91e7c815-aa7c-4d7e-a3fe-6027c903325a.h5ad,256296560,10.1126/science.add7046,brain,1.0,True,0,1,0,0,0,0,False,False,False,False,True
c5cfa2b7-abb1-4a50-908f-707b54ca606b,283d65eb-dd53-496d-adb7-7570c7caa443,Dissection: Midbrain (M) - Periaqueductal gray and Dorsal raphe nucleus - PAG-DR,Human Brain Cell Atlas v1.0,14094,2,28,29.0,50.0,21.0,2,10x 3' v3,nucleus,gray matter of midbrain,normal,https://datasets.cellxgene.cziscience.com/5b5716d6-8900-478c-824d-3cc7bf2c99ce.h5ad,123551150,10.1126/science.add7046,brain,1.0,True,0,1,0,0,0,0,False,False,False,False,True
c4dd26a8-d956-4bee-a233-44b573f2ce27,283d65eb-dd53-496d-adb7-7570c7caa443,Dissection: Body of hippocampus (HiB) - Rostral CA1-2,Human Brain Cell Atlas v1.0,11265,1,25,50.0,50.0,0.0,1,10x 3' v3,nucleus,hippocampal field,normal,https://datasets.cellxgene.cziscience.com/ccd04fe5-da4c-4205-9244-03a4c093067e.h5ad,231120136,10.1126/science.add7046,brain,1.0,True,0,1,0,0,0,0,False,False,False,False,True
c4b03352-af8d-492a-8d6b-40f304e0a122,283d65eb-dd53-496d-adb7-7570c7caa443,Supercluster: Medium spiny neuron,Human Brain Cell Atlas v1.0,152189,4,1,29.0,60.0,31.0,4,10x 3' v3,nucleus,Brodmann (1909) area 13; Brodmann (1909) area 24; Brodmann (1909) area 25; Brodmann (1909) area 38; accessory basal amygdaloid nucleus; agranular insular cortex; anterior cortical amygdaloid nucleus; anterior nuclear group; anterior olfactory nucleus; basolateral amygdaloid nuclear complex; bed nucl,normal,https://datasets.cellxgene.cziscience.com/8de752f2-18c1-4299-b60e-e769ffc81198.h5ad,2182606469,10.1126/science.add7046,brain,0.36363636363636365,True,0,4,0,0,0,0,False,False,False,False,True
c2aad8fc-b63b-4f9b-9cfd-baf7bc9c1771,283d65eb-dd53-496d-adb7-7570c7caa443,Dissection: Cerebral cortex (Cx) - Temporal pole (TP) - Temporopolar area - A38,Human Brain Cell Atlas v1.0,37642,3,24,29.0,50.0,21.0,3,10x 3' v3,nucleus,Brodmann (1909) area 38,normal,https://datasets.cellxgene.cziscience.com/5db6600e-92ad-42e4-bdad-f0a6e8db277c.h5ad,566411889,10.1126/science.add7046,brain,1.0,True,0,1,0,0,0,0,False,False,False,False,True
c202b243-1aa1-4b16-bc9a-b36241f3b1e3,283d65eb-dd53-496d-adb7-7570c7caa443,Supercluster: Amygdala excitatory,Human Brain Cell Atlas v1.0,109452,4,1,29.0,60.0,31.0,4,10x 3' v3,nucleus,Brodmann (1909) area 24; Brodmann (1909) area 25; Brodmann (1909) area 35; Brodmann (1909) area 38; Brodmann (1909) area 40; Brodmann (1909) area 43; accessory basal amygdaloid nucleus; agranular insular cortex; anterior cortical amygdaloid nucleus; anterior nuclear group; anterior olfactory nucleus,normal,https://datasets.cellxgene.cziscience.com/7a29d6f4-91a6-41bb-b3d4-2e278f51ce27.h5ad,1729392300,10.1126/science.add7046,brain,0.5454545454545454,True,0,6,0,0,0,0,False,False,False,False,True
bdb26abd-f4ba-4ea3-8862-c2340e7a4f55,283d65eb-dd53-496d-adb7-7570c7caa443,Supercluster: CGE interneuron,Human Brain Cell Atlas v1.0,227671,4,1,29.0,60.0,31.0,4,10x 3' v3,nucleus,Brodmann (1909) area 13; Brodmann (1909) area 14; Brodmann (1909) area 19; Brodmann (1909) area 23; Brodmann (1909) area 24; Brodmann (1909) area 25; Brodmann (1909) area 32; Brodmann (1909) area 38; Brodmann (1909) area 40; Brodmann (1909) area 43; Brodmann (1909) area 46; accessory basal amygdaloi,normal,https://datasets.cellxgene.cziscience.com/3723412a-c4ac-4778-b76f-88a9ff4a9332.h5ad,2416846134,10.1126/science.add7046,brain,0.9166666666666666,True,0,11,0,0,0,0,False,False,False,False,True
bd6b68e8-179a-42f0-9bde-b4fdf7d34dd1,283d65eb-dd53-496d-adb7-7570c7caa443,Supercluster: Cerebellar inhibitory,Human Brain Cell Atlas v1.0,14411,4,1,29.0,60.0,31.0,4,10x 3' v3,nucleus,bed nucleus of stria terminalis; cerebellar nuclear complex; cerebellar vermis; cerebrocerebellum; dorsal tegmental nucleus; epithalamus; extrastriate cortex; globus pallidus; gray matter of midbrain; hypothalamus; inferior olivary complex; lateral geniculate body; mammillary body; medial dorsal nuc,normal,https://datasets.cellxgene.cziscience.com/6cb6da05-ab56-477f-aaba-286548840f8b.h5ad,150334884,10.1126/science.add7046,brain,0.42857142857142855,True,0,6,0,0,0,0,False,False,False,False,True
bac09168-940b-4b11-8d55-b4955f80b98d,283d65eb-dd53-496d-adb7-7570c7caa443,Dissection: Head of hippocampus (HiH) - Uncal CA2-CA3,Human Brain Cell Atlas v1.0,12461,1,26,29.0,29.0,0.0,1,10x 3' v3,nucleus,hippocampal field,normal,https://datasets.cellxgene.cziscience.com/6cd338f6-0d5d-4ff2-be16-4480fc94a37c.h5ad,240181020,10.1126/science.add7046,brain,1.0,True,0,1,0,0,0,0,False,False,False,False,True
b8681124-aabf-4904-b9c9-66d834bf5bba,283d65eb-dd53-496d-adb7-7570c7caa443,Dissection: Thalamus (THM) - medial nuclear complex of thalamus (MNC) - mediodorsal nucleus of thalamus + reuniens nucleus (medioventral nucleus) of thalamus - MD + Re,Human Brain Cell Atlas v1.0,13382,1,23,50.0,50.0,0.0,1,10x 3' v3,nucleus,nucleus of dorsal thalamus,normal,https://datasets.cellxgene.cziscience.com/cea5ca3d-f0bd-4762-aebb-90f13a5f8aa7.h5ad,192740437,10.1126/science.add7046,brain,1.0,True,0,1,0,0,0,0,False,False,False,False,True
adda0684-f8ea-4403-b393-2a25607077c4,283d65eb-dd53-496d-adb7-7570c7caa443,Dissection: Thalamus (THM) - posterior nuclear complex of thalamus (PoN) - medial geniculate nuclei (MG),Human Brain Cell Atlas v1.0,14226,2,27,29.0,42.0,13.0,2,10x 3' v3,nucleus,medial geniculate body,normal,https://datasets.cellxgene.cziscience.com/8294d981-9be7-4101-bf98-2ff4baef23e8.h5ad,135377919,10.1126/science.add7046,,0.0,False,0,0,0,0,0,0,False,False,False,False,True
acae7679-d077-461c-b857-ee6ccfeb267f,283d65eb-dd53-496d-adb7-7570c7caa443,Dissection: Head of hippocampus (HiH) - Uncal CA1,Human Brain Cell Atlas v1.0,39147,1,28,50.0,50.0,0.0,1,10x 3' v3,nucleus,uncal CA1,normal,https://datasets.cellxgene.cziscience.com/f187cb1a-2fdb-4911-9ad4-7583a6b796d5.h5ad,435648209,10.1126/science.add7046,,0.0,False,0,0,0,0,0,0,False,False,False,False,True
a84face4-eb30-4f43-994f-c6a13a097808,283d65eb-dd53-496d-adb7-7570c7caa443,"Dissection: Cerebral cortex (Cx) - Cingulate gyrus, retrosplenial (CgGrs) - A29-A30",Human Brain Cell Atlas v1.0,34078,3,23,29.0,50.0,21.0,3,10x 3' v3,nucleus,retrosplenial region,normal,https://datasets.cellxgene.cziscience.com/680d1013-c769-4eec-a057-79ebfc841dec.h5ad,280879520,10.1126/science.add7046,,0.0,False,0,0,0,0,0,0,False,False,False,False,True
a7b4f565-691d-43ea-bf4a-d2d1d52bb4b4,283d65eb-dd53-496d-adb7-7570c7caa443,Dissection: Thalamus (THM) - Lateral nuclear complex of thalamus (LNC) - ventral group of lateral nucleus - VLN,Human Brain Cell Atlas v1.0,27111,3,27,29.0,50.0,21.0,3,10x 3' v3,nucleus,lateral nuclear group of thalamus,normal,https://datasets.cellxgene.cziscience.com/8dfafe13-a9c8-4db2-8bbd-3fe6a67e9be4.h5ad,272656050,10.1126/science.add7046,brain,1.0,True,0,1,0,0,0,0,False,False,False,False,True
a5b5d1f3-dd8b-44f6-a685-15f0f741c062,283d65eb-dd53-496d-adb7-7570c7caa443,Dissection: Thalamus (THM) - Subthalamic nucleus and nearby - STH,Human Brain Cell Atlas v1.0,20162,2,25,29.0,42.0,13.0,2,10x 3' v3,nucleus,subthalamic nucleus,normal,https://datasets.cellxgene.cziscience.com/dca951ca-371f-4beb-b002-6d1baf00ebc1.h5ad,77973546,10.1126/science.add7046,brain,1.0,True,0,1,0,0,0,0,False,False,False,False,True
a59ba9fa-1407-4f15-8c56-d3637421570d,283d65eb-dd53-496d-adb7-7570c7caa443,Dissection: Cerebellum (CB) - Lateral hemisphere of cerebellum - CBL,Human Brain Cell Atlas v1.0,28028,3,20,29.0,50.0,21.0,3,10x 3' v3,nucleus,cerebrocerebellum,normal,https://datasets.cellxgene.cziscience.com/8e5b2509-5b4c-4a9e-895e-b3749849ae1a.h5ad,163960775,10.1126/science.add7046,brain,1.0,True,0,1,0,0,0,0,False,False,False,False,True
a56f1a6b-071c-4780-9832-33ca9b8fb391,283d65eb-dd53-496d-adb7-7570c7caa443,Supercluster: Hippocampal dentate gyrus,Human Brain Cell Atlas v1.0,67533,4,1,29.0,60.0,31.0,4,10x 3' v3,nucleus,dentate gyrus of hippocampal formation; hippocampal field; lateral geniculate body; medial geniculate body; middle temporal gyrus; primary auditory cortex; primary motor cortex; pulvinar nucleus; rostral CA3; subicular complex; substantia nigra; subthalamic nucleus,normal,https://datasets.cellxgene.cziscience.com/8ff0103c-12ae-4c73-a7fc-e8ad48874f92.h5ad,786013172,10.1126/science.add7046,brain,0.3333333333333333,True,0,4,0,0,0,0,False,False,False,False,True
a4116666-d295-4443-a174-0acc283f92c4,283d65eb-dd53-496d-adb7-7570c7caa443,Dissection: Midbrain (M) - Superior colliculus and nearby nuclei - SC,Human Brain Cell Atlas v1.0,29907,3,26,29.0,50.0,21.0,3,10x 3' v3,nucleus,midbrain tectum,normal,https://datasets.cellxgene.cziscience.com/391f4c73-6509-4c0b-a432-22036f320b16.h5ad,287329277,10.1126/science.add7046,brain,1.0,True,0,1,0,0,0,0,False,False,False,False,True
a19b218b-1c0a-4618-b41f-7c216c623ec6,283d65eb-dd53-496d-adb7-7570c7caa443,Dissection: Cerebral cortex (Cx) - Posterior parahippocampal gyrus (PPH) - TH-TL,Human Brain Cell Atlas v1.0,40677,3,27,29.0,50.0,21.0,3,10x 3' v3,nucleus,posterior parahippocampal gyrus,normal,https://datasets.cellxgene.cziscience.com/67aab5e2-2ccb-4324-a12c-ae1951804d46.h5ad,545873008,10.1126/science.add7046,brain,1.0,True,0,1,0,0,0,0,False,False,False,False,True
9f499d32-400d-4c42-ac9a-fb1481844fee,283d65eb-dd53-496d-adb7-7570c7caa443,Dissection: Tail of Hippocampus (HiT) - Caudal Hippocampus - CA4-DGC,Human Brain Cell Atlas v1.0,56367,3,29,29.0,50.0,21.0,3,10x 3' v3,nucleus,dentate gyrus of hippocampal formation,normal,https://datasets.cellxgene.cziscience.com/a4744a28-c274-402d-bc22-d329975de41a.h5ad,517082651,10.1126/science.add7046,brain,1.0,True,0,1,0,0,0,0,False,False,False,False,True
9ec34295-ab16-47e2-af33-b884143e520b,283d65eb-dd53-496d-adb7-7570c7caa443,"Dissection: Midbrain (M) - Substantia Nigra, Red Nucleus, and nearby nuclei - SN-RN",Human Brain Cell Atlas v1.0,49110,2,25,42.0,50.0,8.0,2,10x 3' v3,nucleus,midbrain nucleus,normal,https://datasets.cellxgene.cziscience.com/0beb5c17-8951-4e94-a5d9-9b8e13784395.h5ad,384782997,10.1126/science.add7046,brain,1.0,True,0,1,0,0,0,0,False,False,False,False,True
9ec335f2-420a-45a8-b45a-1ab646e50041,283d65eb-dd53-496d-adb7-7570c7caa443,Supercluster: Hippocampal CA4,Human Brain Cell Atlas v1.0,10654,4,1,29.0,60.0,31.0,4,10x 3' v3,nucleus,bed nucleus of stria terminalis; dentate gyrus of hippocampal formation; hippocampal field; primary motor cortex; pulvinar nucleus; retrosplenial region; rostral CA3; septal nuclear complex; substantia nigra; uncal CA1,normal,https://datasets.cellxgene.cziscience.com/df3ef30e-25bd-47cc-8555-0b3d726f085c.h5ad,192626799,10.1126/science.add7046,brain,0.3,True,0,3,0,0,0,0,False,False,False,False,True
98113e7e-f586-4065-a26a-60aa702f8d1c,283d65eb-dd53-496d-adb7-7570c7caa443,Supercluster: Deep-layer intratelencephalic,Human Brain Cell Atlas v1.0,228467,4,1,29.0,60.0,31.0,4,10x 3' v3,nucleus,Brodmann (1909) area 13; Brodmann (1909) area 14; Brodmann (1909) area 19; Brodmann (1909) area 23; Brodmann (1909) area 24; Brodmann (1909) area 25; Brodmann (1909) area 32; Brodmann (1909) area 38; Brodmann (1909) area 40; Brodmann (1909) area 43; Brodmann (1909) area 46; accessory basal amygdaloi,normal,https://datasets.cellxgene.cziscience.com/0e551560-97af-48ba-92ef-9f33723eeeff.h5ad,3674042539,10.1126/science.add7046,brain,0.9166666666666666,True,0,11,0,0,0,0,False,False,False,False,True
949ec7fc-ac54-47c9-bb6f-ee9e67688cce,283d65eb-dd53-496d-adb7-7570c7caa443,Dissection: Cerebral cortex (Cx) - Short insular gyri - Granular insular cortex - Ig,Human Brain Cell Atlas v1.0,38937,3,24,29.0,50.0,21.0,3,10x 3' v3,nucleus,granular insular cortex,normal,https://datasets.cellxgene.cziscience.com/f6876e50-9eee-4fae-a017-3983bebf407f.h5ad,513142287,10.1126/science.add7046,,0.0,False,0,0,0,0,0,0,False,False,False,False,True
9372df2d-13d6-4fac-980b-919a5b7eb483,283d65eb-dd53-496d-adb7-7570c7caa443,Dissection: Midbrain (M) - Periaqueductal gray and nearby nuclei - PAG,Human Brain Cell Atlas v1.0,33794,2,24,42.0,50.0,8.0,2,10x 3' v3,nucleus,gray matter of midbrain,normal,https://datasets.cellxgene.cziscience.com/0405d1d6-dd88-49d6-9aac-fdb6699612cd.h5ad,313628612,10.1126/science.add7046,brain,1.0,True,0,1,0,0,0,0,False,False,False,False,True
93131426-0124-4ab4-a013-9dfbcd99d467,283d65eb-dd53-496d-adb7-7570c7caa443,Dissection: Epithalamus - ETH,Human Brain Cell Atlas v1.0,24327,2,27,29.0,42.0,13.0,2,10x 3' v3,nucleus,epithalamus,normal,https://datasets.cellxgene.cziscience.com/73b4cbea-3675-4fb2-a79c-edc167cbd493.h5ad,321049861,10.1126/science.add7046,brain,1.0,True,0,1,0,0,0,0,False,False,False,False,True
900fdf13-150d-4695-9f8c-4c09105ba2eb,283d65eb-dd53-496d-adb7-7570c7caa443,Dissection: Pons (Pn) - efferent nuclei of cranial nerves in pons - PnEN,Human Brain Cell Atlas v1.0,47416,3,26,29.0,50.0,21.0,3,10x 3' v3,nucleus,pontine tegmentum,normal,https://datasets.cellxgene.cziscience.com/92678be5-dd0f-4441-a9aa-cb96176b7f91.h5ad,427700271,10.1126/science.add7046,,0.0,False,0,0,0,0,0,0,False,False,False,False,True
8f48c031-6692-4c82-b6c2-e4ad35cbc0aa,283d65eb-dd53-496d-adb7-7570c7caa443,Supercluster: LAMP5-LHX6 and Chandelier,Human Brain Cell Atlas v1.0,45118,4,2,29.0,60.0,31.0,4,10x 3' v3,nucleus,Brodmann (1909) area 13; Brodmann (1909) area 14; Brodmann (1909) area 19; Brodmann (1909) area 23; Brodmann (1909) area 24; Brodmann (1909) area 25; Brodmann (1909) area 32; Brodmann (1909) area 38; Brodmann (1909) area 40; Brodmann (1909) area 43; Brodmann (1909) area 46; accessory basal amygdaloi,normal,https://datasets.cellxgene.cziscience.com/feb707bb-a28d-4b38-aa9b-4ec75cf3edd4.h5ad,533848901,10.1126/science.add7046,brain,0.9166666666666666,True,0,11,0,0,0,0,False,False,False,False,True
8ba5453f-7fab-4702-a3a6-4021b1f31a7a,283d65eb-dd53-496d-adb7-7570c7caa443,Supercluster: Thalamic excitatory,Human Brain Cell Atlas v1.0,85546,4,1,29.0,60.0,31.0,4,10x 3' v3,nucleus,accessory basal amygdaloid nucleus; anterior nuclear group; bed nucleus of stria terminalis; central amygdaloid nucleus; centromedian nucleus of thalamus; dentate gyrus of hippocampal formation; epithalamus; globus pallidus; gray matter of midbrain; hypothalamus; intralaminar nuclear group; lateral ,normal,https://datasets.cellxgene.cziscience.com/e9f3c636-da96-47b4-be7c-d13cf62cc6f7.h5ad,1399531984,10.1126/science.add7046,brain,0.4166666666666667,True,0,5,0,0,0,0,False,False,False,False,True
88a01d4a-5197-45be-b5ae-e019aef43376,283d65eb-dd53-496d-adb7-7570c7caa443,Dissection: Cerebral cortex (Cx) - Superior Temporal Gyrus - STG,Human Brain Cell Atlas v1.0,40565,3,26,29.0,50.0,21.0,3,10x 3' v3,nucleus,superior temporal gyrus,normal,https://datasets.cellxgene.cziscience.com/e4160cbf-d71f-4768-aa8b-1758564e3873.h5ad,395031198,10.1126/science.add7046,,0.0,False,0,0,0,0,0,0,False,False,False,False,True
8039c63d-08b0-4fc9-af0f-5b57f08ca0da,283d65eb-dd53-496d-adb7-7570c7caa443,Dissection: Perirhinal cortex (area 35) (A35) - rostral subdivision of area 35 - A35r,Human Brain Cell Atlas v1.0,17535,1,16,50.0,50.0,0.0,1,10x 3' v3,nucleus,Brodmann (1909) area 35,normal,https://datasets.cellxgene.cziscience.com/f62cbf67-e74d-4f78-afb4-9d9d70bd10e8.h5ad,97240078,10.1126/science.add7046,brain,1.0,True,0,1,0,0,0,0,False,False,False,False,True
7db0c178-b0a4-442f-ba54-e9e1633a84bb,283d65eb-dd53-496d-adb7-7570c7caa443,Dissection: Cerebral cortex (Cx) - Parietal operculum (PaO) - Gustatory cortex - A43,Human Brain Cell Atlas v1.0,42834,3,24,29.0,50.0,21.0,3,10x 3' v3,nucleus,Brodmann (1909) area 43,normal,https://datasets.cellxgene.cziscience.com/f1419729-c611-4821-8c08-4a10092ff7e4.h5ad,601311138,10.1126/science.add7046,brain,1.0,True,0,1,0,0,0,0,False,False,False,False,True
7d3ab174-e433-40fc-a352-6fe71b1a19f9,283d65eb-dd53-496d-adb7-7570c7caa443,Dissection: Amygdaloid complex (AMY) - Basolateral nuclear group (BLN) - lateral nucleus - La,Human Brain Cell Atlas v1.0,28984,3,25,29.0,50.0,21.0,3,10x 3' v3,nucleus,lateral amygdaloid nucleus,normal,https://datasets.cellxgene.cziscience.com/d2a063da-2fd3-4be1-97bd-4ecc41631890.h5ad,343284301,10.1126/science.add7046,,0.0,False,0,0,0,0,0,0,False,False,False,False,True
7cd3c321-e487-4b51-a8af-9bf671b59fe5,283d65eb-dd53-496d-adb7-7570c7caa443,Dissection: Pons (Pn) - other nuclei in pontine tegmentum (XPnTg) - dorsal tegmental nucleus - DTg,Human Brain Cell Atlas v1.0,26095,3,26,29.0,50.0,21.0,3,10x 3' v3,nucleus,dorsal tegmental nucleus,normal,https://datasets.cellxgene.cziscience.com/c4a387c5-8006-4adc-9c47-ac8c05802e13.h5ad,247884254,10.1126/science.add7046,,0.0,False,0,0,0,0,0,0,False,False,False,False,True
7c1c3d47-3166-43e5-9a95-65ceb2d45f78,283d65eb-dd53-496d-adb7-7570c7caa443,Dissection: Pons (Pn) - Pontine reticular formation - PnRF,Human Brain Cell Atlas v1.0,49512,3,25,29.0,50.0,21.0,3,10x 3' v3,nucleus,pontine reticular formation,normal,https://datasets.cellxgene.cziscience.com/43ed6161-81cf-4794-85d5-1173b51b398c.h5ad,421535519,10.1126/science.add7046,,0.0,False,0,0,0,0,0,0,False,False,False,False,True
7b316f62-7fa0-4b95-bac9-e90866038a85,283d65eb-dd53-496d-adb7-7570c7caa443,Dissection: Amygdaloid complex (AMY) - Central nuclear group - CEN,Human Brain Cell Atlas v1.0,42699,3,30,29.0,50.0,21.0,3,10x 3' v3,nucleus,central amygdaloid nucleus,normal,https://datasets.cellxgene.cziscience.com/3fe49186-e665-4999-bc7b-2cff4d5bf817.h5ad,535117705,10.1126/science.add7046,,0.0,False,0,0,0,0,0,0,False,False,False,False,True
7a0a8891-9a22-4549-a55b-c2aca23c3a2a,283d65eb-dd53-496d-adb7-7570c7caa443,Supercluster: Hippocampal CA1-3,Human Brain Cell Atlas v1.0,74979,4,1,29.0,60.0,31.0,4,10x 3' v3,nucleus,Brodmann (1909) area 14; Brodmann (1909) area 25; Brodmann (1909) area 46; accessory basal amygdaloid nucleus; anterior olfactory nucleus; basolateral amygdaloid nuclear complex; bed nucleus of stria terminalis; corticomedial nuclear complex; dentate gyrus of hippocampal formation; hippocampal field,normal,https://datasets.cellxgene.cziscience.com/bcdaf7bd-d518-4c8b-9bd0-a10c3d3ab997.h5ad,1357480465,10.1126/science.add7046,brain,0.5,True,0,5,0,0,0,0,False,False,False,False,True
77c1c785-809f-4065-8c54-6a0170783256,283d65eb-dd53-496d-adb7-7570c7caa443,Dissection: Cerebral cortex (Cx) - Subcallosal Gyrus (SCG) - Subgenual (subcallosal) division of MFC - A25,Human Brain Cell Atlas v1.0,37767,3,26,29.0,50.0,21.0,3,10x 3' v3,nucleus,Brodmann (1909) area 25,normal,https://datasets.cellxgene.cziscience.com/f4ad18c8-8ad1-4cbe-8060-6a3b07f2af64.h5ad,532204098,10.1126/science.add7046,brain,1.0,True,0,1,0,0,0,0,False,False,False,False,True
77044335-0ac5-4406-9b3f-8cdd3656d67b,283d65eb-dd53-496d-adb7-7570c7caa443,Dissection: Pons (Pn) - afferent nuclei of cranial nerves in pons - PnAN,Human Brain Cell Atlas v1.0,23349,3,25,29.0,50.0,21.0,3,10x 3' v3,nucleus,pontine tegmentum,normal,https://datasets.cellxgene.cziscience.com/6e6c4ff6-becd-4cc3-ae56-fefb2e5c97c9.h5ad,130070961,10.1126/science.add7046,,0.0,False,0,0,0,0,0,0,False,False,False,False,True
715327a6-7978-4896-ba91-69d6b04dbbfb,283d65eb-dd53-496d-adb7-7570c7caa443,Dissection: Body of hippocampus (HiB) - Rostral DG-CA4,Human Brain Cell Atlas v1.0,40191,3,33,29.0,50.0,21.0,3,10x 3' v3,nucleus,dentate gyrus of hippocampal formation,normal,https://datasets.cellxgene.cziscience.com/da0a72cd-2cdb-48cb-99c0-c8c6466d0204.h5ad,433787006,10.1126/science.add7046,brain,1.0,True,0,1,0,0,0,0,False,False,False,False,True
70e4f35b-c98c-45a1-9aa9-2053b07315dd,283d65eb-dd53-496d-adb7-7570c7caa443,Dissection: Basal forebrain (BF) - septal nuclei - SEP,Human Brain Cell Atlas v1.0,40815,3,35,29.0,50.0,21.0,3,10x 3' v3,nucleus,septal nuclear complex,normal,https://datasets.cellxgene.cziscience.com/816e6677-96a8-4c9f-90cd-833c71c468c5.h5ad,394374678,10.1126/science.add7046,,0.0,False,0,0,0,0,0,0,False,False,False,False,True
700aed19-c16e-4ba8-9191-07da098a8626,283d65eb-dd53-496d-adb7-7570c7caa443,Supercluster: Microglia,Human Brain Cell Atlas v1.0,91838,4,2,29.0,60.0,31.0,4,10x 3' v3,nucleus,Brodmann (1909) area 13; Brodmann (1909) area 14; Brodmann (1909) area 19; Brodmann (1909) area 23; Brodmann (1909) area 24; Brodmann (1909) area 25; Brodmann (1909) area 32; Brodmann (1909) area 35; Brodmann (1909) area 38; Brodmann (1909) area 40; Brodmann (1909) area 43; Brodmann (1909) area 46; ,normal,https://datasets.cellxgene.cziscience.com/69264ae8-ebac-49a4-8c2b-8180a3ff2ba8.h5ad,351002037,10.1126/science.add7046,brain,1.0,True,0,12,0,0,0,0,False,False,False,False,True
6ed0bb6c-a9e3-4ba6-9436-7c8fd4e206f0,283d65eb-dd53-496d-adb7-7570c7caa443,Dissection: Cerebral cortex (Cx) - Inferior frontal gyrus (IFG) - Ventrolateral prefrontal cortex - A44-A45,Human Brain Cell Atlas v1.0,38259,3,23,29.0,50.0,21.0,3,10x 3' v3,nucleus,inferior frontal gyrus,normal,https://datasets.cellxgene.cziscience.com/b26c5844-47db-4622-8511-4694abf824e7.h5ad,516037795,10.1126/science.add7046,,0.0,False,0,0,0,0,0,0,False,False,False,False,True
6dafb698-7a53-4699-ad13-1b5e2c164be7,283d65eb-dd53-496d-adb7-7570c7caa443,Supercluster: Ependymal,Human Brain Cell Atlas v1.0,5882,3,1,29.0,50.0,21.0,3,10x 3' v3,nucleus,Brodmann (1909) area 43; accessory basal amygdaloid nucleus; anterior nuclear group; basolateral amygdaloid nuclear complex; bed nucleus of stria terminalis; body of caudate nucleus; central amygdaloid nucleus; cerebellar nuclear complex; cerebellar vermis; corticomedial nuclear complex; dentate gyr,normal,https://datasets.cellxgene.cziscience.com/3f55c305-2977-4365-a7c5-c4ebe645cdb3.h5ad,47545107,10.1126/science.add7046,brain,0.36363636363636365,True,0,4,0,0,0,0,False,False,False,False,True
6538ce1b-7949-405f-b01c-a2c3e876baee,283d65eb-dd53-496d-adb7-7570c7caa443,Supercluster: Lower rhombic lip,Human Brain Cell Atlas v1.0,52650,4,1,29.0,60.0,31.0,4,10x 3' v3,nucleus,cerebellar nuclear complex; dorsal tegmental nucleus; globus pallidus; gray matter of midbrain; inferior olivary complex; intralaminar nuclear group; mammillary body; midbrain tectum; nucleus of medulla oblongata; parabrachial nucleus; pontine nuclear group; pontine reticular formation; pontine tegm,normal,https://datasets.cellxgene.cziscience.com/b5eb563b-77b5-451a-add2-ae70522d23ea.h5ad,783044012,10.1126/science.add7046,brain,0.3076923076923077,True,0,4,0,0,0,0,False,False,False,False,True
64f4ad90-a422-400a-944d-4ce0f39594a7,283d65eb-dd53-496d-adb7-7570c7caa443,Dissection: Pons (Pn) - Pontine Nucleus - PN,Human Brain Cell Atlas v1.0,33641,3,24,29.0,50.0,21.0,3,10x 3' v3,nucleus,pontine nuclear group,normal,https://datasets.cellxgene.cziscience.com/1f11ce55-0cec-4846-ab9b-26587440ab06.h5ad,368157163,10.1126/science.add7046,,0.0,False,0,0,0,0,0,0,False,False,False,False,True
64767efb-49b0-4562-a1bd-e619a5d9db41,283d65eb-dd53-496d-adb7-7570c7caa443,Dissection: Hypothalamus (HTH) - preoptic region of HTH - HTHpo,Human Brain Cell Atlas v1.0,14979,1,25,50.0,50.0,0.0,1,10x 3' v3,nucleus,preoptic area,normal,https://datasets.cellxgene.cziscience.com/a7fa6631-1c0c-44b7-9acf-d096909223d6.h5ad,212541394,10.1126/science.add7046,,0.0,False,0,0,0,0,0,0,False,False,False,False,True
639ffc23-14db-4060-9027-3c90314200f8,283d65eb-dd53-496d-adb7-7570c7caa443,Dissection: Cerebral cortex (Cx) - Supraparietal lobule (SPL) - Posterosuperior (dorsal) parietal cortex - A5-A7,Human Brain Cell Atlas v1.0,35290,3,24,29.0,50.0,21.0,3,10x 3' v3,nucleus,superior parietal cortex,normal,https://datasets.cellxgene.cziscience.com/5b75b7fe-4224-40d4-a7bc-78ef7bf37082.h5ad,453048176,10.1126/science.add7046,brain,1.0,True,0,1,0,0,0,0,False,False,False,False,True
5e5ab909-f73f-4b57-98a0-6d2c5662f6a4,283d65eb-dd53-496d-adb7-7570c7caa443,Dissection: Midbrain (M) - Inferior colliculus and nearby nuclei - IC,Human Brain Cell Atlas v1.0,32306,3,28,29.0,50.0,21.0,3,10x 3' v3,nucleus,midbrain tectum,normal,https://datasets.cellxgene.cziscience.com/7bcea090-23e7-47f4-ad08-58ab0455830c.h5ad,345977706,10.1126/science.add7046,brain,1.0,True,0,1,0,0,0,0,False,False,False,False,True
5bc23cb2-8cfc-4960-bab1-c3027fbeefc4,283d65eb-dd53-496d-adb7-7570c7caa443,Dissection: Hypothalamus (HTH) - mammillary region of HTH (HTHma) - mammillary nucleus - MN,Human Brain Cell Atlas v1.0,28155,3,32,29.0,50.0,21.0,3,10x 3' v3,nucleus,mammillary body,normal,https://datasets.cellxgene.cziscience.com/fc9069ab-76f7-425b-ad81-01e88f81e89a.h5ad,400537522,10.1126/science.add7046,,0.0,False,0,0,0,0,0,0,False,False,False,False,True
5a73f63f-18a2-49b5-b431-2c469c41a41b,283d65eb-dd53-496d-adb7-7570c7caa443,Dissection: Thalamus (THM) - medial nuclear complex of thalamus (MNC) - mediodorsal nucleus of thalamus - MD,Human Brain Cell Atlas v1.0,20916,2,27,29.0,42.0,13.0,2,10x 3' v3,nucleus,medial dorsal nucleus of thalamus,normal,https://datasets.cellxgene.cziscience.com/ee181d38-35a9-42d9-9634-8f67e3fc79ca.h5ad,312695547,10.1126/science.add7046,brain,1.0,True,0,1,0,0,0,0,False,False,False,False,True
599504e5-d4ad-45bd-9128-823faf0fb9c9,283d65eb-dd53-496d-adb7-7570c7caa443,Supercluster: Mammillary body,Human Brain Cell Atlas v1.0,16602,4,1,29.0,60.0,31.0,4,10x 3' v3,nucleus,dorsal tegmental nucleus; hypothalamus; intralaminar nuclear group; mammillary body; medial geniculate body; medial zone of hypothalamus; median tuberal portion; midbrain nucleus; primary motor cortex; substantia nigra; subthalamic nucleus,normal,https://datasets.cellxgene.cziscience.com/e7157553-e797-4900-aad5-027ad2b3b047.h5ad,284887782,10.1126/science.add7046,brain,0.45454545454545453,True,0,5,0,0,0,0,False,False,False,False,True
59923449-e303-43e6-9e63-03ef92f5ebd1,283d65eb-dd53-496d-adb7-7570c7caa443,Supercluster: Miscellaneous,Human Brain Cell Atlas v1.0,25071,4,6,29.0,60.0,31.0,4,10x 3' v3,nucleus,Brodmann (1909) area 13; Brodmann (1909) area 14; Brodmann (1909) area 19; Brodmann (1909) area 23; Brodmann (1909) area 24; Brodmann (1909) area 25; Brodmann (1909) area 32; Brodmann (1909) area 35; Brodmann (1909) area 38; Brodmann (1909) area 40; Brodmann (1909) area 43; Brodmann (1909) area 46; ,normal,https://datasets.cellxgene.cziscience.com/94e7104f-0742-4645-ad71-af05b70d323c.h5ad,323462319,10.1126/science.add7046,brain,1.0,True,0,12,0,0,0,0,False,False,False,False,True
56c33a38-2732-4e53-a9c1-1bc61eda9a99,283d65eb-dd53-496d-adb7-7570c7caa443,Dissection: Cerebral cortex (Cx) - Postcentral gyrus (PoCG) - Primary somatosensory cortex - S1C,Human Brain Cell Atlas v1.0,38188,3,23,29.0,50.0,21.0,3,10x 3' v3,nucleus,primary somatosensory cortex,normal,https://datasets.cellxgene.cziscience.com/d5aa1f7f-155d-4423-a8b1-8866a064b7ad.h5ad,525597441,10.1126/science.add7046,,0.0,False,0,0,0,0,0,0,False,False,False,False,True
531c9543-9093-45ed-93ac-ebc5815bfb8a,283d65eb-dd53-496d-adb7-7570c7caa443,Supercluster: Fibroblast,Human Brain Cell Atlas v1.0,9156,4,1,29.0,60.0,31.0,4,10x 3' v3,nucleus,Brodmann (1909) area 13; Brodmann (1909) area 14; Brodmann (1909) area 19; Brodmann (1909) area 23; Brodmann (1909) area 24; Brodmann (1909) area 25; Brodmann (1909) area 32; Brodmann (1909) area 35; Brodmann (1909) area 38; Brodmann (1909) area 40; Brodmann (1909) area 43; Brodmann (1909) area 46; ,normal,https://datasets.cellxgene.cziscience.com/7c91d679-5ff2-495b-b72e-7e26f4455459.h5ad,49676931,10.1126/science.add7046,brain,1.0,True,0,12,0,0,0,0,False,False,False,False,True
52f18bc3-52d9-487b-bf8f-f0b7aa684b09,283d65eb-dd53-496d-adb7-7570c7caa443,Dissection: Midbrain (M) - Substantia Nigra - SN,Human Brain Cell Atlas v1.0,59505,3,34,29.0,50.0,21.0,3,10x 3' v3,nucleus,substantia nigra,normal,https://datasets.cellxgene.cziscience.com/2de1ee2f-d82a-4bea-9288-bae4ea063138.h5ad,416169008,10.1126/science.add7046,brain,1.0,True,0,1,0,0,0,0,False,False,False,False,True
52ea546e-9229-40ef-b048-a2e694dd73e8,283d65eb-dd53-496d-adb7-7570c7caa443,"Dissection: Cerebral cortex (Cx) - Anterior parahippocampal gyrus, posterior part (APH) - Medial entorhinal cortex - MEC",Human Brain Cell Atlas v1.0,50362,3,25,29.0,50.0,21.0,3,10x 3' v3,nucleus,medial entorhinal cortex,normal,https://datasets.cellxgene.cziscience.com/73118fbf-bb19-49c8-bfad-bdf9eb8e103d.h5ad,763887734,10.1126/science.add7046,brain,1.0,True,0,1,0,0,0,0,False,False,False,False,True
529bb209-9d7b-44da-bfa4-f6e4745c46c2,283d65eb-dd53-496d-adb7-7570c7caa443,Dissection: Basal nuclei (BN) - Body of the Caudate - CaB,Human Brain Cell Atlas v1.0,32678,3,22,29.0,50.0,21.0,3,10x 3' v3,nucleus,body of caudate nucleus,normal,https://datasets.cellxgene.cziscience.com/defe49cc-ccee-42ca-9251-a6ec33f11b65.h5ad,480230091,10.1126/science.add7046,brain,1.0,True,0,1,0,0,0,0,False,False,False,False,True
50dc91a1-36b6-472a-b884-7307b6961ab1,283d65eb-dd53-496d-adb7-7570c7caa443,Supercluster: Bergmann glia,Human Brain Cell Atlas v1.0,8041,3,1,29.0,50.0,21.0,3,10x 3' v3,nucleus,cerebellar nuclear complex; cerebellar vermis; cerebrocerebellum; dorsal tegmental nucleus; globus pallidus; inferior olivary complex; mammillary body; midbrain tectum; nucleus of medulla oblongata; parabrachial nucleus; pontine reticular formation; pontine tegmentum; pulvinar nucleus; red nucleus; ,normal,https://datasets.cellxgene.cziscience.com/ea543fda-b0f0-4b92-91e5-a90293699bf2.h5ad,55716249,10.1126/science.add7046,brain,0.35714285714285715,True,0,5,0,0,0,0,False,False,False,False,True
4d43082e-59cd-43ac-b77d-54d55519c881,283d65eb-dd53-496d-adb7-7570c7caa443,Dissection: Cerebral cortex (Cx) - Rostral gyrus (RoG) - Dorsal division of MFC - A32,Human Brain Cell Atlas v1.0,24808,3,21,29.0,50.0,21.0,3,10x 3' v3,nucleus,Brodmann (1909) area 32,normal,https://datasets.cellxgene.cziscience.com/785af261-5aaa-45a8-8b17-b4de9ed6c5a1.h5ad,296141986,10.1126/science.add7046,brain,1.0,True,0,1,0,0,0,0,False,False,False,False,True
4976b234-9028-4b4b-8a2f-8ac59d636219,283d65eb-dd53-496d-adb7-7570c7caa443,Dissection: Cerebellum (CB) - Cerebellar Vermis - CBV,Human Brain Cell Atlas v1.0,71874,3,21,29.0,50.0,21.0,3,10x 3' v3,nucleus,cerebellar vermis,normal,https://datasets.cellxgene.cziscience.com/d8c637a7-1dba-40e1-90f2-ddfdbe03fd3b.h5ad,431306414,10.1126/science.add7046,brain,1.0,True,0,1,0,0,0,0,False,False,False,False,True
489eaa11-c119-4a5f-b44b-81e33c80c0ef,283d65eb-dd53-496d-adb7-7570c7caa443,Dissection: Cerebral cortex (Cx) - Transverse temporal gyrus (TTG) - Primary auditory cortex - A1C,Human Brain Cell Atlas v1.0,32790,3,27,29.0,50.0,21.0,3,10x 3' v3,nucleus,primary auditory cortex,normal,https://datasets.cellxgene.cziscience.com/b7b97af5-0f67-4351-8e31-6ce413210c05.h5ad,427497363,10.1126/science.add7046,,0.0,False,0,0,0,0,0,0,False,False,False,False,True
4724c395-0c46-46d2-81f7-60fd271fb488,283d65eb-dd53-496d-adb7-7570c7caa443,Dissection: Head of hippocampus (HiH) - Uncal DG-CA4,Human Brain Cell Atlas v1.0,35350,2,25,29.0,42.0,13.0,2,10x 3' v3,nucleus,dentate gyrus of hippocampal formation,normal,https://datasets.cellxgene.cziscience.com/b9420be8-94cb-419e-bdc2-c83444d42c4c.h5ad,345509291,10.1126/science.add7046,brain,1.0,True,0,1,0,0,0,0,False,False,False,False,True
470565f2-5afc-456a-b617-18e4496c04fd,283d65eb-dd53-496d-adb7-7570c7caa443,Dissection: Midbrain (RN) - Red Nucleus - RN,Human Brain Cell Atlas v1.0,4714,1,23,29.0,29.0,0.0,1,10x 3' v3,nucleus,red nucleus,normal,https://datasets.cellxgene.cziscience.com/7d87c2e4-b8b1-44e0-974f-eb11761722ae.h5ad,39614801,10.1126/science.add7046,,0.0,False,0,0,0,0,0,0,False,False,False,False,True
46ff9dc2-3d87-4b36-91aa-ffa8aa13c52e,283d65eb-dd53-496d-adb7-7570c7caa443,Dissection: Cerebral cortex (Cx) - Anterior parahippocampal gyrus (AG) - Lateral entorhinal cortex - LEC,Human Brain Cell Atlas v1.0,32745,3,26,29.0,50.0,21.0,3,10x 3' v3,nucleus,lateral entorhinal cortex,normal,https://datasets.cellxgene.cziscience.com/b0b0656c-5290-4e40-9886-51d828c5b74c.h5ad,497873202,10.1126/science.add7046,brain,1.0,True,0,1,0,0,0,0,False,False,False,False,True
4593c820-512d-4805-a10f-c0b864a7cc8c,283d65eb-dd53-496d-adb7-7570c7caa443,Dissection: Amygdaloid complex (AMY) - basolateral nuclear group (BLN) - basomedial nucleus (accessory basal nucleus) - BM,Human Brain Cell Atlas v1.0,31090,3,29,29.0,50.0,21.0,3,10x 3' v3,nucleus,accessory basal amygdaloid nucleus,normal,https://datasets.cellxgene.cziscience.com/fd26cf64-75d6-4cba-846d-594cbafd13fb.h5ad,430742155,10.1126/science.add7046,,0.0,False,0,0,0,0,0,0,False,False,False,False,True
43b7e156-65b3-4a7b-8c7a-08528e4b21d0,283d65eb-dd53-496d-adb7-7570c7caa443,Dissection: Basal forebrain (BF) - substantia innominata and nearby nuclei - SI,Human Brain Cell Atlas v1.0,38205,3,29,29.0,50.0,21.0,3,10x 3' v3,nucleus,substantia innominata,normal,https://datasets.cellxgene.cziscience.com/b96a3b7a-fd57-4e6b-bbbb-d7472f5fab75.h5ad,452367720,10.1126/science.add7046,,0.0,False,0,0,0,0,0,0,False,False,False,False,True
421e5f54-5de7-425f-b399-34ead0651ce1,283d65eb-dd53-496d-adb7-7570c7caa443,Dissection: Cerebral cortex (Cx) - Frontal agranular insular cortex - FI,Human Brain Cell Atlas v1.0,34949,3,25,29.0,50.0,21.0,3,10x 3' v3,nucleus,agranular insular cortex,normal,https://datasets.cellxgene.cziscience.com/49c04b63-425f-48f0-89b7-5961781e0704.h5ad,539876998,10.1126/science.add7046,,0.0,False,0,0,0,0,0,0,False,False,False,False,True
40e79234-65e8-45e9-b555-5c663154a108,283d65eb-dd53-496d-adb7-7570c7caa443,Supercluster: Oligodendrocyte,Human Brain Cell Atlas v1.0,490246,4,1,29.0,60.0,31.0,4,10x 3' v3,nucleus,Brodmann (1909) area 13; Brodmann (1909) area 14; Brodmann (1909) area 19; Brodmann (1909) area 23; Brodmann (1909) area 24; Brodmann (1909) area 25; Brodmann (1909) area 32; Brodmann (1909) area 35; Brodmann (1909) area 38; Brodmann (1909) area 40; Brodmann (1909) area 43; Brodmann (1909) area 46; ,normal,https://datasets.cellxgene.cziscience.com/e5de1555-9551-4f2d-9084-84f1dd8b3fb6.h5ad,2526544291,10.1126/science.add7046,brain,1.0,True,0,12,0,0,0,0,False,False,False,False,True
40569510-2282-461b-84df-6218ef208e0e,283d65eb-dd53-496d-adb7-7570c7caa443,Dissection: Hypothalamus (HTH) - tuberal region of hypothalamus - HTHtub,Human Brain Cell Atlas v1.0,13173,1,22,50.0,50.0,0.0,1,10x 3' v3,nucleus,median tuberal portion,normal,https://datasets.cellxgene.cziscience.com/57f82119-1580-4ceb-b9d4-e0a571e77bc0.h5ad,190487347,10.1126/science.add7046,,0.0,False,0,0,0,0,0,0,False,False,False,False,True
40318d39-3d8f-49f4-8455-a2e1365c5c5b,283d65eb-dd53-496d-adb7-7570c7caa443,Dissection: Basal nuclei (BN) - Nucleus Accumbens - NAC,Human Brain Cell Atlas v1.0,30132,3,26,29.0,50.0,21.0,3,10x 3' v3,nucleus,nucleus accumbens,normal,https://datasets.cellxgene.cziscience.com/68668a7b-bf41-42ce-8756-41979eb8377b.h5ad,432888388,10.1126/science.add7046,,0.0,False,0,0,0,0,0,0,False,False,False,False,True
3f56901c-dd4a-47d6-b60b-7b0c0111cfb2,283d65eb-dd53-496d-adb7-7570c7caa443,Dissection: Head of hippocampus (HiH) - Uncal CA1-CA3,Human Brain Cell Atlas v1.0,37911,2,29,29.0,42.0,13.0,2,10x 3' v3,nucleus,hippocampal field,normal,https://datasets.cellxgene.cziscience.com/032a3e4a-f004-41d4-9e3c-8eb8a76be467.h5ad,403862178,10.1126/science.add7046,brain,1.0,True,0,1,0,0,0,0,False,False,False,False,True
3f31f8ce-bbf6-4df8-8203-aa240ed03026,283d65eb-dd53-496d-adb7-7570c7caa443,"Dissection: Cerebral cortex (Cx) - Cingulate gyrus, rostral (CgGr) - Ventral division of MFC - A24",Human Brain Cell Atlas v1.0,32157,3,25,29.0,50.0,21.0,3,10x 3' v3,nucleus,Brodmann (1909) area 24,normal,https://datasets.cellxgene.cziscience.com/efd31ba9-d47a-4c08-8965-43d989063d83.h5ad,470651635,10.1126/science.add7046,brain,1.0,True,0,1,0,0,0,0,False,False,False,False,True
3a7f3ab4-a280-4b3b-b2c0-6dd05614a78c,283d65eb-dd53-496d-adb7-7570c7caa443,Supercluster: Splatter,Human Brain Cell Atlas v1.0,291833,4,2,29.0,60.0,31.0,4,10x 3' v3,nucleus,Brodmann (1909) area 13; Brodmann (1909) area 14; Brodmann (1909) area 19; Brodmann (1909) area 23; Brodmann (1909) area 24; Brodmann (1909) area 25; Brodmann (1909) area 32; Brodmann (1909) area 38; Brodmann (1909) area 40; Brodmann (1909) area 43; Brodmann (1909) area 46; accessory basal amygdaloi,normal,https://datasets.cellxgene.cziscience.com/c4a41c58-06df-47a6-96cf-24c930d7de47.h5ad,3726629323,10.1126/science.add7046,brain,0.9166666666666666,True,0,11,0,0,0,0,False,False,False,False,True
381aa407-317a-40ef-8048-7ce0eacc4266,283d65eb-dd53-496d-adb7-7570c7caa443,Dissection: Thalamus (THM) - lateral nuclear complex of thalamus (LNC) - lateral posterior nucleus of thalamus - LP,Human Brain Cell Atlas v1.0,26172,2,27,29.0,42.0,13.0,2,10x 3' v3,nucleus,lateral posterior nucleus of thalamus,normal,https://datasets.cellxgene.cziscience.com/7ab76a40-1943-4d13-a444-2cf009b1e2ff.h5ad,186742940,10.1126/science.add7046,brain,1.0,True,0,1,0,0,0,0,False,False,False,False,True
367b55f4-d543-49aa-90e8-4765fcb8c687,283d65eb-dd53-496d-adb7-7570c7caa443,Dissection: Thalamus (THM) - intralaminar nuclear complex (ILN) - posterior group of intralaminar nuclei (PILN) - centromedian and parafasicular nuclei - CM and Pf,Human Brain Cell Atlas v1.0,24354,2,28,29.0,42.0,13.0,2,10x 3' v3,nucleus,intralaminar nuclear group,normal,https://datasets.cellxgene.cziscience.com/c7b341b9-1747-4c93-9788-d0c7ca627101.h5ad,357253518,10.1126/science.add7046,,0.0,False,0,0,0,0,0,0,False,False,False,False,True
364348b4-bc34-4fe1-a851-60d99e36cafa,283d65eb-dd53-496d-adb7-7570c7caa443,Dissection: Thalamus (THM) - intralaminar nuclear complex (ILN) - posterior group of intralaminar nuclei (PILN) - centromedian nucleus of thalamus - CM,Human Brain Cell Atlas v1.0,12944,1,21,50.0,50.0,0.0,1,10x 3' v3,nucleus,centromedian nucleus of thalamus,normal,https://datasets.cellxgene.cziscience.com/e2907892-9847-4c3b-bc37-47ad31fe4add.h5ad,125306813,10.1126/science.add7046,brain,1.0,True,0,1,0,0,0,0,False,False,False,False,True
35c8a04c-8639-4d15-8228-765d8d93fc96,283d65eb-dd53-496d-adb7-7570c7caa443,"Dissection: Hypothalamus (HTH) - supraoptic region of HTH - HTHso (anterior hypothalamic nucleus, AHN) - tuberal region of HTH - HTHtub (ventromedial and dorsomedial hypothalamic nucleic nuclei, VMH, DMH)",Human Brain Cell Atlas v1.0,16753,2,24,29.0,42.0,13.0,2,10x 3' v3,nucleus,hypothalamus,normal,https://datasets.cellxgene.cziscience.com/816225de-e8af-48e4-8e49-992dd16ad3f4.h5ad,193378416,10.1126/science.add7046,brain,1.0,True,0,1,0,0,0,0,False,False,False,False,True
35090826-f636-40c1-a3ef-4466beeab9f8,283d65eb-dd53-496d-adb7-7570c7caa443,Supercluster: Deep-layer near-projecting,Human Brain Cell Atlas v1.0,18856,4,1,29.0,60.0,31.0,4,10x 3' v3,nucleus,Brodmann (1909) area 13; Brodmann (1909) area 14; Brodmann (1909) area 19; Brodmann (1909) area 23; Brodmann (1909) area 24; Brodmann (1909) area 25; Brodmann (1909) area 32; Brodmann (1909) area 38; Brodmann (1909) area 40; Brodmann (1909) area 43; Brodmann (1909) area 46; accessory basal amygdaloi,normal,https://datasets.cellxgene.cziscience.com/3d3dacce-ee6d-4ed2-b80f-c241eee10ef8.h5ad,276254906,10.1126/science.add7046,brain,0.9166666666666666,True,0,11,0,0,0,0,False,False,False,False,True
31f04740-c712-4c4b-a3f8-55c0506b3034,283d65eb-dd53-496d-adb7-7570c7caa443,Dissection: Claustrum - Cla,Human Brain Cell Atlas v1.0,40165,3,25,29.0,50.0,21.0,3,10x 3' v3,nucleus,claustrum of brain,normal,https://datasets.cellxgene.cziscience.com/cec55510-b903-4c78-a873-0c0af2045d55.h5ad,486677465,10.1126/science.add7046,brain,1.0,True,0,1,0,0,0,0,False,False,False,False,True
2a8ca8f3-5599-4cda-b973-3a2dfc3c1fe6,283d65eb-dd53-496d-adb7-7570c7caa443,Dissection: Amygdaloid complex (AMY) - Corticomedial nuclear group (CMN) - anterior cortical nucleus - CoA,Human Brain Cell Atlas v1.0,10778,1,25,50.0,50.0,0.0,1,10x 3' v3,nucleus,anterior cortical amygdaloid nucleus,normal,https://datasets.cellxgene.cziscience.com/741fb273-07ac-4196-b810-e45fa7743222.h5ad,177511518,10.1126/science.add7046,,0.0,False,0,0,0,0,0,0,False,False,False,False,True
27d91086-cfe3-4e33-9282-bd1246e5ce8e,283d65eb-dd53-496d-adb7-7570c7caa443,Dissection: Cerebral cortex (Cx) - Long insular gyri (LIG) - Dysgranular insular cortex - Idg,Human Brain Cell Atlas v1.0,39696,3,25,29.0,50.0,21.0,3,10x 3' v3,nucleus,agranular insular cortex,normal,https://datasets.cellxgene.cziscience.com/f44b7d56-bd64-45f3-afb4-8afa7c53e3cd.h5ad,590626142,10.1126/science.add7046,,0.0,False,0,0,0,0,0,0,False,False,False,False,True
22658f4f-9268-41ad-8828-cc53f4baa9fa,283d65eb-dd53-496d-adb7-7570c7caa443,Dissection: Hypothalamus (HTH) - supraoptic region of HTH - HTHso,Human Brain Cell Atlas v1.0,12557,1,26,50.0,50.0,0.0,1,10x 3' v3,nucleus,supraoptic nucleus,normal,https://datasets.cellxgene.cziscience.com/cbbbced9-dc1e-4edf-9682-c48036e623c7.h5ad,176715722,10.1126/science.add7046,,0.0,False,0,0,0,0,0,0,False,False,False,False,True
2190bd4d-3be0-4bf7-8ca8-8d6f71228936,283d65eb-dd53-496d-adb7-7570c7caa443,Supercluster: Midbrain-derived inhibitory,Human Brain Cell Atlas v1.0,126782,4,1,29.0,60.0,31.0,4,10x 3' v3,nucleus,accessory basal amygdaloid nucleus; anterior nuclear group; anterior olfactory nucleus; basolateral amygdaloid nuclear complex; bed nucleus of stria terminalis; central amygdaloid nucleus; centromedian nucleus of thalamus; cerebellar nuclear complex; corticomedial nuclear complex; dentate gyrus of h,normal,https://datasets.cellxgene.cziscience.com/2181616c-e56b-4fd2-aea6-3da1aa2f59f1.h5ad,1479040889,10.1126/science.add7046,brain,0.3,True,0,3,0,0,0,0,False,False,False,False,True
2185eb07-22e2-4209-b3c8-7111afc6aa90,283d65eb-dd53-496d-adb7-7570c7caa443,Supercluster: Oligodendrocyte precursor,Human Brain Cell Atlas v1.0,105734,4,1,29.0,60.0,31.0,4,10x 3' v3,nucleus,Brodmann (1909) area 13; Brodmann (1909) area 14; Brodmann (1909) area 19; Brodmann (1909) area 23; Brodmann (1909) area 24; Brodmann (1909) area 25; Brodmann (1909) area 32; Brodmann (1909) area 35; Brodmann (1909) area 38; Brodmann (1909) area 40; Brodmann (1909) area 43; Brodmann (1909) area 46; ,normal,https://datasets.cellxgene.cziscience.com/b27d9223-0ce9-42de-8e5d-58b8d06d90b9.h5ad,661360214,10.1126/science.add7046,brain,1.0,True,0,12,0,0,0,0,False,False,False,False,True
20980d73-7c53-4039-b852-b76a01566d5a,283d65eb-dd53-496d-adb7-7570c7caa443,Dissection: Cerebral cortex (Cx) - Lingual gyrus (LiG) - Primary Visual Cortex - V1C,Human Brain Cell Atlas v1.0,33484,3,22,29.0,50.0,21.0,3,10x 3' v3,nucleus,primary visual cortex,normal,https://datasets.cellxgene.cziscience.com/2e89e3ba-700c-45dd-bf80-93114a161555.h5ad,374240856,10.1126/science.add7046,,0.0,False,0,0,0,0,0,0,False,False,False,False,True
1cf24082-59de-4029-ac81-6e398768af3a,283d65eb-dd53-496d-adb7-7570c7caa443,Dissection: Cerebral cortex (Cx) - Inferior temporal gyrus - ITG,Human Brain Cell Atlas v1.0,29522,3,23,29.0,50.0,21.0,3,10x 3' v3,nucleus,inferior temporal gyrus,normal,https://datasets.cellxgene.cziscience.com/82de396a-9b97-43ad-b72b-49e505bab431.h5ad,370969502,10.1126/science.add7046,,0.0,False,0,0,0,0,0,0,False,False,False,False,True
1b767f95-d0a0-4a3d-b394-cc665d86c3dc,283d65eb-dd53-496d-adb7-7570c7caa443,Dissection: Extended amygdala (EXA) - Bed nucleus of stria terminalis and nearby - BNST,Human Brain Cell Atlas v1.0,34933,3,32,29.0,50.0,21.0,3,10x 3' v3,nucleus,bed nucleus of stria terminalis,normal,https://datasets.cellxgene.cziscience.com/76b2a022-ee9e-486a-a1e8-9c694fc68d85.h5ad,403663172,10.1126/science.add7046,,0.0,False,0,0,0,0,0,0,False,False,False,False,True
1a018108-b4b6-457b-ba15-046d5e98c169,283d65eb-dd53-496d-adb7-7570c7caa443,Dissection: Myelencephalon (medulla oblongata) (Mo) - precerebellar nuclei (PrCbN) - inferior olive - IO,Human Brain Cell Atlas v1.0,21534,3,25,29.0,50.0,21.0,3,10x 3' v3,nucleus,inferior olivary complex,normal,https://datasets.cellxgene.cziscience.com/911756ca-de4e-4c14-97d3-eab51cdbd5cf.h5ad,127632691,10.1126/science.add7046,,0.0,False,0,0,0,0,0,0,False,False,False,False,True
19b21f40-db42-4a71-a0d6-913e83b17784,283d65eb-dd53-496d-adb7-7570c7caa443,Dissection: Head of hippocampus (HiH) - Tail of Hippocampus (HiT) - Subicular cortex - Sub,Human Brain Cell Atlas v1.0,41568,3,27,29.0,50.0,21.0,3,10x 3' v3,nucleus,subicular complex,normal,https://datasets.cellxgene.cziscience.com/ca7c4a40-e279-48ea-84f8-875253cfb63e.h5ad,398378674,10.1126/science.add7046,,0.0,False,0,0,0,0,0,0,False,False,False,False,True
18500fcd-9960-49cb-8a8e-7d868dc14efe,283d65eb-dd53-496d-adb7-7570c7caa443,Dissection: Basal nuclei (BN) - Globus pallidus (GP) - External segment of globus pallidus - GPe,Human Brain Cell Atlas v1.0,50830,3,28,29.0,50.0,21.0,3,10x 3' v3,nucleus,globus pallidus,normal,https://datasets.cellxgene.cziscience.com/14a1aeeb-0b9f-48d1-b14d-a912f479e2fc.h5ad,411769327,10.1126/science.add7046,,0.0,False,0,0,0,0,0,0,False,False,False,False,True
182f6a56-7360-4924-a74e-1772e07b3031,283d65eb-dd53-496d-adb7-7570c7caa443,Dissection: Body of hippocampus (HiB) - Rostral CA1-CA3,Human Brain Cell Atlas v1.0,28724,2,31,29.0,42.0,13.0,2,10x 3' v3,nucleus,hippocampal field,normal,https://datasets.cellxgene.cziscience.com/e819e64e-fef6-4abd-90be-4d5818ba8d9e.h5ad,359424934,10.1126/science.add7046,brain,1.0,True,0,1,0,0,0,0,False,False,False,False,True
1185a7d3-a9c1-4280-9ba5-d61895b15cac,283d65eb-dd53-496d-adb7-7570c7caa443,Dissection: Amygdaloid complex (AMY) - corticomedial nuclear group - CMN,Human Brain Cell Atlas v1.0,38331,3,28,29.0,50.0,21.0,3,10x 3' v3,nucleus,corticomedial nuclear complex,normal,https://datasets.cellxgene.cziscience.com/087cb570-932a-4096-8b65-de6778dc29d9.h5ad,471192365,10.1126/science.add7046,,0.0,False,0,0,0,0,0,0,False,False,False,False,True
0ee5ae70-c3f5-473f-bd1c-287f4690ffc5,283d65eb-dd53-496d-adb7-7570c7caa443,Dissection: Myelencephalon (medulla oblongata) (Mo) - sensory relay nuclei in medulla oblongata - MoSR,Human Brain Cell Atlas v1.0,13623,3,26,29.0,50.0,21.0,3,10x 3' v3,nucleus,nucleus of medulla oblongata,normal,https://datasets.cellxgene.cziscience.com/b79f4d5c-4443-4002-95f1-c553ae72d433.h5ad,73036082,10.1126/science.add7046,brain,1.0,True,0,1,0,0,0,0,False,False,False,False,True
0d7f4c06-a6bd-47d2-a42b-3a7196704f77,283d65eb-dd53-496d-adb7-7570c7caa443,Supercluster: Vascular,Human Brain Cell Atlas v1.0,9932,4,3,29.0,60.0,31.0,4,10x 3' v3,nucleus,Brodmann (1909) area 13; Brodmann (1909) area 14; Brodmann (1909) area 19; Brodmann (1909) area 23; Brodmann (1909) area 24; Brodmann (1909) area 25; Brodmann (1909) area 32; Brodmann (1909) area 35; Brodmann (1909) area 38; Brodmann (1909) area 40; Brodmann (1909) area 43; Brodmann (1909) area 46; ,normal,https://datasets.cellxgene.cziscience.com/3df231b4-4c8e-4d7b-b854-9c27223d0738.h5ad,49520426,10.1126/science.add7046,brain,1.0,True,0,12,0,0,0,0,False,False,False,False,True
095940cb-7422-4510-96e2-cbafd961eb88,283d65eb-dd53-496d-adb7-7570c7caa443,Dissection: Cerebellum (CB) - Cerebellar deep nuclei - CbDN,Human Brain Cell Atlas v1.0,52045,3,24,29.0,50.0,21.0,3,10x 3' v3,nucleus,cerebellar nuclear complex,normal,https://datasets.cellxgene.cziscience.com/25fc7a45-fd9c-470c-8631-3ea159cd8da0.h5ad,320300397,10.1126/science.add7046,brain,1.0,True,0,1,0,0,0,0,False,False,False,False,True
090da8ea-46e8-40df-bffc-1f78e1538d27,283d65eb-dd53-496d-adb7-7570c7caa443,Dissection: Spinal cord - SpC,Human Brain Cell Atlas v1.0,24190,1,22,50.0,50.0,0.0,1,10x 3' v3,nucleus,spinal cord,normal,https://datasets.cellxgene.cziscience.com/46464ef8-4cbc-4792-bd5e-b6ee3f03bc40.h5ad,154428861,10.1126/science.add7046,brain,1.0,True,0,1,0,0,0,0,False,False,False,False,True
07b1d7c8-5c2e-42f7-9246-26f746cd6013,283d65eb-dd53-496d-adb7-7570c7caa443,Dissection: Myelencephalon (medulla oblongata) (Mo) - afferent nuclei of cranial nerves in medulla oblongata - MoAN,Human Brain Cell Atlas v1.0,27210,3,25,29.0,50.0,21.0,3,10x 3' v3,nucleus,nucleus of medulla oblongata,normal,https://datasets.cellxgene.cziscience.com/662fd10e-d3a1-4098-a54d-2d4e1efa6d83.h5ad,199167205,10.1126/science.add7046,brain,1.0,True,0,1,0,0,0,0,False,False,False,False,True
04a23820-ffa8-4be5-9f65-64db15631d1e,283d65eb-dd53-496d-adb7-7570c7caa443,Supercluster: Upper rhombic lip,Human Brain Cell Atlas v1.0,137162,4,3,29.0,60.0,31.0,4,10x 3' v3,nucleus,Brodmann (1909) area 19; Brodmann (1909) area 38; anterior nuclear group; basolateral amygdaloid nuclear complex; bed nucleus of stria terminalis; body of caudate nucleus; central amygdaloid nucleus; cerebellar nuclear complex; cerebellar vermis; cerebrocerebellum; corticomedial nuclear complex; den,normal,https://datasets.cellxgene.cziscience.com/2261e61f-461f-4883-adc5-24661af7fb93.h5ad,691561607,10.1126/science.add7046,brain,0.5,True,0,6,0,0,0,0,False,False,False,False,True
03d38670-1444-4001-bc53-9936e61d9b20,283d65eb-dd53-496d-adb7-7570c7caa443,"Dissection: Hypothalamus (HTH) - preoptic region of HTH - HTHpo (medial preoptic nucleus, MPN) - supraoptic region of HTH - HTHso (paraventricular nucleus, PV)",Human Brain Cell Atlas v1.0,20027,2,27,29.0,42.0,13.0,2,10x 3' v3,nucleus,hypothalamus,normal,https://datasets.cellxgene.cziscience.com/896b7f40-a72e-4b0d-b130-b8412f08aefa.h5ad,167186626,10.1126/science.add7046,brain,1.0,True,0,1,0,0,0,0,False,False,False,False,True
0325478a-9b52-45b5-b40a-2e2ab0d72eb1,283d65eb-dd53-496d-adb7-7570c7caa443,Supercluster: Upper-layer intratelencephalic,Human Brain Cell Atlas v1.0,455006,4,1,29.0,60.0,31.0,4,10x 3' v3,nucleus,Brodmann (1909) area 13; Brodmann (1909) area 14; Brodmann (1909) area 19; Brodmann (1909) area 23; Brodmann (1909) area 24; Brodmann (1909) area 25; Brodmann (1909) area 32; Brodmann (1909) area 38; Brodmann (1909) area 40; Brodmann (1909) area 43; Brodmann (1909) area 46; accessory basal amygdaloi,normal,https://datasets.cellxgene.cziscience.com/ec51ccf4-3128-4e61-a772-38cbcc8a4947.h5ad,6584209774,10.1126/science.add7046,brain,0.9166666666666666,True,0,11,0,0,0,0,False,False,False,False,True
00476f9f-ebc1-4b72-b541-32f912ce36ea,283d65eb-dd53-496d-adb7-7570c7caa443,Dissection: Hypothalamus (HTH) - mammillary region of HTH (HTHma),Human Brain Cell Atlas v1.0,10099,1,26,42.0,42.0,0.0,1,10x 3' v3,nucleus,medial zone of hypothalamus,normal,https://datasets.cellxgene.cziscience.com/a45ef21d-a7b1-4894-9b81-1e264d74902a.h5ad,136682149,10.1126/science.add7046,brain,1.0,True,0,1,0,0,0,0,False,False,False,False,True
86282760-5099-4c71-8cdd-412dcbbbd0b9,793fdaec-5067-428a-a9db-ecefe135c945,Fetal Bone Marrow (10x) - Down Syndrome,Blood and immune development in human fetal bone marrow and Down syndrome,16743,5,32,,,,0,10x 5' v1,cell,bone marrow,Down syndrome,https://datasets.cellxgene.cziscience.com/2d598393-8d5d-4dbc-8973-24a5e57d5d5a.h5ad,228175175,10.1038/s41586-021-03929-x,,0.0,False,0,0,0,0,0,0,False,False,False,False,False
471647b3-04fe-4c76-8372-3264feb950e8,793fdaec-5067-428a-a9db-ecefe135c945,"CD34+ Fetal Bone Marrow, Fetal Liver, Cord Blood (CITE-seq)",Blood and immune development in human fetal bone marrow and Down syndrome,27998,7,12,,,,0,10x 3' v3,cell,bone marrow; liver; umbilical cord blood,normal,https://datasets.cellxgene.cziscience.com/fa6fb10c-74c3-4ba9-90cd-27d754225d5d.h5ad,606303746,10.1038/s41586-021-03929-x,liver,0.3333333333333333,True,0,0,0,0,0,1,False,False,False,False,True
343ff97c-85df-494b-8400-beb937618611,793fdaec-5067-428a-a9db-ecefe135c945,Human Fetal Bone Marrow (CITE-seq),Blood and immune development in human fetal bone marrow and Down syndrome,8978,1,28,,,,0,10x 3' v3,cell,bone marrow,normal,https://datasets.cellxgene.cziscience.com/7b278368-e146-4811-bc55-b2b022586de3.h5ad,170199028,10.1038/s41586-021-03929-x,,0.0,False,0,0,0,0,0,0,False,False,False,False,True
1a2e3350-28a8-4f49-b33c-5b67ceb001f6,793fdaec-5067-428a-a9db-ecefe135c945,Fetal Bone Marrow (10x),Blood and immune development in human fetal bone marrow and Down syndrome,103228,9,53,,,,0,10x 3' v2; 10x 5' v1,cell,bone marrow,normal,https://datasets.cellxgene.cziscience.com/47362a52-4a8c-48ae-8968-00d4e57d1dfc.h5ad,1754573384,10.1038/s41586-021-03929-x,,0.0,False,0,0,0,0,0,0,False,False,False,False,True
f512b8b6-369d-4a85-a695-116e0806857f,43d4bb39-21af-4d05-b973-4c1fed7b916c,Skin,Transcriptional Programming of Normal and Inflamed Human Epidermis at Single-Cell Resolution,68036,9,8,,,,0,10x 3' v2,cell,skin of prepuce of penis; skin of scalp; skin of trunk,normal,https://datasets.cellxgene.cziscience.com/688f626d-bb26-40dd-8465-83022a5b2c5f.h5ad,372184863,10.1016/j.celrep.2018.09.006,,0.0,False,0,0,0,0,0,0,False,False,False,False,True
856c1b98-5727-49da-bf0f-151bdb8cb056,1a486c4c-c115-4721-8c9f-f9f096e10857,Retina,Single-cell transcriptomic atlas of the human retina identifies cell types associated with age-related macular degeneration,20091,3,9,68.0,86.0,18.0,3,10x 3' v3,cell,macula lutea; peripheral region of retina,normal,https://datasets.cellxgene.cziscience.com/20236e1d-6c4d-451d-b6eb-a8f58075e6c3.h5ad,54661565,10.1038/s41467-019-12780-8,retina,1.0,True,2,0,0,0,0,0,False,False,False,False,True
a43aa46b-bd16-47fe-bc3e-19a052624e79,bd5230f4-cd76-4d35-9ee5-89b3e7475659,Liver,Single cell RNA sequencing of human liver reveals distinct intrahepatic macrophage populations,8444,5,13,21.0,65.0,44.0,5,10x 3' v2,cell,caudate lobe of liver,normal,https://datasets.cellxgene.cziscience.com/9681a962-f2d0-4d53-8127-7ac87f2bd799.h5ad,65380528,10.1038/s41467-018-06318-7,liver,1.0,True,0,0,0,0,0,1,False,False,False,False,True
e681c16f-f524-4359-8cd7-718e3c0725dc,d36ca85c-3e8b-444c-ba3e-a645040c6185,Fallopian tube ATAC,A molecular atlas of the human postmenopausal fallopian tube and ovary from single-cell RNA and ATAC sequencing,40803,4,11,55.0,65.0,10.0,4,10x scATAC-seq,nucleus,ampulla of fallopian tube; fimbria of fallopian tube; isthmus of fallopian tube,normal,https://datasets.cellxgene.cziscience.com/7dc986ac-1501-4a2f-8704-76f4983d8382.h5ad,877950381,10.1016/j.celrep.2022.111838,,0.0,False,0,0,0,0,0,0,False,False,False,False,True
d1207c81-7309-43a7-a5a0-f4283670b62b,d36ca85c-3e8b-444c-ba3e-a645040c6185,Ovary RNA,A molecular atlas of the human postmenopausal fallopian tube and ovary from single-cell RNA and ATAC sequencing,26134,6,6,58.0,72.0,14.0,5,10x 3' v3; Drop-seq,cell,ovary,normal,https://datasets.cellxgene.cziscience.com/2c290f76-a095-4bc9-8eae-21ad226a6c0c.h5ad,254498234,10.1016/j.celrep.2022.111838,,0.0,False,0,0,0,0,0,0,False,False,False,False,True
90d4a63b-5c02-43eb-acde-c49345681601,d36ca85c-3e8b-444c-ba3e-a645040c6185,Fallopian tube RNA,A molecular atlas of the human postmenopausal fallopian tube and ovary from single-cell RNA and ATAC sequencing,60574,7,11,55.0,72.0,17.0,6,10x 3' v3; Drop-seq,cell,ampulla of fallopian tube; fimbria of fallopian tube; isthmus of fallopian tube,normal,https://datasets.cellxgene.cziscience.com/823e1905-e689-402e-a6d3-b6a0a26b5063.h5ad,699480860,10.1016/j.celrep.2022.111838,,0.0,False,0,0,0,0,0,0,False,False,False,False,True
3a116a52-80db-41f2-a2ad-45db1b86712f,d36ca85c-3e8b-444c-ba3e-a645040c6185,Ovary ATAC,A molecular atlas of the human postmenopausal fallopian tube and ovary from single-cell RNA and ATAC sequencing,18315,3,5,58.0,65.0,7.0,3,10x scATAC-seq,nucleus,ovary,normal,https://datasets.cellxgene.cziscience.com/c7749f1b-bc40-4843-aa11-8ab39b30955d.h5ad,366685044,10.1016/j.celrep.2022.111838,,0.0,False,0,0,0,0,0,0,False,False,False,False,True
fd072bc3-2dfb-46f8-b4e3-467cb3223182,b1a879f6-5638-48d3-8f64-f6592c1b1561,Full dataset of single-cell RNA-seq profiles from 9 developmental tissues across gestation (4-17 pcw),Mapping the developing human immune system across organs,908046,25,66,,,,0,10x 3' v2; 10x 5' v1,cell,bone marrow; gut wall; kidney; liver; mesenteric lymph node; skin of body; spleen; thymus; yolk sac,normal,https://datasets.cellxgene.cziscience.com/df38503b-8dba-4800-957d-6613747924bb.h5ad,9670043316,10.1126/science.abo0510,kidney,0.1111111111111111,False,0,0,0,0,1,1,False,False,False,False,True
d0c12af4-c0e4-4c7b-873a-70752b449689,b1a879f6-5638-48d3-8f64-f6592c1b1561,Stromal cells (all non-immune cells),Mapping the developing human immune system across organs,318656,25,22,,,,0,10x 3' v2; 10x 5' v1,cell,bone marrow; gut wall; kidney; liver; mesenteric lymph node; skin of body; spleen; thymus; yolk sac,normal,https://datasets.cellxgene.cziscience.com/dbec7f42-587b-4ae4-932e-21dae985908f.h5ad,4395808997,10.1126/science.abo0510,kidney,0.1111111111111111,False,0,0,0,0,1,1,False,False,True,False,True
aa633105-e8e5-4dcc-b72d-6da6c191b3e9,b1a879f6-5638-48d3-8f64-f6592c1b1561,NK/T cells,Mapping the developing human immune system across organs,172175,25,21,,,,0,10x 3' v2; 10x 5' v1,cell,bone marrow; gut wall; kidney; liver; mesenteric lymph node; skin of body; spleen; thymus; yolk sac,normal,https://datasets.cellxgene.cziscience.com/f46734e3-3188-4d56-9e30-db5d3e36df12.h5ad,2147342748,10.1126/science.abo0510,kidney,0.1111111111111111,False,0,0,0,0,1,1,False,False,True,False,True
8d73847b-33e7-48f0-837f-e3e6579bf12d,b1a879f6-5638-48d3-8f64-f6592c1b1561,"In vitro derived T cells, from Artificial Thymic Organoid protocol",Mapping the developing human immune system across organs,10459,2,8,,,,0,10x 5' v1,cell,thymus,normal,https://datasets.cellxgene.cziscience.com/db8066ce-93eb-41f3-880e-14137bc2483e.h5ad,125364295,10.1126/science.abo0510,,0.0,False,0,0,0,0,0,0,True,False,True,False,True
804d9a85-665b-45c6-b204-13457fdcc7ac,b1a879f6-5638-48d3-8f64-f6592c1b1561,Megakaryocyte/erythroid cells,Mapping the developing human immune system across organs,149107,25,15,,,,0,10x 3' v2; 10x 5' v1,cell,bone marrow; gut wall; kidney; liver; mesenteric lymph node; skin of body; spleen; thymus; yolk sac,normal,https://datasets.cellxgene.cziscience.com/1ff1899a-d704-4291-ac2d-323b32ed1a94.h5ad,2384791262,10.1126/science.abo0510,kidney,0.1111111111111111,False,0,0,0,0,1,1,False,False,False,False,True
6a30bf44-c490-41ac-965b-0bb58432b10a,b1a879f6-5638-48d3-8f64-f6592c1b1561,HSC/progenitor cells,Mapping the developing human immune system across organs,40420,25,12,,,,0,10x 3' v2; 10x 5' v1,cell,bone marrow; gut wall; kidney; liver; mesenteric lymph node; skin of body; spleen; thymus; yolk sac,normal,https://datasets.cellxgene.cziscience.com/b4ff81cb-0926-46cb-8bea-5c800cd4210f.h5ad,766737343,10.1126/science.abo0510,kidney,0.1111111111111111,False,0,0,0,0,1,1,False,False,False,False,True
48101fa2-1a63-4514-b892-53ea1d3a8657,b1a879f6-5638-48d3-8f64-f6592c1b1561,HSC/immune cells (all hematopoietic-derived cells),Mapping the developing human immune system across organs,589390,25,47,,,,0,10x 3' v2; 10x 5' v1,cell,bone marrow; gut wall; kidney; liver; mesenteric lymph node; skin of body; spleen; thymus; yolk sac,normal,https://datasets.cellxgene.cziscience.com/85029212-43df-4054-9733-6edf667a8b13.h5ad,7212726991,10.1126/science.abo0510,kidney,0.1111111111111111,False,0,0,0,0,1,1,False,False,True,False,True
3affa268-8a74-460a-ac9b-a984c0832469,b1a879f6-5638-48d3-8f64-f6592c1b1561,Lymphoid cells,Mapping the developing human immune system across organs,239698,25,31,,,,0,10x 3' v2; 10x 5' v1,cell,bone marrow; gut wall; kidney; liver; mesenteric lymph node; skin of body; spleen; thymus; yolk sac,normal,https://datasets.cellxgene.cziscience.com/cdbeb9ec-9e91-45f1-a91a-1d75c3f9fe29.h5ad,3071273888,10.1126/science.abo0510,kidney,0.1111111111111111,False,0,0,0,0,1,1,False,False,False,False,True
2aa1c93c-4ef3-4e9a-98e7-0bd37933953c,b1a879f6-5638-48d3-8f64-f6592c1b1561,Myeloid cells,Mapping the developing human immune system across organs,218758,25,24,,,,0,10x 3' v2; 10x 5' v1,cell,bone marrow; gut wall; kidney; liver; mesenteric lymph node; skin of body; spleen; thymus; yolk sac,normal,https://datasets.cellxgene.cziscience.com/c644e88a-1108-4f15-a003-bf777903d239.h5ad,3141184616,10.1126/science.abo0510,kidney,0.1111111111111111,False,0,0,0,0,1,1,False,False,True,False,True
e40c6272-af77-4a10-9385-62a398884f27,a48f5033-3438-4550-8574-cdff3263fdfd,Discovery (DIS) set of human colorectal tumor: Epithelial,HTAN VUMC - Differential pre-malignant programs and microenvironment chart distinct paths to malignancy in human colorectal polyps,65088,30,9,50.0,73.0,23.0,16,TruDrop,cell,ascending colon; descending colon; hepatic cecum; hepatic flexure of colon; rectum; sigmoid colon; transverse colon,colon sessile serrated adenoma/polyp; colorectal neoplasm; hyperplastic polyp; normal; tubular adenoma; tubulovillous adenoma,https://datasets.cellxgene.cziscience.com/9da034b0-de48-47ab-97f6-21b5f2dbd1a4.h5ad,1524773102,10.1016/j.cell.2021.11.031,liver,0.2857142857142857,True,0,0,0,0,0,2,False,True,False,False,True
d6dfdef1-406d-4efb-808c-3c5eddbfe0cb,a48f5033-3438-4550-8574-cdff3263fdfd,Validation (Val) set of human colorectal tumor: Epithelial,HTAN VUMC - Differential pre-malignant programs and microenvironment chart distinct paths to malignancy in human colorectal polyps,57723,26,9,46.0,74.0,28.0,19,TruDrop,cell,ascending colon; descending colon; hepatic cecum; hepatic flexure of colon; rectum; sigmoid colon; transverse colon,colon sessile serrated adenoma/polyp; colorectal cancer; hyperplastic polyp; normal; tubular adenoma; tubulovillous adenoma,https://datasets.cellxgene.cziscience.com/6f8f0b95-3779-4c0e-824d-4810c39f008c.h5ad,1145423183,10.1016/j.cell.2021.11.031,liver,0.2857142857142857,True,0,0,0,0,0,2,False,True,False,False,True
6a270451-b4d9-43e0-aa89-e33aac1ac74b,a48f5033-3438-4550-8574-cdff3263fdfd,VAL and DIS datasets: Non-Epithelial,HTAN VUMC - Differential pre-malignant programs and microenvironment chart distinct paths to malignancy in human colorectal polyps,10696,59,7,40.0,76.0,36.0,27,TruDrop,cell,ascending colon; descending colon; hepatic cecum; hepatic flexure of colon; rectum; sigmoid colon; transverse colon,colon sessile serrated adenoma/polyp; colorectal cancer; hyperplastic polyp; normal; tubular adenoma; tubulovillous adenoma,https://datasets.cellxgene.cziscience.com/91a55470-7520-4ecf-bcbc-1062f7ef4cdb.h5ad,144074797,10.1016/j.cell.2021.11.031,liver,0.2857142857142857,True,0,0,0,0,0,2,False,False,False,False,True
af8b241a-c72c-4470-b1a4-80e7336c6ab6,f8057c47-fcd8-4fcf-88b0-e2f930080f6e,Retina,Single-cell transcriptomics of the human retinal pigment epithelium and choroid in health and macular degeneration,4335,3,10,54.0,82.0,28.0,3,10x 3' v3,cell,fovea centralis; peripheral region of retina,age related macular degeneration 7; basal laminar drusen; cataract,https://datasets.cellxgene.cziscience.com/96d8896a-905d-409a-8cb4-92e1073563ac.h5ad,52044457,10.1073/pnas.1914143116,retina,1.0,True,2,0,0,0,0,0,False,False,False,False,False
80d7111d-f9fe-49fd-871e-6e618312c341,ff668d5d-5b3f-49ee-a007-ff0664bf35ec,Rectum,Single-cell transcriptome analysis reveals differential nutrient absorption functions in human intestine,3797,2,7,50.0,66.0,16.0,2,10x 3' v2,cell,epithelium of rectum,normal,https://datasets.cellxgene.cziscience.com/907bad48-876f-4f9c-9bf5-8c840f5464c3.h5ad,58778402,10.1084/jem.20191130,,0.0,False,0,0,0,0,0,0,False,False,False,False,True
4e74d843-8d7a-497a-918a-f079ef141b6d,ff668d5d-5b3f-49ee-a007-ff0664bf35ec,Colon,Single-cell transcriptome analysis reveals differential nutrient absorption functions in human intestine,4329,2,7,54.0,67.0,13.0,2,10x 3' v2,cell,ascending colon epithelium,normal,https://datasets.cellxgene.cziscience.com/f2de0576-d251-4bd8-8525-cc1c6f7ae70b.h5ad,63526972,10.1084/jem.20191130,,0.0,False,0,0,0,0,0,0,False,False,False,False,True
248cf7bf-508b-4c28-a2fd-cabe2ab956aa,ff668d5d-5b3f-49ee-a007-ff0664bf35ec,Ileum,Single-cell transcriptome analysis reveals differential nutrient absorption functions in human intestine,5980,2,7,60.0,67.0,7.0,2,10x 3' v2,cell,ileal epithelium,normal,https://datasets.cellxgene.cziscience.com/a5d350b0-a7a9-411c-b120-6ad57a26cd22.h5ad,65038291,10.1084/jem.20191130,,0.0,False,0,0,0,0,0,0,False,False,False,False,True
3294d050-6eeb-4a00-b24c-71aacc9b777f,0a77d4c0-d5d0-40f0-aa1a-5e1429bcbd7e,Human pancreatic islet cells,A transcriptional cross species map of pancreatic islet cells,26474,5,4,22.0,74.0,52.0,5,10x 3' v2,cell,islet of Langerhans,normal,https://datasets.cellxgene.cziscience.com/d9a1c2e4-5dd2-4afa-96b1-98876ff00f51.h5ad,1364641821,10.1016/j.molmet.2022.101595,,0.0,False,0,0,0,0,0,0,False,False,True,False,True
13b61a7d-5605-4948-ba48-02c588960143,35d0b748-3eed-43a5-a1c4-1dade5ec5ca0,Nasopharynx,Impaired local intrinsic immunity to SARS-CoV-2 infection in severe COVID-19,32588,58,18,,,,0,Seq-Well S3,cell,nasopharynx,COVID-19; long COVID-19; normal; respiratory failure,https://datasets.cellxgene.cziscience.com/6a6db93e-901f-4054-90e0-14af5207978a.h5ad,268167914,10.1016/j.cell.2021.07.023,,0.0,False,0,0,0,0,0,0,False,False,False,False,True
80a2c5b6-02e7-4fc0-9f12-179f5247c1bc,e33ffcd3-7cbf-4b8c-b0f4-85587ad5019a,Total - Cells of the human intestinal tract mapped across space and time,Cells of the human intestinal tract mapped across space and time,428469,38,85,4.0,14.0,10.0,8,10x 3' v2; 10x 5' v2,cell,cecum mucosa; colonic mucosa; duodenal mucosa; ileal mucosa; jejunal mucosa; mesenteric lymph node; mucosa of appendix; mucosa of ascending colon; mucosa of descending colon; mucosa of rectum; mucosa of sigmoid colon; mucosa of transverse colon,Crohn disease; normal,https://datasets.cellxgene.cziscience.com/c54fbb37-2a1f-451a-815b-3b1fc034b62e.h5ad,5727685911,10.1038/s41586-021-03852-1,,0.0,False,0,0,0,0,0,0,False,False,False,False,True
8fcf0ccc-67b2-43a3-90be-075f85169bef,6ff3401b-d72c-4940-a00c-3f0792397082,Airway,SARS-CoV-2 receptor ACE2 and TMPRSS2 are primarily expressed in bronchial transient secretory cells,17451,4,8,53.0,67.0,14.0,3,10x 3' v2,cell,respiratory airway,normal,https://datasets.cellxgene.cziscience.com/edeeadb2-1264-4fea-a0f5-38e3a092a18d.h5ad,135919222,10.15252/embj.20105114,,0.0,False,0,0,0,0,0,0,False,False,False,False,True
2f132ec9-24b5-422f-9be0-ccef03b4fe28,6ff3401b-d72c-4940-a00c-3f0792397082,Lung,SARS-CoV-2 receptor ACE2 and TMPRSS2 are primarily expressed in bronchial transient secretory cells,39778,12,9,44.0,79.0,35.0,10,10x 3' v2,cell,lung,normal,https://datasets.cellxgene.cziscience.com/a9453b13-b3ce-4c57-acc3-438f9ea7d4d8.h5ad,343987944,10.15252/embj.20105114,,0.0,False,0,0,0,0,0,0,False,False,False,False,True
232f6a5a-a04c-4758-a6e8-88ab2e3a6e69,edb893ee-4066-4128-9aec-5eb2b03f8287,The single-cell lung cancer atlas (LuCA) -- core atlas,High-resolution single-cell atlas reveals diversity and plasticity of tumor-associated neutrophils in non-small cell lung cancer,892296,298,33,20.0,86.0,66.0,56,10x 3' v1; 10x 3' v2; 10x 3' v3; 10x 5' v1; BD Rhapsody Whole Transcriptome Analysis; Drop-seq; GEXSCOPE technology; Smart-seq2; inDrop,cell,adrenal tissue; brain; liver; lung; lymph node; pleural effusion,chronic obstructive pulmonary disease; lung adenocarcinoma; non-small cell lung carcinoma; normal; squamous cell lung carcinoma,https://datasets.cellxgene.cziscience.com/46e0287b-9a33-4e83-99f3-8c044131bfdc.h5ad,12897440967,10.1016/j.ccell.2022.10.008,brain,0.16666666666666666,False,0,1,0,0,0,1,False,True,False,False,True
1e6a6ef9-7ec9-4c90-bbfb-2ad3c3165fd1,edb893ee-4066-4128-9aec-5eb2b03f8287,The single-cell lung cancer atlas (LuCA) -- extended atlas,High-resolution single-cell atlas reveals diversity and plasticity of tumor-associated neutrophils in non-small cell lung cancer,1283972,318,33,20.0,90.0,70.0,57,10x 3' v1; 10x 3' v2; 10x 3' v3; 10x 5' v1; BD Rhapsody Whole Transcriptome Analysis; Drop-seq; GEXSCOPE technology; Smart-seq2; inDrop,cell,adrenal tissue; brain; liver; lung; lymph node; pleural effusion,chronic obstructive pulmonary disease; lung adenocarcinoma; non-small cell lung carcinoma; normal; squamous cell lung carcinoma,https://datasets.cellxgene.cziscience.com/33165751-ae33-4a65-94ee-52d9bc38f97e.h5ad,17616543376,10.1016/j.ccell.2022.10.008,brain,0.16666666666666666,False,0,1,0,0,0,1,False,True,False,False,True
c888b684-6c51-431f-972a-6c963044cef0,999f2a15-3d7e-440b-96ae-2c806799c08c,Core GBmap,"Harmonized single-cell landscape, intercellular crosstalk and tumor architecture of glioblastoma",338564,110,17,21.0,83.0,62.0,38,10x 3' v2; 10x 3' v3; 10x 5' v1; BD Rhapsody Whole Transcriptome Analysis; CEL-seq2; STRT-seq; Smart-seq2; microwell-seq,cell,brain; forebrain; frontal lobe; left frontal lobe; left parietal lobe; left temporal lobe; right frontal lobe; right parietal lobe; right temporal lobe; temporal lobe; temporoparietal junction,glioblastoma,https://datasets.cellxgene.cziscience.com/861acfd8-25f0-418b-a445-aa96da232827.h5ad,8127057404,10.1101/2022.08.27.505439,brain,0.9090909090909091,True,0,10,0,0,0,0,False,True,False,True,False
56c4912d-2bae-4b64-98f2-af8a84389208,999f2a15-3d7e-440b-96ae-2c806799c08c,Extended GBmap,"Harmonized single-cell landscape, intercellular crosstalk and tumor architecture of glioblastoma",1135677,240,18,21.0,83.0,62.0,40,10x 3' v2; 10x 3' v3; 10x 5' v1; BD Rhapsody Whole Transcriptome Analysis; CEL-seq2; Drop-seq; STRT-seq; Smart-seq2; microwell-seq,cell; nucleus,basal ganglion; brain; forebrain; frontal lobe; left frontal lobe; left parietal lobe; left temporal lobe; occipital lobe; parietal lobe; right frontal lobe; right occipital lobe; right parietal lobe; right temporal lobe; temporal lobe; temporoparietal junction,glioblastoma,https://datasets.cellxgene.cziscience.com/230c8701-7291-4dd5-bf36-688490c681ee.h5ad,11224714727,10.1101/2022.08.27.505439,brain,0.8666666666666667,True,0,13,0,0,0,0,False,True,False,True,False
f9846bb4-784d-4582-92c1-3f279e4c6f0c,2d2e2acd-dade-489f-a2da-6c11aa654028,Fibroblast and smooth muscle,A human fetal lung cell atlas uncovers proximal-distal gradients of differentiation and key regulators of epithelial fates,39204,13,11,,,,0,10x 5' v1,cell,lung,normal,https://datasets.cellxgene.cziscience.com/0240f89e-ac49-4098-8541-7442820fd9d6.h5ad,488964283,10.1016/j.cell.2022.11.005,,0.0,False,0,0,0,0,0,0,False,False,False,False,True
e8a11a27-9c47-4673-b65d-11b9cd6065e1,2d2e2acd-dade-489f-a2da-6c11aa654028,Epithelium (no cilium),A human fetal lung cell atlas uncovers proximal-distal gradients of differentiation and key regulators of epithelial fates,9096,12,11,,,,0,10x 5' v1,cell,lung,normal,https://datasets.cellxgene.cziscience.com/06c5de26-113f-4960-9b5a-143f8955303f.h5ad,173142263,10.1016/j.cell.2022.11.005,,0.0,False,0,0,0,0,0,0,False,False,False,False,True
cdefb878-7f00-4b9d-9eda-b3652cfac0c8,2d2e2acd-dade-489f-a2da-6c11aa654028,Cilium,A human fetal lung cell atlas uncovers proximal-distal gradients of differentiation and key regulators of epithelial fates,1641,9,1,,,,0,10x 5' v1,cell,lung,normal,https://datasets.cellxgene.cziscience.com/272df4ad-9d40-420b-b53f-b42029932558.h5ad,35041605,10.1016/j.cell.2022.11.005,,0.0,False,0,0,0,0,0,0,False,False,False,False,True
810ac45f-8969-4698-b42c-652f802f75c2,2d2e2acd-dade-489f-a2da-6c11aa654028,Endothelium,A human fetal lung cell atlas uncovers proximal-distal gradients of differentiation and key regulators of epithelial fates,5467,13,9,,,,0,10x 5' v1,cell,lung,normal,https://datasets.cellxgene.cziscience.com/32c68892-ba39-4f9b-908a-62e16b93b9f6.h5ad,70672904,10.1016/j.cell.2022.11.005,,0.0,False,0,0,0,0,0,0,False,False,False,False,True
7b3368a5-c1a0-4973-9e75-d95b4150c7da,2d2e2acd-dade-489f-a2da-6c11aa654028,B cells,A human fetal lung cell atlas uncovers proximal-distal gradients of differentiation and key regulators of epithelial fates,4138,10,9,,,,0,10x 5' v1,cell,lung,normal,https://datasets.cellxgene.cziscience.com/6888733a-1537-4649-b86f-01ef9fa6b7bc.h5ad,41333146,10.1016/j.cell.2022.11.005,,0.0,False,0,0,0,0,0,0,False,False,False,False,True
703f00e6-b996-48e5-bc34-00c41b9876f4,2d2e2acd-dade-489f-a2da-6c11aa654028,PNS,A human fetal lung cell atlas uncovers proximal-distal gradients of differentiation and key regulators of epithelial fates,649,10,5,,,,0,10x 5' v1,cell,lung,normal,https://datasets.cellxgene.cziscience.com/669fab92-64fb-439a-a89f-69c4a43e3700.h5ad,12449314,10.1016/j.cell.2022.11.005,,0.0,False,0,0,0,0,0,0,False,False,False,False,True
62315937-e268-4fa5-a032-8f7d776f3a3f,2d2e2acd-dade-489f-a2da-6c11aa654028,"T, NK and ILC",A human fetal lung cell atlas uncovers proximal-distal gradients of differentiation and key regulators of epithelial fates,4778,11,14,,,,0,10x 5' v1,cell,lung,normal,https://datasets.cellxgene.cziscience.com/03a99fe4-e8ce-47c6-b912-d088271cc319.h5ad,47926978,10.1016/j.cell.2022.11.005,,0.0,False,0,0,0,0,0,0,False,False,False,False,True
4023a2bc-6325-47db-bfdf-9639e91042c2,2d2e2acd-dade-489f-a2da-6c11aa654028,Organoid,A human fetal lung cell atlas uncovers proximal-distal gradients of differentiation and key regulators of epithelial fates,70495,21,9,,,,0,10x 5' v1,cell,lung,normal,https://datasets.cellxgene.cziscience.com/4397cba1-ccb3-4efa-8655-e9e1493001c3.h5ad,1295568504,10.1016/j.cell.2022.11.005,,0.0,False,0,0,0,0,0,0,True,False,False,False,True
3dc61ca1-ce40-46b6-8337-f27260fd9a03,2d2e2acd-dade-489f-a2da-6c11aa654028,All cells,A human fetal lung cell atlas uncovers proximal-distal gradients of differentiation and key regulators of epithelial fates,71752,12,77,,,,0,10x 5' v1,cell,lung,normal,https://datasets.cellxgene.cziscience.com/c961f0d3-15cd-481a-b167-d356ccf6659a.h5ad,940744579,10.1016/j.cell.2022.11.005,,0.0,False,0,0,0,0,0,0,False,False,False,False,True
0ba16f4b-cb87-4fa3-9363-19fc51eec6e7,2d2e2acd-dade-489f-a2da-6c11aa654028,Myeloid,A human fetal lung cell atlas uncovers proximal-distal gradients of differentiation and key regulators of epithelial fates,6947,13,19,,,,0,10x 5' v1,cell,lung,normal,https://datasets.cellxgene.cziscience.com/fa84b510-9b8b-4875-ad94-a7ef0f815b67.h5ad,83780480,10.1016/j.cell.2022.11.005,,0.0,False,0,0,0,0,0,0,False,False,True,False,True
d3566d6a-a455-4a15-980f-45eb29114cab,93eebe82-d8c3-41bc-a906-63b5b5f24a9d,blood and bone marrow from a healthy young donor,Single-cell proteo-genomic reference maps of the hematopoietic system enable the purification and massive profiling of precisely defined cell states,15502,1,35,41.0,41.0,0.0,1,BD Rhapsody Targeted mRNA,cell,blood; bone marrow,normal,https://datasets.cellxgene.cziscience.com/89982e3f-db80-4f08-8a15-acd80f106658.h5ad,10750313,10.1038/s41590-021-01059-0,,0.0,False,0,0,0,0,0,0,False,False,False,False,True
cd4c96bb-ad66-4e83-ba9e-a7df8790eb12,93eebe82-d8c3-41bc-a906-63b5b5f24a9d,3 healthy young and 3 healthy old bone marrow donors (Reference sample),Single-cell proteo-genomic reference maps of the hematopoietic system enable the purification and massive profiling of precisely defined cell states,49057,6,39,25.0,69.0,44.0,6,BD Rhapsody Targeted mRNA,cell,bone marrow,normal,https://datasets.cellxgene.cziscience.com/9388f207-6d35-47a7-bbb5-7fdf7b81dc5b.h5ad,59447010,10.1038/s41590-021-01059-0,,0.0,False,0,0,0,0,0,0,False,False,False,False,True
c05fb583-eb2f-4e3a-8e74-f9bd6414e418,93eebe82-d8c3-41bc-a906-63b5b5f24a9d,healthy young bone marrow donor,Single-cell proteo-genomic reference maps of the hematopoietic system enable the purification and massive profiling of precisely defined cell states,13165,1,35,26.0,26.0,0.0,1,BD Rhapsody Whole Transcriptome Analysis,cell,bone marrow,normal,https://datasets.cellxgene.cziscience.com/a58b36e0-fafe-40d6-a4ca-a659cfe9a1f8.h5ad,121887578,10.1038/s41590-021-01059-0,,0.0,False,0,0,0,0,0,0,False,False,False,False,True
b3a5a10f-b1cb-4e8e-abce-bf345448625b,93eebe82-d8c3-41bc-a906-63b5b5f24a9d,15 leukemic bone marrow donors,Single-cell proteo-genomic reference maps of the hematopoietic system enable the purification and massive profiling of precisely defined cell states,31586,15,38,32.0,78.0,46.0,14,BD Rhapsody Targeted mRNA,cell,bone marrow,acute myeloid leukemia; acute promyelocytic leukemia,https://datasets.cellxgene.cziscience.com/221e87a6-c54c-4757-8918-36c231ebd382.h5ad,27467295,10.1038/s41590-021-01059-0,,0.0,False,0,0,0,0,0,0,False,False,False,False,False
fcfd30bb-8367-490f-b5e0-7dcb69ea83f4,8191c283-0816-424b-9b61-c3e1d6258a77,IZ_P16 (ACH0016)-Spatial multi-omic map of human myocardial infarction,Spatial multi-omic map of human myocardial infarction,4992,1,9,66.0,66.0,0.0,1,Visium Spatial Gene Expression V1,na,heart left ventricle,myocardial infarction,https://datasets.cellxgene.cziscience.com/a96a26c5-7fd6-4578-ba2d-23f1c46973a8.h5ad,221837222,10.1038/s41586-022-05060-x,heart,1.0,True,0,0,0,1,0,0,False,False,False,False,False
f7cd2a61-2bdc-41c0-a845-32f66a62c2b6,8191c283-0816-424b-9b61-c3e1d6258a77,FZ_GT_P19 (ACH008)-Spatial multi-omic map of human myocardial infarction,Spatial multi-omic map of human myocardial infarction,4992,1,10,58.0,58.0,0.0,1,Visium Spatial Gene Expression V1,na,heart left ventricle,myocardial infarction,https://datasets.cellxgene.cziscience.com/63a04d6a-166b-4f02-bf41-b3ba954025d5.h5ad,182853812,10.1038/s41586-022-05060-x,heart,1.0,True,0,0,0,1,0,0,False,False,False,False,False
f15e263b-6544-46cb-a46e-e33ab7ce8347,8191c283-0816-424b-9b61-c3e1d6258a77,Ischemia-snRNA-Spatial multi-omic map of human myocardial infarction,Spatial multi-omic map of human myocardial infarction,19722,3,9,29.0,61.0,32.0,3,10x 3' v3,nucleus,heart left ventricle,myocardial infarction,https://datasets.cellxgene.cziscience.com/77b1bc1e-175f-48bf-8d95-1d97ad4429dc.h5ad,160063392,10.1038/s41586-022-05060-x,heart,1.0,True,0,0,0,1,0,0,False,False,False,False,False
eaf8f9a3-52fd-46c9-a05d-92a52451a42c,8191c283-0816-424b-9b61-c3e1d6258a77,IZ_P10 (ACH0014)-Spatial multi-omic map of human myocardial infarction,Spatial multi-omic map of human myocardial infarction,4992,1,9,38.0,38.0,0.0,1,Visium Spatial Gene Expression V1,na,heart left ventricle,myocardial infarction,https://datasets.cellxgene.cziscience.com/39c7871c-7808-42fe-84c2-8684b295f5c8.h5ad,198709840,10.1038/s41586-022-05060-x,heart,1.0,True,0,0,0,1,0,0,False,False,False,False,False
bc86f972-c8d0-4ef1-b296-9f6dead700aa,8191c283-0816-424b-9b61-c3e1d6258a77,RZ_BZ_P3 (10X0026)-Spatial multi-omic map of human myocardial infarction,Spatial multi-omic map of human myocardial infarction,4992,1,9,57.0,57.0,0.0,1,Visium Spatial Gene Expression V1,na,heart left ventricle,myocardial infarction,https://datasets.cellxgene.cziscience.com/67a7c158-a4bd-4fb4-ac31-69ab872c4c2b.h5ad,195126698,10.1038/s41586-022-05060-x,heart,1.0,True,0,0,0,1,0,0,False,False,False,False,False
9eb5e239-740e-408b-a494-bfcf2fe8d05b,8191c283-0816-424b-9b61-c3e1d6258a77,RZ_P9 (ACH0023)-Spatial multi-omic map of human myocardial infarction,Spatial multi-omic map of human myocardial infarction,4992,1,10,52.0,52.0,0.0,1,Visium Spatial Gene Expression V1,na,heart left ventricle,myocardial infarction,https://datasets.cellxgene.cziscience.com/9f1d5486-5316-4fc7-a5ee-3b5c0dcc2845.h5ad,187439118,10.1038/s41586-022-05060-x,heart,1.0,True,0,0,0,1,0,0,False,False,False,False,False
9849b046-445b-4460-a6d5-ce247c911a42,8191c283-0816-424b-9b61-c3e1d6258a77,FZ_GT_P4 (10X009)-Spatial multi-omic map of human myocardial infarction,Spatial multi-omic map of human myocardial infarction,4992,1,11,74.0,74.0,0.0,1,Visium Spatial Gene Expression V1,na,heart left ventricle,myocardial infarction,https://datasets.cellxgene.cziscience.com/dc068866-ca64-48f0-9fbd-970fe79ee240.h5ad,148961057,10.1038/s41586-022-05060-x,heart,1.0,True,0,0,0,1,0,0,False,False,False,False,False
91d3b939-744f-45d3-b782-79196ed93612,8191c283-0816-424b-9b61-c3e1d6258a77,IZ_BZ_P2 (10X0018)-Spatial multi-omic map of human myocardial infarction,Spatial multi-omic map of human myocardial infarction,4992,1,11,44.0,44.0,0.0,1,Visium Spatial Gene Expression V1,na,heart left ventricle,myocardial infarction,https://datasets.cellxgene.cziscience.com/9081ff7f-a51a-43f5-83dc-11cdd2247ed2.h5ad,169491333,10.1038/s41586-022-05060-x,heart,1.0,True,0,0,0,1,0,0,False,False,False,False,False
8fb329fb-2801-494b-b1c9-8c01ca0e91bc,8191c283-0816-424b-9b61-c3e1d6258a77,GT_IZ_P13 (ACH0010)-Spatial multi-omic map of human myocardial infarction,Spatial multi-omic map of human myocardial infarction,4992,1,8,51.0,51.0,0.0,1,Visium Spatial Gene Expression V1,na,heart left ventricle,myocardial infarction,https://datasets.cellxgene.cziscience.com/99996d08-f658-4fcc-b39f-d0eb3d955068.h5ad,172462750,10.1038/s41586-022-05060-x,heart,1.0,True,0,0,0,1,0,0,False,False,False,False,False
87789c9c-c10d-47c8-ab63-5125a8e70216,8191c283-0816-424b-9b61-c3e1d6258a77,RZ_P11 (ACH0019)-Spatial multi-omic map of human myocardial infarction,Spatial multi-omic map of human myocardial infarction,4992,1,10,60.0,60.0,0.0,1,Visium Spatial Gene Expression V1,na,heart left ventricle,myocardial infarction,https://datasets.cellxgene.cziscience.com/b85a7f42-a12b-47c0-9a34-f75fe70d3aa5.h5ad,125894695,10.1038/s41586-022-05060-x,heart,1.0,True,0,0,0,1,0,0,False,False,False,False,False
7f7d11a9-aa45-4b02-a263-35d88e4dcdd4,8191c283-0816-424b-9b61-c3e1d6258a77,RZ_GT_P2 (ACH0028)-Spatial multi-omic map of human myocardial infarction,Spatial multi-omic map of human myocardial infarction,4992,1,10,44.0,44.0,0.0,1,Visium Spatial Gene Expression V1,na,heart left ventricle,myocardial infarction,https://datasets.cellxgene.cziscience.com/368ad3c0-65b9-43f5-abbc-4f2b412c9be7.h5ad,200141262,10.1038/s41586-022-05060-x,heart,1.0,True,0,0,0,1,0,0,False,False,False,False,False
77e04629-a8fa-4d34-bf5f-622d9aed9f35,8191c283-0816-424b-9b61-c3e1d6258a77,control_P1 (10X001)-Spatial multi-omic map of human myocardial infarction,Spatial multi-omic map of human myocardial infarction,4992,1,8,44.0,44.0,0.0,1,Visium Spatial Gene Expression V1,na,heart left ventricle,normal,https://datasets.cellxgene.cziscience.com/5262ff55-fd18-46cb-8e68-7cff5fd76c47.h5ad,167942670,10.1038/s41586-022-05060-x,heart,1.0,True,0,0,0,1,0,0,False,False,False,False,True
72a69193-d84a-42f6-98a3-d7ef0ec0c381,8191c283-0816-424b-9b61-c3e1d6258a77,All-snATAC-Spatial multi-omic map of human myocardial infarction,Spatial multi-omic map of human myocardial infarction,46086,20,8,38.0,74.0,36.0,17,10x scATAC-seq,nucleus,heart left ventricle,myocardial infarction; normal,https://datasets.cellxgene.cziscience.com/febd9a43-ebb8-4776-b15a-535544c28dfe.h5ad,3687764450,10.1038/s41586-022-05060-x,heart,1.0,True,0,0,0,1,0,0,False,False,False,False,True
66dc396c-7d51-4ad0-b1a5-abd0d59d3d67,8191c283-0816-424b-9b61-c3e1d6258a77,RZ_BZ_P2 (10X0025)-Spatial multi-omic map of human myocardial infarction,Spatial multi-omic map of human myocardial infarction,4992,1,7,44.0,44.0,0.0,1,Visium Spatial Gene Expression V1,na,heart left ventricle,myocardial infarction,https://datasets.cellxgene.cziscience.com/68bd001c-90e4-4dea-973b-a7bcb740de3b.h5ad,150416272,10.1038/s41586-022-05060-x,heart,1.0,True,0,0,0,1,0,0,False,False,False,False,False
6476d8b6-1ad0-47b3-b243-846a08007311,8191c283-0816-424b-9b61-c3e1d6258a77,GT_IZ_P9 (ACH0012)-Spatial multi-omic map of human myocardial infarction,Spatial multi-omic map of human myocardial infarction,4992,1,10,52.0,52.0,0.0,1,Visium Spatial Gene Expression V1,na,heart left ventricle,myocardial infarction,https://datasets.cellxgene.cziscience.com/11e82612-24b9-4490-813a-bd0970df0a98.h5ad,237366335,10.1038/s41586-022-05060-x,heart,1.0,True,0,0,0,1,0,0,False,False,False,False,False
58af04fb-de1f-4ba3-8d19-d26610526f14,8191c283-0816-424b-9b61-c3e1d6258a77,control_P17 (ACH002)-Spatial multi-omic map of human myocardial infarction,Spatial multi-omic map of human myocardial infarction,4992,1,6,61.0,61.0,0.0,1,Visium Spatial Gene Expression V1,na,heart left ventricle,normal,https://datasets.cellxgene.cziscience.com/889e6502-9eb4-4f8a-9d0b-b75bb7b506e8.h5ad,157674166,10.1038/s41586-022-05060-x,heart,1.0,True,0,0,0,1,0,0,False,False,False,False,True
51a4096f-9fe3-49df-b201-6877a1f67868,8191c283-0816-424b-9b61-c3e1d6258a77,RZ_P3 (10X0020)-Spatial multi-omic map of human myocardial infarction,Spatial multi-omic map of human myocardial infarction,4992,1,10,57.0,57.0,0.0,1,Visium Spatial Gene Expression V1,na,heart left ventricle,myocardial infarction,https://datasets.cellxgene.cziscience.com/f9320145-30d3-466b-a9c9-95cea632e6ce.h5ad,168692430,10.1038/s41586-022-05060-x,heart,1.0,True,0,0,0,1,0,0,False,False,False,False,False
4fd2ee79-ab3a-4827-a773-1b7dcd099307,8191c283-0816-424b-9b61-c3e1d6258a77,control_P7 (ACH003)-Spatial multi-omic map of human myocardial infarction,Spatial multi-omic map of human myocardial infarction,4992,1,10,55.0,55.0,0.0,1,Visium Spatial Gene Expression V1,na,heart left ventricle,normal,https://datasets.cellxgene.cziscience.com/661054b2-c6bd-4f4f-a6a6-681ac1a47c3d.h5ad,182959726,10.1038/s41586-022-05060-x,heart,1.0,True,0,0,0,1,0,0,False,False,False,False,True
4c367cfb-fd4c-4505-bac9-5456f4fb3a44,8191c283-0816-424b-9b61-c3e1d6258a77,IZ_P3 (10X0017)-Spatial multi-omic map of human myocardial infarction,Spatial multi-omic map of human myocardial infarction,4992,1,11,57.0,57.0,0.0,1,Visium Spatial Gene Expression V1,na,heart left ventricle,myocardial infarction,https://datasets.cellxgene.cziscience.com/19484a73-b2c7-4568-8be2-a22a2309252e.h5ad,167804844,10.1038/s41586-022-05060-x,heart,1.0,True,0,0,0,1,0,0,False,False,False,False,False
4a6e55f0-a01e-46b5-9c49-8ecfdf042c71,8191c283-0816-424b-9b61-c3e1d6258a77,GT_IZ_P15 (ACH0011)-Spatial multi-omic map of human myocardial infarction,Spatial multi-omic map of human myocardial infarction,4992,1,9,43.0,43.0,0.0,1,Visium Spatial Gene Expression V1,na,heart left ventricle,myocardial infarction,https://datasets.cellxgene.cziscience.com/f46f3cc7-b241-441f-bf92-3cb9b0e7f7db.h5ad,237450264,10.1038/s41586-022-05060-x,heart,1.0,True,0,0,0,1,0,0,False,False,False,False,False
49a896ee-ac93-480a-8b58-19afa747d6b9,8191c283-0816-424b-9b61-c3e1d6258a77,FZ_P20 (ACH007)-Spatial multi-omic map of human myocardial infarction,Spatial multi-omic map of human myocardial infarction,4992,1,11,66.0,66.0,0.0,1,Visium Spatial Gene Expression V1,na,heart left ventricle,myocardial infarction,https://datasets.cellxgene.cziscience.com/dbb17b4d-c887-4b5a-85e2-ca48d8a8c528.h5ad,201086222,10.1038/s41586-022-05060-x,heart,1.0,True,0,0,0,1,0,0,False,False,False,False,False
32513e13-8f4a-4418-b4d5-faac85fa430d,8191c283-0816-424b-9b61-c3e1d6258a77,GT_IZ_P9_rep2 (ACH0013)-Spatial multi-omic map of human myocardial infarction,Spatial multi-omic map of human myocardial infarction,4992,1,8,52.0,52.0,0.0,1,Visium Spatial Gene Expression V1,na,heart left ventricle,myocardial infarction,https://datasets.cellxgene.cziscience.com/9ef2a0ca-7ad4-4d94-a52d-ed68464bd0f0.h5ad,265173809,10.1038/s41586-022-05060-x,heart,1.0,True,0,0,0,1,0,0,False,False,False,False,False
2257d8b0-7385-48b8-8dca-c5772592c5ea,8191c283-0816-424b-9b61-c3e1d6258a77,control_P8 (ACH004)-Spatial multi-omic map of human myocardial infarction,Spatial multi-omic map of human myocardial infarction,4992,1,10,44.0,44.0,0.0,1,Visium Spatial Gene Expression V1,na,heart left ventricle,normal,https://datasets.cellxgene.cziscience.com/6f7b96ec-bf1d-4414-9625-1ecaa8797e52.h5ad,161312916,10.1038/s41586-022-05060-x,heart,1.0,True,0,0,0,1,0,0,False,False,False,False,True
1f2630df-fa28-4ebc-9e91-b870c93fc68a,8191c283-0816-424b-9b61-c3e1d6258a77,RZ_FZ_P5 (10X0027)-Spatial multi-omic map of human myocardial infarction,Spatial multi-omic map of human myocardial infarction,4992,1,8,63.0,63.0,0.0,1,Visium Spatial Gene Expression V1,na,heart left ventricle,myocardial infarction,https://datasets.cellxgene.cziscience.com/d96ceabc-479f-4259-b004-fbcdf2a9db25.h5ad,146526481,10.1038/s41586-022-05060-x,heart,1.0,True,0,0,0,1,0,0,False,False,False,False,False
1c739a3e-c3f5-49d5-98e0-73975e751201,8191c283-0816-424b-9b61-c3e1d6258a77,All-snRNA-Spatial multi-omic map of human myocardial infarction,Spatial multi-omic map of human myocardial infarction,191795,20,11,38.0,74.0,36.0,17,10x 3' v3,nucleus,heart left ventricle,myocardial infarction; normal,https://datasets.cellxgene.cziscience.com/4780eb7d-4c7c-4630-8705-471f0de8e27a.h5ad,1862945764,10.1038/s41586-022-05060-x,heart,1.0,True,0,0,0,1,0,0,False,False,False,False,True
1c50055f-6add-4035-b592-9e52a729663e,8191c283-0816-424b-9b61-c3e1d6258a77,FZ_P14 (ACH005)-Spatial multi-omic map of human myocardial infarction,Spatial multi-omic map of human myocardial infarction,4992,1,9,40.0,40.0,0.0,1,Visium Spatial Gene Expression V1,na,heart left ventricle,myocardial infarction,https://datasets.cellxgene.cziscience.com/6867bedb-b30d-475c-9d4e-266f37b5e17e.h5ad,193358944,10.1038/s41586-022-05060-x,heart,1.0,True,0,0,0,1,0,0,False,False,False,False,False
1a0aec1a-e465-4bea-aaba-a6d58d0ba2c1,8191c283-0816-424b-9b61-c3e1d6258a77,RZ_P6 (ACH0022)-Spatial multi-omic map of human myocardial infarction,Spatial multi-omic map of human myocardial infarction,4992,1,8,47.0,47.0,0.0,1,Visium Spatial Gene Expression V1,na,heart left ventricle,myocardial infarction,https://datasets.cellxgene.cziscience.com/9a88b65a-4271-4887-a0c9-d848d6d49463.h5ad,204931715,10.1038/s41586-022-05060-x,heart,1.0,True,0,0,0,1,0,0,False,False,False,False,False
1017c6ce-80a5-492e-a82e-54b34a3c9f0b,8191c283-0816-424b-9b61-c3e1d6258a77,FZ_P18 (ACH006)-Spatial multi-omic map of human myocardial infarction,Spatial multi-omic map of human myocardial infarction,4992,1,9,64.0,64.0,0.0,1,Visium Spatial Gene Expression V1,na,heart left ventricle,myocardial infarction,https://datasets.cellxgene.cziscience.com/776d5574-44f4-4c64-8efb-277040f2afdd.h5ad,170017898,10.1038/s41586-022-05060-x,heart,1.0,True,0,0,0,1,0,0,False,False,False,False,False
0fe5eed4-bcbc-4c00-a388-00bc1455a9b7,8191c283-0816-424b-9b61-c3e1d6258a77,IZ_P15 (ACH0015)-Spatial multi-omic map of human myocardial infarction,Spatial multi-omic map of human myocardial infarction,4992,1,9,43.0,43.0,0.0,1,Visium Spatial Gene Expression V1,na,heart left ventricle,myocardial infarction,https://datasets.cellxgene.cziscience.com/78800106-7316-443c-be27-3f1a792320a7.h5ad,223756984,10.1038/s41586-022-05060-x,heart,1.0,True,0,0,0,1,0,0,False,False,False,False,False
05d4a216-5384-4724-bd2a-2ea38f02e7cc,8191c283-0816-424b-9b61-c3e1d6258a77,RZ_BZ_P12 (ACH0024)-Spatial multi-omic map of human myocardial infarction,Spatial multi-omic map of human myocardial infarction,4992,1,9,57.0,57.0,0.0,1,Visium Spatial Gene Expression V1,na,heart left ventricle,myocardial infarction,https://datasets.cellxgene.cziscience.com/ab705943-954a-48db-8d4b-42facbc6da3a.h5ad,198897702,10.1038/s41586-022-05060-x,heart,1.0,True,0,0,0,1,0,0,False,False,False,False,False
f7995301-7551-4e1d-8396-ffe3c9497ace,e75342a8-0f3b-4ec5-8ee1-245a23e0f7cb,DCM/ACM heart cell atlas: Cardiomyocytes,Pathogenic variants damage cell composition and single cell transcription in cardiomyopathies,311418,79,1,,,,0,10x 3' v2; 10x 3' v3,nucleus,apex of heart; heart left ventricle; heart right ventricle; interventricular septum,arrhythmogenic right ventricular cardiomyopathy; dilated cardiomyopathy; non-compaction cardiomyopathy; normal,https://datasets.cellxgene.cziscience.com/27fdbdf9-deae-4aed-bf7f-21964ee62137.h5ad,3194863189,10.1126/science.abo1984,heart,1.0,True,0,0,0,4,0,0,False,False,False,False,True
ed2b673b-0279-454a-998c-3eec361edf54,e75342a8-0f3b-4ec5-8ee1-245a23e0f7cb,DCM/ACM heart cell atlas: Fibroblasts,Pathogenic variants damage cell composition and single cell transcription in cardiomyopathies,142816,79,1,,,,0,10x 3' v2; 10x 3' v3,nucleus,apex of heart; heart left ventricle; heart right ventricle; interventricular septum,arrhythmogenic right ventricular cardiomyopathy; dilated cardiomyopathy; non-compaction cardiomyopathy; normal,https://datasets.cellxgene.cziscience.com/9b7c7203-91cd-4e87-aff7-92ed572307dc.h5ad,977964984,10.1126/science.abo1984,heart,1.0,True,0,0,0,4,0,0,False,False,False,False,True
bdf69f8d-5a96-4d6f-a9f5-9ee0e33597b7,e75342a8-0f3b-4ec5-8ee1-245a23e0f7cb,DCM/ACM heart cell atlas: Adipocytes,Pathogenic variants damage cell composition and single cell transcription in cardiomyopathies,2576,66,1,,,,0,10x 3' v2; 10x 3' v3,nucleus,apex of heart; heart left ventricle; heart right ventricle; interventricular septum,arrhythmogenic right ventricular cardiomyopathy; dilated cardiomyopathy; non-compaction cardiomyopathy; normal,https://datasets.cellxgene.cziscience.com/f8a5ecd6-51ef-4b31-a1fb-f0330ef3d1bd.h5ad,34491225,10.1126/science.abo1984,heart,1.0,True,0,0,0,4,0,0,False,False,False,False,True
9434b020-de42-43eb-bcc4-542b2be69015,e75342a8-0f3b-4ec5-8ee1-245a23e0f7cb,DCM/ACM heart cell atlas: Macrophages,Pathogenic variants damage cell composition and single cell transcription in cardiomyopathies,59217,79,2,,,,0,10x 3' v2; 10x 3' v3,nucleus,apex of heart; heart left ventricle; heart right ventricle; interventricular septum,arrhythmogenic right ventricular cardiomyopathy; dilated cardiomyopathy; non-compaction cardiomyopathy; normal,https://datasets.cellxgene.cziscience.com/48b2a43b-b04c-41c6-b0a7-69b44502da35.h5ad,951030016,10.1126/science.abo1984,heart,1.0,True,0,0,0,4,0,0,False,False,False,False,True
83b5e943-a1d5-4164-b3f2-f7a37f01b524,e75342a8-0f3b-4ec5-8ee1-245a23e0f7cb,DCM/ACM heart cell atlas: Neuronal cells,Pathogenic variants damage cell composition and single cell transcription in cardiomyopathies,7999,79,1,,,,0,10x 3' v2; 10x 3' v3,nucleus,apex of heart; heart left ventricle; heart right ventricle; interventricular septum,arrhythmogenic right ventricular cardiomyopathy; dilated cardiomyopathy; non-compaction cardiomyopathy; normal,https://datasets.cellxgene.cziscience.com/73b3b585-499e-4336-9ff8-2913d106c8b4.h5ad,142444744,10.1126/science.abo1984,heart,1.0,True,0,0,0,4,0,0,False,False,False,False,True
65badd7a-9262-4fd1-9ce2-eb5dc0ca8039,e75342a8-0f3b-4ec5-8ee1-245a23e0f7cb,DCM/ACM heart cell atlas: All cells,Pathogenic variants damage cell composition and single cell transcription in cardiomyopathies,881081,79,10,,,,0,10x 3' v2; 10x 3' v3,nucleus,apex of heart; heart left ventricle; heart right ventricle; interventricular septum,arrhythmogenic right ventricular cardiomyopathy; dilated cardiomyopathy; non-compaction cardiomyopathy; normal,https://datasets.cellxgene.cziscience.com/6d0b8b8a-2b22-4578-b8ee-8ca4ab893594.h5ad,6890428078,10.1126/science.abo1984,heart,1.0,True,0,0,0,4,0,0,False,False,False,False,True
1252c5fb-945f-42d6-b1a8-8a3bd864384b,e75342a8-0f3b-4ec5-8ee1-245a23e0f7cb,DCM/ACM heart cell atlas: Mural cells,Pathogenic variants damage cell composition and single cell transcription in cardiomyopathies,170281,79,1,,,,0,10x 3' v2; 10x 3' v3,nucleus,apex of heart; heart left ventricle; heart right ventricle; interventricular septum,arrhythmogenic right ventricular cardiomyopathy; dilated cardiomyopathy; non-compaction cardiomyopathy; normal,https://datasets.cellxgene.cziscience.com/20080edf-b3c5-4d14-869b-706d702331e2.h5ad,5848903936,10.1126/science.abo1984,heart,1.0,True,0,0,0,4,0,0,False,False,False,False,True
1062c0f2-2a44-4cf9-a7c8-b5ed58b4728d,e75342a8-0f3b-4ec5-8ee1-245a23e0f7cb,DCM/ACM heart cell atlas: Endothelial cells,Pathogenic variants damage cell composition and single cell transcription in cardiomyopathies,115548,79,1,,,,0,10x 3' v2; 10x 3' v3,nucleus,apex of heart; heart left ventricle; heart right ventricle; interventricular septum,arrhythmogenic right ventricular cardiomyopathy; dilated cardiomyopathy; non-compaction cardiomyopathy; normal,https://datasets.cellxgene.cziscience.com/7206e56c-a6f9-45c9-a992-309ce1e7a1fa.h5ad,1000994896,10.1126/science.abo1984,heart,1.0,True,0,0,0,4,0,0,False,False,True,False,True
0fdb6122-4600-40f0-a703-2da47cc7080d,e75342a8-0f3b-4ec5-8ee1-245a23e0f7cb,DCM/ACM heart cell atlas: Lymphoids,Pathogenic variants damage cell composition and single cell transcription in cardiomyopathies,16878,79,2,,,,0,10x 3' v2; 10x 3' v3,nucleus,apex of heart; heart left ventricle; heart right ventricle; interventricular septum,arrhythmogenic right ventricular cardiomyopathy; dilated cardiomyopathy; non-compaction cardiomyopathy; normal,https://datasets.cellxgene.cziscience.com/18111333-e7ce-4a19-91e5-913091edfe38.h5ad,71980631,10.1126/science.abo1984,heart,1.0,True,0,0,0,4,0,0,False,False,False,False,True
b46237d1-19c6-4af2-9335-9854634bad16,17481d16-ee44-49e5-bcf0-28c0780d8c4a,Fetal Human Gut (6-11 PCW),Single-Cell Sequencing of Developing Human Gut Reveals Transcriptional Links to Childhood Crohn’s Disease,62849,9,21,,,,0,10x 3' v2,cell,colon; duodeno-jejunal junction; ileum,normal,https://datasets.cellxgene.cziscience.com/5cf26393-87e2-4946-8a97-2d42625856a3.h5ad,898093332,10.1016/j.devcel.2020.11.010,,0.0,False,0,0,0,0,0,0,False,False,False,False,True
8e47ed12-c658-4252-b126-381df8d52a3d,17481d16-ee44-49e5-bcf0-28c0780d8c4a,Paediatric Human Gut (4-14y),Single-Cell Sequencing of Developing Human Gut Reveals Transcriptional Links to Childhood Crohn’s Disease,22502,15,31,4.0,14.0,10.0,8,10x 3' v2,cell,ileal mucosa,Crohn disease; normal,https://datasets.cellxgene.cziscience.com/3d00530e-cf10-4c5d-a16d-f8761db68cbc.h5ad,211575874,10.1016/j.devcel.2020.11.010,,0.0,False,0,0,0,0,0,0,False,False,False,False,True
cda2c8cd-be1c-42e5-b2cd-162caa1c4ce7,de13e3e2-23b6-40ed-a413-e9e12d7d3910,Figure 1 - A cell atlas of human thymic development defines T cell repertoire formation,A cell atlas of human thymic development defines T cell repertoire formation,255901,23,33,0.25,2.0,1.75,5,10x 3' v2; 10x 3' v3; 10x 5' v1,cell,thymus,normal,https://datasets.cellxgene.cziscience.com/027cb841-f726-45e9-8cea-ac5484c24474.h5ad,2611344248,10.1126/science.aay3224,,0.0,False,0,0,0,0,0,0,False,False,False,False,True
814f2c97-49e4-4a17-be26-fde3c4c57d1b,de13e3e2-23b6-40ed-a413-e9e12d7d3910,Human Stem Cells (LIV and TH) - A cell atlas of human thymic development defines T cell repertoire formation,A cell atlas of human thymic development defines T cell repertoire formation,27589,27,10,0.25,2.0,1.75,5,10x 3' v2; 10x 3' v3; 10x 5' v1,cell,liver; thymus,normal,https://datasets.cellxgene.cziscience.com/2b98b54b-ba44-45b4-b767-9070753050e8.h5ad,466255475,10.1126/science.aay3224,liver,0.5,True,0,0,0,0,0,1,False,False,False,False,True
0a21f80c-e7a3-465b-8aba-fdda2b4c36bc,de13e3e2-23b6-40ed-a413-e9e12d7d3910,Human T cells - A cell atlas of human thymic development defines T cell repertoire formation,A cell atlas of human thymic development defines T cell repertoire formation,76994,20,11,0.25,2.0,1.75,5,10x 3' v2; 10x 3' v3; 10x 5' v1,cell,thymus,normal,https://datasets.cellxgene.cziscience.com/f9f498e1-11c1-4056-a896-40690435010f.h5ad,767620547,10.1126/science.aay3224,,0.0,False,0,0,0,0,0,0,False,False,True,False,True
04c0bdd8-840f-488e-b72d-2a1229bc65db,de13e3e2-23b6-40ed-a413-e9e12d7d3910,Human Thymic Epithelial Cells - A cell atlas of human thymic development defines T cell repertoire formation,A cell atlas of human thymic development defines T cell repertoire formation,18524,16,3,0.25,0.25,0.0,1,10x 3' v2; 10x 3' v3; 10x 5' v1,cell,thymus,normal,https://datasets.cellxgene.cziscience.com/0af6c752-f1f4-44b3-8186-32f590fdd531.h5ad,264307759,10.1126/science.aay3224,,0.0,False,0,0,0,0,0,0,False,False,True,False,True
ed5d841d-6346-47d4-ab2f-7119ad7e3a35,b0cf0afa-ec40-4d65-b570-ed4ceacc6813,nygc multimodal pbmc,Integrated analysis of multimodal single-cell data,161764,8,30,,,,0,10x 3' v3,cell,blood,normal,https://datasets.cellxgene.cziscience.com/4078abd1-063d-4b35-aa04-324dddf8244e.h5ad,2606736974,10.1016/j.cell.2021.04.048,,0.0,False,0,0,0,0,0,0,False,False,False,True,True
11ff73e8-d3e4-4445-9309-477a2c5be6f6,83ed3be8-4cb9-43e6-9aaa-3fbbf5d1bd3a,Single-Cell Transcriptome Profiling of Immature Human Thymocytes,Integrated scRNA-Seq Identifies Human Postnatal Thymus Seeding Progenitors and Regulatory Dynamics of Differentiating Immature Thymocytes,71732,5,14,0.4166666666666667,1.1666666666666667,0.75,4,10x 3' v2,cell,thymus,normal,https://datasets.cellxgene.cziscience.com/236576af-bcee-4f9b-a405-b45b5a3b744f.h5ad,796808928,10.1016/j.immuni.2020.03.019,,0.0,False,0,0,0,0,0,0,False,False,False,True,True
ec6ceff8-c8bc-488d-b6bf-30df2fa92169,a261413d-835b-4f1e-ab0c-dada55ea6afd,Modeling Hepatoblastoma: Identification of Distinct Tumor Cell Populations and Key Genetic Mechanisms through Single Cell Sequencing,Identification of distinct tumor cell populations and key genetic mechanisms through single cell sequencing in hepatoblastoma,67110,3,11,,,,0,10x 3' v3,nucleus,liver,blastoma; normal,https://datasets.cellxgene.cziscience.com/d66d154b-5ff6-4b1a-b25e-376cf4784bb7.h5ad,824372978,10.1038/s42003-021-02562-8,liver,1.0,True,0,0,0,0,0,1,False,True,False,False,True
1f1c5c14-5949-4c81-b28e-b272e271b672,2902f08c-f83c-470e-a541-e463e25e5058,Single-cell reconstruction of follicular remodeling in the human adult ovary,Single-cell reconstruction of follicular remodeling in the human adult ovary,20676,5,9,,,,0,10x 3' v2,cell,ovary,normal,https://datasets.cellxgene.cziscience.com/e9f382d7-074c-4e10-97ba-47cf838cdf94.h5ad,103868305,10.1038/s41467-019-11036-9,,0.0,False,0,0,0,0,0,0,False,False,False,False,True
ccfdcad0-7104-46b9-addf-fd66a2a15907,2f4c738f-e2f3-4553-9db2-0582a38ea4dc,Periphery - Cell Types of the Human Retina and Its Organoids at Single-Cell Resolution,Cell Types of the Human Retina and Its Organoids at Single-Cell Resolution,34723,3,20,,,,0,10x 3' v2,cell,pigment epithelium of eye; retina,normal,https://datasets.cellxgene.cziscience.com/052ea638-dead-4657-a01b-3c0278bea59f.h5ad,286391243,10.1016/j.cell.2020.08.013,retina,0.5,True,1,0,0,0,0,0,True,False,False,False,True
babbf9f3-f482-45a5-ba76-c41f4c2f503e,2f4c738f-e2f3-4553-9db2-0582a38ea4dc,Fovea - Cell Types of the Human Retina and Its Organoids at Single-Cell Resolution,Cell Types of the Human Retina and Its Organoids at Single-Cell Resolution,19768,3,18,,,,0,10x 3' v2,cell,fovea centralis,normal,https://datasets.cellxgene.cziscience.com/6fb40509-2cc3-420a-af01-7b744dd98a67.h5ad,248303406,10.1016/j.cell.2020.08.013,retina,1.0,True,1,0,0,0,0,0,True,False,False,False,True
7e7f63c5-d964-40be-83de-ecbcccafd233,2f4c738f-e2f3-4553-9db2-0582a38ea4dc,Organoid - Cell Types of the Human Retina and Its Organoids at Single-Cell Resolution,Cell Types of the Human Retina and Its Organoids at Single-Cell Resolution,43857,2,11,,,,0,10x 3' v2,cell,retina,normal,https://datasets.cellxgene.cziscience.com/a3085c21-e8b8-42a0-b760-4f6db4f36578.h5ad,395321209,10.1016/j.cell.2020.08.013,retina,1.0,True,1,0,0,0,0,0,True,False,False,False,True
124744b8-4681-474a-9894-683896122708,c353707f-09a4-4f12-92a0-cb741e57e5f0,Single-cell transcriptomes of the human skin reveal age-related loss of fibroblast priming,Single-cell transcriptomes of the human skin reveal age-related loss of fibroblast priming,15457,5,10,25.0,70.0,45.0,5,10x 3' v2,cell,zone of skin,normal,https://datasets.cellxgene.cziscience.com/1a6bbe2b-4eed-477a-97c9-f7a74d4874d7.h5ad,99341377,10.1038/s42003-020-0922-4,,0.0,False,0,0,0,0,0,0,False,False,False,False,True
2872f4b0-b171-46e2-abc6-befcf6de6306,7681c7d7-0168-4892-a547-6f02a6430ace,Colon,Distinct microbial and immune niches of the human colon,41650,5,21,,,,0,10x 3' v2; 10x 5' v2,cell,cecum mucosa; mesenteric lymph node; mucosa of sigmoid colon; mucosa of transverse colon,normal,https://datasets.cellxgene.cziscience.com/9f55ec99-233b-4a96-bcb4-e132b6b9f1bb.h5ad,279113967,10.1038/s41590-020-0602-z,,0.0,False,0,0,0,0,0,0,False,False,False,False,True
d7dcfd8f-2ee7-4385-b9ac-e074c23ed190,120e86b4-1195-48c5-845b-b98054105eec,Fetal kidney dataset: full,Spatiotemporal immune zonation of the human kidney,27197,6,24,,,,0,10x 3' v2,cell,kidney,normal,https://datasets.cellxgene.cziscience.com/4ae88372-a0dc-4f9e-b93a-18ade11be813.h5ad,338565081,10.1126/science.aat5031,kidney,1.0,True,0,0,0,0,1,0,False,False,False,False,True
c52de62a-058d-4d78-a464-bdf552378f43,120e86b4-1195-48c5-845b-b98054105eec,Fetal kidney dataset: stroma,Spatiotemporal immune zonation of the human kidney,8345,6,4,,,,0,10x 3' v2,cell,kidney,normal,https://datasets.cellxgene.cziscience.com/bccfbe51-bb43-4da5-8ecf-5607bda68289.h5ad,109143365,10.1126/science.aat5031,kidney,1.0,True,0,0,0,0,1,0,False,False,False,False,True
9ea768a2-87ab-46b6-a73d-c4e915f25af3,120e86b4-1195-48c5-845b-b98054105eec,Mature kidney dataset: full,Spatiotemporal immune zonation of the human kidney,40268,13,29,1.5833333333333333,72.0,70.41666666666667,12,10x 3' v2,cell,cortex of kidney; kidney; kidney blood vessel; renal medulla; renal pelvis,normal,https://datasets.cellxgene.cziscience.com/c171ca0b-5e46-4260-9dc2-c03486499308.h5ad,191551036,10.1126/science.aat5031,kidney,1.0,True,0,0,0,0,5,0,False,False,False,False,True
2fc9c59f-3cfd-48d9-9b23-e369ea31bff3,120e86b4-1195-48c5-845b-b98054105eec,Mature kidney dataset: non PT parenchyma,Spatiotemporal immune zonation of the human kidney,4620,13,17,1.5833333333333333,72.0,70.41666666666667,12,10x 3' v2,cell,cortex of kidney; kidney; kidney blood vessel; renal medulla; renal pelvis,normal,https://datasets.cellxgene.cziscience.com/0ba0c399-e569-4d00-8b8a-3889a7034aa8.h5ad,38427139,10.1126/science.aat5031,kidney,1.0,True,0,0,0,0,5,0,False,False,True,False,True
2d31c0ca-0233-41ce-bd1a-05aa8404b073,120e86b4-1195-48c5-845b-b98054105eec,Fetal kidney dataset: immune,Spatiotemporal immune zonation of the human kidney,6847,6,13,,,,0,10x 3' v2,cell,kidney,normal,https://datasets.cellxgene.cziscience.com/ade9bae8-e0e0-4908-9994-02ca6322dccd.h5ad,62987504,10.1126/science.aat5031,kidney,1.0,True,0,0,0,0,1,0,False,False,False,False,True
20d87640-4be8-487f-93d4-dce38378d00f,120e86b4-1195-48c5-845b-b98054105eec,Mature kidney dataset: immune,Spatiotemporal immune zonation of the human kidney,7803,13,12,1.5833333333333333,72.0,70.41666666666667,12,10x 3' v2,cell,cortex of kidney; kidney; kidney blood vessel; renal medulla; renal pelvis,normal,https://datasets.cellxgene.cziscience.com/281f6735-10c8-492e-be93-ccdc5b3d0170.h5ad,44087625,10.1126/science.aat5031,kidney,1.0,True,0,0,0,0,5,0,False,False,False,False,True
08073b32-d389-41f4-a4fd-616de76915ab,120e86b4-1195-48c5-845b-b98054105eec,Fetal kidney dataset: nephron,Spatiotemporal immune zonation of the human kidney,10790,6,6,,,,0,10x 3' v2,cell,kidney,normal,https://datasets.cellxgene.cziscience.com/f813e5a0-9d17-4cc8-aaa8-fb8de70289af.h5ad,158670391,10.1126/science.aat5031,kidney,1.0,True,0,0,0,0,1,0,False,False,False,False,True
4ed927e9-c099-49af-b8ce-a2652d069333,a3ffde6c-7ad2-498a-903c-d58e732f7470,Single-nucleus cross-tissue molecular reference maps to decipher disease gene function,Single-nucleus cross-tissue molecular reference maps to decipher disease gene function,209126,16,53,,,,0,10x 3' v2,nucleus,anterior wall of left ventricle; breast; esophagus muscularis mucosa; gastrocnemius; lingula of left lung; mucosa; prostate gland; skin of leg,normal,https://datasets.cellxgene.cziscience.com/9130af6d-b035-4c2c-868a-ef9a572270be.h5ad,1371963011,10.1126/science.abl4290,skeletal muscle,0.125,False,0,0,1,1,0,0,False,False,False,False,True
82f6af6d-5313-439a-9936-5e844be49a70,e02201d7-f49f-401f-baf0-1eb1406546c0,Infant human neocortex cells,"Early role for a Na+,K+-ATPase (ATP1A3) in brain development",51878,1,3,0.5833333333333334,0.5833333333333334,0.0,1,Drop-seq,nucleus,parietal lobe; prefrontal cortex; primary visual cortex; temporal lobe,normal,https://datasets.cellxgene.cziscience.com/182945c8-d6e7-4e49-b5f8-2c61d68bca14.h5ad,157586258,10.1073/pnas.2023333118,brain,0.75,True,0,3,0,0,0,0,False,False,False,False,True
39ed7d98-676d-4b8d-9d0a-0f3b60914ead,e02201d7-f49f-401f-baf0-1eb1406546c0,Midgestational human neocortex cells,"Early role for a Na+,K+-ATPase (ATP1A3) in brain development",118647,1,4,,,,0,Drop-seq,cell,anterior cingulate cortex; caudal ganglionic eminence; hippocampal formation; medial ganglionic eminence; orbitofrontal cortex; parietal lobe; primary visual cortex,normal,https://datasets.cellxgene.cziscience.com/91431488-6bc7-46b6-8d64-2c4a3ed8194d.h5ad,238216147,10.1073/pnas.2023333118,brain,0.2857142857142857,True,0,2,0,0,0,0,False,False,False,False,True
f64e1be1-de15-4d27-8da4-82225cd4c035,62e8f058-9c37-48bc-9200-e767f318a8ec,Immune cells,HTAN MSK - Single cell profiling reveals novel tumor and myeloid subpopulations in small cell lung cancer,73047,42,6,44.0,85.0,41.0,25,10x 3' transcription profiling; 10x 3' v2; 10x 3' v3,cell,adrenal gland; axilla; bone spine; brain; liver; lung; lymph node; pleural effusion,lung adenocarcinoma; normal; small cell lung carcinoma,https://datasets.cellxgene.cziscience.com/5deb79e5-fdd2-45f2-89cd-f291403cc572.h5ad,3006537786,10.1016/j.ccell.2021.09.008,brain,0.125,False,0,1,0,0,0,1,False,True,True,False,True
e9175006-8978-4417-939f-819855eab80e,62e8f058-9c37-48bc-9200-e767f318a8ec,Myeloid cells,HTAN MSK - Single cell profiling reveals novel tumor and myeloid subpopulations in small cell lung cancer,14072,42,4,44.0,85.0,41.0,25,10x 3' transcription profiling; 10x 3' v2; 10x 3' v3,cell,adrenal gland; axilla; bone spine; brain; liver; lung; lymph node; pleural effusion,lung adenocarcinoma; normal; small cell lung carcinoma,https://datasets.cellxgene.cziscience.com/38504daf-b825-48ea-b277-033b64d5babb.h5ad,649943595,10.1016/j.ccell.2021.09.008,brain,0.125,False,0,1,0,0,0,1,False,True,True,False,True
d4cfefa0-3a35-44eb-b848-d7a725b481e7,62e8f058-9c37-48bc-9200-e767f318a8ec,NSCLC epithelial cells,HTAN MSK - Single cell profiling reveals novel tumor and myeloid subpopulations in small cell lung cancer,9778,42,10,44.0,85.0,41.0,25,10x 3' transcription profiling; 10x 3' v2; 10x 3' v3,cell,adrenal gland; axilla; bone spine; brain; liver; lung; lymph node; pleural effusion,lung adenocarcinoma; normal; small cell lung carcinoma,https://datasets.cellxgene.cziscience.com/25f2c5ad-3426-42be-9a3c-2aacf189b9aa.h5ad,444987283,10.1016/j.ccell.2021.09.008,brain,0.125,False,0,1,0,0,0,1,False,True,True,False,True
d224c8e0-c28e-4360-9e42-b3977cd83f9f,62e8f058-9c37-48bc-9200-e767f318a8ec,Mesenchymal cells,HTAN MSK - Single cell profiling reveals novel tumor and myeloid subpopulations in small cell lung cancer,8030,41,3,44.0,85.0,41.0,25,10x 3' transcription profiling; 10x 3' v2; 10x 3' v3,cell,adrenal gland; axilla; bone spine; brain; liver; lung; lymph node; pleural effusion,lung adenocarcinoma; normal; small cell lung carcinoma,https://datasets.cellxgene.cziscience.com/c54035d5-a021-4bd0-9496-e9ec0cf9dcc8.h5ad,332890824,10.1016/j.ccell.2021.09.008,brain,0.125,False,0,1,0,0,0,1,False,True,False,False,True
b47cf863-d90d-4fe5-a1eb-1a4785a3e329,62e8f058-9c37-48bc-9200-e767f318a8ec,Myeloid SCLC samples only,HTAN MSK - Single cell profiling reveals novel tumor and myeloid subpopulations in small cell lung cancer,2951,19,4,47.0,81.0,34.0,14,10x 3' v2; 10x 3' v3,cell,adrenal gland; axilla; liver; lung; lymph node; pleural effusion,small cell lung carcinoma,https://datasets.cellxgene.cziscience.com/05c6fd7c-b5bb-43c6-9820-26c936b25a28.h5ad,342598408,10.1016/j.ccell.2021.09.008,liver,0.16666666666666666,True,0,0,0,0,0,1,False,True,True,False,False
a6858c10-c52a-4a1d-bc12-a90dbd51ca66,62e8f058-9c37-48bc-9200-e767f318a8ec,Epithelial cells,HTAN MSK - Single cell profiling reveals novel tumor and myeloid subpopulations in small cell lung cancer,64091,42,10,44.0,85.0,41.0,25,10x 3' transcription profiling; 10x 3' v2; 10x 3' v3,cell,adrenal gland; axilla; bone spine; brain; liver; lung; lymph node; pleural effusion,lung adenocarcinoma; normal; small cell lung carcinoma,https://datasets.cellxgene.cziscience.com/cfbc234a-7812-4b82-af81-ec6df4b65e04.h5ad,3835314338,10.1016/j.ccell.2021.09.008,brain,0.125,False,0,1,0,0,0,1,False,True,True,False,True
76347874-8801-44bf-9aea-0da21c78c430,62e8f058-9c37-48bc-9200-e767f318a8ec,SCLC immune cells,HTAN MSK - Single cell profiling reveals novel tumor and myeloid subpopulations in small cell lung cancer,16475,19,14,47.0,81.0,34.0,14,10x 3' v2; 10x 3' v3,cell,adrenal gland; axilla; liver; lung; lymph node; pleural effusion,small cell lung carcinoma,https://datasets.cellxgene.cziscience.com/3d400eb9-7e4a-4ac4-8dc2-3bc9f2a59a17.h5ad,685928747,10.1016/j.ccell.2021.09.008,liver,0.16666666666666666,True,0,0,0,0,0,1,False,True,True,False,False
576f193c-75d0-4a11-bd25-8676587e6dc2,62e8f058-9c37-48bc-9200-e767f318a8ec,Combined samples,HTAN MSK - Single cell profiling reveals novel tumor and myeloid subpopulations in small cell lung cancer,147137,42,11,44.0,85.0,41.0,25,10x 3' transcription profiling; 10x 3' v2; 10x 3' v3,cell,adrenal gland; axilla; bone spine; brain; liver; lung; lymph node; pleural effusion,lung adenocarcinoma; normal; small cell lung carcinoma,https://datasets.cellxgene.cziscience.com/a9d92e38-9a6e-401b-8484-74bb15122341.h5ad,1463737857,10.1016/j.ccell.2021.09.008,brain,0.125,False,0,1,0,0,0,1,False,True,False,False,True
524d4513-8afd-4120-9b7b-fe31ae10c29b,62e8f058-9c37-48bc-9200-e767f318a8ec,SCLC RU1215 epithelial cells,HTAN MSK - Single cell profiling reveals novel tumor and myeloid subpopulations in small cell lung cancer,3923,1,1,75.0,75.0,0.0,1,10x 3' v3,cell,pleural effusion,small cell lung carcinoma,https://datasets.cellxgene.cziscience.com/c58323c4-492e-4623-aa9c-5dd35fe3b7fe.h5ad,516103560,10.1016/j.ccell.2021.09.008,,0.0,False,0,0,0,0,0,0,False,True,True,False,False
486486d4-9462-43e5-9249-eb43fa5a49a6,62e8f058-9c37-48bc-9200-e767f318a8ec,T cells,HTAN MSK - Single cell profiling reveals novel tumor and myeloid subpopulations in small cell lung cancer,46140,42,6,44.0,85.0,41.0,25,10x 3' transcription profiling; 10x 3' v2; 10x 3' v3,cell,adrenal gland; axilla; bone spine; brain; liver; lung; lymph node; pleural effusion,lung adenocarcinoma; normal; small cell lung carcinoma,https://datasets.cellxgene.cziscience.com/6fde3ad9-c2dc-4bea-bcb1-100192dd5877.h5ad,1848340942,10.1016/j.ccell.2021.09.008,brain,0.125,False,0,1,0,0,0,1,False,True,True,False,True
34deb33b-a50e-4993-a38b-1c0e5079c1c2,62e8f058-9c37-48bc-9200-e767f318a8ec,SCLC epithelial cells,HTAN MSK - Single cell profiling reveals novel tumor and myeloid subpopulations in small cell lung cancer,54313,19,1,47.0,81.0,34.0,14,10x 3' v2; 10x 3' v3,cell,adrenal gland; axilla; liver; lung; lymph node; pleural effusion,small cell lung carcinoma,https://datasets.cellxgene.cziscience.com/0e55369f-8a0d-4897-b6fb-b09e817c72ba.h5ad,8952427790,10.1016/j.ccell.2021.09.008,liver,0.16666666666666666,True,0,0,0,0,0,1,False,True,True,False,False
f67f2cfa-ba45-4f77-8e26-64a15f666043,1ca90a2d-2943-483d-b678-b809bf464c30,Pax6 - MTG: Seattle Alzheimer's Disease Atlas (SEA-AD),SEA-AD: Seattle Alzheimer’s Disease Brain Cell Atlas,9203,89,1,29.0,89.0,60.0,23,10x 3' v3; 10x multiome,nucleus,middle temporal gyrus,dementia; normal,https://datasets.cellxgene.cziscience.com/ed6e60fa-a085-4044-8535-b57ff0e788fe.h5ad,239415993,10.1038/s41593-024-01774-5,,0.0,False,0,0,0,0,0,0,False,False,False,False,True
eec3e37d-ed41-4881-bc6e-aaf39a2c6eb0,1ca90a2d-2943-483d-b678-b809bf464c30,Lamp5 - MTG: Seattle Alzheimer's Disease Atlas (SEA-AD),SEA-AD: Seattle Alzheimer’s Disease Brain Cell Atlas,42921,89,1,29.0,89.0,60.0,23,10x 3' v3; 10x multiome,nucleus,middle temporal gyrus,dementia; normal,https://datasets.cellxgene.cziscience.com/ffa13314-dc7c-4651-97c6-fc099e90ae64.h5ad,869839575,10.1038/s41593-024-01774-5,,0.0,False,0,0,0,0,0,0,False,False,False,False,True
e8ac3386-31d4-48ba-aa70-1bae0cf020e7,1ca90a2d-2943-483d-b678-b809bf464c30,Lamp5 Lhx6 - MTG: Seattle Alzheimer's Disease Atlas (SEA-AD),SEA-AD: Seattle Alzheimer’s Disease Brain Cell Atlas,21443,88,1,29.0,89.0,60.0,23,10x 3' v3; 10x multiome,nucleus,middle temporal gyrus,dementia; normal,https://datasets.cellxgene.cziscience.com/e9ecc60e-9de2-4a19-9b13-2af9666602b2.h5ad,542048792,10.1038/s41593-024-01774-5,,0.0,False,0,0,0,0,0,0,False,False,False,False,True
de104f7e-14fa-4795-bd19-b5ee2c1563e0,1ca90a2d-2943-483d-b678-b809bf464c30,L6 IT - MTG: Seattle Alzheimer's Disease Atlas (SEA-AD),SEA-AD: Seattle Alzheimer’s Disease Brain Cell Atlas,45252,89,1,29.0,89.0,60.0,23,10x 3' v3; 10x multiome,nucleus,middle temporal gyrus,dementia; normal,https://datasets.cellxgene.cziscience.com/db8fd714-0013-4b28-acfb-415219ddd1cb.h5ad,1726290399,10.1038/s41593-024-01774-5,,0.0,False,0,0,0,0,0,0,False,False,False,False,True
d87f3f91-dca4-494b-8993-c4e3008a8fa5,1ca90a2d-2943-483d-b678-b809bf464c30,Pvalb - MTG: Seattle Alzheimer's Disease Atlas (SEA-AD),SEA-AD: Seattle Alzheimer’s Disease Brain Cell Atlas,90804,89,1,29.0,89.0,60.0,23,10x 3' v3; 10x multiome,nucleus,middle temporal gyrus,dementia; normal,https://datasets.cellxgene.cziscience.com/cf14bcbb-f691-4d39-98d1-59de53c666c4.h5ad,2305593719,10.1038/s41593-024-01774-5,,0.0,False,0,0,0,0,0,0,False,False,False,False,True
d2fc9880-e6d3-4922-af5c-61f4f517adfa,1ca90a2d-2943-483d-b678-b809bf464c30,Oligodendrocyte - MTG: Seattle Alzheimer's Disease Atlas (SEA-AD),SEA-AD: Seattle Alzheimer’s Disease Brain Cell Atlas,111194,89,1,29.0,89.0,60.0,23,10x 3' v3; 10x multiome,nucleus,middle temporal gyrus,dementia; normal,https://datasets.cellxgene.cziscience.com/021a2e09-19c6-42eb-9e52-3ed2cf3d6032.h5ad,1426772746,10.1038/s41593-024-01774-5,,0.0,False,0,0,0,0,0,0,False,False,False,False,True
c76098ba-eed3-45b1-98f2-96fcac55ed18,1ca90a2d-2943-483d-b678-b809bf464c30,Microglia-PVM - MTG: Seattle Alzheimer's Disease Atlas (SEA-AD),SEA-AD: Seattle Alzheimer’s Disease Brain Cell Atlas,40000,89,1,29.0,89.0,60.0,23,10x 3' v3; 10x multiome,nucleus,middle temporal gyrus,dementia; normal,https://datasets.cellxgene.cziscience.com/ab53c08f-03a3-4e0e-973a-44beabd78f60.h5ad,510959572,10.1038/s41593-024-01774-5,,0.0,False,0,0,0,0,0,0,False,False,False,False,True
c19275f5-739e-4796-ad5d-b0830b760db1,1ca90a2d-2943-483d-b678-b809bf464c30,L6 CT - MTG: Seattle Alzheimer's Disease Atlas (SEA-AD),SEA-AD: Seattle Alzheimer’s Disease Brain Cell Atlas,18402,89,1,29.0,89.0,60.0,23,10x 3' v3; 10x multiome,nucleus,middle temporal gyrus,dementia; normal,https://datasets.cellxgene.cziscience.com/10dd9ad4-c0fe-4918-8d35-04058f3a87ee.h5ad,647804536,10.1038/s41593-024-01774-5,,0.0,False,0,0,0,0,0,0,False,False,False,False,True
b74100ea-1a1a-486a-9cad-70ae44150935,1ca90a2d-2943-483d-b678-b809bf464c30,L2/3 IT - MTG: Seattle Alzheimer's Disease Atlas (SEA-AD),SEA-AD: Seattle Alzheimer’s Disease Brain Cell Atlas,330085,89,1,29.0,89.0,60.0,23,10x 3' v3; 10x multiome,nucleus,middle temporal gyrus,dementia; normal,https://datasets.cellxgene.cziscience.com/18a1753c-4c65-4bc8-a16c-420cf84ad435.h5ad,10321736115,10.1038/s41593-024-01774-5,,0.0,False,0,0,0,0,0,0,False,False,False,False,True
ac0fee7e-0999-4319-b244-20278e1ff2fb,1ca90a2d-2943-483d-b678-b809bf464c30,L4 IT - MTG: Seattle Alzheimer's Disease Atlas (SEA-AD),SEA-AD: Seattle Alzheimer’s Disease Brain Cell Atlas,168860,89,1,29.0,89.0,60.0,23,10x 3' v3; 10x multiome,nucleus,middle temporal gyrus,dementia; normal,https://datasets.cellxgene.cziscience.com/67385399-fe99-4f46-b8df-aa18fa4bd82d.h5ad,4777848496,10.1038/s41593-024-01774-5,,0.0,False,0,0,0,0,0,0,False,False,False,False,True
a0d173dd-bb10-4d13-8b9a-e13a4ee83c8c,1ca90a2d-2943-483d-b678-b809bf464c30,Vip - MTG: Seattle Alzheimer's Disease Atlas (SEA-AD),SEA-AD: Seattle Alzheimer’s Disease Brain Cell Atlas,104514,89,1,29.0,89.0,60.0,23,10x 3' v3; 10x multiome,nucleus,middle temporal gyrus,dementia; normal,https://datasets.cellxgene.cziscience.com/d9d217bf-9a57-440c-9b0b-885185f94240.h5ad,2306063290,10.1038/s41593-024-01774-5,,0.0,False,0,0,0,0,0,0,False,False,False,False,True
8c6ed88f-11bf-4159-bad7-ff41fb1e1eca,1ca90a2d-2943-483d-b678-b809bf464c30,Chandelier - MTG: Seattle Alzheimer's Disease Atlas (SEA-AD),SEA-AD: Seattle Alzheimer’s Disease Brain Cell Atlas,10928,88,1,29.0,89.0,60.0,23,10x 3' v3; 10x multiome,nucleus,middle temporal gyrus,dementia; normal,https://datasets.cellxgene.cziscience.com/be12502e-5883-45da-b07a-3980c0bc6b04.h5ad,238745004,10.1038/s41593-024-01774-5,,0.0,False,0,0,0,0,0,0,False,False,False,False,True
8a8aedcb-5bb3-453d-a9f0-f37951ae1515,1ca90a2d-2943-483d-b678-b809bf464c30,L6b - MTG: Seattle Alzheimer's Disease Atlas (SEA-AD),SEA-AD: Seattle Alzheimer’s Disease Brain Cell Atlas,16227,88,1,29.0,89.0,60.0,23,10x 3' v3; 10x multiome,nucleus,middle temporal gyrus,dementia; normal,https://datasets.cellxgene.cziscience.com/e54d4c11-5f48-4c00-8462-424cb6559eb2.h5ad,602061225,10.1038/s41593-024-01774-5,,0.0,False,0,0,0,0,0,0,False,False,False,False,True
81e91ff8-f619-4ad1-a0c3-b45e1dc63f68,1ca90a2d-2943-483d-b678-b809bf464c30,Sst Chodl - MTG: Seattle Alzheimer's Disease Atlas (SEA-AD),SEA-AD: Seattle Alzheimer’s Disease Brain Cell Atlas,1496,84,1,29.0,89.0,60.0,23,10x 3' v3; 10x multiome,nucleus,middle temporal gyrus,dementia; normal,https://datasets.cellxgene.cziscience.com/51e6c0b9-a11d-40d1-8818-b1f96b701b3f.h5ad,45889150,10.1038/s41593-024-01774-5,,0.0,False,0,0,0,0,0,0,False,False,False,False,True
79d485a8-b8b1-49f2-85aa-c44e5206aa53,1ca90a2d-2943-483d-b678-b809bf464c30,L6 IT Car3 - MTG: Seattle Alzheimer's Disease Atlas (SEA-AD),SEA-AD: Seattle Alzheimer’s Disease Brain Cell Atlas,26129,88,1,29.0,89.0,60.0,23,10x 3' v3; 10x multiome,nucleus,middle temporal gyrus,dementia; normal,https://datasets.cellxgene.cziscience.com/b2e8ac41-9b16-4bba-b54c-23077bda35de.h5ad,893234849,10.1038/s41593-024-01774-5,,0.0,False,0,0,0,0,0,0,False,False,False,False,True
75e6eee5-d0e3-4291-9360-f288ffe6c7c4,1ca90a2d-2943-483d-b678-b809bf464c30,L5/6 NP - MTG: Seattle Alzheimer's Disease Atlas (SEA-AD),SEA-AD: Seattle Alzheimer’s Disease Brain Cell Atlas,20741,89,1,29.0,89.0,60.0,23,10x 3' v3; 10x multiome,nucleus,middle temporal gyrus,dementia; normal,https://datasets.cellxgene.cziscience.com/2bc996ec-ff6c-4da0-8cbd-70df3cc8bcbc.h5ad,599703488,10.1038/s41593-024-01774-5,,0.0,False,0,0,0,0,0,0,False,False,False,False,True
605b89b1-c474-4180-8c0b-88afb5920991,1ca90a2d-2943-483d-b678-b809bf464c30,L5 IT - MTG: Seattle Alzheimer's Disease Atlas (SEA-AD),SEA-AD: Seattle Alzheimer’s Disease Brain Cell Atlas,128090,89,1,29.0,89.0,60.0,23,10x 3' v3; 10x multiome,nucleus,middle temporal gyrus,dementia; normal,https://datasets.cellxgene.cziscience.com/4776ed90-3953-4c30-bc24-092d258a443b.h5ad,4259302566,10.1038/s41593-024-01774-5,,0.0,False,0,0,0,0,0,0,False,False,False,False,True
5ae6ab72-1927-4d5b-9826-86be65791293,1ca90a2d-2943-483d-b678-b809bf464c30,Sncg - MTG: Seattle Alzheimer's Disease Atlas (SEA-AD),SEA-AD: Seattle Alzheimer’s Disease Brain Cell Atlas,22168,88,1,29.0,89.0,60.0,22,10x 3' v3; 10x multiome,nucleus,middle temporal gyrus,dementia; normal,https://datasets.cellxgene.cziscience.com/66052eb8-f3d5-4244-8be6-1345943f84aa.h5ad,444458349,10.1038/s41593-024-01774-5,,0.0,False,0,0,0,0,0,0,False,False,False,False,True
5097d77d-08fa-4105-a18f-4072d61522a4,1ca90a2d-2943-483d-b678-b809bf464c30,Astrocyte - MTG: Seattle Alzheimer's Disease Atlas (SEA-AD),SEA-AD: Seattle Alzheimer’s Disease Brain Cell Atlas,70009,88,1,29.0,89.0,60.0,22,10x 3' v3; 10x multiome,nucleus,middle temporal gyrus,dementia; normal,https://datasets.cellxgene.cziscience.com/53f96bc7-3f23-444c-aa4f-4c69d62906bd.h5ad,1218776009,10.1038/s41593-024-01774-5,,0.0,False,0,0,0,0,0,0,False,False,False,False,True
3e87b1fa-472a-401c-8fa8-f31c10437d5f,1ca90a2d-2943-483d-b678-b809bf464c30,Endothelial - MTG: Seattle Alzheimer's Disease Atlas (SEA-AD),SEA-AD: Seattle Alzheimer’s Disease Brain Cell Atlas,2069,89,1,29.0,89.0,60.0,23,10x 3' v3; 10x multiome,nucleus,middle temporal gyrus,dementia; normal,https://datasets.cellxgene.cziscience.com/69d18d59-a55c-43cf-9abf-5ed7bb31b39b.h5ad,33567319,10.1038/s41593-024-01774-5,,0.0,False,0,0,0,0,0,0,False,False,False,False,True
236baeda-5fdd-41bf-8e32-bae21ac7d435,1ca90a2d-2943-483d-b678-b809bf464c30,VLMC - MTG: Seattle Alzheimer's Disease Atlas (SEA-AD),SEA-AD: Seattle Alzheimer’s Disease Brain Cell Atlas,4328,87,1,29.0,89.0,60.0,21,10x 3' v3; 10x multiome,nucleus,middle temporal gyrus,dementia; normal,https://datasets.cellxgene.cziscience.com/60fdbb86-8c6e-48ec-9dd3-2bf2c9e883ea.h5ad,63928770,10.1038/s41593-024-01774-5,,0.0,False,0,0,0,0,0,0,False,False,False,False,True
1c05b7ae-4dfb-4c1b-a441-4b23c04b169e,1ca90a2d-2943-483d-b678-b809bf464c30,OPC - MTG: Seattle Alzheimer's Disease Atlas (SEA-AD),SEA-AD: Seattle Alzheimer’s Disease Brain Cell Atlas,32493,89,1,29.0,89.0,60.0,23,10x 3' v3; 10x multiome,nucleus,middle temporal gyrus,dementia; normal,https://datasets.cellxgene.cziscience.com/01a8996c-8817-43c5-ac45-d66342ddb97e.h5ad,577626436,10.1038/s41593-024-01774-5,,0.0,False,0,0,0,0,0,0,False,False,False,False,True
146216e1-ec30-4fee-a1fb-25defe801e2d,1ca90a2d-2943-483d-b678-b809bf464c30,Sst - MTG: Seattle Alzheimer's Disease Atlas (SEA-AD),SEA-AD: Seattle Alzheimer’s Disease Brain Cell Atlas,58265,89,1,29.0,89.0,60.0,23,10x 3' v3; 10x multiome,nucleus,middle temporal gyrus,dementia; normal,https://datasets.cellxgene.cziscience.com/c3e6574c-c9ed-4495-9ccd-44146565c8f0.h5ad,1166990505,10.1038/s41593-024-01774-5,,0.0,False,0,0,0,0,0,0,False,False,False,False,True
07428d73-fdea-4bd4-a801-94b00c4d961c,1ca90a2d-2943-483d-b678-b809bf464c30,L5 ET - MTG: Seattle Alzheimer's Disease Atlas (SEA-AD),SEA-AD: Seattle Alzheimer’s Disease Brain Cell Atlas,2590,87,1,29.0,89.0,60.0,23,10x 3' v3; 10x multiome,nucleus,middle temporal gyrus,dementia; normal,https://datasets.cellxgene.cziscience.com/823d1b25-bebd-4481-aab5-a302850aebf1.h5ad,118638595,10.1038/s41593-024-01774-5,,0.0,False,0,0,0,0,0,0,False,False,False,False,True
9ddea8d9-cc4c-420a-90f6-880996f808d4,32f2fd23-ec74-486f-9544-e5b2f41725f5,Non-pregnant Uterus (Endometrium - All),Mapping the temporal and spatial dynamics of the human endometrium in vivo and in vitro,100307,15,11,26.0,37.0,11.0,3,10x 3' v2; 10x 3' v3,cell,endometrium,normal,https://datasets.cellxgene.cziscience.com/e9c1bce2-a784-4acb-bd02-31e05305eb8a.h5ad,1229785596,10.1038/s41588-021-00972-2,,0.0,False,0,0,0,0,0,0,True,False,False,False,True
968885c5-b652-48d9-9006-c34b5fc1c07a,32f2fd23-ec74-486f-9544-e5b2f41725f5,Non-pregnant Uterus (Endometrium - Epithelial),Mapping the temporal and spatial dynamics of the human endometrium in vivo and in vitro,10729,15,3,26.0,37.0,11.0,3,10x 3' v2; 10x 3' v3,cell,endometrium,normal,https://datasets.cellxgene.cziscience.com/b1899c6c-b1a6-4340-9df1-b62a00a6e8af.h5ad,209922498,10.1038/s41588-021-00972-2,,0.0,False,0,0,0,0,0,0,True,False,False,False,True
76150f40-1989-4977-9e23-696e72d59d9e,32f2fd23-ec74-486f-9544-e5b2f41725f5,Non-pregnant Uterus (Endometrium - Organoid),Mapping the temporal and spatial dynamics of the human endometrium in vivo and in vitro,118672,3,1,28.0,28.0,0.0,1,10x 3' v3,cell,endometrium,normal,https://datasets.cellxgene.cziscience.com/006980b4-1d18-4a37-a268-8ed2845cb4d2.h5ad,1504222947,10.1038/s41588-021-00972-2,,0.0,False,0,0,0,0,0,0,True,False,False,False,True
0c774045-26a7-40f8-9b07-6742d3c771c0,be21c2d1-2392-47d0-96fb-c625d115e0dc,Single cell RNA sequencing of CD19 CAR T-cell infusion products,Single cell RNA sequencing of CD19 CAR T-cell infusion products,133405,24,12,24.0,74.0,50.0,19,10x 5' v1,cell,T cell,B-cell non-Hodgkin lymphoma,https://datasets.cellxgene.cziscience.com/25735b46-c216-43fb-8cae-5b890090b714.h5ad,1687426497,10.1038/s41591-020-1061-7,,0.0,False,0,0,0,0,0,0,False,False,False,False,False
fe52003e-1460-4a65-a213-2bb1a508332f,62ef75e4-cbea-454e-a0ce-998ec40223d3,Myeloid compartment,Cross-tissue immune cell analysis reveals tissue-specific features in humans,51552,12,7,56.0,67.0,11.0,2,10x 3' v3; 10x 5' v1; 10x 5' v2,cell,blood; bone marrow; caecum; duodenum; ileum; jejunal epithelium; jejunum lamina propria; liver; lung; mesenteric lymph node; omentum; sigmoid colon; skeletal muscle tissue; spleen; thoracic lymph node; thymus; transverse colon,normal,https://datasets.cellxgene.cziscience.com/96de0195-492e-4180-b0b8-49cc04b7293e.h5ad,700182069,10.1126/science.abl5197,skeletal muscle,0.058823529411764705,False,0,0,1,0,0,1,False,False,True,False,True
ae29ebd0-1973-40a4-a6af-d15a5f77a80f,62ef75e4-cbea-454e-a0ce-998ec40223d3,T & innate lymphoid cells,Cross-tissue immune cell analysis reveals tissue-specific features in humans,216611,12,16,56.0,67.0,11.0,2,10x 3' v3; 10x 5' v1; 10x 5' v2,cell,blood; bone marrow; caecum; duodenum; ileum; jejunal epithelium; jejunum lamina propria; liver; lung; mesenteric lymph node; omentum; sigmoid colon; skeletal muscle tissue; spleen; thoracic lymph node; thymus; transverse colon,normal,https://datasets.cellxgene.cziscience.com/e0fc280d-c750-4c13-b7b8-3f01fcd53095.h5ad,1762461938,10.1126/science.abl5197,skeletal muscle,0.058823529411764705,False,0,0,1,0,0,1,False,False,False,False,True
71be997d-ff75-41b9-8a9f-1288c865f921,62ef75e4-cbea-454e-a0ce-998ec40223d3,B cell compartment,Cross-tissue immune cell analysis reveals tissue-specific features in humans,54934,12,9,56.0,67.0,11.0,2,10x 3' v3; 10x 5' v1; 10x 5' v2,cell,blood; bone marrow; caecum; duodenum; ileum; jejunal epithelium; jejunum lamina propria; liver; lung; mesenteric lymph node; omentum; sigmoid colon; skeletal muscle tissue; spleen; thoracic lymph node; thymus; transverse colon,normal,https://datasets.cellxgene.cziscience.com/56aba0b5-96af-42c4-826c-f15fb2903bc8.h5ad,497892958,10.1126/science.abl5197,skeletal muscle,0.058823529411764705,False,0,0,1,0,0,1,False,False,False,False,True
1b9d8702-5af8-4142-85ed-020eb06ec4f6,62ef75e4-cbea-454e-a0ce-998ec40223d3,Global,Cross-tissue immune cell analysis reveals tissue-specific features in humans,329762,12,35,56.0,67.0,11.0,2,10x 3' v3; 10x 5' v1; 10x 5' v2,cell,blood; bone marrow; caecum; duodenum; ileum; jejunal epithelium; jejunum lamina propria; liver; lung; mesenteric lymph node; omentum; sigmoid colon; skeletal muscle tissue; spleen; thoracic lymph node; thymus; transverse colon,normal,https://datasets.cellxgene.cziscience.com/09a381ce-feaf-48c8-a928-58f6768f4265.h5ad,3036698635,10.1126/science.abl5197,skeletal muscle,0.058823529411764705,False,0,0,1,0,0,1,False,False,False,False,True
d5c67a4e-a8d9-456d-a273-fa01adb1b308,3472f32d-4a33-48e2-aad5-666d4631bf4c,Retina,A single-cell transcriptome atlas of the adult human retina,19694,3,9,42.0,80.0,38.0,3,10x 3' v2,cell,retina,cataract; normal,https://datasets.cellxgene.cziscience.com/6c032332-4b89-49cb-a0b7-70564dbccf19.h5ad,187547891,10.15252/embj.2018100811,retina,1.0,True,1,0,0,0,0,0,False,False,False,False,True
36c867a7-be10-4e69-9b39-5de12b0af6da,2b02dff7-e427-4cdc-96fb-c0f354c099aa,Ileum,Single-Cell Analysis of Crohn’s Disease Lesions Identifies a Pathogenic Cellular Module Associated with Resistance to Anti-TNF Therapy,32458,11,19,,,,0,10x 3' v1; 10x 3' v2,cell,ileum lamina propria,normal,https://datasets.cellxgene.cziscience.com/def59402-ffde-4e48-a3eb-963d9666be53.h5ad,126496204,10.1016/j.cell.2019.08.008,,0.0,False,0,0,0,0,0,0,False,False,False,False,True
b07fb54c-d7ad-4995-8bb0-8f3d8611cabe,4d74781b-8186-4c9a-b659-ff4dc4601d91,Esophagus Epithelium,"scRNA-seq assessment of the human lung, spleen, and esophagus tissue stability after cold preservation",87947,6,15,,,,0,10x 3' v2,cell,epithelium of esophagus,normal,https://datasets.cellxgene.cziscience.com/8bb3a141-127f-4cee-9b4e-c32cde955f67.h5ad,749525592,10.1186/s13059-019-1906-x,,0.0,False,0,0,0,0,0,0,False,False,False,False,True
644a578d-ffdc-446b-9679-e7ab4c919c13,4d74781b-8186-4c9a-b659-ff4dc4601d91,Spleen,"scRNA-seq assessment of the human lung, spleen, and esophagus tissue stability after cold preservation",94256,5,24,,,,0,10x 3' v2,cell,spleen,normal,https://datasets.cellxgene.cziscience.com/7e526bde-0076-4293-9cb9-ed23a7e9e83b.h5ad,435100205,10.1186/s13059-019-1906-x,,0.0,False,0,0,0,0,0,0,False,False,False,False,True
2672b679-8048-4f5e-9786-f1b196ccfd08,4d74781b-8186-4c9a-b659-ff4dc4601d91,Lung Parenchyma,"scRNA-seq assessment of the human lung, spleen, and esophagus tissue stability after cold preservation",57019,5,20,,,,0,10x 3' v2,cell,lung parenchyma,normal,https://datasets.cellxgene.cziscience.com/60c74b40-321d-4df4-a507-bdd139a22cde.h5ad,422602490,10.1186/s13059-019-1906-x,,0.0,False,0,0,0,0,0,0,False,False,False,False,True
3faad104-2ab8-4434-816d-474d8d2641db,dde06e0f-ab3b-46be-96a2-a8082383c4a1,Single-cell eQTL mapping identifies cell type specific genetic control of autoimmune disease,Single-cell eQTL mapping identifies cell type specific genetic control of autoimmune disease,1248980,981,29,19.0,97.0,78.0,78,10x 3' v2,cell,blood,normal,https://datasets.cellxgene.cziscience.com/1e44db10-b572-46cc-adae-dcc7acd44ca6.h5ad,4434273970,10.1126/science.abf3041,,0.0,False,0,0,0,0,0,0,False,False,False,False,True
c2a461b1-0c15-4047-9fcb-1f966fe55100,eb735cc9-d0a7-48fa-b255-db726bf365af,Autoimmunity PBMCs,Sampling peripheral blood and matched nasal swabs from donors with prior immunodeficiencies and autoimmune conditions infected with SARS-CoV-2,97499,22,26,,,,0,10x 5' v1,cell,blood,COVID-19,https://datasets.cellxgene.cziscience.com/b112be5b-d8c9-455d-9a62-7b960e71a06d.h5ad,713878221,10.1101/2020.11.20.20227355,,0.0,False,0,0,0,0,0,0,False,False,False,False,False
fa8605cf-f27e-44af-ac2a-476bee4410d3,0434a9d4-85fd-4554-b8e3-cf6c582bb2fa,PBMCs,Acute COVID-19 cohort across a range of WHO categories seen at the Department of Emergency Medicine at MGH,59506,15,10,80.0,80.0,0.0,1,10x 5' v1,cell,blood,COVID-19; normal,https://datasets.cellxgene.cziscience.com/b6682cd9-7adf-4374-8a23-ea5a9c8eb852.h5ad,389658698,10.1101/2020.11.20.20227355,,0.0,False,0,0,0,0,0,0,False,False,False,False,True
edc8d3fe-153c-4e3d-8be0-2108d30f8d70,03f821b4-87be-4ff4-b65a-b5fc00061da7,Airway,Local and systemic responses to SARS-CoV-2 infection in children and adults,236977,74,40,25.0,76.0,51.0,7,10x 5' v1; 10x 5' v2,cell,bronchus; nasal cavity; trachea,COVID-19; normal,https://datasets.cellxgene.cziscience.com/f9efb73e-f116-46b5-a775-d4233e758024.h5ad,3573361310,10.1038/s41586-021-04345-x,,0.0,False,0,0,0,0,0,0,False,False,False,False,True
2a498ace-872a-4935-984b-1afa70fd9886,03f821b4-87be-4ff4-b65a-b5fc00061da7,PBMC,Local and systemic responses to SARS-CoV-2 infection in children and adults,422220,75,30,25.0,92.0,67.0,10,10x 5' v1,cell,blood,COVID-19; normal; post-COVID-19 disorder,https://datasets.cellxgene.cziscience.com/4554d5bf-9182-47af-8caf-6b2c93513829.h5ad,4427829665,10.1038/s41586-021-04345-x,,0.0,False,0,0,0,0,0,0,False,False,False,False,True
f156606a-dd9a-49fd-bc40-0e069b6cf07c,29f92179-ca10-4309-a32b-d383d80347c1,49 years old male - Airway Wash (2 days post-intubation),Longitudinal profiling of respiratory and systemic immune responses reveals myeloid cell-driven lung inflammation in severe COVID-19,9852,1,9,49.0,49.0,0.0,1,10x 3' v3,cell,respiratory airway,COVID-19,https://datasets.cellxgene.cziscience.com/d459ceb2-d44f-4693-9a42-68426b685e5d.h5ad,76684169,10.1016/j.immuni.2021.03.005,,0.0,False,0,0,0,0,0,0,False,False,False,False,False
eec804b9-2ae5-44f0-a1b5-d721e21257de,29f92179-ca10-4309-a32b-d383d80347c1,74 years old female - Airway Wash (5 days post-intubation),Longitudinal profiling of respiratory and systemic immune responses reveals myeloid cell-driven lung inflammation in severe COVID-19,1324,1,8,74.0,74.0,0.0,1,10x 3' v3,cell,respiratory airway,COVID-19,https://datasets.cellxgene.cziscience.com/8f00b78c-fef9-438f-8cb3-f0e854e529fe.h5ad,15925824,10.1016/j.immuni.2021.03.005,,0.0,False,0,0,0,0,0,0,False,False,False,False,False
eeacb0c1-2217-4cf6-b8ce-1f0fedf1b569,29f92179-ca10-4309-a32b-d383d80347c1,49 years old male - Fresh PBMCs (3 days post-intubation),Longitudinal profiling of respiratory and systemic immune responses reveals myeloid cell-driven lung inflammation in severe COVID-19,9337,1,8,49.0,49.0,0.0,1,10x 3' v3,cell,blood,COVID-19,https://datasets.cellxgene.cziscience.com/9db81723-ba1e-4870-a74e-74ceedb2b20e.h5ad,125970510,10.1016/j.immuni.2021.03.005,,0.0,False,0,0,0,0,0,0,False,False,False,False,False
ed9e9f96-4f08-49d2-bef5-b2c29adf3edc,29f92179-ca10-4309-a32b-d383d80347c1,66 years old female - Fresh PBMCs (4 days post-intubation),Longitudinal profiling of respiratory and systemic immune responses reveals myeloid cell-driven lung inflammation in severe COVID-19,5696,1,8,66.0,66.0,0.0,1,10x 3' v3,cell,blood,COVID-19,https://datasets.cellxgene.cziscience.com/15d019f7-e436-41d5-9bc8-6bdfcad5db24.h5ad,61673728,10.1016/j.immuni.2021.03.005,,0.0,False,0,0,0,0,0,0,False,False,False,False,False
ea786a06-5855-48b7-80d7-0313a21a2044,29f92179-ca10-4309-a32b-d383d80347c1,66 years old female - Fresh PBMCs (3 days post-intubation),Longitudinal profiling of respiratory and systemic immune responses reveals myeloid cell-driven lung inflammation in severe COVID-19,4792,1,8,66.0,66.0,0.0,1,10x 3' v3,cell,blood,COVID-19,https://datasets.cellxgene.cziscience.com/01770d4d-850a-478b-8a98-990950cb3b68.h5ad,32368406,10.1016/j.immuni.2021.03.005,,0.0,False,0,0,0,0,0,0,False,False,False,False,False
e5f5d954-cf0e-4bd8-9346-8d1ddf15a08b,29f92179-ca10-4309-a32b-d383d80347c1,49 years old male - Airway Wash (3 days post-intubation),Longitudinal profiling of respiratory and systemic immune responses reveals myeloid cell-driven lung inflammation in severe COVID-19,2487,1,9,49.0,49.0,0.0,1,10x 3' v3,cell,respiratory airway,COVID-19,https://datasets.cellxgene.cziscience.com/c3570ea2-1c92-44be-9020-e3792d597209.h5ad,25734988,10.1016/j.immuni.2021.03.005,,0.0,False,0,0,0,0,0,0,False,False,False,False,False
dbf0bd35-87f8-4b25-bc90-a3c54f379907,29f92179-ca10-4309-a32b-d383d80347c1,66 years old female - Airway Wash (3 days post-intubation),Longitudinal profiling of respiratory and systemic immune responses reveals myeloid cell-driven lung inflammation in severe COVID-19,3434,1,7,66.0,66.0,0.0,1,10x 3' v3,cell,respiratory airway,COVID-19,https://datasets.cellxgene.cziscience.com/0a7b023c-faeb-41e8-99c1-11d0e0bacfee.h5ad,28844027,10.1016/j.immuni.2021.03.005,,0.0,False,0,0,0,0,0,0,False,False,False,False,False
db59611b-42de-4035-93aa-1ed39f38b467,29f92179-ca10-4309-a32b-d383d80347c1,49 years old male - Fresh PBMCs (2 days post-intubation),Longitudinal profiling of respiratory and systemic immune responses reveals myeloid cell-driven lung inflammation in severe COVID-19,11574,1,9,49.0,49.0,0.0,1,10x 3' v3,cell,blood,COVID-19,https://datasets.cellxgene.cziscience.com/b0f4a940-ac61-4e82-8325-17d65ec7c4cc.h5ad,123471314,10.1016/j.immuni.2021.03.005,,0.0,False,0,0,0,0,0,0,False,False,False,False,False
ce009dc1-ac57-4386-b72f-5c575701c253,29f92179-ca10-4309-a32b-d383d80347c1,74 years old female - Airway Wash (6 days post-intubation),Longitudinal profiling of respiratory and systemic immune responses reveals myeloid cell-driven lung inflammation in severe COVID-19,2834,1,7,74.0,74.0,0.0,1,10x 3' v3,cell,respiratory airway,COVID-19,https://datasets.cellxgene.cziscience.com/dfa1787b-751e-414f-b63b-ba2521bbe066.h5ad,29031352,10.1016/j.immuni.2021.03.005,,0.0,False,0,0,0,0,0,0,False,False,False,False,False
cab0bc48-744c-461b-aaf4-7bf2cb7af00d,29f92179-ca10-4309-a32b-d383d80347c1,74 years old female - Fresh PBMCs (4 days post-intubation),Longitudinal profiling of respiratory and systemic immune responses reveals myeloid cell-driven lung inflammation in severe COVID-19,5080,1,7,74.0,74.0,0.0,1,10x 3' v3,cell,blood,COVID-19,https://datasets.cellxgene.cziscience.com/a9a647bf-00ee-4e37-89f9-a6b969ec2bbb.h5ad,47991581,10.1016/j.immuni.2021.03.005,,0.0,False,0,0,0,0,0,0,False,False,False,False,False
c874f155-9bf9-4928-b821-f52c876b3e48,29f92179-ca10-4309-a32b-d383d80347c1,49 years old male - Fresh PBMCs (1 day post-intubation),Longitudinal profiling of respiratory and systemic immune responses reveals myeloid cell-driven lung inflammation in severe COVID-19,4603,1,8,49.0,49.0,0.0,1,10x 3' v3,cell,blood,COVID-19,https://datasets.cellxgene.cziscience.com/1540e8df-de43-4075-ad0f-51b744328fc8.h5ad,57436087,10.1016/j.immuni.2021.03.005,,0.0,False,0,0,0,0,0,0,False,False,False,False,False
bd3e3487-c1e6-4298-b9de-8bdcf3f938d7,29f92179-ca10-4309-a32b-d383d80347c1,66 years old female - Airway Wash (2 days post-intubation),Longitudinal profiling of respiratory and systemic immune responses reveals myeloid cell-driven lung inflammation in severe COVID-19,7025,1,10,66.0,66.0,0.0,1,10x 3' v3,cell,respiratory airway,COVID-19,https://datasets.cellxgene.cziscience.com/f7bb4603-ba5d-442d-b2c0-e9ec6eec404e.h5ad,82571108,10.1016/j.immuni.2021.03.005,,0.0,False,0,0,0,0,0,0,False,False,False,False,False
b25f3834-69b3-4d87-a272-3938432d1f30,29f92179-ca10-4309-a32b-d383d80347c1,82 years old female - Airway Wash (1 day post-intubation),Longitudinal profiling of respiratory and systemic immune responses reveals myeloid cell-driven lung inflammation in severe COVID-19,1074,1,8,82.0,82.0,0.0,1,10x 3' v3,cell,respiratory airway,COVID-19,https://datasets.cellxgene.cziscience.com/e874de1a-c5e3-4880-a521-9d73df94cd09.h5ad,18455647,10.1016/j.immuni.2021.03.005,,0.0,False,0,0,0,0,0,0,False,False,False,False,False
a65bcc2d-4243-44c1-a262-ab7dcddfcf86,29f92179-ca10-4309-a32b-d383d80347c1,74 years old female - Airway Wash (7 days post-intubation),Longitudinal profiling of respiratory and systemic immune responses reveals myeloid cell-driven lung inflammation in severe COVID-19,810,1,8,74.0,74.0,0.0,1,10x 3' v3,cell,respiratory airway,COVID-19,https://datasets.cellxgene.cziscience.com/a43057c5-0fd2-4c6f-99fd-c5246706a4ee.h5ad,21311122,10.1016/j.immuni.2021.03.005,,0.0,False,0,0,0,0,0,0,False,False,False,False,False
8a554710-08bc-4005-87cd-da9675bdc2e7,29f92179-ca10-4309-a32b-d383d80347c1,82 years old female - Fresh PBMCs (1 day post-intubation),Longitudinal profiling of respiratory and systemic immune responses reveals myeloid cell-driven lung inflammation in severe COVID-19,4232,1,6,82.0,82.0,0.0,1,10x 3' v3,cell,blood,COVID-19,https://datasets.cellxgene.cziscience.com/53009781-a502-4798-a920-6cef20d5d4d0.h5ad,28459395,10.1016/j.immuni.2021.03.005,,0.0,False,0,0,0,0,0,0,False,False,False,False,False
881fe679-c6e0-45a3-9427-c4e81be6921f,29f92179-ca10-4309-a32b-d383d80347c1,66 years old female - Fresh PBMCs (2 days post-intubation),Longitudinal profiling of respiratory and systemic immune responses reveals myeloid cell-driven lung inflammation in severe COVID-19,7097,1,8,66.0,66.0,0.0,1,10x 3' v3,cell,blood,COVID-19,https://datasets.cellxgene.cziscience.com/782d3e93-b6a9-4788-a737-12d4d36471e5.h5ad,71023945,10.1016/j.immuni.2021.03.005,,0.0,False,0,0,0,0,0,0,False,False,False,False,False
84230ea4-998d-4aa8-8456-81dd54ce23af,29f92179-ca10-4309-a32b-d383d80347c1,74 years old female - Fresh PBMCs (3 days post-intubation),Longitudinal profiling of respiratory and systemic immune responses reveals myeloid cell-driven lung inflammation in severe COVID-19,5608,1,7,74.0,74.0,0.0,1,10x 3' v3,cell,blood,COVID-19,https://datasets.cellxgene.cziscience.com/3d23f000-8d9b-4432-86a0-be94e02af5c0.h5ad,56266622,10.1016/j.immuni.2021.03.005,,0.0,False,0,0,0,0,0,0,False,False,False,False,False
7d98cc44-b090-4dc8-804f-2750c84fe9d7,29f92179-ca10-4309-a32b-d383d80347c1,49 years old male - Airway Wash (1 day post-intubation),Longitudinal profiling of respiratory and systemic immune responses reveals myeloid cell-driven lung inflammation in severe COVID-19,2489,1,8,49.0,49.0,0.0,1,10x 3' v3,cell,respiratory airway,COVID-19,https://datasets.cellxgene.cziscience.com/746f0bf2-73c6-4a5d-aaaa-6c6457960b03.h5ad,26797017,10.1016/j.immuni.2021.03.005,,0.0,False,0,0,0,0,0,0,False,False,False,False,False
79ef1959-a6b4-4cac-82ca-30feaec48df1,29f92179-ca10-4309-a32b-d383d80347c1,74 years old female - Fresh PBMCs (7 days post-intubation),Longitudinal profiling of respiratory and systemic immune responses reveals myeloid cell-driven lung inflammation in severe COVID-19,4846,1,7,74.0,74.0,0.0,1,10x 3' v3,cell,blood,COVID-19,https://datasets.cellxgene.cziscience.com/77a03b07-adc5-4767-b8d2-bcc309e0805b.h5ad,57248636,10.1016/j.immuni.2021.03.005,,0.0,False,0,0,0,0,0,0,False,False,False,False,False
73b7d0aa-035f-4a15-9f1d-f56b70204591,29f92179-ca10-4309-a32b-d383d80347c1,66 years old female - Airway Wash (7 days post-intubation),Longitudinal profiling of respiratory and systemic immune responses reveals myeloid cell-driven lung inflammation in severe COVID-19,4594,1,8,66.0,66.0,0.0,1,10x 3' v3,cell,respiratory airway,COVID-19,https://datasets.cellxgene.cziscience.com/75061041-0c6f-478f-b163-558a93b39d4c.h5ad,54331614,10.1016/j.immuni.2021.03.005,,0.0,False,0,0,0,0,0,0,False,False,False,False,False
731e6380-879f-4b0b-9a1f-2150208852ef,29f92179-ca10-4309-a32b-d383d80347c1,74 years old female - Airway Wash (8 days post-intubation),Longitudinal profiling of respiratory and systemic immune responses reveals myeloid cell-driven lung inflammation in severe COVID-19,2065,1,9,74.0,74.0,0.0,1,10x 3' v3,cell,respiratory airway,COVID-19,https://datasets.cellxgene.cziscience.com/4aefb063-68ad-4398-87d3-88f8b7653055.h5ad,32311833,10.1016/j.immuni.2021.03.005,,0.0,False,0,0,0,0,0,0,False,False,False,False,False
62de80d7-e6c4-4ff0-ad4c-d3d36f57cb93,29f92179-ca10-4309-a32b-d383d80347c1,66 years old female - Airway Wash (4 days post-intubation),Longitudinal profiling of respiratory and systemic immune responses reveals myeloid cell-driven lung inflammation in severe COVID-19,2598,1,7,66.0,66.0,0.0,1,10x 3' v3,cell,respiratory airway,COVID-19,https://datasets.cellxgene.cziscience.com/a3893f0a-383f-40c6-8fe9-0f3bfa23fff5.h5ad,25814876,10.1016/j.immuni.2021.03.005,,0.0,False,0,0,0,0,0,0,False,False,False,False,False
51f476f7-b24d-42f3-8871-7dab3fa35e96,29f92179-ca10-4309-a32b-d383d80347c1,74 years old female - Airway Wash (4 days post-intubation),Longitudinal profiling of respiratory and systemic immune responses reveals myeloid cell-driven lung inflammation in severe COVID-19,4147,1,10,74.0,74.0,0.0,1,10x 3' v3,cell,respiratory airway,COVID-19,https://datasets.cellxgene.cziscience.com/5a03f69c-9772-48dd-ab0f-94a9bacb195b.h5ad,46227623,10.1016/j.immuni.2021.03.005,,0.0,False,0,0,0,0,0,0,False,False,False,False,False
50eb1e23-b8d4-4f76-a184-44e5541fa05a,29f92179-ca10-4309-a32b-d383d80347c1,74 years old female - Fresh PBMCs (8 days post-intubation),Longitudinal profiling of respiratory and systemic immune responses reveals myeloid cell-driven lung inflammation in severe COVID-19,4755,1,7,74.0,74.0,0.0,1,10x 3' v3,cell,blood,COVID-19,https://datasets.cellxgene.cziscience.com/03cbe617-07b1-4446-92a1-32e67284c6f6.h5ad,48721219,10.1016/j.immuni.2021.03.005,,0.0,False,0,0,0,0,0,0,False,False,False,False,False
492d9f77-c4c8-485d-92d7-7686fe6c8482,29f92179-ca10-4309-a32b-d383d80347c1,74 years old female - Airway Wash (3 days post-intubation),Longitudinal profiling of respiratory and systemic immune responses reveals myeloid cell-driven lung inflammation in severe COVID-19,5834,1,9,74.0,74.0,0.0,1,10x 3' v3,cell,respiratory airway,COVID-19,https://datasets.cellxgene.cziscience.com/68710c98-d3c8-4248-b597-a5022ad6a923.h5ad,84894061,10.1016/j.immuni.2021.03.005,,0.0,False,0,0,0,0,0,0,False,False,False,False,False
2f7230e7-4706-4924-b571-473fc1e52c30,29f92179-ca10-4309-a32b-d383d80347c1,74 years old female - Airway Wash (1 day post-intubation),Longitudinal profiling of respiratory and systemic immune responses reveals myeloid cell-driven lung inflammation in severe COVID-19,4651,1,10,74.0,74.0,0.0,1,10x 3' v3,cell,respiratory airway,COVID-19,https://datasets.cellxgene.cziscience.com/f4502422-93b1-483e-abc2-8e8fef20b54f.h5ad,69688388,10.1016/j.immuni.2021.03.005,,0.0,False,0,0,0,0,0,0,False,False,False,False,False
01c93cf6-b695-4e30-a26e-121ae8b16a9e,29f92179-ca10-4309-a32b-d383d80347c1,66 years old female - Fresh PBMCs (7 days post-intubation),Longitudinal profiling of respiratory and systemic immune responses reveals myeloid cell-driven lung inflammation in severe COVID-19,3726,1,8,66.0,66.0,0.0,1,10x 3' v3,cell,blood,COVID-19,https://datasets.cellxgene.cziscience.com/f3763141-fa08-4392-8a11-52a92f35ea71.h5ad,54321190,10.1016/j.immuni.2021.03.005,,0.0,False,0,0,0,0,0,0,False,False,False,False,False
105c7dad-0468-4628-a5be-2bb42c6a8ae4,125eef58-0f61-4963-9b08-53e851ab65fb,mature,Single-cell transcriptomes from human kidneys reveal the cellular identity of renal tumors,40268,13,26,1.5833333333333333,72.0,70.41666666666667,12,10x 3' v2,cell,cortex of kidney; kidney; kidney blood vessel; renal medulla; renal pelvis,normal,https://datasets.cellxgene.cziscience.com/b3831acc-a883-4564-b90f-18e53c6e7232.h5ad,231809772,10.1126/science.aat1699,kidney,1.0,True,0,0,0,0,5,0,False,True,False,False,True
ea01c125-67a7-4bd3-a8b0-e1b53a011b7e,13d1c580-4b17-4b2e-85c4-75b36917413f,wilms,Single cell derived mRNA signals across human kidney tumors,4636,1,4,,,,0,10x 3' v3,cell,kidney,Wilms tumor,https://datasets.cellxgene.cziscience.com/1e6690fa-f74a-4e75-951c-745b6564b666.h5ad,74548394,10.1038/s41467-021-23949-5,kidney,1.0,True,0,0,0,0,1,0,False,True,False,False,False
a51c6ece-5731-4128-8c1e-5060e80c69e4,13d1c580-4b17-4b2e-85c4-75b36917413f,fetal,Single cell derived mRNA signals across human kidney tumors,27197,6,23,,,,0,10x 3' v2,cell,kidney,normal,https://datasets.cellxgene.cziscience.com/60d82083-39be-4830-8019-b03c87f3e16a.h5ad,352482309,10.1038/s41467-021-23949-5,kidney,1.0,True,0,0,0,0,1,0,False,True,False,False,True
066943a2-fdac-4b29-b348-40cede398e4e,6f6d381a-7701-4781-935c-db10d30de293,An integrated cell atlas of the human lung in health and disease (core),The integrated Human Lung Cell Atlas,584944,107,50,10.0,76.0,66.0,45,10x 3' v1; 10x 3' v2; 10x 3' v3; 10x 5' v1; 10x 5' v2,cell,lung parenchyma; nose; respiratory airway,normal,https://datasets.cellxgene.cziscience.com/688185ad-11c2-4172-a53a-f4f1f4076860.h5ad,5873612847,10.1038/s41591-023-02327-2,,0.0,False,0,0,0,0,0,0,False,False,False,True,True
99950e99-2758-41d2-b2c9-643edcdf6d82,968834a0-1895-40df-8720-666029b3bbac,Single cell RNA sequencing of follicular lymphoma,Single cell RNA sequencing of follicular lymphoma,137147,23,18,,,,0,10x 5' v1,cell,lymph node,follicular lymphoma; normal,https://datasets.cellxgene.cziscience.com/61c4a85a-9897-42c4-9dc4-c3506639854d.h5ad,748803327,10.1158/2643-3230.BCD-21-0075,,0.0,False,0,0,0,0,0,0,False,False,False,False,True
ebc2e1ff-c8f9-466a-acf4-9d291afaf8b3,8f126edf-5405-4731-8374-b5ce11f53e82,"COMBAT project: single cell gene expression data from COVID-19, sepsis and flu patient PBMCs",A blood atlas of COVID-19 defines hallmarks of disease severity and specificity,836148,124,17,90.0,90.0,0.0,1,10x 5' v1,cell,blood,COVID-19; influenza; normal,https://datasets.cellxgene.cziscience.com/359ed2e3-7f6d-4ec4-9e4a-63113cfbcd84.h5ad,5596053567,10.1016/j.cell.2022.01.012,,0.0,False,0,0,0,0,0,0,False,False,False,False,True
32b9bdce-2481-4c85-ba1b-6ad5fcea844c,bcb61471-2a44-4d00-a0af-ff085512674c,Single-cell RNA-seq of the Adult Human Kidney (Version 1.0),An atlas of healthy and injured cell states and niches in the human kidney,107344,45,26,30.0,66.0,36.0,15,10x 3' v3,cell,kidney,acute kidney injury; chronic kidney disease; normal,https://datasets.cellxgene.cziscience.com/3ae68468-89f7-4941-a945-f7bae9b2cbea.h5ad,2188322452,10.1038/s41586-023-05769-3,kidney,1.0,True,0,0,0,0,1,0,False,False,False,False,True
0b75c598-0893-4216-afe8-5414cab7739d,bcb61471-2a44-4d00-a0af-ff085512674c,Integrated Single-nucleus and Single-cell RNA-seq of the Adult Human Kidney,An atlas of healthy and injured cell states and niches in the human kidney,304652,67,26,14.0,76.0,62.0,27,10x 3' v3,cell; nucleus,cortex of kidney; kidney; renal medulla; renal papilla,acute kidney injury; chronic kidney disease; normal,https://datasets.cellxgene.cziscience.com/4cd166f1-ef51-4137-869d-0a3688bc2bc8.h5ad,2959305098,10.1038/s41586-023-05769-3,kidney,1.0,True,0,0,0,0,4,0,False,False,False,True,True
07854d9c-5375-4a9b-ac34-fa919d3c3686,bcb61471-2a44-4d00-a0af-ff085512674c,Single-nucleus RNA-seq of the Adult Human Kidney (Version 1.0),An atlas of healthy and injured cell states and niches in the human kidney,172847,29,26,14.0,76.0,62.0,10,10x 3' v3,nucleus,cortex of kidney; renal medulla; renal papilla,acute kidney injury; chronic kidney disease; normal,https://datasets.cellxgene.cziscience.com/5dc03d39-ac5f-49e1-8630-a64d2e6e293b.h5ad,1567520311,10.1038/s41586-023-05769-3,kidney,1.0,True,0,0,0,0,3,0,False,False,False,False,True
de2c780c-1747-40bd-9ccf-9588ec186cee,4f889ffc-d4bc-4748-905b-8eb9db47a2ed,Immunophenotyping of COVID-19 and influenza highlights the role of type I interferons in development of severe COVID-19,Immunophenotyping of COVID-19 and influenza highlights the role of type I interferons in development of severe COVID-19,59572,17,14,38.0,82.0,44.0,14,10x 3' v3,cell,blood,COVID-19; influenza; normal,https://datasets.cellxgene.cziscience.com/5e491a70-a1ea-4469-9ffa-9ddff0ec3910.h5ad,278355800,10.1126/sciimmunol.abd1554,,0.0,False,0,0,0,0,0,0,False,False,False,False,True
cac02b79-9f54-4668-9235-60d3b76a4197,fc77d2ae-247d-44d7-aa24-3f4859254c2c,scRNA-seq analysis of non-ciliated epithelial cells of healthy human fallopian tubes,Cellular heterogeneity of human fallopian tubes in normal and hydrosalpinx disease states identified by scRNA-seq,14285,4,1,30.0,52.0,22.0,4,10x 3' v3,cell,ampulla of fallopian tube; fallopian tube; fimbria of fallopian tube; isthmus of fallopian tube,normal,https://datasets.cellxgene.cziscience.com/8e83e691-0abd-449f-a239-279e3527c713.h5ad,332284992,10.1101/2021.09.16.460628,,0.0,False,0,0,0,0,0,0,False,False,True,False,True
c6413315-7158-46c5-a5fd-7228385694f1,fc77d2ae-247d-44d7-aa24-3f4859254c2c,scRNA-seq analysis of healthy human fallopian tubes,Cellular heterogeneity of human fallopian tubes in normal and hydrosalpinx disease states identified by scRNA-seq,59738,4,12,30.0,52.0,22.0,4,10x 3' v3,cell,ampulla of fallopian tube; fallopian tube; fimbria of fallopian tube; isthmus of fallopian tube,normal,https://datasets.cellxgene.cziscience.com/7042bfe7-b541-4b31-ba8f-edf10a6cfea5.h5ad,979156278,10.1101/2021.09.16.460628,,0.0,False,0,0,0,0,0,0,False,False,False,False,True
b693123e-95e6-4331-8b50-f367489a767e,fc77d2ae-247d-44d7-aa24-3f4859254c2c,scRNA-seq analysis of human fallopian tubes in healthy Vs. hydrosalphinx states,Cellular heterogeneity of human fallopian tubes in normal and hydrosalpinx disease states identified by scRNA-seq,77536,6,12,30.0,52.0,22.0,6,10x 3' v3,cell,ampulla of fallopian tube; fallopian tube; fimbria of fallopian tube; isthmus of fallopian tube,hydrosalpinx; normal,https://datasets.cellxgene.cziscience.com/e0d216a8-4c9b-48cf-9fa5-2644b84d925e.h5ad,1291131896,10.1101/2021.09.16.460628,,0.0,False,0,0,0,0,0,0,False,False,False,False,True
acf818eb-f6d2-42b9-bb1d-475aa9cff2bb,fc77d2ae-247d-44d7-aa24-3f4859254c2c,scRNA-seq analysis of ciliated cells of healthy human fallopian tubes,Cellular heterogeneity of human fallopian tubes in normal and hydrosalpinx disease states identified by scRNA-seq,2798,4,1,30.0,52.0,22.0,4,10x 3' v3,cell,ampulla of fallopian tube; fallopian tube; fimbria of fallopian tube; isthmus of fallopian tube,normal,https://datasets.cellxgene.cziscience.com/9091328d-685e-49f4-b297-6165f879b974.h5ad,70780082,10.1101/2021.09.16.460628,,0.0,False,0,0,0,0,0,0,False,False,False,False,True
03c544fb-a103-4d18-9230-eae9cfee3af2,fc77d2ae-247d-44d7-aa24-3f4859254c2c,scRNA-seq analysis of stromal cells of healthy human fallopian tubes,Cellular heterogeneity of human fallopian tubes in normal and hydrosalpinx disease states identified by scRNA-seq,28691,4,6,30.0,52.0,22.0,4,10x 3' v3,cell,ampulla of fallopian tube; fallopian tube; fimbria of fallopian tube; isthmus of fallopian tube,normal,https://datasets.cellxgene.cziscience.com/f378fa91-16cb-42df-a1cb-b841d574acfc.h5ad,445306080,10.1101/2021.09.16.460628,,0.0,False,0,0,0,0,0,0,False,False,True,False,True
ddb22b3d-a75c-4dd1-9730-dff7fc8ca530,44531dd9-1388-4416-a117-af0a99de2294,Healthy human liver: integrated,"Single-Cell, Single-Nucleus, and Spatial RNA Sequencing of the Human Liver Identifies Cholangiocyte and Mesenchymal Heterogeneity",73295,4,12,,,,0,10x 3' v2; 10x 3' v3,cell; nucleus,caudate lobe of liver,normal,https://datasets.cellxgene.cziscience.com/135bdd30-d055-48fc-9578-6fe3a6df3c18.h5ad,807334051,10.1002/hep4.1854,liver,1.0,True,0,0,0,0,0,1,False,False,False,True,True
bf176af2-4432-4391-9b35-e21bd86ca4f8,44531dd9-1388-4416-a117-af0a99de2294,Healthy human liver: liver sinusoidal endothelial cells,"Single-Cell, Single-Nucleus, and Spatial RNA Sequencing of the Human Liver Identifies Cholangiocyte and Mesenchymal Heterogeneity",6289,4,3,,,,0,10x 3' v2; 10x 3' v3,cell; nucleus,caudate lobe of liver,normal,https://datasets.cellxgene.cziscience.com/b62ac0d4-9c11-414b-afee-df9c1fb4f4d0.h5ad,49844934,10.1002/hep4.1854,liver,1.0,True,0,0,0,0,0,1,False,False,True,False,True
a49d9109-1d0c-4b36-8139-19aa9a83428c,44531dd9-1388-4416-a117-af0a99de2294,Healthy human liver: lymphocytes,"Single-Cell, Single-Nucleus, and Spatial RNA Sequencing of the Human Liver Identifies Cholangiocyte and Mesenchymal Heterogeneity",2346,4,5,,,,0,10x 3' v2; 10x 3' v3,cell; nucleus,caudate lobe of liver,normal,https://datasets.cellxgene.cziscience.com/2eb8bb7e-93b7-413c-87fd-d099a6792daa.h5ad,15529293,10.1002/hep4.1854,liver,1.0,True,0,0,0,0,0,1,False,False,True,False,True
9f049476-2431-4645-a2d6-f6e85892b603,44531dd9-1388-4416-a117-af0a99de2294,Healthy human liver: cholangiocytes,"Single-Cell, Single-Nucleus, and Spatial RNA Sequencing of the Human Liver Identifies Cholangiocyte and Mesenchymal Heterogeneity",1861,4,3,,,,0,10x 3' v2; 10x 3' v3,cell; nucleus,caudate lobe of liver,normal,https://datasets.cellxgene.cziscience.com/66e4b618-9ac0-439f-a97d-4cf12bad7ef4.h5ad,26287568,10.1002/hep4.1854,liver,1.0,True,0,0,0,0,0,1,False,False,False,False,True
8faa2c07-0080-4627-b1d7-e645a780d752,44531dd9-1388-4416-a117-af0a99de2294,Healthy human liver: hepatocytes,"Single-Cell, Single-Nucleus, and Spatial RNA Sequencing of the Human Liver Identifies Cholangiocyte and Mesenchymal Heterogeneity",50259,4,4,,,,0,10x 3' v2; 10x 3' v3,cell; nucleus,caudate lobe of liver,normal,https://datasets.cellxgene.cziscience.com/69135db6-e52e-4ab7-8701-d4759ef14e0b.h5ad,640161373,10.1002/hep4.1854,liver,1.0,True,0,0,0,0,0,1,False,False,False,False,True
524e045e-e74c-4e00-9884-d5c3bef3d862,44531dd9-1388-4416-a117-af0a99de2294,Healthy human liver: hepatic stellate cells,"Single-Cell, Single-Nucleus, and Spatial RNA Sequencing of the Human Liver Identifies Cholangiocyte and Mesenchymal Heterogeneity",1374,4,3,,,,0,10x 3' v2; 10x 3' v3,cell; nucleus,caudate lobe of liver,normal,https://datasets.cellxgene.cziscience.com/c8bfe134-184b-402a-b2a4-8447e3487168.h5ad,15766149,10.1002/hep4.1854,liver,1.0,True,0,0,0,0,0,1,False,False,False,False,True
3b6ed41e-10a1-47dd-b995-8cde7d041fd6,44531dd9-1388-4416-a117-af0a99de2294,Healthy human liver: macrophages,"Single-Cell, Single-Nucleus, and Spatial RNA Sequencing of the Human Liver Identifies Cholangiocyte and Mesenchymal Heterogeneity",3977,4,2,,,,0,10x 3' v2; 10x 3' v3,cell; nucleus,caudate lobe of liver,normal,https://datasets.cellxgene.cziscience.com/22316ea6-bc10-4546-88ab-c5b3c420bdb5.h5ad,28025033,10.1002/hep4.1854,liver,1.0,True,0,0,0,0,0,1,False,False,False,False,True
0895c838-e550-48a3-a777-dbcd35d30272,44531dd9-1388-4416-a117-af0a99de2294,Healthy human liver: B cells,"Single-Cell, Single-Nucleus, and Spatial RNA Sequencing of the Human Liver Identifies Cholangiocyte and Mesenchymal Heterogeneity",146,4,2,,,,0,10x 3' v2; 10x 3' v3,cell; nucleus,caudate lobe of liver,normal,https://datasets.cellxgene.cziscience.com/0d5aa69f-1ad1-470f-9a1b-4a167da3b545.h5ad,5382428,10.1002/hep4.1854,liver,1.0,True,0,0,0,0,0,1,False,False,False,False,True
c7775e88-49bf-4ba2-a03b-93f00447c958,ddfad306-714d-4cc0-9985-d9072820c530,Single-cell multi-omics analysis of the immune response in COVID-19,Single-cell multi-omics analysis of the immune response in COVID-19,647366,120,46,21.0,92.0,71.0,39,10x 3' transcription profiling,cell,blood,COVID-19; normal; respiratory system disorder,https://datasets.cellxgene.cziscience.com/fe2e847c-1602-4f1b-86a4-112e4dc7a8e3.h5ad,7058204031,10.1038/s41591-021-01329-2,,0.0,False,0,0,0,0,0,0,False,False,False,False,True
ff77ee42-ed01-4e50-8413-4cea1f6fbcbc,8e880741-bf9a-4c8e-9227-934204631d2a,Spatial transcriptomics in the healthy human kidney: Puck_200903_10,High Resolution Slide-seqV2 Spatial Transcriptomics Enables Discovery of Disease-Specific Cell Neighborhoods and Pathways,38024,1,16,62.0,62.0,0.0,1,Slide-seqV2,na,cortex of kidney,normal,https://datasets.cellxgene.cziscience.com/b7ce15f0-03b9-4169-88a5-9132d074c7b3.h5ad,60442927,10.1016/j.isci.2022.104097,kidney,1.0,True,0,0,0,0,1,0,False,False,False,False,True
f425376b-bc86-44fd-936f-c43c0c64bf4f,8e880741-bf9a-4c8e-9227-934204631d2a,Spatial transcriptomics in the healthy human kidney: Puck_200104_19,High Resolution Slide-seqV2 Spatial Transcriptomics Enables Discovery of Disease-Specific Cell Neighborhoods and Pathways,27036,1,13,72.0,72.0,0.0,1,Slide-seqV2,na,cortex of kidney,normal,https://datasets.cellxgene.cziscience.com/075c4ff8-9e45-488c-9bec-7ed76b738f9f.h5ad,24319565,10.1016/j.isci.2022.104097,kidney,1.0,True,0,0,0,0,1,0,False,False,False,False,True
e6722845-9377-4b34-80a2-7921921e1396,8e880741-bf9a-4c8e-9227-934204631d2a,Spatial transcriptomics in the healthy human kidney: Merged,High Resolution Slide-seqV2 Spatial Transcriptomics Enables Discovery of Disease-Specific Cell Neighborhoods and Pathways,677256,9,14,50.0,72.0,22.0,8,Slide-seqV2,na,cortex of kidney; renal medulla,normal,https://datasets.cellxgene.cziscience.com/f51978b6-0fe1-4207-9df1-dc5b09581404.h5ad,858908117,10.1016/j.isci.2022.104097,kidney,1.0,True,0,0,0,0,2,0,False,False,False,False,True
df4f1358-4a19-44f5-b136-bc7274c29789,8e880741-bf9a-4c8e-9227-934204631d2a,Spatial transcriptomics in the healthy human kidney: Puck_200115_12,High Resolution Slide-seqV2 Spatial Transcriptomics Enables Discovery of Disease-Specific Cell Neighborhoods and Pathways,15196,1,9,54.0,54.0,0.0,1,Slide-seqV2,na,renal medulla,normal,https://datasets.cellxgene.cziscience.com/c32ccfa5-9e51-4f27-a46f-1eee61495fcb.h5ad,36919393,10.1016/j.isci.2022.104097,kidney,1.0,True,0,0,0,0,1,0,False,False,False,False,True
deb385b8-8030-42a4-af1f-aa28932c7344,8e880741-bf9a-4c8e-9227-934204631d2a,Spatial transcriptomics in the healthy human kidney: Puck_200115_06,High Resolution Slide-seqV2 Spatial Transcriptomics Enables Discovery of Disease-Specific Cell Neighborhoods and Pathways,23510,1,14,50.0,50.0,0.0,1,Slide-seqV2,na,cortex of kidney,normal,https://datasets.cellxgene.cziscience.com/4ee7334f-6e51-4f50-a3c0-100bbeab6b6f.h5ad,29935836,10.1016/j.isci.2022.104097,kidney,1.0,True,0,0,0,0,1,0,False,False,False,False,True
dd49aae6-274c-4d8b-9bf6-025627fdf39e,8e880741-bf9a-4c8e-9227-934204631d2a,Spatial transcriptomics in the healthy human kidney: Puck_200115_16,High Resolution Slide-seqV2 Spatial Transcriptomics Enables Discovery of Disease-Specific Cell Neighborhoods and Pathways,14495,1,12,62.0,62.0,0.0,1,Slide-seqV2,na,cortex of kidney,normal,https://datasets.cellxgene.cziscience.com/de1b3c9b-1861-4b2c-ac11-e01085006e88.h5ad,27067262,10.1016/j.isci.2022.104097,kidney,1.0,True,0,0,0,0,1,0,False,False,False,False,True
d98ea49e-b70d-4434-b850-bbe217c9b66e,8e880741-bf9a-4c8e-9227-934204631d2a,Spatial transcriptomics in the healthy human kidney: Puck_200115_17,High Resolution Slide-seqV2 Spatial Transcriptomics Enables Discovery of Disease-Specific Cell Neighborhoods and Pathways,15216,1,9,62.0,62.0,0.0,1,Slide-seqV2,na,renal medulla,normal,https://datasets.cellxgene.cziscience.com/4106a059-38e1-4eb2-b59c-caceb5235eba.h5ad,28187499,10.1016/j.isci.2022.104097,kidney,1.0,True,0,0,0,0,1,0,False,False,False,False,True
cb97280b-1c7c-4c55-a921-481062abd9f7,8e880741-bf9a-4c8e-9227-934204631d2a,Spatial transcriptomics in the healthy human kidney: Puck_200205_18,High Resolution Slide-seqV2 Spatial Transcriptomics Enables Discovery of Disease-Specific Cell Neighborhoods and Pathways,13782,1,17,75.0,75.0,0.0,1,Slide-seqV2,na,renal medulla,normal,https://datasets.cellxgene.cziscience.com/f842477f-5177-4948-a034-5c4dab5a7fe6.h5ad,20932847,10.1016/j.isci.2022.104097,kidney,1.0,True,0,0,0,0,1,0,False,False,False,False,True
c97f9167-f7f7-40d4-babf-a47663290c09,8e880741-bf9a-4c8e-9227-934204631d2a,Spatial transcriptomics in the healthy human kidney: Puck_200205_19,High Resolution Slide-seqV2 Spatial Transcriptomics Enables Discovery of Disease-Specific Cell Neighborhoods and Pathways,14186,1,18,75.0,75.0,0.0,1,Slide-seqV2,na,renal medulla,normal,https://datasets.cellxgene.cziscience.com/46e47576-028b-4611-a65d-d71f5e724590.h5ad,23513648,10.1016/j.isci.2022.104097,kidney,1.0,True,0,0,0,0,1,0,False,False,False,False,True
c2dec445-4116-4b6d-9253-a73f9516460f,8e880741-bf9a-4c8e-9227-934204631d2a,Spatial transcriptomics in the healthy human kidney: Puck_200115_09,High Resolution Slide-seqV2 Spatial Transcriptomics Enables Discovery of Disease-Specific Cell Neighborhoods and Pathways,20868,1,10,50.0,50.0,0.0,1,Slide-seqV2,na,renal medulla,normal,https://datasets.cellxgene.cziscience.com/eb99cb5d-9e83-47fc-a95f-8a502992ab14.h5ad,43667476,10.1016/j.isci.2022.104097,kidney,1.0,True,0,0,0,0,1,0,False,False,False,False,True
b627552d-c205-4ab3-b440-e08b3271d372,8e880741-bf9a-4c8e-9227-934204631d2a,Spatial transcriptomics in the healthy human kidney: Puck_200115_04,High Resolution Slide-seqV2 Spatial Transcriptomics Enables Discovery of Disease-Specific Cell Neighborhoods and Pathways,22502,1,9,56.0,56.0,0.0,1,Slide-seqV2,na,renal medulla,normal,https://datasets.cellxgene.cziscience.com/250e06c1-d4ce-48a7-8dab-07d252a1318f.h5ad,49358846,10.1016/j.isci.2022.104097,kidney,1.0,True,0,0,0,0,1,0,False,False,False,False,True
a5ecb41a-d1e8-4d6a-954c-30472a2f1007,8e880741-bf9a-4c8e-9227-934204631d2a,Spatial transcriptomics in the healthy human kidney: Puck_200113_11,High Resolution Slide-seqV2 Spatial Transcriptomics Enables Discovery of Disease-Specific Cell Neighborhoods and Pathways,19029,1,14,65.0,65.0,0.0,1,Slide-seqV2,na,cortex of kidney,normal,https://datasets.cellxgene.cziscience.com/6ca6c294-65e7-4bd2-98a4-4bff836a8881.h5ad,16523252,10.1016/j.isci.2022.104097,kidney,1.0,True,0,0,0,0,1,0,False,False,False,False,True
a5a6c83a-3afe-4a87-8c32-691118c46e51,8e880741-bf9a-4c8e-9227-934204631d2a,Spatial transcriptomics in the healthy human kidney: Puck_200113_09,High Resolution Slide-seqV2 Spatial Transcriptomics Enables Discovery of Disease-Specific Cell Neighborhoods and Pathways,13780,1,9,64.0,64.0,0.0,1,Slide-seqV2,na,renal medulla,normal,https://datasets.cellxgene.cziscience.com/6599b4ca-3a9b-47dd-9f01-84c01f51de94.h5ad,12420808,10.1016/j.isci.2022.104097,kidney,1.0,True,0,0,0,0,1,0,False,False,False,False,True
a1e16320-801b-4d0a-b60d-ebf9b4130bb4,8e880741-bf9a-4c8e-9227-934204631d2a,Spatial transcriptomics in the healthy human kidney: Puck_200903_11,High Resolution Slide-seqV2 Spatial Transcriptomics Enables Discovery of Disease-Specific Cell Neighborhoods and Pathways,40436,1,16,62.0,62.0,0.0,1,Slide-seqV2,na,cortex of kidney,normal,https://datasets.cellxgene.cziscience.com/45b947c3-ee92-4814-b715-7f2f2510a62a.h5ad,63137429,10.1016/j.isci.2022.104097,kidney,1.0,True,0,0,0,0,1,0,False,False,False,False,True
9df7a9ce-4298-4d65-9e89-33d83ac8bb69,8e880741-bf9a-4c8e-9227-934204631d2a,Spatial transcriptomics in the healthy human kidney: Puck_200903_12,High Resolution Slide-seqV2 Spatial Transcriptomics Enables Discovery of Disease-Specific Cell Neighborhoods and Pathways,35987,1,16,62.0,62.0,0.0,1,Slide-seqV2,na,renal medulla,normal,https://datasets.cellxgene.cziscience.com/961c1133-1b45-4f5a-83aa-c2a3ebf769e5.h5ad,69108327,10.1016/j.isci.2022.104097,kidney,1.0,True,0,0,0,0,1,0,False,False,False,False,True
99c400af-2a21-4937-9b84-cc1e52f7ba09,8e880741-bf9a-4c8e-9227-934204631d2a,Spatial transcriptomics in the healthy human kidney: Puck_200121_01,High Resolution Slide-seqV2 Spatial Transcriptomics Enables Discovery of Disease-Specific Cell Neighborhoods and Pathways,21054,1,13,65.0,65.0,0.0,1,Slide-seqV2,na,renal medulla,normal,https://datasets.cellxgene.cziscience.com/2f5368b4-4287-4ba9-9b34-2297073be92a.h5ad,22183579,10.1016/j.isci.2022.104097,kidney,1.0,True,0,0,0,0,1,0,False,False,False,False,True
90ef2377-e4d0-41c7-924f-6f9ee7a9237d,8e880741-bf9a-4c8e-9227-934204631d2a,Spatial transcriptomics in the healthy human kidney: Puck_200113_07,High Resolution Slide-seqV2 Spatial Transcriptomics Enables Discovery of Disease-Specific Cell Neighborhoods and Pathways,11456,1,13,64.0,64.0,0.0,1,Slide-seqV2,na,cortex of kidney,normal,https://datasets.cellxgene.cziscience.com/88d55d1c-04be-44cd-920e-9bf8d07973f8.h5ad,9696825,10.1016/j.isci.2022.104097,kidney,1.0,True,0,0,0,0,1,0,False,False,False,False,True
8c6f14c0-6162-4c2e-971f-510d7b766d7c,8e880741-bf9a-4c8e-9227-934204631d2a,Spatial transcriptomics in the healthy human kidney: Puck_200115_02,High Resolution Slide-seqV2 Spatial Transcriptomics Enables Discovery of Disease-Specific Cell Neighborhoods and Pathways,12444,1,14,56.0,56.0,0.0,1,Slide-seqV2,na,cortex of kidney,normal,https://datasets.cellxgene.cziscience.com/156bc4b2-5c7c-4a81-bbb2-20bc3d818833.h5ad,27412728,10.1016/j.isci.2022.104097,kidney,1.0,True,0,0,0,0,1,0,False,False,False,False,True
8c275f25-d8d9-40b2-a81d-498bf89c4677,8e880741-bf9a-4c8e-9227-934204631d2a,Spatial transcriptomics in the healthy human kidney: Puck_200115_14,High Resolution Slide-seqV2 Spatial Transcriptomics Enables Discovery of Disease-Specific Cell Neighborhoods and Pathways,18471,1,9,54.0,54.0,0.0,1,Slide-seqV2,na,renal medulla,normal,https://datasets.cellxgene.cziscience.com/c2941283-8900-4076-99e5-1263e3fe7d93.h5ad,35299272,10.1016/j.isci.2022.104097,kidney,1.0,True,0,0,0,0,1,0,False,False,False,False,True
88b7da92-178d-4f27-bc18-b0165b256c67,8e880741-bf9a-4c8e-9227-934204631d2a,Spatial transcriptomics in the healthy human kidney: Puck_200903_13,High Resolution Slide-seqV2 Spatial Transcriptomics Enables Discovery of Disease-Specific Cell Neighborhoods and Pathways,44588,1,15,62.0,62.0,0.0,1,Slide-seqV2,na,renal medulla,normal,https://datasets.cellxgene.cziscience.com/69ecc4ce-5bb2-4f2c-9ce7-15452392d140.h5ad,89927673,10.1016/j.isci.2022.104097,kidney,1.0,True,0,0,0,0,1,0,False,False,False,False,True
7f479f74-5a7e-4666-9f0d-3af0b341eb0d,8e880741-bf9a-4c8e-9227-934204631d2a,Spatial transcriptomics in the healthy human kidney: Puck_200104_20,High Resolution Slide-seqV2 Spatial Transcriptomics Enables Discovery of Disease-Specific Cell Neighborhoods and Pathways,28422,1,13,72.0,72.0,0.0,1,Slide-seqV2,na,cortex of kidney,normal,https://datasets.cellxgene.cziscience.com/76c545f3-bbad-4eee-ac09-3456b10eedb7.h5ad,28752112,10.1016/j.isci.2022.104097,kidney,1.0,True,0,0,0,0,1,0,False,False,False,False,True
7139f99f-c610-43b8-bb06-4280acb1c987,8e880741-bf9a-4c8e-9227-934204631d2a,Spatial transcriptomics in the healthy human kidney: Puck_200113_08,High Resolution Slide-seqV2 Spatial Transcriptomics Enables Discovery of Disease-Specific Cell Neighborhoods and Pathways,23145,1,13,64.0,64.0,0.0,1,Slide-seqV2,na,cortex of kidney,normal,https://datasets.cellxgene.cziscience.com/65e0e68b-8c56-4a0b-9b9b-7a5d324d4f35.h5ad,17635545,10.1016/j.isci.2022.104097,kidney,1.0,True,0,0,0,0,1,0,False,False,False,False,True
6ebb6e9b-efd0-4e02-a49a-4bf3c732203b,8e880741-bf9a-4c8e-9227-934204631d2a,Spatial transcriptomics in the healthy human kidney: Puck_200104_18,High Resolution Slide-seqV2 Spatial Transcriptomics Enables Discovery of Disease-Specific Cell Neighborhoods and Pathways,17704,1,9,53.0,53.0,0.0,1,Slide-seqV2,na,renal medulla,normal,https://datasets.cellxgene.cziscience.com/0dfd189e-e819-42ff-af87-9472b0f0c698.h5ad,27155005,10.1016/j.isci.2022.104097,kidney,1.0,True,0,0,0,0,1,0,False,False,False,False,True
6d62fc4d-052e-4bb4-92ed-55785502a02c,8e880741-bf9a-4c8e-9227-934204631d2a,Spatial transcriptomics in the healthy human kidney: Puck_200115_18,High Resolution Slide-seqV2 Spatial Transcriptomics Enables Discovery of Disease-Specific Cell Neighborhoods and Pathways,24675,1,14,62.0,62.0,0.0,1,Slide-seqV2,na,renal medulla,normal,https://datasets.cellxgene.cziscience.com/eab7fb88-20d3-41b5-9871-eb885d69415a.h5ad,29719531,10.1016/j.isci.2022.104097,kidney,1.0,True,0,0,0,0,1,0,False,False,False,False,True
6a7c4462-334e-45a4-8aa4-28d3733bbbac,8e880741-bf9a-4c8e-9227-934204631d2a,Spatial transcriptomics in the healthy human kidney: Puck_200121_03,High Resolution Slide-seqV2 Spatial Transcriptomics Enables Discovery of Disease-Specific Cell Neighborhoods and Pathways,18730,1,13,65.0,65.0,0.0,1,Slide-seqV2,na,renal medulla,normal,https://datasets.cellxgene.cziscience.com/f71d0a0b-a6e6-400f-ab3a-0f540b9906fa.h5ad,22291754,10.1016/j.isci.2022.104097,kidney,1.0,True,0,0,0,0,1,0,False,False,False,False,True
5f84ba14-4431-4d49-a88f-514cad5a30c8,8e880741-bf9a-4c8e-9227-934204631d2a,Spatial transcriptomics in the healthy human kidney: Puck_200104_21,High Resolution Slide-seqV2 Spatial Transcriptomics Enables Discovery of Disease-Specific Cell Neighborhoods and Pathways,22852,1,13,72.0,72.0,0.0,1,Slide-seqV2,na,renal medulla,normal,https://datasets.cellxgene.cziscience.com/f8346973-846e-4093-8012-c8b027d2d4b9.h5ad,18007876,10.1016/j.isci.2022.104097,kidney,1.0,True,0,0,0,0,1,0,False,False,False,False,True
5c451b91-eb50-47f9-a268-467018a09023,8e880741-bf9a-4c8e-9227-934204631d2a,Spatial transcriptomics in the healthy human kidney: Puck_200205_16,High Resolution Slide-seqV2 Spatial Transcriptomics Enables Discovery of Disease-Specific Cell Neighborhoods and Pathways,13147,1,17,75.0,75.0,0.0,1,Slide-seqV2,na,cortex of kidney,normal,https://datasets.cellxgene.cziscience.com/e29f8045-4a24-49ce-80dd-c27708dc5ebe.h5ad,19362977,10.1016/j.isci.2022.104097,kidney,1.0,True,0,0,0,0,1,0,False,False,False,False,True
55158af8-7de6-48d5-8aa3-0088ebd7cd4a,8e880741-bf9a-4c8e-9227-934204631d2a,Spatial transcriptomics in the healthy human kidney: Puck_200104_23,High Resolution Slide-seqV2 Spatial Transcriptomics Enables Discovery of Disease-Specific Cell Neighborhoods and Pathways,16234,1,10,72.0,72.0,0.0,1,Slide-seqV2,na,renal medulla,normal,https://datasets.cellxgene.cziscience.com/b6e0a0ec-fcce-4039-a61f-525d80d2d690.h5ad,18182737,10.1016/j.isci.2022.104097,kidney,1.0,True,0,0,0,0,1,0,False,False,False,False,True
53ea4f06-0319-4b13-8e9d-e2581023aab7,8e880741-bf9a-4c8e-9227-934204631d2a,Spatial transcriptomics in the healthy human kidney: Puck_200104_17,High Resolution Slide-seqV2 Spatial Transcriptomics Enables Discovery of Disease-Specific Cell Neighborhoods and Pathways,17777,1,9,53.0,53.0,0.0,1,Slide-seqV2,na,renal medulla,normal,https://datasets.cellxgene.cziscience.com/e707ed25-2403-4539-9ef3-67179d154bbe.h5ad,26802280,10.1016/j.isci.2022.104097,kidney,1.0,True,0,0,0,0,1,0,False,False,False,False,True
51e353b3-c8fe-4e8c-b912-e75c9bc28a66,8e880741-bf9a-4c8e-9227-934204631d2a,Spatial transcriptomics in the healthy human kidney: Puck_200115_15,High Resolution Slide-seqV2 Spatial Transcriptomics Enables Discovery of Disease-Specific Cell Neighborhoods and Pathways,20245,1,13,62.0,62.0,0.0,1,Slide-seqV2,na,cortex of kidney,normal,https://datasets.cellxgene.cziscience.com/3bcc27f3-8e80-4ce5-992e-177690a67394.h5ad,32599803,10.1016/j.isci.2022.104097,kidney,1.0,True,0,0,0,0,1,0,False,False,False,False,True
4ebe33a1-c8ba-4238-9724-bd8b3a977521,8e880741-bf9a-4c8e-9227-934204631d2a,Spatial transcriptomics in the healthy human kidney: Puck_200131_26,High Resolution Slide-seqV2 Spatial Transcriptomics Enables Discovery of Disease-Specific Cell Neighborhoods and Pathways,17909,1,19,64.0,64.0,0.0,1,Slide-seqV2,na,renal medulla,normal,https://datasets.cellxgene.cziscience.com/158413b4-8845-42f3-8b69-2c1ef646edcb.h5ad,30450660,10.1016/j.isci.2022.104097,kidney,1.0,True,0,0,0,0,1,0,False,False,False,False,True
4d31941b-7abc-4963-bf0c-2021998bc3bc,8e880741-bf9a-4c8e-9227-934204631d2a,Spatial transcriptomics in the healthy human kidney: Puck_200115_11,High Resolution Slide-seqV2 Spatial Transcriptomics Enables Discovery of Disease-Specific Cell Neighborhoods and Pathways,25166,1,14,54.0,54.0,0.0,1,Slide-seqV2,na,cortex of kidney,normal,https://datasets.cellxgene.cziscience.com/5851a61d-37de-47ff-b485-ea32bb501fae.h5ad,33455426,10.1016/j.isci.2022.104097,kidney,1.0,True,0,0,0,0,1,0,False,False,False,False,True
43600c3c-6aa4-490a-bf80-bd74a52edfa4,8e880741-bf9a-4c8e-9227-934204631d2a,Spatial transcriptomics in the healthy human kidney: Puck_200104_16,High Resolution Slide-seqV2 Spatial Transcriptomics Enables Discovery of Disease-Specific Cell Neighborhoods and Pathways,23857,1,14,53.0,53.0,0.0,1,Slide-seqV2,na,cortex of kidney,normal,https://datasets.cellxgene.cziscience.com/b4c1ed41-1a18-4941-b7ed-cfecc5ad5c8f.h5ad,17641965,10.1016/j.isci.2022.104097,kidney,1.0,True,0,0,0,0,1,0,False,False,False,False,True
3bf0da2c-f0d7-4078-a152-d6a4f97ea43f,8e880741-bf9a-4c8e-9227-934204631d2a,Spatial transcriptomics in the healthy human kidney: Puck_200205_17,High Resolution Slide-seqV2 Spatial Transcriptomics Enables Discovery of Disease-Specific Cell Neighborhoods and Pathways,10419,1,17,75.0,75.0,0.0,1,Slide-seqV2,na,cortex of kidney,normal,https://datasets.cellxgene.cziscience.com/8ee09e7e-fda8-4083-8fa6-a48e2075360d.h5ad,16472577,10.1016/j.isci.2022.104097,kidney,1.0,True,0,0,0,0,1,0,False,False,False,False,True
3679ae7d-d70e-4c09-a8bb-78b8ae1006ff,8e880741-bf9a-4c8e-9227-934204631d2a,Spatial transcriptomics in the healthy human kidney: Puck_200131_25,High Resolution Slide-seqV2 Spatial Transcriptomics Enables Discovery of Disease-Specific Cell Neighborhoods and Pathways,10701,1,14,64.0,64.0,0.0,1,Slide-seqV2,na,cortex of kidney,normal,https://datasets.cellxgene.cziscience.com/26054225-a6a0-4923-b2ae-1e9e72377093.h5ad,11701171,10.1016/j.isci.2022.104097,kidney,1.0,True,0,0,0,0,1,0,False,False,False,False,True
34cb364a-c405-478e-8cdd-48a69ae5c5b4,8e880741-bf9a-4c8e-9227-934204631d2a,Spatial transcriptomics in the healthy human kidney: Puck_200115_05,High Resolution Slide-seqV2 Spatial Transcriptomics Enables Discovery of Disease-Specific Cell Neighborhoods and Pathways,29921,1,13,50.0,50.0,0.0,1,Slide-seqV2,na,cortex of kidney,normal,https://datasets.cellxgene.cziscience.com/57b08425-84a7-472e-84a7-98d21f7fcecf.h5ad,35285297,10.1016/j.isci.2022.104097,kidney,1.0,True,0,0,0,0,1,0,False,False,False,False,True
2d4998cf-bd56-4e59-b57d-a04682a36ab1,8e880741-bf9a-4c8e-9227-934204631d2a,Spatial transcriptomics in the healthy human kidney: Puck_200115_03,High Resolution Slide-seqV2 Spatial Transcriptomics Enables Discovery of Disease-Specific Cell Neighborhoods and Pathways,20866,1,9,56.0,56.0,0.0,1,Slide-seqV2,na,renal medulla,normal,https://datasets.cellxgene.cziscience.com/a8dfd47b-0b2c-444d-98f3-bcd3258b9bde.h5ad,35131893,10.1016/j.isci.2022.104097,kidney,1.0,True,0,0,0,0,1,0,False,False,False,False,True
28ab6eb8-dfa4-4536-9f26-7e06c1b98e8e,8e880741-bf9a-4c8e-9227-934204631d2a,Spatial transcriptomics in the healthy human kidney: Puck_200104_15,High Resolution Slide-seqV2 Spatial Transcriptomics Enables Discovery of Disease-Specific Cell Neighborhoods and Pathways,25741,1,14,53.0,53.0,0.0,1,Slide-seqV2,na,cortex of kidney,normal,https://datasets.cellxgene.cziscience.com/43a0b9a2-c3cf-4e4a-95ed-457cdddc5023.h5ad,29041800,10.1016/j.isci.2022.104097,kidney,1.0,True,0,0,0,0,1,0,False,False,False,False,True
141b77bf-65b5-47d3-b860-d9ef25caa0e0,8e880741-bf9a-4c8e-9227-934204631d2a,Spatial transcriptomics in the healthy human kidney: Puck_200131_24,High Resolution Slide-seqV2 Spatial Transcriptomics Enables Discovery of Disease-Specific Cell Neighborhoods and Pathways,12488,1,14,64.0,64.0,0.0,1,Slide-seqV2,na,cortex of kidney,normal,https://datasets.cellxgene.cziscience.com/4b9c159d-3ca4-4418-af53-3f76c4d14b8b.h5ad,16768742,10.1016/j.isci.2022.104097,kidney,1.0,True,0,0,0,0,1,0,False,False,False,False,True
0f68a90c-afc0-46dc-ad88-cf63a9fc5b56,8e880741-bf9a-4c8e-9227-934204631d2a,Spatial transcriptomics in the healthy human kidney: Puck_200205_13,High Resolution Slide-seqV2 Spatial Transcriptomics Enables Discovery of Disease-Specific Cell Neighborhoods and Pathways,12531,1,17,64.0,64.0,0.0,1,Slide-seqV2,na,renal medulla,normal,https://datasets.cellxgene.cziscience.com/f304b4d1-be63-469b-ac9a-d5dd5c0bc534.h5ad,18900648,10.1016/j.isci.2022.104097,kidney,1.0,True,0,0,0,0,1,0,False,False,False,False,True
0d049f5a-19b1-4055-a377-011a9570032c,8e880741-bf9a-4c8e-9227-934204631d2a,Spatial transcriptomics in the healthy human kidney: Puck_200115_07,High Resolution Slide-seqV2 Spatial Transcriptomics Enables Discovery of Disease-Specific Cell Neighborhoods and Pathways,23921,1,10,50.0,50.0,0.0,1,Slide-seqV2,na,renal medulla,normal,https://datasets.cellxgene.cziscience.com/13933209-0aa6-4c71-9273-57d6708f1324.h5ad,41651278,10.1016/j.isci.2022.104097,kidney,1.0,True,0,0,0,0,1,0,False,False,False,False,True
0ae96eac-ff08-4870-9bc3-cd12418af7e4,8e880741-bf9a-4c8e-9227-934204631d2a,Spatial transcriptomics in the healthy human kidney: Puck_200115_01,High Resolution Slide-seqV2 Spatial Transcriptomics Enables Discovery of Disease-Specific Cell Neighborhoods and Pathways,29769,1,14,56.0,56.0,0.0,1,Slide-seqV2,na,cortex of kidney,normal,https://datasets.cellxgene.cziscience.com/4e1189cd-942a-4e79-8a01-489446126a86.h5ad,36871861,10.1016/j.isci.2022.104097,kidney,1.0,True,0,0,0,0,1,0,False,False,False,False,True
0738f538-ff2f-4346-b2eb-72704c291188,8e880741-bf9a-4c8e-9227-934204631d2a,Spatial transcriptomics in the healthy human kidney: Puck_200113_12,High Resolution Slide-seqV2 Spatial Transcriptomics Enables Discovery of Disease-Specific Cell Neighborhoods and Pathways,14010,1,13,65.0,65.0,0.0,1,Slide-seqV2,na,cortex of kidney,normal,https://datasets.cellxgene.cziscience.com/59ce0305-5938-4cb8-85ed-3cbe987552d8.h5ad,12735535,10.1016/j.isci.2022.104097,kidney,1.0,True,0,0,0,0,1,0,False,False,False,False,True
0737011b-45a6-49f6-8b5a-b85c35160bac,8e880741-bf9a-4c8e-9227-934204631d2a,Spatial transcriptomics in the healthy human kidney: Puck_200113_10,High Resolution Slide-seqV2 Spatial Transcriptomics Enables Discovery of Disease-Specific Cell Neighborhoods and Pathways,18377,1,9,64.0,64.0,0.0,1,Slide-seqV2,na,renal medulla,normal,https://datasets.cellxgene.cziscience.com/2bbe262b-5f52-4280-bd86-da4c7aa48276.h5ad,26296443,10.1016/j.isci.2022.104097,kidney,1.0,True,0,0,0,0,1,0,False,False,False,False,True
02f8bb42-0322-4906-b9ad-b92a5ce73a2d,8e880741-bf9a-4c8e-9227-934204631d2a,Spatial transcriptomics in the healthy human kidney: Puck_200115_10,High Resolution Slide-seqV2 Spatial Transcriptomics Enables Discovery of Disease-Specific Cell Neighborhoods and Pathways,19421,1,14,54.0,54.0,0.0,1,Slide-seqV2,na,cortex of kidney,normal,https://datasets.cellxgene.cziscience.com/bf10685a-8c41-4a58-aa77-f9de361704dc.h5ad,28901116,10.1016/j.isci.2022.104097,kidney,1.0,True,0,0,0,0,1,0,False,False,False,False,True
ae4f8ddd-cac9-4172-9681-2175da462f2e,c8565c6a-01a1-435b-a549-f11b452a83a8,Second Trimester Human Developing Brain Regions and Cortical Areas,Human developing neocortex by area,457965,13,10,,,,0,10x 3' v2,cell,parietal cortex; prefrontal cortex; primary motor cortex; primary somatosensory cortex; primary visual cortex; temporal cortex,normal,https://datasets.cellxgene.cziscience.com/78cf8dfa-3bca-44bd-8207-997118dfd15d.h5ad,6850707445,10.1038/s41586-021-03910-8,brain,0.3333333333333333,True,0,2,0,0,0,0,False,False,False,False,True
218acb0f-9f2f-4f76-b90b-15a4b7c7f629,436154da-bcf1-4130-9c8b-120ff9a888f2,multiplexed scRNA-seq of 1.2 million PBMCs from adult lupus samples,Single-cell RNA-seq reveals the cell-type-specific molecular and genetic associations to lupus,1263676,261,11,20.0,83.0,63.0,55,10x 3' v2,cell,blood,normal; systemic lupus erythematosus,https://datasets.cellxgene.cziscience.com/c55dc602-d168-4d15-acc1-5de4f2f5d551.h5ad,12218105530,10.1126/science.abf1970,,0.0,False,0,0,0,0,0,0,False,False,False,False,True
0129dbd9-a7d3-4f6b-96b9-1da155a93748,af893e86-8e9f-41f1-a474-ef05359b1fb7,All major cell types in adult human retina,Single-cell transcriptomic atlas for adult human retina,244474,6,6,65.0,84.0,19.0,5,10x 3' v3,nucleus,fovea centralis; macula lutea proper; peripheral region of retina,normal,https://datasets.cellxgene.cziscience.com/7f2413c4-38c2-4559-a959-e649e2118586.h5ad,18859417847,10.1016/j.xgen.2023.100298,retina,1.0,True,3,0,0,0,0,0,False,False,False,False,True
ed419b4e-db9b-40f1-8593-68fdf8dfb076,af893e86-8e9f-41f1-a474-ef05359b1fb7,Non-neuronal cells in human retina,Single-cell transcriptomic atlas for adult human retina,18011,6,4,65.0,84.0,19.0,5,10x 3' v3,nucleus,fovea centralis; macula lutea proper; peripheral region of retina,normal,https://datasets.cellxgene.cziscience.com/c8da6eeb-84d7-4379-a332-1bf6107859d6.h5ad,1433774383,10.1016/j.xgen.2023.100298,retina,1.0,True,3,0,0,0,0,0,False,False,False,False,True
aad97cb5-f375-45ef-ae9d-178e7f5d5180,af893e86-8e9f-41f1-a474-ef05359b1fb7,Retinal ganglion cells in human retina,Single-cell transcriptomic atlas for adult human retina,11617,6,1,65.0,84.0,19.0,5,10x 3' v3,nucleus,fovea centralis; macula lutea proper; peripheral region of retina,normal,https://datasets.cellxgene.cziscience.com/9db639c3-5c9c-4b8f-b285-25ed5d335417.h5ad,806170493,10.1016/j.xgen.2023.100298,retina,1.0,True,3,0,0,0,0,0,False,False,True,False,True
8f10185b-e0b3-46a5-8706-7f1799225d79,af893e86-8e9f-41f1-a474-ef05359b1fb7,Bipolar cells in human retina,Single-cell transcriptomic atlas for adult human retina,53040,6,2,65.0,84.0,19.0,5,10x 3' v3,nucleus,fovea centralis; macula lutea proper; peripheral region of retina,normal,https://datasets.cellxgene.cziscience.com/45e411d4-c103-4c28-84a9-cb5320f873ba.h5ad,3168171879,10.1016/j.xgen.2023.100298,retina,1.0,True,3,0,0,0,0,0,False,False,True,False,True
359f7af4-87d4-4117-9d6c-ca4cfa1f3f0b,af893e86-8e9f-41f1-a474-ef05359b1fb7,Amacrine cells in human retina,Single-cell transcriptomic atlas for adult human retina,56507,6,1,65.0,84.0,19.0,5,10x 3' v3,nucleus,fovea centralis; macula lutea proper; peripheral region of retina,normal,https://datasets.cellxgene.cziscience.com/e3c7aa91-5edd-416e-965e-17bef75462d4.h5ad,3480337646,10.1016/j.xgen.2023.100298,retina,1.0,True,3,0,0,0,0,0,False,False,True,False,True
11ef37ee-2173-458e-aab8-7fe35da8e47b,af893e86-8e9f-41f1-a474-ef05359b1fb7,Horizontal cells in human retina,Single-cell transcriptomic atlas for adult human retina,7348,6,1,65.0,84.0,19.0,5,10x 3' v3,nucleus,fovea centralis; macula lutea proper; peripheral region of retina,normal,https://datasets.cellxgene.cziscience.com/5903aa1b-c323-4ae0-abfc-8100e2eba799.h5ad,416349451,10.1016/j.xgen.2023.100298,retina,1.0,True,3,0,0,0,0,0,False,False,False,False,True
00e5dedd-b9b7-43be-8c28-b0e5c6414a62,af893e86-8e9f-41f1-a474-ef05359b1fb7,Photoreceptor cells in human retina (rod cells downsampled),Single-cell transcriptomic atlas for adult human retina,21422,6,2,65.0,84.0,19.0,5,10x 3' v3,nucleus,fovea centralis; macula lutea proper; peripheral region of retina,normal,https://datasets.cellxgene.cziscience.com/3d0dcefd-cdf2-4b12-89df-c871e9a3c4b8.h5ad,1393176026,10.1016/j.xgen.2023.100298,retina,1.0,True,3,0,0,0,0,0,False,False,False,False,True
86b37b3c-1e5e-46a9-aecc-2d95b6a38d4b,4f586cb6-972b-4ef7-a4ef-3c3800a3c004,Human cortical expansion involves diversification and specialization of supragranular intratelencephalic-projecting neurons,Human cortical expansion involves diversification and specialization of supragranular intratelencephalic-projecting neurons,385,82,1,18.0,73.0,55.0,43,Patch-seq,cell,frontal cortex; occipital cortex; parietal cortex; temporal cortex,brain neoplasm; encephalomyelitis; epilepsy; hydrocephalus,https://datasets.cellxgene.cziscience.com/28ef397e-0819-4354-a52b-72ae20ef245b.h5ad,30611027,10.1038/s41586-021-03813-8,brain,0.5,True,0,2,0,0,0,0,False,False,False,False,False
3de0ad6d-4378-4f62-b37b-ec0b75a50d94,625f6bf4-2f33-4942-962e-35243d284837,Single-cell multiomic profiling of human lungs across age groups,LungMAP — Human data from a broad age healthy donor group,46500,9,28,3.0,31.0,28.0,2,10x 3' v3,nucleus,lung,normal,https://datasets.cellxgene.cziscience.com/92167705-4b81-4c4b-a0b5-abe08910415e.h5ad,340444649,10.7554/eLife.62522,,0.0,False,0,0,0,0,0,0,False,False,False,False,True
01ad3cd7-3929-4654-84c0-6db05bd5fd59,7d7cabfd-1d1f-40af-96b7-26a0825a306d,Type I interferon autoantibodies are associated with systemic immune alterations in patients with COVID-19,Type I interferon autoantibodies are associated with systemic immune alterations in patients with COVID-19,600929,80,11,25.0,86.0,61.0,42,10x 5' transcription profiling,cell,blood,COVID-19; normal; respiratory system disorder,https://datasets.cellxgene.cziscience.com/d8c1db06-c05d-4412-ae76-1c500ac6a025.h5ad,6309922729,10.1126/scitranslmed.abh2624,,0.0,False,0,0,0,0,0,0,False,False,False,False,True
df287f8d-f50d-4620-ab96-489d559e6adc,fbc5881f-1ee3-4ffe-8095-35e15e1a08fc,Urethral luminal epithelia are castration-insensitive cells of the proximal prostate - Human Fibromuscular Stromal Cells,Urethral luminal epithelia are castration-insensitive cells of the proximal prostate,1295,6,2,29.0,74.0,45.0,5,10x 3' v2,cell,peripheral zone of prostate; transition zone of prostate,benign prostatic hyperplasia; normal,https://datasets.cellxgene.cziscience.com/e40631f0-6e39-4c21-8c5a-aa8077400bb1.h5ad,16056665,10.1002/pros.24020,,0.0,False,0,0,0,0,0,0,False,False,True,False,True
88c483bf-477d-4be5-90d3-4fb101dd601f,fbc5881f-1ee3-4ffe-8095-35e15e1a08fc,Urethral luminal epithelia are castration-insensitive cells of the proximal prostate - Human Epithelial Cells,Urethral luminal epithelia are castration-insensitive cells of the proximal prostate,25186,6,5,29.0,74.0,45.0,5,10x 3' v2,cell,peripheral zone of prostate; transition zone of prostate,benign prostatic hyperplasia; normal,https://datasets.cellxgene.cziscience.com/b4b41921-bb1d-4c49-80bc-25d5612283f4.h5ad,252598412,10.1002/pros.24020,,0.0,False,0,0,0,0,0,0,False,False,True,False,True
8b2e5453-faf7-46ea-9073-aea69b283cb7,fbc5881f-1ee3-4ffe-8095-35e15e1a08fc,Urethral luminal epithelia are castration-insensitive cells of the proximal prostate - All Human Cells,Urethral luminal epithelia are castration-insensitive cells of the proximal prostate,28847,6,9,29.0,74.0,45.0,5,10x 3' v2,cell,peripheral zone of prostate; transition zone of prostate,benign prostatic hyperplasia; normal,https://datasets.cellxgene.cziscience.com/b11b78b1-af0f-45d2-986c-bfaaa96d1291.h5ad,287478176,10.1002/pros.24020,,0.0,False,0,0,0,0,0,0,False,False,False,False,True
d3a83885-5198-4b04-8314-b753b66ef9a8,4b54248f-2165-477c-a027-dd55082e8818,Single cell analysis of mouse and human prostate reveals novel fibroblasts with specialized distribution and microenvironment interactions - Human Leukocyte Cells,Single cell analysis of mouse and human prostate reveals novel fibroblasts with specialized distribution and microenvironment interactions,19037,9,15,29.0,81.0,52.0,8,10x 3' v2; 10x 3' v3,cell,peripheral zone of prostate; transition zone of prostate,benign prostatic hyperplasia; normal,https://datasets.cellxgene.cziscience.com/e2921723-50a9-4b84-a8b5-96cf178c6f1e.h5ad,264288610,10.1002/path.5751,,0.0,False,0,0,0,0,0,0,False,False,False,False,True
5ba85070-a41c-4184-9c18-cf34c3fd0f62,4b54248f-2165-477c-a027-dd55082e8818,Single cell analysis of mouse and human prostate reveals novel fibroblasts with specialized distribution and microenvironment interactions - Human Fibromuscular Stromal Cells,Single cell analysis of mouse and human prostate reveals novel fibroblasts with specialized distribution and microenvironment interactions,10742,9,5,29.0,81.0,52.0,8,10x 3' v2; 10x 3' v3,cell,peripheral zone of prostate; transition zone of prostate,benign prostatic hyperplasia; normal,https://datasets.cellxgene.cziscience.com/aa41e7a2-4e49-4023-9410-94ed26a656b0.h5ad,167949244,10.1002/path.5751,,0.0,False,0,0,0,0,0,0,False,False,True,False,True
dd018fc0-8da7-4033-a2ba-6b47de8ebb4f,4b54248f-2165-477c-a027-dd55082e8818,Single cell analysis of mouse and human prostate reveals novel fibroblasts with specialized distribution and microenvironment interactions - Human Epithelial Cells,Single cell analysis of mouse and human prostate reveals novel fibroblasts with specialized distribution and microenvironment interactions,42127,9,4,29.0,81.0,52.0,8,10x 3' v2; 10x 3' v3,cell,peripheral zone of prostate; transition zone of prostate,benign prostatic hyperplasia; normal,https://datasets.cellxgene.cziscience.com/84d58c2d-ee0d-4155-887d-09962558bedc.h5ad,678829058,10.1002/path.5751,,0.0,False,0,0,0,0,0,0,False,False,True,False,True
574e9f9e-f8b4-41ef-bf19-89a9964fd9c7,4b54248f-2165-477c-a027-dd55082e8818,Single cell analysis of mouse and human prostate reveals novel fibroblasts with specialized distribution and microenvironment interactions - All Human Cells,Single cell analysis of mouse and human prostate reveals novel fibroblasts with specialized distribution and microenvironment interactions,83451,9,25,29.0,81.0,52.0,8,10x 3' v2; 10x 3' v3,cell,peripheral zone of prostate; transition zone of prostate,benign prostatic hyperplasia; normal,https://datasets.cellxgene.cziscience.com/e6b9fd9a-030a-4a57-86f1-e7445ec74cac.h5ad,1293394064,10.1002/path.5751,,0.0,False,0,0,0,0,0,0,False,False,False,False,True
ea426edb-4e86-4c53-ab17-5b952d94a31e,e2a4a67f-6a18-431a-ab9c-6e77dd31cc80,A Cellular Anatomy of the Normal Adult Human Prostate and Prostatic Urethra - Human Fibromuscular Stromal Cells,A Cellular Anatomy of the Normal Adult Human Prostate and Prostatic Urethra,2113,3,2,29.0,31.0,2.0,2,10x 3' v2,cell,peripheral zone of prostate; transition zone of prostate,normal,https://datasets.cellxgene.cziscience.com/3a1a0735-553a-47f6-948f-72cea750742f.h5ad,18047906,10.1016/j.celrep.2018.11.086,,0.0,False,0,0,0,0,0,0,False,False,True,False,True
e2a3c32d-71e2-4f38-b19c-dfcb8729cf46,e2a4a67f-6a18-431a-ab9c-6e77dd31cc80,A Cellular Anatomy of the Normal Adult Human Prostate and Prostatic Urethra - Human Epithelial Cells,A Cellular Anatomy of the Normal Adult Human Prostate and Prostatic Urethra,24544,3,5,29.0,31.0,2.0,2,10x 3' v2,cell,peripheral zone of prostate; transition zone of prostate,normal,https://datasets.cellxgene.cziscience.com/5f504bb1-30d6-471c-a666-0ceda60177be.h5ad,191464684,10.1016/j.celrep.2018.11.086,,0.0,False,0,0,0,0,0,0,False,False,True,False,True
c3fe3c1e-5bf8-4678-b74a-79899243ad41,e2a4a67f-6a18-431a-ab9c-6e77dd31cc80,A Cellular Anatomy of the Normal Adult Human Prostate and Prostatic Urethra - All Human Cells,A Cellular Anatomy of the Normal Adult Human Prostate and Prostatic Urethra,28702,3,9,29.0,31.0,2.0,2,10x 3' v2,cell,peripheral zone of prostate; transition zone of prostate,normal,https://datasets.cellxgene.cziscience.com/13907b46-3c3c-4092-bb6d-7b3cdb0cf7a6.h5ad,221280643,10.1016/j.celrep.2018.11.086,,0.0,False,0,0,0,0,0,0,False,False,False,False,True
a1b9c51e-a408-4f7f-bccb-abefe20ae2a5,fcb3d1c1-03d2-41ac-8229-458e072b7a1c,Olah et al (2020) Single-cell Human Microglia,Live Human Microglia Single-cell RNA-seq,16245,17,6,,,,0,10x 3' v2,cell,dorsolateral prefrontal cortex; temporal cortex,Alzheimer disease; temporal lobe epilepsy,https://datasets.cellxgene.cziscience.com/dddc40f4-4969-4eb6-b5e9-b30f03ddd672.h5ad,95126456,10.1038/s41467-020-19737-2,brain,0.5,True,0,1,0,0,0,0,False,False,False,False,False
53d208b0-2cfd-4366-9866-c3c6114081bc,e5f58829-1a66-40b5-a624-9046778e74f5,Tabula Sapiens - All Cells,Tabula Sapiens,1136218,24,180,22.0,74.0,52.0,19,10x 3' v3; 10x 5' v2; Smart-seq2; Smart-seq3,cell,abdominal aorta; adipose tissue; anterior part of tongue; anterior segment of eyeball; aorta; ascending colon; bladder organ; blood; bone marrow; brown adipose tissue; buccal mucosa; cardiac atrium; cardiac ventricle; chorioretinal region; conjunctiva; cornea; coronary artery; cortex of kidney; cris,normal,https://datasets.cellxgene.cziscience.com/1c88f927-bcbb-4bb1-9881-281842945a2d.h5ad,45013733785,10.1126/science.abl4896,heart,0.10526315789473684,True,1,0,0,2,1,0,False,False,False,True,True
a68b64d8-aee3-4947-81b7-36b8fe5a44d2,e5f58829-1a66-40b5-a624-9046778e74f5,Tabula Sapiens - Stromal,Tabula Sapiens,232684,22,39,26.0,74.0,48.0,17,10x 3' v3; 10x 5' v2; Smart-seq2; Smart-seq3,cell,abdominal aorta; adipose tissue; anterior part of tongue; anterior segment of eyeball; aorta; ascending colon; bladder organ; bone marrow; brown adipose tissue; buccal mucosa; cardiac atrium; cardiac ventricle; chorioretinal region; conjunctiva; cornea; coronary artery; crista ampullaris; duodenum; ,normal,https://datasets.cellxgene.cziscience.com/2776ea76-6919-458a-b82a-bba8bb6ce5a9.h5ad,10060140924,10.1126/science.abl4896,heart,0.1111111111111111,True,1,0,0,2,0,0,False,False,False,True,True
c5d88abe-f23a-45fa-a534-788985e93dad,e5f58829-1a66-40b5-a624-9046778e74f5,Tabula Sapiens - Immune,Tabula Sapiens,592317,24,45,22.0,74.0,52.0,19,10x 3' v3; 10x 5' v2; Smart-seq2; Smart-seq3,cell,abdominal aorta; adipose tissue; anterior part of tongue; anterior segment of eyeball; aorta; ascending colon; bladder organ; blood; bone marrow; brown adipose tissue; buccal mucosa; cardiac atrium; cardiac ventricle; chorioretinal region; conjunctiva; cornea; coronary artery; cortex of kidney; cris,normal,https://datasets.cellxgene.cziscience.com/78b60b70-129a-4a6d-b15f-825b241eec66.h5ad,19773784766,10.1126/science.abl4896,heart,0.10526315789473684,True,1,0,0,2,1,0,False,False,False,True,True
5a11f879-d1ef-458a-910c-9b0bdfca5ebf,e5f58829-1a66-40b5-a624-9046778e74f5,Tabula Sapiens - Endothelium,Tabula Sapiens,73195,21,11,26.0,74.0,48.0,17,10x 3' v3; 10x 5' v2; Smart-seq2; Smart-seq3,cell,abdominal aorta; adipose tissue; anterior part of tongue; anterior segment of eyeball; aorta; ascending colon; bladder organ; bone marrow; brown adipose tissue; buccal mucosa; cardiac atrium; cardiac ventricle; chorioretinal region; conjunctiva; cornea; coronary artery; crista ampullaris; duodenum; ,normal,https://datasets.cellxgene.cziscience.com/00ad3c95-bdab-4c75-ba4d-44f7545db691.h5ad,3034368000,10.1126/science.abl4896,heart,0.1111111111111111,True,1,0,0,2,0,0,False,False,False,True,True
97a17473-e2b1-4f31-a544-44a60773e2dd,e5f58829-1a66-40b5-a624-9046778e74f5,Tabula Sapiens - Epithelium,Tabula Sapiens,228032,22,74,26.0,74.0,48.0,17,10x 3' v3; 10x 5' v2; Smart-seq2,cell,anterior part of tongue; anterior segment of eyeball; ascending colon; bladder organ; buccal mucosa; cardiac atrium; cardiac ventricle; chorioretinal region; conjunctiva; cornea; cortex of kidney; crista ampullaris; duodenum; endocrine pancreas; endometrium; exocrine pancreas; eye; eyelid; heart; he,normal,https://datasets.cellxgene.cziscience.com/1536d673-07ba-4f84-abd1-7e08c21a8c30.h5ad,11603985730,10.1126/science.abl4896,heart,0.15,True,1,0,0,3,1,0,False,False,False,True,True
96a3f64b-0ee9-40d8-91e9-813ce38261c9,b9fc3d70-5a72-4479-a046-c2cc1ab19efc,COVID-19 Immune Altas: Integration of 5 public COVID-19 PBMC single-cell datasets,A Web Portal and Workbench for Biological Dissection of Single Cell COVID-19 Host Responses,239696,78,29,27.0,84.0,57.0,26,10x 3' v2; 10x 3' v3; Seq-Well,cell,blood,COVID-19; normal,https://datasets.cellxgene.cziscience.com/904c928e-b671-41b2-9354-7256e7dd68fa.h5ad,1788214939,10.1016/j.isci.2021.103115,,0.0,False,0,0,0,0,0,0,False,False,False,False,True
f72958f5-7f42-4ebb-98da-445b0c6de516,2f75d249-1bec-459b-bf2b-b86221097ced,Human - Lung v2 (HLCA),Azimuth meta-analysis of human scRNA-seq datasets,584884,107,22,10.0,76.0,66.0,47,10x 3' v1; 10x 3' v2; 10x 3' v3; 10x 5' v1; 10x 5' v2,cell,lung parenchyma; nose; respiratory airway,normal,https://datasets.cellxgene.cziscience.com/2c01a563-73dd-47a1-8fc4-d1779364bedf.h5ad,5583941505,,,0.0,False,0,0,0,0,0,0,False,False,False,False,True
9dbab10c-118d-496b-966a-67f1763a6b7d,0a839c4b-10d0-4d64-9272-684c49a2c8ba,Large-scale single-cell analysis reveals critical immune characteristics of COVID-19 patients,COVID-19 immune features revealed by a large-scale single-cell transcriptome atlas,1462702,196,18,6.0,92.0,86.0,64,10x 3' v3; 10x 5' v2,cell,blood; lung; saliva,COVID-19; normal,https://datasets.cellxgene.cziscience.com/481a2da9-2e61-424a-87e4-171e940006a4.h5ad,13970529362,10.1016/j.cell.2021.01.053,,0.0,False,0,0,0,0,0,0,False,False,False,False,True
f7c1c579-2dc0-47e2-ba19-8165c5a0e353,c114c20f-1ef4-49a5-9c2e-d965787fb90c,Survey of human embryonic development,A human cell atlas of fetal gene expression,4062980,28,72,,,,0,sci-RNA-seq3,cell; nucleus,adrenal gland; cerebellum; eye; heart; intestine; kidney; liver; lung; muscle organ; pancreas; placenta; spleen; stomach; telencephalon; thymus,normal; trisomy 18,https://datasets.cellxgene.cziscience.com/ec0f91c4-01ac-448f-bf17-b3ed236156c6.h5ad,20030067233,10.1126/science.aba7721,brain,0.06666666666666667,False,0,1,0,1,1,1,False,False,False,False,True
fa27492b-82ff-4ab7-ac61-0e2b184eee67,c114c20f-1ef4-49a5-9c2e-d965787fb90c,Survey of human embryonic development (1 million cells subset),A human cell atlas of fetal gene expression,1001288,28,72,,,,0,sci-RNA-seq3,cell; nucleus,adrenal gland; cerebellum; eye; heart; intestine; kidney; liver; lung; muscle organ; pancreas; placenta; spleen; stomach; telencephalon; thymus,normal; trisomy 18,https://datasets.cellxgene.cziscience.com/f6271b1a-71f7-4c4e-a109-c9949ac42bc1.h5ad,4941803071,10.1126/science.aba7721,brain,0.06666666666666667,False,0,1,0,1,1,1,False,False,True,False,True
85c60876-7f35-40c5-a256-7808d84c6ba5,b953c942-f5d8-434f-9da7-e726ba7c1481,Single-soma transcriptomics of tangle-bearing neurons in Alzheimer’s disease - Excitatory,Single-soma transcriptomics of tangle-bearing neurons in Alzheimer’s disease,96129,16,1,57.0,89.0,32.0,14,10x 3' v2; 10x 3' v3,cell,prefrontal cortex,Alzheimer disease; normal,https://datasets.cellxgene.cziscience.com/5015051f-abc4-4034-9374-eada74e37c99.h5ad,1255623879,10.1016/j.neuron.2022.06.021,brain,1.0,True,0,1,0,0,0,0,False,False,False,False,True
9813a1d4-d107-459e-9b2e-7687be935f69,b953c942-f5d8-434f-9da7-e726ba7c1481,Single-soma transcriptomics of tangle-bearing neurons in Alzheimer’s disease - Inhibitory,Single-soma transcriptomics of tangle-bearing neurons in Alzheimer’s disease,23197,16,1,57.0,89.0,32.0,14,10x 3' v2; 10x 3' v3,cell,prefrontal cortex,Alzheimer disease; normal,https://datasets.cellxgene.cziscience.com/9b87c411-2e17-4de4-918b-e2c476ad48a7.h5ad,232074053,10.1016/j.neuron.2022.06.021,brain,1.0,True,0,1,0,0,0,0,False,False,False,False,True
66d15835-5dc8-4e96-b0eb-f48971cb65e8,a238e9fa-2bdf-41df-8522-69046f99baff,Single cell transcriptome analysis of human pancreas reveals transcriptional signatures of aging and somatic mutation patterns,Single-Cell Analysis of Human Pancreas Reveals Transcriptional Signatures of Aging and Somatic Mutation Patterns,2544,8,7,0.0833333333333333,54.0,53.91666666666666,8,Smart-seq2,cell,islet of Langerhans,normal,https://datasets.cellxgene.cziscience.com/08d4b9cf-3425-4413-a30f-8f97fe87b1e1.h5ad,28468082,10.1016/j.cell.2017.09.004,,0.0,False,0,0,0,0,0,0,False,False,False,False,True
42b6a476-c51d-4f8b-b68b-44941b3a11bf,db468083-041c-41ca-8f6f-bf991a070adf,scRNA-seq data analysis of endothelium-enriched mesenteric arterial tissues from human donors,Stress-induced RNA–chromatin interactions promote endothelial dysfunction,11243,4,2,28.0,59.0,31.0,4,10x 3' v3,cell,mesenteric artery,normal; type 2 diabetes mellitus,https://datasets.cellxgene.cziscience.com/9199a4c8-f8e9-4cc6-8c3b-bd9b6e5524d4.h5ad,122029606,10.1038/s41467-020-18957-w,,0.0,False,0,0,0,0,0,0,False,False,False,False,True
6cda3b13-7257-45b9-ac20-0a7e6697e4f2,db468083-041c-41ca-8f6f-bf991a070adf,scRNA-seq data analysis of HUVECs treated with high glucose and TNFα,Stress-induced RNA–chromatin interactions promote endothelial dysfunction,59605,1,1,,,,0,10x 3' v2,cell,endothelial cell,normal,https://datasets.cellxgene.cziscience.com/aaeb9a19-a77c-49a8-bdfa-1949773738b0.h5ad,421893976,10.1038/s41467-020-18957-w,,0.0,False,0,0,0,0,0,0,False,False,False,False,True
b07e5164-baf6-43d2-bdba-5a249d0da879,6e8c5415-302c-492a-a5f9-f29c57ff18fb,A Single-Cell Transcriptome Atlas of the Human Pancreas,Muraro Pancreas,2126,4,10,23.0,59.0,36.0,4,CEL-seq2,cell,pancreas,normal,https://datasets.cellxgene.cziscience.com/ac56150b-add4-4336-9059-6d3d3ce17f3b.h5ad,53067951,10.1016/j.cels.2016.09.002,,0.0,False,0,0,0,0,0,0,False,False,False,False,True
de985818-285f-4f59-9dbd-d74968fddba3,c9706a92-0e5f-46c1-96d8-20e42467f287,A single-cell atlas of the healthy breast tissues reveals clinically relevant clusters of breast epithelial cells,A single-cell atlas of the healthy breast tissues reveals clinically relevant clusters of breast epithelial cells,31696,7,6,21.0,60.0,39.0,6,10x 3' v2; 10x 3' v3,cell,upper outer quadrant of breast,normal,https://datasets.cellxgene.cziscience.com/8bd3e220-f9dd-4088-ba39-0c72767b5ed9.h5ad,349782765,10.1016/j.xcrm.2021.100219,,0.0,False,0,0,0,0,0,0,False,False,True,False,True
04b0eb97-d816-44bb-93a5-8b2968791aa0,60358420-6055-411d-ba4f-e8ac80682a2e,Spatiotemporal analysis of human intestinal development at single-cell resolution: Pericytes,Spatiotemporal analysis of human intestinal development at single-cell resolution,4163,17,1,,,,0,10x 3' v3,cell,colon; hindgut; ileum,normal,https://datasets.cellxgene.cziscience.com/c99452ae-365a-4c2c-b7fa-f403bb0bc5e5.h5ad,46241111,10.1016/j.cell.2020.12.016,,0.0,False,0,0,0,0,0,0,False,False,False,False,True
bbd16004-09e8-4b6c-b465-73ff83a52837,60358420-6055-411d-ba4f-e8ac80682a2e,Spatiotemporal analysis of human intestinal development at single-cell resolution: Neural,Spatiotemporal analysis of human intestinal development at single-cell resolution,4144,17,7,,,,0,10x 3' v3,cell,colon; hindgut; ileum,normal,https://datasets.cellxgene.cziscience.com/a40d9047-5990-4aa1-aac8-2ff55649dab5.h5ad,52118676,10.1016/j.cell.2020.12.016,,0.0,False,0,0,0,0,0,0,False,False,False,False,True
58679288-9ecc-4647-9781-12a3a8f8c6fd,60358420-6055-411d-ba4f-e8ac80682a2e,Spatiotemporal analysis of human intestinal development at single-cell resolution: Myofibroblasts and Mesothelium,Spatiotemporal analysis of human intestinal development at single-cell resolution,2833,13,2,,,,0,10x 3' v3,cell,colon; ileum,normal,https://datasets.cellxgene.cziscience.com/f010aff5-8063-49b0-aef1-8d2ed87425f5.h5ad,33661866,10.1016/j.cell.2020.12.016,,0.0,False,0,0,0,0,0,0,False,False,False,False,True
e006d4e3-35fa-44b4-9981-09a66c4322e5,60358420-6055-411d-ba4f-e8ac80682a2e,Spatiotemporal analysis of human intestinal development at single-cell resolution: Muscularis,Spatiotemporal analysis of human intestinal development at single-cell resolution,4211,17,4,,,,0,10x 3' v3,cell,colon; hindgut; ileum,normal,https://datasets.cellxgene.cziscience.com/f5978acd-775e-4608-acb9-d3f2d51c8708.h5ad,53459477,10.1016/j.cell.2020.12.016,,0.0,False,0,0,0,0,0,0,False,False,False,False,True
4269074c-f2c1-4d88-b2c3-0946f59d5449,60358420-6055-411d-ba4f-e8ac80682a2e,Spatiotemporal analysis of human intestinal development at single-cell resolution: Immune,Spatiotemporal analysis of human intestinal development at single-cell resolution,2199,17,11,,,,0,10x 3' v3,cell,colon; hindgut; ileum,normal,https://datasets.cellxgene.cziscience.com/bbf977be-6c4f-4e38-bff6-045962afb641.h5ad,26366243,10.1016/j.cell.2020.12.016,,0.0,False,0,0,0,0,0,0,False,False,False,False,True
4d2e0563-cf4a-48bd-aa7f-efc26025b53a,60358420-6055-411d-ba4f-e8ac80682a2e,Spatiotemporal analysis of human intestinal development at single-cell resolution: Fibroblasts,Spatiotemporal analysis of human intestinal development at single-cell resolution,24081,14,2,,,,0,10x 3' v3,cell,colon; hindgut; ileum,normal,https://datasets.cellxgene.cziscience.com/b3b1f01a-8383-4bb2-892f-77825efbf903.h5ad,233557712,10.1016/j.cell.2020.12.016,,0.0,False,0,0,0,0,0,0,False,False,False,False,True
fd89be61-2869-4342-a86e-e1fce3a8f269,60358420-6055-411d-ba4f-e8ac80682a2e,Spatiotemporal analysis of human intestinal development at single-cell resolution: Epithelium,Spatiotemporal analysis of human intestinal development at single-cell resolution,17622,17,10,,,,0,10x 3' v3,cell,colon; hindgut; ileum,normal,https://datasets.cellxgene.cziscience.com/9c8cf5c7-6528-4bf0-b482-7ef38e55fe27.h5ad,266031352,10.1016/j.cell.2020.12.016,,0.0,False,0,0,0,0,0,0,False,False,False,False,True
c42c8ad3-9761-49e5-b9bf-ee8ebd50416f,60358420-6055-411d-ba4f-e8ac80682a2e,Spatiotemporal analysis of human intestinal development at single-cell resolution: Endothelium,Spatiotemporal analysis of human intestinal development at single-cell resolution,4154,17,1,,,,0,10x 3' v3,cell,colon; hindgut; ileum,normal,https://datasets.cellxgene.cziscience.com/9ac8fc3e-cae0-4ace-b952-68866b3f023b.h5ad,62678923,10.1016/j.cell.2020.12.016,,0.0,False,0,0,0,0,0,0,False,False,False,False,True
9d5df009-eb76-43a3-b6cd-22017cc53700,60358420-6055-411d-ba4f-e8ac80682a2e,Spatiotemporal analysis of human intestinal development at single-cell resolution: All cells,Spatiotemporal analysis of human intestinal development at single-cell resolution,76592,17,9,,,,0,10x 3' v3,cell,colon; hindgut; ileum,normal,https://datasets.cellxgene.cziscience.com/c2d996fe-bd30-4c59-a443-8a3e168bcda7.h5ad,815745689,10.1016/j.cell.2020.12.016,,0.0,False,0,0,0,0,0,0,False,False,False,False,True
b9b4cf27-9c22-410d-8bd8-5d43e379485b,60358420-6055-411d-ba4f-e8ac80682a2e,Spatiotemporal analysis of human intestinal development at single-cell resolution: Fetal A9,Spatiotemporal analysis of human intestinal development at single-cell resolution,4992,1,20,,,,0,Visium Spatial Gene Expression V1,na,colon,normal,https://datasets.cellxgene.cziscience.com/fd6f06f5-6046-4dad-b732-4cbe8a57a653.h5ad,58216370,10.1016/j.cell.2020.12.016,,0.0,False,0,0,0,0,0,0,False,False,False,False,True
2d66790a-6621-4a49-8f0d-4002db5cc98d,60358420-6055-411d-ba4f-e8ac80682a2e,Spatiotemporal analysis of human intestinal development at single-cell resolution: Fetal A8,Spatiotemporal analysis of human intestinal development at single-cell resolution,4992,1,21,,,,0,Visium Spatial Gene Expression V1,na,colon,normal,https://datasets.cellxgene.cziscience.com/9a78f716-552d-4f25-a7d5-95bbf44d4d05.h5ad,97038514,10.1016/j.cell.2020.12.016,,0.0,False,0,0,0,0,0,0,False,False,False,False,True
08e94873-c2a6-4f7d-ab72-aeaff3e3f929,60358420-6055-411d-ba4f-e8ac80682a2e,Spatiotemporal analysis of human intestinal development at single-cell resolution: Fetal A7,Spatiotemporal analysis of human intestinal development at single-cell resolution,4992,1,20,,,,0,Visium Spatial Gene Expression V1,na,ileum,normal,https://datasets.cellxgene.cziscience.com/0232e99c-00dd-4919-a26a-4545715a599f.h5ad,59721547,10.1016/j.cell.2020.12.016,,0.0,False,0,0,0,0,0,0,False,False,False,False,True
aa0b5adb-957d-4f15-ab83-2c5cc2843f77,60358420-6055-411d-ba4f-e8ac80682a2e,Spatiotemporal analysis of human intestinal development at single-cell resolution: Fetal A6,Spatiotemporal analysis of human intestinal development at single-cell resolution,4992,1,21,,,,0,Visium Spatial Gene Expression V1,na,ileum,normal,https://datasets.cellxgene.cziscience.com/87a64267-6d5c-4e36-9c5a-5fef3988116b.h5ad,74088680,10.1016/j.cell.2020.12.016,,0.0,False,0,0,0,0,0,0,False,False,False,False,True
abd889c6-f60a-4fbd-924e-ee1e9dcf909b,60358420-6055-411d-ba4f-e8ac80682a2e,Spatiotemporal analysis of human intestinal development at single-cell resolution: Fetal A4,Spatiotemporal analysis of human intestinal development at single-cell resolution,4992,1,26,,,,0,Visium Spatial Gene Expression V1,na,colon,normal,https://datasets.cellxgene.cziscience.com/9f2c8edb-7b88-42b1-b2f4-32ed4792d972.h5ad,78650317,10.1016/j.cell.2020.12.016,,0.0,False,0,0,0,0,0,0,False,False,False,False,True
774de9c6-9752-4e39-89a9-2a88c869d52a,60358420-6055-411d-ba4f-e8ac80682a2e,Spatiotemporal analysis of human intestinal development at single-cell resolution: Fetal A3,Spatiotemporal analysis of human intestinal development at single-cell resolution,4992,1,23,,,,0,Visium Spatial Gene Expression V1,na,colon,normal,https://datasets.cellxgene.cziscience.com/40fe3e03-cb51-4aae-8dad-5cefa50c6350.h5ad,77592748,10.1016/j.cell.2020.12.016,,0.0,False,0,0,0,0,0,0,False,False,False,False,True
9dfd2243-74d6-4924-86bd-c206ca9287b1,60358420-6055-411d-ba4f-e8ac80682a2e,Spatiotemporal analysis of human intestinal development at single-cell resolution: Adult A2,Spatiotemporal analysis of human intestinal development at single-cell resolution,4992,1,31,66.0,66.0,0.0,1,Visium Spatial Gene Expression V1,na,colon,normal,https://datasets.cellxgene.cziscience.com/74af8a22-0e68-4483-8a09-9ec5b5961b94.h5ad,97981986,10.1016/j.cell.2020.12.016,,0.0,False,0,0,0,0,0,0,False,False,False,False,True
4506d9e3-4543-4464-aeae-b0b04eee1cea,60358420-6055-411d-ba4f-e8ac80682a2e,Spatiotemporal analysis of human intestinal development at single-cell resolution: Adult A1,Spatiotemporal analysis of human intestinal development at single-cell resolution,4992,1,29,66.0,66.0,0.0,1,Visium Spatial Gene Expression V1,na,colon,normal,https://datasets.cellxgene.cziscience.com/7f17c607-720a-4127-902a-551195bc901e.h5ad,92282104,10.1016/j.cell.2020.12.016,,0.0,False,0,0,0,0,0,0,False,False,False,False,True
572f3f3e-d3e4-4d13-8e2b-88215e508481,b52eb423-5d0d-4645-b217-e1c6d38b2e72,Vascular — Cells of the adult human heart,Cells of the adult human heart,195395,14,8,,,,0,10x 3' v2; 10x 3' v3,cell; nucleus,apex of heart; heart left ventricle; heart right ventricle; interventricular septum; left cardiac atrium; right cardiac atrium,normal,https://datasets.cellxgene.cziscience.com/23ea6682-46f7-4703-8429-dd0d09e55cda.h5ad,1009920229,10.1038/s41586-020-2797-4,heart,1.0,True,0,0,0,6,0,0,False,False,False,False,True
1009f384-b12d-448e-ba9f-1b7d2ecfbb4e,b52eb423-5d0d-4645-b217-e1c6d38b2e72,Neuronal — Cells of the adult human heart,Cells of the adult human heart,3961,14,1,,,,0,10x 3' v2; 10x 3' v3,cell; nucleus,apex of heart; heart left ventricle; heart right ventricle; interventricular septum; left cardiac atrium; right cardiac atrium,normal,https://datasets.cellxgene.cziscience.com/339ace92-680a-4fa4-8d67-5a6dd213c5af.h5ad,23015570,10.1038/s41586-020-2797-4,heart,1.0,True,0,0,0,6,0,0,False,False,False,False,True
ed852810-a003-4386-9846-1638362cee39,b52eb423-5d0d-4645-b217-e1c6d38b2e72,Immune — Cells of the adult human heart,Cells of the adult human heart,40868,14,13,,,,0,10x 3' v2; 10x 3' v3,cell; nucleus,apex of heart; heart left ventricle; heart right ventricle; interventricular septum; left cardiac atrium; right cardiac atrium,normal,https://datasets.cellxgene.cziscience.com/45479bf3-98ce-4276-a365-44e328460c63.h5ad,239911763,10.1038/s41586-020-2797-4,heart,1.0,True,0,0,0,6,0,0,False,False,False,False,True
9d584fcb-a28a-4b91-a886-ceb66a88ef81,b52eb423-5d0d-4645-b217-e1c6d38b2e72,Fibroblasts — Cells of the adult human heart,Cells of the adult human heart,59341,14,1,,,,0,10x 3' v2; 10x 3' v3,cell; nucleus,apex of heart; heart left ventricle; heart right ventricle; interventricular septum; left cardiac atrium; right cardiac atrium,normal,https://datasets.cellxgene.cziscience.com/79b7dc90-6d9f-4bb9-ab66-be398c5ac549.h5ad,285520670,10.1038/s41586-020-2797-4,heart,1.0,True,0,0,0,6,0,0,False,False,False,False,True
78fd69d2-75e4-4207-819a-563139f273c6,b52eb423-5d0d-4645-b217-e1c6d38b2e72,Ventricular cardiomyocytes — Cells of the adult human heart,Cells of the adult human heart,125289,14,1,,,,0,10x 3' v2; 10x 3' v3,nucleus,apex of heart; heart left ventricle; heart right ventricle; interventricular septum,normal,https://datasets.cellxgene.cziscience.com/af026d10-dd8d-469a-8c50-b80df216b1cb.h5ad,964944923,10.1038/s41586-020-2797-4,heart,1.0,True,0,0,0,4,0,0,False,False,False,False,True
84f1a631-910b-4fbb-9f76-d915a07316d2,b52eb423-5d0d-4645-b217-e1c6d38b2e72,Atrial cardiomyocytes — Cells of the adult human heart,Cells of the adult human heart,23483,14,1,,,,0,10x 3' v2; 10x 3' v3,nucleus,left cardiac atrium; right cardiac atrium,normal,https://datasets.cellxgene.cziscience.com/f0b1d68f-6e1a-43af-a093-af6d786966d6.h5ad,172272234,10.1038/s41586-020-2797-4,heart,1.0,True,0,0,0,2,0,0,False,False,False,False,True
077b0429-0f47-48e0-879a-39eaae531d42,cdfb9ead-cb58-4a53-879d-5e4ed5329e73,Direct Exposure to SARS-CoV-2 and Cigarette Smoke Increases Infection Severity and Alters the Stem Cell-Derived Airway Repair Response,Direct Exposure to SARS-CoV-2 and Cigarette Smoke Increases Infection Severity and Alters the Stem Cell-Derived Airway Repair Response,19361,4,4,,,,0,10x 3' v3,cell,respiratory basal cell,normal,https://datasets.cellxgene.cziscience.com/6dfd8768-0acb-418d-9eb2-ebef48646a64.h5ad,119735378,10.1016/j.stem.2020.11.010,,0.0,False,0,0,0,0,0,0,False,False,False,False,True
f75f2ff4-2884-4c2d-b375-70de37a34507,b52eb423-5d0d-4645-b217-e1c6d38b2e72,Adipocytes — Cells of the adult human heart,Cells of the adult human heart,3799,14,1,,,,0,10x 3' v2; 10x 3' v3,nucleus,apex of heart; heart left ventricle; heart right ventricle; interventricular septum; left cardiac atrium; right cardiac atrium,normal,https://datasets.cellxgene.cziscience.com/e94d03ba-1cb0-44da-8aac-2f6d1098f8ae.h5ad,41211037,10.1038/s41586-020-2797-4,heart,1.0,True,0,0,0,6,0,0,False,False,False,False,True
d4e69e01-3ba2-4d6b-a15d-e7048f78f22e,b52eb423-5d0d-4645-b217-e1c6d38b2e72,All — Cells of the adult human heart,Cells of the adult human heart,486134,14,27,,,,0,10x 3' v2; 10x 3' v3,cell; nucleus,apex of heart; heart left ventricle; heart right ventricle; interventricular septum; left cardiac atrium; right cardiac atrium,normal,https://datasets.cellxgene.cziscience.com/49312f8c-a75a-4672-9c8a-9078acd35bdb.h5ad,2953098273,10.1038/s41586-020-2797-4,heart,1.0,True,0,0,0,6,0,0,False,False,False,False,True
cfa3c355-ee77-4fc8-9a00-78e61d23024c,9c8808ce-1138-4dbe-818c-171cff10e650,A Single-Cell Transcriptional Roadmap of the Mouse and Human Lymph Node Lymphatic Vasculature - human,A single-cell transcriptional roadmap of the mouse and human lymph node lymphatic vasculature,4355,1,1,,,,0,10x 3' v2,cell,cervical lymph node,normal,https://datasets.cellxgene.cziscience.com/c7684e46-78f3-486e-8912-744180e8a269.h5ad,217624694,10.3389/fcvm.2020.00052,,0.0,False,0,0,0,0,0,0,False,False,False,False,True
30cd5311-6c09-46c9-94f1-71fe4b91813c,ed9185e3-5b82-40c7-9824-b2141590c7f0,Time-resolved Systems Immunology Reveals a Late Juncture Linked to Fatal COVID-19: Innate Cells,Time-resolved Systems Immunology Reveals a Late Juncture Linked to Fatal COVID-19,125117,46,10,24.0,84.0,60.0,32,10x 5' v1,cell,blood,COVID-19; normal,https://datasets.cellxgene.cziscience.com/60cc18b6-07c0-4fd5-8ae2-c1e8c0461731.h5ad,971636085,10.1016/j.cell.2021.02.018,,0.0,False,0,0,0,0,0,0,False,False,False,False,True
21d3e683-80a4-4d9b-bc89-ebb2df513dde,ed9185e3-5b82-40c7-9824-b2141590c7f0,Time-resolved Systems Immunology Reveals a Late Juncture Linked to Fatal COVID-19: Adaptive Cells,Time-resolved Systems Immunology Reveals a Late Juncture Linked to Fatal COVID-19,246964,46,14,24.0,84.0,60.0,32,10x 5' v1,cell,blood,COVID-19; normal,https://datasets.cellxgene.cziscience.com/3c83c0d9-af52-4f4b-96cf-a4d20ebdfb63.h5ad,1738950879,10.1016/j.cell.2021.02.018,,0.0,False,0,0,0,0,0,0,False,False,False,False,True
774c18c5-efa1-4dc5-9e5e-2c824bab2e34,558385a4-b7b7-4eca-af0c-9e54d010e8dc,Infiltrating Neoplastic Cells Human Glioblastoma,Single-Cell RNAseq analysis of diffuse neoplastic infiltrating cells at the migrating front of human glioblastoma,3589,4,7,48.0,60.0,12.0,4,Smart-seq2,cell,cerebral cortex,glioblastoma,https://datasets.cellxgene.cziscience.com/2e357b12-781b-4c90-9321-30206529cc4a.h5ad,32960812,10.1016/j.celrep.2017.10.030,brain,1.0,True,0,1,0,0,0,0,False,True,False,False,False
37b21763-7f0f-41ae-9001-60bad6e2841d,51544e44-293b-4c2b-8c26-560678423380,Multiomics single-cell analysis of human pancreatic islets reveals novel cellular states in health and type 1 diabetes,Multiomics single-cell analysis of human pancreatic islets reveals novel cellular states in health and type 1 diabetes,69645,24,10,1.0,39.0,38.0,19,10x 3' v2; 10x 3' v3,cell,islet of Langerhans,normal; type 1 diabetes mellitus,https://datasets.cellxgene.cziscience.com/49ba32ba-16d3-47b5-b16c-e851de62f656.h5ad,853162840,10.1038/s42255-022-00531-x,,0.0,False,0,0,0,0,0,0,False,False,False,False,True
01209dce-3575-4bed-b1df-129f57fbc031,24d42e5e-ce6d-45ff-a66b-a3b3b715deaf,Single-cell transcriptomics of human T cells reveals tissue and activation signatures in health and disease,Single-cell transcriptomics of human T cells reveals tissue and activation signatures in health and disease,51876,4,6,52.0,65.0,13.0,2,10x 3' v2,cell,bone marrow; bronchopulmonary lymph node; lower lobe of left lung; venous blood,normal,https://datasets.cellxgene.cziscience.com/75a4447d-e6f4-49a4-98d9-1ccd36a0b622.h5ad,318979430,10.1038/s41467-019-12464-3,,0.0,False,0,0,0,0,0,0,False,False,True,False,True
5e717147-0f75-4de1-8bd2-6fda01b8d75f,b9fc3d70-5a72-4479-a046-c2cc1ab19efc,Individual Single-Cell RNA-seq PBMC Data from Schulte-Schrepping et al.,A Web Portal and Workbench for Biological Dissection of Single Cell COVID-19 Host Responses,90957,39,22,27.0,29.0,2.0,2,10x 3' v2; 10x 3' v3,cell,blood,COVID-19; normal,https://datasets.cellxgene.cziscience.com/0cb10876-cd52-4795-bae7-7adee5d6a4c5.h5ad,717907938,10.1016/j.isci.2021.103115,,0.0,False,0,0,0,0,0,0,False,False,False,False,True
bc2a7b3d-f04e-477e-96c9-9d5367d5425c,b9fc3d70-5a72-4479-a046-c2cc1ab19efc,T Cell and NK Cell Subtypes of COVID-19 Immune Altas: Integration of 5 public COVID-19 PBMC single-cell datasets,A Web Portal and Workbench for Biological Dissection of Single Cell COVID-19 Host Responses,109995,59,14,27.0,84.0,57.0,26,10x 3' v2; 10x 3' v3; Seq-Well,cell,blood,COVID-19; normal,https://datasets.cellxgene.cziscience.com/60866b71-24b0-49a3-a860-698065f1a044.h5ad,779036126,10.1016/j.isci.2021.103115,,0.0,False,0,0,0,0,0,0,False,False,False,False,True
e763ed0d-0e5a-4b8e-9514-6da3d9e47956,b9fc3d70-5a72-4479-a046-c2cc1ab19efc,Platelet sub_clusters of COVID-19 Immune Altas: Integration of 5 public COVID-19 PBMC single-cell datasets,A Web Portal and Workbench for Biological Dissection of Single Cell COVID-19 Host Responses,7274,62,1,27.0,84.0,57.0,25,10x 3' v2; 10x 3' v3; Seq-Well,cell,blood,COVID-19; normal,https://datasets.cellxgene.cziscience.com/7d4dc47b-5066-4f26-b904-5dc85e01458b.h5ad,24586284,10.1016/j.isci.2021.103115,,0.0,False,0,0,0,0,0,0,False,False,False,False,True
db0752b9-f20e-40b8-8997-992f3ae0bb2e,b9fc3d70-5a72-4479-a046-c2cc1ab19efc,Classical Monocyte sub_clusters of COVID-19 Immune Altas: Integration of 5 public COVID-19 PBMC single-cell datasets,A Web Portal and Workbench for Biological Dissection of Single Cell COVID-19 Host Responses,55348,78,1,27.0,84.0,57.0,26,10x 3' v2; 10x 3' v3; Seq-Well,cell,blood,COVID-19; normal,https://datasets.cellxgene.cziscience.com/1bf92ae1-3e03-47b6-b56c-4ea806c5476a.h5ad,469800903,10.1016/j.isci.2021.103115,,0.0,False,0,0,0,0,0,0,False,False,False,False,True
055ca631-6ffb-40de-815e-b931e10718c0,b9fc3d70-5a72-4479-a046-c2cc1ab19efc,Individual Single-Cell RNA-seq PBMC Data from Wilk et al.,A Web Portal and Workbench for Biological Dissection of Single Cell COVID-19 Host Responses,41305,13,26,36.0,80.0,44.0,5,Seq-Well,cell,blood,COVID-19; normal,https://datasets.cellxgene.cziscience.com/b99d7006-3c5f-4c80-bbd9-3bd4b842b782.h5ad,201047155,10.1016/j.isci.2021.103115,,0.0,False,0,0,0,0,0,0,False,False,False,False,True
4c4cd77c-8fee-4836-9145-16562a8782fe,b9fc3d70-5a72-4479-a046-c2cc1ab19efc,Individual Single-Cell RNA-seq PBMC Data from Lee et al.,A Web Portal and Workbench for Biological Dissection of Single Cell COVID-19 Host Responses,43512,12,24,38.0,82.0,44.0,9,10x 3' v3,cell,blood,COVID-19; normal,https://datasets.cellxgene.cziscience.com/a26c0d2d-65e7-4b9b-a314-a75c807a7c1e.h5ad,433002643,10.1016/j.isci.2021.103115,,0.0,False,0,0,0,0,0,0,False,False,False,False,True
d9b4bc69-ed90-4f5f-99b2-61b0681ba436,b9fc3d70-5a72-4479-a046-c2cc1ab19efc,B Cell/Plasmablast Sub_clusters of COVID-19 Immune Altas: Integration of 5 public COVID-19 PBMC single-cell datasets,A Web Portal and Workbench for Biological Dissection of Single Cell COVID-19 Host Responses,20000,63,6,27.0,84.0,57.0,26,10x 3' v2; 10x 3' v3; Seq-Well,cell,blood,COVID-19; normal,https://datasets.cellxgene.cziscience.com/eb8ba365-1e59-4535-92f2-2ee48af9e973.h5ad,153970220,10.1016/j.isci.2021.103115,,0.0,False,0,0,0,0,0,0,False,False,False,False,True
59b69042-47c2-47fd-ad03-d21beb99818f,b9fc3d70-5a72-4479-a046-c2cc1ab19efc,Individual Single-Cell RNA-seq PBMC Data from Arunachalam et al.,A Web Portal and Workbench for Biological Dissection of Single Cell COVID-19 Host Responses,49139,12,25,38.0,84.0,46.0,11,10x 3' v3,cell,blood,COVID-19; normal,https://datasets.cellxgene.cziscience.com/b2c1ffb4-a99e-4f15-86df-00ac4d8411a9.h5ad,507585452,10.1016/j.isci.2021.103115,,0.0,False,0,0,0,0,0,0,False,False,False,False,True
ae5341b8-60fb-4fac-86db-86e49ee66287,b9fc3d70-5a72-4479-a046-c2cc1ab19efc,Individual Single-Cell RNA-seq PBMC Data from Guo et al.,A Web Portal and Workbench for Biological Dissection of Single Cell COVID-19 Host Responses,14783,2,18,39.0,78.0,39.0,2,10x 3' v2,cell,blood,COVID-19,https://datasets.cellxgene.cziscience.com/e41605bd-b746-46d5-9903-380b1e53156f.h5ad,74418975,10.1016/j.isci.2021.103115,,0.0,False,0,0,0,0,0,0,False,False,False,False,False
13a027de-ea3e-432b-9a5e-6bc7048498fc,9b02383a-9358-4f0f-9795-a891ec523bcc,Single cell transcriptional and chromatin accessibility profiling redefine cellular heterogeneity in the adult human kidney - ATACseq,Single cell transcriptional and chromatin accessibility profiling redefine cellular heterogeneity in the adult human kidney,27034,5,14,50.0,62.0,12.0,5,10x scATAC-seq,nucleus,cortex of kidney,normal,https://datasets.cellxgene.cziscience.com/01a8c684-c327-47a2-ba8c-adb0892c4c76.h5ad,682548864,10.1038/s41467-021-22368-w,kidney,1.0,True,0,0,0,0,1,0,False,False,False,False,True
9df60c57-fdf3-4e93-828e-fe9303f20438,9b02383a-9358-4f0f-9795-a891ec523bcc,Single cell transcriptional and chromatin accessibility profiling redefine cellular heterogeneity in the adult human kidney - RNAseq,Single cell transcriptional and chromatin accessibility profiling redefine cellular heterogeneity in the adult human kidney,19985,5,13,50.0,62.0,12.0,5,10x 5' v1,nucleus,cortex of kidney,normal,https://datasets.cellxgene.cziscience.com/6dbfae45-1638-4842-8e84-462acc8366a1.h5ad,161054050,10.1038/s41467-021-22368-w,kidney,1.0,True,0,0,0,0,1,0,False,False,False,False,True
f7a068f1-0fdb-48e8-8029-db870ff11d9e,367d95c0-0eb0-4dae-8276-9407239421ee,Evolution of cellular diversity in primary motor cortex of human - inhibitory neurons,"Evolution of cellular diversity in primary motor cortex of human, marmoset monkey, and mouse",10980,2,1,50.0,60.0,10.0,2,10x 3' v3,nucleus,primary motor cortex,normal,https://datasets.cellxgene.cziscience.com/a4f4fd2c-56cd-467f-968f-1b929a79d97f.h5ad,115624610,10.1038/s41586-021-03465-8,,0.0,False,0,0,0,0,0,0,False,False,False,False,True
9b686bb6-1427-4e13-b451-7ee961115cf9,367d95c0-0eb0-4dae-8276-9407239421ee,Evolution of cellular diversity in primary motor cortex of human - non-neurons,"Evolution of cellular diversity in primary motor cortex of human, marmoset monkey, and mouse",1705,2,6,50.0,60.0,10.0,2,10x 3' v3,nucleus,primary motor cortex,normal,https://datasets.cellxgene.cziscience.com/dca77ed0-1f2f-474e-bec7-2f885968c73a.h5ad,11741802,10.1038/s41586-021-03465-8,,0.0,False,0,0,0,0,0,0,False,False,False,False,True
b6203114-e133-458a-aed5-eed1028378b4,367d95c0-0eb0-4dae-8276-9407239421ee,Evolution of cellular diversity in primary motor cortex of human - excitory neurons,"Evolution of cellular diversity in primary motor cortex of human, marmoset monkey, and mouse",7805,2,1,50.0,60.0,10.0,2,10x 3' v3,nucleus,primary motor cortex,normal,https://datasets.cellxgene.cziscience.com/f0483022-8afa-4c59-a431-b613f30b212d.h5ad,109821634,10.1038/s41586-021-03465-8,,0.0,False,0,0,0,0,0,0,False,False,False,False,True
6c600df6-ddca-4628-a8bb-1d6de1e3f9b4,180bff9c-c8a5-4539-b13b-ddbc00d643e6,Molecular characterization of selectively vulnerable neurons in Alzheimer’s Disease: Superior frontal gyrus,Molecular characterization of selectively vulnerable neurons in Alzheimer's Disease,63608,10,7,50.0,87.0,37.0,8,10x 3' v2,nucleus,superior frontal gyrus,Alzheimer disease; normal,https://datasets.cellxgene.cziscience.com/7f19e3e7-c455-49d1-9b24-79c40c5c534c.h5ad,238048092,10.1038/s41593-020-00764-7,,0.0,False,0,0,0,0,0,0,False,False,False,False,True
bdacc907-7c26-419f-8808-969eab3ca2e8,180bff9c-c8a5-4539-b13b-ddbc00d643e6,Molecular characterization of selectively vulnerable neurons in Alzheimer’s Disease: SFG microglia,Molecular characterization of selectively vulnerable neurons in Alzheimer's Disease,3799,10,1,50.0,87.0,37.0,8,10x 3' v2,nucleus,superior frontal gyrus,Alzheimer disease; normal,https://datasets.cellxgene.cziscience.com/8d2c2221-bc69-4648-90ce-cf4038dc4147.h5ad,9192362,10.1038/s41593-020-00764-7,,0.0,False,0,0,0,0,0,0,False,False,False,False,True
24066994-8183-488d-b037-ef6bb524af39,180bff9c-c8a5-4539-b13b-ddbc00d643e6,Molecular characterization of selectively vulnerable neurons in Alzheimer’s Disease: SFG oligodendrocyte,Molecular characterization of selectively vulnerable neurons in Alzheimer's Disease,15772,10,1,50.0,87.0,37.0,8,10x 3' v2,nucleus,superior frontal gyrus,Alzheimer disease; normal,https://datasets.cellxgene.cziscience.com/7f0ea144-6aae-485f-ba01-65001aaf9ff1.h5ad,36182077,10.1038/s41593-020-00764-7,,0.0,False,0,0,0,0,0,0,False,False,False,False,True
873ff933-4fda-4936-9a70-67df11af90ac,180bff9c-c8a5-4539-b13b-ddbc00d643e6,Molecular characterization of selectively vulnerable neurons in Alzheimer’s Disease: SFG excitatory neurons,Molecular characterization of selectively vulnerable neurons in Alzheimer's Disease,15833,10,1,50.0,87.0,37.0,8,10x 3' v2,nucleus,superior frontal gyrus,Alzheimer disease; normal,https://datasets.cellxgene.cziscience.com/4b37c80d-7b86-4b49-a13c-67f3c0b459b1.h5ad,106656674,10.1038/s41593-020-00764-7,,0.0,False,0,0,0,0,0,0,False,False,False,False,True
2727d83a-0af0-443a-bff8-58dc7028289a,180bff9c-c8a5-4539-b13b-ddbc00d643e6,Molecular characterization of selectively vulnerable neurons in Alzheimer’s Disease: Entorhinal Cortex,Molecular characterization of selectively vulnerable neurons in Alzheimer's Disease,42528,10,7,50.0,87.0,37.0,8,10x 3' v2,nucleus,entorhinal cortex,Alzheimer disease; normal,https://datasets.cellxgene.cziscience.com/bd45e577-ee39-4e44-942f-c26be669227d.h5ad,124899625,10.1038/s41593-020-00764-7,brain,1.0,True,0,1,0,0,0,0,False,False,False,False,True
b94e3bdf-a385-49cc-b312-7a63cc28b77a,180bff9c-c8a5-4539-b13b-ddbc00d643e6,Molecular characterization of selectively vulnerable neurons in Alzheimer’s Disease: SFG astrocytes,Molecular characterization of selectively vulnerable neurons in Alzheimer's Disease,5970,10,1,50.0,87.0,37.0,8,10x 3' v2,nucleus,superior frontal gyrus,Alzheimer disease; normal,https://datasets.cellxgene.cziscience.com/d67e298e-11a3-45ac-8c58-36c4b6c12119.h5ad,15610987,10.1038/s41593-020-00764-7,,0.0,False,0,0,0,0,0,0,False,False,False,False,True
75a881cf-5d88-46e2-bf9b-97e5cbc1bd56,180bff9c-c8a5-4539-b13b-ddbc00d643e6,Molecular characterization of selectively vulnerable neurons in Alzheimer’s Disease: EC inhibitory neurons,Molecular characterization of selectively vulnerable neurons in Alzheimer's Disease,5331,10,1,50.0,87.0,37.0,8,10x 3' v2,nucleus,entorhinal cortex,Alzheimer disease; normal,https://datasets.cellxgene.cziscience.com/3df99314-8a5b-47b8-a557-30b826c24b6e.h5ad,20811377,10.1038/s41593-020-00764-7,brain,1.0,True,0,1,0,0,0,0,False,False,False,False,True
cd77258f-b08b-4c89-b93f-6e6f146b1a4d,180bff9c-c8a5-4539-b13b-ddbc00d643e6,Molecular characterization of selectively vulnerable neurons in Alzheimer’s Disease: EC excitatory neurons,Molecular characterization of selectively vulnerable neurons in Alzheimer's Disease,8362,10,1,50.0,87.0,37.0,8,10x 3' v2,nucleus,entorhinal cortex,Alzheimer disease; normal,https://datasets.cellxgene.cziscience.com/fc756f6e-62e5-4ab5-b11f-69c391b65110.h5ad,46054732,10.1038/s41593-020-00764-7,brain,1.0,True,0,1,0,0,0,0,False,False,False,False,True
06b91002-4d3d-4d2e-8484-20c3b31e232c,180bff9c-c8a5-4539-b13b-ddbc00d643e6,Molecular characterization of selectively vulnerable neurons in Alzheimer’s Disease: EC astrocytes,Molecular characterization of selectively vulnerable neurons in Alzheimer's Disease,5500,10,1,50.0,87.0,37.0,8,10x 3' v2,nucleus,entorhinal cortex,Alzheimer disease; normal,https://datasets.cellxgene.cziscience.com/a79fa5c8-1b4f-4986-b5ba-f736e35eb561.h5ad,15079366,10.1038/s41593-020-00764-7,brain,1.0,True,0,1,0,0,0,0,False,False,False,False,True
1492eb6b-7d50-4c4d-94ac-c801a7d5555c,180bff9c-c8a5-4539-b13b-ddbc00d643e6,Molecular characterization of selectively vulnerable neurons in Alzheimer’s Disease: SFG inhibitory neurons,Molecular characterization of selectively vulnerable neurons in Alzheimer's Disease,7506,10,1,50.0,87.0,37.0,8,10x 3' v2,nucleus,superior frontal gyrus,Alzheimer disease; normal,https://datasets.cellxgene.cziscience.com/837e3b3a-dde2-4f47-94c0-aaeee01afefb.h5ad,34168326,10.1038/s41593-020-00764-7,,0.0,False,0,0,0,0,0,0,False,False,False,False,True
9f1049ac-f8b7-45ad-8e31-6e96c3e5058f,180bff9c-c8a5-4539-b13b-ddbc00d643e6,Molecular characterization of selectively vulnerable neurons in Alzheimer’s Disease: EC microglia,Molecular characterization of selectively vulnerable neurons in Alzheimer's Disease,5572,10,1,50.0,87.0,37.0,8,10x 3' v2,nucleus,entorhinal cortex,Alzheimer disease; normal,https://datasets.cellxgene.cziscience.com/8580d236-603f-4ec3-8a23-5c035b5476b9.h5ad,11798090,10.1038/s41593-020-00764-7,brain,1.0,True,0,1,0,0,0,0,False,False,False,False,True
f9ad5649-f372-43e1-a3a8-423383e5a8a2,180bff9c-c8a5-4539-b13b-ddbc00d643e6,Molecular characterization of selectively vulnerable neurons in Alzheimer’s Disease: EC oligodendrocyte,Molecular characterization of selectively vulnerable neurons in Alzheimer's Disease,8168,10,1,50.0,87.0,37.0,8,10x 3' v2,nucleus,entorhinal cortex,Alzheimer disease; normal,https://datasets.cellxgene.cziscience.com/8cf72665-2cbf-48e2-89ca-9488018fbc6a.h5ad,17328931,10.1038/s41593-020-00764-7,brain,1.0,True,0,1,0,0,0,0,False,False,False,False,True
456e8b9b-f872-488b-871d-94534090a865,a72afd53-ab92-4511-88da-252fb0e26b9a,Single-cell atlas of peripheral immune response to SARS-CoV-2 infection,Single-cell atlas of peripheral immune response to SARS-CoV-2 infection,44721,13,19,36.0,80.0,44.0,5,Seq-Well,cell,blood,COVID-19; normal,https://datasets.cellxgene.cziscience.com/8d7fad46-2f37-4aa0-ac9d-babbc36efb6f.h5ad,217094236,10.1038/s41591-020-0944-y,,0.0,False,0,0,0,0,0,0,False,False,False,False,True
2adb1f8a-a6b1-4909-8ee8-484814e2d4bf,38833785-fac5-48fd-944a-0f62a4c23ed1,Construction of a human cell landscape at single-cell level,Construction of a human cell landscape at single-cell level,599926,57,44,21.0,83.0,62.0,28,microwell-seq,cell,adipose tissue; adrenal gland; artery; ascending colon; bladder organ; blood; bone marrow; brain; cerebellum; chorionic villus; duodenum; embryonic stem cell; esophagus; eye; fallopian tube; gallbladder; heart; ileum; intestine; jejunum; kidney; liver; lung; muscle organ; omentum; ovary; pancreas; p,normal,https://datasets.cellxgene.cziscience.com/f56c02aa-01c0-4fe0-b0ef-7a92bdba5a29.h5ad,1401701630,10.1038/s41586-020-2157-4,brain,0.07142857142857142,True,0,2,0,1,1,1,False,False,False,True,True
fe2479fd-daff-41a8-97dc-a50457ab1871,00109df5-7810-4542-8db5-2288c46e0424,Massively multiplex chemical transcriptomics at single-cell resolution - MCF7,Massively multiplex chemical transcriptomics at single-cell resolution,292010,1,1,,,,0,sci-Plex,nucleus,MCF-7,normal,https://datasets.cellxgene.cziscience.com/11827060-951f-4196-9d7c-e69876a237d1.h5ad,1197024210,10.1126/science.aax6234,,0.0,False,0,0,0,0,0,0,False,False,False,False,True
e04daea4-4412-45b5-989e-76a9be070a89,5d445965-6f1a-4b68-ba3a-b8f765155d3a,"Krasnow Lab Human Lung Cell Atlas, Smart-seq2",A molecular cell atlas of the human lung from single cell RNA sequencing,9409,3,40,46.0,75.0,29.0,3,Smart-seq2,cell,blood; lung,normal,https://datasets.cellxgene.cziscience.com/c0ee0004-7bd1-4986-9b66-8a9d3593c0e6.h5ad,186675192,10.1038/s41586-020-2922-4,,0.0,False,0,0,0,0,0,0,False,False,False,False,True
38a78e91-e361-45c8-bae3-1d6d5108d18e,00109df5-7810-4542-8db5-2288c46e0424,Massively multiplex chemical transcriptomics at single-cell resolution - K562,Massively multiplex chemical transcriptomics at single-cell resolution,146752,1,1,,,,0,sci-Plex,nucleus,K-562,normal,https://datasets.cellxgene.cziscience.com/bfb85c80-1bc6-406d-8e77-fab98c2abb42.h5ad,321169049,10.1126/science.aax6234,,0.0,False,0,0,0,0,0,0,False,False,False,False,True
8c42cfd0-0b0a-46d5-910c-fc833d83c45e,5d445965-6f1a-4b68-ba3a-b8f765155d3a,"Krasnow Lab Human Lung Cell Atlas, 10X",A molecular cell atlas of the human lung from single cell RNA sequencing,65662,3,46,46.0,75.0,29.0,3,10x 3' v2,cell,blood; lung,normal,https://datasets.cellxgene.cziscience.com/f5568ea3-c249-4e4e-91f8-46abc30a5612.h5ad,596270115,10.1038/s41586-020-2922-4,,0.0,False,0,0,0,0,0,0,False,False,False,False,True
ca421096-6240-4cee-8c12-d20899b3e005,d0e9c47b-4ce7-4f84-b182-eddcfa0b2658,Single-cell gene expression profiling of SARS-CoV-2 infected human cell lines - H1299,Single-cell gene expression profiling of SARS-CoV-2 infected human cell lines,81736,1,1,,,,0,Drop-seq,cell,NCI-H1299,COVID-19; normal; severe acute respiratory syndrome,https://datasets.cellxgene.cziscience.com/8151bf56-2b61-45c9-b92e-184e3f27009d.h5ad,7036701247,10.1016/j.isci.2021.102151,,0.0,False,0,0,0,0,0,0,False,False,False,False,True
030faa69-ff79-4d85-8630-7c874a114c19,2a79d190-a41e-4408-88c8-ac5c4d03c0fc,Single-cell longitudinal analysis of SARS-CoV-2 infection in human bronchial epithelial cells,Single-cell longitudinal analysis of SARS-CoV-2 infection in human bronchial epithelial cells,77650,1,8,,,,0,10x 3' v3,cell,bronchial epithelial cell,COVID-19; normal,https://datasets.cellxgene.cziscience.com/fefdc876-5a8e-495f-a813-42ba6258a29e.h5ad,1075516832,10.1371/journal.pbio.3001143,,0.0,False,0,0,0,0,0,0,False,False,True,False,True
4b9e0a15-c006-45d9-860f-b8a43ccf7d9d,d0e9c47b-4ce7-4f84-b182-eddcfa0b2658,Single-cell gene expression profiling of SARS-CoV-2 infected human cell lines - Calu-3,Single-cell gene expression profiling of SARS-CoV-2 infected human cell lines,48890,1,1,,,,0,Drop-seq,cell,Calu-3,COVID-19; normal; severe acute respiratory syndrome,https://datasets.cellxgene.cziscience.com/531246ae-bf81-4517-9383-df0002561e5e.h5ad,4360265468,10.1016/j.isci.2021.102151,,0.0,False,0,0,0,0,0,0,False,False,False,False,True
108c2b65-4ea9-4792-8b5b-451842faf35b,00109df5-7810-4542-8db5-2288c46e0424,Massively multiplex chemical transcriptomics at single-cell resolution - A549,Massively multiplex chemical transcriptomics at single-cell resolution,143015,1,1,,,,0,sci-Plex,nucleus,A-549,normal,https://datasets.cellxgene.cziscience.com/7118667c-01c3-4dab-a53f-71ef952125af.h5ad,343030717,10.1126/science.aax6234,,0.0,False,0,0,0,0,0,0,False,False,False,False,True
