donor,celltype,site,pred,dist_own,scheme
Donor_100,GABAergic neuron,H,GABAergic neuron,15.154283808806463,within_site
Donor_100,L2/3 intratelencephalic projecting glutamatergic neuron,H,L2/3 intratelencephalic projecting glutamatergic neuron,7.4567909493184334,within_site
Donor_100,L2/3-6 intratelencephalic projecting glutamatergic neuron,H,L2/3-6 intratelencephalic projecting glutamatergic neuron,10.212678582585601,within_site
Donor_100,L5/6 near-projecting glutamatergic neuron,H,L5/6 near-projecting glutamatergic neuron,10.87965166054016,within_site
Donor_100,L6 corticothalamic-projecting glutamatergic cortical neuron,H,L6 corticothalamic-projecting glutamatergic cortical neuron,22.39248197666037,within_site
Donor_100,L6 intratelencephalic projecting glutamatergic neuron,H,L6 intratelencephalic projecting glutamatergic neuron,12.984696763923981,within_site
Donor_100,L6b glutamatergic neuron of the primary motor cortex,H,L6b glutamatergic neuron of the primary motor cortex,16.25681874683159,within_site
Donor_100,VIP GABAergic interneuron,H,VIP GABAergic interneuron,10.145774867584537,within_site
Donor_100,astrocyte,H,astrocyte,10.583677219370097,within_site
Donor_100,endothelial cell,H,endothelial cell,12.401312287061359,within_site
Donor_100,lamp5 GABAergic interneuron,H,lamp5 GABAergic interneuron,17.043403219301975,within_site
Donor_100,microglial cell,H,microglial cell,6.45418439469586,within_site
Donor_100,oligodendrocyte,H,oligodendrocyte,5.663478903313859,within_site
Donor_100,oligodendrocyte precursor cell,H,oligodendrocyte precursor cell,8.637372859424747,within_site
Donor_100,pericyte,H,pericyte,7.3003194645853124,within_site
Donor_100,pvalb GABAergic interneuron,H,pvalb GABAergic interneuron,14.561731193983746,within_site
Donor_100,sst GABAergic interneuron,H,sst GABAergic interneuron,5.750452210851515,within_site
Donor_100,vascular leptomeningeal cell,H,vascular leptomeningeal cell,15.417468197088965,within_site
Donor_1000,GABAergic neuron,H,GABAergic neuron,18.429142950334228,within_site
Donor_1000,L2/3 intratelencephalic projecting glutamatergic neuron,H,L2/3 intratelencephalic projecting glutamatergic neuron,16.08950239628582,within_site
Donor_1000,L2/3-6 intratelencephalic projecting glutamatergic neuron,H,L2/3-6 intratelencephalic projecting glutamatergic neuron,15.636983223095331,within_site
Donor_1000,L5/6 near-projecting glutamatergic neuron,H,L5/6 near-projecting glutamatergic neuron,13.893940918414538,within_site
Donor_1000,L6 corticothalamic-projecting glutamatergic cortical neuron,H,L6 corticothalamic-projecting glutamatergic cortical neuron,18.792674353611915,within_site
Donor_1000,L6 intratelencephalic projecting glutamatergic neuron,H,L6 intratelencephalic projecting glutamatergic neuron,16.39372762783018,within_site
Donor_1000,L6b glutamatergic neuron of the primary motor cortex,H,L6b glutamatergic neuron of the primary motor cortex,9.19397481212413,within_site
Donor_1000,VIP GABAergic interneuron,H,VIP GABAergic interneuron,20.703509274081767,within_site
Donor_1000,astrocyte,H,astrocyte,11.251438648613291,within_site
Donor_1000,endothelial cell,H,endothelial cell,27.182674274553623,within_site
Donor_1000,lamp5 GABAergic interneuron,H,lamp5 GABAergic interneuron,15.049317530361085,within_site
Donor_1000,microglial cell,H,microglial cell,15.690689423867079,within_site
Donor_1000,oligodendrocyte,H,oligodendrocyte,14.06084454736487,within_site
Donor_1000,oligodendrocyte precursor cell,H,oligodendrocyte precursor cell,14.908291197743393,within_site
Donor_1000,pericyte,H,pericyte,21.42705743591089,within_site
Donor_1000,pvalb GABAergic interneuron,H,pvalb GABAergic interneuron,14.735129691417546,within_site
Donor_1000,sst GABAergic interneuron,H,sst GABAergic interneuron,21.280962237697103,within_site
Donor_1009,GABAergic neuron,H,GABAergic neuron,30.070986168687917,within_site
Donor_1009,L2/3 intratelencephalic projecting glutamatergic neuron,H,L2/3 intratelencephalic projecting glutamatergic neuron,42.72810865988868,within_site
Donor_1009,L2/3-6 intratelencephalic projecting glutamatergic neuron,H,L2/3-6 intratelencephalic projecting glutamatergic neuron,51.720441956008685,within_site
Donor_1009,VIP GABAergic interneuron,H,VIP GABAergic interneuron,26.535060226773425,within_site
Donor_1009,astrocyte,H,astrocyte,21.160347692469234,within_site
Donor_1009,endothelial cell,H,endothelial cell,40.38860298371132,within_site
Donor_1009,lamp5 GABAergic interneuron,H,lamp5 GABAergic interneuron,51.627465087188,within_site
Donor_1009,microglial cell,H,microglial cell,75.7313260646079,within_site
Donor_1009,oligodendrocyte,H,oligodendrocyte,29.421348892308917,within_site
Donor_1009,oligodendrocyte precursor cell,H,oligodendrocyte precursor cell,16.09320257364848,within_site
Donor_1009,pericyte,H,pericyte,31.801822238869565,within_site
Donor_1009,pvalb GABAergic interneuron,H,pvalb GABAergic interneuron,41.09729979223418,within_site
Donor_1009,sst GABAergic interneuron,H,sst GABAergic interneuron,43.60799012498518,within_site
Donor_1013,GABAergic neuron,H,GABAergic neuron,9.346459799444629,within_site
Donor_1013,L2/3 intratelencephalic projecting glutamatergic neuron,H,L2/3 intratelencephalic projecting glutamatergic neuron,7.725855205134556,within_site
Donor_1013,L2/3-6 intratelencephalic projecting glutamatergic neuron,H,L2/3-6 intratelencephalic projecting glutamatergic neuron,14.211675990911191,within_site
Donor_1013,L5/6 near-projecting glutamatergic neuron,H,L5/6 near-projecting glutamatergic neuron,5.951091044026522,within_site
Donor_1013,L6 corticothalamic-projecting glutamatergic cortical neuron,H,L6 corticothalamic-projecting glutamatergic cortical neuron,9.033098872953632,within_site
Donor_1013,L6 intratelencephalic projecting glutamatergic neuron,H,L6 intratelencephalic projecting glutamatergic neuron,7.022423008426645,within_site
Donor_1013,L6b glutamatergic neuron of the primary motor cortex,H,L6b glutamatergic neuron of the primary motor cortex,6.914004194260934,within_site
Donor_1013,VIP GABAergic interneuron,H,VIP GABAergic interneuron,6.095565673846313,within_site
Donor_1013,astrocyte,H,astrocyte,6.272089621653576,within_site
Donor_1013,endothelial cell,H,endothelial cell,12.801882766404582,within_site
Donor_1013,lamp5 GABAergic interneuron,H,lamp5 GABAergic interneuron,10.927856033516282,within_site
Donor_1013,microglial cell,H,microglial cell,10.84714272095043,within_site
Donor_1013,oligodendrocyte,H,oligodendrocyte,10.527786264247677,within_site
Donor_1013,oligodendrocyte precursor cell,H,oligodendrocyte precursor cell,6.3463490861261915,within_site
Donor_1013,pericyte,H,pericyte,12.800487270714513,within_site
Donor_1013,pvalb GABAergic interneuron,H,pvalb GABAergic interneuron,6.2864302528237435,within_site
Donor_1013,sst GABAergic interneuron,H,sst GABAergic interneuron,7.4799190722140185,within_site
Donor_1013,vascular leptomeningeal cell,H,vascular leptomeningeal cell,22.008165890154956,within_site
Donor_1021,L2/3 intratelencephalic projecting glutamatergic neuron,M,L2/3 intratelencephalic projecting glutamatergic neuron,43.15630263085976,within_site
Donor_1021,L2/3-6 intratelencephalic projecting glutamatergic neuron,M,L2/3-6 intratelencephalic projecting glutamatergic neuron,40.35290380355742,within_site
Donor_1021,L5/6 near-projecting glutamatergic neuron,M,L5/6 near-projecting glutamatergic neuron,54.06682896402041,within_site
Donor_1021,L6 corticothalamic-projecting glutamatergic cortical neuron,M,L6 corticothalamic-projecting glutamatergic cortical neuron,32.38129665512245,within_site
Donor_1021,L6 intratelencephalic projecting glutamatergic neuron,M,L6 intratelencephalic projecting glutamatergic neuron,44.800823782352204,within_site
Donor_1021,L6b glutamatergic neuron of the primary motor cortex,M,L6b glutamatergic neuron of the primary motor cortex,42.605743886435995,within_site
Donor_1021,VIP GABAergic interneuron,M,VIP GABAergic interneuron,41.2171824138102,within_site
Donor_1021,astrocyte,M,astrocyte,17.16679964959377,within_site
Donor_1021,lamp5 GABAergic interneuron,M,lamp5 GABAergic interneuron,60.103766707312076,within_site
Donor_1021,microglial cell,M,microglial cell,16.789660315611123,within_site
Donor_1021,oligodendrocyte,M,oligodendrocyte,11.884139090137035,within_site
Donor_1021,oligodendrocyte precursor cell,M,oligodendrocyte precursor cell,15.811244435084463,within_site
Donor_1021,pvalb GABAergic interneuron,M,pvalb GABAergic interneuron,44.616289255715245,within_site
Donor_1021,sst GABAergic interneuron,M,sst GABAergic interneuron,48.430956400065185,within_site
Donor_1022,GABAergic neuron,M,GABAergic neuron,80.07652821608811,within_site
Donor_1022,L2/3 intratelencephalic projecting glutamatergic neuron,M,L2/3 intratelencephalic projecting glutamatergic neuron,99.40069826366914,within_site
Donor_1022,L2/3-6 intratelencephalic projecting glutamatergic neuron,M,L6 corticothalamic-projecting glutamatergic cortical neuron,83.98222041093136,within_site
Donor_1022,astrocyte,M,astrocyte,50.5234847451781,within_site
Donor_1022,microglial cell,M,microglial cell,64.70548012041994,within_site
Donor_1022,oligodendrocyte,M,oligodendrocyte,48.9119233928992,within_site
Donor_1022,oligodendrocyte precursor cell,M,oligodendrocyte precursor cell,60.11346661498208,within_site
Donor_1022,pericyte,M,pericyte,43.93391260036454,within_site
Donor_1029,GABAergic neuron,H,GABAergic neuron,14.20341793808452,within_site
Donor_1029,L2/3 intratelencephalic projecting glutamatergic neuron,H,L2/3 intratelencephalic projecting glutamatergic neuron,6.082876969250532,within_site
Donor_1029,L2/3-6 intratelencephalic projecting glutamatergic neuron,H,L2/3-6 intratelencephalic projecting glutamatergic neuron,4.639781909286162,within_site
Donor_1029,L5/6 near-projecting glutamatergic neuron,H,L5/6 near-projecting glutamatergic neuron,9.50483403486347,within_site
Donor_1029,L6 corticothalamic-projecting glutamatergic cortical neuron,H,L6 corticothalamic-projecting glutamatergic cortical neuron,13.510047210356703,within_site
Donor_1029,L6 intratelencephalic projecting glutamatergic neuron,H,L6 intratelencephalic projecting glutamatergic neuron,7.436796031798091,within_site
Donor_1029,L6b glutamatergic neuron of the primary motor cortex,H,L6b glutamatergic neuron of the primary motor cortex,17.46820869158049,within_site
Donor_1029,VIP GABAergic interneuron,H,VIP GABAergic interneuron,9.01385523002488,within_site
Donor_1029,astrocyte,H,astrocyte,18.799676554540483,within_site
Donor_1029,endothelial cell,H,endothelial cell,31.47449908058657,within_site
Donor_1029,lamp5 GABAergic interneuron,H,lamp5 GABAergic interneuron,6.199043930812713,within_site
Donor_1029,microglial cell,H,microglial cell,30.26112303243633,within_site
Donor_1029,oligodendrocyte,H,oligodendrocyte,21.4586937354075,within_site
Donor_1029,oligodendrocyte precursor cell,H,oligodendrocyte precursor cell,9.674318260775413,within_site
Donor_1029,pericyte,H,pericyte,27.908785785053652,within_site
Donor_1029,pvalb GABAergic interneuron,H,pvalb GABAergic interneuron,6.763247556577594,within_site
Donor_1029,smooth muscle cell,H,smooth muscle cell,43.68970764244384,within_site
Donor_1029,sst GABAergic interneuron,H,sst GABAergic interneuron,9.017211565613827,within_site
Donor_1029,vascular leptomeningeal cell,H,vascular leptomeningeal cell,24.51939815996554,within_site
Donor_1030,GABAergic neuron,M,GABAergic neuron,10.162034073942054,within_site
Donor_1030,L2/3 intratelencephalic projecting glutamatergic neuron,M,L2/3 intratelencephalic projecting glutamatergic neuron,15.519043309124863,within_site
Donor_1030,L2/3-6 intratelencephalic projecting glutamatergic neuron,M,L2/3-6 intratelencephalic projecting glutamatergic neuron,22.793674014935625,within_site
Donor_1030,VIP GABAergic interneuron,M,VIP GABAergic interneuron,7.222842130216556,within_site
Donor_1030,astrocyte,M,astrocyte,18.137630873025707,within_site
Donor_1030,lamp5 GABAergic interneuron,M,lamp5 GABAergic interneuron,15.361086723923457,within_site
Donor_1030,microglial cell,M,microglial cell,6.667302033677683,within_site
Donor_1030,oligodendrocyte,M,oligodendrocyte,14.60025863574395,within_site
Donor_1030,oligodendrocyte precursor cell,M,oligodendrocyte precursor cell,12.70128834262693,within_site
Donor_1030,pericyte,M,pericyte,26.471631923628827,within_site
Donor_1030,pvalb GABAergic interneuron,M,pvalb GABAergic interneuron,14.234061121859616,within_site
Donor_1030,sst GABAergic interneuron,M,sst GABAergic interneuron,18.538938696419667,within_site
Donor_1035,L2/3 intratelencephalic projecting glutamatergic neuron,M,L2/3 intratelencephalic projecting glutamatergic neuron,31.202730364492904,within_site
Donor_1035,L2/3-6 intratelencephalic projecting glutamatergic neuron,M,L2/3-6 intratelencephalic projecting glutamatergic neuron,28.461490953789255,within_site
Donor_1035,L6 intratelencephalic projecting glutamatergic neuron,M,L6 intratelencephalic projecting glutamatergic neuron,47.083441954493416,within_site
Donor_1035,VIP GABAergic interneuron,M,VIP GABAergic interneuron,33.31664131727538,within_site
Donor_1035,astrocyte,M,astrocyte,26.353889017805535,within_site
Donor_1035,lamp5 GABAergic interneuron,M,lamp5 GABAergic interneuron,30.6634113407901,within_site
Donor_1035,microglial cell,M,microglial cell,59.200293620985114,within_site
Donor_1035,oligodendrocyte,M,oligodendrocyte,21.363465737380107,within_site
Donor_1035,oligodendrocyte precursor cell,M,oligodendrocyte precursor cell,28.891708727251316,within_site
Donor_1035,pvalb GABAergic interneuron,M,pvalb GABAergic interneuron,33.709557031734285,within_site
Donor_1037,L2/3 intratelencephalic projecting glutamatergic neuron,M,L2/3 intratelencephalic projecting glutamatergic neuron,43.95921335451255,within_site
Donor_1037,L2/3-6 intratelencephalic projecting glutamatergic neuron,M,L2/3-6 intratelencephalic projecting glutamatergic neuron,37.648775390590146,within_site
Donor_1037,astrocyte,M,astrocyte,21.695341540983176,within_site
Donor_1037,microglial cell,M,microglial cell,19.298076696940598,within_site
Donor_1037,oligodendrocyte,M,oligodendrocyte,9.770019293570385,within_site
Donor_1037,oligodendrocyte precursor cell,M,oligodendrocyte precursor cell,11.66919960219593,within_site
Donor_1045,GABAergic neuron,M,GABAergic neuron,37.43931287258824,within_site
Donor_1045,L2/3 intratelencephalic projecting glutamatergic neuron,M,L2/3 intratelencephalic projecting glutamatergic neuron,40.60224198647585,within_site
Donor_1045,L2/3-6 intratelencephalic projecting glutamatergic neuron,M,L2/3-6 intratelencephalic projecting glutamatergic neuron,38.536516747679904,within_site
Donor_1045,VIP GABAergic interneuron,M,VIP GABAergic interneuron,38.99182815892484,within_site
Donor_1045,astrocyte,M,astrocyte,32.28721952592532,within_site
Donor_1045,lamp5 GABAergic interneuron,M,lamp5 GABAergic interneuron,43.77817216011501,within_site
Donor_1045,microglial cell,M,microglial cell,24.652088693845936,within_site
Donor_1045,oligodendrocyte,M,oligodendrocyte,31.252114334784338,within_site
Donor_1045,oligodendrocyte precursor cell,M,oligodendrocyte precursor cell,40.77289985319778,within_site
Donor_1045,pvalb GABAergic interneuron,M,pvalb GABAergic interneuron,46.040689418194674,within_site
Donor_1045,sst GABAergic interneuron,M,sst GABAergic interneuron,30.20140886801803,within_site
Donor_1059,GABAergic neuron,M,GABAergic neuron,37.110258030237866,within_site
Donor_1059,L2/3 intratelencephalic projecting glutamatergic neuron,M,L2/3 intratelencephalic projecting glutamatergic neuron,16.531328227343383,within_site
Donor_1059,L2/3-6 intratelencephalic projecting glutamatergic neuron,M,L2/3-6 intratelencephalic projecting glutamatergic neuron,18.287307254326368,within_site
Donor_1059,L5/6 near-projecting glutamatergic neuron,M,L5/6 near-projecting glutamatergic neuron,30.87451562395113,within_site
Donor_1059,L6 corticothalamic-projecting glutamatergic cortical neuron,M,L6 corticothalamic-projecting glutamatergic cortical neuron,22.681641803173093,within_site
Donor_1059,L6 intratelencephalic projecting glutamatergic neuron,M,L6 intratelencephalic projecting glutamatergic neuron,41.21893492744698,within_site
Donor_1059,L6b glutamatergic neuron of the primary motor cortex,M,L6b glutamatergic neuron of the primary motor cortex,36.26801231179627,within_site
Donor_1059,VIP GABAergic interneuron,M,VIP GABAergic interneuron,30.298673734866643,within_site
Donor_1059,astrocyte,M,astrocyte,10.298651873384491,within_site
Donor_1059,lamp5 GABAergic interneuron,M,lamp5 GABAergic interneuron,31.810821630381025,within_site
Donor_1059,microglial cell,M,microglial cell,11.491793352752026,within_site
Donor_1059,oligodendrocyte,M,oligodendrocyte,6.830587972402312,within_site
Donor_1059,oligodendrocyte precursor cell,M,oligodendrocyte precursor cell,7.791851065897216,within_site
Donor_1059,pvalb GABAergic interneuron,M,pvalb GABAergic interneuron,34.928960139911005,within_site
Donor_1059,sst GABAergic interneuron,M,sst GABAergic interneuron,34.96738454891334,within_site
Donor_106,GABAergic neuron,M,GABAergic neuron,37.54825737349598,within_site
Donor_106,L2/3 intratelencephalic projecting glutamatergic neuron,M,L2/3 intratelencephalic projecting glutamatergic neuron,30.476186861687363,within_site
Donor_106,L2/3-6 intratelencephalic projecting glutamatergic neuron,M,L2/3-6 intratelencephalic projecting glutamatergic neuron,31.226613567367572,within_site
Donor_106,VIP GABAergic interneuron,M,VIP GABAergic interneuron,18.158752679757146,within_site
Donor_106,astrocyte,M,astrocyte,31.258083528407422,within_site
Donor_106,lamp5 GABAergic interneuron,M,lamp5 GABAergic interneuron,32.08223842035029,within_site
Donor_106,microglial cell,M,microglial cell,28.838692137870808,within_site
Donor_106,oligodendrocyte,M,oligodendrocyte,34.76173531416924,within_site
Donor_106,oligodendrocyte precursor cell,M,oligodendrocyte precursor cell,28.940149502263896,within_site
Donor_106,pvalb GABAergic interneuron,M,pvalb GABAergic interneuron,30.422358601578406,within_site
Donor_106,sst GABAergic interneuron,M,sst GABAergic interneuron,23.39197062165322,within_site
Donor_1062,GABAergic neuron,M,GABAergic neuron,16.047054786644317,within_site
Donor_1062,L2/3 intratelencephalic projecting glutamatergic neuron,M,L2/3 intratelencephalic projecting glutamatergic neuron,20.28361270722468,within_site
Donor_1062,L2/3-6 intratelencephalic projecting glutamatergic neuron,M,L2/3-6 intratelencephalic projecting glutamatergic neuron,6.862240376687688,within_site
Donor_1062,L6 corticothalamic-projecting glutamatergic cortical neuron,M,L6 corticothalamic-projecting glutamatergic cortical neuron,7.8279363923025835,within_site
Donor_1062,VIP GABAergic interneuron,M,VIP GABAergic interneuron,11.422714975304523,within_site
Donor_1062,astrocyte,M,astrocyte,29.604148241286182,within_site
Donor_1062,endothelial cell,M,endothelial cell,15.97256480304873,within_site
Donor_1062,lamp5 GABAergic interneuron,M,lamp5 GABAergic interneuron,6.321313525016965,within_site
Donor_1062,microglial cell,M,microglial cell,23.776135003453053,within_site
Donor_1062,oligodendrocyte,M,oligodendrocyte,15.17349176835269,within_site
Donor_1062,oligodendrocyte precursor cell,M,oligodendrocyte precursor cell,24.684130601017248,within_site
Donor_1062,pericyte,M,pericyte,29.156024144230617,within_site
Donor_1062,pvalb GABAergic interneuron,M,pvalb GABAergic interneuron,17.88680019774527,within_site
Donor_1062,sst GABAergic interneuron,M,sst GABAergic interneuron,7.113828109553662,within_site
Donor_1062,vascular leptomeningeal cell,M,vascular leptomeningeal cell,27.391616006883726,within_site
Donor_1070,GABAergic neuron,M,GABAergic neuron,40.13656504337026,within_site
Donor_1070,L2/3 intratelencephalic projecting glutamatergic neuron,M,L2/3 intratelencephalic projecting glutamatergic neuron,36.23476310571863,within_site
Donor_1070,L2/3-6 intratelencephalic projecting glutamatergic neuron,M,L2/3-6 intratelencephalic projecting glutamatergic neuron,40.94855974976455,within_site
Donor_1070,L6 corticothalamic-projecting glutamatergic cortical neuron,M,L6 corticothalamic-projecting glutamatergic cortical neuron,17.11413665307671,within_site
Donor_1070,L6 intratelencephalic projecting glutamatergic neuron,M,L6 intratelencephalic projecting glutamatergic neuron,30.0734941191726,within_site
Donor_1070,VIP GABAergic interneuron,M,VIP GABAergic interneuron,42.11335371533992,within_site
Donor_1070,astrocyte,M,astrocyte,32.93838050086254,within_site
Donor_1070,lamp5 GABAergic interneuron,M,lamp5 GABAergic interneuron,40.80592608920763,within_site
Donor_1070,microglial cell,M,microglial cell,34.018966897576334,within_site
Donor_1070,oligodendrocyte,M,oligodendrocyte,20.27728683636458,within_site
Donor_1070,oligodendrocyte precursor cell,M,oligodendrocyte precursor cell,41.62812633455128,within_site
Donor_1070,pvalb GABAergic interneuron,M,pvalb GABAergic interneuron,33.1451732859492,within_site
Donor_1070,sst GABAergic interneuron,M,sst GABAergic interneuron,28.69882673650373,within_site
Donor_1076,GABAergic neuron,M,GABAergic neuron,39.34416394599629,within_site
Donor_1076,L2/3 intratelencephalic projecting glutamatergic neuron,M,L2/3 intratelencephalic projecting glutamatergic neuron,30.349838509521014,within_site
Donor_1076,VIP GABAergic interneuron,M,VIP GABAergic interneuron,30.365725155938897,within_site
Donor_1076,astrocyte,M,astrocyte,18.059018825146243,within_site
Donor_1076,endothelial cell,M,endothelial cell,32.496900277059794,within_site
Donor_1076,lamp5 GABAergic interneuron,M,lamp5 GABAergic interneuron,59.554158947765984,within_site
Donor_1076,microglial cell,M,microglial cell,49.29298038374264,within_site
Donor_1076,oligodendrocyte,M,oligodendrocyte,16.93127059030757,within_site
Donor_1076,oligodendrocyte precursor cell,M,oligodendrocyte precursor cell,24.701333190795793,within_site
Donor_1076,pericyte,M,pericyte,14.714445353104379,within_site
Donor_1076,pvalb GABAergic interneuron,M,pvalb GABAergic interneuron,52.47356596865313,within_site
Donor_1087,GABAergic neuron,M,GABAergic neuron,53.34234881585954,within_site
Donor_1087,L2/3 intratelencephalic projecting glutamatergic neuron,M,L2/3 intratelencephalic projecting glutamatergic neuron,21.330170093671455,within_site
Donor_1087,L2/3-6 intratelencephalic projecting glutamatergic neuron,M,L2/3-6 intratelencephalic projecting glutamatergic neuron,27.649567206248342,within_site
Donor_1087,L6 corticothalamic-projecting glutamatergic cortical neuron,M,L6 corticothalamic-projecting glutamatergic cortical neuron,40.43559230776918,within_site
Donor_1087,L6 intratelencephalic projecting glutamatergic neuron,M,L6 intratelencephalic projecting glutamatergic neuron,39.20838408011036,within_site
Donor_1087,VIP GABAergic interneuron,M,VIP GABAergic interneuron,38.321153412988046,within_site
Donor_1087,astrocyte,M,astrocyte,11.558728815972085,within_site
Donor_1087,endothelial cell,M,endothelial cell,35.63297564232486,within_site
Donor_1087,lamp5 GABAergic interneuron,M,lamp5 GABAergic interneuron,29.45011114589155,within_site
Donor_1087,microglial cell,M,microglial cell,9.978554971014413,within_site
Donor_1087,oligodendrocyte,M,oligodendrocyte,10.470504679550213,within_site
Donor_1087,oligodendrocyte precursor cell,M,oligodendrocyte precursor cell,8.082776845585613,within_site
Donor_1087,pvalb GABAergic interneuron,M,pvalb GABAergic interneuron,23.34630569877994,within_site
Donor_1087,sst GABAergic interneuron,M,sst GABAergic interneuron,41.70597294561174,within_site
Donor_1088,GABAergic neuron,H,GABAergic neuron,27.594779950580868,within_site
Donor_1088,L2/3 intratelencephalic projecting glutamatergic neuron,H,L2/3 intratelencephalic projecting glutamatergic neuron,35.91534346974611,within_site
Donor_1088,L2/3-6 intratelencephalic projecting glutamatergic neuron,H,L2/3-6 intratelencephalic projecting glutamatergic neuron,35.999208897196816,within_site
Donor_1088,L5/6 near-projecting glutamatergic neuron,H,L5/6 near-projecting glutamatergic neuron,27.648279666397276,within_site
Donor_1088,L6 corticothalamic-projecting glutamatergic cortical neuron,H,L6 corticothalamic-projecting glutamatergic cortical neuron,37.676829937641045,within_site
Donor_1088,L6 intratelencephalic projecting glutamatergic neuron,H,L6 intratelencephalic projecting glutamatergic neuron,35.85351004872182,within_site
Donor_1088,L6b glutamatergic neuron of the primary motor cortex,H,L6b glutamatergic neuron of the primary motor cortex,28.865252277676536,within_site
Donor_1088,VIP GABAergic interneuron,H,VIP GABAergic interneuron,32.86854122426201,within_site
Donor_1088,astrocyte,H,astrocyte,21.062133312876984,within_site
Donor_1088,endothelial cell,H,endothelial cell,42.784167292731254,within_site
Donor_1088,lamp5 GABAergic interneuron,H,lamp5 GABAergic interneuron,32.146921327532624,within_site
Donor_1088,microglial cell,H,microglial cell,39.821265932213805,within_site
Donor_1088,oligodendrocyte,H,oligodendrocyte,28.370991959929327,within_site
Donor_1088,oligodendrocyte precursor cell,H,oligodendrocyte precursor cell,32.95121686716984,within_site
Donor_1088,pericyte,H,pericyte,43.733220812564596,within_site
Donor_1088,pvalb GABAergic interneuron,H,pvalb GABAergic interneuron,31.596672702903998,within_site
Donor_1088,sst GABAergic interneuron,H,sst GABAergic interneuron,31.526091488819592,within_site
Donor_1088,vascular leptomeningeal cell,H,vascular leptomeningeal cell,31.705806617335163,within_site
Donor_1100,GABAergic neuron,H,GABAergic neuron,6.724539661578921,within_site
Donor_1100,L2/3 intratelencephalic projecting glutamatergic neuron,H,L2/3 intratelencephalic projecting glutamatergic neuron,15.33348587224469,within_site
Donor_1100,L2/3-6 intratelencephalic projecting glutamatergic neuron,H,L2/3-6 intratelencephalic projecting glutamatergic neuron,18.29089019259354,within_site
Donor_1100,VIP GABAergic interneuron,H,VIP GABAergic interneuron,11.772253268422697,within_site
Donor_1100,astrocyte,H,astrocyte,9.544904468978721,within_site
Donor_1100,endothelial cell,H,endothelial cell,14.4382115144087,within_site
Donor_1100,lamp5 GABAergic interneuron,H,lamp5 GABAergic interneuron,11.931196394304184,within_site
Donor_1100,microglial cell,H,microglial cell,16.20197285244074,within_site
Donor_1100,oligodendrocyte,H,oligodendrocyte,11.117221787747045,within_site
Donor_1100,oligodendrocyte precursor cell,H,oligodendrocyte precursor cell,15.892628980992056,within_site
Donor_1100,pericyte,H,pericyte,19.39855426269643,within_site
Donor_1100,pvalb GABAergic interneuron,H,pvalb GABAergic interneuron,15.196485713340511,within_site
Donor_1100,sst GABAergic interneuron,H,sst GABAergic interneuron,11.425308438080233,within_site
Donor_1107,GABAergic neuron,M,GABAergic neuron,11.815145852193627,within_site
Donor_1107,L2/3 intratelencephalic projecting glutamatergic neuron,M,L2/3 intratelencephalic projecting glutamatergic neuron,11.02567903101477,within_site
Donor_1107,L2/3-6 intratelencephalic projecting glutamatergic neuron,M,L2/3-6 intratelencephalic projecting glutamatergic neuron,26.701904757424643,within_site
Donor_1107,L6 corticothalamic-projecting glutamatergic cortical neuron,M,L6 corticothalamic-projecting glutamatergic cortical neuron,19.614469647493404,within_site
Donor_1107,L6 intratelencephalic projecting glutamatergic neuron,M,L6 intratelencephalic projecting glutamatergic neuron,22.860404294842326,within_site
Donor_1107,L6b glutamatergic neuron of the primary motor cortex,M,L6b glutamatergic neuron of the primary motor cortex,12.676030808110154,within_site
Donor_1107,VIP GABAergic interneuron,M,VIP GABAergic interneuron,9.180233042540035,within_site
Donor_1107,astrocyte,M,astrocyte,11.910949838757588,within_site
Donor_1107,lamp5 GABAergic interneuron,M,lamp5 GABAergic interneuron,6.698495750379649,within_site
Donor_1107,microglial cell,M,microglial cell,16.627761397944955,within_site
Donor_1107,oligodendrocyte,M,oligodendrocyte,10.934277898473324,within_site
Donor_1107,oligodendrocyte precursor cell,M,oligodendrocyte precursor cell,7.25542997388327,within_site
Donor_1107,pvalb GABAergic interneuron,M,pvalb GABAergic interneuron,4.5979773019326275,within_site
Donor_1107,sst GABAergic interneuron,M,sst GABAergic interneuron,11.082124541672178,within_site
Donor_111,GABAergic neuron,H,GABAergic neuron,25.933826030503205,within_site
Donor_111,L2/3 intratelencephalic projecting glutamatergic neuron,H,L2/3 intratelencephalic projecting glutamatergic neuron,31.607766889368914,within_site
Donor_111,L2/3-6 intratelencephalic projecting glutamatergic neuron,H,L2/3-6 intratelencephalic projecting glutamatergic neuron,30.475353755729596,within_site
Donor_111,L5/6 near-projecting glutamatergic neuron,H,L5/6 near-projecting glutamatergic neuron,36.09789781710114,within_site
Donor_111,L6 corticothalamic-projecting glutamatergic cortical neuron,H,L6 corticothalamic-projecting glutamatergic cortical neuron,30.366477729889198,within_site
Donor_111,L6 intratelencephalic projecting glutamatergic neuron,H,L6 intratelencephalic projecting glutamatergic neuron,36.06421507705275,within_site
Donor_111,L6b glutamatergic neuron of the primary motor cortex,H,L6b glutamatergic neuron of the primary motor cortex,40.52804304484353,within_site
Donor_111,VIP GABAergic interneuron,H,VIP GABAergic interneuron,31.563114161140128,within_site
Donor_111,astrocyte,H,astrocyte,12.273254671496124,within_site
Donor_111,endothelial cell,H,endothelial cell,14.307564168952537,within_site
Donor_111,lamp5 GABAergic interneuron,H,lamp5 GABAergic interneuron,30.602080374127937,within_site
Donor_111,microglial cell,H,microglial cell,23.795811093025105,within_site
Donor_111,oligodendrocyte,H,oligodendrocyte,20.3530296829882,within_site
Donor_111,oligodendrocyte precursor cell,H,oligodendrocyte precursor cell,25.063575130280118,within_site
Donor_111,pericyte,H,pericyte,25.640058197092344,within_site
Donor_111,perivascular macrophage,H,perivascular macrophage,45.83957502624793,within_site
Donor_111,pvalb GABAergic interneuron,H,pvalb GABAergic interneuron,33.05464220849777,within_site
Donor_111,smooth muscle cell,H,smooth muscle cell,55.49988858742225,within_site
Donor_111,sst GABAergic interneuron,H,sst GABAergic interneuron,25.754388609299518,within_site
Donor_111,vascular leptomeningeal cell,H,vascular leptomeningeal cell,46.662472178943,within_site
Donor_1117,GABAergic neuron,H,GABAergic neuron,10.66012148289099,within_site
Donor_1117,L2/3 intratelencephalic projecting glutamatergic neuron,H,L2/3 intratelencephalic projecting glutamatergic neuron,12.568415379316866,within_site
Donor_1117,L2/3-6 intratelencephalic projecting glutamatergic neuron,H,L2/3-6 intratelencephalic projecting glutamatergic neuron,24.051186167395674,within_site
Donor_1117,L5/6 near-projecting glutamatergic neuron,H,L5/6 near-projecting glutamatergic neuron,26.159624591254264,within_site
Donor_1117,L6 corticothalamic-projecting glutamatergic cortical neuron,H,L6 corticothalamic-projecting glutamatergic cortical neuron,35.2657705346661,within_site
Donor_1117,L6 intratelencephalic projecting glutamatergic neuron,H,L6 intratelencephalic projecting glutamatergic neuron,43.281567457947226,within_site
Donor_1117,VIP GABAergic interneuron,H,VIP GABAergic interneuron,7.902263246785599,within_site
Donor_1117,astrocyte,H,astrocyte,23.23081329695229,within_site
Donor_1117,endothelial cell,H,endothelial cell,84.23747909789898,within_site
Donor_1117,lamp5 GABAergic interneuron,H,lamp5 GABAergic interneuron,12.099946520523451,within_site
Donor_1117,microglial cell,H,microglial cell,24.820897782317534,within_site
Donor_1117,oligodendrocyte,H,oligodendrocyte,11.718633849708857,within_site
Donor_1117,oligodendrocyte precursor cell,H,oligodendrocyte precursor cell,17.452235349934433,within_site
Donor_1117,pericyte,H,pericyte,18.485994942697594,within_site
Donor_1117,pvalb GABAergic interneuron,H,pvalb GABAergic interneuron,14.276296262091748,within_site
Donor_1117,sst GABAergic interneuron,H,sst GABAergic interneuron,18.6953423512606,within_site
Donor_1124,GABAergic neuron,M,GABAergic neuron,14.763748338393311,within_site
Donor_1124,L2/3 intratelencephalic projecting glutamatergic neuron,M,L2/3 intratelencephalic projecting glutamatergic neuron,8.383190846268347,within_site
Donor_1124,L2/3-6 intratelencephalic projecting glutamatergic neuron,M,L2/3-6 intratelencephalic projecting glutamatergic neuron,9.931323054361387,within_site
Donor_1124,VIP GABAergic interneuron,M,VIP GABAergic interneuron,4.6832302432643935,within_site
Donor_1124,astrocyte,M,astrocyte,9.89725497422779,within_site
Donor_1124,lamp5 GABAergic interneuron,M,lamp5 GABAergic interneuron,7.221744889734108,within_site
Donor_1124,microglial cell,M,microglial cell,21.400688100198373,within_site
Donor_1124,oligodendrocyte,M,oligodendrocyte,24.316648903562463,within_site
Donor_1124,oligodendrocyte precursor cell,M,oligodendrocyte precursor cell,16.473478994836466,within_site
Donor_1124,pvalb GABAergic interneuron,M,pvalb GABAergic interneuron,4.711345205412225,within_site
Donor_1124,sst GABAergic interneuron,M,sst GABAergic interneuron,7.509473530237985,within_site
Donor_1136,GABAergic neuron,H,GABAergic neuron,19.540521463685007,within_site
Donor_1136,L2/3 intratelencephalic projecting glutamatergic neuron,H,L2/3 intratelencephalic projecting glutamatergic neuron,19.247364475771054,within_site
Donor_1136,L2/3-6 intratelencephalic projecting glutamatergic neuron,H,L2/3-6 intratelencephalic projecting glutamatergic neuron,19.011079354641446,within_site
Donor_1136,L5/6 near-projecting glutamatergic neuron,H,L5/6 near-projecting glutamatergic neuron,13.663767149243052,within_site
Donor_1136,L6 corticothalamic-projecting glutamatergic cortical neuron,H,L6 corticothalamic-projecting glutamatergic cortical neuron,19.486014849188493,within_site
Donor_1136,L6 intratelencephalic projecting glutamatergic neuron,H,L6 intratelencephalic projecting glutamatergic neuron,16.93736301136189,within_site
Donor_1136,L6b glutamatergic neuron of the primary motor cortex,H,L6b glutamatergic neuron of the primary motor cortex,14.98354406460838,within_site
Donor_1136,VIP GABAergic interneuron,H,VIP GABAergic interneuron,19.403363099603887,within_site
Donor_1136,astrocyte,H,astrocyte,19.425694367759014,within_site
Donor_1136,endothelial cell,H,endothelial cell,13.540713129249351,within_site
Donor_1136,lamp5 GABAergic interneuron,H,lamp5 GABAergic interneuron,19.340891460535513,within_site
Donor_1136,microglial cell,H,microglial cell,16.935073926840158,within_site
Donor_1136,oligodendrocyte,H,oligodendrocyte,15.126105737106952,within_site
Donor_1136,oligodendrocyte precursor cell,H,oligodendrocyte precursor cell,13.91772131798388,within_site
Donor_1136,pericyte,H,pericyte,16.524260515692895,within_site
Donor_1136,pvalb GABAergic interneuron,H,pvalb GABAergic interneuron,16.709127273754792,within_site
Donor_1136,sst GABAergic interneuron,H,sst GABAergic interneuron,18.377926386886145,within_site
Donor_1137,GABAergic neuron,H,GABAergic neuron,13.129474076372663,within_site
Donor_1137,L2/3 intratelencephalic projecting glutamatergic neuron,H,L2/3 intratelencephalic projecting glutamatergic neuron,15.441164125869182,within_site
Donor_1137,L2/3-6 intratelencephalic projecting glutamatergic neuron,H,L2/3-6 intratelencephalic projecting glutamatergic neuron,15.581973826351883,within_site
Donor_1137,L5/6 near-projecting glutamatergic neuron,H,L5/6 near-projecting glutamatergic neuron,11.19820581633432,within_site
Donor_1137,L6 corticothalamic-projecting glutamatergic cortical neuron,H,L6 corticothalamic-projecting glutamatergic cortical neuron,16.864960714451268,within_site
Donor_1137,L6 intratelencephalic projecting glutamatergic neuron,H,L6 intratelencephalic projecting glutamatergic neuron,13.459986530504938,within_site
Donor_1137,L6b glutamatergic neuron of the primary motor cortex,H,L6b glutamatergic neuron of the primary motor cortex,11.572968913963956,within_site
Donor_1137,VIP GABAergic interneuron,H,VIP GABAergic interneuron,10.802282981231983,within_site
Donor_1137,astrocyte,H,astrocyte,14.677841711449842,within_site
Donor_1137,endothelial cell,H,endothelial cell,16.39388659086819,within_site
Donor_1137,lamp5 GABAergic interneuron,H,lamp5 GABAergic interneuron,13.655017651545174,within_site
Donor_1137,microglial cell,H,microglial cell,15.4650868004154,within_site
Donor_1137,oligodendrocyte,H,oligodendrocyte,18.21307412427494,within_site
Donor_1137,oligodendrocyte precursor cell,H,oligodendrocyte precursor cell,10.996475525968004,within_site
Donor_1137,pericyte,H,pericyte,22.220055174128984,within_site
Donor_1137,pvalb GABAergic interneuron,H,pvalb GABAergic interneuron,12.983564263636982,within_site
Donor_1137,sst GABAergic interneuron,H,sst GABAergic interneuron,19.593332753038638,within_site
Donor_1137,vascular leptomeningeal cell,H,vascular leptomeningeal cell,13.546649221400335,within_site
Donor_1138,GABAergic neuron,M,GABAergic neuron,15.647058440595702,within_site
Donor_1138,L2/3 intratelencephalic projecting glutamatergic neuron,M,L2/3 intratelencephalic projecting glutamatergic neuron,14.862947057791489,within_site
Donor_1138,L2/3-6 intratelencephalic projecting glutamatergic neuron,M,L2/3-6 intratelencephalic projecting glutamatergic neuron,13.552444674395261,within_site
Donor_1138,L5/6 near-projecting glutamatergic neuron,M,L5/6 near-projecting glutamatergic neuron,11.81173189129365,within_site
Donor_1138,L6 corticothalamic-projecting glutamatergic cortical neuron,M,L6 corticothalamic-projecting glutamatergic cortical neuron,8.709193441575646,within_site
Donor_1138,L6 intratelencephalic projecting glutamatergic neuron,M,L6 intratelencephalic projecting glutamatergic neuron,12.888441193710095,within_site
Donor_1138,L6b glutamatergic neuron of the primary motor cortex,M,L6b glutamatergic neuron of the primary motor cortex,10.803588535190695,within_site
Donor_1138,VIP GABAergic interneuron,M,VIP GABAergic interneuron,7.572123158072989,within_site
Donor_1138,astrocyte,M,astrocyte,17.32225037562475,within_site
Donor_1138,endothelial cell,M,endothelial cell,12.777437738109647,within_site
Donor_1138,lamp5 GABAergic interneuron,M,lamp5 GABAergic interneuron,11.01561881095275,within_site
Donor_1138,microglial cell,M,microglial cell,26.503529481177225,within_site
Donor_1138,oligodendrocyte,M,oligodendrocyte,13.547103419603907,within_site
Donor_1138,oligodendrocyte precursor cell,M,oligodendrocyte precursor cell,21.224644654519697,within_site
Donor_1138,pericyte,M,pericyte,18.9502385931742,within_site
Donor_1138,pvalb GABAergic interneuron,M,pvalb GABAergic interneuron,12.432617620175748,within_site
Donor_1138,sst GABAergic interneuron,M,sst GABAergic interneuron,12.131545645053839,within_site
Donor_1150,GABAergic neuron,M,GABAergic neuron,35.05736030307323,within_site
Donor_1150,L2/3 intratelencephalic projecting glutamatergic neuron,M,L2/3 intratelencephalic projecting glutamatergic neuron,32.33833281868175,within_site
Donor_1150,L2/3-6 intratelencephalic projecting glutamatergic neuron,M,L2/3-6 intratelencephalic projecting glutamatergic neuron,33.7411316187444,within_site
Donor_1150,L6 corticothalamic-projecting glutamatergic cortical neuron,M,L6 corticothalamic-projecting glutamatergic cortical neuron,19.87949170099135,within_site
Donor_1150,L6 intratelencephalic projecting glutamatergic neuron,M,L6 intratelencephalic projecting glutamatergic neuron,26.059440578411404,within_site
Donor_1150,VIP GABAergic interneuron,M,VIP GABAergic interneuron,34.00898858421638,within_site
Donor_1150,astrocyte,M,astrocyte,26.89401080900523,within_site
Donor_1150,endothelial cell,M,endothelial cell,13.711316422979177,within_site
Donor_1150,lamp5 GABAergic interneuron,M,lamp5 GABAergic interneuron,37.53373713798906,within_site
Donor_1150,microglial cell,M,microglial cell,40.36069603684489,within_site
Donor_1150,oligodendrocyte,M,oligodendrocyte,20.317427532594845,within_site
Donor_1150,oligodendrocyte precursor cell,M,oligodendrocyte precursor cell,27.051064849093436,within_site
Donor_1150,pvalb GABAergic interneuron,M,pvalb GABAergic interneuron,37.939449846080805,within_site
Donor_1150,sst GABAergic interneuron,M,sst GABAergic interneuron,24.355416940804368,within_site
Donor_1157,GABAergic neuron,H,GABAergic neuron,6.637017958333894,within_site
Donor_1157,L2/3 intratelencephalic projecting glutamatergic neuron,H,L2/3 intratelencephalic projecting glutamatergic neuron,6.718882646873255,within_site
Donor_1157,L2/3-6 intratelencephalic projecting glutamatergic neuron,H,L2/3-6 intratelencephalic projecting glutamatergic neuron,9.952537397323646,within_site
Donor_1157,L5/6 near-projecting glutamatergic neuron,H,L5/6 near-projecting glutamatergic neuron,5.824644308130567,within_site
Donor_1157,L6 corticothalamic-projecting glutamatergic cortical neuron,H,L6 corticothalamic-projecting glutamatergic cortical neuron,11.862330518079423,within_site
Donor_1157,L6 intratelencephalic projecting glutamatergic neuron,H,L6 intratelencephalic projecting glutamatergic neuron,11.117908797374161,within_site
Donor_1157,L6b glutamatergic neuron of the primary motor cortex,H,L6b glutamatergic neuron of the primary motor cortex,15.805167719396556,within_site
Donor_1157,VIP GABAergic interneuron,H,VIP GABAergic interneuron,4.53696605508541,within_site
Donor_1157,astrocyte,H,astrocyte,11.590027215289268,within_site
Donor_1157,endothelial cell,H,endothelial cell,9.975968389768116,within_site
Donor_1157,lamp5 GABAergic interneuron,H,lamp5 GABAergic interneuron,6.003032963480576,within_site
Donor_1157,microglial cell,H,microglial cell,10.493286902227885,within_site
Donor_1157,oligodendrocyte,H,oligodendrocyte,10.705889963354414,within_site
Donor_1157,oligodendrocyte precursor cell,H,oligodendrocyte precursor cell,11.09226788589868,within_site
Donor_1157,pericyte,H,pericyte,22.659070746255278,within_site
Donor_1157,perivascular macrophage,H,perivascular macrophage,23.870750715031182,within_site
Donor_1157,pvalb GABAergic interneuron,H,pvalb GABAergic interneuron,5.300639373858456,within_site
Donor_1157,sst GABAergic interneuron,H,sst GABAergic interneuron,7.560062943558018,within_site
Donor_1157,vascular leptomeningeal cell,H,vascular leptomeningeal cell,11.462230009215208,within_site
Donor_1166,GABAergic neuron,M,GABAergic neuron,11.025551709926917,within_site
Donor_1166,L2/3 intratelencephalic projecting glutamatergic neuron,M,L2/3 intratelencephalic projecting glutamatergic neuron,17.900532295902067,within_site
Donor_1166,L2/3-6 intratelencephalic projecting glutamatergic neuron,M,L2/3-6 intratelencephalic projecting glutamatergic neuron,17.970688536531316,within_site
Donor_1166,L5/6 near-projecting glutamatergic neuron,M,L5/6 near-projecting glutamatergic neuron,12.997305816385445,within_site
Donor_1166,L6 corticothalamic-projecting glutamatergic cortical neuron,M,L6 corticothalamic-projecting glutamatergic cortical neuron,17.16495662311041,within_site
Donor_1166,L6 intratelencephalic projecting glutamatergic neuron,M,L6 intratelencephalic projecting glutamatergic neuron,29.534713493181656,within_site
Donor_1166,VIP GABAergic interneuron,M,VIP GABAergic interneuron,11.737795405652145,within_site
Donor_1166,astrocyte,M,astrocyte,30.380964480763087,within_site
Donor_1166,endothelial cell,M,endothelial cell,24.885978129642687,within_site
Donor_1166,lamp5 GABAergic interneuron,M,lamp5 GABAergic interneuron,13.47467873639234,within_site
Donor_1166,microglial cell,M,microglial cell,52.135690966772245,within_site
Donor_1166,oligodendrocyte,M,oligodendrocyte,33.12034736065119,within_site
Donor_1166,oligodendrocyte precursor cell,M,oligodendrocyte precursor cell,36.45741330087425,within_site
Donor_1166,pericyte,M,pericyte,14.656872178551167,within_site
Donor_1166,pvalb GABAergic interneuron,M,pvalb GABAergic interneuron,17.011611320014236,within_site
Donor_1166,sst GABAergic interneuron,M,sst GABAergic interneuron,18.376522945227205,within_site
Donor_1174,L2/3 intratelencephalic projecting glutamatergic neuron,H,L2/3 intratelencephalic projecting glutamatergic neuron,37.22738929405884,within_site
Donor_1174,L2/3-6 intratelencephalic projecting glutamatergic neuron,H,L2/3-6 intratelencephalic projecting glutamatergic neuron,35.851428425599565,within_site
Donor_1174,L5/6 near-projecting glutamatergic neuron,H,L5/6 near-projecting glutamatergic neuron,35.9012777830259,within_site
Donor_1174,L6 corticothalamic-projecting glutamatergic cortical neuron,H,L6 corticothalamic-projecting glutamatergic cortical neuron,21.64047953963441,within_site
Donor_1174,L6 intratelencephalic projecting glutamatergic neuron,H,L6 intratelencephalic projecting glutamatergic neuron,36.390059116329475,within_site
Donor_1174,L6b glutamatergic neuron of the primary motor cortex,H,L6b glutamatergic neuron of the primary motor cortex,31.390367914525168,within_site
Donor_1174,VIP GABAergic interneuron,H,VIP GABAergic interneuron,32.2869886926765,within_site
Donor_1174,astrocyte,H,astrocyte,24.525737288041697,within_site
Donor_1174,endothelial cell,H,endothelial cell,37.27628187045979,within_site
Donor_1174,lamp5 GABAergic interneuron,H,lamp5 GABAergic interneuron,35.656344868852266,within_site
Donor_1174,microglial cell,H,microglial cell,24.44204957462085,within_site
Donor_1174,oligodendrocyte,H,oligodendrocyte,23.407458670756398,within_site
Donor_1174,oligodendrocyte precursor cell,H,oligodendrocyte precursor cell,28.07770846058312,within_site
Donor_1174,pericyte,H,pericyte,19.985886744755152,within_site
Donor_1174,pvalb GABAergic interneuron,H,pvalb GABAergic interneuron,36.928435032106286,within_site
Donor_1174,sst GABAergic interneuron,H,sst GABAergic interneuron,22.565367929251973,within_site
Donor_1175,GABAergic neuron,M,GABAergic neuron,27.181916410672507,within_site
Donor_1175,L2/3 intratelencephalic projecting glutamatergic neuron,M,L2/3 intratelencephalic projecting glutamatergic neuron,17.437619684401177,within_site
Donor_1175,L2/3-6 intratelencephalic projecting glutamatergic neuron,M,L2/3-6 intratelencephalic projecting glutamatergic neuron,20.057904863160875,within_site
Donor_1175,L6 corticothalamic-projecting glutamatergic cortical neuron,M,L6 corticothalamic-projecting glutamatergic cortical neuron,12.39778767691418,within_site
Donor_1175,L6 intratelencephalic projecting glutamatergic neuron,M,L6 intratelencephalic projecting glutamatergic neuron,13.462849548638111,within_site
Donor_1175,VIP GABAergic interneuron,M,VIP GABAergic interneuron,16.949607686548354,within_site
Donor_1175,astrocyte,M,astrocyte,9.570710063485551,within_site
Donor_1175,lamp5 GABAergic interneuron,M,lamp5 GABAergic interneuron,27.516055373938922,within_site
Donor_1175,microglial cell,M,microglial cell,20.59965728292521,within_site
Donor_1175,oligodendrocyte,M,oligodendrocyte,4.805681564977307,within_site
Donor_1175,oligodendrocyte precursor cell,M,oligodendrocyte precursor cell,14.051700643617927,within_site
Donor_1175,pvalb GABAergic interneuron,M,pvalb GABAergic interneuron,21.333575622896664,within_site
Donor_1175,sst GABAergic interneuron,M,sst GABAergic interneuron,16.629251622473173,within_site
Donor_1178,GABAergic neuron,H,GABAergic neuron,22.611989687857285,within_site
Donor_1178,L2/3 intratelencephalic projecting glutamatergic neuron,H,L2/3 intratelencephalic projecting glutamatergic neuron,20.364454136394905,within_site
Donor_1178,L2/3-6 intratelencephalic projecting glutamatergic neuron,H,L2/3-6 intratelencephalic projecting glutamatergic neuron,18.125941461797073,within_site
Donor_1178,L5/6 near-projecting glutamatergic neuron,H,L5/6 near-projecting glutamatergic neuron,13.887023582277024,within_site
Donor_1178,L6 corticothalamic-projecting glutamatergic cortical neuron,H,L6 corticothalamic-projecting glutamatergic cortical neuron,20.34970890361439,within_site
Donor_1178,L6 intratelencephalic projecting glutamatergic neuron,H,L6 intratelencephalic projecting glutamatergic neuron,13.065395762249763,within_site
Donor_1178,L6b glutamatergic neuron of the primary motor cortex,H,L6b glutamatergic neuron of the primary motor cortex,15.969872895184464,within_site
Donor_1178,VIP GABAergic interneuron,H,VIP GABAergic interneuron,19.179308974264384,within_site
Donor_1178,astrocyte,H,astrocyte,23.76996762824901,within_site
Donor_1178,endothelial cell,H,endothelial cell,21.408361791105207,within_site
Donor_1178,lamp5 GABAergic interneuron,H,lamp5 GABAergic interneuron,18.57816345301579,within_site
Donor_1178,microglial cell,H,microglial cell,26.827727365565757,within_site
Donor_1178,oligodendrocyte,H,oligodendrocyte,20.489146199233936,within_site
Donor_1178,oligodendrocyte precursor cell,H,oligodendrocyte precursor cell,21.202416285650063,within_site
Donor_1178,pericyte,H,pericyte,30.851431758375632,within_site
Donor_1178,perivascular macrophage,H,perivascular macrophage,24.70945345998474,within_site
Donor_1178,pvalb GABAergic interneuron,H,pvalb GABAergic interneuron,19.365413609901857,within_site
Donor_1178,sst GABAergic interneuron,H,sst GABAergic interneuron,18.174518319144138,within_site
Donor_1178,vascular leptomeningeal cell,H,vascular leptomeningeal cell,28.337015432020205,within_site
Donor_1181,astrocyte,H,astrocyte,26.90437975576128,within_site
Donor_1181,oligodendrocyte,H,oligodendrocyte,26.639545907567534,within_site
Donor_1181,oligodendrocyte precursor cell,H,oligodendrocyte precursor cell,40.058777783183906,within_site
Donor_1183,L2/3 intratelencephalic projecting glutamatergic neuron,H,L2/3 intratelencephalic projecting glutamatergic neuron,58.92597938898549,within_site
Donor_1183,L2/3-6 intratelencephalic projecting glutamatergic neuron,H,L2/3-6 intratelencephalic projecting glutamatergic neuron,52.35690784638517,within_site
Donor_1183,L6 intratelencephalic projecting glutamatergic neuron,H,L6 corticothalamic-projecting glutamatergic cortical neuron,112.06862656234027,within_site
Donor_1183,VIP GABAergic interneuron,H,VIP GABAergic interneuron,62.20131312314458,within_site
Donor_1183,astrocyte,H,astrocyte,11.712089453704188,within_site
Donor_1183,endothelial cell,H,endothelial cell,17.89819548247435,within_site
Donor_1183,oligodendrocyte,H,oligodendrocyte,25.539906996917555,within_site
Donor_1183,oligodendrocyte precursor cell,H,oligodendrocyte precursor cell,64.43368610589746,within_site
Donor_1183,pericyte,H,pericyte,13.577525327821258,within_site
Donor_1183,pvalb GABAergic interneuron,H,sst GABAergic interneuron,67.840770551529,within_site
Donor_1183,sst GABAergic interneuron,H,sst GABAergic interneuron,69.70535072600218,within_site
Donor_1185,GABAergic neuron,H,GABAergic neuron,21.77895991170306,within_site
Donor_1185,L2/3 intratelencephalic projecting glutamatergic neuron,H,L2/3 intratelencephalic projecting glutamatergic neuron,34.0779917982794,within_site
Donor_1185,L2/3-6 intratelencephalic projecting glutamatergic neuron,H,L2/3-6 intratelencephalic projecting glutamatergic neuron,36.39198465495052,within_site
Donor_1185,L6b glutamatergic neuron of the primary motor cortex,H,L6b glutamatergic neuron of the primary motor cortex,12.385123337515036,within_site
Donor_1185,VIP GABAergic interneuron,H,VIP GABAergic interneuron,32.78834688229845,within_site
Donor_1185,astrocyte,H,astrocyte,13.575302200709556,within_site
Donor_1185,endothelial cell,H,endothelial cell,33.07590082517637,within_site
Donor_1185,lamp5 GABAergic interneuron,H,lamp5 GABAergic interneuron,23.84606388918506,within_site
Donor_1185,microglial cell,H,microglial cell,38.09040176517141,within_site
Donor_1185,oligodendrocyte,H,oligodendrocyte,34.42983946171461,within_site
Donor_1185,oligodendrocyte precursor cell,H,oligodendrocyte precursor cell,28.11168541182057,within_site
Donor_1185,pvalb GABAergic interneuron,H,pvalb GABAergic interneuron,33.066967132215055,within_site
Donor_1185,sst GABAergic interneuron,H,sst GABAergic interneuron,30.148968119070584,within_site
Donor_1187,GABAergic neuron,H,GABAergic neuron,33.38961051582779,within_site
Donor_1187,L2/3 intratelencephalic projecting glutamatergic neuron,H,L2/3 intratelencephalic projecting glutamatergic neuron,33.493751220273296,within_site
Donor_1187,L2/3-6 intratelencephalic projecting glutamatergic neuron,H,L2/3-6 intratelencephalic projecting glutamatergic neuron,27.860561415113796,within_site
Donor_1187,L5/6 near-projecting glutamatergic neuron,H,L5/6 near-projecting glutamatergic neuron,36.94602331151772,within_site
Donor_1187,L6 corticothalamic-projecting glutamatergic cortical neuron,H,L6 corticothalamic-projecting glutamatergic cortical neuron,22.258820109404628,within_site
Donor_1187,VIP GABAergic interneuron,H,VIP GABAergic interneuron,23.469427723617414,within_site
Donor_1187,astrocyte,H,astrocyte,17.6892506164676,within_site
Donor_1187,endothelial cell,H,endothelial cell,67.11863520379225,within_site
Donor_1187,lamp5 GABAergic interneuron,H,lamp5 GABAergic interneuron,33.390416506085835,within_site
Donor_1187,microglial cell,H,microglial cell,38.377729390748875,within_site
Donor_1187,oligodendrocyte,H,oligodendrocyte,22.033864827992304,within_site
Donor_1187,oligodendrocyte precursor cell,H,oligodendrocyte precursor cell,12.590518204444797,within_site
Donor_1187,pvalb GABAergic interneuron,H,pvalb GABAergic interneuron,28.630064985968637,within_site
Donor_1187,sst GABAergic interneuron,H,sst GABAergic interneuron,33.769693345167305,within_site
Donor_119,L2/3 intratelencephalic projecting glutamatergic neuron,H,L2/3 intratelencephalic projecting glutamatergic neuron,37.79515114932739,within_site
Donor_119,L2/3-6 intratelencephalic projecting glutamatergic neuron,H,L2/3-6 intratelencephalic projecting glutamatergic neuron,26.460724008017596,within_site
Donor_119,L6 corticothalamic-projecting glutamatergic cortical neuron,H,L6 corticothalamic-projecting glutamatergic cortical neuron,23.963242652177055,within_site
Donor_119,L6 intratelencephalic projecting glutamatergic neuron,H,L6 intratelencephalic projecting glutamatergic neuron,21.850848056037375,within_site
Donor_119,VIP GABAergic interneuron,H,VIP GABAergic interneuron,14.906855358568874,within_site
Donor_119,astrocyte,H,astrocyte,38.697628564998006,within_site
Donor_119,lamp5 GABAergic interneuron,H,lamp5 GABAergic interneuron,15.739551608951023,within_site
Donor_119,microglial cell,H,perivascular macrophage,91.03511694085203,within_site
Donor_119,oligodendrocyte,H,oligodendrocyte,15.587496891032089,within_site
Donor_119,oligodendrocyte precursor cell,H,oligodendrocyte precursor cell,63.33322896492131,within_site
Donor_119,pvalb GABAergic interneuron,H,pvalb GABAergic interneuron,14.037123318300983,within_site
Donor_119,sst GABAergic interneuron,H,sst GABAergic interneuron,17.787147316583255,within_site
Donor_1195,GABAergic neuron,H,GABAergic neuron,50.72796079981244,within_site
Donor_1195,L2/3 intratelencephalic projecting glutamatergic neuron,H,L2/3 intratelencephalic projecting glutamatergic neuron,23.53741414327713,within_site
Donor_1195,L2/3-6 intratelencephalic projecting glutamatergic neuron,H,L2/3-6 intratelencephalic projecting glutamatergic neuron,23.49238834525668,within_site
Donor_1195,L5/6 near-projecting glutamatergic neuron,H,L5/6 near-projecting glutamatergic neuron,23.284079760899647,within_site
Donor_1195,L6 corticothalamic-projecting glutamatergic cortical neuron,H,L6 corticothalamic-projecting glutamatergic cortical neuron,24.68674198405076,within_site
Donor_1195,L6 intratelencephalic projecting glutamatergic neuron,H,L6 intratelencephalic projecting glutamatergic neuron,25.31001425768929,within_site
Donor_1195,L6b glutamatergic neuron of the primary motor cortex,H,L6b glutamatergic neuron of the primary motor cortex,26.80367853555937,within_site
Donor_1195,VIP GABAergic interneuron,H,VIP GABAergic interneuron,27.428817886988917,within_site
Donor_1195,endothelial cell,H,endothelial cell,33.39937251774866,within_site
Donor_1195,lamp5 GABAergic interneuron,H,lamp5 GABAergic interneuron,26.022519564737184,within_site
Donor_1195,microglial cell,H,microglial cell,33.45837757808553,within_site
Donor_1195,oligodendrocyte,H,oligodendrocyte,33.2698675265778,within_site
Donor_1195,oligodendrocyte precursor cell,H,oligodendrocyte precursor cell,46.93456628423679,within_site
Donor_1195,pvalb GABAergic interneuron,H,pvalb GABAergic interneuron,24.136231036233895,within_site
Donor_1195,sst GABAergic interneuron,H,sst GABAergic interneuron,16.140640766615274,within_site
Donor_1199,GABAergic neuron,M,GABAergic neuron,10.069264896814119,within_site
Donor_1199,L2/3 intratelencephalic projecting glutamatergic neuron,M,L2/3 intratelencephalic projecting glutamatergic neuron,21.569062079012227,within_site
Donor_1199,L2/3-6 intratelencephalic projecting glutamatergic neuron,M,L2/3-6 intratelencephalic projecting glutamatergic neuron,16.928205722843956,within_site
Donor_1199,L5/6 near-projecting glutamatergic neuron,M,L5/6 near-projecting glutamatergic neuron,31.912271927652245,within_site
Donor_1199,L6 corticothalamic-projecting glutamatergic cortical neuron,M,L6 corticothalamic-projecting glutamatergic cortical neuron,17.79521426305564,within_site
Donor_1199,L6 intratelencephalic projecting glutamatergic neuron,M,L6 intratelencephalic projecting glutamatergic neuron,17.035546740231066,within_site
Donor_1199,L6b glutamatergic neuron of the primary motor cortex,M,L6b glutamatergic neuron of the primary motor cortex,12.215308231443851,within_site
Donor_1199,VIP GABAergic interneuron,M,VIP GABAergic interneuron,11.742506922745838,within_site
Donor_1199,astrocyte,M,astrocyte,30.13464271561833,within_site
Donor_1199,endothelial cell,M,endothelial cell,20.219899643788004,within_site
Donor_1199,lamp5 GABAergic interneuron,M,lamp5 GABAergic interneuron,19.35899312659743,within_site
Donor_1199,microglial cell,M,microglial cell,22.062635326007413,within_site
Donor_1199,oligodendrocyte,M,oligodendrocyte,20.939452237711745,within_site
Donor_1199,oligodendrocyte precursor cell,M,oligodendrocyte precursor cell,29.06711807747732,within_site
Donor_1199,pvalb GABAergic interneuron,M,pvalb GABAergic interneuron,19.311076476440025,within_site
Donor_1199,sst GABAergic interneuron,M,sst GABAergic interneuron,8.362368155907953,within_site
Donor_1200,GABAergic neuron,H,GABAergic neuron,18.496564861545018,within_site
Donor_1200,L2/3 intratelencephalic projecting glutamatergic neuron,H,L2/3 intratelencephalic projecting glutamatergic neuron,12.603500493341572,within_site
Donor_1200,L2/3-6 intratelencephalic projecting glutamatergic neuron,H,L2/3-6 intratelencephalic projecting glutamatergic neuron,11.584096770393108,within_site
Donor_1200,L5/6 near-projecting glutamatergic neuron,H,L5/6 near-projecting glutamatergic neuron,14.731767960970199,within_site
Donor_1200,L6 corticothalamic-projecting glutamatergic cortical neuron,H,L6 corticothalamic-projecting glutamatergic cortical neuron,9.22402209855679,within_site
Donor_1200,L6 intratelencephalic projecting glutamatergic neuron,H,L6 intratelencephalic projecting glutamatergic neuron,8.91974107939048,within_site
Donor_1200,L6b glutamatergic neuron of the primary motor cortex,H,L6b glutamatergic neuron of the primary motor cortex,10.12275463385751,within_site
Donor_1200,VIP GABAergic interneuron,H,VIP GABAergic interneuron,10.765545705218297,within_site
Donor_1200,astrocyte,H,astrocyte,41.27634415449841,within_site
Donor_1200,endothelial cell,H,endothelial cell,31.917850420336407,within_site
Donor_1200,lamp5 GABAergic interneuron,H,lamp5 GABAergic interneuron,11.161593023150795,within_site
Donor_1200,microglial cell,H,microglial cell,39.92151641606006,within_site
Donor_1200,oligodendrocyte,H,oligodendrocyte,18.676253994907775,within_site
Donor_1200,oligodendrocyte precursor cell,H,oligodendrocyte precursor cell,30.617303564321606,within_site
Donor_1200,pericyte,H,pericyte,23.639173537949628,within_site
Donor_1200,pvalb GABAergic interneuron,H,pvalb GABAergic interneuron,7.950074000426838,within_site
Donor_1200,sst GABAergic interneuron,H,sst GABAergic interneuron,6.4515116772781935,within_site
Donor_1200,vascular leptomeningeal cell,H,vascular leptomeningeal cell,64.37582623118169,within_site
Donor_1201,GABAergic neuron,H,GABAergic neuron,19.14489639264546,within_site
Donor_1201,L2/3 intratelencephalic projecting glutamatergic neuron,H,L2/3 intratelencephalic projecting glutamatergic neuron,25.471462003667032,within_site
Donor_1201,L2/3-6 intratelencephalic projecting glutamatergic neuron,H,L2/3-6 intratelencephalic projecting glutamatergic neuron,31.737006734602886,within_site
Donor_1201,L5/6 near-projecting glutamatergic neuron,H,L5/6 near-projecting glutamatergic neuron,29.17810152638431,within_site
Donor_1201,L6 corticothalamic-projecting glutamatergic cortical neuron,H,L6 corticothalamic-projecting glutamatergic cortical neuron,25.63875127339909,within_site
Donor_1201,L6 intratelencephalic projecting glutamatergic neuron,H,L6 intratelencephalic projecting glutamatergic neuron,33.903344302823534,within_site
Donor_1201,VIP GABAergic interneuron,H,VIP GABAergic interneuron,27.619568764656194,within_site
Donor_1201,astrocyte,H,astrocyte,15.516331075970427,within_site
Donor_1201,endothelial cell,H,endothelial cell,24.884738798482953,within_site
Donor_1201,lamp5 GABAergic interneuron,H,lamp5 GABAergic interneuron,23.316041643993376,within_site
Donor_1201,microglial cell,H,microglial cell,15.047404120987538,within_site
Donor_1201,oligodendrocyte,H,oligodendrocyte,12.899867032283018,within_site
Donor_1201,oligodendrocyte precursor cell,H,oligodendrocyte precursor cell,19.535377953297466,within_site
Donor_1201,pericyte,H,pericyte,32.01395152402463,within_site
Donor_1201,perivascular macrophage,H,perivascular macrophage,39.265598372744684,within_site
Donor_1201,pvalb GABAergic interneuron,H,pvalb GABAergic interneuron,26.8041427002588,within_site
Donor_1201,smooth muscle cell,H,smooth muscle cell,43.40633434362498,within_site
Donor_1201,sst GABAergic interneuron,H,sst GABAergic interneuron,24.670568921150284,within_site
Donor_1201,vascular leptomeningeal cell,H,vascular leptomeningeal cell,23.358345644356934,within_site
Donor_1202,astrocyte,M,astrocyte,33.02301184428185,within_site
Donor_1202,endothelial cell,M,endothelial cell,27.95813581547684,within_site
Donor_1202,microglial cell,M,microglial cell,79.52470197580598,within_site
Donor_1202,oligodendrocyte,M,oligodendrocyte,17.22201866036107,within_site
Donor_1202,oligodendrocyte precursor cell,M,oligodendrocyte precursor cell,32.02369750027297,within_site
Donor_1202,pericyte,M,pericyte,18.75082300407865,within_site
Donor_1202,vascular leptomeningeal cell,M,vascular leptomeningeal cell,40.47631293199518,within_site
Donor_1218,GABAergic neuron,M,GABAergic neuron,34.3493319734102,within_site
Donor_1218,L2/3 intratelencephalic projecting glutamatergic neuron,M,L2/3 intratelencephalic projecting glutamatergic neuron,17.232792390790028,within_site
Donor_1218,L2/3-6 intratelencephalic projecting glutamatergic neuron,M,L2/3-6 intratelencephalic projecting glutamatergic neuron,15.329760984285524,within_site
Donor_1218,L5/6 near-projecting glutamatergic neuron,M,L5/6 near-projecting glutamatergic neuron,24.199931177243677,within_site
Donor_1218,L6 corticothalamic-projecting glutamatergic cortical neuron,M,L6 corticothalamic-projecting glutamatergic cortical neuron,29.23624481658228,within_site
Donor_1218,L6 intratelencephalic projecting glutamatergic neuron,M,L6 intratelencephalic projecting glutamatergic neuron,13.076598966808781,within_site
Donor_1218,VIP GABAergic interneuron,M,VIP GABAergic interneuron,18.39792924270011,within_site
Donor_1218,astrocyte,M,astrocyte,23.24527021855069,within_site
Donor_1218,lamp5 GABAergic interneuron,M,lamp5 GABAergic interneuron,22.72895507061695,within_site
Donor_1218,microglial cell,M,microglial cell,15.76674834978637,within_site
Donor_1218,oligodendrocyte,M,oligodendrocyte,19.000890581470397,within_site
Donor_1218,oligodendrocyte precursor cell,M,oligodendrocyte precursor cell,10.440813748485139,within_site
Donor_1218,pericyte,M,pericyte,21.545331910156264,within_site
Donor_1218,pvalb GABAergic interneuron,M,pvalb GABAergic interneuron,13.669703256862455,within_site
Donor_1218,sst GABAergic interneuron,M,sst GABAergic interneuron,22.157607887891178,within_site
Donor_1230,GABAergic neuron,H,GABAergic neuron,25.573468108324718,within_site
Donor_1230,L2/3 intratelencephalic projecting glutamatergic neuron,H,L2/3 intratelencephalic projecting glutamatergic neuron,17.338072888939504,within_site
Donor_1230,L2/3-6 intratelencephalic projecting glutamatergic neuron,H,L2/3-6 intratelencephalic projecting glutamatergic neuron,18.673362827275035,within_site
Donor_1230,L5/6 near-projecting glutamatergic neuron,H,L5/6 near-projecting glutamatergic neuron,15.339522387465017,within_site
Donor_1230,L6 corticothalamic-projecting glutamatergic cortical neuron,H,L6 corticothalamic-projecting glutamatergic cortical neuron,22.32755707004429,within_site
Donor_1230,L6 intratelencephalic projecting glutamatergic neuron,H,L6 intratelencephalic projecting glutamatergic neuron,15.523066781557706,within_site
Donor_1230,L6b glutamatergic neuron of the primary motor cortex,H,L6b glutamatergic neuron of the primary motor cortex,15.29127600468815,within_site
Donor_1230,VIP GABAergic interneuron,H,VIP GABAergic interneuron,23.33694321384982,within_site
Donor_1230,astrocyte,H,astrocyte,27.696822556451263,within_site
Donor_1230,endothelial cell,H,endothelial cell,16.48177731042101,within_site
Donor_1230,lamp5 GABAergic interneuron,H,lamp5 GABAergic interneuron,24.154494914491725,within_site
Donor_1230,microglial cell,H,microglial cell,17.08090326515823,within_site
Donor_1230,oligodendrocyte,H,oligodendrocyte,18.75952108740556,within_site
Donor_1230,oligodendrocyte precursor cell,H,oligodendrocyte precursor cell,24.198430766132876,within_site
Donor_1230,pericyte,H,pericyte,27.58571989693553,within_site
Donor_1230,pvalb GABAergic interneuron,H,pvalb GABAergic interneuron,19.844601134476868,within_site
Donor_1230,sst GABAergic interneuron,H,sst GABAergic interneuron,12.011010802728864,within_site
Donor_1232,GABAergic neuron,M,GABAergic neuron,19.383380880074874,within_site
Donor_1232,L2/3 intratelencephalic projecting glutamatergic neuron,M,L2/3 intratelencephalic projecting glutamatergic neuron,25.14856306512103,within_site
Donor_1232,L2/3-6 intratelencephalic projecting glutamatergic neuron,M,L2/3-6 intratelencephalic projecting glutamatergic neuron,24.930236789640848,within_site
Donor_1232,L6 corticothalamic-projecting glutamatergic cortical neuron,M,L6 corticothalamic-projecting glutamatergic cortical neuron,13.64612440276809,within_site
Donor_1232,L6 intratelencephalic projecting glutamatergic neuron,M,L6 intratelencephalic projecting glutamatergic neuron,12.662626196317714,within_site
Donor_1232,VIP GABAergic interneuron,M,VIP GABAergic interneuron,25.45828209152653,within_site
Donor_1232,astrocyte,M,astrocyte,15.250933789685167,within_site
Donor_1232,endothelial cell,M,endothelial cell,35.14956447999041,within_site
Donor_1232,lamp5 GABAergic interneuron,M,lamp5 GABAergic interneuron,16.219697160130693,within_site
Donor_1232,microglial cell,M,microglial cell,17.543527852942088,within_site
Donor_1232,oligodendrocyte,M,oligodendrocyte,20.632098017400335,within_site
Donor_1232,oligodendrocyte precursor cell,M,oligodendrocyte precursor cell,21.963594867846712,within_site
Donor_1232,pericyte,M,pericyte,21.70526097702969,within_site
Donor_1232,pvalb GABAergic interneuron,M,pvalb GABAergic interneuron,26.7396423065493,within_site
Donor_1232,sst GABAergic interneuron,M,sst GABAergic interneuron,16.927574476704496,within_site
Donor_1232,vascular leptomeningeal cell,M,vascular leptomeningeal cell,23.61192447979627,within_site
Donor_1240,GABAergic neuron,M,GABAergic neuron,16.701171659768708,within_site
Donor_1240,L2/3 intratelencephalic projecting glutamatergic neuron,M,L2/3 intratelencephalic projecting glutamatergic neuron,11.783953860204367,within_site
Donor_1240,L2/3-6 intratelencephalic projecting glutamatergic neuron,M,L2/3-6 intratelencephalic projecting glutamatergic neuron,7.794234986073049,within_site
Donor_1240,L5/6 near-projecting glutamatergic neuron,M,L5/6 near-projecting glutamatergic neuron,15.149006513174466,within_site
Donor_1240,L6 corticothalamic-projecting glutamatergic cortical neuron,M,L6 corticothalamic-projecting glutamatergic cortical neuron,16.722658955445635,within_site
Donor_1240,L6 intratelencephalic projecting glutamatergic neuron,M,L6 intratelencephalic projecting glutamatergic neuron,12.789879139471063,within_site
Donor_1240,L6b glutamatergic neuron of the primary motor cortex,M,L6b glutamatergic neuron of the primary motor cortex,19.039276473481124,within_site
Donor_1240,VIP GABAergic interneuron,M,VIP GABAergic interneuron,9.50245062990076,within_site
Donor_1240,astrocyte,M,astrocyte,14.43374257713755,within_site
Donor_1240,lamp5 GABAergic interneuron,M,lamp5 GABAergic interneuron,10.880697360953784,within_site
Donor_1240,microglial cell,M,microglial cell,18.63816509952755,within_site
Donor_1240,oligodendrocyte,M,oligodendrocyte,18.472380952999654,within_site
Donor_1240,oligodendrocyte precursor cell,M,oligodendrocyte precursor cell,19.388546706277854,within_site
Donor_1240,pvalb GABAergic interneuron,M,pvalb GABAergic interneuron,10.613780001253117,within_site
Donor_1240,sst GABAergic interneuron,M,sst GABAergic interneuron,10.068273498459153,within_site
Donor_1242,GABAergic neuron,H,GABAergic neuron,19.275190871284313,within_site
Donor_1242,L2/3 intratelencephalic projecting glutamatergic neuron,H,L2/3 intratelencephalic projecting glutamatergic neuron,18.93557873373242,within_site
Donor_1242,L2/3-6 intratelencephalic projecting glutamatergic neuron,H,L2/3-6 intratelencephalic projecting glutamatergic neuron,15.952870696956886,within_site
Donor_1242,L5/6 near-projecting glutamatergic neuron,H,L5/6 near-projecting glutamatergic neuron,12.451038342862866,within_site
Donor_1242,L6 corticothalamic-projecting glutamatergic cortical neuron,H,L6 corticothalamic-projecting glutamatergic cortical neuron,21.855611172572836,within_site
Donor_1242,L6 intratelencephalic projecting glutamatergic neuron,H,L6 intratelencephalic projecting glutamatergic neuron,20.567755688500263,within_site
Donor_1242,L6b glutamatergic neuron of the primary motor cortex,H,L6b glutamatergic neuron of the primary motor cortex,30.05105441374671,within_site
Donor_1242,VIP GABAergic interneuron,H,VIP GABAergic interneuron,13.49043272145391,within_site
Donor_1242,astrocyte,H,astrocyte,13.87542723984492,within_site
Donor_1242,endothelial cell,H,endothelial cell,23.04900080726771,within_site
Donor_1242,lamp5 GABAergic interneuron,H,lamp5 GABAergic interneuron,18.457947003604033,within_site
Donor_1242,microglial cell,H,microglial cell,47.5934268462094,within_site
Donor_1242,oligodendrocyte,H,oligodendrocyte,10.915389941759342,within_site
Donor_1242,oligodendrocyte precursor cell,H,oligodendrocyte precursor cell,19.54791944741068,within_site
Donor_1242,pericyte,H,pericyte,16.74032941092963,within_site
Donor_1242,perivascular macrophage,H,perivascular macrophage,48.72324435111252,within_site
Donor_1242,pvalb GABAergic interneuron,H,pvalb GABAergic interneuron,15.387603374264415,within_site
Donor_1242,sst GABAergic interneuron,H,sst GABAergic interneuron,18.737264108884496,within_site
Donor_1242,vascular leptomeningeal cell,H,vascular leptomeningeal cell,43.7188827150667,within_site
Donor_1244,GABAergic neuron,M,GABAergic neuron,14.472174194862593,within_site
Donor_1244,L2/3 intratelencephalic projecting glutamatergic neuron,M,L2/3 intratelencephalic projecting glutamatergic neuron,10.914197922219815,within_site
Donor_1244,L2/3-6 intratelencephalic projecting glutamatergic neuron,M,L2/3-6 intratelencephalic projecting glutamatergic neuron,13.115660447880538,within_site
Donor_1244,L5/6 near-projecting glutamatergic neuron,M,L5/6 near-projecting glutamatergic neuron,19.20005217511066,within_site
Donor_1244,L6 corticothalamic-projecting glutamatergic cortical neuron,M,L6 corticothalamic-projecting glutamatergic cortical neuron,12.606329208421302,within_site
Donor_1244,L6 intratelencephalic projecting glutamatergic neuron,M,L6 intratelencephalic projecting glutamatergic neuron,17.704913640561628,within_site
Donor_1244,L6b glutamatergic neuron of the primary motor cortex,M,L6b glutamatergic neuron of the primary motor cortex,17.815749662002833,within_site
Donor_1244,VIP GABAergic interneuron,M,VIP GABAergic interneuron,13.98061054597561,within_site
Donor_1244,astrocyte,M,astrocyte,16.6595489409708,within_site
Donor_1244,lamp5 GABAergic interneuron,M,lamp5 GABAergic interneuron,14.105566064406192,within_site
Donor_1244,microglial cell,M,microglial cell,21.373208614882984,within_site
Donor_1244,oligodendrocyte,M,oligodendrocyte,21.919792857461267,within_site
Donor_1244,oligodendrocyte precursor cell,M,oligodendrocyte precursor cell,22.576829066409147,within_site
Donor_1244,pvalb GABAergic interneuron,M,pvalb GABAergic interneuron,12.321176415465041,within_site
Donor_1244,sst GABAergic interneuron,M,sst GABAergic interneuron,8.48843491089696,within_site
Donor_1255,L2/3 intratelencephalic projecting glutamatergic neuron,M,L2/3 intratelencephalic projecting glutamatergic neuron,30.267122284642156,within_site
Donor_1255,L2/3-6 intratelencephalic projecting glutamatergic neuron,M,L2/3-6 intratelencephalic projecting glutamatergic neuron,32.279437713163226,within_site
Donor_1255,L5/6 near-projecting glutamatergic neuron,M,L5/6 near-projecting glutamatergic neuron,34.131241152227,within_site
Donor_1255,L6 corticothalamic-projecting glutamatergic cortical neuron,M,L6 corticothalamic-projecting glutamatergic cortical neuron,27.064496716353208,within_site
Donor_1255,L6 intratelencephalic projecting glutamatergic neuron,M,L6 intratelencephalic projecting glutamatergic neuron,31.869643888270964,within_site
Donor_1255,L6b glutamatergic neuron of the primary motor cortex,M,L6b glutamatergic neuron of the primary motor cortex,21.877455865449896,within_site
Donor_1255,VIP GABAergic interneuron,M,VIP GABAergic interneuron,37.64078319147402,within_site
Donor_1255,astrocyte,M,astrocyte,13.590597165902272,within_site
Donor_1255,endothelial cell,M,endothelial cell,15.995564264466802,within_site
Donor_1255,lamp5 GABAergic interneuron,M,lamp5 GABAergic interneuron,47.003299590044335,within_site
Donor_1255,microglial cell,M,microglial cell,9.773314242984712,within_site
Donor_1255,oligodendrocyte,M,oligodendrocyte,8.762934556233219,within_site
Donor_1255,oligodendrocyte precursor cell,M,oligodendrocyte precursor cell,10.490247940055482,within_site
Donor_1255,pericyte,M,pericyte,14.02839050276049,within_site
Donor_1255,pvalb GABAergic interneuron,M,pvalb GABAergic interneuron,24.469339906391532,within_site
Donor_1255,sst GABAergic interneuron,M,sst GABAergic interneuron,29.308743153999462,within_site
Donor_1255,vascular leptomeningeal cell,M,vascular leptomeningeal cell,23.016406510232027,within_site
Donor_1274,L2/3 intratelencephalic projecting glutamatergic neuron,M,L2/3 intratelencephalic projecting glutamatergic neuron,53.80186562836884,within_site
Donor_1274,astrocyte,M,astrocyte,20.214573806138848,within_site
Donor_1274,microglial cell,M,microglial cell,17.43238440700777,within_site
Donor_1274,oligodendrocyte,M,oligodendrocyte,13.498281661008777,within_site
Donor_1274,oligodendrocyte precursor cell,M,oligodendrocyte precursor cell,19.77039067546712,within_site
Donor_1274,vascular leptomeningeal cell,M,vascular leptomeningeal cell,38.61787261469866,within_site
Donor_1285,GABAergic neuron,M,GABAergic neuron,21.57159478801567,within_site
Donor_1285,L2/3 intratelencephalic projecting glutamatergic neuron,M,L2/3 intratelencephalic projecting glutamatergic neuron,20.18794578699447,within_site
Donor_1285,L2/3-6 intratelencephalic projecting glutamatergic neuron,M,L2/3-6 intratelencephalic projecting glutamatergic neuron,22.92015545121228,within_site
Donor_1285,VIP GABAergic interneuron,M,VIP GABAergic interneuron,19.077115607886988,within_site
Donor_1285,astrocyte,M,astrocyte,13.817672522166788,within_site
Donor_1285,lamp5 GABAergic interneuron,M,lamp5 GABAergic interneuron,18.195136624032457,within_site
Donor_1285,microglial cell,M,microglial cell,19.060642640923756,within_site
Donor_1285,oligodendrocyte,M,oligodendrocyte,10.849172277679902,within_site
Donor_1285,oligodendrocyte precursor cell,M,oligodendrocyte precursor cell,14.781169752695243,within_site
Donor_1285,pericyte,M,pericyte,12.754751212752494,within_site
Donor_1285,pvalb GABAergic interneuron,M,pvalb GABAergic interneuron,17.223271081371504,within_site
Donor_1285,sst GABAergic interneuron,M,sst GABAergic interneuron,13.604723994409916,within_site
Donor_1288,GABAergic neuron,M,GABAergic neuron,18.37400749885455,within_site
Donor_1288,L2/3 intratelencephalic projecting glutamatergic neuron,M,L2/3 intratelencephalic projecting glutamatergic neuron,33.193549337040814,within_site
Donor_1288,L2/3-6 intratelencephalic projecting glutamatergic neuron,M,L2/3-6 intratelencephalic projecting glutamatergic neuron,35.093813291099835,within_site
Donor_1288,L5/6 near-projecting glutamatergic neuron,M,L5/6 near-projecting glutamatergic neuron,23.91908065450931,within_site
Donor_1288,L6 corticothalamic-projecting glutamatergic cortical neuron,M,L6 corticothalamic-projecting glutamatergic cortical neuron,17.592126653844602,within_site
Donor_1288,L6 intratelencephalic projecting glutamatergic neuron,M,L6 intratelencephalic projecting glutamatergic neuron,28.58817981572203,within_site
Donor_1288,L6b glutamatergic neuron of the primary motor cortex,M,L6b glutamatergic neuron of the primary motor cortex,19.074437751657104,within_site
Donor_1288,VIP GABAergic interneuron,M,VIP GABAergic interneuron,22.727866905711814,within_site
Donor_1288,astrocyte,M,astrocyte,24.014585851943426,within_site
Donor_1288,endothelial cell,M,endothelial cell,26.350645870735214,within_site
Donor_1288,lamp5 GABAergic interneuron,M,lamp5 GABAergic interneuron,28.566354885453148,within_site
Donor_1288,microglial cell,M,microglial cell,10.03704901197513,within_site
Donor_1288,oligodendrocyte,M,oligodendrocyte,14.906550056919222,within_site
Donor_1288,oligodendrocyte precursor cell,M,oligodendrocyte precursor cell,20.029073751001434,within_site
Donor_1288,pericyte,M,pericyte,23.199135556314356,within_site
Donor_1288,pvalb GABAergic interneuron,M,pvalb GABAergic interneuron,28.896108728511827,within_site
Donor_1288,sst GABAergic interneuron,M,sst GABAergic interneuron,20.643027623261197,within_site
Donor_1288,vascular leptomeningeal cell,M,vascular leptomeningeal cell,25.09410611469217,within_site
Donor_1293,GABAergic neuron,H,GABAergic neuron,32.3889331385107,within_site
Donor_1293,L2/3 intratelencephalic projecting glutamatergic neuron,H,L2/3 intratelencephalic projecting glutamatergic neuron,29.14809961939407,within_site
Donor_1293,L2/3-6 intratelencephalic projecting glutamatergic neuron,H,L2/3-6 intratelencephalic projecting glutamatergic neuron,28.691682125229654,within_site
Donor_1293,L5/6 near-projecting glutamatergic neuron,H,L5/6 near-projecting glutamatergic neuron,29.716204601229403,within_site
Donor_1293,L6 corticothalamic-projecting glutamatergic cortical neuron,H,L6 corticothalamic-projecting glutamatergic cortical neuron,20.175159274139652,within_site
Donor_1293,L6 intratelencephalic projecting glutamatergic neuron,H,L6 intratelencephalic projecting glutamatergic neuron,28.081654585068968,within_site
Donor_1293,L6b glutamatergic neuron of the primary motor cortex,H,L6b glutamatergic neuron of the primary motor cortex,22.913135530036346,within_site
Donor_1293,VIP GABAergic interneuron,H,VIP GABAergic interneuron,31.31342368734075,within_site
Donor_1293,astrocyte,H,astrocyte,19.62281428201348,within_site
Donor_1293,endothelial cell,H,endothelial cell,14.696257551437174,within_site
Donor_1293,lamp5 GABAergic interneuron,H,lamp5 GABAergic interneuron,27.418323782910097,within_site
Donor_1293,microglial cell,H,microglial cell,36.73365425333444,within_site
Donor_1293,oligodendrocyte,H,oligodendrocyte,29.991938162536307,within_site
Donor_1293,oligodendrocyte precursor cell,H,oligodendrocyte precursor cell,34.61361216799686,within_site
Donor_1293,pericyte,H,pericyte,20.031192740976234,within_site
Donor_1293,pvalb GABAergic interneuron,H,pvalb GABAergic interneuron,31.856939062255655,within_site
Donor_1293,sst GABAergic interneuron,H,sst GABAergic interneuron,33.143697903435886,within_site
Donor_1293,vascular leptomeningeal cell,H,vascular leptomeningeal cell,24.45186382651116,within_site
Donor_1297,GABAergic neuron,M,GABAergic neuron,13.015530789227714,within_site
Donor_1297,L2/3 intratelencephalic projecting glutamatergic neuron,M,L2/3 intratelencephalic projecting glutamatergic neuron,8.925088929178388,within_site
Donor_1297,L2/3-6 intratelencephalic projecting glutamatergic neuron,M,L2/3-6 intratelencephalic projecting glutamatergic neuron,9.411558573373332,within_site
Donor_1297,VIP GABAergic interneuron,M,VIP GABAergic interneuron,22.396239583211276,within_site
Donor_1297,astrocyte,M,astrocyte,30.93739488681362,within_site
Donor_1297,lamp5 GABAergic interneuron,M,lamp5 GABAergic interneuron,18.042203415367226,within_site
Donor_1297,microglial cell,M,microglial cell,28.360983177504192,within_site
Donor_1297,oligodendrocyte,M,oligodendrocyte,27.362166608237487,within_site
Donor_1297,oligodendrocyte precursor cell,M,oligodendrocyte precursor cell,26.222476444771033,within_site
Donor_1297,pvalb GABAergic interneuron,M,pvalb GABAergic interneuron,17.813290606159633,within_site
Donor_1297,sst GABAergic interneuron,M,sst GABAergic interneuron,15.86012127204319,within_site
Donor_1297,vascular leptomeningeal cell,M,vascular leptomeningeal cell,16.46116202264221,within_site
Donor_1299,GABAergic neuron,H,GABAergic neuron,7.41710398227245,within_site
Donor_1299,L2/3 intratelencephalic projecting glutamatergic neuron,H,L2/3 intratelencephalic projecting glutamatergic neuron,12.08965277679491,within_site
Donor_1299,L2/3-6 intratelencephalic projecting glutamatergic neuron,H,L2/3-6 intratelencephalic projecting glutamatergic neuron,10.415243198672034,within_site
Donor_1299,L5/6 near-projecting glutamatergic neuron,H,L5/6 near-projecting glutamatergic neuron,7.125803576575267,within_site
Donor_1299,L6 corticothalamic-projecting glutamatergic cortical neuron,H,L6 corticothalamic-projecting glutamatergic cortical neuron,20.35192572691834,within_site
Donor_1299,L6 intratelencephalic projecting glutamatergic neuron,H,L6 intratelencephalic projecting glutamatergic neuron,13.351165594368496,within_site
Donor_1299,L6b glutamatergic neuron of the primary motor cortex,H,L6b glutamatergic neuron of the primary motor cortex,21.776631860278194,within_site
Donor_1299,VIP GABAergic interneuron,H,VIP GABAergic interneuron,6.654492665692931,within_site
Donor_1299,astrocyte,H,astrocyte,28.317873538044363,within_site
Donor_1299,endothelial cell,H,endothelial cell,20.60200876877896,within_site
Donor_1299,lamp5 GABAergic interneuron,H,lamp5 GABAergic interneuron,7.608722367823704,within_site
Donor_1299,microglial cell,H,microglial cell,11.109293348888048,within_site
Donor_1299,oligodendrocyte,H,oligodendrocyte,10.321630560491391,within_site
Donor_1299,oligodendrocyte precursor cell,H,oligodendrocyte precursor cell,14.527653630239405,within_site
Donor_1299,pvalb GABAergic interneuron,H,pvalb GABAergic interneuron,12.380400102299275,within_site
Donor_1299,sst GABAergic interneuron,H,sst GABAergic interneuron,9.60691502824216,within_site
Donor_1302,L2/3 intratelencephalic projecting glutamatergic neuron,M,L2/3 intratelencephalic projecting glutamatergic neuron,36.393459888255975,within_site
Donor_1302,L2/3-6 intratelencephalic projecting glutamatergic neuron,M,L2/3-6 intratelencephalic projecting glutamatergic neuron,43.296875155755586,within_site
Donor_1302,VIP GABAergic interneuron,M,VIP GABAergic interneuron,32.64431785375169,within_site
Donor_1302,astrocyte,M,astrocyte,22.904985223222333,within_site
Donor_1302,endothelial cell,M,endothelial cell,17.594477955454305,within_site
Donor_1302,lamp5 GABAergic interneuron,M,lamp5 GABAergic interneuron,39.61297348405484,within_site
Donor_1302,microglial cell,M,microglial cell,23.13941155897479,within_site
Donor_1302,oligodendrocyte,M,oligodendrocyte,20.505780315281445,within_site
Donor_1302,oligodendrocyte precursor cell,M,oligodendrocyte precursor cell,27.02879463363564,within_site
Donor_1302,pericyte,M,pericyte,23.646994548350307,within_site
Donor_1302,pvalb GABAergic interneuron,M,pvalb GABAergic interneuron,38.88732742207966,within_site
Donor_1302,sst GABAergic interneuron,M,sst GABAergic interneuron,52.604483173686816,within_site
Donor_1305,GABAergic neuron,H,GABAergic neuron,27.379448900881005,within_site
Donor_1305,L2/3 intratelencephalic projecting glutamatergic neuron,H,L2/3 intratelencephalic projecting glutamatergic neuron,26.32543234605127,within_site
Donor_1305,L2/3-6 intratelencephalic projecting glutamatergic neuron,H,L2/3-6 intratelencephalic projecting glutamatergic neuron,24.488262747757453,within_site
Donor_1305,L5/6 near-projecting glutamatergic neuron,H,L5/6 near-projecting glutamatergic neuron,23.475857709862193,within_site
Donor_1305,L6 corticothalamic-projecting glutamatergic cortical neuron,H,L6 corticothalamic-projecting glutamatergic cortical neuron,18.434817453500273,within_site
Donor_1305,L6 intratelencephalic projecting glutamatergic neuron,H,L6 intratelencephalic projecting glutamatergic neuron,19.13828035120901,within_site
Donor_1305,L6b glutamatergic neuron of the primary motor cortex,H,L6b glutamatergic neuron of the primary motor cortex,20.569949711054893,within_site
Donor_1305,VIP GABAergic interneuron,H,VIP GABAergic interneuron,22.541738697276106,within_site
Donor_1305,astrocyte,H,astrocyte,30.256823934324906,within_site
Donor_1305,endothelial cell,H,endothelial cell,37.19533461063992,within_site
Donor_1305,lamp5 GABAergic interneuron,H,lamp5 GABAergic interneuron,24.516530018908004,within_site
Donor_1305,microglial cell,H,microglial cell,34.374258550539395,within_site
Donor_1305,oligodendrocyte,H,oligodendrocyte,26.910787461936984,within_site
Donor_1305,oligodendrocyte precursor cell,H,oligodendrocyte precursor cell,26.666515573875394,within_site
Donor_1305,pericyte,H,pericyte,45.809385556537535,within_site
Donor_1305,pvalb GABAergic interneuron,H,pvalb GABAergic interneuron,23.494903832685363,within_site
Donor_1305,smooth muscle cell,H,smooth muscle cell,69.8599095371135,within_site
Donor_1305,sst GABAergic interneuron,H,sst GABAergic interneuron,10.791646587665538,within_site
Donor_1305,vascular leptomeningeal cell,H,vascular leptomeningeal cell,26.079146480017762,within_site
Donor_1310,GABAergic neuron,H,GABAergic neuron,25.377406387291554,within_site
Donor_1310,L2/3 intratelencephalic projecting glutamatergic neuron,H,L2/3 intratelencephalic projecting glutamatergic neuron,25.922569660627637,within_site
Donor_1310,L2/3-6 intratelencephalic projecting glutamatergic neuron,H,L2/3-6 intratelencephalic projecting glutamatergic neuron,28.529073042440977,within_site
Donor_1310,L5/6 near-projecting glutamatergic neuron,H,L5/6 near-projecting glutamatergic neuron,27.853975001293,within_site
Donor_1310,VIP GABAergic interneuron,H,VIP GABAergic interneuron,30.094183462900368,within_site
Donor_1310,astrocyte,H,astrocyte,30.961804671342456,within_site
Donor_1310,endothelial cell,H,endothelial cell,17.508461728478856,within_site
Donor_1310,lamp5 GABAergic interneuron,H,lamp5 GABAergic interneuron,27.242750623254853,within_site
Donor_1310,microglial cell,H,microglial cell,19.057689154601565,within_site
Donor_1310,oligodendrocyte,H,oligodendrocyte,26.28706572719382,within_site
Donor_1310,oligodendrocyte precursor cell,H,oligodendrocyte precursor cell,22.613913097436093,within_site
Donor_1310,pericyte,H,pericyte,24.63976538671589,within_site
Donor_1310,perivascular macrophage,H,perivascular macrophage,26.66820568911363,within_site
Donor_1310,pvalb GABAergic interneuron,H,pvalb GABAergic interneuron,26.62584897147002,within_site
Donor_1310,sst GABAergic interneuron,H,sst GABAergic interneuron,17.31128235930969,within_site
Donor_1313,L2/3 intratelencephalic projecting glutamatergic neuron,H,L2/3 intratelencephalic projecting glutamatergic neuron,35.82590597083533,within_site
Donor_1313,L2/3-6 intratelencephalic projecting glutamatergic neuron,H,L2/3-6 intratelencephalic projecting glutamatergic neuron,34.59994797264059,within_site
Donor_1313,L5/6 near-projecting glutamatergic neuron,H,L5/6 near-projecting glutamatergic neuron,35.83571333931278,within_site
Donor_1313,L6 corticothalamic-projecting glutamatergic cortical neuron,H,L6 corticothalamic-projecting glutamatergic cortical neuron,28.85039301462962,within_site
Donor_1313,L6 intratelencephalic projecting glutamatergic neuron,H,L6 intratelencephalic projecting glutamatergic neuron,38.559430700358654,within_site
Donor_1313,L6b glutamatergic neuron of the primary motor cortex,H,L6b glutamatergic neuron of the primary motor cortex,37.89962099991723,within_site
Donor_1313,VIP GABAergic interneuron,H,VIP GABAergic interneuron,30.083688655144776,within_site
Donor_1313,astrocyte,H,astrocyte,25.822425627298223,within_site
Donor_1313,endothelial cell,H,endothelial cell,18.575742687558584,within_site
Donor_1313,lamp5 GABAergic interneuron,H,lamp5 GABAergic interneuron,28.83888311652663,within_site
Donor_1313,microglial cell,H,microglial cell,30.01027835465077,within_site
Donor_1313,oligodendrocyte,H,oligodendrocyte,27.423415540642257,within_site
Donor_1313,oligodendrocyte precursor cell,H,oligodendrocyte precursor cell,22.978140171422883,within_site
Donor_1313,pericyte,H,pericyte,12.339305463329161,within_site
Donor_1313,pvalb GABAergic interneuron,H,pvalb GABAergic interneuron,38.00466247440007,within_site
Donor_1313,sst GABAergic interneuron,H,sst GABAergic interneuron,40.49547700010623,within_site
Donor_1317,GABAergic neuron,H,GABAergic neuron,22.720503756950215,within_site
Donor_1317,L2/3 intratelencephalic projecting glutamatergic neuron,H,L2/3 intratelencephalic projecting glutamatergic neuron,15.521023422193467,within_site
Donor_1317,L2/3-6 intratelencephalic projecting glutamatergic neuron,H,L2/3-6 intratelencephalic projecting glutamatergic neuron,16.73407355515258,within_site
Donor_1317,L5/6 near-projecting glutamatergic neuron,H,L5/6 near-projecting glutamatergic neuron,14.410812421916456,within_site
Donor_1317,L6 corticothalamic-projecting glutamatergic cortical neuron,H,L6 corticothalamic-projecting glutamatergic cortical neuron,12.483074236701244,within_site
Donor_1317,L6 intratelencephalic projecting glutamatergic neuron,H,L6 intratelencephalic projecting glutamatergic neuron,15.228311270567898,within_site
Donor_1317,L6b glutamatergic neuron of the primary motor cortex,H,L6b glutamatergic neuron of the primary motor cortex,17.87897290150365,within_site
Donor_1317,VIP GABAergic interneuron,H,VIP GABAergic interneuron,17.755834734553893,within_site
Donor_1317,astrocyte,H,astrocyte,15.054516157462169,within_site
Donor_1317,endothelial cell,H,endothelial cell,16.868132323762886,within_site
Donor_1317,lamp5 GABAergic interneuron,H,lamp5 GABAergic interneuron,17.650531790855847,within_site
Donor_1317,microglial cell,H,microglial cell,22.273021263337984,within_site
Donor_1317,oligodendrocyte,H,oligodendrocyte,13.03039238416636,within_site
Donor_1317,oligodendrocyte precursor cell,H,oligodendrocyte precursor cell,15.534333782383626,within_site
Donor_1317,pericyte,H,pericyte,23.011093554951422,within_site
Donor_1317,pvalb GABAergic interneuron,H,pvalb GABAergic interneuron,16.092703204120816,within_site
Donor_1317,sst GABAergic interneuron,H,sst GABAergic interneuron,10.373416169441903,within_site
Donor_1329,L2/3 intratelencephalic projecting glutamatergic neuron,M,L2/3 intratelencephalic projecting glutamatergic neuron,19.812661022329664,within_site
Donor_1329,L2/3-6 intratelencephalic projecting glutamatergic neuron,M,L2/3-6 intratelencephalic projecting glutamatergic neuron,22.89479974786023,within_site
Donor_1329,VIP GABAergic interneuron,M,VIP GABAergic interneuron,22.597504445700345,within_site
Donor_1329,astrocyte,M,astrocyte,24.829182699271293,within_site
Donor_1329,lamp5 GABAergic interneuron,M,lamp5 GABAergic interneuron,18.95119468075205,within_site
Donor_1329,microglial cell,M,microglial cell,30.738931587622954,within_site
Donor_1329,oligodendrocyte,M,oligodendrocyte,18.99192709809643,within_site
Donor_1329,oligodendrocyte precursor cell,M,oligodendrocyte precursor cell,25.414306884809978,within_site
Donor_1329,pvalb GABAergic interneuron,M,pvalb GABAergic interneuron,21.89769278095022,within_site
Donor_1329,sst GABAergic interneuron,M,sst GABAergic interneuron,16.74760423961275,within_site
Donor_1336,L2/3 intratelencephalic projecting glutamatergic neuron,M,L2/3 intratelencephalic projecting glutamatergic neuron,17.32579265801867,within_site
Donor_1336,L2/3-6 intratelencephalic projecting glutamatergic neuron,M,L2/3-6 intratelencephalic projecting glutamatergic neuron,27.980943947498652,within_site
Donor_1336,L5/6 near-projecting glutamatergic neuron,M,L5/6 near-projecting glutamatergic neuron,36.68544881336467,within_site
Donor_1336,L6 corticothalamic-projecting glutamatergic cortical neuron,M,L6 corticothalamic-projecting glutamatergic cortical neuron,58.198820880463984,within_site
Donor_1336,L6 intratelencephalic projecting glutamatergic neuron,M,L6 intratelencephalic projecting glutamatergic neuron,27.921397374201895,within_site
Donor_1336,L6b glutamatergic neuron of the primary motor cortex,M,L6b glutamatergic neuron of the primary motor cortex,53.37690649273599,within_site
Donor_1336,VIP GABAergic interneuron,M,VIP GABAergic interneuron,49.18126720692822,within_site
Donor_1336,astrocyte,M,astrocyte,38.721067864534035,within_site
Donor_1336,lamp5 GABAergic interneuron,M,lamp5 GABAergic interneuron,60.46548300973006,within_site
Donor_1336,oligodendrocyte,M,oligodendrocyte,56.75354234550943,within_site
Donor_1336,oligodendrocyte precursor cell,M,oligodendrocyte precursor cell,35.84999832841665,within_site
Donor_1336,pvalb GABAergic interneuron,M,pvalb GABAergic interneuron,47.82938927177268,within_site
Donor_1337,GABAergic neuron,H,GABAergic neuron,28.623800208012597,within_site
Donor_1337,L2/3 intratelencephalic projecting glutamatergic neuron,H,L2/3 intratelencephalic projecting glutamatergic neuron,19.56546704747693,within_site
Donor_1337,L2/3-6 intratelencephalic projecting glutamatergic neuron,H,L2/3-6 intratelencephalic projecting glutamatergic neuron,19.55233495135167,within_site
Donor_1337,L5/6 near-projecting glutamatergic neuron,H,L5/6 near-projecting glutamatergic neuron,18.92504897000619,within_site
Donor_1337,L6 corticothalamic-projecting glutamatergic cortical neuron,H,L6 corticothalamic-projecting glutamatergic cortical neuron,24.844694088585552,within_site
Donor_1337,L6 intratelencephalic projecting glutamatergic neuron,H,L6 intratelencephalic projecting glutamatergic neuron,14.420380654525948,within_site
Donor_1337,L6b glutamatergic neuron of the primary motor cortex,H,L6b glutamatergic neuron of the primary motor cortex,16.47034576554263,within_site
Donor_1337,VIP GABAergic interneuron,H,VIP GABAergic interneuron,27.124006775091768,within_site
Donor_1337,astrocyte,H,astrocyte,22.42447587371138,within_site
Donor_1337,endothelial cell,H,endothelial cell,23.344069246072973,within_site
Donor_1337,lamp5 GABAergic interneuron,H,lamp5 GABAergic interneuron,19.894753033699523,within_site
Donor_1337,microglial cell,H,microglial cell,36.498378004336914,within_site
Donor_1337,oligodendrocyte,H,oligodendrocyte,28.01998653358265,within_site
Donor_1337,oligodendrocyte precursor cell,H,oligodendrocyte precursor cell,27.575155982545677,within_site
Donor_1337,pericyte,H,pericyte,17.59533394084215,within_site
Donor_1337,perivascular macrophage,H,perivascular macrophage,29.755588237180078,within_site
Donor_1337,pvalb GABAergic interneuron,H,pvalb GABAergic interneuron,21.23216202385172,within_site
Donor_1337,sst GABAergic interneuron,H,sst GABAergic interneuron,26.73435043539215,within_site
Donor_1337,vascular leptomeningeal cell,H,vascular leptomeningeal cell,22.834889912241092,within_site
Donor_1340,GABAergic neuron,H,GABAergic neuron,33.05287291396421,within_site
Donor_1340,L2/3 intratelencephalic projecting glutamatergic neuron,H,L2/3 intratelencephalic projecting glutamatergic neuron,35.28661177579692,within_site
Donor_1340,L2/3-6 intratelencephalic projecting glutamatergic neuron,H,L2/3-6 intratelencephalic projecting glutamatergic neuron,38.59945819584586,within_site
Donor_1340,L5/6 near-projecting glutamatergic neuron,H,L5/6 near-projecting glutamatergic neuron,29.84525250219421,within_site
Donor_1340,L6 corticothalamic-projecting glutamatergic cortical neuron,H,L6 corticothalamic-projecting glutamatergic cortical neuron,35.87675766771075,within_site
Donor_1340,L6 intratelencephalic projecting glutamatergic neuron,H,L6 intratelencephalic projecting glutamatergic neuron,32.496418318136236,within_site
Donor_1340,L6b glutamatergic neuron of the primary motor cortex,H,L6b glutamatergic neuron of the primary motor cortex,31.76771950775169,within_site
Donor_1340,VIP GABAergic interneuron,H,VIP GABAergic interneuron,36.087986005612464,within_site
Donor_1340,astrocyte,H,astrocyte,102.34864598810094,within_site
Donor_1340,endothelial cell,H,endothelial cell,25.378069455916958,within_site
Donor_1340,lamp5 GABAergic interneuron,H,lamp5 GABAergic interneuron,34.011142222571536,within_site
Donor_1340,microglial cell,H,microglial cell,79.39043541181071,within_site
Donor_1340,oligodendrocyte,H,oligodendrocyte,84.91409781159317,within_site
Donor_1340,oligodendrocyte precursor cell,H,oligodendrocyte precursor cell,111.39260336567624,within_site
Donor_1340,pericyte,H,pericyte,58.28309186715802,within_site
Donor_1340,pvalb GABAergic interneuron,H,pvalb GABAergic interneuron,34.638292444215224,within_site
Donor_1340,sst GABAergic interneuron,H,sst GABAergic interneuron,21.359473722510803,within_site
Donor_1340,vascular leptomeningeal cell,H,vascular leptomeningeal cell,40.98784937603378,within_site
Donor_1343,GABAergic neuron,H,GABAergic neuron,33.62855965418616,within_site
Donor_1343,L2/3 intratelencephalic projecting glutamatergic neuron,H,L2/3 intratelencephalic projecting glutamatergic neuron,34.327291548122815,within_site
Donor_1343,L2/3-6 intratelencephalic projecting glutamatergic neuron,H,L2/3-6 intratelencephalic projecting glutamatergic neuron,31.52966397762114,within_site
Donor_1343,L5/6 near-projecting glutamatergic neuron,H,L5/6 near-projecting glutamatergic neuron,24.826220420927726,within_site
Donor_1343,L6 intratelencephalic projecting glutamatergic neuron,H,L6 intratelencephalic projecting glutamatergic neuron,22.735205300283916,within_site
Donor_1343,VIP GABAergic interneuron,H,VIP GABAergic interneuron,28.22417147702363,within_site
Donor_1343,astrocyte,H,astrocyte,21.514858386608687,within_site
Donor_1343,endothelial cell,H,endothelial cell,11.275604642988494,within_site
Donor_1343,lamp5 GABAergic interneuron,H,lamp5 GABAergic interneuron,29.21230327603943,within_site
Donor_1343,microglial cell,H,microglial cell,21.625610913976608,within_site
Donor_1343,oligodendrocyte,H,oligodendrocyte,34.05178957477752,within_site
Donor_1343,oligodendrocyte precursor cell,H,oligodendrocyte precursor cell,14.81543286756139,within_site
Donor_1343,pericyte,H,pericyte,22.860678413153924,within_site
Donor_1343,perivascular macrophage,H,perivascular macrophage,24.855101745290618,within_site
Donor_1343,pvalb GABAergic interneuron,H,pvalb GABAergic interneuron,25.528560211088898,within_site
Donor_1343,smooth muscle cell,H,smooth muscle cell,57.877052887935236,within_site
Donor_1343,sst GABAergic interneuron,H,sst GABAergic interneuron,27.10101148008809,within_site
Donor_1343,vascular leptomeningeal cell,H,vascular leptomeningeal cell,36.72959064111678,within_site
Donor_1348,GABAergic neuron,M,GABAergic neuron,20.38481228028113,within_site
Donor_1348,L2/3 intratelencephalic projecting glutamatergic neuron,M,L2/3 intratelencephalic projecting glutamatergic neuron,19.291805529595354,within_site
Donor_1348,L2/3-6 intratelencephalic projecting glutamatergic neuron,M,L2/3-6 intratelencephalic projecting glutamatergic neuron,23.343584842730404,within_site
Donor_1348,L5/6 near-projecting glutamatergic neuron,M,L5/6 near-projecting glutamatergic neuron,14.196959818160348,within_site
Donor_1348,L6 corticothalamic-projecting glutamatergic cortical neuron,M,L6 corticothalamic-projecting glutamatergic cortical neuron,17.034768432907413,within_site
Donor_1348,L6 intratelencephalic projecting glutamatergic neuron,M,L6 intratelencephalic projecting glutamatergic neuron,17.835612379426763,within_site
Donor_1348,VIP GABAergic interneuron,M,VIP GABAergic interneuron,17.360256148709045,within_site
Donor_1348,astrocyte,M,astrocyte,13.999084271477798,within_site
Donor_1348,endothelial cell,M,endothelial cell,12.869135645878824,within_site
Donor_1348,lamp5 GABAergic interneuron,M,lamp5 GABAergic interneuron,27.29989820163504,within_site
Donor_1348,microglial cell,M,microglial cell,12.247186525747185,within_site
Donor_1348,oligodendrocyte,M,oligodendrocyte,21.65747128772924,within_site
Donor_1348,oligodendrocyte precursor cell,M,oligodendrocyte precursor cell,21.606725660628864,within_site
Donor_1348,pvalb GABAergic interneuron,M,pvalb GABAergic interneuron,21.424575620019183,within_site
Donor_1348,sst GABAergic interneuron,M,sst GABAergic interneuron,19.56329260001445,within_site
Donor_1348,vascular leptomeningeal cell,M,vascular leptomeningeal cell,52.236305862629315,within_site
Donor_1351,astrocyte,M,astrocyte,33.09701591539275,within_site
Donor_1351,oligodendrocyte precursor cell,M,oligodendrocyte precursor cell,56.33596390534971,within_site
Donor_1355,GABAergic neuron,H,GABAergic neuron,40.647326546074176,within_site
Donor_1355,L2/3 intratelencephalic projecting glutamatergic neuron,H,L2/3 intratelencephalic projecting glutamatergic neuron,24.083985239506443,within_site
Donor_1355,L2/3-6 intratelencephalic projecting glutamatergic neuron,H,L2/3-6 intratelencephalic projecting glutamatergic neuron,23.691944505366006,within_site
Donor_1355,VIP GABAergic interneuron,H,VIP GABAergic interneuron,39.161790126174495,within_site
Donor_1355,astrocyte,H,astrocyte,24.633058011378413,within_site
Donor_1355,endothelial cell,H,endothelial cell,42.532928519322056,within_site
Donor_1355,lamp5 GABAergic interneuron,H,lamp5 GABAergic interneuron,32.151084180379705,within_site
Donor_1355,microglial cell,H,microglial cell,38.77313038956634,within_site
Donor_1355,oligodendrocyte,H,oligodendrocyte,24.148239535068836,within_site
Donor_1355,oligodendrocyte precursor cell,H,oligodendrocyte precursor cell,32.20961673513706,within_site
Donor_1355,pericyte,H,pericyte,19.579864568350924,within_site
Donor_1355,perivascular macrophage,H,perivascular macrophage,30.598080311489777,within_site
Donor_1355,pvalb GABAergic interneuron,H,pvalb GABAergic interneuron,31.78686751203059,within_site
Donor_1355,sst GABAergic interneuron,H,sst GABAergic interneuron,21.62157035355493,within_site
Donor_1355,vascular leptomeningeal cell,H,vascular leptomeningeal cell,31.499757092426997,within_site
Donor_1359,GABAergic neuron,H,GABAergic neuron,46.55723274060656,within_site
Donor_1359,L6 corticothalamic-projecting glutamatergic cortical neuron,H,L2/3-6 intratelencephalic projecting glutamatergic neuron,97.94750033229187,within_site
Donor_1359,astrocyte,H,astrocyte,44.96353421720982,within_site
Donor_1359,endothelial cell,H,endothelial cell,21.188471929886557,within_site
Donor_1359,microglial cell,H,microglial cell,24.776837258691852,within_site
Donor_1359,oligodendrocyte,H,oligodendrocyte,14.942265465650804,within_site
Donor_1359,oligodendrocyte precursor cell,H,oligodendrocyte precursor cell,48.815914549404845,within_site
Donor_1359,pericyte,H,pericyte,35.75278599127457,within_site
Donor_1359,smooth muscle cell,H,smooth muscle cell,55.34315378599435,within_site
Donor_1359,sst GABAergic interneuron,H,sst GABAergic interneuron,63.352506130158105,within_site
Donor_1359,vascular leptomeningeal cell,H,vascular leptomeningeal cell,35.71048785856004,within_site
Donor_1360,L2/3 intratelencephalic projecting glutamatergic neuron,H,L2/3 intratelencephalic projecting glutamatergic neuron,17.965657701239376,within_site
Donor_1360,L2/3-6 intratelencephalic projecting glutamatergic neuron,H,L2/3-6 intratelencephalic projecting glutamatergic neuron,10.26064355293268,within_site
Donor_1360,L5/6 near-projecting glutamatergic neuron,H,L5/6 near-projecting glutamatergic neuron,17.831391653580567,within_site
Donor_1360,L6 corticothalamic-projecting glutamatergic cortical neuron,H,L6 corticothalamic-projecting glutamatergic cortical neuron,13.472971075485066,within_site
Donor_1360,L6 intratelencephalic projecting glutamatergic neuron,H,L6 intratelencephalic projecting glutamatergic neuron,14.051231038888702,within_site
Donor_1360,L6b glutamatergic neuron of the primary motor cortex,H,L6b glutamatergic neuron of the primary motor cortex,12.934290038050612,within_site
Donor_1360,VIP GABAergic interneuron,H,VIP GABAergic interneuron,12.196327394235121,within_site
Donor_1360,astrocyte,H,astrocyte,70.36737572761483,within_site
Donor_1360,endothelial cell,H,endothelial cell,12.955457378687088,within_site
Donor_1360,lamp5 GABAergic interneuron,H,lamp5 GABAergic interneuron,13.175106510803904,within_site
Donor_1360,microglial cell,H,microglial cell,26.397344199674396,within_site
Donor_1360,oligodendrocyte,H,oligodendrocyte,7.752591411359692,within_site
Donor_1360,oligodendrocyte precursor cell,H,oligodendrocyte precursor cell,28.251804065713376,within_site
Donor_1360,pericyte,H,pericyte,10.112548926821663,within_site
Donor_1360,pvalb GABAergic interneuron,H,pvalb GABAergic interneuron,11.712376468027628,within_site
Donor_1360,sst GABAergic interneuron,H,sst GABAergic interneuron,17.28147568144897,within_site
Donor_1360,vascular leptomeningeal cell,H,vascular leptomeningeal cell,27.572570924464163,within_site
Donor_1364,GABAergic neuron,H,GABAergic neuron,14.005417576214782,within_site
Donor_1364,L2/3 intratelencephalic projecting glutamatergic neuron,H,L2/3 intratelencephalic projecting glutamatergic neuron,20.19357444660656,within_site
Donor_1364,L2/3-6 intratelencephalic projecting glutamatergic neuron,H,L2/3-6 intratelencephalic projecting glutamatergic neuron,24.75810636482749,within_site
Donor_1364,L5/6 near-projecting glutamatergic neuron,H,L5/6 near-projecting glutamatergic neuron,18.700612105810986,within_site
Donor_1364,L6 corticothalamic-projecting glutamatergic cortical neuron,H,L6 corticothalamic-projecting glutamatergic cortical neuron,16.143363355791294,within_site
Donor_1364,L6 intratelencephalic projecting glutamatergic neuron,H,L6 intratelencephalic projecting glutamatergic neuron,24.977978108323914,within_site
Donor_1364,L6b glutamatergic neuron of the primary motor cortex,H,L6b glutamatergic neuron of the primary motor cortex,36.83436212940306,within_site
Donor_1364,VIP GABAergic interneuron,H,VIP GABAergic interneuron,16.556926949155244,within_site
Donor_1364,astrocyte,H,astrocyte,16.799832431336206,within_site
Donor_1364,endothelial cell,H,endothelial cell,28.77358734968854,within_site
Donor_1364,lamp5 GABAergic interneuron,H,lamp5 GABAergic interneuron,20.85111945139209,within_site
Donor_1364,microglial cell,H,microglial cell,21.444635286546827,within_site
Donor_1364,oligodendrocyte,H,oligodendrocyte,24.656271380537163,within_site
Donor_1364,oligodendrocyte precursor cell,H,oligodendrocyte precursor cell,19.236851870246642,within_site
Donor_1364,pericyte,H,pericyte,32.12605275391869,within_site
Donor_1364,pvalb GABAergic interneuron,H,pvalb GABAergic interneuron,15.004149115154743,within_site
Donor_1364,smooth muscle cell,H,smooth muscle cell,44.219663882209176,within_site
Donor_1364,sst GABAergic interneuron,H,sst GABAergic interneuron,13.52055722647818,within_site
Donor_1364,vascular leptomeningeal cell,H,vascular leptomeningeal cell,32.5981997473716,within_site
Donor_1368,GABAergic neuron,M,GABAergic neuron,19.0943666663079,within_site
Donor_1368,L2/3 intratelencephalic projecting glutamatergic neuron,M,L2/3 intratelencephalic projecting glutamatergic neuron,20.261950821591245,within_site
Donor_1368,L2/3-6 intratelencephalic projecting glutamatergic neuron,M,L2/3-6 intratelencephalic projecting glutamatergic neuron,16.514569745412867,within_site
Donor_1368,L5/6 near-projecting glutamatergic neuron,M,L5/6 near-projecting glutamatergic neuron,19.000843254210054,within_site
Donor_1368,L6 corticothalamic-projecting glutamatergic cortical neuron,M,L6 corticothalamic-projecting glutamatergic cortical neuron,20.109921338839793,within_site
Donor_1368,L6 intratelencephalic projecting glutamatergic neuron,M,L6 intratelencephalic projecting glutamatergic neuron,13.944874114747465,within_site
Donor_1368,L6b glutamatergic neuron of the primary motor cortex,M,L6b glutamatergic neuron of the primary motor cortex,15.254975230616312,within_site
Donor_1368,VIP GABAergic interneuron,M,VIP GABAergic interneuron,15.650475924275257,within_site
Donor_1368,astrocyte,M,astrocyte,22.64007353570025,within_site
Donor_1368,endothelial cell,M,endothelial cell,33.914211345264356,within_site
Donor_1368,lamp5 GABAergic interneuron,M,lamp5 GABAergic interneuron,12.027911396819464,within_site
Donor_1368,microglial cell,M,microglial cell,30.922363745063503,within_site
Donor_1368,oligodendrocyte,M,oligodendrocyte,26.475135222608586,within_site
Donor_1368,oligodendrocyte precursor cell,M,oligodendrocyte precursor cell,19.88738498541452,within_site
Donor_1368,pvalb GABAergic interneuron,M,pvalb GABAergic interneuron,16.41956098252619,within_site
Donor_1368,sst GABAergic interneuron,M,sst GABAergic interneuron,12.827278744067264,within_site
Donor_1371,GABAergic neuron,M,GABAergic neuron,7.498050130249378,within_site
Donor_1371,L2/3 intratelencephalic projecting glutamatergic neuron,M,L2/3 intratelencephalic projecting glutamatergic neuron,24.48555128348994,within_site
Donor_1371,L2/3-6 intratelencephalic projecting glutamatergic neuron,M,L2/3-6 intratelencephalic projecting glutamatergic neuron,21.77154057919345,within_site
Donor_1371,L5/6 near-projecting glutamatergic neuron,M,L5/6 near-projecting glutamatergic neuron,28.813866415374232,within_site
Donor_1371,L6 corticothalamic-projecting glutamatergic cortical neuron,M,L6 corticothalamic-projecting glutamatergic cortical neuron,26.514048977556236,within_site
Donor_1371,L6 intratelencephalic projecting glutamatergic neuron,M,L6 intratelencephalic projecting glutamatergic neuron,22.333775592688724,within_site
Donor_1371,L6b glutamatergic neuron of the primary motor cortex,M,L6b glutamatergic neuron of the primary motor cortex,25.600624820778464,within_site
Donor_1371,VIP GABAergic interneuron,M,VIP GABAergic interneuron,13.568370219878538,within_site
Donor_1371,astrocyte,M,astrocyte,32.083082401484134,within_site
Donor_1371,endothelial cell,M,endothelial cell,19.18474012123163,within_site
Donor_1371,lamp5 GABAergic interneuron,M,lamp5 GABAergic interneuron,23.13719400675883,within_site
Donor_1371,microglial cell,M,microglial cell,44.27461577476173,within_site
Donor_1371,oligodendrocyte,M,oligodendrocyte,29.98032028511951,within_site
Donor_1371,oligodendrocyte precursor cell,M,oligodendrocyte precursor cell,26.37582891924225,within_site
Donor_1371,perivascular macrophage,M,perivascular macrophage,58.06080466759239,within_site
Donor_1371,pvalb GABAergic interneuron,M,pvalb GABAergic interneuron,21.11246481053083,within_site
Donor_1371,sst GABAergic interneuron,M,sst GABAergic interneuron,15.170974285699792,within_site
Donor_1371,vascular leptomeningeal cell,M,vascular leptomeningeal cell,23.37351058898622,within_site
Donor_1375,L2/3 intratelencephalic projecting glutamatergic neuron,H,L2/3 intratelencephalic projecting glutamatergic neuron,25.18484690631271,within_site
Donor_1375,VIP GABAergic interneuron,H,VIP GABAergic interneuron,14.682041940248372,within_site
Donor_1375,astrocyte,H,astrocyte,18.207902858654975,within_site
Donor_1375,microglial cell,H,microglial cell,27.980083893640206,within_site
Donor_1375,oligodendrocyte,H,oligodendrocyte,26.408254046375436,within_site
Donor_1375,oligodendrocyte precursor cell,H,oligodendrocyte precursor cell,17.151345059592295,within_site
Donor_1377,GABAergic neuron,H,GABAergic neuron,27.39203944314568,within_site
Donor_1377,L2/3 intratelencephalic projecting glutamatergic neuron,H,L2/3 intratelencephalic projecting glutamatergic neuron,25.463509102663146,within_site
Donor_1377,L2/3-6 intratelencephalic projecting glutamatergic neuron,H,L2/3-6 intratelencephalic projecting glutamatergic neuron,24.18338346216906,within_site
Donor_1377,L5/6 near-projecting glutamatergic neuron,H,L5/6 near-projecting glutamatergic neuron,23.988149348990117,within_site
Donor_1377,L6 corticothalamic-projecting glutamatergic cortical neuron,H,L6 corticothalamic-projecting glutamatergic cortical neuron,30.89156524019109,within_site
Donor_1377,L6 intratelencephalic projecting glutamatergic neuron,H,L6 intratelencephalic projecting glutamatergic neuron,24.73711975814434,within_site
Donor_1377,L6b glutamatergic neuron of the primary motor cortex,H,L6b glutamatergic neuron of the primary motor cortex,24.446621154283964,within_site
Donor_1377,VIP GABAergic interneuron,H,VIP GABAergic interneuron,27.521815845309707,within_site
Donor_1377,astrocyte,H,astrocyte,21.304540355763415,within_site
Donor_1377,endothelial cell,H,endothelial cell,18.079283116835082,within_site
Donor_1377,lamp5 GABAergic interneuron,H,lamp5 GABAergic interneuron,26.542476546081147,within_site
Donor_1377,microglial cell,H,microglial cell,23.098510069294466,within_site
Donor_1377,oligodendrocyte,H,oligodendrocyte,14.081101482636708,within_site
Donor_1377,oligodendrocyte precursor cell,H,oligodendrocyte precursor cell,22.5293056632855,within_site
Donor_1377,pericyte,H,pericyte,33.21984207510558,within_site
Donor_1377,perivascular macrophage,H,perivascular macrophage,50.875389515454614,within_site
Donor_1377,pvalb GABAergic interneuron,H,pvalb GABAergic interneuron,24.81058887023779,within_site
Donor_1377,sst GABAergic interneuron,H,sst GABAergic interneuron,23.967785972819158,within_site
Donor_1377,vascular leptomeningeal cell,H,vascular leptomeningeal cell,52.16176572585642,within_site
Donor_1378,GABAergic neuron,H,GABAergic neuron,40.36752613810833,within_site
Donor_1378,L2/3 intratelencephalic projecting glutamatergic neuron,H,L2/3 intratelencephalic projecting glutamatergic neuron,38.017532823558994,within_site
Donor_1378,L2/3-6 intratelencephalic projecting glutamatergic neuron,H,L2/3-6 intratelencephalic projecting glutamatergic neuron,35.17778499297544,within_site
Donor_1378,L6 corticothalamic-projecting glutamatergic cortical neuron,H,L6 corticothalamic-projecting glutamatergic cortical neuron,33.54706419629187,within_site
Donor_1378,L6 intratelencephalic projecting glutamatergic neuron,H,L6 intratelencephalic projecting glutamatergic neuron,33.67479720849203,within_site
Donor_1378,L6b glutamatergic neuron of the primary motor cortex,H,L6b glutamatergic neuron of the primary motor cortex,17.51083127394829,within_site
Donor_1378,VIP GABAergic interneuron,H,VIP GABAergic interneuron,38.43961884731045,within_site
Donor_1378,astrocyte,H,astrocyte,38.01809929824874,within_site
Donor_1378,endothelial cell,H,endothelial cell,41.79551306703837,within_site
Donor_1378,lamp5 GABAergic interneuron,H,lamp5 GABAergic interneuron,35.9981734616657,within_site
Donor_1378,microglial cell,H,microglial cell,31.551060911461256,within_site
Donor_1378,oligodendrocyte,H,oligodendrocyte,41.36224465844856,within_site
Donor_1378,oligodendrocyte precursor cell,H,oligodendrocyte precursor cell,40.62007386487266,within_site
Donor_1378,pericyte,H,pericyte,25.71068356336624,within_site
Donor_1378,pvalb GABAergic interneuron,H,pvalb GABAergic interneuron,38.88624406834208,within_site
Donor_1378,sst GABAergic interneuron,H,sst GABAergic interneuron,35.188715922705036,within_site
Donor_138,GABAergic neuron,H,GABAergic neuron,18.600569243570092,within_site
Donor_138,L2/3 intratelencephalic projecting glutamatergic neuron,H,L2/3 intratelencephalic projecting glutamatergic neuron,7.103718440358583,within_site
Donor_138,L2/3-6 intratelencephalic projecting glutamatergic neuron,H,L2/3-6 intratelencephalic projecting glutamatergic neuron,27.64923819142001,within_site
Donor_138,L5/6 near-projecting glutamatergic neuron,H,L5/6 near-projecting glutamatergic neuron,24.94110342783225,within_site
Donor_138,L6 intratelencephalic projecting glutamatergic neuron,H,L6 intratelencephalic projecting glutamatergic neuron,38.81423390145885,within_site
Donor_138,VIP GABAergic interneuron,H,VIP GABAergic interneuron,15.835726463685267,within_site
Donor_138,astrocyte,H,astrocyte,10.880259645045099,within_site
Donor_138,endothelial cell,H,endothelial cell,20.879052454744084,within_site
Donor_138,lamp5 GABAergic interneuron,H,lamp5 GABAergic interneuron,14.953572321675606,within_site
Donor_138,microglial cell,H,microglial cell,27.293614011173858,within_site
Donor_138,oligodendrocyte,H,oligodendrocyte,20.882495613654037,within_site
Donor_138,oligodendrocyte precursor cell,H,oligodendrocyte precursor cell,15.541542104620797,within_site
Donor_138,pericyte,H,pericyte,26.493291988444167,within_site
Donor_138,pvalb GABAergic interneuron,H,pvalb GABAergic interneuron,10.241890821046963,within_site
Donor_138,sst GABAergic interneuron,H,sst GABAergic interneuron,16.065848519583867,within_site
Donor_138,vascular leptomeningeal cell,H,vascular leptomeningeal cell,33.9522766453623,within_site
Donor_1392,GABAergic neuron,H,GABAergic neuron,17.89608682900484,within_site
Donor_1392,L2/3 intratelencephalic projecting glutamatergic neuron,H,L2/3 intratelencephalic projecting glutamatergic neuron,17.765243958086316,within_site
Donor_1392,L2/3-6 intratelencephalic projecting glutamatergic neuron,H,L2/3-6 intratelencephalic projecting glutamatergic neuron,23.150000234507345,within_site
Donor_1392,L5/6 near-projecting glutamatergic neuron,H,L5/6 near-projecting glutamatergic neuron,25.108424393898463,within_site
Donor_1392,L6 corticothalamic-projecting glutamatergic cortical neuron,H,L6 corticothalamic-projecting glutamatergic cortical neuron,21.85229888748421,within_site
Donor_1392,L6 intratelencephalic projecting glutamatergic neuron,H,L6 intratelencephalic projecting glutamatergic neuron,25.4947171868356,within_site
Donor_1392,L6b glutamatergic neuron of the primary motor cortex,H,L6b glutamatergic neuron of the primary motor cortex,9.954024559842486,within_site
Donor_1392,VIP GABAergic interneuron,H,VIP GABAergic interneuron,9.107289707514468,within_site
Donor_1392,astrocyte,H,astrocyte,40.22043070953987,within_site
Donor_1392,endothelial cell,H,endothelial cell,24.94100318410746,within_site
Donor_1392,lamp5 GABAergic interneuron,H,lamp5 GABAergic interneuron,20.033274206163068,within_site
Donor_1392,microglial cell,H,microglial cell,57.98402828508505,within_site
Donor_1392,oligodendrocyte,H,oligodendrocyte,40.61712191984521,within_site
Donor_1392,oligodendrocyte precursor cell,H,oligodendrocyte precursor cell,38.36921781404474,within_site
Donor_1392,pericyte,H,pericyte,36.04079346160549,within_site
Donor_1392,pvalb GABAergic interneuron,H,pvalb GABAergic interneuron,21.549906757130717,within_site
Donor_1392,sst GABAergic interneuron,H,sst GABAergic interneuron,19.98330521614526,within_site
Donor_1392,vascular leptomeningeal cell,H,vascular leptomeningeal cell,43.81092354212672,within_site
Donor_14,GABAergic neuron,M,GABAergic neuron,22.196197734632463,within_site
Donor_14,L2/3 intratelencephalic projecting glutamatergic neuron,M,L2/3 intratelencephalic projecting glutamatergic neuron,36.620251358028284,within_site
Donor_14,L2/3-6 intratelencephalic projecting glutamatergic neuron,M,L2/3-6 intratelencephalic projecting glutamatergic neuron,33.78361289795522,within_site
Donor_14,L6 corticothalamic-projecting glutamatergic cortical neuron,M,L6 corticothalamic-projecting glutamatergic cortical neuron,31.479083116358996,within_site
Donor_14,L6 intratelencephalic projecting glutamatergic neuron,M,L6 intratelencephalic projecting glutamatergic neuron,27.84725616878127,within_site
Donor_14,VIP GABAergic interneuron,M,VIP GABAergic interneuron,33.37613091569803,within_site
Donor_14,astrocyte,M,astrocyte,25.957286858443965,within_site
Donor_14,lamp5 GABAergic interneuron,M,lamp5 GABAergic interneuron,31.31790401222772,within_site
Donor_14,microglial cell,M,microglial cell,34.81836223161632,within_site
Donor_14,oligodendrocyte,M,oligodendrocyte,32.922883516729904,within_site
Donor_14,oligodendrocyte precursor cell,M,oligodendrocyte precursor cell,33.08644897539049,within_site
Donor_14,perivascular macrophage,M,perivascular macrophage,35.72031488709575,within_site
Donor_14,pvalb GABAergic interneuron,M,pvalb GABAergic interneuron,34.728207379670685,within_site
Donor_14,sst GABAergic interneuron,M,sst GABAergic interneuron,30.71826883544895,within_site
Donor_1405,GABAergic neuron,H,GABAergic neuron,17.92449524647473,within_site
Donor_1405,L2/3 intratelencephalic projecting glutamatergic neuron,H,L2/3 intratelencephalic projecting glutamatergic neuron,12.252346847547035,within_site
Donor_1405,L2/3-6 intratelencephalic projecting glutamatergic neuron,H,L2/3-6 intratelencephalic projecting glutamatergic neuron,17.34208939490017,within_site
Donor_1405,L6 corticothalamic-projecting glutamatergic cortical neuron,H,L6 corticothalamic-projecting glutamatergic cortical neuron,18.04736557384709,within_site
Donor_1405,L6 intratelencephalic projecting glutamatergic neuron,H,L6 intratelencephalic projecting glutamatergic neuron,10.18564572843976,within_site
Donor_1405,L6b glutamatergic neuron of the primary motor cortex,H,L6b glutamatergic neuron of the primary motor cortex,10.587445555235151,within_site
Donor_1405,VIP GABAergic interneuron,H,VIP GABAergic interneuron,13.99787063327935,within_site
Donor_1405,astrocyte,H,astrocyte,17.184816289792977,within_site
Donor_1405,endothelial cell,H,endothelial cell,28.195275609551594,within_site
Donor_1405,lamp5 GABAergic interneuron,H,lamp5 GABAergic interneuron,12.175139311330934,within_site
Donor_1405,microglial cell,H,microglial cell,12.728213181976793,within_site
Donor_1405,oligodendrocyte,H,oligodendrocyte,11.990910294897485,within_site
Donor_1405,oligodendrocyte precursor cell,H,oligodendrocyte precursor cell,12.370198124298085,within_site
Donor_1405,pericyte,H,pericyte,23.83664443029542,within_site
Donor_1405,pvalb GABAergic interneuron,H,pvalb GABAergic interneuron,12.289277414393675,within_site
Donor_1405,sst GABAergic interneuron,H,sst GABAergic interneuron,14.144706774618909,within_site
Donor_1414,GABAergic neuron,M,GABAergic neuron,8.326171760857918,within_site
Donor_1414,L2/3 intratelencephalic projecting glutamatergic neuron,M,L2/3 intratelencephalic projecting glutamatergic neuron,6.852790373550504,within_site
Donor_1414,L2/3-6 intratelencephalic projecting glutamatergic neuron,M,L2/3-6 intratelencephalic projecting glutamatergic neuron,12.175781123030893,within_site
Donor_1414,L6 corticothalamic-projecting glutamatergic cortical neuron,M,L6 corticothalamic-projecting glutamatergic cortical neuron,8.606803837169545,within_site
Donor_1414,L6 intratelencephalic projecting glutamatergic neuron,M,L6 intratelencephalic projecting glutamatergic neuron,12.549821333671456,within_site
Donor_1414,L6b glutamatergic neuron of the primary motor cortex,M,L6b glutamatergic neuron of the primary motor cortex,19.537688948048874,within_site
Donor_1414,VIP GABAergic interneuron,M,VIP GABAergic interneuron,7.566678924513972,within_site
Donor_1414,astrocyte,M,astrocyte,15.242537089383442,within_site
Donor_1414,endothelial cell,M,endothelial cell,22.166219251660394,within_site
Donor_1414,lamp5 GABAergic interneuron,M,lamp5 GABAergic interneuron,8.048096535820832,within_site
Donor_1414,microglial cell,M,microglial cell,21.89062457956162,within_site
Donor_1414,oligodendrocyte,M,oligodendrocyte,12.341186286429657,within_site
Donor_1414,oligodendrocyte precursor cell,M,oligodendrocyte precursor cell,9.693894140147085,within_site
Donor_1414,pericyte,M,pericyte,20.70717149743312,within_site
Donor_1414,pvalb GABAergic interneuron,M,pvalb GABAergic interneuron,6.192516959962304,within_site
Donor_1414,sst GABAergic interneuron,M,sst GABAergic interneuron,8.32564163109869,within_site
Donor_1414,vascular leptomeningeal cell,M,vascular leptomeningeal cell,24.887142986250463,within_site
Donor_1417,GABAergic neuron,H,GABAergic neuron,16.13235015264813,within_site
Donor_1417,L2/3 intratelencephalic projecting glutamatergic neuron,H,L2/3 intratelencephalic projecting glutamatergic neuron,7.87945435479003,within_site
Donor_1417,L2/3-6 intratelencephalic projecting glutamatergic neuron,H,L2/3-6 intratelencephalic projecting glutamatergic neuron,8.704017282810184,within_site
Donor_1417,L5/6 near-projecting glutamatergic neuron,H,L5/6 near-projecting glutamatergic neuron,10.932403051600943,within_site
Donor_1417,L6 corticothalamic-projecting glutamatergic cortical neuron,H,L6 corticothalamic-projecting glutamatergic cortical neuron,7.59018217845479,within_site
Donor_1417,L6 intratelencephalic projecting glutamatergic neuron,H,L6 intratelencephalic projecting glutamatergic neuron,8.135708937518721,within_site
Donor_1417,L6b glutamatergic neuron of the primary motor cortex,H,L6b glutamatergic neuron of the primary motor cortex,9.616973692481698,within_site
Donor_1417,VIP GABAergic interneuron,H,VIP GABAergic interneuron,13.03304025537979,within_site
Donor_1417,astrocyte,H,astrocyte,18.84072632358279,within_site
Donor_1417,endothelial cell,H,endothelial cell,19.072276210104913,within_site
Donor_1417,lamp5 GABAergic interneuron,H,lamp5 GABAergic interneuron,13.070012408216643,within_site
Donor_1417,microglial cell,H,microglial cell,21.82395974325271,within_site
Donor_1417,oligodendrocyte,H,oligodendrocyte,11.628784067920703,within_site
Donor_1417,oligodendrocyte precursor cell,H,oligodendrocyte precursor cell,10.572598094303187,within_site
Donor_1417,pericyte,H,pericyte,24.313338877456577,within_site
Donor_1417,pvalb GABAergic interneuron,H,pvalb GABAergic interneuron,13.408656001974643,within_site
Donor_1417,sst GABAergic interneuron,H,sst GABAergic interneuron,16.19971193539835,within_site
Donor_1417,vascular leptomeningeal cell,H,vascular leptomeningeal cell,13.59929005361876,within_site
Donor_1419,GABAergic neuron,M,GABAergic neuron,28.747868436439106,within_site
Donor_1419,L2/3 intratelencephalic projecting glutamatergic neuron,M,L2/3 intratelencephalic projecting glutamatergic neuron,35.71000674635599,within_site
Donor_1419,L2/3-6 intratelencephalic projecting glutamatergic neuron,M,L2/3-6 intratelencephalic projecting glutamatergic neuron,34.88071924542973,within_site
Donor_1419,L5/6 near-projecting glutamatergic neuron,M,L5/6 near-projecting glutamatergic neuron,34.44276149135082,within_site
Donor_1419,L6 corticothalamic-projecting glutamatergic cortical neuron,M,L6 corticothalamic-projecting glutamatergic cortical neuron,37.760271799911386,within_site
Donor_1419,L6 intratelencephalic projecting glutamatergic neuron,M,L6 intratelencephalic projecting glutamatergic neuron,31.21031781640977,within_site
Donor_1419,L6b glutamatergic neuron of the primary motor cortex,M,L6b glutamatergic neuron of the primary motor cortex,29.133292909960844,within_site
Donor_1419,VIP GABAergic interneuron,M,VIP GABAergic interneuron,23.481049560697606,within_site
Donor_1419,astrocyte,M,astrocyte,24.653530106926926,within_site
Donor_1419,endothelial cell,M,endothelial cell,38.71991245182212,within_site
Donor_1419,lamp5 GABAergic interneuron,M,lamp5 GABAergic interneuron,38.23321970708308,within_site
Donor_1419,microglial cell,M,microglial cell,19.254854260997156,within_site
Donor_1419,oligodendrocyte,M,oligodendrocyte,27.08405368390728,within_site
Donor_1419,oligodendrocyte precursor cell,M,oligodendrocyte precursor cell,23.262792255583353,within_site
Donor_1419,pericyte,M,pericyte,21.637304119814115,within_site
Donor_1419,pvalb GABAergic interneuron,M,pvalb GABAergic interneuron,36.5765322892412,within_site
Donor_1419,sst GABAergic interneuron,M,sst GABAergic interneuron,26.484125309406306,within_site
Donor_1419,vascular leptomeningeal cell,M,vascular leptomeningeal cell,42.40163746980805,within_site
Donor_1433,GABAergic neuron,M,GABAergic neuron,23.08138251156117,within_site
Donor_1433,L2/3 intratelencephalic projecting glutamatergic neuron,M,L2/3 intratelencephalic projecting glutamatergic neuron,28.844168329672407,within_site
Donor_1433,L2/3-6 intratelencephalic projecting glutamatergic neuron,M,L2/3-6 intratelencephalic projecting glutamatergic neuron,28.098026133500507,within_site
Donor_1433,L5/6 near-projecting glutamatergic neuron,M,L5/6 near-projecting glutamatergic neuron,13.24318344783632,within_site
Donor_1433,L6 corticothalamic-projecting glutamatergic cortical neuron,M,L6 corticothalamic-projecting glutamatergic cortical neuron,25.379429338291686,within_site
Donor_1433,L6 intratelencephalic projecting glutamatergic neuron,M,L6 intratelencephalic projecting glutamatergic neuron,22.572360211954084,within_site
Donor_1433,L6b glutamatergic neuron of the primary motor cortex,M,L6b glutamatergic neuron of the primary motor cortex,17.872570361726172,within_site
Donor_1433,VIP GABAergic interneuron,M,VIP GABAergic interneuron,29.624926596714264,within_site
Donor_1433,astrocyte,M,astrocyte,26.48775420322805,within_site
Donor_1433,endothelial cell,M,endothelial cell,20.09748351072787,within_site
Donor_1433,lamp5 GABAergic interneuron,M,lamp5 GABAergic interneuron,31.051359534421106,within_site
Donor_1433,microglial cell,M,microglial cell,24.177777760089462,within_site
Donor_1433,oligodendrocyte,M,oligodendrocyte,21.946833774771882,within_site
Donor_1433,oligodendrocyte precursor cell,M,oligodendrocyte precursor cell,19.598867497375448,within_site
Donor_1433,pericyte,M,pericyte,24.22957104146482,within_site
Donor_1433,pvalb GABAergic interneuron,M,pvalb GABAergic interneuron,28.72235289178848,within_site
Donor_1433,smooth muscle cell,M,smooth muscle cell,45.10384097316994,within_site
Donor_1433,sst GABAergic interneuron,M,sst GABAergic interneuron,29.104862129113755,within_site
Donor_1435,astrocyte,H,astrocyte,21.37976990733667,within_site
Donor_1435,endothelial cell,H,endothelial cell,22.64198182123258,within_site
Donor_1435,oligodendrocyte,H,oligodendrocyte,99.86732382308209,within_site
Donor_1435,oligodendrocyte precursor cell,H,oligodendrocyte precursor cell,42.40769843064286,within_site
Donor_1437,GABAergic neuron,H,GABAergic neuron,19.923427209400966,within_site
Donor_1437,L2/3 intratelencephalic projecting glutamatergic neuron,H,L2/3 intratelencephalic projecting glutamatergic neuron,17.309226663187342,within_site
Donor_1437,L2/3-6 intratelencephalic projecting glutamatergic neuron,H,L2/3-6 intratelencephalic projecting glutamatergic neuron,21.369403097366753,within_site
Donor_1437,L5/6 near-projecting glutamatergic neuron,H,L5/6 near-projecting glutamatergic neuron,16.50223782177003,within_site
Donor_1437,L6 corticothalamic-projecting glutamatergic cortical neuron,H,L6 corticothalamic-projecting glutamatergic cortical neuron,10.51335677516787,within_site
Donor_1437,L6 intratelencephalic projecting glutamatergic neuron,H,L6 intratelencephalic projecting glutamatergic neuron,17.30540260687285,within_site
Donor_1437,L6b glutamatergic neuron of the primary motor cortex,H,L6b glutamatergic neuron of the primary motor cortex,30.239001283825754,within_site
Donor_1437,VIP GABAergic interneuron,H,VIP GABAergic interneuron,18.882155934582947,within_site
Donor_1437,astrocyte,H,astrocyte,11.322219608602312,within_site
Donor_1437,endothelial cell,H,endothelial cell,20.10882068241037,within_site
Donor_1437,lamp5 GABAergic interneuron,H,lamp5 GABAergic interneuron,16.21052770859911,within_site
Donor_1437,microglial cell,H,microglial cell,28.710800072684524,within_site
Donor_1437,oligodendrocyte,H,oligodendrocyte,16.156080299532164,within_site
Donor_1437,oligodendrocyte precursor cell,H,oligodendrocyte precursor cell,15.557403471871517,within_site
Donor_1437,pericyte,H,pericyte,30.518540028881812,within_site
Donor_1437,pvalb GABAergic interneuron,H,pvalb GABAergic interneuron,18.678522279845247,within_site
Donor_1437,sst GABAergic interneuron,H,sst GABAergic interneuron,15.210495549084323,within_site
Donor_1443,GABAergic neuron,M,GABAergic neuron,15.2682528122321,within_site
Donor_1443,L2/3 intratelencephalic projecting glutamatergic neuron,M,L2/3 intratelencephalic projecting glutamatergic neuron,21.770794967702415,within_site
Donor_1443,L2/3-6 intratelencephalic projecting glutamatergic neuron,M,L2/3-6 intratelencephalic projecting glutamatergic neuron,18.60758806515423,within_site
Donor_1443,L5/6 near-projecting glutamatergic neuron,M,L5/6 near-projecting glutamatergic neuron,13.311907352284411,within_site
Donor_1443,L6 corticothalamic-projecting glutamatergic cortical neuron,M,L6 corticothalamic-projecting glutamatergic cortical neuron,17.856444777651454,within_site
Donor_1443,L6 intratelencephalic projecting glutamatergic neuron,M,L6 intratelencephalic projecting glutamatergic neuron,11.75968346096732,within_site
Donor_1443,L6b glutamatergic neuron of the primary motor cortex,M,L6b glutamatergic neuron of the primary motor cortex,9.701428330058084,within_site
Donor_1443,VIP GABAergic interneuron,M,VIP GABAergic interneuron,17.952339209811104,within_site
Donor_1443,astrocyte,M,astrocyte,13.62001275224222,within_site
Donor_1443,lamp5 GABAergic interneuron,M,lamp5 GABAergic interneuron,19.55968335425589,within_site
Donor_1443,microglial cell,M,microglial cell,15.500832751710307,within_site
Donor_1443,oligodendrocyte,M,oligodendrocyte,11.376538708657247,within_site
Donor_1443,oligodendrocyte precursor cell,M,oligodendrocyte precursor cell,18.20522352200846,within_site
Donor_1443,pericyte,M,pericyte,39.273002012665295,within_site
Donor_1443,pvalb GABAergic interneuron,M,pvalb GABAergic interneuron,22.521310126765908,within_site
Donor_1443,sst GABAergic interneuron,M,sst GABAergic interneuron,17.328126563444293,within_site
Donor_1445,GABAergic neuron,M,GABAergic neuron,14.307464683972201,within_site
Donor_1445,L2/3 intratelencephalic projecting glutamatergic neuron,M,L2/3 intratelencephalic projecting glutamatergic neuron,11.633038939336904,within_site
Donor_1445,L2/3-6 intratelencephalic projecting glutamatergic neuron,M,L2/3-6 intratelencephalic projecting glutamatergic neuron,11.138454773451386,within_site
Donor_1445,L5/6 near-projecting glutamatergic neuron,M,L5/6 near-projecting glutamatergic neuron,30.426492643493845,within_site
Donor_1445,L6 corticothalamic-projecting glutamatergic cortical neuron,M,L6 corticothalamic-projecting glutamatergic cortical neuron,21.069273474406938,within_site
Donor_1445,L6 intratelencephalic projecting glutamatergic neuron,M,L6 intratelencephalic projecting glutamatergic neuron,20.553306248444773,within_site
Donor_1445,VIP GABAergic interneuron,M,VIP GABAergic interneuron,19.533364920668983,within_site
Donor_1445,astrocyte,M,astrocyte,19.84689640017377,within_site
Donor_1445,endothelial cell,M,endothelial cell,20.68665440567952,within_site
Donor_1445,lamp5 GABAergic interneuron,M,lamp5 GABAergic interneuron,17.461258152952603,within_site
Donor_1445,microglial cell,M,microglial cell,90.92242835608236,within_site
Donor_1445,oligodendrocyte,M,oligodendrocyte,10.959361919384241,within_site
Donor_1445,oligodendrocyte precursor cell,M,oligodendrocyte precursor cell,9.636539884202959,within_site
Donor_1445,pericyte,M,pericyte,27.713187776200463,within_site
Donor_1445,pvalb GABAergic interneuron,M,pvalb GABAergic interneuron,18.938953958048053,within_site
Donor_1445,sst GABAergic interneuron,M,sst GABAergic interneuron,20.945029959048156,within_site
Donor_1453,GABAergic neuron,H,GABAergic neuron,8.811728793831856,within_site
Donor_1453,L2/3 intratelencephalic projecting glutamatergic neuron,H,L2/3 intratelencephalic projecting glutamatergic neuron,19.422691797666687,within_site
Donor_1453,L2/3-6 intratelencephalic projecting glutamatergic neuron,H,L2/3-6 intratelencephalic projecting glutamatergic neuron,15.40758406309493,within_site
Donor_1453,L5/6 near-projecting glutamatergic neuron,H,L5/6 near-projecting glutamatergic neuron,7.736972328848015,within_site
Donor_1453,L6 intratelencephalic projecting glutamatergic neuron,H,L6 intratelencephalic projecting glutamatergic neuron,10.04911113230658,within_site
Donor_1453,L6b glutamatergic neuron of the primary motor cortex,H,L6b glutamatergic neuron of the primary motor cortex,7.678705457744189,within_site
Donor_1453,VIP GABAergic interneuron,H,VIP GABAergic interneuron,14.70199403464099,within_site
Donor_1453,astrocyte,H,astrocyte,12.837786359803303,within_site
Donor_1453,endothelial cell,H,endothelial cell,10.24896505631048,within_site
Donor_1453,lamp5 GABAergic interneuron,H,lamp5 GABAergic interneuron,16.232857295376103,within_site
Donor_1453,microglial cell,H,microglial cell,17.584169540078115,within_site
Donor_1453,oligodendrocyte,H,oligodendrocyte,14.724977476099795,within_site
Donor_1453,oligodendrocyte precursor cell,H,oligodendrocyte precursor cell,4.9609120898268015,within_site
Donor_1453,pericyte,H,pericyte,27.258270883372077,within_site
Donor_1453,pvalb GABAergic interneuron,H,pvalb GABAergic interneuron,15.485376932660463,within_site
Donor_1453,sst GABAergic interneuron,H,sst GABAergic interneuron,14.487216755541855,within_site
Donor_1462,GABAergic neuron,M,GABAergic neuron,25.15086870195873,within_site
Donor_1462,L2/3 intratelencephalic projecting glutamatergic neuron,M,L2/3 intratelencephalic projecting glutamatergic neuron,16.22582327976848,within_site
Donor_1462,L2/3-6 intratelencephalic projecting glutamatergic neuron,M,L2/3-6 intratelencephalic projecting glutamatergic neuron,13.641087727566546,within_site
Donor_1462,L6 corticothalamic-projecting glutamatergic cortical neuron,M,L6 corticothalamic-projecting glutamatergic cortical neuron,18.350816727200552,within_site
Donor_1462,L6 intratelencephalic projecting glutamatergic neuron,M,L6 intratelencephalic projecting glutamatergic neuron,9.767585437383483,within_site
Donor_1462,VIP GABAergic interneuron,M,VIP GABAergic interneuron,15.231115016730072,within_site
Donor_1462,astrocyte,M,astrocyte,16.215147906273515,within_site
Donor_1462,lamp5 GABAergic interneuron,M,lamp5 GABAergic interneuron,18.259955336733082,within_site
Donor_1462,microglial cell,M,microglial cell,24.59366180410163,within_site
Donor_1462,oligodendrocyte,M,oligodendrocyte,8.709563044660523,within_site
Donor_1462,oligodendrocyte precursor cell,M,oligodendrocyte precursor cell,13.317448748117272,within_site
Donor_1462,pericyte,M,pericyte,40.25788068614073,within_site
Donor_1462,pvalb GABAergic interneuron,M,pvalb GABAergic interneuron,15.712903630285858,within_site
Donor_1462,sst GABAergic interneuron,M,sst GABAergic interneuron,20.655520779424116,within_site
Donor_1474,GABAergic neuron,M,GABAergic neuron,18.10211395788654,within_site
Donor_1474,L2/3 intratelencephalic projecting glutamatergic neuron,M,L2/3 intratelencephalic projecting glutamatergic neuron,35.755735166598086,within_site
Donor_1474,L2/3-6 intratelencephalic projecting glutamatergic neuron,M,L2/3-6 intratelencephalic projecting glutamatergic neuron,39.66939215935811,within_site
Donor_1474,L5/6 near-projecting glutamatergic neuron,M,L5/6 near-projecting glutamatergic neuron,41.777451787052414,within_site
Donor_1474,L6 corticothalamic-projecting glutamatergic cortical neuron,M,L6 corticothalamic-projecting glutamatergic cortical neuron,40.202512052186506,within_site
Donor_1474,L6 intratelencephalic projecting glutamatergic neuron,M,L6 intratelencephalic projecting glutamatergic neuron,37.18815193678633,within_site
Donor_1474,L6b glutamatergic neuron of the primary motor cortex,M,L6b glutamatergic neuron of the primary motor cortex,40.371254802663266,within_site
Donor_1474,VIP GABAergic interneuron,M,VIP GABAergic interneuron,27.32766201070014,within_site
Donor_1474,astrocyte,M,astrocyte,28.877383088879363,within_site
Donor_1474,lamp5 GABAergic interneuron,M,lamp5 GABAergic interneuron,35.90615586863264,within_site
Donor_1474,microglial cell,M,microglial cell,30.38441168106795,within_site
Donor_1474,oligodendrocyte,M,oligodendrocyte,27.054187727722635,within_site
Donor_1474,oligodendrocyte precursor cell,M,oligodendrocyte precursor cell,28.68070389986277,within_site
Donor_1474,perivascular macrophage,M,perivascular macrophage,68.063655287871,within_site
Donor_1474,pvalb GABAergic interneuron,M,pvalb GABAergic interneuron,32.28913913642238,within_site
Donor_1474,sst GABAergic interneuron,M,sst GABAergic interneuron,36.058235940817106,within_site
Donor_149,GABAergic neuron,H,GABAergic neuron,12.88945807469675,within_site
Donor_149,L2/3 intratelencephalic projecting glutamatergic neuron,H,L2/3 intratelencephalic projecting glutamatergic neuron,9.80662204290692,within_site
Donor_149,L2/3-6 intratelencephalic projecting glutamatergic neuron,H,L2/3-6 intratelencephalic projecting glutamatergic neuron,11.09670702313122,within_site
Donor_149,L5/6 near-projecting glutamatergic neuron,H,L5/6 near-projecting glutamatergic neuron,11.125305491131954,within_site
Donor_149,L6 corticothalamic-projecting glutamatergic cortical neuron,H,L6 corticothalamic-projecting glutamatergic cortical neuron,18.1048212788778,within_site
Donor_149,L6 intratelencephalic projecting glutamatergic neuron,H,L6 intratelencephalic projecting glutamatergic neuron,22.11762850292983,within_site
Donor_149,L6b glutamatergic neuron of the primary motor cortex,H,L6b glutamatergic neuron of the primary motor cortex,19.69188860250151,within_site
Donor_149,VIP GABAergic interneuron,H,VIP GABAergic interneuron,7.257725654534481,within_site
Donor_149,astrocyte,H,astrocyte,26.360713967414455,within_site
Donor_149,endothelial cell,H,endothelial cell,14.521568107209927,within_site
Donor_149,lamp5 GABAergic interneuron,H,lamp5 GABAergic interneuron,11.084552456393917,within_site
Donor_149,microglial cell,H,microglial cell,27.868374683060928,within_site
Donor_149,oligodendrocyte,H,oligodendrocyte,16.769506644198543,within_site
Donor_149,oligodendrocyte precursor cell,H,oligodendrocyte precursor cell,11.018944241528446,within_site
Donor_149,pericyte,H,pericyte,37.684250233357034,within_site
Donor_149,pvalb GABAergic interneuron,H,pvalb GABAergic interneuron,14.099513361670876,within_site
Donor_149,sst GABAergic interneuron,H,sst GABAergic interneuron,9.793998190687313,within_site
Donor_149,vascular leptomeningeal cell,H,vascular leptomeningeal cell,23.700409416960955,within_site
Donor_1491,GABAergic neuron,M,GABAergic neuron,26.88825104058399,within_site
Donor_1491,L2/3 intratelencephalic projecting glutamatergic neuron,M,L2/3 intratelencephalic projecting glutamatergic neuron,9.034536537332817,within_site
Donor_1491,L2/3-6 intratelencephalic projecting glutamatergic neuron,M,L2/3-6 intratelencephalic projecting glutamatergic neuron,7.940172085331547,within_site
Donor_1491,L6 intratelencephalic projecting glutamatergic neuron,M,L6 intratelencephalic projecting glutamatergic neuron,31.477882109987803,within_site
Donor_1491,VIP GABAergic interneuron,M,VIP GABAergic interneuron,6.1576803718374,within_site
Donor_1491,astrocyte,M,astrocyte,12.285736767148363,within_site
Donor_1491,endothelial cell,M,endothelial cell,22.601764053966605,within_site
Donor_1491,lamp5 GABAergic interneuron,M,lamp5 GABAergic interneuron,17.68144586809698,within_site
Donor_1491,microglial cell,M,microglial cell,53.561415976804724,within_site
Donor_1491,oligodendrocyte,M,oligodendrocyte,31.279008528491886,within_site
Donor_1491,oligodendrocyte precursor cell,M,oligodendrocyte precursor cell,7.597345974671503,within_site
Donor_1491,pvalb GABAergic interneuron,M,pvalb GABAergic interneuron,10.05473272891908,within_site
Donor_1491,sst GABAergic interneuron,M,sst GABAergic interneuron,19.851568916121984,within_site
Donor_1494,GABAergic neuron,H,GABAergic neuron,48.13735239747469,within_site
Donor_1494,L2/3 intratelencephalic projecting glutamatergic neuron,H,L2/3 intratelencephalic projecting glutamatergic neuron,46.5311942229009,within_site
Donor_1494,L2/3-6 intratelencephalic projecting glutamatergic neuron,H,L2/3-6 intratelencephalic projecting glutamatergic neuron,44.64044979179726,within_site
Donor_1494,L5/6 near-projecting glutamatergic neuron,H,L5/6 near-projecting glutamatergic neuron,56.014732778650234,within_site
Donor_1494,VIP GABAergic interneuron,H,VIP GABAergic interneuron,44.263820412772354,within_site
Donor_1494,astrocyte,H,astrocyte,12.930664419329206,within_site
Donor_1494,endothelial cell,H,endothelial cell,21.575865720039552,within_site
Donor_1494,lamp5 GABAergic interneuron,H,lamp5 GABAergic interneuron,47.302639904095706,within_site
Donor_1494,microglial cell,H,microglial cell,28.672838152645767,within_site
Donor_1494,oligodendrocyte,H,oligodendrocyte,17.77299800272019,within_site
Donor_1494,oligodendrocyte precursor cell,H,oligodendrocyte precursor cell,14.779706911949841,within_site
Donor_1494,pericyte,H,pericyte,19.439280005071556,within_site
Donor_1494,pvalb GABAergic interneuron,H,pvalb GABAergic interneuron,54.60817139765203,within_site
Donor_1494,sst GABAergic interneuron,H,sst GABAergic interneuron,46.28015167402326,within_site
Donor_1494,vascular leptomeningeal cell,H,vascular leptomeningeal cell,19.581000795362133,within_site
Donor_156,L2/3 intratelencephalic projecting glutamatergic neuron,M,L2/3 intratelencephalic projecting glutamatergic neuron,58.639188501157385,within_site
Donor_156,L2/3-6 intratelencephalic projecting glutamatergic neuron,M,L2/3-6 intratelencephalic projecting glutamatergic neuron,22.47726178715131,within_site
Donor_156,VIP GABAergic interneuron,M,VIP GABAergic interneuron,25.401261305875703,within_site
Donor_156,astrocyte,M,astrocyte,37.98142243623127,within_site
Donor_156,lamp5 GABAergic interneuron,M,lamp5 GABAergic interneuron,42.20536104108369,within_site
Donor_156,microglial cell,M,microglial cell,69.63933202905172,within_site
Donor_156,oligodendrocyte,M,oligodendrocyte,19.10375094660403,within_site
Donor_156,oligodendrocyte precursor cell,M,oligodendrocyte precursor cell,31.081077579364646,within_site
Donor_156,pvalb GABAergic interneuron,M,pvalb GABAergic interneuron,23.881143986680094,within_site
Donor_156,sst GABAergic interneuron,M,sst GABAergic interneuron,28.553635683275793,within_site
Donor_173,GABAergic neuron,H,GABAergic neuron,32.57559197465567,within_site
Donor_173,L2/3 intratelencephalic projecting glutamatergic neuron,H,L2/3 intratelencephalic projecting glutamatergic neuron,27.34379833540759,within_site
Donor_173,L2/3-6 intratelencephalic projecting glutamatergic neuron,H,L2/3-6 intratelencephalic projecting glutamatergic neuron,17.710725438976045,within_site
Donor_173,VIP GABAergic interneuron,H,VIP GABAergic interneuron,34.008406060017045,within_site
Donor_173,astrocyte,H,astrocyte,24.1299879567167,within_site
Donor_173,endothelial cell,H,endothelial cell,14.528376257849608,within_site
Donor_173,lamp5 GABAergic interneuron,H,lamp5 GABAergic interneuron,23.008507334317972,within_site
Donor_173,microglial cell,H,microglial cell,22.383791686258995,within_site
Donor_173,oligodendrocyte,H,oligodendrocyte,22.14267731197889,within_site
Donor_173,oligodendrocyte precursor cell,H,oligodendrocyte precursor cell,29.666449136883795,within_site
Donor_173,pvalb GABAergic interneuron,H,pvalb GABAergic interneuron,26.096714797411813,within_site
Donor_173,sst GABAergic interneuron,H,sst GABAergic interneuron,13.075187908572058,within_site
Donor_173,vascular leptomeningeal cell,H,vascular leptomeningeal cell,15.448369612607257,within_site
Donor_175,GABAergic neuron,H,GABAergic neuron,10.351602290471572,within_site
Donor_175,L2/3 intratelencephalic projecting glutamatergic neuron,H,L2/3 intratelencephalic projecting glutamatergic neuron,10.69537963265526,within_site
Donor_175,L2/3-6 intratelencephalic projecting glutamatergic neuron,H,L2/3-6 intratelencephalic projecting glutamatergic neuron,10.540281115020283,within_site
Donor_175,L5/6 near-projecting glutamatergic neuron,H,L5/6 near-projecting glutamatergic neuron,5.661325576909747,within_site
Donor_175,L6 corticothalamic-projecting glutamatergic cortical neuron,H,L6 corticothalamic-projecting glutamatergic cortical neuron,10.313852056480085,within_site
Donor_175,L6 intratelencephalic projecting glutamatergic neuron,H,L6 intratelencephalic projecting glutamatergic neuron,10.488955232231836,within_site
Donor_175,L6b glutamatergic neuron of the primary motor cortex,H,L6b glutamatergic neuron of the primary motor cortex,14.850856751197758,within_site
Donor_175,VIP GABAergic interneuron,H,VIP GABAergic interneuron,9.37090240551973,within_site
Donor_175,astrocyte,H,astrocyte,10.494188170368378,within_site
Donor_175,endothelial cell,H,endothelial cell,16.519564445940667,within_site
Donor_175,lamp5 GABAergic interneuron,H,lamp5 GABAergic interneuron,9.392699557632255,within_site
Donor_175,microglial cell,H,microglial cell,15.608657965095441,within_site
Donor_175,oligodendrocyte,H,oligodendrocyte,11.535670597056251,within_site
Donor_175,oligodendrocyte precursor cell,H,oligodendrocyte precursor cell,11.100886820069158,within_site
Donor_175,pericyte,H,pericyte,19.46705096640703,within_site
Donor_175,pvalb GABAergic interneuron,H,pvalb GABAergic interneuron,8.847976513295858,within_site
Donor_175,sst GABAergic interneuron,H,sst GABAergic interneuron,6.774846022009811,within_site
Donor_175,vascular leptomeningeal cell,H,vascular leptomeningeal cell,31.140103346545953,within_site
Donor_176,GABAergic neuron,M,GABAergic neuron,23.346963984958546,within_site
Donor_176,L2/3 intratelencephalic projecting glutamatergic neuron,M,L2/3 intratelencephalic projecting glutamatergic neuron,25.305726945203403,within_site
Donor_176,L2/3-6 intratelencephalic projecting glutamatergic neuron,M,L2/3-6 intratelencephalic projecting glutamatergic neuron,20.72498909276609,within_site
Donor_176,L5/6 near-projecting glutamatergic neuron,M,L5/6 near-projecting glutamatergic neuron,10.732755254608596,within_site
Donor_176,L6 corticothalamic-projecting glutamatergic cortical neuron,M,L6 corticothalamic-projecting glutamatergic cortical neuron,15.138683585550758,within_site
Donor_176,L6 intratelencephalic projecting glutamatergic neuron,M,L6 intratelencephalic projecting glutamatergic neuron,14.491056245180639,within_site
Donor_176,L6b glutamatergic neuron of the primary motor cortex,M,L6b glutamatergic neuron of the primary motor cortex,11.752038874745539,within_site
Donor_176,VIP GABAergic interneuron,M,VIP GABAergic interneuron,18.332896044274236,within_site
Donor_176,astrocyte,M,astrocyte,17.389604373872604,within_site
Donor_176,endothelial cell,M,endothelial cell,27.610156196530546,within_site
Donor_176,lamp5 GABAergic interneuron,M,lamp5 GABAergic interneuron,21.041607901978256,within_site
Donor_176,microglial cell,M,microglial cell,23.147407518250915,within_site
Donor_176,oligodendrocyte,M,oligodendrocyte,26.562217733498912,within_site
Donor_176,oligodendrocyte precursor cell,M,oligodendrocyte precursor cell,14.516544616241498,within_site
Donor_176,pvalb GABAergic interneuron,M,pvalb GABAergic interneuron,21.99749250342451,within_site
Donor_176,sst GABAergic interneuron,M,sst GABAergic interneuron,23.708118654352674,within_site
Donor_177,GABAergic neuron,M,GABAergic neuron,11.753495483179385,within_site
Donor_177,L2/3 intratelencephalic projecting glutamatergic neuron,M,L2/3 intratelencephalic projecting glutamatergic neuron,12.458558018101664,within_site
Donor_177,L2/3-6 intratelencephalic projecting glutamatergic neuron,M,L2/3-6 intratelencephalic projecting glutamatergic neuron,13.96828220847786,within_site
Donor_177,VIP GABAergic interneuron,M,VIP GABAergic interneuron,7.000798457185479,within_site
Donor_177,astrocyte,M,astrocyte,10.964029120150823,within_site
Donor_177,endothelial cell,M,endothelial cell,14.42392152259119,within_site
Donor_177,lamp5 GABAergic interneuron,M,lamp5 GABAergic interneuron,12.95066665584126,within_site
Donor_177,microglial cell,M,microglial cell,15.543159328151654,within_site
Donor_177,oligodendrocyte,M,oligodendrocyte,5.271110201372213,within_site
Donor_177,oligodendrocyte precursor cell,M,oligodendrocyte precursor cell,9.739759703875908,within_site
Donor_177,pericyte,M,pericyte,16.024128144969293,within_site
Donor_177,pvalb GABAergic interneuron,M,pvalb GABAergic interneuron,6.2020367847879685,within_site
Donor_177,sst GABAergic interneuron,M,sst GABAergic interneuron,6.798577780376849,within_site
Donor_177,vascular leptomeningeal cell,M,vascular leptomeningeal cell,23.64405728585926,within_site
Donor_180,GABAergic neuron,H,GABAergic neuron,41.25393214012388,within_site
Donor_180,L2/3 intratelencephalic projecting glutamatergic neuron,H,L2/3 intratelencephalic projecting glutamatergic neuron,36.33194454569935,within_site
Donor_180,L2/3-6 intratelencephalic projecting glutamatergic neuron,H,L2/3-6 intratelencephalic projecting glutamatergic neuron,38.26923982239118,within_site
Donor_180,L5/6 near-projecting glutamatergic neuron,H,L5/6 near-projecting glutamatergic neuron,41.961043670150296,within_site
Donor_180,L6 corticothalamic-projecting glutamatergic cortical neuron,H,L6 corticothalamic-projecting glutamatergic cortical neuron,19.30701015142327,within_site
Donor_180,L6 intratelencephalic projecting glutamatergic neuron,H,L6 intratelencephalic projecting glutamatergic neuron,36.4492938717445,within_site
Donor_180,L6b glutamatergic neuron of the primary motor cortex,H,L6b glutamatergic neuron of the primary motor cortex,26.09462415175805,within_site
Donor_180,VIP GABAergic interneuron,H,VIP GABAergic interneuron,38.71660892864779,within_site
Donor_180,astrocyte,H,astrocyte,23.426525844063708,within_site
Donor_180,endothelial cell,H,endothelial cell,49.66478990685598,within_site
Donor_180,lamp5 GABAergic interneuron,H,lamp5 GABAergic interneuron,35.21139244436781,within_site
Donor_180,microglial cell,H,microglial cell,44.06785092996119,within_site
Donor_180,oligodendrocyte,H,oligodendrocyte,21.669035803938755,within_site
Donor_180,oligodendrocyte precursor cell,H,oligodendrocyte precursor cell,33.29981665071141,within_site
Donor_180,pericyte,H,pericyte,47.66266416973836,within_site
Donor_180,pvalb GABAergic interneuron,H,pvalb GABAergic interneuron,36.29080905813799,within_site
Donor_180,sst GABAergic interneuron,H,sst GABAergic interneuron,38.376878890161144,within_site
Donor_180,vascular leptomeningeal cell,H,vascular leptomeningeal cell,59.69487483755681,within_site
Donor_2,GABAergic neuron,M,GABAergic neuron,32.88328831051977,within_site
Donor_2,L2/3 intratelencephalic projecting glutamatergic neuron,M,L2/3 intratelencephalic projecting glutamatergic neuron,30.75516505750445,within_site
Donor_2,L2/3-6 intratelencephalic projecting glutamatergic neuron,M,L2/3-6 intratelencephalic projecting glutamatergic neuron,25.003867190199582,within_site
Donor_2,L5/6 near-projecting glutamatergic neuron,M,L5/6 near-projecting glutamatergic neuron,11.058215759199593,within_site
Donor_2,L6 corticothalamic-projecting glutamatergic cortical neuron,M,L6 corticothalamic-projecting glutamatergic cortical neuron,30.787970617171414,within_site
Donor_2,L6 intratelencephalic projecting glutamatergic neuron,M,L6 intratelencephalic projecting glutamatergic neuron,15.846279422974604,within_site
Donor_2,L6b glutamatergic neuron of the primary motor cortex,M,L6b glutamatergic neuron of the primary motor cortex,16.926535405375475,within_site
Donor_2,VIP GABAergic interneuron,M,VIP GABAergic interneuron,36.19741435269098,within_site
Donor_2,endothelial cell,M,endothelial cell,14.124200321332044,within_site
Donor_2,lamp5 GABAergic interneuron,M,lamp5 GABAergic interneuron,39.90069086019229,within_site
Donor_2,microglial cell,M,microglial cell,29.15772039690062,within_site
Donor_2,oligodendrocyte,M,oligodendrocyte,55.17766527951805,within_site
Donor_2,oligodendrocyte precursor cell,M,oligodendrocyte precursor cell,40.633592206527105,within_site
Donor_2,pericyte,M,pericyte,20.622999257150763,within_site
Donor_2,pvalb GABAergic interneuron,M,pvalb GABAergic interneuron,32.66069079910819,within_site
Donor_2,smooth muscle cell,M,pericyte,109.52646828055079,within_site
Donor_2,sst GABAergic interneuron,M,sst GABAergic interneuron,37.467008447086755,within_site
Donor_20,GABAergic neuron,H,GABAergic neuron,13.726197859166453,within_site
Donor_20,L2/3 intratelencephalic projecting glutamatergic neuron,H,L2/3 intratelencephalic projecting glutamatergic neuron,15.818487964838184,within_site
Donor_20,L2/3-6 intratelencephalic projecting glutamatergic neuron,H,L2/3-6 intratelencephalic projecting glutamatergic neuron,12.560221081960574,within_site
Donor_20,L5/6 near-projecting glutamatergic neuron,H,L5/6 near-projecting glutamatergic neuron,18.288622303305853,within_site
Donor_20,L6 corticothalamic-projecting glutamatergic cortical neuron,H,L6 corticothalamic-projecting glutamatergic cortical neuron,6.704352751820502,within_site
Donor_20,L6 intratelencephalic projecting glutamatergic neuron,H,L6 intratelencephalic projecting glutamatergic neuron,8.878182208962823,within_site
Donor_20,L6b glutamatergic neuron of the primary motor cortex,H,L6b glutamatergic neuron of the primary motor cortex,9.07940822459705,within_site
Donor_20,VIP GABAergic interneuron,H,VIP GABAergic interneuron,9.106915929346833,within_site
Donor_20,astrocyte,H,astrocyte,26.53475956076837,within_site
Donor_20,endothelial cell,H,endothelial cell,28.863448289535672,within_site
Donor_20,lamp5 GABAergic interneuron,H,lamp5 GABAergic interneuron,19.613258253029137,within_site
Donor_20,microglial cell,H,microglial cell,24.529488341631716,within_site
Donor_20,oligodendrocyte,H,oligodendrocyte,17.70181685244066,within_site
Donor_20,oligodendrocyte precursor cell,H,oligodendrocyte precursor cell,22.355549107266114,within_site
Donor_20,pericyte,H,pericyte,11.347065341786886,within_site
Donor_20,pvalb GABAergic interneuron,H,pvalb GABAergic interneuron,15.637253256411146,within_site
Donor_20,sst GABAergic interneuron,H,sst GABAergic interneuron,9.856110495420142,within_site
Donor_200,GABAergic neuron,M,GABAergic neuron,12.055301758015183,within_site
Donor_200,L2/3 intratelencephalic projecting glutamatergic neuron,M,L2/3 intratelencephalic projecting glutamatergic neuron,20.51945574254496,within_site
Donor_200,L2/3-6 intratelencephalic projecting glutamatergic neuron,M,L2/3-6 intratelencephalic projecting glutamatergic neuron,19.35019300952176,within_site
Donor_200,L6 corticothalamic-projecting glutamatergic cortical neuron,M,L6 corticothalamic-projecting glutamatergic cortical neuron,37.272060575774574,within_site
Donor_200,VIP GABAergic interneuron,M,VIP GABAergic interneuron,19.4678985481798,within_site
Donor_200,astrocyte,M,astrocyte,23.449402243631557,within_site
Donor_200,lamp5 GABAergic interneuron,M,lamp5 GABAergic interneuron,17.265249564764808,within_site
Donor_200,microglial cell,M,microglial cell,17.92838441218749,within_site
Donor_200,oligodendrocyte,M,oligodendrocyte,16.81723649326836,within_site
Donor_200,oligodendrocyte precursor cell,M,oligodendrocyte precursor cell,22.661721153612397,within_site
Donor_200,pericyte,M,pericyte,21.44029006115843,within_site
Donor_200,pvalb GABAergic interneuron,M,pvalb GABAergic interneuron,19.19615446842285,within_site
Donor_200,sst GABAergic interneuron,M,sst GABAergic interneuron,15.228140416282306,within_site
Donor_205,GABAergic neuron,H,GABAergic neuron,30.31677517535954,within_site
Donor_205,L2/3 intratelencephalic projecting glutamatergic neuron,H,L2/3 intratelencephalic projecting glutamatergic neuron,22.98184638085096,within_site
Donor_205,L2/3-6 intratelencephalic projecting glutamatergic neuron,H,L2/3-6 intratelencephalic projecting glutamatergic neuron,27.021258343639886,within_site
Donor_205,L6 corticothalamic-projecting glutamatergic cortical neuron,H,L6 corticothalamic-projecting glutamatergic cortical neuron,30.23688074580834,within_site
Donor_205,L6 intratelencephalic projecting glutamatergic neuron,H,L6 intratelencephalic projecting glutamatergic neuron,29.192553162769112,within_site
Donor_205,VIP GABAergic interneuron,H,VIP GABAergic interneuron,29.6094810483843,within_site
Donor_205,astrocyte,H,astrocyte,34.0559630130055,within_site
Donor_205,endothelial cell,H,endothelial cell,70.9550176211991,within_site
Donor_205,lamp5 GABAergic interneuron,H,lamp5 GABAergic interneuron,32.309872026849646,within_site
Donor_205,oligodendrocyte,H,oligodendrocyte,30.60851161890802,within_site
Donor_205,oligodendrocyte precursor cell,H,oligodendrocyte precursor cell,35.83376174177557,within_site
Donor_205,pvalb GABAergic interneuron,H,pvalb GABAergic interneuron,32.39031136635087,within_site
Donor_205,sst GABAergic interneuron,H,sst GABAergic interneuron,26.954518031237075,within_site
Donor_207,GABAergic neuron,M,GABAergic neuron,37.04887897062523,within_site
Donor_207,L2/3 intratelencephalic projecting glutamatergic neuron,M,L2/3 intratelencephalic projecting glutamatergic neuron,32.77656045123573,within_site
Donor_207,L2/3-6 intratelencephalic projecting glutamatergic neuron,M,L2/3-6 intratelencephalic projecting glutamatergic neuron,33.57559286860429,within_site
Donor_207,L5/6 near-projecting glutamatergic neuron,M,L5/6 near-projecting glutamatergic neuron,32.065743756585974,within_site
Donor_207,L6 corticothalamic-projecting glutamatergic cortical neuron,M,L6 corticothalamic-projecting glutamatergic cortical neuron,28.38291262859369,within_site
Donor_207,L6 intratelencephalic projecting glutamatergic neuron,M,L6 intratelencephalic projecting glutamatergic neuron,25.666287198557548,within_site
Donor_207,L6b glutamatergic neuron of the primary motor cortex,M,L6b glutamatergic neuron of the primary motor cortex,31.43751109353174,within_site
Donor_207,VIP GABAergic interneuron,M,VIP GABAergic interneuron,30.936217886496294,within_site
Donor_207,astrocyte,M,astrocyte,19.67041680966668,within_site
Donor_207,endothelial cell,M,endothelial cell,33.57455718886792,within_site
Donor_207,lamp5 GABAergic interneuron,M,lamp5 GABAergic interneuron,35.351133590557296,within_site
Donor_207,microglial cell,M,microglial cell,27.821660118897483,within_site
Donor_207,oligodendrocyte,M,oligodendrocyte,24.46309858400886,within_site
Donor_207,oligodendrocyte precursor cell,M,oligodendrocyte precursor cell,18.416714767810426,within_site
Donor_207,pvalb GABAergic interneuron,M,pvalb GABAergic interneuron,29.93305716426212,within_site
Donor_207,sst GABAergic interneuron,M,sst GABAergic interneuron,38.9234281822819,within_site
Donor_211,GABAergic neuron,H,GABAergic neuron,46.27582895727131,within_site
Donor_211,L2/3 intratelencephalic projecting glutamatergic neuron,H,L2/3 intratelencephalic projecting glutamatergic neuron,47.099067691698046,within_site
Donor_211,L2/3-6 intratelencephalic projecting glutamatergic neuron,H,L2/3-6 intratelencephalic projecting glutamatergic neuron,44.05154191915244,within_site
Donor_211,L5/6 near-projecting glutamatergic neuron,H,L5/6 near-projecting glutamatergic neuron,34.61602740195626,within_site
Donor_211,VIP GABAergic interneuron,H,VIP GABAergic interneuron,46.65914550755919,within_site
Donor_211,astrocyte,H,astrocyte,36.80050666021036,within_site
Donor_211,endothelial cell,H,endothelial cell,45.71363658281464,within_site
Donor_211,lamp5 GABAergic interneuron,H,lamp5 GABAergic interneuron,44.721483118013865,within_site
Donor_211,microglial cell,H,microglial cell,45.82923371280456,within_site
Donor_211,oligodendrocyte,H,oligodendrocyte,32.07517582400616,within_site
Donor_211,oligodendrocyte precursor cell,H,oligodendrocyte precursor cell,41.17988286157287,within_site
Donor_211,pericyte,H,pericyte,39.959856853594594,within_site
Donor_211,perivascular macrophage,H,perivascular macrophage,32.941555718984375,within_site
Donor_211,pvalb GABAergic interneuron,H,pvalb GABAergic interneuron,45.34103684596757,within_site
Donor_211,sst GABAergic interneuron,H,sst GABAergic interneuron,45.685750171668815,within_site
Donor_213,L2/3-6 intratelencephalic projecting glutamatergic neuron,H,L2/3-6 intratelencephalic projecting glutamatergic neuron,15.903810713723468,within_site
Donor_213,L6 corticothalamic-projecting glutamatergic cortical neuron,H,L6 corticothalamic-projecting glutamatergic cortical neuron,14.95173836062855,within_site
Donor_213,VIP GABAergic interneuron,H,VIP GABAergic interneuron,12.148661120685455,within_site
Donor_213,astrocyte,H,astrocyte,17.771783124011908,within_site
Donor_213,endothelial cell,H,endothelial cell,14.421406659179606,within_site
Donor_213,lamp5 GABAergic interneuron,H,lamp5 GABAergic interneuron,13.565706176236167,within_site
Donor_213,microglial cell,H,microglial cell,24.691828272585948,within_site
Donor_213,oligodendrocyte,H,oligodendrocyte,29.24456538348344,within_site
Donor_213,oligodendrocyte precursor cell,H,oligodendrocyte precursor cell,24.71037473426043,within_site
Donor_213,pvalb GABAergic interneuron,H,pvalb GABAergic interneuron,12.895101623090687,within_site
Donor_213,sst GABAergic interneuron,H,sst GABAergic interneuron,15.170648884384129,within_site
Donor_227,GABAergic neuron,M,GABAergic neuron,40.56342967133418,within_site
Donor_227,L2/3 intratelencephalic projecting glutamatergic neuron,M,L2/3 intratelencephalic projecting glutamatergic neuron,33.1761329103178,within_site
Donor_227,L2/3-6 intratelencephalic projecting glutamatergic neuron,M,L2/3-6 intratelencephalic projecting glutamatergic neuron,32.71051301357002,within_site
Donor_227,VIP GABAergic interneuron,M,VIP GABAergic interneuron,23.035476557385522,within_site
Donor_227,astrocyte,M,astrocyte,17.25217510438137,within_site
Donor_227,lamp5 GABAergic interneuron,M,lamp5 GABAergic interneuron,38.84905239593169,within_site
Donor_227,microglial cell,M,microglial cell,35.19976444628871,within_site
Donor_227,oligodendrocyte,M,oligodendrocyte,20.489453545992916,within_site
Donor_227,oligodendrocyte precursor cell,M,oligodendrocyte precursor cell,16.762144326110416,within_site
Donor_227,sst GABAergic interneuron,M,sst GABAergic interneuron,36.57212910084663,within_site
Donor_231,L2/3 intratelencephalic projecting glutamatergic neuron,H,L2/3 intratelencephalic projecting glutamatergic neuron,24.516590261172002,within_site
Donor_231,L2/3-6 intratelencephalic projecting glutamatergic neuron,H,L2/3-6 intratelencephalic projecting glutamatergic neuron,17.372980027643944,within_site
Donor_231,L5/6 near-projecting glutamatergic neuron,H,L5/6 near-projecting glutamatergic neuron,20.775142447648182,within_site
Donor_231,L6 corticothalamic-projecting glutamatergic cortical neuron,H,L6 corticothalamic-projecting glutamatergic cortical neuron,19.237454432926874,within_site
Donor_231,L6 intratelencephalic projecting glutamatergic neuron,H,L6 intratelencephalic projecting glutamatergic neuron,19.93256807926111,within_site
Donor_231,L6b glutamatergic neuron of the primary motor cortex,H,L6b glutamatergic neuron of the primary motor cortex,20.71224177848203,within_site
Donor_231,VIP GABAergic interneuron,H,VIP GABAergic interneuron,18.24144626984234,within_site
Donor_231,astrocyte,H,astrocyte,22.05548510097583,within_site
Donor_231,endothelial cell,H,endothelial cell,22.344011486505888,within_site
Donor_231,lamp5 GABAergic interneuron,H,lamp5 GABAergic interneuron,11.818740759806404,within_site
Donor_231,microglial cell,H,microglial cell,25.374096955533833,within_site
Donor_231,oligodendrocyte,H,oligodendrocyte,16.0353987312485,within_site
Donor_231,oligodendrocyte precursor cell,H,oligodendrocyte precursor cell,33.62433007096194,within_site
Donor_231,pericyte,H,pericyte,22.721204064975307,within_site
Donor_231,pvalb GABAergic interneuron,H,pvalb GABAergic interneuron,14.543341120170139,within_site
Donor_231,sst GABAergic interneuron,H,sst GABAergic interneuron,13.220301716411667,within_site
Donor_232,GABAergic neuron,H,GABAergic neuron,24.454012902456636,within_site
Donor_232,L2/3 intratelencephalic projecting glutamatergic neuron,H,L2/3 intratelencephalic projecting glutamatergic neuron,12.39652410862823,within_site
Donor_232,L2/3-6 intratelencephalic projecting glutamatergic neuron,H,L2/3-6 intratelencephalic projecting glutamatergic neuron,8.5079401767528,within_site
Donor_232,L5/6 near-projecting glutamatergic neuron,H,L5/6 near-projecting glutamatergic neuron,14.133848255417671,within_site
Donor_232,L6 corticothalamic-projecting glutamatergic cortical neuron,H,L6 corticothalamic-projecting glutamatergic cortical neuron,8.018198301622373,within_site
Donor_232,L6 intratelencephalic projecting glutamatergic neuron,H,L6 intratelencephalic projecting glutamatergic neuron,12.079216331113205,within_site
Donor_232,L6b glutamatergic neuron of the primary motor cortex,H,L6b glutamatergic neuron of the primary motor cortex,8.698543086421518,within_site
Donor_232,VIP GABAergic interneuron,H,VIP GABAergic interneuron,16.22804760114593,within_site
Donor_232,astrocyte,H,astrocyte,12.834375405816559,within_site
Donor_232,endothelial cell,H,endothelial cell,29.8115177739488,within_site
Donor_232,lamp5 GABAergic interneuron,H,lamp5 GABAergic interneuron,16.306122074767437,within_site
Donor_232,microglial cell,H,microglial cell,13.875769400806782,within_site
Donor_232,oligodendrocyte,H,oligodendrocyte,11.043484733062684,within_site
Donor_232,oligodendrocyte precursor cell,H,oligodendrocyte precursor cell,9.146752451830697,within_site
Donor_232,pericyte,H,pericyte,33.45356402587831,within_site
Donor_232,pvalb GABAergic interneuron,H,pvalb GABAergic interneuron,8.865065482096847,within_site
Donor_232,smooth muscle cell,H,smooth muscle cell,52.81808302780029,within_site
Donor_232,sst GABAergic interneuron,H,sst GABAergic interneuron,7.729612250044933,within_site
Donor_232,vascular leptomeningeal cell,H,vascular leptomeningeal cell,44.03900275380203,within_site
Donor_238,GABAergic neuron,H,GABAergic neuron,7.408921196019978,within_site
Donor_238,L2/3 intratelencephalic projecting glutamatergic neuron,H,L2/3 intratelencephalic projecting glutamatergic neuron,6.152653173019771,within_site
Donor_238,L2/3-6 intratelencephalic projecting glutamatergic neuron,H,L2/3-6 intratelencephalic projecting glutamatergic neuron,5.288416317251172,within_site
Donor_238,L5/6 near-projecting glutamatergic neuron,H,L5/6 near-projecting glutamatergic neuron,7.066637111245546,within_site
Donor_238,L6 corticothalamic-projecting glutamatergic cortical neuron,H,L6 corticothalamic-projecting glutamatergic cortical neuron,9.583495432749539,within_site
Donor_238,L6 intratelencephalic projecting glutamatergic neuron,H,L6 intratelencephalic projecting glutamatergic neuron,4.58759131328575,within_site
Donor_238,L6b glutamatergic neuron of the primary motor cortex,H,L6b glutamatergic neuron of the primary motor cortex,5.9833292759567875,within_site
Donor_238,VIP GABAergic interneuron,H,VIP GABAergic interneuron,4.290059089155424,within_site
Donor_238,astrocyte,H,astrocyte,9.265116199555154,within_site
Donor_238,endothelial cell,H,endothelial cell,27.144726467553276,within_site
Donor_238,lamp5 GABAergic interneuron,H,lamp5 GABAergic interneuron,4.885872391798504,within_site
Donor_238,microglial cell,H,microglial cell,13.942422367805438,within_site
Donor_238,oligodendrocyte,H,oligodendrocyte,9.146652988898884,within_site
Donor_238,oligodendrocyte precursor cell,H,oligodendrocyte precursor cell,8.082237833705486,within_site
Donor_238,pericyte,H,pericyte,21.884456942804643,within_site
Donor_238,pvalb GABAergic interneuron,H,pvalb GABAergic interneuron,6.3424528069443555,within_site
Donor_238,sst GABAergic interneuron,H,sst GABAergic interneuron,7.259849435672459,within_site
Donor_238,vascular leptomeningeal cell,H,vascular leptomeningeal cell,14.082191809431317,within_site
Donor_245,GABAergic neuron,M,GABAergic neuron,11.381795538081624,within_site
Donor_245,L2/3 intratelencephalic projecting glutamatergic neuron,M,L2/3 intratelencephalic projecting glutamatergic neuron,14.408884275102961,within_site
Donor_245,L2/3-6 intratelencephalic projecting glutamatergic neuron,M,L2/3-6 intratelencephalic projecting glutamatergic neuron,20.75911220838897,within_site
Donor_245,L5/6 near-projecting glutamatergic neuron,M,L5/6 near-projecting glutamatergic neuron,55.98102906284939,within_site
Donor_245,L6 corticothalamic-projecting glutamatergic cortical neuron,M,L6 corticothalamic-projecting glutamatergic cortical neuron,31.99497662574097,within_site
Donor_245,VIP GABAergic interneuron,M,VIP GABAergic interneuron,14.32773281141133,within_site
Donor_245,astrocyte,M,astrocyte,12.532707320591824,within_site
Donor_245,endothelial cell,M,endothelial cell,36.14023883904149,within_site
Donor_245,lamp5 GABAergic interneuron,M,lamp5 GABAergic interneuron,19.870210270744003,within_site
Donor_245,microglial cell,M,microglial cell,25.19556227412381,within_site
Donor_245,oligodendrocyte,M,oligodendrocyte,7.902246001009751,within_site
Donor_245,oligodendrocyte precursor cell,M,oligodendrocyte precursor cell,18.066392488217716,within_site
Donor_245,pericyte,M,pericyte,17.597682431644984,within_site
Donor_245,pvalb GABAergic interneuron,M,pvalb GABAergic interneuron,14.519908361654052,within_site
Donor_245,sst GABAergic interneuron,M,sst GABAergic interneuron,12.562560864940156,within_site
Donor_267,GABAergic neuron,H,GABAergic neuron,37.960445375613084,within_site
Donor_267,L2/3 intratelencephalic projecting glutamatergic neuron,H,L2/3 intratelencephalic projecting glutamatergic neuron,40.55056764366601,within_site
Donor_267,L2/3-6 intratelencephalic projecting glutamatergic neuron,H,L2/3-6 intratelencephalic projecting glutamatergic neuron,33.26003788306472,within_site
Donor_267,L6 intratelencephalic projecting glutamatergic neuron,H,L6 intratelencephalic projecting glutamatergic neuron,12.346286678716783,within_site
Donor_267,VIP GABAergic interneuron,H,VIP GABAergic interneuron,39.5257246812691,within_site
Donor_267,astrocyte,H,astrocyte,37.515908242285256,within_site
Donor_267,endothelial cell,H,endothelial cell,26.54016532122502,within_site
Donor_267,lamp5 GABAergic interneuron,H,lamp5 GABAergic interneuron,38.37409296008909,within_site
Donor_267,microglial cell,H,microglial cell,29.985466871344414,within_site
Donor_267,oligodendrocyte,H,oligodendrocyte,31.9030323009186,within_site
Donor_267,oligodendrocyte precursor cell,H,oligodendrocyte precursor cell,37.510081110315795,within_site
Donor_267,pvalb GABAergic interneuron,H,pvalb GABAergic interneuron,36.23535699008751,within_site
Donor_267,sst GABAergic interneuron,H,sst GABAergic interneuron,31.174464396552402,within_site
Donor_27,GABAergic neuron,M,GABAergic neuron,13.016772445359646,within_site
Donor_27,L2/3 intratelencephalic projecting glutamatergic neuron,M,L2/3 intratelencephalic projecting glutamatergic neuron,18.74849669311271,within_site
Donor_27,L2/3-6 intratelencephalic projecting glutamatergic neuron,M,L2/3-6 intratelencephalic projecting glutamatergic neuron,17.036727238835066,within_site
Donor_27,VIP GABAergic interneuron,M,VIP GABAergic interneuron,15.184362057053749,within_site
Donor_27,astrocyte,M,astrocyte,27.184252938926097,within_site
Donor_27,lamp5 GABAergic interneuron,M,lamp5 GABAergic interneuron,19.309020121861085,within_site
Donor_27,microglial cell,M,microglial cell,24.83777031065703,within_site
Donor_27,oligodendrocyte,M,oligodendrocyte,29.13114043640481,within_site
Donor_27,oligodendrocyte precursor cell,M,oligodendrocyte precursor cell,22.6961898103871,within_site
Donor_27,perivascular macrophage,M,perivascular macrophage,57.060519040449115,within_site
Donor_27,pvalb GABAergic interneuron,M,pvalb GABAergic interneuron,16.442937605420212,within_site
Donor_27,sst GABAergic interneuron,M,sst GABAergic interneuron,20.444419036130554,within_site
Donor_27,vascular leptomeningeal cell,M,vascular leptomeningeal cell,47.692984812833544,within_site
Donor_287,GABAergic neuron,M,GABAergic neuron,48.35286742552651,within_site
Donor_287,L2/3 intratelencephalic projecting glutamatergic neuron,M,L2/3 intratelencephalic projecting glutamatergic neuron,19.526218563149918,within_site
Donor_287,L2/3-6 intratelencephalic projecting glutamatergic neuron,M,L2/3-6 intratelencephalic projecting glutamatergic neuron,12.47353142140301,within_site
Donor_287,L5/6 near-projecting glutamatergic neuron,M,L5/6 near-projecting glutamatergic neuron,33.29709688333645,within_site
Donor_287,L6 corticothalamic-projecting glutamatergic cortical neuron,M,L6 corticothalamic-projecting glutamatergic cortical neuron,18.4554946204318,within_site
Donor_287,L6 intratelencephalic projecting glutamatergic neuron,M,L6 intratelencephalic projecting glutamatergic neuron,14.649454850660232,within_site
Donor_287,L6b glutamatergic neuron of the primary motor cortex,M,L6b glutamatergic neuron of the primary motor cortex,18.636490132849147,within_site
Donor_287,VIP GABAergic interneuron,M,VIP GABAergic interneuron,15.731172163980848,within_site
Donor_287,astrocyte,M,astrocyte,13.232984518751536,within_site
Donor_287,endothelial cell,M,endothelial cell,16.614293715416025,within_site
Donor_287,lamp5 GABAergic interneuron,M,lamp5 GABAergic interneuron,18.950635397731926,within_site
Donor_287,microglial cell,M,microglial cell,23.930763558800827,within_site
Donor_287,oligodendrocyte,M,oligodendrocyte,23.710926830053722,within_site
Donor_287,oligodendrocyte precursor cell,M,oligodendrocyte precursor cell,14.406476190976466,within_site
Donor_287,pericyte,M,pericyte,19.76072417903499,within_site
Donor_287,pvalb GABAergic interneuron,M,pvalb GABAergic interneuron,19.97988315306159,within_site
Donor_287,sst GABAergic interneuron,M,sst GABAergic interneuron,16.151613690789787,within_site
Donor_288,GABAergic neuron,M,GABAergic neuron,20.24782479791241,within_site
Donor_288,L2/3 intratelencephalic projecting glutamatergic neuron,M,L2/3 intratelencephalic projecting glutamatergic neuron,29.11489658471939,within_site
Donor_288,L2/3-6 intratelencephalic projecting glutamatergic neuron,M,L2/3-6 intratelencephalic projecting glutamatergic neuron,43.57751487663598,within_site
Donor_288,VIP GABAergic interneuron,M,VIP GABAergic interneuron,24.391298847034918,within_site
Donor_288,astrocyte,M,astrocyte,17.035084746868577,within_site
Donor_288,endothelial cell,M,endothelial cell,28.760411595495217,within_site
Donor_288,lamp5 GABAergic interneuron,M,lamp5 GABAergic interneuron,35.716023385204416,within_site
Donor_288,microglial cell,M,microglial cell,24.444615259299194,within_site
Donor_288,oligodendrocyte,M,oligodendrocyte,30.00321207732898,within_site
Donor_288,oligodendrocyte precursor cell,M,oligodendrocyte precursor cell,33.34125215731105,within_site
Donor_288,pericyte,M,pericyte,19.132164225532854,within_site
Donor_288,pvalb GABAergic interneuron,M,pvalb GABAergic interneuron,32.39341210354851,within_site
Donor_288,sst GABAergic interneuron,M,sst GABAergic interneuron,43.16387175981627,within_site
Donor_291,GABAergic neuron,H,GABAergic neuron,52.13718863006972,within_site
Donor_291,L2/3 intratelencephalic projecting glutamatergic neuron,H,L2/3 intratelencephalic projecting glutamatergic neuron,47.51031737292021,within_site
Donor_291,L2/3-6 intratelencephalic projecting glutamatergic neuron,H,L2/3-6 intratelencephalic projecting glutamatergic neuron,45.66969340995481,within_site
Donor_291,VIP GABAergic interneuron,H,VIP GABAergic interneuron,43.07717250469855,within_site
Donor_291,astrocyte,H,astrocyte,44.57800162596175,within_site
Donor_291,endothelial cell,H,endothelial cell,49.93607596306072,within_site
Donor_291,lamp5 GABAergic interneuron,H,lamp5 GABAergic interneuron,45.241080971937976,within_site
Donor_291,microglial cell,H,microglial cell,46.85408357767219,within_site
Donor_291,oligodendrocyte,H,oligodendrocyte,49.183817112185665,within_site
Donor_291,oligodendrocyte precursor cell,H,oligodendrocyte precursor cell,52.97933454703752,within_site
Donor_291,pericyte,H,pericyte,36.34573550976279,within_site
Donor_291,perivascular macrophage,H,perivascular macrophage,46.31211618521746,within_site
Donor_291,pvalb GABAergic interneuron,H,pvalb GABAergic interneuron,46.91327823958334,within_site
Donor_291,sst GABAergic interneuron,H,sst GABAergic interneuron,30.459875548832844,within_site
Donor_291,vascular leptomeningeal cell,H,vascular leptomeningeal cell,58.29614716882001,within_site
Donor_307,GABAergic neuron,M,GABAergic neuron,14.298575908771008,within_site
Donor_307,L2/3 intratelencephalic projecting glutamatergic neuron,M,L2/3 intratelencephalic projecting glutamatergic neuron,21.991988367193585,within_site
Donor_307,L2/3-6 intratelencephalic projecting glutamatergic neuron,M,L2/3-6 intratelencephalic projecting glutamatergic neuron,16.711992431405992,within_site
Donor_307,L5/6 near-projecting glutamatergic neuron,M,L5/6 near-projecting glutamatergic neuron,7.7233617280263465,within_site
Donor_307,L6 corticothalamic-projecting glutamatergic cortical neuron,M,L6 corticothalamic-projecting glutamatergic cortical neuron,16.557011916290747,within_site
Donor_307,L6 intratelencephalic projecting glutamatergic neuron,M,L6 intratelencephalic projecting glutamatergic neuron,13.73224831723324,within_site
Donor_307,L6b glutamatergic neuron of the primary motor cortex,M,L6b glutamatergic neuron of the primary motor cortex,12.296936286907624,within_site
Donor_307,VIP GABAergic interneuron,M,VIP GABAergic interneuron,14.962076135839645,within_site
Donor_307,astrocyte,M,astrocyte,21.441454886408167,within_site
Donor_307,endothelial cell,M,endothelial cell,25.18683241861918,within_site
Donor_307,lamp5 GABAergic interneuron,M,lamp5 GABAergic interneuron,18.002315900901248,within_site
Donor_307,microglial cell,M,microglial cell,32.80548387575977,within_site
Donor_307,oligodendrocyte,M,oligodendrocyte,20.793925809954285,within_site
Donor_307,oligodendrocyte precursor cell,M,oligodendrocyte precursor cell,13.219346964460248,within_site
Donor_307,pericyte,M,pericyte,31.27796562033548,within_site
Donor_307,pvalb GABAergic interneuron,M,pvalb GABAergic interneuron,15.120454407377881,within_site
Donor_307,sst GABAergic interneuron,M,sst GABAergic interneuron,19.44617027097367,within_site
Donor_313,GABAergic neuron,H,GABAergic neuron,13.729832855191518,within_site
Donor_313,L2/3 intratelencephalic projecting glutamatergic neuron,H,L2/3 intratelencephalic projecting glutamatergic neuron,17.389523169731543,within_site
Donor_313,L2/3-6 intratelencephalic projecting glutamatergic neuron,H,L2/3-6 intratelencephalic projecting glutamatergic neuron,21.146865721302024,within_site
Donor_313,L6 intratelencephalic projecting glutamatergic neuron,H,L6 intratelencephalic projecting glutamatergic neuron,21.315525891433854,within_site
Donor_313,VIP GABAergic interneuron,H,VIP GABAergic interneuron,16.073113996631818,within_site
Donor_313,astrocyte,H,astrocyte,9.120442909626727,within_site
Donor_313,endothelial cell,H,endothelial cell,14.777954259207299,within_site
Donor_313,lamp5 GABAergic interneuron,H,lamp5 GABAergic interneuron,17.996068146285925,within_site
Donor_313,microglial cell,H,microglial cell,10.01175507271267,within_site
Donor_313,oligodendrocyte,H,oligodendrocyte,9.003050522561342,within_site
Donor_313,oligodendrocyte precursor cell,H,oligodendrocyte precursor cell,12.059978176726846,within_site
Donor_313,pericyte,H,pericyte,9.480326063085828,within_site
Donor_313,pvalb GABAergic interneuron,H,pvalb GABAergic interneuron,19.260110327956316,within_site
Donor_313,sst GABAergic interneuron,H,sst GABAergic interneuron,16.552883453804682,within_site
Donor_313,vascular leptomeningeal cell,H,vascular leptomeningeal cell,18.37391361633121,within_site
Donor_314,GABAergic neuron,H,GABAergic neuron,28.14698499088482,within_site
Donor_314,L2/3 intratelencephalic projecting glutamatergic neuron,H,L2/3 intratelencephalic projecting glutamatergic neuron,24.32122455486737,within_site
Donor_314,L2/3-6 intratelencephalic projecting glutamatergic neuron,H,L2/3-6 intratelencephalic projecting glutamatergic neuron,23.59164329858302,within_site
Donor_314,L6 corticothalamic-projecting glutamatergic cortical neuron,H,L6 corticothalamic-projecting glutamatergic cortical neuron,22.350163329290528,within_site
Donor_314,VIP GABAergic interneuron,H,VIP GABAergic interneuron,23.97171863059425,within_site
Donor_314,astrocyte,H,astrocyte,18.050523379643277,within_site
Donor_314,endothelial cell,H,endothelial cell,19.022930100224816,within_site
Donor_314,lamp5 GABAergic interneuron,H,lamp5 GABAergic interneuron,31.231076908982235,within_site
Donor_314,microglial cell,H,microglial cell,16.064655387181247,within_site
Donor_314,oligodendrocyte,H,oligodendrocyte,19.48663184692638,within_site
Donor_314,oligodendrocyte precursor cell,H,oligodendrocyte precursor cell,26.510704913980103,within_site
Donor_314,pvalb GABAergic interneuron,H,pvalb GABAergic interneuron,25.357806744401376,within_site
Donor_314,sst GABAergic interneuron,H,sst GABAergic interneuron,16.447011943286014,within_site
Donor_317,GABAergic neuron,M,GABAergic neuron,14.43320689553433,within_site
Donor_317,L2/3 intratelencephalic projecting glutamatergic neuron,M,L2/3 intratelencephalic projecting glutamatergic neuron,11.612881175976604,within_site
Donor_317,L2/3-6 intratelencephalic projecting glutamatergic neuron,M,L2/3-6 intratelencephalic projecting glutamatergic neuron,11.836974514871981,within_site
Donor_317,L5/6 near-projecting glutamatergic neuron,M,L5/6 near-projecting glutamatergic neuron,8.849114269119307,within_site
Donor_317,L6 corticothalamic-projecting glutamatergic cortical neuron,M,L6 corticothalamic-projecting glutamatergic cortical neuron,9.599359724602865,within_site
Donor_317,L6 intratelencephalic projecting glutamatergic neuron,M,L6 intratelencephalic projecting glutamatergic neuron,5.718156387991135,within_site
Donor_317,VIP GABAergic interneuron,M,VIP GABAergic interneuron,8.204618126337241,within_site
Donor_317,astrocyte,M,astrocyte,7.0410218074120765,within_site
Donor_317,endothelial cell,M,endothelial cell,19.243340147666785,within_site
Donor_317,lamp5 GABAergic interneuron,M,lamp5 GABAergic interneuron,10.508944371440865,within_site
Donor_317,microglial cell,M,microglial cell,17.143469368190352,within_site
Donor_317,oligodendrocyte,M,oligodendrocyte,10.153756769832679,within_site
Donor_317,oligodendrocyte precursor cell,M,oligodendrocyte precursor cell,10.402984757468378,within_site
Donor_317,pericyte,M,pericyte,21.78223234808289,within_site
Donor_317,pvalb GABAergic interneuron,M,pvalb GABAergic interneuron,9.681598468645875,within_site
Donor_317,sst GABAergic interneuron,M,sst GABAergic interneuron,10.388061778537722,within_site
Donor_325,GABAergic neuron,M,GABAergic neuron,34.90468602431942,within_site
Donor_325,L2/3 intratelencephalic projecting glutamatergic neuron,M,L2/3 intratelencephalic projecting glutamatergic neuron,38.85182746851506,within_site
Donor_325,L2/3-6 intratelencephalic projecting glutamatergic neuron,M,L2/3-6 intratelencephalic projecting glutamatergic neuron,38.4025557350067,within_site
Donor_325,L5/6 near-projecting glutamatergic neuron,M,L5/6 near-projecting glutamatergic neuron,37.95537314637156,within_site
Donor_325,L6 corticothalamic-projecting glutamatergic cortical neuron,M,L6 corticothalamic-projecting glutamatergic cortical neuron,36.88517253375344,within_site
Donor_325,L6 intratelencephalic projecting glutamatergic neuron,M,L6 intratelencephalic projecting glutamatergic neuron,33.6679127075801,within_site
Donor_325,L6b glutamatergic neuron of the primary motor cortex,M,L6b glutamatergic neuron of the primary motor cortex,25.137813271099443,within_site
Donor_325,VIP GABAergic interneuron,M,VIP GABAergic interneuron,36.75339934732079,within_site
Donor_325,astrocyte,M,astrocyte,29.278936072814627,within_site
Donor_325,endothelial cell,M,endothelial cell,39.02612582728032,within_site
Donor_325,lamp5 GABAergic interneuron,M,lamp5 GABAergic interneuron,40.055594923555184,within_site
Donor_325,microglial cell,M,microglial cell,38.29918979477586,within_site
Donor_325,oligodendrocyte,M,oligodendrocyte,26.2611027920736,within_site
Donor_325,oligodendrocyte precursor cell,M,oligodendrocyte precursor cell,25.422353429802886,within_site
Donor_325,pvalb GABAergic interneuron,M,pvalb GABAergic interneuron,40.65020623811743,within_site
Donor_325,sst GABAergic interneuron,M,sst GABAergic interneuron,33.23149655816667,within_site
Donor_325,vascular leptomeningeal cell,M,vascular leptomeningeal cell,13.994866046847765,within_site
Donor_330,L6b glutamatergic neuron of the primary motor cortex,H,L6b glutamatergic neuron of the primary motor cortex,56.95882012141694,within_site
Donor_330,astrocyte,H,astrocyte,55.291341205573666,within_site
Donor_330,endothelial cell,H,endothelial cell,54.494824971300496,within_site
Donor_330,microglial cell,H,microglial cell,20.393955254517895,within_site
Donor_330,oligodendrocyte,H,oligodendrocyte,29.2121853419566,within_site
Donor_330,oligodendrocyte precursor cell,H,oligodendrocyte precursor cell,26.619113503756378,within_site
Donor_332,GABAergic neuron,H,GABAergic neuron,29.570093469698453,within_site
Donor_332,L2/3 intratelencephalic projecting glutamatergic neuron,H,L2/3 intratelencephalic projecting glutamatergic neuron,31.092331832403588,within_site
Donor_332,L2/3-6 intratelencephalic projecting glutamatergic neuron,H,L2/3-6 intratelencephalic projecting glutamatergic neuron,30.806550273009265,within_site
Donor_332,L5/6 near-projecting glutamatergic neuron,H,L5/6 near-projecting glutamatergic neuron,27.60132673415533,within_site
Donor_332,L6 corticothalamic-projecting glutamatergic cortical neuron,H,L6 corticothalamic-projecting glutamatergic cortical neuron,29.689683679446095,within_site
Donor_332,L6 intratelencephalic projecting glutamatergic neuron,H,L6 intratelencephalic projecting glutamatergic neuron,32.103310870300554,within_site
Donor_332,L6b glutamatergic neuron of the primary motor cortex,H,L6b glutamatergic neuron of the primary motor cortex,29.58797170192456,within_site
Donor_332,VIP GABAergic interneuron,H,VIP GABAergic interneuron,33.37831276379477,within_site
Donor_332,astrocyte,H,astrocyte,19.803606509729676,within_site
Donor_332,endothelial cell,H,endothelial cell,24.83245361220196,within_site
Donor_332,lamp5 GABAergic interneuron,H,lamp5 GABAergic interneuron,29.947909957816474,within_site
Donor_332,microglial cell,H,microglial cell,37.336153396402906,within_site
Donor_332,oligodendrocyte,H,oligodendrocyte,23.78459485072751,within_site
Donor_332,oligodendrocyte precursor cell,H,oligodendrocyte precursor cell,29.09498087439738,within_site
Donor_332,pericyte,H,pericyte,28.1635082408464,within_site
Donor_332,perivascular macrophage,H,perivascular macrophage,26.881657780091402,within_site
Donor_332,pvalb GABAergic interneuron,H,pvalb GABAergic interneuron,34.029375534271004,within_site
Donor_332,sst GABAergic interneuron,H,sst GABAergic interneuron,28.560420006258724,within_site
Donor_332,vascular leptomeningeal cell,H,vascular leptomeningeal cell,18.0732186048828,within_site
Donor_338,GABAergic neuron,H,GABAergic neuron,22.671422844726393,within_site
Donor_338,L2/3 intratelencephalic projecting glutamatergic neuron,H,L2/3 intratelencephalic projecting glutamatergic neuron,28.43244577610198,within_site
Donor_338,L2/3-6 intratelencephalic projecting glutamatergic neuron,H,L2/3-6 intratelencephalic projecting glutamatergic neuron,28.045595782411002,within_site
Donor_338,L5/6 near-projecting glutamatergic neuron,H,L5/6 near-projecting glutamatergic neuron,37.152890340445104,within_site
Donor_338,L6 corticothalamic-projecting glutamatergic cortical neuron,H,L6 corticothalamic-projecting glutamatergic cortical neuron,34.469965819579464,within_site
Donor_338,L6 intratelencephalic projecting glutamatergic neuron,H,L6 intratelencephalic projecting glutamatergic neuron,26.840027266122146,within_site
Donor_338,L6b glutamatergic neuron of the primary motor cortex,H,L6b glutamatergic neuron of the primary motor cortex,30.46091381100349,within_site
Donor_338,VIP GABAergic interneuron,H,VIP GABAergic interneuron,29.764200228121467,within_site
Donor_338,astrocyte,H,astrocyte,30.24953463103556,within_site
Donor_338,endothelial cell,H,endothelial cell,19.44987057559531,within_site
Donor_338,lamp5 GABAergic interneuron,H,lamp5 GABAergic interneuron,30.891118361177302,within_site
Donor_338,microglial cell,H,microglial cell,35.77159335985816,within_site
Donor_338,oligodendrocyte,H,oligodendrocyte,33.12041329110644,within_site
Donor_338,oligodendrocyte precursor cell,H,oligodendrocyte precursor cell,30.090071262403313,within_site
Donor_338,pericyte,H,pericyte,37.262059819865726,within_site
Donor_338,perivascular macrophage,H,perivascular macrophage,28.527496619595162,within_site
Donor_338,pvalb GABAergic interneuron,H,pvalb GABAergic interneuron,32.11657440421768,within_site
Donor_338,sst GABAergic interneuron,H,sst GABAergic interneuron,30.294424594676897,within_site
Donor_338,vascular leptomeningeal cell,H,vascular leptomeningeal cell,15.018535734000672,within_site
Donor_346,L2/3 intratelencephalic projecting glutamatergic neuron,H,L2/3 intratelencephalic projecting glutamatergic neuron,22.939819263685386,within_site
Donor_346,L2/3-6 intratelencephalic projecting glutamatergic neuron,H,L2/3-6 intratelencephalic projecting glutamatergic neuron,28.455009826422035,within_site
Donor_346,L5/6 near-projecting glutamatergic neuron,H,L5/6 near-projecting glutamatergic neuron,21.3907642293273,within_site
Donor_346,L6 corticothalamic-projecting glutamatergic cortical neuron,H,L6 corticothalamic-projecting glutamatergic cortical neuron,19.27628816341806,within_site
Donor_346,L6 intratelencephalic projecting glutamatergic neuron,H,L6 intratelencephalic projecting glutamatergic neuron,25.472942516805904,within_site
Donor_346,L6b glutamatergic neuron of the primary motor cortex,H,L6b glutamatergic neuron of the primary motor cortex,24.41537529486431,within_site
Donor_346,VIP GABAergic interneuron,H,VIP GABAergic interneuron,21.810078208808825,within_site
Donor_346,astrocyte,H,astrocyte,22.439534231284465,within_site
Donor_346,endothelial cell,H,endothelial cell,34.41828964279552,within_site
Donor_346,lamp5 GABAergic interneuron,H,lamp5 GABAergic interneuron,25.85515313584602,within_site
Donor_346,microglial cell,H,microglial cell,36.93976731553318,within_site
Donor_346,oligodendrocyte,H,oligodendrocyte,23.367910488732484,within_site
Donor_346,oligodendrocyte precursor cell,H,oligodendrocyte precursor cell,17.08492036811684,within_site
Donor_346,pericyte,H,pericyte,25.96020260014488,within_site
Donor_346,pvalb GABAergic interneuron,H,pvalb GABAergic interneuron,17.118937157086815,within_site
Donor_346,sst GABAergic interneuron,H,sst GABAergic interneuron,20.329003499908623,within_site
Donor_346,vascular leptomeningeal cell,H,vascular leptomeningeal cell,24.49144090159528,within_site
Donor_349,GABAergic neuron,H,GABAergic neuron,9.842884637530158,within_site
Donor_349,L2/3 intratelencephalic projecting glutamatergic neuron,H,L2/3 intratelencephalic projecting glutamatergic neuron,8.38370285807555,within_site
Donor_349,L2/3-6 intratelencephalic projecting glutamatergic neuron,H,L2/3-6 intratelencephalic projecting glutamatergic neuron,5.834666868893951,within_site
Donor_349,L5/6 near-projecting glutamatergic neuron,H,L5/6 near-projecting glutamatergic neuron,5.938469067560049,within_site
Donor_349,L6 corticothalamic-projecting glutamatergic cortical neuron,H,L6 corticothalamic-projecting glutamatergic cortical neuron,6.579807639018335,within_site
Donor_349,L6 intratelencephalic projecting glutamatergic neuron,H,L6 intratelencephalic projecting glutamatergic neuron,6.1764653389705195,within_site
Donor_349,L6b glutamatergic neuron of the primary motor cortex,H,L6b glutamatergic neuron of the primary motor cortex,5.800812236846272,within_site
Donor_349,VIP GABAergic interneuron,H,VIP GABAergic interneuron,6.592499653262956,within_site
Donor_349,astrocyte,H,astrocyte,23.86942867715621,within_site
Donor_349,endothelial cell,H,endothelial cell,20.983003011677134,within_site
Donor_349,lamp5 GABAergic interneuron,H,lamp5 GABAergic interneuron,10.071251783975175,within_site
Donor_349,microglial cell,H,microglial cell,22.06185155371821,within_site
Donor_349,oligodendrocyte,H,oligodendrocyte,19.9044080989976,within_site
Donor_349,oligodendrocyte precursor cell,H,oligodendrocyte precursor cell,23.388323065794285,within_site
Donor_349,pericyte,H,pericyte,25.121985172857347,within_site
Donor_349,pvalb GABAergic interneuron,H,pvalb GABAergic interneuron,4.913822456355467,within_site
Donor_349,sst GABAergic interneuron,H,sst GABAergic interneuron,8.622353771658668,within_site
Donor_349,vascular leptomeningeal cell,H,vascular leptomeningeal cell,18.58163369199605,within_site
Donor_352,L2/3 intratelencephalic projecting glutamatergic neuron,M,L2/3 intratelencephalic projecting glutamatergic neuron,16.29853578608946,within_site
Donor_352,VIP GABAergic interneuron,M,VIP GABAergic interneuron,12.478686448569432,within_site
Donor_352,astrocyte,M,astrocyte,11.247468873264935,within_site
Donor_352,microglial cell,M,microglial cell,10.055266901307856,within_site
Donor_352,oligodendrocyte,M,oligodendrocyte,7.63211175588534,within_site
Donor_352,oligodendrocyte precursor cell,M,oligodendrocyte precursor cell,7.369312618112443,within_site
Donor_352,sst GABAergic interneuron,M,sst GABAergic interneuron,24.182506764428787,within_site
Donor_354,L2/3 intratelencephalic projecting glutamatergic neuron,H,L2/3 intratelencephalic projecting glutamatergic neuron,20.012627542747857,within_site
Donor_354,L2/3-6 intratelencephalic projecting glutamatergic neuron,H,L2/3-6 intratelencephalic projecting glutamatergic neuron,15.158725410515599,within_site
Donor_354,astrocyte,H,astrocyte,19.459211953474647,within_site
Donor_354,microglial cell,H,microglial cell,30.400552146150783,within_site
Donor_354,oligodendrocyte,H,oligodendrocyte,22.6385231453067,within_site
Donor_354,oligodendrocyte precursor cell,H,oligodendrocyte precursor cell,27.39732998017188,within_site
Donor_361,GABAergic neuron,H,GABAergic neuron,11.423157363761117,within_site
Donor_361,L2/3 intratelencephalic projecting glutamatergic neuron,H,L2/3 intratelencephalic projecting glutamatergic neuron,24.1632726939825,within_site
Donor_361,L2/3-6 intratelencephalic projecting glutamatergic neuron,H,L2/3-6 intratelencephalic projecting glutamatergic neuron,24.921552231096555,within_site
Donor_361,L6 corticothalamic-projecting glutamatergic cortical neuron,H,L6 corticothalamic-projecting glutamatergic cortical neuron,12.946442456547935,within_site
Donor_361,L6 intratelencephalic projecting glutamatergic neuron,H,L6 intratelencephalic projecting glutamatergic neuron,17.38755996178609,within_site
Donor_361,L6b glutamatergic neuron of the primary motor cortex,H,L6b glutamatergic neuron of the primary motor cortex,27.777487083717077,within_site
Donor_361,VIP GABAergic interneuron,H,VIP GABAergic interneuron,12.62511916698463,within_site
Donor_361,astrocyte,H,astrocyte,15.421281984635238,within_site
Donor_361,endothelial cell,H,endothelial cell,11.543262960292456,within_site
Donor_361,lamp5 GABAergic interneuron,H,lamp5 GABAergic interneuron,23.264162878576418,within_site
Donor_361,microglial cell,H,microglial cell,44.86026216456883,within_site
Donor_361,oligodendrocyte,H,oligodendrocyte,10.017725097447796,within_site
Donor_361,oligodendrocyte precursor cell,H,oligodendrocyte precursor cell,20.26418248100975,within_site
Donor_361,pericyte,H,pericyte,20.79197601553791,within_site
Donor_361,pvalb GABAergic interneuron,H,pvalb GABAergic interneuron,14.736249221323853,within_site
Donor_361,sst GABAergic interneuron,H,sst GABAergic interneuron,10.716918530274658,within_site
Donor_361,vascular leptomeningeal cell,H,vascular leptomeningeal cell,37.018287063709685,within_site
Donor_364,GABAergic neuron,H,GABAergic neuron,46.55458537014325,within_site
Donor_364,L2/3 intratelencephalic projecting glutamatergic neuron,H,L2/3 intratelencephalic projecting glutamatergic neuron,43.8685379977068,within_site
Donor_364,L2/3-6 intratelencephalic projecting glutamatergic neuron,H,L2/3-6 intratelencephalic projecting glutamatergic neuron,36.33011544292174,within_site
Donor_364,L6 corticothalamic-projecting glutamatergic cortical neuron,H,L6 corticothalamic-projecting glutamatergic cortical neuron,27.87556099392232,within_site
Donor_364,L6 intratelencephalic projecting glutamatergic neuron,H,L6 intratelencephalic projecting glutamatergic neuron,42.05697735561065,within_site
Donor_364,L6b glutamatergic neuron of the primary motor cortex,H,L6b glutamatergic neuron of the primary motor cortex,38.70524467686126,within_site
Donor_364,VIP GABAergic interneuron,H,VIP GABAergic interneuron,45.27585499843258,within_site
Donor_364,astrocyte,H,astrocyte,29.220208438894133,within_site
Donor_364,endothelial cell,H,endothelial cell,24.474322588476287,within_site
Donor_364,lamp5 GABAergic interneuron,H,lamp5 GABAergic interneuron,36.90644546857772,within_site
Donor_364,microglial cell,H,microglial cell,40.84054830940357,within_site
Donor_364,oligodendrocyte,H,oligodendrocyte,37.21986683349964,within_site
Donor_364,oligodendrocyte precursor cell,H,oligodendrocyte precursor cell,29.940059821546647,within_site
Donor_364,pericyte,H,pericyte,48.47492066775141,within_site
Donor_364,perivascular macrophage,H,perivascular macrophage,44.01979622286169,within_site
Donor_364,pvalb GABAergic interneuron,H,pvalb GABAergic interneuron,37.62870962317772,within_site
Donor_364,sst GABAergic interneuron,H,sst GABAergic interneuron,40.48006038617521,within_site
Donor_364,vascular leptomeningeal cell,H,vascular leptomeningeal cell,44.21586115363409,within_site
Donor_366,L2/3 intratelencephalic projecting glutamatergic neuron,M,L2/3 intratelencephalic projecting glutamatergic neuron,28.258138668468423,within_site
Donor_366,L2/3-6 intratelencephalic projecting glutamatergic neuron,M,L2/3-6 intratelencephalic projecting glutamatergic neuron,28.02742102658405,within_site
Donor_366,VIP GABAergic interneuron,M,VIP GABAergic interneuron,13.654963930386531,within_site
Donor_366,astrocyte,M,astrocyte,27.637147529866105,within_site
Donor_366,lamp5 GABAergic interneuron,M,lamp5 GABAergic interneuron,23.091419998821113,within_site
Donor_366,microglial cell,M,microglial cell,21.86271188339722,within_site
Donor_366,oligodendrocyte,M,oligodendrocyte,15.407944508552088,within_site
Donor_366,oligodendrocyte precursor cell,M,oligodendrocyte precursor cell,16.37835078471093,within_site
Donor_366,pvalb GABAergic interneuron,M,pvalb GABAergic interneuron,12.789757040329032,within_site
Donor_366,sst GABAergic interneuron,M,sst GABAergic interneuron,13.230311237104935,within_site
Donor_37,GABAergic neuron,H,GABAergic neuron,18.527123216573973,within_site
Donor_37,L2/3 intratelencephalic projecting glutamatergic neuron,H,L2/3 intratelencephalic projecting glutamatergic neuron,9.58579235594598,within_site
Donor_37,L2/3-6 intratelencephalic projecting glutamatergic neuron,H,L2/3-6 intratelencephalic projecting glutamatergic neuron,9.71513553907754,within_site
Donor_37,L5/6 near-projecting glutamatergic neuron,H,L5/6 near-projecting glutamatergic neuron,16.310058065826333,within_site
Donor_37,L6 corticothalamic-projecting glutamatergic cortical neuron,H,L6 corticothalamic-projecting glutamatergic cortical neuron,10.22437014999995,within_site
Donor_37,L6 intratelencephalic projecting glutamatergic neuron,H,L6 intratelencephalic projecting glutamatergic neuron,9.661938999200665,within_site
Donor_37,L6b glutamatergic neuron of the primary motor cortex,H,L6b glutamatergic neuron of the primary motor cortex,10.582678237309791,within_site
Donor_37,VIP GABAergic interneuron,H,VIP GABAergic interneuron,14.971036855398186,within_site
Donor_37,astrocyte,H,astrocyte,16.160663189315617,within_site
Donor_37,endothelial cell,H,endothelial cell,14.21016578738043,within_site
Donor_37,lamp5 GABAergic interneuron,H,lamp5 GABAergic interneuron,13.53441308098432,within_site
Donor_37,microglial cell,H,microglial cell,11.220960740201635,within_site
Donor_37,oligodendrocyte,H,oligodendrocyte,10.321913210153905,within_site
Donor_37,oligodendrocyte precursor cell,H,oligodendrocyte precursor cell,12.683936701717796,within_site
Donor_37,pericyte,H,pericyte,19.259736090105886,within_site
Donor_37,perivascular macrophage,H,perivascular macrophage,39.193117996341684,within_site
Donor_37,pvalb GABAergic interneuron,H,pvalb GABAergic interneuron,11.078554517788715,within_site
Donor_37,sst GABAergic interneuron,H,sst GABAergic interneuron,10.916599154397147,within_site
Donor_37,vascular leptomeningeal cell,H,vascular leptomeningeal cell,28.156185509278657,within_site
Donor_370,GABAergic neuron,M,GABAergic neuron,24.722537030219513,within_site
Donor_370,L2/3 intratelencephalic projecting glutamatergic neuron,M,L2/3 intratelencephalic projecting glutamatergic neuron,21.837331182013617,within_site
Donor_370,L2/3-6 intratelencephalic projecting glutamatergic neuron,M,L2/3-6 intratelencephalic projecting glutamatergic neuron,18.86053788344817,within_site
Donor_370,L5/6 near-projecting glutamatergic neuron,M,L5/6 near-projecting glutamatergic neuron,12.799362647093899,within_site
Donor_370,L6 corticothalamic-projecting glutamatergic cortical neuron,M,L6 corticothalamic-projecting glutamatergic cortical neuron,20.72225670104322,within_site
Donor_370,L6 intratelencephalic projecting glutamatergic neuron,M,L6 intratelencephalic projecting glutamatergic neuron,21.78953312969815,within_site
Donor_370,L6b glutamatergic neuron of the primary motor cortex,M,L6b glutamatergic neuron of the primary motor cortex,11.777689843190856,within_site
Donor_370,VIP GABAergic interneuron,M,VIP GABAergic interneuron,20.382622049544747,within_site
Donor_370,astrocyte,M,astrocyte,16.074796877289295,within_site
Donor_370,endothelial cell,M,endothelial cell,19.125185904663116,within_site
Donor_370,lamp5 GABAergic interneuron,M,lamp5 GABAergic interneuron,25.12163447278618,within_site
Donor_370,microglial cell,M,microglial cell,12.195112232364881,within_site
Donor_370,oligodendrocyte,M,oligodendrocyte,14.374122149088231,within_site
Donor_370,oligodendrocyte precursor cell,M,oligodendrocyte precursor cell,18.612665090552916,within_site
Donor_370,pericyte,M,pericyte,23.792029843912985,within_site
Donor_370,pvalb GABAergic interneuron,M,pvalb GABAergic interneuron,19.88468289200899,within_site
Donor_370,smooth muscle cell,M,vascular leptomeningeal cell,145.36911349303404,within_site
Donor_370,sst GABAergic interneuron,M,sst GABAergic interneuron,19.54002332292669,within_site
Donor_372,L2/3 intratelencephalic projecting glutamatergic neuron,M,L2/3 intratelencephalic projecting glutamatergic neuron,29.628499860795117,within_site
Donor_372,L2/3-6 intratelencephalic projecting glutamatergic neuron,M,L2/3-6 intratelencephalic projecting glutamatergic neuron,24.267014373235614,within_site
Donor_372,L5/6 near-projecting glutamatergic neuron,M,L5/6 near-projecting glutamatergic neuron,42.24556361445097,within_site
Donor_372,L6 intratelencephalic projecting glutamatergic neuron,M,L6 intratelencephalic projecting glutamatergic neuron,58.33897749966485,within_site
Donor_372,VIP GABAergic interneuron,M,VIP GABAergic interneuron,47.630078217303875,within_site
Donor_372,astrocyte,M,astrocyte,39.08064692061076,within_site
Donor_372,lamp5 GABAergic interneuron,M,lamp5 GABAergic interneuron,45.66910696663809,within_site
Donor_372,microglial cell,M,microglial cell,74.24906655257954,within_site
Donor_372,oligodendrocyte,M,oligodendrocyte,37.82549514444233,within_site
Donor_372,oligodendrocyte precursor cell,M,oligodendrocyte precursor cell,46.23654761602321,within_site
Donor_372,pericyte,M,pericyte,44.74700788471893,within_site
Donor_372,pvalb GABAergic interneuron,M,pvalb GABAergic interneuron,51.17301539984078,within_site
Donor_388,L2/3 intratelencephalic projecting glutamatergic neuron,H,L2/3 intratelencephalic projecting glutamatergic neuron,55.01941640442905,within_site
Donor_388,L2/3-6 intratelencephalic projecting glutamatergic neuron,H,L2/3-6 intratelencephalic projecting glutamatergic neuron,42.39040600687817,within_site
Donor_388,L5/6 near-projecting glutamatergic neuron,H,L5/6 near-projecting glutamatergic neuron,61.30222455096928,within_site
Donor_388,VIP GABAergic interneuron,H,VIP GABAergic interneuron,50.55111481129466,within_site
Donor_388,astrocyte,H,astrocyte,42.1302517618178,within_site
Donor_388,lamp5 GABAergic interneuron,H,lamp5 GABAergic interneuron,54.17336857948323,within_site
Donor_388,microglial cell,H,microglial cell,26.441810422676088,within_site
Donor_388,oligodendrocyte,H,oligodendrocyte,22.98128266361123,within_site
Donor_388,oligodendrocyte precursor cell,H,oligodendrocyte precursor cell,36.61373340976401,within_site
Donor_388,pvalb GABAergic interneuron,H,pvalb GABAergic interneuron,59.69073565866313,within_site
Donor_388,sst GABAergic interneuron,H,sst GABAergic interneuron,51.7003216586331,within_site
Donor_394,GABAergic neuron,M,GABAergic neuron,30.333746087588445,within_site
Donor_394,L2/3 intratelencephalic projecting glutamatergic neuron,M,L2/3 intratelencephalic projecting glutamatergic neuron,19.9424712946151,within_site
Donor_394,L2/3-6 intratelencephalic projecting glutamatergic neuron,M,L2/3-6 intratelencephalic projecting glutamatergic neuron,20.0825155059234,within_site
Donor_394,L5/6 near-projecting glutamatergic neuron,M,L5/6 near-projecting glutamatergic neuron,14.086322051860831,within_site
Donor_394,L6 corticothalamic-projecting glutamatergic cortical neuron,M,L6 corticothalamic-projecting glutamatergic cortical neuron,19.164616196308586,within_site
Donor_394,L6 intratelencephalic projecting glutamatergic neuron,M,L6 intratelencephalic projecting glutamatergic neuron,18.733388179482997,within_site
Donor_394,L6b glutamatergic neuron of the primary motor cortex,M,L6b glutamatergic neuron of the primary motor cortex,17.35823289993856,within_site
Donor_394,VIP GABAergic interneuron,M,VIP GABAergic interneuron,17.83046390605798,within_site
Donor_394,astrocyte,M,astrocyte,8.365782760995636,within_site
Donor_394,lamp5 GABAergic interneuron,M,lamp5 GABAergic interneuron,14.713655251773435,within_site
Donor_394,microglial cell,M,microglial cell,29.362423415311717,within_site
Donor_394,oligodendrocyte,M,oligodendrocyte,7.52352182615031,within_site
Donor_394,oligodendrocyte precursor cell,M,oligodendrocyte precursor cell,13.683221150405167,within_site
Donor_394,pvalb GABAergic interneuron,M,pvalb GABAergic interneuron,10.142012807795647,within_site
Donor_394,sst GABAergic interneuron,M,sst GABAergic interneuron,17.043221289617886,within_site
Donor_401,GABAergic neuron,M,GABAergic neuron,41.77174866870242,within_site
Donor_401,L2/3 intratelencephalic projecting glutamatergic neuron,M,L2/3 intratelencephalic projecting glutamatergic neuron,37.19997452824499,within_site
Donor_401,L2/3-6 intratelencephalic projecting glutamatergic neuron,M,L2/3-6 intratelencephalic projecting glutamatergic neuron,32.00676212133165,within_site
Donor_401,VIP GABAergic interneuron,M,VIP GABAergic interneuron,35.76295547353474,within_site
Donor_401,astrocyte,M,astrocyte,20.75042929423781,within_site
Donor_401,lamp5 GABAergic interneuron,M,lamp5 GABAergic interneuron,34.8375650895145,within_site
Donor_401,microglial cell,M,microglial cell,22.929732186377922,within_site
Donor_401,oligodendrocyte,M,oligodendrocyte,28.06142144768329,within_site
Donor_401,oligodendrocyte precursor cell,M,oligodendrocyte precursor cell,28.062658651626602,within_site
Donor_401,pvalb GABAergic interneuron,M,pvalb GABAergic interneuron,32.845284647534285,within_site
Donor_401,sst GABAergic interneuron,M,sst GABAergic interneuron,26.40587938900062,within_site
Donor_402,GABAergic neuron,H,GABAergic neuron,18.978618338621786,within_site
Donor_402,L2/3 intratelencephalic projecting glutamatergic neuron,H,L2/3 intratelencephalic projecting glutamatergic neuron,11.33702682743239,within_site
Donor_402,L2/3-6 intratelencephalic projecting glutamatergic neuron,H,L2/3-6 intratelencephalic projecting glutamatergic neuron,10.208085931515871,within_site
Donor_402,L5/6 near-projecting glutamatergic neuron,H,L5/6 near-projecting glutamatergic neuron,15.326253394161334,within_site
Donor_402,L6 corticothalamic-projecting glutamatergic cortical neuron,H,L6 corticothalamic-projecting glutamatergic cortical neuron,13.020859497669676,within_site
Donor_402,L6 intratelencephalic projecting glutamatergic neuron,H,L6 intratelencephalic projecting glutamatergic neuron,11.92311329564273,within_site
Donor_402,L6b glutamatergic neuron of the primary motor cortex,H,L6b glutamatergic neuron of the primary motor cortex,10.014272804902076,within_site
Donor_402,VIP GABAergic interneuron,H,VIP GABAergic interneuron,11.920897876262362,within_site
Donor_402,astrocyte,H,astrocyte,11.992650573966458,within_site
Donor_402,endothelial cell,H,endothelial cell,18.48817383886242,within_site
Donor_402,lamp5 GABAergic interneuron,H,lamp5 GABAergic interneuron,9.750046586268931,within_site
Donor_402,microglial cell,H,microglial cell,8.68790750919898,within_site
Donor_402,oligodendrocyte,H,oligodendrocyte,6.859719427704796,within_site
Donor_402,oligodendrocyte precursor cell,H,oligodendrocyte precursor cell,5.530869909901456,within_site
Donor_402,pvalb GABAergic interneuron,H,pvalb GABAergic interneuron,7.383253943145508,within_site
Donor_402,sst GABAergic interneuron,H,sst GABAergic interneuron,14.727161371607774,within_site
Donor_415,GABAergic neuron,M,GABAergic neuron,7.9859458316553456,within_site
Donor_415,L2/3 intratelencephalic projecting glutamatergic neuron,M,L2/3 intratelencephalic projecting glutamatergic neuron,10.360480017517098,within_site
Donor_415,L2/3-6 intratelencephalic projecting glutamatergic neuron,M,L2/3-6 intratelencephalic projecting glutamatergic neuron,9.013013352622428,within_site
Donor_415,L5/6 near-projecting glutamatergic neuron,M,L5/6 near-projecting glutamatergic neuron,10.303888544034452,within_site
Donor_415,L6 corticothalamic-projecting glutamatergic cortical neuron,M,L6 corticothalamic-projecting glutamatergic cortical neuron,5.910935494451661,within_site
Donor_415,L6 intratelencephalic projecting glutamatergic neuron,M,L6 intratelencephalic projecting glutamatergic neuron,11.582072308505873,within_site
Donor_415,VIP GABAergic interneuron,M,VIP GABAergic interneuron,6.149925393264028,within_site
Donor_415,astrocyte,M,astrocyte,15.53916592522315,within_site
Donor_415,endothelial cell,M,endothelial cell,22.631411064695964,within_site
Donor_415,lamp5 GABAergic interneuron,M,lamp5 GABAergic interneuron,8.94854055310735,within_site
Donor_415,microglial cell,M,microglial cell,29.5620995630615,within_site
Donor_415,oligodendrocyte,M,oligodendrocyte,12.796175858355616,within_site
Donor_415,oligodendrocyte precursor cell,M,oligodendrocyte precursor cell,9.614435295802501,within_site
Donor_415,pvalb GABAergic interneuron,M,pvalb GABAergic interneuron,9.542759591716896,within_site
Donor_415,sst GABAergic interneuron,M,sst GABAergic interneuron,9.005287452269904,within_site
Donor_429,GABAergic neuron,M,GABAergic neuron,18.609361036574278,within_site
Donor_429,L2/3 intratelencephalic projecting glutamatergic neuron,M,L2/3 intratelencephalic projecting glutamatergic neuron,21.03179943147976,within_site
Donor_429,L2/3-6 intratelencephalic projecting glutamatergic neuron,M,L2/3-6 intratelencephalic projecting glutamatergic neuron,13.913096181561327,within_site
Donor_429,L5/6 near-projecting glutamatergic neuron,M,L5/6 near-projecting glutamatergic neuron,8.22295425188927,within_site
Donor_429,L6 corticothalamic-projecting glutamatergic cortical neuron,M,L6 corticothalamic-projecting glutamatergic cortical neuron,4.983016772064155,within_site
Donor_429,L6 intratelencephalic projecting glutamatergic neuron,M,L6 intratelencephalic projecting glutamatergic neuron,7.7415596292153985,within_site
Donor_429,L6b glutamatergic neuron of the primary motor cortex,M,L6b glutamatergic neuron of the primary motor cortex,16.655204213996537,within_site
Donor_429,VIP GABAergic interneuron,M,VIP GABAergic interneuron,8.132013813466958,within_site
Donor_429,astrocyte,M,astrocyte,24.76174973329389,within_site
Donor_429,lamp5 GABAergic interneuron,M,lamp5 GABAergic interneuron,6.503659309709658,within_site
Donor_429,microglial cell,M,microglial cell,14.663047052222351,within_site
Donor_429,oligodendrocyte,M,oligodendrocyte,12.655050429945424,within_site
Donor_429,oligodendrocyte precursor cell,M,oligodendrocyte precursor cell,30.82070755879096,within_site
Donor_429,pericyte,M,pericyte,26.04489984975849,within_site
Donor_429,pvalb GABAergic interneuron,M,pvalb GABAergic interneuron,6.711480329002092,within_site
Donor_429,sst GABAergic interneuron,M,sst GABAergic interneuron,14.368571712367997,within_site
Donor_433,L2/3 intratelencephalic projecting glutamatergic neuron,M,L2/3 intratelencephalic projecting glutamatergic neuron,50.590161123055665,within_site
Donor_433,VIP GABAergic interneuron,M,VIP GABAergic interneuron,25.923123858065118,within_site
Donor_433,astrocyte,M,astrocyte,11.503802087435744,within_site
Donor_433,microglial cell,M,microglial cell,22.298171930760983,within_site
Donor_433,oligodendrocyte,M,oligodendrocyte,17.435120202216293,within_site
Donor_433,oligodendrocyte precursor cell,M,oligodendrocyte precursor cell,10.256222487486381,within_site
Donor_456,GABAergic neuron,M,GABAergic neuron,47.77422789853741,within_site
Donor_456,L2/3 intratelencephalic projecting glutamatergic neuron,M,L2/3 intratelencephalic projecting glutamatergic neuron,42.82632203869838,within_site
Donor_456,L2/3-6 intratelencephalic projecting glutamatergic neuron,M,L2/3-6 intratelencephalic projecting glutamatergic neuron,41.14426222769687,within_site
Donor_456,L5/6 near-projecting glutamatergic neuron,M,L5/6 near-projecting glutamatergic neuron,39.95427205710254,within_site
Donor_456,L6 corticothalamic-projecting glutamatergic cortical neuron,M,L6 corticothalamic-projecting glutamatergic cortical neuron,29.6359623548481,within_site
Donor_456,L6 intratelencephalic projecting glutamatergic neuron,M,L6 intratelencephalic projecting glutamatergic neuron,33.60357706427375,within_site
Donor_456,L6b glutamatergic neuron of the primary motor cortex,M,L6b glutamatergic neuron of the primary motor cortex,34.09752745517775,within_site
Donor_456,VIP GABAergic interneuron,M,VIP GABAergic interneuron,41.8475259090093,within_site
Donor_456,astrocyte,M,astrocyte,8.83496435913154,within_site
Donor_456,endothelial cell,M,endothelial cell,20.334364133860767,within_site
Donor_456,lamp5 GABAergic interneuron,M,lamp5 GABAergic interneuron,41.51294482238584,within_site
Donor_456,microglial cell,M,microglial cell,27.49204914129227,within_site
Donor_456,oligodendrocyte,M,oligodendrocyte,31.21722519593396,within_site
Donor_456,oligodendrocyte precursor cell,M,oligodendrocyte precursor cell,34.39240409806903,within_site
Donor_456,pericyte,M,pericyte,18.417936457681986,within_site
Donor_456,pvalb GABAergic interneuron,M,pvalb GABAergic interneuron,38.46570953146028,within_site
Donor_456,sst GABAergic interneuron,M,sst GABAergic interneuron,39.15755054986087,within_site
Donor_456,vascular leptomeningeal cell,M,vascular leptomeningeal cell,22.27275213815325,within_site
Donor_462,GABAergic neuron,H,GABAergic neuron,9.541979941186332,within_site
Donor_462,L2/3 intratelencephalic projecting glutamatergic neuron,H,L2/3 intratelencephalic projecting glutamatergic neuron,15.773258742819783,within_site
Donor_462,L2/3-6 intratelencephalic projecting glutamatergic neuron,H,L2/3-6 intratelencephalic projecting glutamatergic neuron,19.58594558142552,within_site
Donor_462,L5/6 near-projecting glutamatergic neuron,H,L5/6 near-projecting glutamatergic neuron,21.51969760614556,within_site
Donor_462,L6 corticothalamic-projecting glutamatergic cortical neuron,H,L6 corticothalamic-projecting glutamatergic cortical neuron,27.646068435282974,within_site
Donor_462,L6 intratelencephalic projecting glutamatergic neuron,H,L6 intratelencephalic projecting glutamatergic neuron,19.798355392152672,within_site
Donor_462,L6b glutamatergic neuron of the primary motor cortex,H,L6b glutamatergic neuron of the primary motor cortex,39.777269176734066,within_site
Donor_462,VIP GABAergic interneuron,H,VIP GABAergic interneuron,18.082894474602867,within_site
Donor_462,astrocyte,H,astrocyte,19.464698483586332,within_site
Donor_462,endothelial cell,H,endothelial cell,34.91223297681164,within_site
Donor_462,lamp5 GABAergic interneuron,H,lamp5 GABAergic interneuron,14.326098725077498,within_site
Donor_462,microglial cell,H,microglial cell,25.861756599188485,within_site
Donor_462,oligodendrocyte,H,oligodendrocyte,25.544188973195066,within_site
Donor_462,oligodendrocyte precursor cell,H,oligodendrocyte precursor cell,14.94745385026865,within_site
Donor_462,pericyte,H,pericyte,36.15925267032434,within_site
Donor_462,pvalb GABAergic interneuron,H,pvalb GABAergic interneuron,16.394489397547026,within_site
Donor_462,smooth muscle cell,H,smooth muscle cell,70.84479168274808,within_site
Donor_462,sst GABAergic interneuron,H,sst GABAergic interneuron,19.56192218698764,within_site
Donor_462,vascular leptomeningeal cell,H,vascular leptomeningeal cell,44.30763499038222,within_site
Donor_468,L2/3 intratelencephalic projecting glutamatergic neuron,M,L2/3 intratelencephalic projecting glutamatergic neuron,21.569550577024994,within_site
Donor_468,L2/3-6 intratelencephalic projecting glutamatergic neuron,M,L2/3-6 intratelencephalic projecting glutamatergic neuron,12.057889027372772,within_site
Donor_468,VIP GABAergic interneuron,M,VIP GABAergic interneuron,16.65093546746547,within_site
Donor_468,astrocyte,M,astrocyte,25.943051466204555,within_site
Donor_468,microglial cell,M,microglial cell,21.1159905206447,within_site
Donor_468,oligodendrocyte,M,oligodendrocyte,16.59969144773057,within_site
Donor_468,oligodendrocyte precursor cell,M,oligodendrocyte precursor cell,23.791367297605575,within_site
Donor_468,sst GABAergic interneuron,M,sst GABAergic interneuron,31.117948197774215,within_site
Donor_472,GABAergic neuron,H,GABAergic neuron,22.681405797448505,within_site
Donor_472,L2/3 intratelencephalic projecting glutamatergic neuron,H,L2/3 intratelencephalic projecting glutamatergic neuron,17.70368514588557,within_site
Donor_472,L2/3-6 intratelencephalic projecting glutamatergic neuron,H,L2/3-6 intratelencephalic projecting glutamatergic neuron,16.45024052465057,within_site
Donor_472,L5/6 near-projecting glutamatergic neuron,H,L5/6 near-projecting glutamatergic neuron,22.18703267410462,within_site
Donor_472,L6 corticothalamic-projecting glutamatergic cortical neuron,H,L6 corticothalamic-projecting glutamatergic cortical neuron,23.413212813036136,within_site
Donor_472,L6 intratelencephalic projecting glutamatergic neuron,H,L6 intratelencephalic projecting glutamatergic neuron,18.700237858260657,within_site
Donor_472,L6b glutamatergic neuron of the primary motor cortex,H,L6b glutamatergic neuron of the primary motor cortex,16.564048417493336,within_site
Donor_472,VIP GABAergic interneuron,H,VIP GABAergic interneuron,16.67258028706394,within_site
Donor_472,astrocyte,H,astrocyte,19.561749055621412,within_site
Donor_472,endothelial cell,H,endothelial cell,38.97187359630505,within_site
Donor_472,lamp5 GABAergic interneuron,H,lamp5 GABAergic interneuron,18.66112500505057,within_site
Donor_472,microglial cell,H,microglial cell,23.579711795265844,within_site
Donor_472,oligodendrocyte,H,oligodendrocyte,22.25602267534017,within_site
Donor_472,oligodendrocyte precursor cell,H,oligodendrocyte precursor cell,15.844496961673283,within_site
Donor_472,pericyte,H,pericyte,40.68837978487456,within_site
Donor_472,pvalb GABAergic interneuron,H,pvalb GABAergic interneuron,18.424728940503,within_site
Donor_472,sst GABAergic interneuron,H,sst GABAergic interneuron,21.10433400428201,within_site
Donor_483,L2/3 intratelencephalic projecting glutamatergic neuron,M,L2/3 intratelencephalic projecting glutamatergic neuron,31.802658212821935,within_site
Donor_483,L2/3-6 intratelencephalic projecting glutamatergic neuron,M,L2/3-6 intratelencephalic projecting glutamatergic neuron,31.4294015783053,within_site
Donor_483,L5/6 near-projecting glutamatergic neuron,M,L5/6 near-projecting glutamatergic neuron,33.784582661305976,within_site
Donor_483,L6 corticothalamic-projecting glutamatergic cortical neuron,M,L6 corticothalamic-projecting glutamatergic cortical neuron,34.87284303634535,within_site
Donor_483,L6 intratelencephalic projecting glutamatergic neuron,M,L6 intratelencephalic projecting glutamatergic neuron,35.33193251355737,within_site
Donor_483,L6b glutamatergic neuron of the primary motor cortex,M,L6b glutamatergic neuron of the primary motor cortex,47.02893144703965,within_site
Donor_483,VIP GABAergic interneuron,M,VIP GABAergic interneuron,40.828128335491904,within_site
Donor_483,astrocyte,M,astrocyte,23.408363603199007,within_site
Donor_483,endothelial cell,M,endothelial cell,16.635967620125708,within_site
Donor_483,lamp5 GABAergic interneuron,M,lamp5 GABAergic interneuron,36.372040572676845,within_site
Donor_483,microglial cell,M,microglial cell,12.352933434476872,within_site
Donor_483,oligodendrocyte,M,oligodendrocyte,16.79054089376372,within_site
Donor_483,oligodendrocyte precursor cell,M,oligodendrocyte precursor cell,18.87433605511249,within_site
Donor_483,pericyte,M,pericyte,20.88744835997677,within_site
Donor_483,pvalb GABAergic interneuron,M,pvalb GABAergic interneuron,33.04025101035557,within_site
Donor_483,sst GABAergic interneuron,M,sst GABAergic interneuron,32.06059173004121,within_site
Donor_486,GABAergic neuron,M,GABAergic neuron,31.789400929744147,within_site
Donor_486,L2/3 intratelencephalic projecting glutamatergic neuron,M,L2/3 intratelencephalic projecting glutamatergic neuron,26.396800369944017,within_site
Donor_486,L2/3-6 intratelencephalic projecting glutamatergic neuron,M,L2/3-6 intratelencephalic projecting glutamatergic neuron,23.301844852964916,within_site
Donor_486,L6 corticothalamic-projecting glutamatergic cortical neuron,M,L6 corticothalamic-projecting glutamatergic cortical neuron,18.441623739618787,within_site
Donor_486,L6 intratelencephalic projecting glutamatergic neuron,M,L6 intratelencephalic projecting glutamatergic neuron,17.793118049399663,within_site
Donor_486,L6b glutamatergic neuron of the primary motor cortex,M,L6b glutamatergic neuron of the primary motor cortex,22.00270206962623,within_site
Donor_486,VIP GABAergic interneuron,M,VIP GABAergic interneuron,29.630665859948014,within_site
Donor_486,astrocyte,M,astrocyte,22.51805217994955,within_site
Donor_486,endothelial cell,M,endothelial cell,14.275741511791574,within_site
Donor_486,lamp5 GABAergic interneuron,M,lamp5 GABAergic interneuron,27.54890240021504,within_site
Donor_486,microglial cell,M,microglial cell,38.24181034131138,within_site
Donor_486,oligodendrocyte,M,oligodendrocyte,15.078719420682184,within_site
Donor_486,oligodendrocyte precursor cell,M,oligodendrocyte precursor cell,21.222062015679413,within_site
Donor_486,perivascular macrophage,M,perivascular macrophage,59.17824941380328,within_site
Donor_486,pvalb GABAergic interneuron,M,pvalb GABAergic interneuron,28.568589933129253,within_site
Donor_486,sst GABAergic interneuron,M,sst GABAergic interneuron,30.595015492612603,within_site
Donor_494,GABAergic neuron,H,GABAergic neuron,10.059346352589115,within_site
Donor_494,L2/3 intratelencephalic projecting glutamatergic neuron,H,L2/3 intratelencephalic projecting glutamatergic neuron,12.82633946950854,within_site
Donor_494,L2/3-6 intratelencephalic projecting glutamatergic neuron,H,L2/3-6 intratelencephalic projecting glutamatergic neuron,13.322624730119301,within_site
Donor_494,L5/6 near-projecting glutamatergic neuron,H,L5/6 near-projecting glutamatergic neuron,11.20370730501917,within_site
Donor_494,L6 corticothalamic-projecting glutamatergic cortical neuron,H,L6 corticothalamic-projecting glutamatergic cortical neuron,13.308815293993137,within_site
Donor_494,L6 intratelencephalic projecting glutamatergic neuron,H,L6 intratelencephalic projecting glutamatergic neuron,8.798937175435984,within_site
Donor_494,L6b glutamatergic neuron of the primary motor cortex,H,L6b glutamatergic neuron of the primary motor cortex,12.711144722888411,within_site
Donor_494,VIP GABAergic interneuron,H,VIP GABAergic interneuron,9.733678091226945,within_site
Donor_494,astrocyte,H,astrocyte,13.124466343759241,within_site
Donor_494,endothelial cell,H,endothelial cell,36.726542642496476,within_site
Donor_494,lamp5 GABAergic interneuron,H,lamp5 GABAergic interneuron,8.689187650193979,within_site
Donor_494,microglial cell,H,microglial cell,17.693080965703153,within_site
Donor_494,oligodendrocyte,H,oligodendrocyte,10.166428840003848,within_site
Donor_494,oligodendrocyte precursor cell,H,oligodendrocyte precursor cell,9.629042265128518,within_site
Donor_494,pericyte,H,pericyte,33.32861869506095,within_site
Donor_494,perivascular macrophage,H,perivascular macrophage,47.013921016261584,within_site
Donor_494,pvalb GABAergic interneuron,H,pvalb GABAergic interneuron,4.384444273892186,within_site
Donor_494,sst GABAergic interneuron,H,sst GABAergic interneuron,7.567987669798142,within_site
Donor_494,vascular leptomeningeal cell,H,vascular leptomeningeal cell,37.68587213134773,within_site
Donor_498,L2/3 intratelencephalic projecting glutamatergic neuron,M,L2/3 intratelencephalic projecting glutamatergic neuron,12.803260809942163,within_site
Donor_498,L2/3-6 intratelencephalic projecting glutamatergic neuron,M,L2/3-6 intratelencephalic projecting glutamatergic neuron,15.215762735582254,within_site
Donor_498,L6 intratelencephalic projecting glutamatergic neuron,M,L6 intratelencephalic projecting glutamatergic neuron,13.169675834139044,within_site
Donor_498,VIP GABAergic interneuron,M,VIP GABAergic interneuron,15.154588784934154,within_site
Donor_498,astrocyte,M,astrocyte,16.48622094924951,within_site
Donor_498,lamp5 GABAergic interneuron,M,lamp5 GABAergic interneuron,17.41926980281938,within_site
Donor_498,microglial cell,M,microglial cell,39.788032710202316,within_site
Donor_498,oligodendrocyte,M,oligodendrocyte,13.181449018644269,within_site
Donor_498,oligodendrocyte precursor cell,M,oligodendrocyte precursor cell,13.471946947335748,within_site
Donor_498,pvalb GABAergic interneuron,M,pvalb GABAergic interneuron,18.20409489302109,within_site
Donor_498,sst GABAergic interneuron,M,sst GABAergic interneuron,16.18893231652016,within_site
Donor_508,L2/3 intratelencephalic projecting glutamatergic neuron,H,L2/3 intratelencephalic projecting glutamatergic neuron,11.472804825625456,within_site
Donor_508,L2/3-6 intratelencephalic projecting glutamatergic neuron,H,L2/3-6 intratelencephalic projecting glutamatergic neuron,9.972137643197042,within_site
Donor_508,L5/6 near-projecting glutamatergic neuron,H,L5/6 near-projecting glutamatergic neuron,16.739662357768307,within_site
Donor_508,L6 corticothalamic-projecting glutamatergic cortical neuron,H,L6 corticothalamic-projecting glutamatergic cortical neuron,13.099975875181459,within_site
Donor_508,L6 intratelencephalic projecting glutamatergic neuron,H,L6 intratelencephalic projecting glutamatergic neuron,10.474264107089637,within_site
Donor_508,L6b glutamatergic neuron of the primary motor cortex,H,L6b glutamatergic neuron of the primary motor cortex,10.87007535336361,within_site
Donor_508,VIP GABAergic interneuron,H,VIP GABAergic interneuron,8.71631576824243,within_site
Donor_508,astrocyte,H,astrocyte,13.14341688083768,within_site
Donor_508,lamp5 GABAergic interneuron,H,lamp5 GABAergic interneuron,10.026737223808652,within_site
Donor_508,microglial cell,H,microglial cell,32.35048418248543,within_site
Donor_508,oligodendrocyte,H,oligodendrocyte,9.76397937313299,within_site
Donor_508,oligodendrocyte precursor cell,H,oligodendrocyte precursor cell,9.3898057167838,within_site
Donor_508,pvalb GABAergic interneuron,H,pvalb GABAergic interneuron,8.933425404523682,within_site
Donor_508,sst GABAergic interneuron,H,sst GABAergic interneuron,4.814503517177218,within_site
Donor_512,astrocyte,M,astrocyte,27.779866939851523,within_site
Donor_512,microglial cell,M,microglial cell,43.23160575473329,within_site
Donor_512,oligodendrocyte,M,oligodendrocyte,36.8116619203878,within_site
Donor_512,oligodendrocyte precursor cell,M,oligodendrocyte precursor cell,60.67650980599785,within_site
Donor_514,GABAergic neuron,H,GABAergic neuron,20.580224182473263,within_site
Donor_514,L2/3 intratelencephalic projecting glutamatergic neuron,H,L2/3 intratelencephalic projecting glutamatergic neuron,31.809048520514235,within_site
Donor_514,L2/3-6 intratelencephalic projecting glutamatergic neuron,H,L2/3-6 intratelencephalic projecting glutamatergic neuron,30.065306061690173,within_site
Donor_514,VIP GABAergic interneuron,H,VIP GABAergic interneuron,28.4745796172107,within_site
Donor_514,astrocyte,H,astrocyte,19.120075008786092,within_site
Donor_514,endothelial cell,H,endothelial cell,32.43632181285171,within_site
Donor_514,lamp5 GABAergic interneuron,H,lamp5 GABAergic interneuron,26.20308348744239,within_site
Donor_514,microglial cell,H,microglial cell,15.773765337895728,within_site
Donor_514,oligodendrocyte,H,oligodendrocyte,15.070238257599428,within_site
Donor_514,oligodendrocyte precursor cell,H,oligodendrocyte precursor cell,14.142665077800135,within_site
Donor_514,pericyte,H,pericyte,25.876199321462575,within_site
Donor_514,pvalb GABAergic interneuron,H,pvalb GABAergic interneuron,27.636171370479573,within_site
Donor_514,sst GABAergic interneuron,H,sst GABAergic interneuron,28.9394727572172,within_site
Donor_514,vascular leptomeningeal cell,H,vascular leptomeningeal cell,22.080239800276733,within_site
Donor_52,GABAergic neuron,H,GABAergic neuron,4.407370442933564,within_site
Donor_52,L2/3 intratelencephalic projecting glutamatergic neuron,H,L2/3 intratelencephalic projecting glutamatergic neuron,7.785149554944798,within_site
Donor_52,L2/3-6 intratelencephalic projecting glutamatergic neuron,H,L2/3-6 intratelencephalic projecting glutamatergic neuron,5.741286740671529,within_site
Donor_52,L5/6 near-projecting glutamatergic neuron,H,L5/6 near-projecting glutamatergic neuron,6.192626800383309,within_site
Donor_52,L6 corticothalamic-projecting glutamatergic cortical neuron,H,L6 corticothalamic-projecting glutamatergic cortical neuron,13.17245053382245,within_site
Donor_52,L6 intratelencephalic projecting glutamatergic neuron,H,L6 intratelencephalic projecting glutamatergic neuron,4.530170224335185,within_site
Donor_52,L6b glutamatergic neuron of the primary motor cortex,H,L6b glutamatergic neuron of the primary motor cortex,5.605519820868073,within_site
Donor_52,VIP GABAergic interneuron,H,VIP GABAergic interneuron,4.720808527038624,within_site
Donor_52,astrocyte,H,astrocyte,9.524784501111284,within_site
Donor_52,endothelial cell,H,endothelial cell,16.451221306464173,within_site
Donor_52,lamp5 GABAergic interneuron,H,lamp5 GABAergic interneuron,5.540980037288466,within_site
Donor_52,microglial cell,H,microglial cell,22.1026299778663,within_site
Donor_52,oligodendrocyte,H,oligodendrocyte,18.415932668204352,within_site
Donor_52,oligodendrocyte precursor cell,H,oligodendrocyte precursor cell,8.12784551172818,within_site
Donor_52,pericyte,H,pericyte,15.493227183073413,within_site
Donor_52,pvalb GABAergic interneuron,H,pvalb GABAergic interneuron,4.3617721995546,within_site
Donor_52,sst GABAergic interneuron,H,sst GABAergic interneuron,9.522285987507669,within_site
Donor_521,GABAergic neuron,M,GABAergic neuron,23.272097524755804,within_site
Donor_521,L2/3 intratelencephalic projecting glutamatergic neuron,M,L2/3 intratelencephalic projecting glutamatergic neuron,24.361193014043323,within_site
Donor_521,L2/3-6 intratelencephalic projecting glutamatergic neuron,M,L2/3-6 intratelencephalic projecting glutamatergic neuron,30.173338111480202,within_site
Donor_521,VIP GABAergic interneuron,M,VIP GABAergic interneuron,18.749593995071674,within_site
Donor_521,astrocyte,M,astrocyte,12.138679286188296,within_site
Donor_521,lamp5 GABAergic interneuron,M,lamp5 GABAergic interneuron,28.393598168185097,within_site
Donor_521,microglial cell,M,microglial cell,18.261332800950477,within_site
Donor_521,oligodendrocyte,M,oligodendrocyte,20.92161948523511,within_site
Donor_521,oligodendrocyte precursor cell,M,oligodendrocyte precursor cell,8.817531520844646,within_site
Donor_521,pericyte,M,pericyte,19.818603543834133,within_site
Donor_521,pvalb GABAergic interneuron,M,pvalb GABAergic interneuron,29.278613108917263,within_site
Donor_521,sst GABAergic interneuron,M,sst GABAergic interneuron,20.963581463884335,within_site
Donor_521,vascular leptomeningeal cell,M,vascular leptomeningeal cell,28.109216450030427,within_site
Donor_523,GABAergic neuron,H,GABAergic neuron,23.959540934079932,within_site
Donor_523,L2/3 intratelencephalic projecting glutamatergic neuron,H,L2/3 intratelencephalic projecting glutamatergic neuron,31.626436965027665,within_site
Donor_523,L2/3-6 intratelencephalic projecting glutamatergic neuron,H,L2/3-6 intratelencephalic projecting glutamatergic neuron,31.931937013963683,within_site
Donor_523,L5/6 near-projecting glutamatergic neuron,H,L5/6 near-projecting glutamatergic neuron,27.105558034819424,within_site
Donor_523,L6 corticothalamic-projecting glutamatergic cortical neuron,H,L6 corticothalamic-projecting glutamatergic cortical neuron,24.364666142694382,within_site
Donor_523,L6 intratelencephalic projecting glutamatergic neuron,H,L6 intratelencephalic projecting glutamatergic neuron,23.366079476198237,within_site
Donor_523,L6b glutamatergic neuron of the primary motor cortex,H,L6b glutamatergic neuron of the primary motor cortex,27.4112122780968,within_site
Donor_523,VIP GABAergic interneuron,H,VIP GABAergic interneuron,32.14042654563851,within_site
Donor_523,astrocyte,H,astrocyte,18.953598362197212,within_site
Donor_523,endothelial cell,H,endothelial cell,34.376130918012336,within_site
Donor_523,lamp5 GABAergic interneuron,H,lamp5 GABAergic interneuron,33.12469939559635,within_site
Donor_523,microglial cell,H,microglial cell,16.66977082734512,within_site
Donor_523,oligodendrocyte,H,oligodendrocyte,21.21197244852121,within_site
Donor_523,oligodendrocyte precursor cell,H,oligodendrocyte precursor cell,21.70240202630198,within_site
Donor_523,pericyte,H,pericyte,12.670362878317139,within_site
Donor_523,pvalb GABAergic interneuron,H,pvalb GABAergic interneuron,28.918079682377915,within_site
Donor_523,sst GABAergic interneuron,H,sst GABAergic interneuron,27.575196234955357,within_site
Donor_537,GABAergic neuron,H,GABAergic neuron,8.49689883808722,within_site
Donor_537,L2/3 intratelencephalic projecting glutamatergic neuron,H,L2/3 intratelencephalic projecting glutamatergic neuron,30.29444152598556,within_site
Donor_537,L2/3-6 intratelencephalic projecting glutamatergic neuron,H,L2/3-6 intratelencephalic projecting glutamatergic neuron,30.708154313048627,within_site
Donor_537,L6 corticothalamic-projecting glutamatergic cortical neuron,H,L6 corticothalamic-projecting glutamatergic cortical neuron,13.936861771159071,within_site
Donor_537,VIP GABAergic interneuron,H,VIP GABAergic interneuron,20.51781852841151,within_site
Donor_537,astrocyte,H,astrocyte,19.11993511023295,within_site
Donor_537,endothelial cell,H,endothelial cell,26.17290398070763,within_site
Donor_537,lamp5 GABAergic interneuron,H,lamp5 GABAergic interneuron,7.783239248213623,within_site
Donor_537,microglial cell,H,microglial cell,27.71204810114271,within_site
Donor_537,oligodendrocyte,H,oligodendrocyte,25.16424672096299,within_site
Donor_537,oligodendrocyte precursor cell,H,oligodendrocyte precursor cell,26.17497755346829,within_site
Donor_537,pericyte,H,pericyte,18.674628359600884,within_site
Donor_537,pvalb GABAergic interneuron,H,pvalb GABAergic interneuron,19.42925303034295,within_site
Donor_537,sst GABAergic interneuron,H,sst GABAergic interneuron,13.825955309869451,within_site
Donor_544,GABAergic neuron,M,GABAergic neuron,7.238371443719278,within_site
Donor_544,L2/3 intratelencephalic projecting glutamatergic neuron,M,L2/3 intratelencephalic projecting glutamatergic neuron,6.3594685142453855,within_site
Donor_544,L2/3-6 intratelencephalic projecting glutamatergic neuron,M,L2/3-6 intratelencephalic projecting glutamatergic neuron,17.96030211160975,within_site
Donor_544,L5/6 near-projecting glutamatergic neuron,M,L5/6 near-projecting glutamatergic neuron,17.733166391401888,within_site
Donor_544,L6 corticothalamic-projecting glutamatergic cortical neuron,M,L6 corticothalamic-projecting glutamatergic cortical neuron,7.478242729139267,within_site
Donor_544,L6 intratelencephalic projecting glutamatergic neuron,M,L6 intratelencephalic projecting glutamatergic neuron,8.289388947598795,within_site
Donor_544,L6b glutamatergic neuron of the primary motor cortex,M,L6b glutamatergic neuron of the primary motor cortex,12.708697737971113,within_site
Donor_544,VIP GABAergic interneuron,M,VIP GABAergic interneuron,15.660638796760955,within_site
Donor_544,astrocyte,M,astrocyte,21.308363357464554,within_site
Donor_544,lamp5 GABAergic interneuron,M,lamp5 GABAergic interneuron,8.411643017282776,within_site
Donor_544,microglial cell,M,microglial cell,12.591184857175422,within_site
Donor_544,oligodendrocyte,M,oligodendrocyte,8.766734576430727,within_site
Donor_544,oligodendrocyte precursor cell,M,oligodendrocyte precursor cell,23.52024913587361,within_site
Donor_544,pvalb GABAergic interneuron,M,pvalb GABAergic interneuron,6.631322037664189,within_site
Donor_544,sst GABAergic interneuron,M,sst GABAergic interneuron,7.387198708545754,within_site
Donor_563,GABAergic neuron,H,GABAergic neuron,14.417163612320275,within_site
Donor_563,L2/3 intratelencephalic projecting glutamatergic neuron,H,L2/3 intratelencephalic projecting glutamatergic neuron,12.372878303068754,within_site
Donor_563,L2/3-6 intratelencephalic projecting glutamatergic neuron,H,L2/3-6 intratelencephalic projecting glutamatergic neuron,14.538070908941174,within_site
Donor_563,L5/6 near-projecting glutamatergic neuron,H,L5/6 near-projecting glutamatergic neuron,9.995177939513283,within_site
Donor_563,L6 corticothalamic-projecting glutamatergic cortical neuron,H,L6 corticothalamic-projecting glutamatergic cortical neuron,17.074803494286098,within_site
Donor_563,L6 intratelencephalic projecting glutamatergic neuron,H,L6 intratelencephalic projecting glutamatergic neuron,11.174739371562916,within_site
Donor_563,L6b glutamatergic neuron of the primary motor cortex,H,L6b glutamatergic neuron of the primary motor cortex,10.285641734575625,within_site
Donor_563,VIP GABAergic interneuron,H,VIP GABAergic interneuron,17.560494457694634,within_site
Donor_563,astrocyte,H,astrocyte,12.93238314059677,within_site
Donor_563,endothelial cell,H,endothelial cell,17.48300454520201,within_site
Donor_563,lamp5 GABAergic interneuron,H,lamp5 GABAergic interneuron,13.903553192432524,within_site
Donor_563,microglial cell,H,microglial cell,14.077512161292296,within_site
Donor_563,oligodendrocyte,H,oligodendrocyte,14.880041769104414,within_site
Donor_563,oligodendrocyte precursor cell,H,oligodendrocyte precursor cell,16.541494219321198,within_site
Donor_563,pericyte,H,pericyte,33.47042077901352,within_site
Donor_563,pvalb GABAergic interneuron,H,pvalb GABAergic interneuron,13.24778238576218,within_site
Donor_563,sst GABAergic interneuron,H,sst GABAergic interneuron,9.2270636900913,within_site
Donor_565,GABAergic neuron,M,GABAergic neuron,7.376096490368985,within_site
Donor_565,L2/3 intratelencephalic projecting glutamatergic neuron,M,L2/3 intratelencephalic projecting glutamatergic neuron,28.757639393285135,within_site
Donor_565,L2/3-6 intratelencephalic projecting glutamatergic neuron,M,L2/3-6 intratelencephalic projecting glutamatergic neuron,22.239875379805422,within_site
Donor_565,L5/6 near-projecting glutamatergic neuron,M,L5/6 near-projecting glutamatergic neuron,15.88492369072234,within_site
Donor_565,L6 corticothalamic-projecting glutamatergic cortical neuron,M,L6 corticothalamic-projecting glutamatergic cortical neuron,16.90666532711823,within_site
Donor_565,L6 intratelencephalic projecting glutamatergic neuron,M,L6 intratelencephalic projecting glutamatergic neuron,22.459572226715803,within_site
Donor_565,L6b glutamatergic neuron of the primary motor cortex,M,L6b glutamatergic neuron of the primary motor cortex,19.26608909903635,within_site
Donor_565,VIP GABAergic interneuron,M,VIP GABAergic interneuron,22.478317654707926,within_site
Donor_565,astrocyte,M,astrocyte,10.520082492542464,within_site
Donor_565,endothelial cell,M,endothelial cell,47.386244853726375,within_site
Donor_565,lamp5 GABAergic interneuron,M,lamp5 GABAergic interneuron,24.03953784597069,within_site
Donor_565,microglial cell,M,microglial cell,22.129840059940094,within_site
Donor_565,oligodendrocyte,M,oligodendrocyte,15.929588418201245,within_site
Donor_565,oligodendrocyte precursor cell,M,oligodendrocyte precursor cell,16.13562439322651,within_site
Donor_565,pvalb GABAergic interneuron,M,pvalb GABAergic interneuron,26.37444844262688,within_site
Donor_565,sst GABAergic interneuron,M,sst GABAergic interneuron,25.09951898466847,within_site
Donor_591,L2/3 intratelencephalic projecting glutamatergic neuron,M,L2/3 intratelencephalic projecting glutamatergic neuron,17.481093756285897,within_site
Donor_591,astrocyte,M,astrocyte,18.90345563862809,within_site
Donor_591,microglial cell,M,microglial cell,35.41366760555124,within_site
Donor_591,oligodendrocyte,M,oligodendrocyte,12.75993343393352,within_site
Donor_591,oligodendrocyte precursor cell,M,oligodendrocyte precursor cell,28.453851035205847,within_site
Donor_591,sst GABAergic interneuron,M,sst GABAergic interneuron,18.425776616099608,within_site
Donor_61,GABAergic neuron,M,GABAergic neuron,20.240809451151826,within_site
Donor_61,L2/3 intratelencephalic projecting glutamatergic neuron,M,L2/3 intratelencephalic projecting glutamatergic neuron,11.675493141708674,within_site
Donor_61,L2/3-6 intratelencephalic projecting glutamatergic neuron,M,L2/3-6 intratelencephalic projecting glutamatergic neuron,9.86814940741175,within_site
Donor_61,L6 corticothalamic-projecting glutamatergic cortical neuron,M,L6 corticothalamic-projecting glutamatergic cortical neuron,13.382002575367435,within_site
Donor_61,L6 intratelencephalic projecting glutamatergic neuron,M,L6 intratelencephalic projecting glutamatergic neuron,15.745236755320816,within_site
Donor_61,VIP GABAergic interneuron,M,VIP GABAergic interneuron,9.546722923264422,within_site
Donor_61,astrocyte,M,astrocyte,22.134134175310393,within_site
Donor_61,lamp5 GABAergic interneuron,M,lamp5 GABAergic interneuron,15.159454869978328,within_site
Donor_61,microglial cell,M,microglial cell,23.88730949072625,within_site
Donor_61,oligodendrocyte,M,oligodendrocyte,18.160836782801017,within_site
Donor_61,oligodendrocyte precursor cell,M,oligodendrocyte precursor cell,16.942156021986346,within_site
Donor_61,pvalb GABAergic interneuron,M,pvalb GABAergic interneuron,11.73568816016012,within_site
Donor_61,sst GABAergic interneuron,M,sst GABAergic interneuron,11.148290296870579,within_site
Donor_611,GABAergic neuron,H,GABAergic neuron,18.106999411610268,within_site
Donor_611,L2/3 intratelencephalic projecting glutamatergic neuron,H,L2/3 intratelencephalic projecting glutamatergic neuron,14.173901996938804,within_site
Donor_611,L2/3-6 intratelencephalic projecting glutamatergic neuron,H,L2/3-6 intratelencephalic projecting glutamatergic neuron,20.371010389393597,within_site
Donor_611,L5/6 near-projecting glutamatergic neuron,H,L5/6 near-projecting glutamatergic neuron,17.52210515406924,within_site
Donor_611,VIP GABAergic interneuron,H,VIP GABAergic interneuron,18.39096888188265,within_site
Donor_611,astrocyte,H,astrocyte,17.341320372525196,within_site
Donor_611,endothelial cell,H,endothelial cell,15.861504510013843,within_site
Donor_611,lamp5 GABAergic interneuron,H,lamp5 GABAergic interneuron,17.192322554479507,within_site
Donor_611,microglial cell,H,microglial cell,17.583110219340522,within_site
Donor_611,oligodendrocyte,H,oligodendrocyte,21.194059841293832,within_site
Donor_611,oligodendrocyte precursor cell,H,oligodendrocyte precursor cell,18.68272209042154,within_site
Donor_611,pericyte,H,pericyte,30.54381653585672,within_site
Donor_611,pvalb GABAergic interneuron,H,pvalb GABAergic interneuron,16.88966720411245,within_site
Donor_611,smooth muscle cell,H,smooth muscle cell,51.52217612740528,within_site
Donor_611,sst GABAergic interneuron,H,sst GABAergic interneuron,12.06187649551252,within_site
Donor_611,vascular leptomeningeal cell,H,vascular leptomeningeal cell,21.20077946559148,within_site
Donor_625,L2/3 intratelencephalic projecting glutamatergic neuron,M,L2/3 intratelencephalic projecting glutamatergic neuron,35.761530574274666,within_site
Donor_625,L2/3-6 intratelencephalic projecting glutamatergic neuron,M,L2/3-6 intratelencephalic projecting glutamatergic neuron,36.08745392072587,within_site
Donor_625,VIP GABAergic interneuron,M,VIP GABAergic interneuron,64.38326367935973,within_site
Donor_625,astrocyte,M,astrocyte,22.450766092796457,within_site
Donor_625,microglial cell,M,microglial cell,41.45095588681333,within_site
Donor_625,oligodendrocyte,M,oligodendrocyte,20.447525900033302,within_site
Donor_625,oligodendrocyte precursor cell,M,oligodendrocyte precursor cell,57.50561166407554,within_site
Donor_625,pvalb GABAergic interneuron,M,pvalb GABAergic interneuron,50.55576450332493,within_site
Donor_627,GABAergic neuron,M,GABAergic neuron,42.81901073332895,within_site
Donor_627,L2/3 intratelencephalic projecting glutamatergic neuron,M,L2/3 intratelencephalic projecting glutamatergic neuron,46.727489405993055,within_site
Donor_627,L2/3-6 intratelencephalic projecting glutamatergic neuron,M,L2/3-6 intratelencephalic projecting glutamatergic neuron,44.01518697996735,within_site
Donor_627,L5/6 near-projecting glutamatergic neuron,M,L5/6 near-projecting glutamatergic neuron,31.369211623819112,within_site
Donor_627,L6 corticothalamic-projecting glutamatergic cortical neuron,M,L6 corticothalamic-projecting glutamatergic cortical neuron,45.61358894542166,within_site
Donor_627,L6 intratelencephalic projecting glutamatergic neuron,M,L6 intratelencephalic projecting glutamatergic neuron,37.350679112324556,within_site
Donor_627,VIP GABAergic interneuron,M,VIP GABAergic interneuron,46.71156079888927,within_site
Donor_627,astrocyte,M,astrocyte,43.03724560800487,within_site
Donor_627,endothelial cell,M,endothelial cell,26.129387166061814,within_site
Donor_627,lamp5 GABAergic interneuron,M,lamp5 GABAergic interneuron,43.692982981702954,within_site
Donor_627,microglial cell,M,microglial cell,31.311341992705806,within_site
Donor_627,oligodendrocyte,M,oligodendrocyte,33.87573984333632,within_site
Donor_627,oligodendrocyte precursor cell,M,oligodendrocyte precursor cell,43.34525315889627,within_site
Donor_627,pericyte,M,pericyte,46.69237893796501,within_site
Donor_627,pvalb GABAergic interneuron,M,pvalb GABAergic interneuron,48.504127130318345,within_site
Donor_627,sst GABAergic interneuron,M,sst GABAergic interneuron,38.425802503049056,within_site
Donor_628,GABAergic neuron,H,GABAergic neuron,62.28749311677167,within_site
Donor_628,L2/3 intratelencephalic projecting glutamatergic neuron,H,L2/3 intratelencephalic projecting glutamatergic neuron,69.37042721379763,within_site
Donor_628,L2/3-6 intratelencephalic projecting glutamatergic neuron,H,L2/3-6 intratelencephalic projecting glutamatergic neuron,60.76717863486611,within_site
Donor_628,VIP GABAergic interneuron,H,VIP GABAergic interneuron,55.78887994928397,within_site
Donor_628,astrocyte,H,astrocyte,15.826859157665371,within_site
Donor_628,lamp5 GABAergic interneuron,H,lamp5 GABAergic interneuron,63.72943263204266,within_site
Donor_628,microglial cell,H,perivascular macrophage,92.8737971043039,within_site
Donor_628,oligodendrocyte,H,oligodendrocyte,47.254057462831035,within_site
Donor_628,oligodendrocyte precursor cell,H,oligodendrocyte precursor cell,29.734265929149206,within_site
Donor_628,pvalb GABAergic interneuron,H,pvalb GABAergic interneuron,67.32238276154452,within_site
Donor_632,GABAergic neuron,H,GABAergic neuron,20.248738513901568,within_site
Donor_632,L2/3 intratelencephalic projecting glutamatergic neuron,H,L2/3 intratelencephalic projecting glutamatergic neuron,23.49115964902745,within_site
Donor_632,VIP GABAergic interneuron,H,VIP GABAergic interneuron,10.385557706797599,within_site
Donor_632,astrocyte,H,astrocyte,15.430963776032502,within_site
Donor_632,lamp5 GABAergic interneuron,H,lamp5 GABAergic interneuron,10.845724764592054,within_site
Donor_632,microglial cell,H,microglial cell,17.399349970578175,within_site
Donor_632,oligodendrocyte,H,oligodendrocyte,11.40921840998396,within_site
Donor_632,oligodendrocyte precursor cell,H,oligodendrocyte precursor cell,15.027143742843247,within_site
Donor_632,pvalb GABAergic interneuron,H,pvalb GABAergic interneuron,10.68421178880809,within_site
Donor_632,sst GABAergic interneuron,H,sst GABAergic interneuron,15.712653046187896,within_site
Donor_637,GABAergic neuron,M,GABAergic neuron,10.282786401846735,within_site
Donor_637,L2/3 intratelencephalic projecting glutamatergic neuron,M,L2/3 intratelencephalic projecting glutamatergic neuron,8.683914237213475,within_site
Donor_637,L2/3-6 intratelencephalic projecting glutamatergic neuron,M,L2/3-6 intratelencephalic projecting glutamatergic neuron,10.810376205491675,within_site
Donor_637,L5/6 near-projecting glutamatergic neuron,M,L5/6 near-projecting glutamatergic neuron,13.069439154731914,within_site
Donor_637,L6 corticothalamic-projecting glutamatergic cortical neuron,M,L6 corticothalamic-projecting glutamatergic cortical neuron,7.806094714364496,within_site
Donor_637,L6 intratelencephalic projecting glutamatergic neuron,M,L6 intratelencephalic projecting glutamatergic neuron,7.8211917309122985,within_site
Donor_637,L6b glutamatergic neuron of the primary motor cortex,M,L6b glutamatergic neuron of the primary motor cortex,9.612115487965548,within_site
Donor_637,VIP GABAergic interneuron,M,VIP GABAergic interneuron,5.451460385067362,within_site
Donor_637,astrocyte,M,astrocyte,23.013330330978714,within_site
Donor_637,endothelial cell,M,endothelial cell,18.22166814219346,within_site
Donor_637,lamp5 GABAergic interneuron,M,lamp5 GABAergic interneuron,12.494444459565301,within_site
Donor_637,microglial cell,M,microglial cell,14.170152613568664,within_site
Donor_637,oligodendrocyte,M,oligodendrocyte,15.220608615283197,within_site
Donor_637,oligodendrocyte precursor cell,M,oligodendrocyte precursor cell,24.102145385801755,within_site
Donor_637,pericyte,M,pericyte,23.249432694291222,within_site
Donor_637,pvalb GABAergic interneuron,M,pvalb GABAergic interneuron,5.306989271882891,within_site
Donor_637,sst GABAergic interneuron,M,sst GABAergic interneuron,5.466241945252597,within_site
Donor_640,L2/3 intratelencephalic projecting glutamatergic neuron,M,L2/3 intratelencephalic projecting glutamatergic neuron,40.008753722373825,within_site
Donor_640,L2/3-6 intratelencephalic projecting glutamatergic neuron,M,L2/3-6 intratelencephalic projecting glutamatergic neuron,42.6054548703949,within_site
Donor_640,VIP GABAergic interneuron,M,VIP GABAergic interneuron,37.30199702901834,within_site
Donor_640,astrocyte,M,astrocyte,22.97542808399963,within_site
Donor_640,microglial cell,M,microglial cell,37.807727137177466,within_site
Donor_640,oligodendrocyte,M,oligodendrocyte,31.650363613638454,within_site
Donor_640,oligodendrocyte precursor cell,M,oligodendrocyte precursor cell,42.357087123557505,within_site
Donor_640,pvalb GABAergic interneuron,M,pvalb GABAergic interneuron,45.90321795298982,within_site
Donor_640,sst GABAergic interneuron,M,sst GABAergic interneuron,30.323675182382818,within_site
Donor_646,GABAergic neuron,H,GABAergic neuron,24.477111587509096,within_site
Donor_646,L2/3 intratelencephalic projecting glutamatergic neuron,H,L2/3 intratelencephalic projecting glutamatergic neuron,16.936613011804003,within_site
Donor_646,L2/3-6 intratelencephalic projecting glutamatergic neuron,H,L2/3-6 intratelencephalic projecting glutamatergic neuron,30.160724643061013,within_site
Donor_646,L6 corticothalamic-projecting glutamatergic cortical neuron,H,L6 corticothalamic-projecting glutamatergic cortical neuron,30.170740509742433,within_site
Donor_646,L6 intratelencephalic projecting glutamatergic neuron,H,L6 intratelencephalic projecting glutamatergic neuron,38.33934007488454,within_site
Donor_646,VIP GABAergic interneuron,H,VIP GABAergic interneuron,24.8779964432575,within_site
Donor_646,astrocyte,H,astrocyte,13.69659602916084,within_site
Donor_646,endothelial cell,H,endothelial cell,12.248792601959009,within_site
Donor_646,lamp5 GABAergic interneuron,H,lamp5 GABAergic interneuron,28.490234289907004,within_site
Donor_646,microglial cell,H,microglial cell,14.567690426237421,within_site
Donor_646,oligodendrocyte,H,oligodendrocyte,16.74781819318378,within_site
Donor_646,oligodendrocyte precursor cell,H,oligodendrocyte precursor cell,21.98930398325736,within_site
Donor_646,pericyte,H,pericyte,20.1175245788841,within_site
Donor_646,pvalb GABAergic interneuron,H,pvalb GABAergic interneuron,27.93621858290106,within_site
Donor_646,sst GABAergic interneuron,H,sst GABAergic interneuron,21.146545052379068,within_site
Donor_65,GABAergic neuron,M,GABAergic neuron,9.339131327482962,within_site
Donor_65,L2/3 intratelencephalic projecting glutamatergic neuron,M,L2/3 intratelencephalic projecting glutamatergic neuron,24.6002642019153,within_site
Donor_65,L2/3-6 intratelencephalic projecting glutamatergic neuron,M,L2/3-6 intratelencephalic projecting glutamatergic neuron,17.650975319624617,within_site
Donor_65,L6 corticothalamic-projecting glutamatergic cortical neuron,M,L6 corticothalamic-projecting glutamatergic cortical neuron,9.664013726142226,within_site
Donor_65,L6 intratelencephalic projecting glutamatergic neuron,M,L6 intratelencephalic projecting glutamatergic neuron,15.021745979499734,within_site
Donor_65,L6b glutamatergic neuron of the primary motor cortex,M,L6b glutamatergic neuron of the primary motor cortex,12.479715298864901,within_site
Donor_65,VIP GABAergic interneuron,M,VIP GABAergic interneuron,16.23230577376574,within_site
Donor_65,astrocyte,M,astrocyte,30.366447429022408,within_site
Donor_65,lamp5 GABAergic interneuron,M,lamp5 GABAergic interneuron,19.9754128526941,within_site
Donor_65,microglial cell,M,microglial cell,16.496509723134967,within_site
Donor_65,oligodendrocyte,M,oligodendrocyte,10.748748794917033,within_site
Donor_65,oligodendrocyte precursor cell,M,oligodendrocyte precursor cell,6.85010861098904,within_site
Donor_65,pvalb GABAergic interneuron,M,pvalb GABAergic interneuron,22.88807244876426,within_site
Donor_65,sst GABAergic interneuron,M,sst GABAergic interneuron,19.950875707604826,within_site
Donor_650,L2/3 intratelencephalic projecting glutamatergic neuron,H,L2/3 intratelencephalic projecting glutamatergic neuron,29.525201588146707,within_site
Donor_650,L2/3-6 intratelencephalic projecting glutamatergic neuron,H,L2/3-6 intratelencephalic projecting glutamatergic neuron,25.308696618414924,within_site
Donor_650,L6 corticothalamic-projecting glutamatergic cortical neuron,H,L6 corticothalamic-projecting glutamatergic cortical neuron,17.652157839705435,within_site
Donor_650,L6 intratelencephalic projecting glutamatergic neuron,H,L6 intratelencephalic projecting glutamatergic neuron,20.838655513192492,within_site
Donor_650,L6b glutamatergic neuron of the primary motor cortex,H,L6b glutamatergic neuron of the primary motor cortex,22.613766717524648,within_site
Donor_650,VIP GABAergic interneuron,H,VIP GABAergic interneuron,14.841412197333721,within_site
Donor_650,astrocyte,H,astrocyte,16.229205421837943,within_site
Donor_650,endothelial cell,H,endothelial cell,18.343612683208992,within_site
Donor_650,lamp5 GABAergic interneuron,H,lamp5 GABAergic interneuron,15.174974769307134,within_site
Donor_650,microglial cell,H,microglial cell,20.404580929276626,within_site
Donor_650,oligodendrocyte,H,oligodendrocyte,20.62431509498864,within_site
Donor_650,oligodendrocyte precursor cell,H,oligodendrocyte precursor cell,21.40847416828841,within_site
Donor_650,pericyte,H,pericyte,12.743087279248282,within_site
Donor_650,pvalb GABAergic interneuron,H,pvalb GABAergic interneuron,24.913556292395807,within_site
Donor_650,sst GABAergic interneuron,H,sst GABAergic interneuron,11.856700490334259,within_site
Donor_651,L2/3 intratelencephalic projecting glutamatergic neuron,M,L2/3 intratelencephalic projecting glutamatergic neuron,85.3031305609371,within_site
Donor_651,L2/3-6 intratelencephalic projecting glutamatergic neuron,M,L2/3-6 intratelencephalic projecting glutamatergic neuron,70.47245869665008,within_site
Donor_651,VIP GABAergic interneuron,M,VIP GABAergic interneuron,25.603089664891378,within_site
Donor_651,astrocyte,M,astrocyte,11.83870496212671,within_site
Donor_651,endothelial cell,M,endothelial cell,25.338968056074126,within_site
Donor_651,lamp5 GABAergic interneuron,M,lamp5 GABAergic interneuron,40.16137370097731,within_site
Donor_651,microglial cell,M,microglial cell,30.529673295811367,within_site
Donor_651,oligodendrocyte,M,oligodendrocyte,12.449327354419335,within_site
Donor_651,oligodendrocyte precursor cell,M,oligodendrocyte precursor cell,32.11810426300873,within_site
Donor_651,pericyte,M,pericyte,23.878819201979837,within_site
Donor_651,pvalb GABAergic interneuron,M,pvalb GABAergic interneuron,100.89415519352161,within_site
Donor_663,GABAergic neuron,M,GABAergic neuron,13.096046436941169,within_site
Donor_663,L2/3 intratelencephalic projecting glutamatergic neuron,M,L2/3 intratelencephalic projecting glutamatergic neuron,8.263733877807647,within_site
Donor_663,L2/3-6 intratelencephalic projecting glutamatergic neuron,M,L2/3-6 intratelencephalic projecting glutamatergic neuron,12.04940791940359,within_site
Donor_663,VIP GABAergic interneuron,M,VIP GABAergic interneuron,8.558686940703005,within_site
Donor_663,astrocyte,M,astrocyte,13.345395406015802,within_site
Donor_663,endothelial cell,M,endothelial cell,59.844074730047616,within_site
Donor_663,lamp5 GABAergic interneuron,M,lamp5 GABAergic interneuron,13.551586200810554,within_site
Donor_663,microglial cell,M,microglial cell,32.09179665942151,within_site
Donor_663,oligodendrocyte,M,oligodendrocyte,12.102994930557776,within_site
Donor_663,oligodendrocyte precursor cell,M,oligodendrocyte precursor cell,8.69345224149104,within_site
Donor_663,pericyte,M,pericyte,34.440330887899385,within_site
Donor_663,perivascular macrophage,M,perivascular macrophage,70.82572470602058,within_site
Donor_663,pvalb GABAergic interneuron,M,pvalb GABAergic interneuron,8.489517730647492,within_site
Donor_663,smooth muscle cell,M,smooth muscle cell,63.40065188639541,within_site
Donor_663,sst GABAergic interneuron,M,sst GABAergic interneuron,6.65466645024543,within_site
Donor_663,vascular leptomeningeal cell,M,vascular leptomeningeal cell,53.62926847364922,within_site
Donor_666,GABAergic neuron,H,GABAergic neuron,45.778790081509854,within_site
Donor_666,L2/3 intratelencephalic projecting glutamatergic neuron,H,L2/3 intratelencephalic projecting glutamatergic neuron,39.337161562695314,within_site
Donor_666,L2/3-6 intratelencephalic projecting glutamatergic neuron,H,L2/3-6 intratelencephalic projecting glutamatergic neuron,35.30627022705746,within_site
Donor_666,L5/6 near-projecting glutamatergic neuron,H,L5/6 near-projecting glutamatergic neuron,30.512072864750312,within_site
Donor_666,L6 corticothalamic-projecting glutamatergic cortical neuron,H,L6 corticothalamic-projecting glutamatergic cortical neuron,38.230108955177066,within_site
Donor_666,L6 intratelencephalic projecting glutamatergic neuron,H,L6 intratelencephalic projecting glutamatergic neuron,34.23099124802693,within_site
Donor_666,VIP GABAergic interneuron,H,VIP GABAergic interneuron,41.30866315321579,within_site
Donor_666,astrocyte,H,astrocyte,36.66624576482126,within_site
Donor_666,endothelial cell,H,endothelial cell,32.77625733424779,within_site
Donor_666,lamp5 GABAergic interneuron,H,lamp5 GABAergic interneuron,37.663686522163225,within_site
Donor_666,microglial cell,H,microglial cell,26.065933315045054,within_site
Donor_666,oligodendrocyte,H,oligodendrocyte,41.39614869454968,within_site
Donor_666,oligodendrocyte precursor cell,H,oligodendrocyte precursor cell,39.35060787916144,within_site
Donor_666,pericyte,H,pericyte,41.72349568317261,within_site
Donor_666,perivascular macrophage,H,perivascular macrophage,27.870757012989223,within_site
Donor_666,pvalb GABAergic interneuron,H,pvalb GABAergic interneuron,36.29287833667853,within_site
Donor_666,sst GABAergic interneuron,H,sst GABAergic interneuron,31.30118744653155,within_site
Donor_666,vascular leptomeningeal cell,H,vascular leptomeningeal cell,25.349425147348803,within_site
Donor_668,L2/3 intratelencephalic projecting glutamatergic neuron,H,L2/3 intratelencephalic projecting glutamatergic neuron,6.535833300590588,within_site
Donor_668,L2/3-6 intratelencephalic projecting glutamatergic neuron,H,L2/3-6 intratelencephalic projecting glutamatergic neuron,20.839995131943162,within_site
Donor_668,L5/6 near-projecting glutamatergic neuron,H,L5/6 near-projecting glutamatergic neuron,13.36548818048053,within_site
Donor_668,L6 corticothalamic-projecting glutamatergic cortical neuron,H,L6 corticothalamic-projecting glutamatergic cortical neuron,14.231855572008879,within_site
Donor_668,L6 intratelencephalic projecting glutamatergic neuron,H,L6 intratelencephalic projecting glutamatergic neuron,16.137813443744943,within_site
Donor_668,L6b glutamatergic neuron of the primary motor cortex,H,L6b glutamatergic neuron of the primary motor cortex,16.57533928254335,within_site
Donor_668,VIP GABAergic interneuron,H,VIP GABAergic interneuron,9.76260839218622,within_site
Donor_668,astrocyte,H,astrocyte,7.416448842080547,within_site
Donor_668,endothelial cell,H,endothelial cell,36.944179240340326,within_site
Donor_668,lamp5 GABAergic interneuron,H,lamp5 GABAergic interneuron,13.676787033027358,within_site
Donor_668,microglial cell,H,microglial cell,12.536607794152792,within_site
Donor_668,oligodendrocyte,H,oligodendrocyte,20.41733614857923,within_site
Donor_668,oligodendrocyte precursor cell,H,oligodendrocyte precursor cell,6.301831202764725,within_site
Donor_668,pericyte,H,pericyte,36.75117461787877,within_site
Donor_668,pvalb GABAergic interneuron,H,pvalb GABAergic interneuron,7.566813941148697,within_site
Donor_668,sst GABAergic interneuron,H,sst GABAergic interneuron,11.346388486675897,within_site
Donor_672,GABAergic neuron,H,GABAergic neuron,53.28770510072461,within_site
Donor_672,L2/3 intratelencephalic projecting glutamatergic neuron,H,L2/3 intratelencephalic projecting glutamatergic neuron,44.61410038026227,within_site
Donor_672,L2/3-6 intratelencephalic projecting glutamatergic neuron,H,L2/3-6 intratelencephalic projecting glutamatergic neuron,32.09762248593501,within_site
Donor_672,L5/6 near-projecting glutamatergic neuron,H,L5/6 near-projecting glutamatergic neuron,46.30474029784904,within_site
Donor_672,L6 corticothalamic-projecting glutamatergic cortical neuron,H,L6 corticothalamic-projecting glutamatergic cortical neuron,34.44820548379389,within_site
Donor_672,L6 intratelencephalic projecting glutamatergic neuron,H,L6 intratelencephalic projecting glutamatergic neuron,36.03232612712601,within_site
Donor_672,L6b glutamatergic neuron of the primary motor cortex,H,L6b glutamatergic neuron of the primary motor cortex,40.549050031798316,within_site
Donor_672,VIP GABAergic interneuron,H,VIP GABAergic interneuron,42.48640384951427,within_site
Donor_672,astrocyte,H,astrocyte,44.304063889776415,within_site
Donor_672,endothelial cell,H,endothelial cell,37.9468267356929,within_site
Donor_672,lamp5 GABAergic interneuron,H,lamp5 GABAergic interneuron,51.030775560366784,within_site
Donor_672,microglial cell,H,microglial cell,35.59440820716644,within_site
Donor_672,oligodendrocyte,H,oligodendrocyte,25.051217838463437,within_site
Donor_672,oligodendrocyte precursor cell,H,oligodendrocyte precursor cell,19.29169452065174,within_site
Donor_672,pericyte,H,pericyte,30.359466359091844,within_site
Donor_672,pvalb GABAergic interneuron,H,pvalb GABAergic interneuron,48.57141125506074,within_site
Donor_672,sst GABAergic interneuron,H,sst GABAergic interneuron,36.934645296423106,within_site
Donor_675,GABAergic neuron,H,GABAergic neuron,17.72236113637191,within_site
Donor_675,L2/3 intratelencephalic projecting glutamatergic neuron,H,L2/3 intratelencephalic projecting glutamatergic neuron,23.91249447528311,within_site
Donor_675,L2/3-6 intratelencephalic projecting glutamatergic neuron,H,L2/3-6 intratelencephalic projecting glutamatergic neuron,19.376645676365627,within_site
Donor_675,L5/6 near-projecting glutamatergic neuron,H,L5/6 near-projecting glutamatergic neuron,23.71844144555875,within_site
Donor_675,L6 corticothalamic-projecting glutamatergic cortical neuron,H,L6 corticothalamic-projecting glutamatergic cortical neuron,14.322625947982072,within_site
Donor_675,L6 intratelencephalic projecting glutamatergic neuron,H,L6 intratelencephalic projecting glutamatergic neuron,19.164239826496875,within_site
Donor_675,L6b glutamatergic neuron of the primary motor cortex,H,L6b glutamatergic neuron of the primary motor cortex,21.695566447806964,within_site
Donor_675,VIP GABAergic interneuron,H,VIP GABAergic interneuron,21.73476440388576,within_site
Donor_675,astrocyte,H,astrocyte,24.869403520251588,within_site
Donor_675,endothelial cell,H,endothelial cell,21.616581744094283,within_site
Donor_675,lamp5 GABAergic interneuron,H,lamp5 GABAergic interneuron,16.04314185683183,within_site
Donor_675,microglial cell,H,microglial cell,37.78415283498952,within_site
Donor_675,oligodendrocyte,H,oligodendrocyte,23.645962223744604,within_site
Donor_675,oligodendrocyte precursor cell,H,oligodendrocyte precursor cell,25.262439495969062,within_site
Donor_675,pericyte,H,pericyte,13.664257339651122,within_site
Donor_675,pvalb GABAergic interneuron,H,pvalb GABAergic interneuron,23.13319445336339,within_site
Donor_675,sst GABAergic interneuron,H,sst GABAergic interneuron,8.618416608230678,within_site
Donor_675,vascular leptomeningeal cell,H,vascular leptomeningeal cell,31.48208901724143,within_site
Donor_676,GABAergic neuron,M,GABAergic neuron,20.787378244188226,within_site
Donor_676,L2/3 intratelencephalic projecting glutamatergic neuron,M,L2/3 intratelencephalic projecting glutamatergic neuron,23.885216528986383,within_site
Donor_676,L2/3-6 intratelencephalic projecting glutamatergic neuron,M,L2/3-6 intratelencephalic projecting glutamatergic neuron,34.93431087694286,within_site
Donor_676,L6 corticothalamic-projecting glutamatergic cortical neuron,M,L6 corticothalamic-projecting glutamatergic cortical neuron,25.77390044172682,within_site
Donor_676,VIP GABAergic interneuron,M,VIP GABAergic interneuron,22.649648271709733,within_site
Donor_676,astrocyte,M,astrocyte,13.82419945101725,within_site
Donor_676,endothelial cell,M,endothelial cell,14.688861425165088,within_site
Donor_676,microglial cell,M,microglial cell,10.243462397564926,within_site
Donor_676,oligodendrocyte,M,oligodendrocyte,7.543815587655302,within_site
Donor_676,oligodendrocyte precursor cell,M,oligodendrocyte precursor cell,15.051061603078344,within_site
Donor_676,pericyte,M,pericyte,18.58932364863957,within_site
Donor_676,pvalb GABAergic interneuron,M,pvalb GABAergic interneuron,27.517599705785116,within_site
Donor_676,sst GABAergic interneuron,M,sst GABAergic interneuron,23.206084326950634,within_site
Donor_680,GABAergic neuron,M,GABAergic neuron,30.806767345042253,within_site
Donor_680,L2/3 intratelencephalic projecting glutamatergic neuron,M,L2/3 intratelencephalic projecting glutamatergic neuron,25.607645016433626,within_site
Donor_680,L2/3-6 intratelencephalic projecting glutamatergic neuron,M,L2/3-6 intratelencephalic projecting glutamatergic neuron,18.693592792423956,within_site
Donor_680,L6 corticothalamic-projecting glutamatergic cortical neuron,M,L6 corticothalamic-projecting glutamatergic cortical neuron,17.866558505399034,within_site
Donor_680,VIP GABAergic interneuron,M,VIP GABAergic interneuron,26.036560629546976,within_site
Donor_680,astrocyte,M,astrocyte,25.86260371048558,within_site
Donor_680,lamp5 GABAergic interneuron,M,lamp5 GABAergic interneuron,29.302890573338388,within_site
Donor_680,microglial cell,M,microglial cell,34.05204981301448,within_site
Donor_680,oligodendrocyte,M,oligodendrocyte,10.341564417410032,within_site
Donor_680,oligodendrocyte precursor cell,M,oligodendrocyte precursor cell,18.23355871317797,within_site
Donor_680,pericyte,M,pericyte,12.743445264699943,within_site
Donor_680,pvalb GABAergic interneuron,M,pvalb GABAergic interneuron,27.974369362262053,within_site
Donor_680,sst GABAergic interneuron,M,sst GABAergic interneuron,24.206005445335876,within_site
Donor_684,L2/3-6 intratelencephalic projecting glutamatergic neuron,M,L2/3-6 intratelencephalic projecting glutamatergic neuron,18.318868371100088,within_site
Donor_684,VIP GABAergic interneuron,M,VIP GABAergic interneuron,48.09082391239563,within_site
Donor_684,astrocyte,M,astrocyte,10.685352606501452,within_site
Donor_684,microglial cell,M,microglial cell,10.55825232542951,within_site
Donor_684,oligodendrocyte,M,oligodendrocyte,32.31783666659381,within_site
Donor_684,oligodendrocyte precursor cell,M,oligodendrocyte precursor cell,8.405573179343111,within_site
Donor_684,sst GABAergic interneuron,M,sst GABAergic interneuron,24.075465790762912,within_site
Donor_691,L2/3-6 intratelencephalic projecting glutamatergic neuron,H,L2/3-6 intratelencephalic projecting glutamatergic neuron,11.463175465017706,within_site
Donor_691,L6 corticothalamic-projecting glutamatergic cortical neuron,H,L6 corticothalamic-projecting glutamatergic cortical neuron,11.297313178106007,within_site
Donor_691,L6 intratelencephalic projecting glutamatergic neuron,H,L6 intratelencephalic projecting glutamatergic neuron,12.865183729013834,within_site
Donor_691,L6b glutamatergic neuron of the primary motor cortex,H,L6b glutamatergic neuron of the primary motor cortex,15.317584422691864,within_site
Donor_691,astrocyte,H,astrocyte,15.48313783308553,within_site
Donor_691,microglial cell,H,microglial cell,19.49987148704487,within_site
Donor_691,oligodendrocyte,H,oligodendrocyte,15.475014502681917,within_site
Donor_691,oligodendrocyte precursor cell,H,oligodendrocyte precursor cell,21.11495832586289,within_site
Donor_691,sst GABAergic interneuron,H,sst GABAergic interneuron,14.783827902941393,within_site
Donor_693,GABAergic neuron,H,GABAergic neuron,49.502805186912546,within_site
Donor_693,L2/3 intratelencephalic projecting glutamatergic neuron,H,L2/3 intratelencephalic projecting glutamatergic neuron,37.81871963171528,within_site
Donor_693,L2/3-6 intratelencephalic projecting glutamatergic neuron,H,L2/3-6 intratelencephalic projecting glutamatergic neuron,48.70575909248796,within_site
Donor_693,VIP GABAergic interneuron,H,VIP GABAergic interneuron,40.096661034877215,within_site
Donor_693,astrocyte,H,astrocyte,15.733200951790007,within_site
Donor_693,lamp5 GABAergic interneuron,H,lamp5 GABAergic interneuron,52.98148219011441,within_site
Donor_693,oligodendrocyte,H,oligodendrocyte,43.51630963079325,within_site
Donor_693,oligodendrocyte precursor cell,H,oligodendrocyte precursor cell,15.574974433660541,within_site
Donor_696,GABAergic neuron,H,GABAergic neuron,19.870301200729717,within_site
Donor_696,L2/3 intratelencephalic projecting glutamatergic neuron,H,L2/3 intratelencephalic projecting glutamatergic neuron,16.556160216056636,within_site
Donor_696,L2/3-6 intratelencephalic projecting glutamatergic neuron,H,L2/3-6 intratelencephalic projecting glutamatergic neuron,24.40701914295645,within_site
Donor_696,VIP GABAergic interneuron,H,VIP GABAergic interneuron,14.811570280835538,within_site
Donor_696,astrocyte,H,astrocyte,19.547565222120742,within_site
Donor_696,endothelial cell,H,endothelial cell,19.061101734826543,within_site
Donor_696,lamp5 GABAergic interneuron,H,lamp5 GABAergic interneuron,21.307898033218724,within_site
Donor_696,microglial cell,H,microglial cell,18.88003713883199,within_site
Donor_696,oligodendrocyte,H,oligodendrocyte,23.462169013002637,within_site
Donor_696,oligodendrocyte precursor cell,H,oligodendrocyte precursor cell,24.019642970766117,within_site
Donor_696,pericyte,H,pericyte,28.488973655618825,within_site
Donor_696,pvalb GABAergic interneuron,H,pvalb GABAergic interneuron,24.11176892367837,within_site
Donor_696,sst GABAergic interneuron,H,sst GABAergic interneuron,10.37048651314221,within_site
Donor_696,vascular leptomeningeal cell,H,vascular leptomeningeal cell,33.78830768988311,within_site
Donor_697,GABAergic neuron,M,GABAergic neuron,28.372010033812415,within_site
Donor_697,L2/3 intratelencephalic projecting glutamatergic neuron,M,L2/3 intratelencephalic projecting glutamatergic neuron,33.964747346862985,within_site
Donor_697,L2/3-6 intratelencephalic projecting glutamatergic neuron,M,L2/3-6 intratelencephalic projecting glutamatergic neuron,32.374427060855325,within_site
Donor_697,L6 corticothalamic-projecting glutamatergic cortical neuron,M,L6 corticothalamic-projecting glutamatergic cortical neuron,16.060857593346245,within_site
Donor_697,L6 intratelencephalic projecting glutamatergic neuron,M,L6 intratelencephalic projecting glutamatergic neuron,24.205494963762817,within_site
Donor_697,L6b glutamatergic neuron of the primary motor cortex,M,L6b glutamatergic neuron of the primary motor cortex,18.553001549648815,within_site
Donor_697,VIP GABAergic interneuron,M,VIP GABAergic interneuron,28.255431542234028,within_site
Donor_697,astrocyte,M,astrocyte,27.109782282284723,within_site
Donor_697,endothelial cell,M,endothelial cell,22.861426227828844,within_site
Donor_697,lamp5 GABAergic interneuron,M,lamp5 GABAergic interneuron,25.858489648522788,within_site
Donor_697,microglial cell,M,microglial cell,30.2543120999901,within_site
Donor_697,oligodendrocyte,M,oligodendrocyte,42.09139256808438,within_site
Donor_697,oligodendrocyte precursor cell,M,oligodendrocyte precursor cell,33.77908779976409,within_site
Donor_697,pericyte,M,pericyte,26.22253355174098,within_site
Donor_697,pvalb GABAergic interneuron,M,pvalb GABAergic interneuron,31.31226076833782,within_site
Donor_697,sst GABAergic interneuron,M,sst GABAergic interneuron,10.896542669607767,within_site
Donor_698,GABAergic neuron,M,GABAergic neuron,15.579274781183354,within_site
Donor_698,L2/3 intratelencephalic projecting glutamatergic neuron,M,L2/3 intratelencephalic projecting glutamatergic neuron,25.43181159403556,within_site
Donor_698,L2/3-6 intratelencephalic projecting glutamatergic neuron,M,L2/3-6 intratelencephalic projecting glutamatergic neuron,39.72288997747332,within_site
Donor_698,VIP GABAergic interneuron,M,VIP GABAergic interneuron,19.087314069461065,within_site
Donor_698,astrocyte,M,astrocyte,13.310407856242495,within_site
Donor_698,lamp5 GABAergic interneuron,M,lamp5 GABAergic interneuron,32.49611536644263,within_site
Donor_698,microglial cell,M,microglial cell,20.31124472434055,within_site
Donor_698,oligodendrocyte,M,oligodendrocyte,11.312748449356212,within_site
Donor_698,oligodendrocyte precursor cell,M,oligodendrocyte precursor cell,12.030524738608154,within_site
Donor_698,pvalb GABAergic interneuron,M,pvalb GABAergic interneuron,37.954197501385465,within_site
Donor_698,sst GABAergic interneuron,M,sst GABAergic interneuron,27.07182555051064,within_site
Donor_698,vascular leptomeningeal cell,M,vascular leptomeningeal cell,23.8228846311533,within_site
Donor_715,L2/3 intratelencephalic projecting glutamatergic neuron,H,L2/3 intratelencephalic projecting glutamatergic neuron,27.910983742159356,within_site
Donor_715,L2/3-6 intratelencephalic projecting glutamatergic neuron,H,L2/3-6 intratelencephalic projecting glutamatergic neuron,19.208672184486293,within_site
Donor_715,L5/6 near-projecting glutamatergic neuron,H,L5/6 near-projecting glutamatergic neuron,13.556205392276548,within_site
Donor_715,L6 corticothalamic-projecting glutamatergic cortical neuron,H,L6 corticothalamic-projecting glutamatergic cortical neuron,15.899447984901201,within_site
Donor_715,L6 intratelencephalic projecting glutamatergic neuron,H,L6 intratelencephalic projecting glutamatergic neuron,18.08733501164581,within_site
Donor_715,L6b glutamatergic neuron of the primary motor cortex,H,L6b glutamatergic neuron of the primary motor cortex,15.935051466675562,within_site
Donor_715,VIP GABAergic interneuron,H,VIP GABAergic interneuron,17.563484190823967,within_site
Donor_715,astrocyte,H,astrocyte,10.089940954339404,within_site
Donor_715,endothelial cell,H,endothelial cell,30.362111687133908,within_site
Donor_715,lamp5 GABAergic interneuron,H,lamp5 GABAergic interneuron,13.835843121252658,within_site
Donor_715,microglial cell,H,microglial cell,10.912116586488317,within_site
Donor_715,oligodendrocyte,H,oligodendrocyte,6.226115009058055,within_site
Donor_715,oligodendrocyte precursor cell,H,oligodendrocyte precursor cell,5.855398538624577,within_site
Donor_715,pericyte,H,pericyte,9.826014389129567,within_site
Donor_715,pvalb GABAergic interneuron,H,pvalb GABAergic interneuron,13.811436098617225,within_site
Donor_715,sst GABAergic interneuron,H,sst GABAergic interneuron,16.91501565673206,within_site
Donor_718,GABAergic neuron,M,GABAergic neuron,27.66682372295275,within_site
Donor_718,L2/3 intratelencephalic projecting glutamatergic neuron,M,L2/3 intratelencephalic projecting glutamatergic neuron,23.69672710146751,within_site
Donor_718,L2/3-6 intratelencephalic projecting glutamatergic neuron,M,L2/3-6 intratelencephalic projecting glutamatergic neuron,14.48569720072879,within_site
Donor_718,L5/6 near-projecting glutamatergic neuron,M,L5/6 near-projecting glutamatergic neuron,22.852825441593318,within_site
Donor_718,L6 corticothalamic-projecting glutamatergic cortical neuron,M,L6 corticothalamic-projecting glutamatergic cortical neuron,22.036771707098826,within_site
Donor_718,L6 intratelencephalic projecting glutamatergic neuron,M,L6 intratelencephalic projecting glutamatergic neuron,19.62116583800509,within_site
Donor_718,VIP GABAergic interneuron,M,VIP GABAergic interneuron,18.596630093217406,within_site
Donor_718,astrocyte,M,astrocyte,30.419525770039517,within_site
Donor_718,endothelial cell,M,endothelial cell,36.588134939170274,within_site
Donor_718,lamp5 GABAergic interneuron,M,lamp5 GABAergic interneuron,19.207535253573628,within_site
Donor_718,microglial cell,M,perivascular macrophage,93.72459054052945,within_site
Donor_718,oligodendrocyte,M,oligodendrocyte,15.123170622390175,within_site
Donor_718,oligodendrocyte precursor cell,M,oligodendrocyte precursor cell,33.146521291268755,within_site
Donor_718,pvalb GABAergic interneuron,M,pvalb GABAergic interneuron,20.736627468899986,within_site
Donor_718,sst GABAergic interneuron,M,sst GABAergic interneuron,17.24299720643926,within_site
Donor_72,GABAergic neuron,M,GABAergic neuron,20.69213249535092,within_site
Donor_72,L2/3 intratelencephalic projecting glutamatergic neuron,M,L2/3 intratelencephalic projecting glutamatergic neuron,17.725018728209864,within_site
Donor_72,L2/3-6 intratelencephalic projecting glutamatergic neuron,M,L2/3-6 intratelencephalic projecting glutamatergic neuron,15.04698076454812,within_site
Donor_72,L6 corticothalamic-projecting glutamatergic cortical neuron,M,L6 corticothalamic-projecting glutamatergic cortical neuron,18.41862744555607,within_site
Donor_72,L6 intratelencephalic projecting glutamatergic neuron,M,L6 intratelencephalic projecting glutamatergic neuron,18.149627240254862,within_site
Donor_72,L6b glutamatergic neuron of the primary motor cortex,M,L6b glutamatergic neuron of the primary motor cortex,24.790300944724734,within_site
Donor_72,VIP GABAergic interneuron,M,VIP GABAergic interneuron,13.193367254039531,within_site
Donor_72,astrocyte,M,astrocyte,10.76095086765322,within_site
Donor_72,lamp5 GABAergic interneuron,M,lamp5 GABAergic interneuron,17.671412643640487,within_site
Donor_72,microglial cell,M,microglial cell,13.60993349857007,within_site
Donor_72,oligodendrocyte,M,oligodendrocyte,11.647168647618273,within_site
Donor_72,oligodendrocyte precursor cell,M,oligodendrocyte precursor cell,12.140403864594628,within_site
Donor_72,pvalb GABAergic interneuron,M,pvalb GABAergic interneuron,16.087519354832743,within_site
Donor_72,sst GABAergic interneuron,M,sst GABAergic interneuron,16.738002200925507,within_site
Donor_727,L2/3 intratelencephalic projecting glutamatergic neuron,H,L2/3 intratelencephalic projecting glutamatergic neuron,26.05163635976666,within_site
Donor_727,L2/3-6 intratelencephalic projecting glutamatergic neuron,H,L2/3-6 intratelencephalic projecting glutamatergic neuron,13.168338081229727,within_site
Donor_727,L5/6 near-projecting glutamatergic neuron,H,L5/6 near-projecting glutamatergic neuron,16.290668775502965,within_site
Donor_727,L6 corticothalamic-projecting glutamatergic cortical neuron,H,L6 corticothalamic-projecting glutamatergic cortical neuron,16.52316937358648,within_site
Donor_727,L6 intratelencephalic projecting glutamatergic neuron,H,L6 intratelencephalic projecting glutamatergic neuron,16.040770775058924,within_site
Donor_727,L6b glutamatergic neuron of the primary motor cortex,H,L6b glutamatergic neuron of the primary motor cortex,12.44910520917388,within_site
Donor_727,VIP GABAergic interneuron,H,VIP GABAergic interneuron,11.109332424382304,within_site
Donor_727,astrocyte,H,astrocyte,32.29693439689276,within_site
Donor_727,endothelial cell,H,endothelial cell,31.609831510597342,within_site
Donor_727,lamp5 GABAergic interneuron,H,lamp5 GABAergic interneuron,10.117080649927631,within_site
Donor_727,microglial cell,H,microglial cell,35.78536273301141,within_site
Donor_727,oligodendrocyte,H,oligodendrocyte,23.98202593980377,within_site
Donor_727,oligodendrocyte precursor cell,H,oligodendrocyte precursor cell,19.338768945901457,within_site
Donor_727,pericyte,H,pericyte,12.169025740611037,within_site
Donor_727,pvalb GABAergic interneuron,H,pvalb GABAergic interneuron,11.924981077531852,within_site
Donor_727,sst GABAergic interneuron,H,sst GABAergic interneuron,19.44419476273428,within_site
Donor_737,GABAergic neuron,H,GABAergic neuron,10.994418371936531,within_site
Donor_737,L2/3 intratelencephalic projecting glutamatergic neuron,H,L2/3 intratelencephalic projecting glutamatergic neuron,5.270482301686653,within_site
Donor_737,L2/3-6 intratelencephalic projecting glutamatergic neuron,H,L2/3-6 intratelencephalic projecting glutamatergic neuron,8.802950335080121,within_site
Donor_737,L5/6 near-projecting glutamatergic neuron,H,L5/6 near-projecting glutamatergic neuron,5.9685691811631685,within_site
Donor_737,L6 corticothalamic-projecting glutamatergic cortical neuron,H,L6 corticothalamic-projecting glutamatergic cortical neuron,12.106005821543777,within_site
Donor_737,L6 intratelencephalic projecting glutamatergic neuron,H,L6 intratelencephalic projecting glutamatergic neuron,6.745317921998613,within_site
Donor_737,L6b glutamatergic neuron of the primary motor cortex,H,L6b glutamatergic neuron of the primary motor cortex,8.520489472271501,within_site
Donor_737,VIP GABAergic interneuron,H,VIP GABAergic interneuron,9.05675857761206,within_site
Donor_737,astrocyte,H,astrocyte,20.387413572027253,within_site
Donor_737,endothelial cell,H,endothelial cell,36.997408177663836,within_site
Donor_737,lamp5 GABAergic interneuron,H,lamp5 GABAergic interneuron,11.546268654147356,within_site
Donor_737,microglial cell,H,microglial cell,27.072994917982964,within_site
Donor_737,oligodendrocyte,H,oligodendrocyte,12.742290868759701,within_site
Donor_737,oligodendrocyte precursor cell,H,oligodendrocyte precursor cell,10.902811442003644,within_site
Donor_737,pericyte,H,pericyte,37.9638290817547,within_site
Donor_737,perivascular macrophage,H,perivascular macrophage,45.9437920526311,within_site
Donor_737,pvalb GABAergic interneuron,H,pvalb GABAergic interneuron,6.407956565244392,within_site
Donor_737,sst GABAergic interneuron,H,sst GABAergic interneuron,13.966027731617917,within_site
Donor_738,L2/3 intratelencephalic projecting glutamatergic neuron,M,L2/3 intratelencephalic projecting glutamatergic neuron,42.96916192485642,within_site
Donor_738,L2/3-6 intratelencephalic projecting glutamatergic neuron,M,L2/3-6 intratelencephalic projecting glutamatergic neuron,40.97855736804783,within_site
Donor_738,L6 intratelencephalic projecting glutamatergic neuron,M,L6 intratelencephalic projecting glutamatergic neuron,41.41511519535185,within_site
Donor_738,VIP GABAergic interneuron,M,VIP GABAergic interneuron,31.19946200778349,within_site
Donor_738,astrocyte,M,astrocyte,40.9439586865205,within_site
Donor_738,endothelial cell,M,endothelial cell,33.22652087936787,within_site
Donor_738,lamp5 GABAergic interneuron,M,lamp5 GABAergic interneuron,39.26386646252351,within_site
Donor_738,microglial cell,M,microglial cell,42.7700988381202,within_site
Donor_738,oligodendrocyte,M,oligodendrocyte,16.91082222684284,within_site
Donor_738,oligodendrocyte precursor cell,M,oligodendrocyte precursor cell,32.160299251143705,within_site
Donor_738,pvalb GABAergic interneuron,M,pvalb GABAergic interneuron,35.671597010030325,within_site
Donor_738,sst GABAergic interneuron,M,sst GABAergic interneuron,63.48163888900969,within_site
Donor_746,GABAergic neuron,H,GABAergic neuron,5.943389167742043,within_site
Donor_746,L2/3 intratelencephalic projecting glutamatergic neuron,H,L2/3 intratelencephalic projecting glutamatergic neuron,6.1158185540764665,within_site
Donor_746,L2/3-6 intratelencephalic projecting glutamatergic neuron,H,L2/3-6 intratelencephalic projecting glutamatergic neuron,4.772340162474242,within_site
Donor_746,L5/6 near-projecting glutamatergic neuron,H,L5/6 near-projecting glutamatergic neuron,10.584611541709696,within_site
Donor_746,L6 corticothalamic-projecting glutamatergic cortical neuron,H,L6 corticothalamic-projecting glutamatergic cortical neuron,12.427050461224441,within_site
Donor_746,L6 intratelencephalic projecting glutamatergic neuron,H,L6 intratelencephalic projecting glutamatergic neuron,8.013007939631605,within_site
Donor_746,L6b glutamatergic neuron of the primary motor cortex,H,L6b glutamatergic neuron of the primary motor cortex,24.43949002809471,within_site
Donor_746,VIP GABAergic interneuron,H,VIP GABAergic interneuron,6.0350281340251914,within_site
Donor_746,astrocyte,H,astrocyte,9.502876750990907,within_site
Donor_746,endothelial cell,H,endothelial cell,17.531854366582518,within_site
Donor_746,lamp5 GABAergic interneuron,H,lamp5 GABAergic interneuron,5.824703904452884,within_site
Donor_746,microglial cell,H,microglial cell,19.90163183684876,within_site
Donor_746,oligodendrocyte,H,oligodendrocyte,18.668740770185767,within_site
Donor_746,oligodendrocyte precursor cell,H,oligodendrocyte precursor cell,7.832448107332081,within_site
Donor_746,pericyte,H,pericyte,21.92673154534564,within_site
Donor_746,pvalb GABAergic interneuron,H,pvalb GABAergic interneuron,3.0173143227333465,within_site
Donor_746,sst GABAergic interneuron,H,sst GABAergic interneuron,7.772755934191584,within_site
Donor_746,vascular leptomeningeal cell,H,vascular leptomeningeal cell,15.943357363925847,within_site
Donor_751,astrocyte,H,astrocyte,24.402866774788297,within_site
Donor_751,endothelial cell,H,endothelial cell,19.028209099118254,within_site
Donor_751,oligodendrocyte,H,oligodendrocyte,42.65134131241725,within_site
Donor_751,oligodendrocyte precursor cell,H,oligodendrocyte precursor cell,53.40754829715731,within_site
Donor_751,pericyte,H,pericyte,26.315955301316787,within_site
Donor_751,smooth muscle cell,H,smooth muscle cell,66.08723085761686,within_site
Donor_751,vascular leptomeningeal cell,H,vascular leptomeningeal cell,34.66495821532267,within_site
Donor_752,GABAergic neuron,H,GABAergic neuron,8.773397724325084,within_site
Donor_752,L2/3 intratelencephalic projecting glutamatergic neuron,H,L2/3 intratelencephalic projecting glutamatergic neuron,19.694090205394073,within_site
Donor_752,L2/3-6 intratelencephalic projecting glutamatergic neuron,H,L2/3-6 intratelencephalic projecting glutamatergic neuron,22.417870850551235,within_site
Donor_752,VIP GABAergic interneuron,H,VIP GABAergic interneuron,13.028030982060981,within_site
Donor_752,astrocyte,H,astrocyte,8.207245083153978,within_site
Donor_752,endothelial cell,H,endothelial cell,21.894035248534088,within_site
Donor_752,lamp5 GABAergic interneuron,H,lamp5 GABAergic interneuron,13.875267291500222,within_site
Donor_752,microglial cell,H,microglial cell,10.153144224071399,within_site
Donor_752,oligodendrocyte,H,oligodendrocyte,14.737084820873152,within_site
Donor_752,oligodendrocyte precursor cell,H,oligodendrocyte precursor cell,16.471885674198344,within_site
Donor_752,pericyte,H,pericyte,11.406525285553242,within_site
Donor_752,perivascular macrophage,H,perivascular macrophage,32.94462079604687,within_site
Donor_752,pvalb GABAergic interneuron,H,pvalb GABAergic interneuron,12.804156578727916,within_site
Donor_752,smooth muscle cell,H,smooth muscle cell,30.201380477114448,within_site
Donor_752,sst GABAergic interneuron,H,sst GABAergic interneuron,7.495170082570618,within_site
Donor_752,vascular leptomeningeal cell,H,vascular leptomeningeal cell,18.041811734268656,within_site
Donor_754,oligodendrocyte,H,oligodendrocyte,13.851888567240453,within_site
Donor_760,L2/3-6 intratelencephalic projecting glutamatergic neuron,M,L2/3-6 intratelencephalic projecting glutamatergic neuron,56.477009172827394,within_site
Donor_760,astrocyte,M,astrocyte,58.06443349116361,within_site
Donor_760,oligodendrocyte,M,oligodendrocyte,29.509727815024732,within_site
Donor_760,oligodendrocyte precursor cell,M,oligodendrocyte precursor cell,45.20829696413387,within_site
Donor_762,L2/3 intratelencephalic projecting glutamatergic neuron,M,L2/3 intratelencephalic projecting glutamatergic neuron,24.75247377023504,within_site
Donor_762,L2/3-6 intratelencephalic projecting glutamatergic neuron,M,L2/3-6 intratelencephalic projecting glutamatergic neuron,27.208852113335436,within_site
Donor_762,L6 corticothalamic-projecting glutamatergic cortical neuron,M,L6 corticothalamic-projecting glutamatergic cortical neuron,10.167183333690739,within_site
Donor_762,VIP GABAergic interneuron,M,VIP GABAergic interneuron,15.50439068392721,within_site
Donor_762,astrocyte,M,astrocyte,16.781935054586963,within_site
Donor_762,oligodendrocyte,M,oligodendrocyte,15.017517280186071,within_site
Donor_762,oligodendrocyte precursor cell,M,oligodendrocyte precursor cell,8.507520758383787,within_site
Donor_762,pvalb GABAergic interneuron,M,pvalb GABAergic interneuron,12.948042090281149,within_site
Donor_776,GABAergic neuron,M,GABAergic neuron,37.24319930644345,within_site
Donor_776,L2/3 intratelencephalic projecting glutamatergic neuron,M,L2/3 intratelencephalic projecting glutamatergic neuron,32.50628632112336,within_site
Donor_776,L2/3-6 intratelencephalic projecting glutamatergic neuron,M,L2/3-6 intratelencephalic projecting glutamatergic neuron,31.178588026047056,within_site
Donor_776,L6 corticothalamic-projecting glutamatergic cortical neuron,M,L6 corticothalamic-projecting glutamatergic cortical neuron,20.431099651140343,within_site
Donor_776,VIP GABAergic interneuron,M,VIP GABAergic interneuron,34.76116600888622,within_site
Donor_776,astrocyte,M,astrocyte,25.825017233639652,within_site
Donor_776,lamp5 GABAergic interneuron,M,lamp5 GABAergic interneuron,40.04517505033513,within_site
Donor_776,microglial cell,M,microglial cell,21.428242157933035,within_site
Donor_776,oligodendrocyte,M,oligodendrocyte,18.276346568270895,within_site
Donor_776,oligodendrocyte precursor cell,M,oligodendrocyte precursor cell,16.72904754327429,within_site
Donor_776,pvalb GABAergic interneuron,M,pvalb GABAergic interneuron,29.993772424721765,within_site
Donor_776,sst GABAergic interneuron,M,sst GABAergic interneuron,28.427223706628453,within_site
Donor_776,vascular leptomeningeal cell,M,vascular leptomeningeal cell,22.9349985768208,within_site
Donor_777,L2/3 intratelencephalic projecting glutamatergic neuron,M,L2/3 intratelencephalic projecting glutamatergic neuron,38.20622245757761,within_site
Donor_777,L2/3-6 intratelencephalic projecting glutamatergic neuron,M,L2/3-6 intratelencephalic projecting glutamatergic neuron,41.88733252982891,within_site
Donor_777,VIP GABAergic interneuron,M,VIP GABAergic interneuron,38.00766082920895,within_site
Donor_777,astrocyte,M,astrocyte,32.742129436607954,within_site
Donor_777,endothelial cell,M,endothelial cell,21.383556820809595,within_site
Donor_777,oligodendrocyte,M,oligodendrocyte,48.26884712315331,within_site
Donor_777,oligodendrocyte precursor cell,M,oligodendrocyte precursor cell,36.28954610632429,within_site
Donor_777,pericyte,M,pericyte,19.717892374143997,within_site
Donor_777,pvalb GABAergic interneuron,M,sst GABAergic interneuron,66.15675741648843,within_site
Donor_791,GABAergic neuron,M,GABAergic neuron,23.04367361205772,within_site
Donor_791,L2/3 intratelencephalic projecting glutamatergic neuron,M,L2/3 intratelencephalic projecting glutamatergic neuron,24.332857733075723,within_site
Donor_791,L2/3-6 intratelencephalic projecting glutamatergic neuron,M,L2/3-6 intratelencephalic projecting glutamatergic neuron,19.991579758149815,within_site
Donor_791,L6 corticothalamic-projecting glutamatergic cortical neuron,M,L6 corticothalamic-projecting glutamatergic cortical neuron,13.151282502460548,within_site
Donor_791,VIP GABAergic interneuron,M,VIP GABAergic interneuron,25.6548467528227,within_site
Donor_791,astrocyte,M,astrocyte,19.36571837490149,within_site
Donor_791,lamp5 GABAergic interneuron,M,lamp5 GABAergic interneuron,28.886358106137127,within_site
Donor_791,microglial cell,M,microglial cell,19.227281873436098,within_site
Donor_791,oligodendrocyte,M,oligodendrocyte,18.429984712845787,within_site
Donor_791,oligodendrocyte precursor cell,M,oligodendrocyte precursor cell,24.107075717211167,within_site
Donor_791,pvalb GABAergic interneuron,M,pvalb GABAergic interneuron,15.498024115150251,within_site
Donor_791,sst GABAergic interneuron,M,sst GABAergic interneuron,13.06486092110165,within_site
Donor_799,GABAergic neuron,H,GABAergic neuron,27.91924454263325,within_site
Donor_799,L2/3 intratelencephalic projecting glutamatergic neuron,H,L2/3 intratelencephalic projecting glutamatergic neuron,21.857594006237573,within_site
Donor_799,L2/3-6 intratelencephalic projecting glutamatergic neuron,H,L2/3-6 intratelencephalic projecting glutamatergic neuron,25.17560918396476,within_site
Donor_799,L5/6 near-projecting glutamatergic neuron,H,L5/6 near-projecting glutamatergic neuron,23.749815577442245,within_site
Donor_799,L6 corticothalamic-projecting glutamatergic cortical neuron,H,L6 corticothalamic-projecting glutamatergic cortical neuron,22.57766698848766,within_site
Donor_799,L6 intratelencephalic projecting glutamatergic neuron,H,L6 intratelencephalic projecting glutamatergic neuron,30.63486538145947,within_site
Donor_799,VIP GABAergic interneuron,H,VIP GABAergic interneuron,25.710978588393985,within_site
Donor_799,astrocyte,H,astrocyte,24.451824091857986,within_site
Donor_799,endothelial cell,H,endothelial cell,21.256379320012453,within_site
Donor_799,lamp5 GABAergic interneuron,H,lamp5 GABAergic interneuron,27.480905452239842,within_site
Donor_799,microglial cell,H,microglial cell,26.34577352692333,within_site
Donor_799,oligodendrocyte,H,oligodendrocyte,28.343391228668814,within_site
Donor_799,oligodendrocyte precursor cell,H,oligodendrocyte precursor cell,24.870593556985803,within_site
Donor_799,pericyte,H,pericyte,22.922875623198717,within_site
Donor_799,pvalb GABAergic interneuron,H,pvalb GABAergic interneuron,26.350024185400045,within_site
Donor_799,sst GABAergic interneuron,H,sst GABAergic interneuron,19.778505134474024,within_site
Donor_799,vascular leptomeningeal cell,H,vascular leptomeningeal cell,15.600178129305846,within_site
Donor_805,GABAergic neuron,M,GABAergic neuron,10.597799359447771,within_site
Donor_805,L2/3 intratelencephalic projecting glutamatergic neuron,M,L2/3 intratelencephalic projecting glutamatergic neuron,17.628603042998044,within_site
Donor_805,L2/3-6 intratelencephalic projecting glutamatergic neuron,M,L2/3-6 intratelencephalic projecting glutamatergic neuron,13.884704068360898,within_site
Donor_805,L5/6 near-projecting glutamatergic neuron,M,L5/6 near-projecting glutamatergic neuron,8.370650295120337,within_site
Donor_805,L6 corticothalamic-projecting glutamatergic cortical neuron,M,L6 corticothalamic-projecting glutamatergic cortical neuron,14.518146609767948,within_site
Donor_805,L6 intratelencephalic projecting glutamatergic neuron,M,L6 intratelencephalic projecting glutamatergic neuron,10.281795886402753,within_site
Donor_805,L6b glutamatergic neuron of the primary motor cortex,M,L6b glutamatergic neuron of the primary motor cortex,17.39027136914599,within_site
Donor_805,VIP GABAergic interneuron,M,VIP GABAergic interneuron,9.192798582116435,within_site
Donor_805,astrocyte,M,astrocyte,23.417219424466097,within_site
Donor_805,endothelial cell,M,endothelial cell,45.930536011880136,within_site
Donor_805,lamp5 GABAergic interneuron,M,lamp5 GABAergic interneuron,11.42829816974706,within_site
Donor_805,microglial cell,M,microglial cell,35.10606932348756,within_site
Donor_805,oligodendrocyte,M,oligodendrocyte,23.691542975658887,within_site
Donor_805,oligodendrocyte precursor cell,M,oligodendrocyte precursor cell,13.294320199933207,within_site
Donor_805,pericyte,M,pericyte,35.79605780249791,within_site
Donor_805,perivascular macrophage,M,perivascular macrophage,52.77315981164946,within_site
Donor_805,pvalb GABAergic interneuron,M,pvalb GABAergic interneuron,9.512643129683271,within_site
Donor_805,sst GABAergic interneuron,M,sst GABAergic interneuron,15.772393999174392,within_site
Donor_805,vascular leptomeningeal cell,M,vascular leptomeningeal cell,26.146285658098133,within_site
Donor_808,GABAergic neuron,M,GABAergic neuron,17.471498888822175,within_site
Donor_808,L2/3 intratelencephalic projecting glutamatergic neuron,M,L2/3 intratelencephalic projecting glutamatergic neuron,18.498543118263907,within_site
Donor_808,L2/3-6 intratelencephalic projecting glutamatergic neuron,M,L2/3-6 intratelencephalic projecting glutamatergic neuron,14.29563239944116,within_site
Donor_808,L6 corticothalamic-projecting glutamatergic cortical neuron,M,L6 corticothalamic-projecting glutamatergic cortical neuron,8.515828370985554,within_site
Donor_808,L6 intratelencephalic projecting glutamatergic neuron,M,L6 intratelencephalic projecting glutamatergic neuron,9.802963617659438,within_site
Donor_808,VIP GABAergic interneuron,M,VIP GABAergic interneuron,14.032558914198349,within_site
Donor_808,astrocyte,M,astrocyte,16.652581431463915,within_site
Donor_808,lamp5 GABAergic interneuron,M,lamp5 GABAergic interneuron,21.185026583769545,within_site
Donor_808,microglial cell,M,microglial cell,25.392601937599075,within_site
Donor_808,oligodendrocyte,M,oligodendrocyte,24.311662835460872,within_site
Donor_808,oligodendrocyte precursor cell,M,oligodendrocyte precursor cell,11.247409502375776,within_site
Donor_808,pvalb GABAergic interneuron,M,pvalb GABAergic interneuron,13.092597474392685,within_site
Donor_808,sst GABAergic interneuron,M,sst GABAergic interneuron,16.829923594913783,within_site
Donor_81,GABAergic neuron,H,GABAergic neuron,25.164778815508008,within_site
Donor_81,L2/3 intratelencephalic projecting glutamatergic neuron,H,L2/3 intratelencephalic projecting glutamatergic neuron,19.79644099495014,within_site
Donor_81,L2/3-6 intratelencephalic projecting glutamatergic neuron,H,L2/3-6 intratelencephalic projecting glutamatergic neuron,18.393458839797216,within_site
Donor_81,L5/6 near-projecting glutamatergic neuron,H,L5/6 near-projecting glutamatergic neuron,22.67480078466964,within_site
Donor_81,L6 corticothalamic-projecting glutamatergic cortical neuron,H,L6 corticothalamic-projecting glutamatergic cortical neuron,26.216588853364154,within_site
Donor_81,L6 intratelencephalic projecting glutamatergic neuron,H,L6 intratelencephalic projecting glutamatergic neuron,20.111152671417067,within_site
Donor_81,L6b glutamatergic neuron of the primary motor cortex,H,L6b glutamatergic neuron of the primary motor cortex,20.025484910041396,within_site
Donor_81,VIP GABAergic interneuron,H,VIP GABAergic interneuron,19.582808753876105,within_site
Donor_81,astrocyte,H,astrocyte,21.214385130739636,within_site
Donor_81,endothelial cell,H,endothelial cell,30.741260313321533,within_site
Donor_81,lamp5 GABAergic interneuron,H,lamp5 GABAergic interneuron,25.73523604671761,within_site
Donor_81,microglial cell,H,microglial cell,22.3913258987785,within_site
Donor_81,oligodendrocyte,H,oligodendrocyte,26.582627456151297,within_site
Donor_81,oligodendrocyte precursor cell,H,oligodendrocyte precursor cell,39.94669231544066,within_site
Donor_81,pvalb GABAergic interneuron,H,pvalb GABAergic interneuron,21.035850412327434,within_site
Donor_81,sst GABAergic interneuron,H,sst GABAergic interneuron,22.027712943946277,within_site
Donor_830,L2/3 intratelencephalic projecting glutamatergic neuron,H,L2/3 intratelencephalic projecting glutamatergic neuron,18.970463406364455,within_site
Donor_830,L2/3-6 intratelencephalic projecting glutamatergic neuron,H,L2/3-6 intratelencephalic projecting glutamatergic neuron,8.370354827574458,within_site
Donor_830,L5/6 near-projecting glutamatergic neuron,H,L5/6 near-projecting glutamatergic neuron,17.984857377971206,within_site
Donor_830,L6 corticothalamic-projecting glutamatergic cortical neuron,H,L6 corticothalamic-projecting glutamatergic cortical neuron,15.155175962429833,within_site
Donor_830,L6 intratelencephalic projecting glutamatergic neuron,H,L6 intratelencephalic projecting glutamatergic neuron,12.706897330422935,within_site
Donor_830,VIP GABAergic interneuron,H,VIP GABAergic interneuron,12.929899942510218,within_site
Donor_830,astrocyte,H,astrocyte,30.580723506157028,within_site
Donor_830,endothelial cell,H,endothelial cell,16.14037476991047,within_site
Donor_830,lamp5 GABAergic interneuron,H,lamp5 GABAergic interneuron,17.764863520269788,within_site
Donor_830,microglial cell,H,microglial cell,20.570465488914806,within_site
Donor_830,oligodendrocyte,H,oligodendrocyte,16.81445906388933,within_site
Donor_830,oligodendrocyte precursor cell,H,oligodendrocyte precursor cell,20.364157533867846,within_site
Donor_830,pericyte,H,pericyte,12.391850016149117,within_site
Donor_830,pvalb GABAergic interneuron,H,pvalb GABAergic interneuron,12.755768083289848,within_site
Donor_830,sst GABAergic interneuron,H,sst GABAergic interneuron,10.54957098476894,within_site
Donor_839,GABAergic neuron,M,GABAergic neuron,11.934240001792645,within_site
Donor_839,L2/3 intratelencephalic projecting glutamatergic neuron,M,L2/3 intratelencephalic projecting glutamatergic neuron,8.278052063908115,within_site
Donor_839,L2/3-6 intratelencephalic projecting glutamatergic neuron,M,L2/3-6 intratelencephalic projecting glutamatergic neuron,8.889642618654815,within_site
Donor_839,L5/6 near-projecting glutamatergic neuron,M,L5/6 near-projecting glutamatergic neuron,12.667572626053332,within_site
Donor_839,L6 corticothalamic-projecting glutamatergic cortical neuron,M,L6 corticothalamic-projecting glutamatergic cortical neuron,27.203177285517892,within_site
Donor_839,L6 intratelencephalic projecting glutamatergic neuron,M,L6 intratelencephalic projecting glutamatergic neuron,15.569110657538888,within_site
Donor_839,VIP GABAergic interneuron,M,VIP GABAergic interneuron,6.275075526920248,within_site
Donor_839,astrocyte,M,astrocyte,11.288089959893403,within_site
Donor_839,endothelial cell,M,endothelial cell,57.15495757663229,within_site
Donor_839,lamp5 GABAergic interneuron,M,lamp5 GABAergic interneuron,9.207532340186766,within_site
Donor_839,microglial cell,M,microglial cell,19.964090501042207,within_site
Donor_839,oligodendrocyte,M,oligodendrocyte,14.122644321680196,within_site
Donor_839,oligodendrocyte precursor cell,M,oligodendrocyte precursor cell,15.052693634277626,within_site
Donor_839,pvalb GABAergic interneuron,M,pvalb GABAergic interneuron,9.240757045543054,within_site
Donor_839,sst GABAergic interneuron,M,sst GABAergic interneuron,18.756231236732223,within_site
Donor_84,GABAergic neuron,H,GABAergic neuron,34.78094620598984,within_site
Donor_84,L2/3 intratelencephalic projecting glutamatergic neuron,H,L2/3 intratelencephalic projecting glutamatergic neuron,24.805181183893207,within_site
Donor_84,L2/3-6 intratelencephalic projecting glutamatergic neuron,H,L2/3-6 intratelencephalic projecting glutamatergic neuron,23.479230765819466,within_site
Donor_84,L5/6 near-projecting glutamatergic neuron,H,L5/6 near-projecting glutamatergic neuron,25.134397180253085,within_site
Donor_84,L6 intratelencephalic projecting glutamatergic neuron,H,L6 intratelencephalic projecting glutamatergic neuron,26.732856490785228,within_site
Donor_84,L6b glutamatergic neuron of the primary motor cortex,H,L6b glutamatergic neuron of the primary motor cortex,27.569671363415967,within_site
Donor_84,VIP GABAergic interneuron,H,VIP GABAergic interneuron,30.518696386459244,within_site
Donor_84,astrocyte,H,astrocyte,26.03820725434131,within_site
Donor_84,endothelial cell,H,endothelial cell,19.273971524946084,within_site
Donor_84,lamp5 GABAergic interneuron,H,lamp5 GABAergic interneuron,29.993575911362903,within_site
Donor_84,microglial cell,H,microglial cell,27.37428614314506,within_site
Donor_84,oligodendrocyte,H,oligodendrocyte,22.412807717544858,within_site
Donor_84,oligodendrocyte precursor cell,H,oligodendrocyte precursor cell,11.150792474955514,within_site
Donor_84,pericyte,H,pericyte,39.3739045313752,within_site
Donor_84,pvalb GABAergic interneuron,H,pvalb GABAergic interneuron,24.842297028427474,within_site
Donor_84,sst GABAergic interneuron,H,sst GABAergic interneuron,30.169999197213052,within_site
Donor_84,vascular leptomeningeal cell,H,vascular leptomeningeal cell,43.967887730137456,within_site
Donor_848,GABAergic neuron,M,GABAergic neuron,28.321930398311423,within_site
Donor_848,L2/3 intratelencephalic projecting glutamatergic neuron,M,L2/3 intratelencephalic projecting glutamatergic neuron,39.92363591057312,within_site
Donor_848,L2/3-6 intratelencephalic projecting glutamatergic neuron,M,L2/3-6 intratelencephalic projecting glutamatergic neuron,33.79327777501047,within_site
Donor_848,L6 intratelencephalic projecting glutamatergic neuron,M,L6 intratelencephalic projecting glutamatergic neuron,41.90763706866744,within_site
Donor_848,VIP GABAergic interneuron,M,VIP GABAergic interneuron,30.00677883555547,within_site
Donor_848,astrocyte,M,astrocyte,40.57580254021609,within_site
Donor_848,lamp5 GABAergic interneuron,M,lamp5 GABAergic interneuron,23.81276568679832,within_site
Donor_848,microglial cell,M,microglial cell,46.865867691989294,within_site
Donor_848,oligodendrocyte,M,oligodendrocyte,41.4668992689847,within_site
Donor_848,oligodendrocyte precursor cell,M,oligodendrocyte precursor cell,47.906060074286046,within_site
Donor_848,pvalb GABAergic interneuron,M,pvalb GABAergic interneuron,31.350836227426477,within_site
Donor_848,sst GABAergic interneuron,M,sst GABAergic interneuron,20.359131523820135,within_site
Donor_871,GABAergic neuron,H,GABAergic neuron,32.98930065750188,within_site
Donor_871,L2/3 intratelencephalic projecting glutamatergic neuron,H,L2/3 intratelencephalic projecting glutamatergic neuron,35.651058084870314,within_site
Donor_871,L2/3-6 intratelencephalic projecting glutamatergic neuron,H,L2/3-6 intratelencephalic projecting glutamatergic neuron,32.017464918726446,within_site
Donor_871,L5/6 near-projecting glutamatergic neuron,H,L5/6 near-projecting glutamatergic neuron,26.633679749199896,within_site
Donor_871,L6 corticothalamic-projecting glutamatergic cortical neuron,H,L6 corticothalamic-projecting glutamatergic cortical neuron,25.3053645808665,within_site
Donor_871,L6 intratelencephalic projecting glutamatergic neuron,H,L6 intratelencephalic projecting glutamatergic neuron,32.55962443546364,within_site
Donor_871,L6b glutamatergic neuron of the primary motor cortex,H,L6b glutamatergic neuron of the primary motor cortex,22.06546188258179,within_site
Donor_871,VIP GABAergic interneuron,H,VIP GABAergic interneuron,37.65159724875152,within_site
Donor_871,astrocyte,H,astrocyte,23.38770382324599,within_site
Donor_871,endothelial cell,H,endothelial cell,22.920867033331373,within_site
Donor_871,lamp5 GABAergic interneuron,H,lamp5 GABAergic interneuron,29.87892008437218,within_site
Donor_871,microglial cell,H,microglial cell,42.3823641765148,within_site
Donor_871,oligodendrocyte,H,oligodendrocyte,13.590391225824725,within_site
Donor_871,oligodendrocyte precursor cell,H,oligodendrocyte precursor cell,31.586908101173496,within_site
Donor_871,perivascular macrophage,H,perivascular macrophage,72.6581295238655,within_site
Donor_871,pvalb GABAergic interneuron,H,pvalb GABAergic interneuron,31.096660896150038,within_site
Donor_871,sst GABAergic interneuron,H,sst GABAergic interneuron,28.06976972095365,within_site
Donor_871,vascular leptomeningeal cell,H,vascular leptomeningeal cell,21.143157284813892,within_site
Donor_894,L2/3 intratelencephalic projecting glutamatergic neuron,M,L2/3 intratelencephalic projecting glutamatergic neuron,20.99283761126147,within_site
Donor_894,L2/3-6 intratelencephalic projecting glutamatergic neuron,M,L2/3-6 intratelencephalic projecting glutamatergic neuron,25.41043276840068,within_site
Donor_894,VIP GABAergic interneuron,M,VIP GABAergic interneuron,16.026512511900066,within_site
Donor_894,astrocyte,M,astrocyte,24.183430828509024,within_site
Donor_894,lamp5 GABAergic interneuron,M,lamp5 GABAergic interneuron,29.103550977192327,within_site
Donor_894,microglial cell,M,microglial cell,41.52745597238053,within_site
Donor_894,oligodendrocyte,M,oligodendrocyte,38.059985612228175,within_site
Donor_894,oligodendrocyte precursor cell,M,oligodendrocyte precursor cell,15.260701003033708,within_site
Donor_894,pvalb GABAergic interneuron,M,pvalb GABAergic interneuron,21.958519874437105,within_site
Donor_894,sst GABAergic interneuron,M,sst GABAergic interneuron,19.853094824824105,within_site
Donor_899,GABAergic neuron,H,GABAergic neuron,14.459106367841551,within_site
Donor_899,L2/3 intratelencephalic projecting glutamatergic neuron,H,L2/3 intratelencephalic projecting glutamatergic neuron,11.661654464657106,within_site
Donor_899,L2/3-6 intratelencephalic projecting glutamatergic neuron,H,L2/3-6 intratelencephalic projecting glutamatergic neuron,17.415576064288736,within_site
Donor_899,L5/6 near-projecting glutamatergic neuron,H,L5/6 near-projecting glutamatergic neuron,24.133217451502144,within_site
Donor_899,L6 corticothalamic-projecting glutamatergic cortical neuron,H,L6 corticothalamic-projecting glutamatergic cortical neuron,39.947545206960356,within_site
Donor_899,L6 intratelencephalic projecting glutamatergic neuron,H,L6 intratelencephalic projecting glutamatergic neuron,28.782033332289267,within_site
Donor_899,VIP GABAergic interneuron,H,VIP GABAergic interneuron,17.00187330393401,within_site
Donor_899,astrocyte,H,astrocyte,17.589418300843253,within_site
Donor_899,endothelial cell,H,endothelial cell,32.10462199449629,within_site
Donor_899,lamp5 GABAergic interneuron,H,lamp5 GABAergic interneuron,18.129827041584214,within_site
Donor_899,microglial cell,H,microglial cell,20.395503152514205,within_site
Donor_899,oligodendrocyte,H,oligodendrocyte,21.004524443603085,within_site
Donor_899,oligodendrocyte precursor cell,H,oligodendrocyte precursor cell,15.252178412914576,within_site
Donor_899,pvalb GABAergic interneuron,H,pvalb GABAergic interneuron,19.655189876284904,within_site
Donor_899,sst GABAergic interneuron,H,sst GABAergic interneuron,22.03252579864174,within_site
Donor_899,vascular leptomeningeal cell,H,vascular leptomeningeal cell,54.83614317215264,within_site
Donor_907,GABAergic neuron,M,GABAergic neuron,17.906402615669613,within_site
Donor_907,L2/3 intratelencephalic projecting glutamatergic neuron,M,L2/3 intratelencephalic projecting glutamatergic neuron,16.95814222948988,within_site
Donor_907,L2/3-6 intratelencephalic projecting glutamatergic neuron,M,L2/3-6 intratelencephalic projecting glutamatergic neuron,15.899196420694055,within_site
Donor_907,L6 corticothalamic-projecting glutamatergic cortical neuron,M,L6 corticothalamic-projecting glutamatergic cortical neuron,19.449533685556002,within_site
Donor_907,VIP GABAergic interneuron,M,VIP GABAergic interneuron,21.986596242228696,within_site
Donor_907,astrocyte,M,astrocyte,41.27883103812064,within_site
Donor_907,endothelial cell,M,endothelial cell,31.743668335820335,within_site
Donor_907,lamp5 GABAergic interneuron,M,lamp5 GABAergic interneuron,12.34486265219987,within_site
Donor_907,microglial cell,M,microglial cell,24.987920700170683,within_site
Donor_907,oligodendrocyte,M,oligodendrocyte,23.699421702606298,within_site
Donor_907,oligodendrocyte precursor cell,M,oligodendrocyte precursor cell,31.226783320661337,within_site
Donor_907,pericyte,M,pericyte,21.24148767766788,within_site
Donor_907,pvalb GABAergic interneuron,M,pvalb GABAergic interneuron,19.607437313861126,within_site
Donor_907,sst GABAergic interneuron,M,sst GABAergic interneuron,16.61031101286039,within_site
Donor_907,vascular leptomeningeal cell,M,vascular leptomeningeal cell,34.202968914204874,within_site
Donor_908,GABAergic neuron,H,GABAergic neuron,40.063551050426966,within_site
Donor_908,L2/3 intratelencephalic projecting glutamatergic neuron,H,L2/3 intratelencephalic projecting glutamatergic neuron,37.21682249263296,within_site
Donor_908,L2/3-6 intratelencephalic projecting glutamatergic neuron,H,L2/3-6 intratelencephalic projecting glutamatergic neuron,35.92197725589113,within_site
Donor_908,L5/6 near-projecting glutamatergic neuron,H,L5/6 near-projecting glutamatergic neuron,35.73406778099505,within_site
Donor_908,L6 corticothalamic-projecting glutamatergic cortical neuron,H,L6 corticothalamic-projecting glutamatergic cortical neuron,37.92438640756357,within_site
Donor_908,L6 intratelencephalic projecting glutamatergic neuron,H,L6 intratelencephalic projecting glutamatergic neuron,34.39823290980755,within_site
Donor_908,L6b glutamatergic neuron of the primary motor cortex,H,L6b glutamatergic neuron of the primary motor cortex,34.53287519819514,within_site
Donor_908,VIP GABAergic interneuron,H,VIP GABAergic interneuron,39.558979690156406,within_site
Donor_908,astrocyte,H,astrocyte,26.739106013283816,within_site
Donor_908,endothelial cell,H,endothelial cell,49.16807618493115,within_site
Donor_908,lamp5 GABAergic interneuron,H,lamp5 GABAergic interneuron,35.31174895736062,within_site
Donor_908,microglial cell,H,microglial cell,45.66971826946145,within_site
Donor_908,oligodendrocyte,H,oligodendrocyte,35.62765651531214,within_site
Donor_908,oligodendrocyte precursor cell,H,oligodendrocyte precursor cell,32.400180540490894,within_site
Donor_908,pvalb GABAergic interneuron,H,pvalb GABAergic interneuron,39.15894401630733,within_site
Donor_908,sst GABAergic interneuron,H,sst GABAergic interneuron,27.911995931162494,within_site
Donor_909,GABAergic neuron,M,GABAergic neuron,22.79438248912189,within_site
Donor_909,L2/3 intratelencephalic projecting glutamatergic neuron,M,L2/3 intratelencephalic projecting glutamatergic neuron,14.689375291012388,within_site
Donor_909,L2/3-6 intratelencephalic projecting glutamatergic neuron,M,L2/3-6 intratelencephalic projecting glutamatergic neuron,24.71378805336983,within_site
Donor_909,L6 corticothalamic-projecting glutamatergic cortical neuron,M,L6 corticothalamic-projecting glutamatergic cortical neuron,21.256009839099722,within_site
Donor_909,L6 intratelencephalic projecting glutamatergic neuron,M,L6 intratelencephalic projecting glutamatergic neuron,30.21924093406025,within_site
Donor_909,VIP GABAergic interneuron,M,VIP GABAergic interneuron,22.318381387733474,within_site
Donor_909,astrocyte,M,astrocyte,27.502080350773966,within_site
Donor_909,endothelial cell,M,endothelial cell,38.2782767118255,within_site
Donor_909,lamp5 GABAergic interneuron,M,lamp5 GABAergic interneuron,19.537432521402774,within_site
Donor_909,microglial cell,M,microglial cell,35.54421171912785,within_site
Donor_909,oligodendrocyte,M,oligodendrocyte,31.164738184791734,within_site
Donor_909,oligodendrocyte precursor cell,M,oligodendrocyte precursor cell,30.618067155862022,within_site
Donor_909,pericyte,M,pericyte,46.632192053486506,within_site
Donor_909,perivascular macrophage,M,perivascular macrophage,63.33754058766747,within_site
Donor_909,pvalb GABAergic interneuron,M,pvalb GABAergic interneuron,18.291807722046656,within_site
Donor_909,sst GABAergic interneuron,M,sst GABAergic interneuron,13.205699492075052,within_site
Donor_912,L2/3 intratelencephalic projecting glutamatergic neuron,M,L2/3 intratelencephalic projecting glutamatergic neuron,41.594670395466004,within_site
Donor_912,L2/3-6 intratelencephalic projecting glutamatergic neuron,M,L2/3-6 intratelencephalic projecting glutamatergic neuron,46.71871122759567,within_site
Donor_912,VIP GABAergic interneuron,M,VIP GABAergic interneuron,54.35549186186592,within_site
Donor_912,astrocyte,M,astrocyte,21.93266532739383,within_site
Donor_912,endothelial cell,M,endothelial cell,23.74033156680353,within_site
Donor_912,lamp5 GABAergic interneuron,M,lamp5 GABAergic interneuron,57.74958064275338,within_site
Donor_912,oligodendrocyte,M,oligodendrocyte,20.38071867542429,within_site
Donor_912,oligodendrocyte precursor cell,M,oligodendrocyte precursor cell,27.160917000464675,within_site
Donor_912,pericyte,M,pericyte,26.265129558646954,within_site
Donor_912,pvalb GABAergic interneuron,M,pvalb GABAergic interneuron,53.4674244555434,within_site
Donor_915,GABAergic neuron,H,GABAergic neuron,29.223594080836282,within_site
Donor_915,L2/3 intratelencephalic projecting glutamatergic neuron,H,L2/3 intratelencephalic projecting glutamatergic neuron,25.676067265441123,within_site
Donor_915,L2/3-6 intratelencephalic projecting glutamatergic neuron,H,L2/3-6 intratelencephalic projecting glutamatergic neuron,24.62205557447817,within_site
Donor_915,L5/6 near-projecting glutamatergic neuron,H,L5/6 near-projecting glutamatergic neuron,19.15753905557804,within_site
Donor_915,L6 corticothalamic-projecting glutamatergic cortical neuron,H,L6 corticothalamic-projecting glutamatergic cortical neuron,22.197348930544734,within_site
Donor_915,L6 intratelencephalic projecting glutamatergic neuron,H,L6 intratelencephalic projecting glutamatergic neuron,11.55108601950097,within_site
Donor_915,L6b glutamatergic neuron of the primary motor cortex,H,L6b glutamatergic neuron of the primary motor cortex,16.794486487032195,within_site
Donor_915,VIP GABAergic interneuron,H,VIP GABAergic interneuron,34.58739912587257,within_site
Donor_915,astrocyte,H,astrocyte,21.537167812066624,within_site
Donor_915,endothelial cell,H,endothelial cell,57.025344173749446,within_site
Donor_915,lamp5 GABAergic interneuron,H,lamp5 GABAergic interneuron,30.08261245739829,within_site
Donor_915,microglial cell,H,microglial cell,45.151293246886304,within_site
Donor_915,oligodendrocyte,H,oligodendrocyte,24.268664060232496,within_site
Donor_915,oligodendrocyte precursor cell,H,oligodendrocyte precursor cell,29.93473620014191,within_site
Donor_915,pericyte,H,pericyte,14.64887729066022,within_site
Donor_915,pvalb GABAergic interneuron,H,pvalb GABAergic interneuron,30.10272636569738,within_site
Donor_915,sst GABAergic interneuron,H,sst GABAergic interneuron,30.28262202445885,within_site
Donor_915,vascular leptomeningeal cell,H,vascular leptomeningeal cell,27.9700793407061,within_site
Donor_922,GABAergic neuron,H,GABAergic neuron,7.189864756187064,within_site
Donor_922,L2/3 intratelencephalic projecting glutamatergic neuron,H,L2/3 intratelencephalic projecting glutamatergic neuron,8.81284138405583,within_site
Donor_922,L2/3-6 intratelencephalic projecting glutamatergic neuron,H,L2/3-6 intratelencephalic projecting glutamatergic neuron,10.111717984147779,within_site
Donor_922,L5/6 near-projecting glutamatergic neuron,H,L5/6 near-projecting glutamatergic neuron,9.25618075138931,within_site
Donor_922,L6 corticothalamic-projecting glutamatergic cortical neuron,H,L6 corticothalamic-projecting glutamatergic cortical neuron,7.530970449147838,within_site
Donor_922,L6 intratelencephalic projecting glutamatergic neuron,H,L6 intratelencephalic projecting glutamatergic neuron,13.791180448961166,within_site
Donor_922,L6b glutamatergic neuron of the primary motor cortex,H,L6b glutamatergic neuron of the primary motor cortex,15.162139550488785,within_site
Donor_922,VIP GABAergic interneuron,H,VIP GABAergic interneuron,10.561539021247096,within_site
Donor_922,astrocyte,H,astrocyte,12.142368975255348,within_site
Donor_922,endothelial cell,H,endothelial cell,11.868059149119128,within_site
Donor_922,lamp5 GABAergic interneuron,H,lamp5 GABAergic interneuron,9.455481881855997,within_site
Donor_922,microglial cell,H,microglial cell,14.246741027725566,within_site
Donor_922,oligodendrocyte,H,oligodendrocyte,11.752983378166741,within_site
Donor_922,oligodendrocyte precursor cell,H,oligodendrocyte precursor cell,12.37996847137422,within_site
Donor_922,pericyte,H,pericyte,23.28139562825831,within_site
Donor_922,pvalb GABAergic interneuron,H,pvalb GABAergic interneuron,8.289226210351806,within_site
Donor_922,sst GABAergic interneuron,H,sst GABAergic interneuron,9.434217695303484,within_site
Donor_922,vascular leptomeningeal cell,H,vascular leptomeningeal cell,25.200889513337398,within_site
Donor_93,GABAergic neuron,H,GABAergic neuron,17.617987406153745,within_site
Donor_93,L2/3 intratelencephalic projecting glutamatergic neuron,H,L2/3 intratelencephalic projecting glutamatergic neuron,15.681992044097198,within_site
Donor_93,L2/3-6 intratelencephalic projecting glutamatergic neuron,H,L2/3-6 intratelencephalic projecting glutamatergic neuron,17.141797226194246,within_site
Donor_93,L5/6 near-projecting glutamatergic neuron,H,L5/6 near-projecting glutamatergic neuron,15.807399573950056,within_site
Donor_93,L6 corticothalamic-projecting glutamatergic cortical neuron,H,L6 corticothalamic-projecting glutamatergic cortical neuron,21.536796830046082,within_site
Donor_93,L6 intratelencephalic projecting glutamatergic neuron,H,L6 intratelencephalic projecting glutamatergic neuron,17.530593459783127,within_site
Donor_93,L6b glutamatergic neuron of the primary motor cortex,H,L6b glutamatergic neuron of the primary motor cortex,18.133921524665457,within_site
Donor_93,VIP GABAergic interneuron,H,VIP GABAergic interneuron,18.138312742681126,within_site
Donor_93,astrocyte,H,astrocyte,22.600802672924576,within_site
Donor_93,endothelial cell,H,endothelial cell,30.79520276895323,within_site
Donor_93,lamp5 GABAergic interneuron,H,lamp5 GABAergic interneuron,18.159590745167016,within_site
Donor_93,microglial cell,H,microglial cell,32.586022775648345,within_site
Donor_93,oligodendrocyte,H,oligodendrocyte,22.586997999673557,within_site
Donor_93,oligodendrocyte precursor cell,H,oligodendrocyte precursor cell,16.594253108852143,within_site
Donor_93,pericyte,H,pericyte,31.049873968917684,within_site
Donor_93,perivascular macrophage,H,perivascular macrophage,27.018978720694143,within_site
Donor_93,pvalb GABAergic interneuron,H,pvalb GABAergic interneuron,15.586847216993858,within_site
Donor_93,sst GABAergic interneuron,H,sst GABAergic interneuron,25.012040180381007,within_site
Donor_93,vascular leptomeningeal cell,H,vascular leptomeningeal cell,26.322994090591717,within_site
Donor_931,GABAergic neuron,M,GABAergic neuron,6.836698704072108,within_site
Donor_931,L2/3 intratelencephalic projecting glutamatergic neuron,M,L2/3 intratelencephalic projecting glutamatergic neuron,11.062536470543565,within_site
Donor_931,L2/3-6 intratelencephalic projecting glutamatergic neuron,M,L2/3-6 intratelencephalic projecting glutamatergic neuron,15.487960481990998,within_site
Donor_931,L6 corticothalamic-projecting glutamatergic cortical neuron,M,L6 corticothalamic-projecting glutamatergic cortical neuron,7.729548875550933,within_site
Donor_931,L6 intratelencephalic projecting glutamatergic neuron,M,L6 intratelencephalic projecting glutamatergic neuron,7.793938389545544,within_site
Donor_931,VIP GABAergic interneuron,M,VIP GABAergic interneuron,6.995886901427502,within_site
Donor_931,astrocyte,M,astrocyte,21.11504757735414,within_site
Donor_931,lamp5 GABAergic interneuron,M,lamp5 GABAergic interneuron,6.583525784771007,within_site
Donor_931,microglial cell,M,microglial cell,23.09223714941443,within_site
Donor_931,oligodendrocyte,M,oligodendrocyte,18.648999598915843,within_site
Donor_931,oligodendrocyte precursor cell,M,oligodendrocyte precursor cell,9.428075547687895,within_site
Donor_931,pvalb GABAergic interneuron,M,pvalb GABAergic interneuron,6.358605471118412,within_site
Donor_931,sst GABAergic interneuron,M,sst GABAergic interneuron,13.332447336643959,within_site
Donor_932,GABAergic neuron,M,GABAergic neuron,8.971947034904035,within_site
Donor_932,L2/3 intratelencephalic projecting glutamatergic neuron,M,L2/3 intratelencephalic projecting glutamatergic neuron,10.267745065658483,within_site
Donor_932,L2/3-6 intratelencephalic projecting glutamatergic neuron,M,L2/3-6 intratelencephalic projecting glutamatergic neuron,22.580469745720308,within_site
Donor_932,L6 corticothalamic-projecting glutamatergic cortical neuron,M,L6 corticothalamic-projecting glutamatergic cortical neuron,12.968491538357396,within_site
Donor_932,L6 intratelencephalic projecting glutamatergic neuron,M,L6 intratelencephalic projecting glutamatergic neuron,16.873025046588616,within_site
Donor_932,VIP GABAergic interneuron,M,VIP GABAergic interneuron,8.874662705413435,within_site
Donor_932,astrocyte,M,astrocyte,13.645899487035406,within_site
Donor_932,lamp5 GABAergic interneuron,M,lamp5 GABAergic interneuron,14.210687594394235,within_site
Donor_932,microglial cell,M,microglial cell,13.278509118964468,within_site
Donor_932,oligodendrocyte,M,oligodendrocyte,11.164329051275734,within_site
Donor_932,oligodendrocyte precursor cell,M,oligodendrocyte precursor cell,7.49926659330931,within_site
Donor_932,pvalb GABAergic interneuron,M,pvalb GABAergic interneuron,12.414268240285368,within_site
Donor_932,sst GABAergic interneuron,M,sst GABAergic interneuron,8.140088917442998,within_site
Donor_934,GABAergic neuron,H,GABAergic neuron,33.00412923212964,within_site
Donor_934,L2/3 intratelencephalic projecting glutamatergic neuron,H,L2/3 intratelencephalic projecting glutamatergic neuron,40.942729779761954,within_site
Donor_934,L2/3-6 intratelencephalic projecting glutamatergic neuron,H,L2/3-6 intratelencephalic projecting glutamatergic neuron,30.69389381106431,within_site
Donor_934,L5/6 near-projecting glutamatergic neuron,H,L5/6 near-projecting glutamatergic neuron,62.55635644987283,within_site
Donor_934,L6 corticothalamic-projecting glutamatergic cortical neuron,H,L6 corticothalamic-projecting glutamatergic cortical neuron,42.86442266632294,within_site
Donor_934,L6 intratelencephalic projecting glutamatergic neuron,H,L6 intratelencephalic projecting glutamatergic neuron,55.633162241247646,within_site
Donor_934,VIP GABAergic interneuron,H,VIP GABAergic interneuron,21.67335056837864,within_site
Donor_934,astrocyte,H,astrocyte,15.094714493027064,within_site
Donor_934,endothelial cell,H,endothelial cell,15.948620462913132,within_site
Donor_934,lamp5 GABAergic interneuron,H,lamp5 GABAergic interneuron,53.75755032267758,within_site
Donor_934,oligodendrocyte,H,oligodendrocyte,17.55403062526052,within_site
Donor_934,oligodendrocyte precursor cell,H,oligodendrocyte precursor cell,12.3425455978442,within_site
Donor_934,pericyte,H,pericyte,11.67406937473817,within_site
Donor_934,pvalb GABAergic interneuron,H,pvalb GABAergic interneuron,49.45988150620309,within_site
Donor_934,sst GABAergic interneuron,H,sst GABAergic interneuron,50.899743951402186,within_site
Donor_934,vascular leptomeningeal cell,H,vascular leptomeningeal cell,38.777333335054934,within_site
Donor_94,GABAergic neuron,M,GABAergic neuron,16.574785305265134,within_site
Donor_94,L2/3 intratelencephalic projecting glutamatergic neuron,M,L2/3 intratelencephalic projecting glutamatergic neuron,30.342669456415337,within_site
Donor_94,L2/3-6 intratelencephalic projecting glutamatergic neuron,M,L2/3-6 intratelencephalic projecting glutamatergic neuron,36.002837392021476,within_site
Donor_94,VIP GABAergic interneuron,M,VIP GABAergic interneuron,25.13528568807516,within_site
Donor_94,astrocyte,M,astrocyte,18.792125461496116,within_site
Donor_94,lamp5 GABAergic interneuron,M,lamp5 GABAergic interneuron,18.7492738347888,within_site
Donor_94,microglial cell,M,microglial cell,31.95928945640709,within_site
Donor_94,oligodendrocyte,M,oligodendrocyte,25.856239596714246,within_site
Donor_94,oligodendrocyte precursor cell,M,oligodendrocyte precursor cell,25.10558899418085,within_site
Donor_94,perivascular macrophage,M,perivascular macrophage,51.64514312578428,within_site
Donor_94,pvalb GABAergic interneuron,M,pvalb GABAergic interneuron,22.97881161125675,within_site
Donor_94,sst GABAergic interneuron,M,sst GABAergic interneuron,14.022029700180104,within_site
Donor_946,GABAergic neuron,M,GABAergic neuron,12.693198423544551,within_site
Donor_946,L2/3 intratelencephalic projecting glutamatergic neuron,M,L2/3 intratelencephalic projecting glutamatergic neuron,7.266887235102302,within_site
Donor_946,L2/3-6 intratelencephalic projecting glutamatergic neuron,M,L2/3-6 intratelencephalic projecting glutamatergic neuron,10.415075094962305,within_site
Donor_946,L5/6 near-projecting glutamatergic neuron,M,L5/6 near-projecting glutamatergic neuron,12.709858632551315,within_site
Donor_946,L6 corticothalamic-projecting glutamatergic cortical neuron,M,L6 corticothalamic-projecting glutamatergic cortical neuron,11.028167285539192,within_site
Donor_946,L6 intratelencephalic projecting glutamatergic neuron,M,L6 intratelencephalic projecting glutamatergic neuron,16.493999399247883,within_site
Donor_946,VIP GABAergic interneuron,M,VIP GABAergic interneuron,7.842029130036268,within_site
Donor_946,astrocyte,M,astrocyte,8.861530386113325,within_site
Donor_946,lamp5 GABAergic interneuron,M,lamp5 GABAergic interneuron,8.425003140349649,within_site
Donor_946,microglial cell,M,microglial cell,51.471637062657365,within_site
Donor_946,oligodendrocyte,M,oligodendrocyte,13.96267933883623,within_site
Donor_946,oligodendrocyte precursor cell,M,oligodendrocyte precursor cell,12.37710149824383,within_site
Donor_946,pvalb GABAergic interneuron,M,pvalb GABAergic interneuron,5.598708665595203,within_site
Donor_946,sst GABAergic interneuron,M,sst GABAergic interneuron,8.400346792275153,within_site
Donor_957,GABAergic neuron,M,GABAergic neuron,18.000478142099453,within_site
Donor_957,L2/3 intratelencephalic projecting glutamatergic neuron,M,L2/3 intratelencephalic projecting glutamatergic neuron,10.602531821009507,within_site
Donor_957,L2/3-6 intratelencephalic projecting glutamatergic neuron,M,L2/3-6 intratelencephalic projecting glutamatergic neuron,14.318348926193032,within_site
Donor_957,L6 corticothalamic-projecting glutamatergic cortical neuron,M,L6 corticothalamic-projecting glutamatergic cortical neuron,10.525534159068814,within_site
Donor_957,VIP GABAergic interneuron,M,VIP GABAergic interneuron,14.652898714441786,within_site
Donor_957,astrocyte,M,astrocyte,9.485697128730358,within_site
Donor_957,endothelial cell,M,endothelial cell,32.32785220738676,within_site
Donor_957,lamp5 GABAergic interneuron,M,lamp5 GABAergic interneuron,21.25876722965067,within_site
Donor_957,microglial cell,M,microglial cell,12.795271945290823,within_site
Donor_957,oligodendrocyte,M,oligodendrocyte,8.618003751079202,within_site
Donor_957,oligodendrocyte precursor cell,M,oligodendrocyte precursor cell,12.757715537538493,within_site
Donor_957,pericyte,M,pericyte,33.95141088878284,within_site
Donor_957,pvalb GABAergic interneuron,M,pvalb GABAergic interneuron,15.426371167605962,within_site
Donor_957,sst GABAergic interneuron,M,sst GABAergic interneuron,9.531487151707633,within_site
Donor_959,GABAergic neuron,H,GABAergic neuron,33.19354914079983,within_site
Donor_959,L2/3 intratelencephalic projecting glutamatergic neuron,H,L2/3 intratelencephalic projecting glutamatergic neuron,51.45909163894707,within_site
Donor_959,L2/3-6 intratelencephalic projecting glutamatergic neuron,H,L2/3-6 intratelencephalic projecting glutamatergic neuron,60.27130451863843,within_site
Donor_959,VIP GABAergic interneuron,H,VIP GABAergic interneuron,37.25139648433479,within_site
Donor_959,astrocyte,H,astrocyte,19.407718189073663,within_site
Donor_959,endothelial cell,H,endothelial cell,22.281292752179166,within_site
Donor_959,lamp5 GABAergic interneuron,H,lamp5 GABAergic interneuron,35.81309803485061,within_site
Donor_959,microglial cell,H,microglial cell,29.588995685124427,within_site
Donor_959,oligodendrocyte,H,oligodendrocyte,22.346994138135514,within_site
Donor_959,oligodendrocyte precursor cell,H,oligodendrocyte precursor cell,16.520573843963426,within_site
Donor_959,pericyte,H,pericyte,17.81895481979193,within_site
Donor_959,pvalb GABAergic interneuron,H,pvalb GABAergic interneuron,47.25812692419536,within_site
Donor_959,sst GABAergic interneuron,H,sst GABAergic interneuron,47.090066398589414,within_site
Donor_960,GABAergic neuron,H,GABAergic neuron,16.95769438991357,within_site
Donor_960,L2/3 intratelencephalic projecting glutamatergic neuron,H,L2/3 intratelencephalic projecting glutamatergic neuron,13.065044075809134,within_site
Donor_960,L2/3-6 intratelencephalic projecting glutamatergic neuron,H,L2/3-6 intratelencephalic projecting glutamatergic neuron,17.582124705264203,within_site
Donor_960,L5/6 near-projecting glutamatergic neuron,H,L5/6 near-projecting glutamatergic neuron,11.954155235695326,within_site
Donor_960,L6 corticothalamic-projecting glutamatergic cortical neuron,H,L6 corticothalamic-projecting glutamatergic cortical neuron,10.318912303290533,within_site
Donor_960,VIP GABAergic interneuron,H,VIP GABAergic interneuron,6.889628268846261,within_site
Donor_960,astrocyte,H,astrocyte,12.567951508178622,within_site
Donor_960,endothelial cell,H,endothelial cell,34.50044022657546,within_site
Donor_960,lamp5 GABAergic interneuron,H,lamp5 GABAergic interneuron,5.795665478085212,within_site
Donor_960,microglial cell,H,microglial cell,20.233347944120272,within_site
Donor_960,oligodendrocyte,H,oligodendrocyte,11.591873746839793,within_site
Donor_960,oligodendrocyte precursor cell,H,oligodendrocyte precursor cell,8.982141408105623,within_site
Donor_960,pvalb GABAergic interneuron,H,pvalb GABAergic interneuron,5.800235868250817,within_site
Donor_960,sst GABAergic interneuron,H,sst GABAergic interneuron,7.581728069161939,within_site
Donor_961,GABAergic neuron,H,GABAergic neuron,51.64926821962269,within_site
Donor_961,L2/3 intratelencephalic projecting glutamatergic neuron,H,L2/3 intratelencephalic projecting glutamatergic neuron,37.896036991408124,within_site
Donor_961,L2/3-6 intratelencephalic projecting glutamatergic neuron,H,L2/3-6 intratelencephalic projecting glutamatergic neuron,32.54226221838326,within_site
Donor_961,L5/6 near-projecting glutamatergic neuron,H,L5/6 near-projecting glutamatergic neuron,44.86397197913656,within_site
Donor_961,L6 corticothalamic-projecting glutamatergic cortical neuron,H,L6 corticothalamic-projecting glutamatergic cortical neuron,31.665202757680813,within_site
Donor_961,VIP GABAergic interneuron,H,VIP GABAergic interneuron,35.550159688750675,within_site
Donor_961,astrocyte,H,astrocyte,10.945067605503489,within_site
Donor_961,endothelial cell,H,endothelial cell,16.878556833760694,within_site
Donor_961,lamp5 GABAergic interneuron,H,lamp5 GABAergic interneuron,30.65270458401634,within_site
Donor_961,microglial cell,H,microglial cell,17.33553913836689,within_site
Donor_961,oligodendrocyte,H,oligodendrocyte,6.840002571232652,within_site
Donor_961,oligodendrocyte precursor cell,H,oligodendrocyte precursor cell,7.495836510902576,within_site
Donor_961,pericyte,H,pericyte,33.73849908745789,within_site
Donor_961,pvalb GABAergic interneuron,H,pvalb GABAergic interneuron,30.507671166596204,within_site
Donor_961,sst GABAergic interneuron,H,sst GABAergic interneuron,27.400964665706017,within_site
Donor_961,vascular leptomeningeal cell,H,vascular leptomeningeal cell,36.30734446208482,within_site
Donor_968,GABAergic neuron,M,GABAergic neuron,31.144450408400658,within_site
Donor_968,L2/3 intratelencephalic projecting glutamatergic neuron,M,L2/3 intratelencephalic projecting glutamatergic neuron,24.289268711470566,within_site
Donor_968,VIP GABAergic interneuron,M,VIP GABAergic interneuron,11.489426316038157,within_site
Donor_968,astrocyte,M,astrocyte,10.631955254963582,within_site
Donor_968,lamp5 GABAergic interneuron,M,lamp5 GABAergic interneuron,30.257013837678468,within_site
Donor_968,microglial cell,M,microglial cell,43.7675732556043,within_site
Donor_968,oligodendrocyte,M,oligodendrocyte,18.588517580745727,within_site
Donor_968,oligodendrocyte precursor cell,M,oligodendrocyte precursor cell,8.993912200802214,within_site
Donor_976,GABAergic neuron,H,GABAergic neuron,26.051569145579666,within_site
Donor_976,L2/3 intratelencephalic projecting glutamatergic neuron,H,L2/3 intratelencephalic projecting glutamatergic neuron,11.884158618398082,within_site
Donor_976,L2/3-6 intratelencephalic projecting glutamatergic neuron,H,L2/3-6 intratelencephalic projecting glutamatergic neuron,10.96454515821141,within_site
Donor_976,L5/6 near-projecting glutamatergic neuron,H,L5/6 near-projecting glutamatergic neuron,8.071310443669086,within_site
Donor_976,L6 corticothalamic-projecting glutamatergic cortical neuron,H,L6 corticothalamic-projecting glutamatergic cortical neuron,8.967228110358176,within_site
Donor_976,L6 intratelencephalic projecting glutamatergic neuron,H,L6 intratelencephalic projecting glutamatergic neuron,9.428945290665256,within_site
Donor_976,L6b glutamatergic neuron of the primary motor cortex,H,L6b glutamatergic neuron of the primary motor cortex,11.307705651992897,within_site
Donor_976,VIP GABAergic interneuron,H,VIP GABAergic interneuron,15.130716679308067,within_site
Donor_976,astrocyte,H,astrocyte,10.200444448359953,within_site
Donor_976,endothelial cell,H,endothelial cell,14.147396957564695,within_site
Donor_976,lamp5 GABAergic interneuron,H,lamp5 GABAergic interneuron,11.740742470421297,within_site
Donor_976,microglial cell,H,microglial cell,24.292478137899835,within_site
Donor_976,oligodendrocyte,H,oligodendrocyte,16.564375951686976,within_site
Donor_976,oligodendrocyte precursor cell,H,oligodendrocyte precursor cell,14.68293288557308,within_site
Donor_976,pericyte,H,pericyte,45.386009816528485,within_site
Donor_976,pvalb GABAergic interneuron,H,pvalb GABAergic interneuron,11.271226186745297,within_site
Donor_976,sst GABAergic interneuron,H,sst GABAergic interneuron,13.077287879534145,within_site
Donor_989,GABAergic neuron,H,GABAergic neuron,16.700579674905487,within_site
Donor_989,L2/3 intratelencephalic projecting glutamatergic neuron,H,L2/3 intratelencephalic projecting glutamatergic neuron,29.03187456821419,within_site
Donor_989,L2/3-6 intratelencephalic projecting glutamatergic neuron,H,L2/3-6 intratelencephalic projecting glutamatergic neuron,30.93152940122367,within_site
Donor_989,L5/6 near-projecting glutamatergic neuron,H,L5/6 near-projecting glutamatergic neuron,28.73782448077883,within_site
Donor_989,L6 intratelencephalic projecting glutamatergic neuron,H,L6 intratelencephalic projecting glutamatergic neuron,33.486090897789694,within_site
Donor_989,L6b glutamatergic neuron of the primary motor cortex,H,L6b glutamatergic neuron of the primary motor cortex,39.06558083776623,within_site
Donor_989,VIP GABAergic interneuron,H,VIP GABAergic interneuron,31.346993450510567,within_site
Donor_989,endothelial cell,H,endothelial cell,71.77582636043644,within_site
Donor_989,lamp5 GABAergic interneuron,H,lamp5 GABAergic interneuron,29.139312475986305,within_site
Donor_989,microglial cell,H,microglial cell,17.66754949140676,within_site
Donor_989,oligodendrocyte,H,oligodendrocyte,20.91310818365166,within_site
Donor_989,oligodendrocyte precursor cell,H,oligodendrocyte precursor cell,62.0942426739843,within_site
Donor_989,pvalb GABAergic interneuron,H,pvalb GABAergic interneuron,28.703771589619723,within_site
Donor_989,sst GABAergic interneuron,H,sst GABAergic interneuron,38.96707907043345,within_site
Donor_99,GABAergic neuron,H,GABAergic neuron,21.140409837239506,within_site
Donor_99,L2/3 intratelencephalic projecting glutamatergic neuron,H,L2/3 intratelencephalic projecting glutamatergic neuron,18.94909884252671,within_site
Donor_99,L2/3-6 intratelencephalic projecting glutamatergic neuron,H,L2/3-6 intratelencephalic projecting glutamatergic neuron,19.285768877065422,within_site
Donor_99,VIP GABAergic interneuron,H,VIP GABAergic interneuron,18.930074077843884,within_site
Donor_99,astrocyte,H,astrocyte,11.148268025906257,within_site
Donor_99,endothelial cell,H,endothelial cell,18.293262021615774,within_site
Donor_99,lamp5 GABAergic interneuron,H,lamp5 GABAergic interneuron,20.51626893357758,within_site
Donor_99,microglial cell,H,microglial cell,27.197806427044526,within_site
Donor_99,oligodendrocyte,H,oligodendrocyte,15.846362275569351,within_site
Donor_99,oligodendrocyte precursor cell,H,oligodendrocyte precursor cell,24.162531167855967,within_site
Donor_99,pvalb GABAergic interneuron,H,pvalb GABAergic interneuron,22.11237404919498,within_site
Donor_99,sst GABAergic interneuron,H,sst GABAergic interneuron,18.801621862546174,within_site
Donor_992,L2/3 intratelencephalic projecting glutamatergic neuron,H,L6 corticothalamic-projecting glutamatergic cortical neuron,115.16766439823448,within_site
Donor_992,VIP GABAergic interneuron,H,VIP GABAergic interneuron,79.36711277327865,within_site
Donor_992,astrocyte,H,astrocyte,31.7690400425615,within_site
Donor_992,endothelial cell,H,endothelial cell,36.92016094312911,within_site
Donor_992,microglial cell,H,perivascular macrophage,86.51239862823347,within_site
Donor_992,oligodendrocyte,H,oligodendrocyte,27.68528980356247,within_site
Donor_992,oligodendrocyte precursor cell,H,oligodendrocyte precursor cell,36.50769658943821,within_site
Donor_992,pericyte,H,pericyte,44.3520347010531,within_site
Donor_992,pvalb GABAergic interneuron,H,sst GABAergic interneuron,84.58171661695611,within_site
Donor_992,sst GABAergic interneuron,H,sst GABAergic interneuron,102.34489086981885,within_site
Donor_992,vascular leptomeningeal cell,H,vascular leptomeningeal cell,26.197357922526454,within_site
