donor,celltype,Source,age,pred
Donor_100,GABAergic neuron,H,21.0,35.467924376365396
Donor_100,L2/3 intratelencephalic projecting glutamatergic neuron,H,21.0,24.61027578110766
Donor_100,L2/3-6 intratelencephalic projecting glutamatergic neuron,H,21.0,23.72695764975385
Donor_100,L5/6 near-projecting glutamatergic neuron,H,21.0,42.93097404051979
Donor_100,L6 corticothalamic-projecting glutamatergic cortical neuron,H,21.0,48.42223076081741
Donor_100,L6 intratelencephalic projecting glutamatergic neuron,H,21.0,42.51737605330169
Donor_100,L6b glutamatergic neuron of the primary motor cortex,H,21.0,43.028086410835606
Donor_100,VIP GABAergic interneuron,H,21.0,36.01913362769517
Donor_100,astrocyte,H,21.0,32.67911767615112
Donor_100,endothelial cell,H,21.0,40.70780050145055
Donor_100,lamp5 GABAergic interneuron,H,21.0,41.89333034653307
Donor_100,microglial cell,H,21.0,35.553067732709344
Donor_100,oligodendrocyte,H,21.0,31.291784454557686
Donor_100,oligodendrocyte precursor cell,H,21.0,25.886224410543747
Donor_100,pericyte,H,21.0,35.184875541302794
Donor_100,pvalb GABAergic interneuron,H,21.0,29.12075332087943
Donor_100,sst GABAergic interneuron,H,21.0,28.716022712856585
Donor_100,vascular leptomeningeal cell,H,21.0,41.83694882922072
Donor_1000,GABAergic neuron,H,50.0,49.53294902367271
Donor_1000,L2/3 intratelencephalic projecting glutamatergic neuron,H,50.0,51.14609814137229
Donor_1000,L2/3-6 intratelencephalic projecting glutamatergic neuron,H,50.0,45.2027600506567
Donor_1000,L5/6 near-projecting glutamatergic neuron,H,50.0,45.03245726166847
Donor_1000,L6 corticothalamic-projecting glutamatergic cortical neuron,H,50.0,46.743737822261224
Donor_1000,L6 intratelencephalic projecting glutamatergic neuron,H,50.0,46.069141810668384
Donor_1000,L6b glutamatergic neuron of the primary motor cortex,H,50.0,44.86875221145354
Donor_1000,VIP GABAergic interneuron,H,50.0,50.18021324126854
Donor_1000,astrocyte,H,50.0,39.8980283061493
Donor_1000,endothelial cell,H,50.0,42.7119630356202
Donor_1000,lamp5 GABAergic interneuron,H,50.0,46.172020779146436
Donor_1000,microglial cell,H,50.0,50.21388665683305
Donor_1000,oligodendrocyte,H,50.0,41.53824301701355
Donor_1000,oligodendrocyte precursor cell,H,50.0,45.04181664557795
Donor_1000,pericyte,H,50.0,43.399610375060576
Donor_1000,pvalb GABAergic interneuron,H,50.0,41.20275960182913
Donor_1000,sst GABAergic interneuron,H,50.0,45.8484590410403
Donor_1009,GABAergic neuron,H,48.0,36.768683792405966
Donor_1009,L2/3 intratelencephalic projecting glutamatergic neuron,H,48.0,46.12368207815985
Donor_1009,L2/3-6 intratelencephalic projecting glutamatergic neuron,H,48.0,28.72928903280225
Donor_1009,VIP GABAergic interneuron,H,48.0,43.314906252191065
Donor_1009,astrocyte,H,48.0,43.70911323748911
Donor_1009,endothelial cell,H,48.0,46.96865740875553
Donor_1009,lamp5 GABAergic interneuron,H,48.0,43.04064048740962
Donor_1009,microglial cell,H,48.0,39.99609174913148
Donor_1009,oligodendrocyte,H,48.0,47.72748649664468
Donor_1009,oligodendrocyte precursor cell,H,48.0,45.72159308994261
Donor_1009,pericyte,H,48.0,36.948486399169326
Donor_1009,pvalb GABAergic interneuron,H,48.0,38.68432928802651
Donor_1009,sst GABAergic interneuron,H,48.0,46.657194726637066
Donor_1013,GABAergic neuron,H,54.0,53.17651165142898
Donor_1013,L2/3 intratelencephalic projecting glutamatergic neuron,H,54.0,50.3633742572168
Donor_1013,L2/3-6 intratelencephalic projecting glutamatergic neuron,H,54.0,53.916843148330656
Donor_1013,L5/6 near-projecting glutamatergic neuron,H,54.0,53.98018646883782
Donor_1013,L6 corticothalamic-projecting glutamatergic cortical neuron,H,54.0,53.5447786501069
Donor_1013,L6 intratelencephalic projecting glutamatergic neuron,H,54.0,54.71349217471591
Donor_1013,L6b glutamatergic neuron of the primary motor cortex,H,54.0,56.15780121722328
Donor_1013,VIP GABAergic interneuron,H,54.0,52.18667812410934
Donor_1013,astrocyte,H,54.0,50.59040279445834
Donor_1013,endothelial cell,H,54.0,50.67900305799634
Donor_1013,lamp5 GABAergic interneuron,H,54.0,54.16553296519058
Donor_1013,microglial cell,H,54.0,54.50851220218459
Donor_1013,oligodendrocyte,H,54.0,48.644252165303755
Donor_1013,oligodendrocyte precursor cell,H,54.0,54.62615413657794
Donor_1013,pericyte,H,54.0,50.62630617022397
Donor_1013,pvalb GABAergic interneuron,H,54.0,48.218047280309044
Donor_1013,sst GABAergic interneuron,H,54.0,51.593110271562786
Donor_1013,vascular leptomeningeal cell,H,54.0,41.472111145417685
Donor_1021,L2/3 intratelencephalic projecting glutamatergic neuron,M,80.0,78.9690639411229
Donor_1021,L2/3-6 intratelencephalic projecting glutamatergic neuron,M,80.0,75.60859766275591
Donor_1021,L5/6 near-projecting glutamatergic neuron,M,80.0,69.82522844217472
Donor_1021,L6 corticothalamic-projecting glutamatergic cortical neuron,M,80.0,71.43164297687372
Donor_1021,L6 intratelencephalic projecting glutamatergic neuron,M,80.0,71.93261862758592
Donor_1021,L6b glutamatergic neuron of the primary motor cortex,M,80.0,71.61881856815347
Donor_1021,VIP GABAergic interneuron,M,80.0,68.89151634462102
Donor_1021,astrocyte,M,80.0,85.85834377791977
Donor_1021,lamp5 GABAergic interneuron,M,80.0,82.11617824734225
Donor_1021,microglial cell,M,80.0,78.56415394764275
Donor_1021,oligodendrocyte,M,80.0,79.68682520310938
Donor_1021,oligodendrocyte precursor cell,M,80.0,77.73379547828573
Donor_1021,pvalb GABAergic interneuron,M,80.0,81.62076112619886
Donor_1021,sst GABAergic interneuron,M,80.0,78.41656296183794
Donor_1022,GABAergic neuron,M,55.0,44.09793739469407
Donor_1022,L2/3 intratelencephalic projecting glutamatergic neuron,M,55.0,58.32157878316431
Donor_1022,L2/3-6 intratelencephalic projecting glutamatergic neuron,M,55.0,47.98212601810059
Donor_1022,astrocyte,M,55.0,61.788267659320276
Donor_1022,microglial cell,M,55.0,62.071272348113084
Donor_1022,oligodendrocyte,M,55.0,59.894734356119876
Donor_1022,oligodendrocyte precursor cell,M,55.0,62.661685788603705
Donor_1022,pericyte,M,55.0,51.126177085277334
Donor_1029,GABAergic neuron,H,44.0,44.95980881564374
Donor_1029,L2/3 intratelencephalic projecting glutamatergic neuron,H,44.0,47.13148717068388
Donor_1029,L2/3-6 intratelencephalic projecting glutamatergic neuron,H,44.0,49.69388329296196
Donor_1029,L5/6 near-projecting glutamatergic neuron,H,44.0,37.78646874882887
Donor_1029,L6 corticothalamic-projecting glutamatergic cortical neuron,H,44.0,43.531336211094086
Donor_1029,L6 intratelencephalic projecting glutamatergic neuron,H,44.0,48.36483247206094
Donor_1029,L6b glutamatergic neuron of the primary motor cortex,H,44.0,44.6002454376014
Donor_1029,VIP GABAergic interneuron,H,44.0,44.67649218965317
Donor_1029,astrocyte,H,44.0,46.656762113187135
Donor_1029,endothelial cell,H,44.0,47.20750356135427
Donor_1029,lamp5 GABAergic interneuron,H,44.0,46.442417674002726
Donor_1029,microglial cell,H,44.0,46.461450632515614
Donor_1029,oligodendrocyte,H,44.0,43.84068673937482
Donor_1029,oligodendrocyte precursor cell,H,44.0,46.13398528628522
Donor_1029,pericyte,H,44.0,50.105990527330974
Donor_1029,pvalb GABAergic interneuron,H,44.0,44.7932861545578
Donor_1029,smooth muscle cell,H,44.0,51.05834202958577
Donor_1029,sst GABAergic interneuron,H,44.0,46.22511373104099
Donor_1029,vascular leptomeningeal cell,H,44.0,51.63993256161097
Donor_1030,GABAergic neuron,M,36.0,48.66649985555759
Donor_1030,L2/3 intratelencephalic projecting glutamatergic neuron,M,36.0,47.99001420790341
Donor_1030,L2/3-6 intratelencephalic projecting glutamatergic neuron,M,36.0,50.51551178178288
Donor_1030,VIP GABAergic interneuron,M,36.0,49.21269126815912
Donor_1030,astrocyte,M,36.0,42.951486516585355
Donor_1030,lamp5 GABAergic interneuron,M,36.0,53.57501729302776
Donor_1030,microglial cell,M,36.0,48.1707335975302
Donor_1030,oligodendrocyte,M,36.0,46.032880238997315
Donor_1030,oligodendrocyte precursor cell,M,36.0,38.5784079473401
Donor_1030,pericyte,M,36.0,43.98462802067873
Donor_1030,pvalb GABAergic interneuron,M,36.0,50.547455859368334
Donor_1030,sst GABAergic interneuron,M,36.0,39.26877609616289
Donor_1035,L2/3 intratelencephalic projecting glutamatergic neuron,M,81.0,74.33260241745056
Donor_1035,L2/3-6 intratelencephalic projecting glutamatergic neuron,M,81.0,71.86763569641394
Donor_1035,L6 intratelencephalic projecting glutamatergic neuron,M,81.0,77.29528650395629
Donor_1035,VIP GABAergic interneuron,M,81.0,74.33912728492977
Donor_1035,astrocyte,M,81.0,73.16067526533543
Donor_1035,lamp5 GABAergic interneuron,M,81.0,76.22962402146133
Donor_1035,microglial cell,M,81.0,76.25572082524587
Donor_1035,oligodendrocyte,M,81.0,70.24326803684214
Donor_1035,oligodendrocyte precursor cell,M,81.0,77.9483040178572
Donor_1035,pvalb GABAergic interneuron,M,81.0,70.07534539481736
Donor_1037,L2/3 intratelencephalic projecting glutamatergic neuron,M,86.0,67.09076329345892
Donor_1037,L2/3-6 intratelencephalic projecting glutamatergic neuron,M,86.0,75.54055481469871
Donor_1037,astrocyte,M,86.0,82.2177301619339
Donor_1037,microglial cell,M,86.0,80.07196423555017
Donor_1037,oligodendrocyte,M,86.0,66.7994728904536
Donor_1037,oligodendrocyte precursor cell,M,86.0,74.01063246073105
Donor_1045,GABAergic neuron,M,46.0,70.50986360498715
Donor_1045,L2/3 intratelencephalic projecting glutamatergic neuron,M,46.0,47.98876614393702
Donor_1045,L2/3-6 intratelencephalic projecting glutamatergic neuron,M,46.0,50.10337851007887
Donor_1045,VIP GABAergic interneuron,M,46.0,58.919152665889264
Donor_1045,astrocyte,M,46.0,45.77229340492157
Donor_1045,lamp5 GABAergic interneuron,M,46.0,59.34076158008573
Donor_1045,microglial cell,M,46.0,46.92955510172441
Donor_1045,oligodendrocyte,M,46.0,46.19316231627431
Donor_1045,oligodendrocyte precursor cell,M,46.0,50.438194025282044
Donor_1045,pvalb GABAergic interneuron,M,46.0,60.34632427171058
Donor_1045,sst GABAergic interneuron,M,46.0,45.588352853322675
Donor_1059,GABAergic neuron,M,70.0,59.30566621131506
Donor_1059,L2/3 intratelencephalic projecting glutamatergic neuron,M,70.0,64.10461970536372
Donor_1059,L2/3-6 intratelencephalic projecting glutamatergic neuron,M,70.0,71.02349123958018
Donor_1059,L5/6 near-projecting glutamatergic neuron,M,70.0,55.86648170639188
Donor_1059,L6 corticothalamic-projecting glutamatergic cortical neuron,M,70.0,64.9279882920816
Donor_1059,L6 intratelencephalic projecting glutamatergic neuron,M,70.0,65.5941917503266
Donor_1059,L6b glutamatergic neuron of the primary motor cortex,M,70.0,61.09426789870884
Donor_1059,VIP GABAergic interneuron,M,70.0,70.79302795879217
Donor_1059,astrocyte,M,70.0,65.13893428977497
Donor_1059,lamp5 GABAergic interneuron,M,70.0,72.18885387135795
Donor_1059,microglial cell,M,70.0,66.84379537296351
Donor_1059,oligodendrocyte,M,70.0,77.07720591828186
Donor_1059,oligodendrocyte precursor cell,M,70.0,73.2667395126527
Donor_1059,pvalb GABAergic interneuron,M,70.0,69.84633785399176
Donor_1059,sst GABAergic interneuron,M,70.0,72.87640111957853
Donor_106,GABAergic neuron,M,70.0,68.07784524408524
Donor_106,L2/3 intratelencephalic projecting glutamatergic neuron,M,70.0,63.23620511797094
Donor_106,L2/3-6 intratelencephalic projecting glutamatergic neuron,M,70.0,62.78308164542808
Donor_106,VIP GABAergic interneuron,M,70.0,62.65796191070446
Donor_106,astrocyte,M,70.0,70.9112451461772
Donor_106,lamp5 GABAergic interneuron,M,70.0,76.46735134159317
Donor_106,microglial cell,M,70.0,74.32907350219604
Donor_106,oligodendrocyte,M,70.0,86.29920858027711
Donor_106,oligodendrocyte precursor cell,M,70.0,64.84240000623831
Donor_106,pvalb GABAergic interneuron,M,70.0,68.69058603791515
Donor_106,sst GABAergic interneuron,M,70.0,73.66592793943353
Donor_1062,GABAergic neuron,M,70.0,60.553863913628014
Donor_1062,L2/3 intratelencephalic projecting glutamatergic neuron,M,70.0,71.06528606531313
Donor_1062,L2/3-6 intratelencephalic projecting glutamatergic neuron,M,70.0,73.84318790835226
Donor_1062,L6 corticothalamic-projecting glutamatergic cortical neuron,M,70.0,64.62808160598405
Donor_1062,VIP GABAergic interneuron,M,70.0,61.9994722556199
Donor_1062,astrocyte,M,70.0,72.15703800137833
Donor_1062,endothelial cell,M,70.0,63.036318649518094
Donor_1062,lamp5 GABAergic interneuron,M,70.0,62.03500269314232
Donor_1062,microglial cell,M,70.0,57.28747032313724
Donor_1062,oligodendrocyte,M,70.0,59.90234542862092
Donor_1062,oligodendrocyte precursor cell,M,70.0,66.9611415977493
Donor_1062,pericyte,M,70.0,54.43836553822453
Donor_1062,pvalb GABAergic interneuron,M,70.0,63.267227230261085
Donor_1062,sst GABAergic interneuron,M,70.0,62.59811305413151
Donor_1062,vascular leptomeningeal cell,M,70.0,67.74831046951958
Donor_1070,GABAergic neuron,M,62.0,54.73177001536451
Donor_1070,L2/3 intratelencephalic projecting glutamatergic neuron,M,62.0,66.67413919390584
Donor_1070,L2/3-6 intratelencephalic projecting glutamatergic neuron,M,62.0,56.92271249811478
Donor_1070,L6 corticothalamic-projecting glutamatergic cortical neuron,M,62.0,60.17501102193425
Donor_1070,L6 intratelencephalic projecting glutamatergic neuron,M,62.0,64.19281411069228
Donor_1070,VIP GABAergic interneuron,M,62.0,59.5652142693437
Donor_1070,astrocyte,M,62.0,57.69097036083168
Donor_1070,lamp5 GABAergic interneuron,M,62.0,56.110125128482814
Donor_1070,microglial cell,M,62.0,49.977776433670684
Donor_1070,oligodendrocyte,M,62.0,58.26309107414992
Donor_1070,oligodendrocyte precursor cell,M,62.0,59.57229114134485
Donor_1070,pvalb GABAergic interneuron,M,62.0,63.69922909508629
Donor_1070,sst GABAergic interneuron,M,62.0,55.967547016868814
Donor_1076,GABAergic neuron,M,70.0,57.726781799582405
Donor_1076,L2/3 intratelencephalic projecting glutamatergic neuron,M,70.0,68.92236971532908
Donor_1076,VIP GABAergic interneuron,M,70.0,70.20729536942584
Donor_1076,astrocyte,M,70.0,68.98714241326658
Donor_1076,endothelial cell,M,70.0,67.13912318337083
Donor_1076,lamp5 GABAergic interneuron,M,70.0,76.05338037623493
Donor_1076,microglial cell,M,70.0,65.97226534759386
Donor_1076,oligodendrocyte,M,70.0,60.487524859166065
Donor_1076,oligodendrocyte precursor cell,M,70.0,64.95947197429712
Donor_1076,pericyte,M,70.0,67.51545718439978
Donor_1076,pvalb GABAergic interneuron,M,70.0,66.55780300135415
Donor_1087,GABAergic neuron,M,89.0,70.6534020460696
Donor_1087,L2/3 intratelencephalic projecting glutamatergic neuron,M,89.0,75.30685121771506
Donor_1087,L2/3-6 intratelencephalic projecting glutamatergic neuron,M,89.0,70.9373855652839
Donor_1087,L6 corticothalamic-projecting glutamatergic cortical neuron,M,89.0,70.63483221864138
Donor_1087,L6 intratelencephalic projecting glutamatergic neuron,M,89.0,64.53980846458461
Donor_1087,VIP GABAergic interneuron,M,89.0,77.47629794254573
Donor_1087,astrocyte,M,89.0,78.28552411670341
Donor_1087,endothelial cell,M,89.0,69.99485902426918
Donor_1087,lamp5 GABAergic interneuron,M,89.0,65.8427849885031
Donor_1087,microglial cell,M,89.0,75.177675586491
Donor_1087,oligodendrocyte,M,89.0,73.27393649288175
Donor_1087,oligodendrocyte precursor cell,M,89.0,74.5657815399468
Donor_1087,pvalb GABAergic interneuron,M,89.0,73.93886714121683
Donor_1087,sst GABAergic interneuron,M,89.0,81.99567746748237
Donor_1088,GABAergic neuron,H,48.0,47.38837417043735
Donor_1088,L2/3 intratelencephalic projecting glutamatergic neuron,H,48.0,50.05415674828939
Donor_1088,L2/3-6 intratelencephalic projecting glutamatergic neuron,H,48.0,46.74520436060113
Donor_1088,L5/6 near-projecting glutamatergic neuron,H,48.0,44.81869127637348
Donor_1088,L6 corticothalamic-projecting glutamatergic cortical neuron,H,48.0,42.34111338898155
Donor_1088,L6 intratelencephalic projecting glutamatergic neuron,H,48.0,48.680854957304916
Donor_1088,L6b glutamatergic neuron of the primary motor cortex,H,48.0,44.30448996430611
Donor_1088,VIP GABAergic interneuron,H,48.0,49.00304226871811
Donor_1088,astrocyte,H,48.0,47.85970468452666
Donor_1088,endothelial cell,H,48.0,44.457695935651714
Donor_1088,lamp5 GABAergic interneuron,H,48.0,40.739574033881915
Donor_1088,microglial cell,H,48.0,48.32666118861306
Donor_1088,oligodendrocyte,H,48.0,48.677872663981724
Donor_1088,oligodendrocyte precursor cell,H,48.0,47.173986101593705
Donor_1088,pericyte,H,48.0,44.92731543539788
Donor_1088,pvalb GABAergic interneuron,H,48.0,41.46795455315716
Donor_1088,sst GABAergic interneuron,H,48.0,43.7992421093939
Donor_1088,vascular leptomeningeal cell,H,48.0,43.25715989130206
Donor_1100,GABAergic neuron,H,43.0,46.902418752147476
Donor_1100,L2/3 intratelencephalic projecting glutamatergic neuron,H,43.0,36.45991701830178
Donor_1100,L2/3-6 intratelencephalic projecting glutamatergic neuron,H,43.0,44.74590113274939
Donor_1100,VIP GABAergic interneuron,H,43.0,48.14025545930584
Donor_1100,astrocyte,H,43.0,44.4425185238222
Donor_1100,endothelial cell,H,43.0,50.043830286560244
Donor_1100,lamp5 GABAergic interneuron,H,43.0,43.86647722393349
Donor_1100,microglial cell,H,43.0,39.510611741830544
Donor_1100,oligodendrocyte,H,43.0,44.45753962396054
Donor_1100,oligodendrocyte precursor cell,H,43.0,41.06782978054061
Donor_1100,pericyte,H,43.0,49.66783253035055
Donor_1100,pvalb GABAergic interneuron,H,43.0,44.23824621731524
Donor_1100,sst GABAergic interneuron,H,43.0,41.32813526018565
Donor_1107,GABAergic neuron,M,72.0,55.23063250836731
Donor_1107,L2/3 intratelencephalic projecting glutamatergic neuron,M,72.0,56.73511245598962
Donor_1107,L2/3-6 intratelencephalic projecting glutamatergic neuron,M,72.0,60.0913712526456
Donor_1107,L6 corticothalamic-projecting glutamatergic cortical neuron,M,72.0,67.23543328945739
Donor_1107,L6 intratelencephalic projecting glutamatergic neuron,M,72.0,64.166719378339
Donor_1107,L6b glutamatergic neuron of the primary motor cortex,M,72.0,66.12392805523575
Donor_1107,VIP GABAergic interneuron,M,72.0,59.67191939121124
Donor_1107,astrocyte,M,72.0,51.89776105480392
Donor_1107,lamp5 GABAergic interneuron,M,72.0,52.89029845155513
Donor_1107,microglial cell,M,72.0,67.12877187518745
Donor_1107,oligodendrocyte,M,72.0,56.28686865409646
Donor_1107,oligodendrocyte precursor cell,M,72.0,60.835226544719724
Donor_1107,pvalb GABAergic interneuron,M,72.0,55.422121703239455
Donor_1107,sst GABAergic interneuron,M,72.0,47.83663045350674
Donor_111,GABAergic neuron,H,56.0,44.555571032944684
Donor_111,L2/3 intratelencephalic projecting glutamatergic neuron,H,56.0,50.29209236320937
Donor_111,L2/3-6 intratelencephalic projecting glutamatergic neuron,H,56.0,53.364008455104184
Donor_111,L5/6 near-projecting glutamatergic neuron,H,56.0,50.57563481294084
Donor_111,L6 corticothalamic-projecting glutamatergic cortical neuron,H,56.0,48.6393279972467
Donor_111,L6 intratelencephalic projecting glutamatergic neuron,H,56.0,52.87315043626393
Donor_111,L6b glutamatergic neuron of the primary motor cortex,H,56.0,49.11502078793783
Donor_111,VIP GABAergic interneuron,H,56.0,42.480411022304395
Donor_111,astrocyte,H,56.0,48.530550347721466
Donor_111,endothelial cell,H,56.0,42.75332279548587
Donor_111,lamp5 GABAergic interneuron,H,56.0,43.40698970518038
Donor_111,microglial cell,H,56.0,51.49257406942823
Donor_111,oligodendrocyte,H,56.0,47.66369651626701
Donor_111,oligodendrocyte precursor cell,H,56.0,46.50869724436779
Donor_111,pericyte,H,56.0,41.415100684493396
Donor_111,perivascular macrophage,H,56.0,37.11964134972563
Donor_111,pvalb GABAergic interneuron,H,56.0,47.0903127486004
Donor_111,smooth muscle cell,H,56.0,51.604876720967425
Donor_111,sst GABAergic interneuron,H,56.0,47.0668498744524
Donor_111,vascular leptomeningeal cell,H,56.0,29.33745652782079
Donor_1117,GABAergic neuron,H,40.0,42.71257207923106
Donor_1117,L2/3 intratelencephalic projecting glutamatergic neuron,H,40.0,39.0473195726203
Donor_1117,L2/3-6 intratelencephalic projecting glutamatergic neuron,H,40.0,42.41100114209874
Donor_1117,L5/6 near-projecting glutamatergic neuron,H,40.0,47.27258592398978
Donor_1117,L6 corticothalamic-projecting glutamatergic cortical neuron,H,40.0,35.556730937482776
Donor_1117,L6 intratelencephalic projecting glutamatergic neuron,H,40.0,45.62892970823182
Donor_1117,VIP GABAergic interneuron,H,40.0,40.41699501148579
Donor_1117,astrocyte,H,40.0,36.79423842061387
Donor_1117,endothelial cell,H,40.0,55.30687994102723
Donor_1117,lamp5 GABAergic interneuron,H,40.0,46.17836680565954
Donor_1117,microglial cell,H,40.0,45.382380257159944
Donor_1117,oligodendrocyte,H,40.0,39.07594095522814
Donor_1117,oligodendrocyte precursor cell,H,40.0,41.55490584240286
Donor_1117,pericyte,H,40.0,44.65960746213481
Donor_1117,pvalb GABAergic interneuron,H,40.0,41.68546318409604
Donor_1117,sst GABAergic interneuron,H,40.0,42.052342025584494
Donor_1124,GABAergic neuron,M,79.0,67.46949680093853
Donor_1124,L2/3 intratelencephalic projecting glutamatergic neuron,M,79.0,77.50706168361556
Donor_1124,L2/3-6 intratelencephalic projecting glutamatergic neuron,M,79.0,73.66231296408458
Donor_1124,VIP GABAergic interneuron,M,79.0,63.97288214628307
Donor_1124,astrocyte,M,79.0,75.67911544901986
Donor_1124,lamp5 GABAergic interneuron,M,79.0,63.83572008163075
Donor_1124,microglial cell,M,79.0,77.30942045198626
Donor_1124,oligodendrocyte,M,79.0,76.67091058348427
Donor_1124,oligodendrocyte precursor cell,M,79.0,69.72634434826142
Donor_1124,pvalb GABAergic interneuron,M,79.0,57.644324128644556
Donor_1124,sst GABAergic interneuron,M,79.0,52.93752020856255
Donor_1136,GABAergic neuron,H,50.0,47.28157117676222
Donor_1136,L2/3 intratelencephalic projecting glutamatergic neuron,H,50.0,46.28453529893491
Donor_1136,L2/3-6 intratelencephalic projecting glutamatergic neuron,H,50.0,50.35392533483632
Donor_1136,L5/6 near-projecting glutamatergic neuron,H,50.0,48.560089319142016
Donor_1136,L6 corticothalamic-projecting glutamatergic cortical neuron,H,50.0,50.37450069938904
Donor_1136,L6 intratelencephalic projecting glutamatergic neuron,H,50.0,47.36026976097155
Donor_1136,L6b glutamatergic neuron of the primary motor cortex,H,50.0,51.9604765625924
Donor_1136,VIP GABAergic interneuron,H,50.0,46.10229625569018
Donor_1136,astrocyte,H,50.0,48.9196932918146
Donor_1136,endothelial cell,H,50.0,44.07796653197366
Donor_1136,lamp5 GABAergic interneuron,H,50.0,42.25799032637198
Donor_1136,microglial cell,H,50.0,47.7862343597256
Donor_1136,oligodendrocyte,H,50.0,50.28152163316624
Donor_1136,oligodendrocyte precursor cell,H,50.0,48.12862208972855
Donor_1136,pericyte,H,50.0,44.00581983913095
Donor_1136,pvalb GABAergic interneuron,H,50.0,49.902891661915156
Donor_1136,sst GABAergic interneuron,H,50.0,47.88141955483475
Donor_1137,GABAergic neuron,H,61.0,49.613101506631224
Donor_1137,L2/3 intratelencephalic projecting glutamatergic neuron,H,61.0,49.68963488940859
Donor_1137,L2/3-6 intratelencephalic projecting glutamatergic neuron,H,61.0,52.008513154857184
Donor_1137,L5/6 near-projecting glutamatergic neuron,H,61.0,45.74884171299671
Donor_1137,L6 corticothalamic-projecting glutamatergic cortical neuron,H,61.0,53.339179447653294
Donor_1137,L6 intratelencephalic projecting glutamatergic neuron,H,61.0,48.43296117173878
Donor_1137,L6b glutamatergic neuron of the primary motor cortex,H,61.0,48.31494728674208
Donor_1137,VIP GABAergic interneuron,H,61.0,47.95326912438318
Donor_1137,astrocyte,H,61.0,58.15638315738658
Donor_1137,endothelial cell,H,61.0,51.72713516897112
Donor_1137,lamp5 GABAergic interneuron,H,61.0,48.76715109129509
Donor_1137,microglial cell,H,61.0,42.82939557276938
Donor_1137,oligodendrocyte,H,61.0,49.12954499077229
Donor_1137,oligodendrocyte precursor cell,H,61.0,61.43047806956756
Donor_1137,pericyte,H,61.0,43.09385989284567
Donor_1137,pvalb GABAergic interneuron,H,61.0,47.94361768013324
Donor_1137,sst GABAergic interneuron,H,61.0,48.174944107171186
Donor_1137,vascular leptomeningeal cell,H,61.0,36.24514202785509
Donor_1138,GABAergic neuron,M,53.0,69.45122601193593
Donor_1138,L2/3 intratelencephalic projecting glutamatergic neuron,M,53.0,70.15579558384535
Donor_1138,L2/3-6 intratelencephalic projecting glutamatergic neuron,M,53.0,68.66985993186579
Donor_1138,L5/6 near-projecting glutamatergic neuron,M,53.0,58.969749331063404
Donor_1138,L6 corticothalamic-projecting glutamatergic cortical neuron,M,53.0,66.81705797385447
Donor_1138,L6 intratelencephalic projecting glutamatergic neuron,M,53.0,64.42462197478706
Donor_1138,L6b glutamatergic neuron of the primary motor cortex,M,53.0,64.95845856823502
Donor_1138,VIP GABAergic interneuron,M,53.0,76.72268396543157
Donor_1138,astrocyte,M,53.0,75.10992218091633
Donor_1138,endothelial cell,M,53.0,64.18245168889554
Donor_1138,lamp5 GABAergic interneuron,M,53.0,74.86988709597705
Donor_1138,microglial cell,M,53.0,75.37439177929863
Donor_1138,oligodendrocyte,M,53.0,65.18921357918967
Donor_1138,oligodendrocyte precursor cell,M,53.0,80.566601497457
Donor_1138,pericyte,M,53.0,62.214594049073256
Donor_1138,pvalb GABAergic interneuron,M,53.0,66.5947987041
Donor_1138,sst GABAergic interneuron,M,53.0,71.51008183545713
Donor_1150,GABAergic neuron,M,40.0,54.00259595226406
Donor_1150,L2/3 intratelencephalic projecting glutamatergic neuron,M,40.0,44.75337840353106
Donor_1150,L2/3-6 intratelencephalic projecting glutamatergic neuron,M,40.0,47.85825987568057
Donor_1150,L6 corticothalamic-projecting glutamatergic cortical neuron,M,40.0,55.6117128735468
Donor_1150,L6 intratelencephalic projecting glutamatergic neuron,M,40.0,54.095857431084696
Donor_1150,VIP GABAergic interneuron,M,40.0,50.3264197640769
Donor_1150,astrocyte,M,40.0,46.521958034212396
Donor_1150,endothelial cell,M,40.0,59.745891159597875
Donor_1150,lamp5 GABAergic interneuron,M,40.0,50.78103290689029
Donor_1150,microglial cell,M,40.0,54.987678063732915
Donor_1150,oligodendrocyte,M,40.0,45.762095698919225
Donor_1150,oligodendrocyte precursor cell,M,40.0,51.892496292011955
Donor_1150,pvalb GABAergic interneuron,M,40.0,55.264263059351336
Donor_1150,sst GABAergic interneuron,M,40.0,51.53157527878425
Donor_1157,GABAergic neuron,H,50.0,46.43876034865765
Donor_1157,L2/3 intratelencephalic projecting glutamatergic neuron,H,50.0,50.038383000741646
Donor_1157,L2/3-6 intratelencephalic projecting glutamatergic neuron,H,50.0,48.173970426470916
Donor_1157,L5/6 near-projecting glutamatergic neuron,H,50.0,44.92913227427364
Donor_1157,L6 corticothalamic-projecting glutamatergic cortical neuron,H,50.0,47.53843097815772
Donor_1157,L6 intratelencephalic projecting glutamatergic neuron,H,50.0,50.097576366719686
Donor_1157,L6b glutamatergic neuron of the primary motor cortex,H,50.0,47.7026633546005
Donor_1157,VIP GABAergic interneuron,H,50.0,40.96390886120944
Donor_1157,astrocyte,H,50.0,52.05775838215318
Donor_1157,endothelial cell,H,50.0,47.48982569239863
Donor_1157,lamp5 GABAergic interneuron,H,50.0,47.87475862756266
Donor_1157,microglial cell,H,50.0,35.2320602013024
Donor_1157,oligodendrocyte,H,50.0,53.33220486097888
Donor_1157,oligodendrocyte precursor cell,H,50.0,52.591142547196554
Donor_1157,pericyte,H,50.0,51.09473938551565
Donor_1157,perivascular macrophage,H,50.0,39.040713912737374
Donor_1157,pvalb GABAergic interneuron,H,50.0,45.98067518732745
Donor_1157,sst GABAergic interneuron,H,50.0,49.99869490573563
Donor_1157,vascular leptomeningeal cell,H,50.0,45.15417485702279
Donor_1166,GABAergic neuron,M,80.0,73.921688118648
Donor_1166,L2/3 intratelencephalic projecting glutamatergic neuron,M,80.0,74.36931399837846
Donor_1166,L2/3-6 intratelencephalic projecting glutamatergic neuron,M,80.0,70.10742283890184
Donor_1166,L5/6 near-projecting glutamatergic neuron,M,80.0,61.639594432388485
Donor_1166,L6 corticothalamic-projecting glutamatergic cortical neuron,M,80.0,63.020127743986315
Donor_1166,L6 intratelencephalic projecting glutamatergic neuron,M,80.0,65.05968897358423
Donor_1166,VIP GABAergic interneuron,M,80.0,72.0649201304057
Donor_1166,astrocyte,M,80.0,71.3123961268484
Donor_1166,endothelial cell,M,80.0,68.05494231577254
Donor_1166,lamp5 GABAergic interneuron,M,80.0,70.17377206641072
Donor_1166,microglial cell,M,80.0,71.29836728425403
Donor_1166,oligodendrocyte,M,80.0,73.68578596681498
Donor_1166,oligodendrocyte precursor cell,M,80.0,73.2623302317773
Donor_1166,pericyte,M,80.0,58.61881612744186
Donor_1166,pvalb GABAergic interneuron,M,80.0,74.87128331054588
Donor_1166,sst GABAergic interneuron,M,80.0,75.13215301072637
Donor_1174,L2/3 intratelencephalic projecting glutamatergic neuron,H,42.0,47.669716819848276
Donor_1174,L2/3-6 intratelencephalic projecting glutamatergic neuron,H,42.0,46.508218848092454
Donor_1174,L5/6 near-projecting glutamatergic neuron,H,42.0,46.28097304537675
Donor_1174,L6 corticothalamic-projecting glutamatergic cortical neuron,H,42.0,43.50092580193644
Donor_1174,L6 intratelencephalic projecting glutamatergic neuron,H,42.0,51.35781609863482
Donor_1174,L6b glutamatergic neuron of the primary motor cortex,H,42.0,50.16470103877375
Donor_1174,VIP GABAergic interneuron,H,42.0,44.43042139924735
Donor_1174,astrocyte,H,42.0,57.021248932017684
Donor_1174,endothelial cell,H,42.0,59.55418668174518
Donor_1174,lamp5 GABAergic interneuron,H,42.0,46.707339742322894
Donor_1174,microglial cell,H,42.0,44.474690313586294
Donor_1174,oligodendrocyte,H,42.0,49.2411519017291
Donor_1174,oligodendrocyte precursor cell,H,42.0,42.62065545327561
Donor_1174,pericyte,H,42.0,50.747754576717426
Donor_1174,pvalb GABAergic interneuron,H,42.0,39.867792861831
Donor_1174,sst GABAergic interneuron,H,42.0,47.92450557331537
Donor_1175,GABAergic neuron,M,76.0,57.94906671044358
Donor_1175,L2/3 intratelencephalic projecting glutamatergic neuron,M,76.0,64.32600357671569
Donor_1175,L2/3-6 intratelencephalic projecting glutamatergic neuron,M,76.0,65.37475090248135
Donor_1175,L6 corticothalamic-projecting glutamatergic cortical neuron,M,76.0,62.49352823404053
Donor_1175,L6 intratelencephalic projecting glutamatergic neuron,M,76.0,65.8788204559397
Donor_1175,VIP GABAergic interneuron,M,76.0,57.88591885113799
Donor_1175,astrocyte,M,76.0,76.3297814535533
Donor_1175,lamp5 GABAergic interneuron,M,76.0,56.54578899530017
Donor_1175,microglial cell,M,76.0,60.07428393853748
Donor_1175,oligodendrocyte,M,76.0,63.06253020007004
Donor_1175,oligodendrocyte precursor cell,M,76.0,69.99773397012098
Donor_1175,pvalb GABAergic interneuron,M,76.0,60.44135943631372
Donor_1175,sst GABAergic interneuron,M,76.0,62.93690451679984
Donor_1178,GABAergic neuron,H,53.0,52.966537356326185
Donor_1178,L2/3 intratelencephalic projecting glutamatergic neuron,H,53.0,51.97844890799328
Donor_1178,L2/3-6 intratelencephalic projecting glutamatergic neuron,H,53.0,48.97136475045541
Donor_1178,L5/6 near-projecting glutamatergic neuron,H,53.0,49.146444149599176
Donor_1178,L6 corticothalamic-projecting glutamatergic cortical neuron,H,53.0,51.43321577873007
Donor_1178,L6 intratelencephalic projecting glutamatergic neuron,H,53.0,53.372221503781454
Donor_1178,L6b glutamatergic neuron of the primary motor cortex,H,53.0,56.1484170485634
Donor_1178,VIP GABAergic interneuron,H,53.0,50.66494083859672
Donor_1178,astrocyte,H,53.0,44.56860812590933
Donor_1178,endothelial cell,H,53.0,44.02098747657248
Donor_1178,lamp5 GABAergic interneuron,H,53.0,50.83141347573229
Donor_1178,microglial cell,H,53.0,44.275883475029
Donor_1178,oligodendrocyte,H,53.0,57.524552417484806
Donor_1178,oligodendrocyte precursor cell,H,53.0,44.62073622542851
Donor_1178,pericyte,H,53.0,42.779306885179786
Donor_1178,perivascular macrophage,H,53.0,39.5243567167504
Donor_1178,pvalb GABAergic interneuron,H,53.0,56.915950402611514
Donor_1178,sst GABAergic interneuron,H,53.0,50.19751895394215
Donor_1178,vascular leptomeningeal cell,H,53.0,52.274428578888475
Donor_1181,astrocyte,H,50.0,42.94533069567067
Donor_1181,oligodendrocyte,H,50.0,49.12261546496745
Donor_1181,oligodendrocyte precursor cell,H,50.0,50.99583473854533
Donor_1183,L2/3 intratelencephalic projecting glutamatergic neuron,H,61.0,60.768921109195006
Donor_1183,L2/3-6 intratelencephalic projecting glutamatergic neuron,H,61.0,55.37463680868812
Donor_1183,L6 intratelencephalic projecting glutamatergic neuron,H,61.0,58.49767705754986
Donor_1183,VIP GABAergic interneuron,H,61.0,57.98197372919729
Donor_1183,astrocyte,H,61.0,52.46410149168355
Donor_1183,endothelial cell,H,61.0,51.50604487718766
Donor_1183,oligodendrocyte,H,61.0,50.6263578850666
Donor_1183,oligodendrocyte precursor cell,H,61.0,50.66622523780465
Donor_1183,pericyte,H,61.0,53.460910832911644
Donor_1183,pvalb GABAergic interneuron,H,61.0,55.86583313689963
Donor_1183,sst GABAergic interneuron,H,61.0,54.14971623603728
Donor_1185,GABAergic neuron,H,26.0,28.15429000192042
Donor_1185,L2/3 intratelencephalic projecting glutamatergic neuron,H,26.0,23.179782261239488
Donor_1185,L2/3-6 intratelencephalic projecting glutamatergic neuron,H,26.0,27.81294498226884
Donor_1185,L6b glutamatergic neuron of the primary motor cortex,H,26.0,35.93831066032939
Donor_1185,VIP GABAergic interneuron,H,26.0,35.102805224313336
Donor_1185,astrocyte,H,26.0,25.971222361495663
Donor_1185,endothelial cell,H,26.0,35.18642157228927
Donor_1185,lamp5 GABAergic interneuron,H,26.0,37.085344668102216
Donor_1185,microglial cell,H,26.0,38.78080648783476
Donor_1185,oligodendrocyte,H,26.0,35.5380810366685
Donor_1185,oligodendrocyte precursor cell,H,26.0,23.619067131425574
Donor_1185,pvalb GABAergic interneuron,H,26.0,36.27720145551401
Donor_1185,sst GABAergic interneuron,H,26.0,29.75195015775593
Donor_1187,GABAergic neuron,H,51.0,43.87849937213518
Donor_1187,L2/3 intratelencephalic projecting glutamatergic neuron,H,51.0,53.18596923389078
Donor_1187,L2/3-6 intratelencephalic projecting glutamatergic neuron,H,51.0,47.771756682811365
Donor_1187,L5/6 near-projecting glutamatergic neuron,H,51.0,53.9159722502735
Donor_1187,L6 corticothalamic-projecting glutamatergic cortical neuron,H,51.0,43.78452794272129
Donor_1187,VIP GABAergic interneuron,H,51.0,41.923264065306604
Donor_1187,astrocyte,H,51.0,59.89348428146287
Donor_1187,endothelial cell,H,51.0,51.680039901431904
Donor_1187,lamp5 GABAergic interneuron,H,51.0,32.69046028851118
Donor_1187,microglial cell,H,51.0,39.52840552053248
Donor_1187,oligodendrocyte,H,51.0,45.8993716972333
Donor_1187,oligodendrocyte precursor cell,H,51.0,48.402021499039805
Donor_1187,pvalb GABAergic interneuron,H,51.0,47.541674970403605
Donor_1187,sst GABAergic interneuron,H,51.0,52.70883957643907
Donor_119,L2/3 intratelencephalic projecting glutamatergic neuron,H,84.0,54.16790530250071
Donor_119,L2/3-6 intratelencephalic projecting glutamatergic neuron,H,84.0,63.1961980044325
Donor_119,L6 corticothalamic-projecting glutamatergic cortical neuron,H,84.0,62.00816301352419
Donor_119,L6 intratelencephalic projecting glutamatergic neuron,H,84.0,60.72983538958591
Donor_119,VIP GABAergic interneuron,H,84.0,51.02454557319335
Donor_119,astrocyte,H,84.0,63.69763223460236
Donor_119,lamp5 GABAergic interneuron,H,84.0,42.31496338148107
Donor_119,microglial cell,H,84.0,63.948888629041676
Donor_119,oligodendrocyte,H,84.0,59.78572528326686
Donor_119,oligodendrocyte precursor cell,H,84.0,54.21069592553434
Donor_119,pvalb GABAergic interneuron,H,84.0,48.43484336432581
Donor_119,sst GABAergic interneuron,H,84.0,66.98917632797901
Donor_1195,GABAergic neuron,H,65.0,41.21592507328975
Donor_1195,L2/3 intratelencephalic projecting glutamatergic neuron,H,65.0,60.11375445147776
Donor_1195,L2/3-6 intratelencephalic projecting glutamatergic neuron,H,65.0,53.51700590454565
Donor_1195,L5/6 near-projecting glutamatergic neuron,H,65.0,49.23333646851836
Donor_1195,L6 corticothalamic-projecting glutamatergic cortical neuron,H,65.0,47.00841019160132
Donor_1195,L6 intratelencephalic projecting glutamatergic neuron,H,65.0,48.693367697655354
Donor_1195,L6b glutamatergic neuron of the primary motor cortex,H,65.0,44.21614124440244
Donor_1195,VIP GABAergic interneuron,H,65.0,45.95434382942381
Donor_1195,endothelial cell,H,65.0,41.33003589173043
Donor_1195,lamp5 GABAergic interneuron,H,65.0,49.42766670924594
Donor_1195,microglial cell,H,65.0,40.367563277040574
Donor_1195,oligodendrocyte,H,65.0,57.84947645505502
Donor_1195,oligodendrocyte precursor cell,H,65.0,56.39066299026287
Donor_1195,pvalb GABAergic interneuron,H,65.0,53.905956675392446
Donor_1195,sst GABAergic interneuron,H,65.0,53.73479024527563
Donor_1199,GABAergic neuron,M,67.0,53.2614990356278
Donor_1199,L2/3 intratelencephalic projecting glutamatergic neuron,M,67.0,58.9359018431749
Donor_1199,L2/3-6 intratelencephalic projecting glutamatergic neuron,M,67.0,62.02325267538634
Donor_1199,L5/6 near-projecting glutamatergic neuron,M,67.0,61.87752904399661
Donor_1199,L6 corticothalamic-projecting glutamatergic cortical neuron,M,67.0,63.021451060667005
Donor_1199,L6 intratelencephalic projecting glutamatergic neuron,M,67.0,60.85976525167644
Donor_1199,L6b glutamatergic neuron of the primary motor cortex,M,67.0,57.249311913781305
Donor_1199,VIP GABAergic interneuron,M,67.0,56.050557263924404
Donor_1199,astrocyte,M,67.0,65.491125681194
Donor_1199,endothelial cell,M,67.0,66.2270562034047
Donor_1199,lamp5 GABAergic interneuron,M,67.0,59.56245499048212
Donor_1199,microglial cell,M,67.0,48.88798909705722
Donor_1199,oligodendrocyte,M,67.0,65.0968832017159
Donor_1199,oligodendrocyte precursor cell,M,67.0,56.570106142940446
Donor_1199,pvalb GABAergic interneuron,M,67.0,64.29243577670465
Donor_1199,sst GABAergic interneuron,M,67.0,71.96680321600795
Donor_1200,GABAergic neuron,H,57.0,43.5514599713486
Donor_1200,L2/3 intratelencephalic projecting glutamatergic neuron,H,57.0,43.86334780887368
Donor_1200,L2/3-6 intratelencephalic projecting glutamatergic neuron,H,57.0,45.416984618285106
Donor_1200,L5/6 near-projecting glutamatergic neuron,H,57.0,48.845983463090406
Donor_1200,L6 corticothalamic-projecting glutamatergic cortical neuron,H,57.0,49.77165944545039
Donor_1200,L6 intratelencephalic projecting glutamatergic neuron,H,57.0,43.22210071521289
Donor_1200,L6b glutamatergic neuron of the primary motor cortex,H,57.0,51.207862952772224
Donor_1200,VIP GABAergic interneuron,H,57.0,38.581401502057545
Donor_1200,astrocyte,H,57.0,45.78466287092857
Donor_1200,endothelial cell,H,57.0,44.32964379739003
Donor_1200,lamp5 GABAergic interneuron,H,57.0,29.30756460507192
Donor_1200,microglial cell,H,57.0,42.39588000592533
Donor_1200,oligodendrocyte,H,57.0,53.69422560707302
Donor_1200,oligodendrocyte precursor cell,H,57.0,63.12825563826596
Donor_1200,pericyte,H,57.0,39.70230711820965
Donor_1200,pvalb GABAergic interneuron,H,57.0,45.959687965439585
Donor_1200,sst GABAergic interneuron,H,57.0,42.539097643143904
Donor_1200,vascular leptomeningeal cell,H,57.0,32.577425054278216
Donor_1201,GABAergic neuron,H,41.0,46.77206219070401
Donor_1201,L2/3 intratelencephalic projecting glutamatergic neuron,H,41.0,53.74339184791611
Donor_1201,L2/3-6 intratelencephalic projecting glutamatergic neuron,H,41.0,46.56868016680035
Donor_1201,L5/6 near-projecting glutamatergic neuron,H,41.0,48.91421549925033
Donor_1201,L6 corticothalamic-projecting glutamatergic cortical neuron,H,41.0,48.60235591601043
Donor_1201,L6 intratelencephalic projecting glutamatergic neuron,H,41.0,53.93008671844984
Donor_1201,VIP GABAergic interneuron,H,41.0,48.79528297956202
Donor_1201,astrocyte,H,41.0,47.24989711272182
Donor_1201,endothelial cell,H,41.0,41.986881780242136
Donor_1201,lamp5 GABAergic interneuron,H,41.0,55.94030062551592
Donor_1201,microglial cell,H,41.0,41.88947359197438
Donor_1201,oligodendrocyte,H,41.0,47.38176977424218
Donor_1201,oligodendrocyte precursor cell,H,41.0,46.094619855239976
Donor_1201,pericyte,H,41.0,42.35043754362977
Donor_1201,perivascular macrophage,H,41.0,37.329566353044044
Donor_1201,pvalb GABAergic interneuron,H,41.0,52.37117193760465
Donor_1201,smooth muscle cell,H,41.0,38.788100674736285
Donor_1201,sst GABAergic interneuron,H,41.0,51.23860950127523
Donor_1201,vascular leptomeningeal cell,H,41.0,41.632679146278925
Donor_1202,astrocyte,M,72.0,71.3566369812532
Donor_1202,endothelial cell,M,72.0,62.101386711904766
Donor_1202,microglial cell,M,72.0,67.48583904207304
Donor_1202,oligodendrocyte,M,72.0,83.9492537736098
Donor_1202,oligodendrocyte precursor cell,M,72.0,68.70052169909225
Donor_1202,pericyte,M,72.0,67.5029855764594
Donor_1202,vascular leptomeningeal cell,M,72.0,62.27599671040604
Donor_1218,GABAergic neuron,M,80.0,70.13003444816304
Donor_1218,L2/3 intratelencephalic projecting glutamatergic neuron,M,80.0,83.69742707889688
Donor_1218,L2/3-6 intratelencephalic projecting glutamatergic neuron,M,80.0,77.3464079072329
Donor_1218,L5/6 near-projecting glutamatergic neuron,M,80.0,67.80667083738513
Donor_1218,L6 corticothalamic-projecting glutamatergic cortical neuron,M,80.0,78.99369888188043
Donor_1218,L6 intratelencephalic projecting glutamatergic neuron,M,80.0,73.13688857147821
Donor_1218,VIP GABAergic interneuron,M,80.0,88.38824189587399
Donor_1218,astrocyte,M,80.0,86.56813536194045
Donor_1218,lamp5 GABAergic interneuron,M,80.0,81.89099339268252
Donor_1218,microglial cell,M,80.0,76.51027211581666
Donor_1218,oligodendrocyte,M,80.0,78.58800101023924
Donor_1218,oligodendrocyte precursor cell,M,80.0,85.10461579469204
Donor_1218,pericyte,M,80.0,54.778154258718146
Donor_1218,pvalb GABAergic interneuron,M,80.0,84.6983036371566
Donor_1218,sst GABAergic interneuron,M,80.0,84.38998763550258
Donor_1230,GABAergic neuron,H,37.0,42.89113519618065
Donor_1230,L2/3 intratelencephalic projecting glutamatergic neuron,H,37.0,42.282943148019186
Donor_1230,L2/3-6 intratelencephalic projecting glutamatergic neuron,H,37.0,42.22733315803516
Donor_1230,L5/6 near-projecting glutamatergic neuron,H,37.0,39.800757217666444
Donor_1230,L6 corticothalamic-projecting glutamatergic cortical neuron,H,37.0,38.98996203113107
Donor_1230,L6 intratelencephalic projecting glutamatergic neuron,H,37.0,42.04003439835633
Donor_1230,L6b glutamatergic neuron of the primary motor cortex,H,37.0,48.601261804460634
Donor_1230,VIP GABAergic interneuron,H,37.0,43.34401414038576
Donor_1230,astrocyte,H,37.0,36.653567124132216
Donor_1230,endothelial cell,H,37.0,48.86608770248867
Donor_1230,lamp5 GABAergic interneuron,H,37.0,44.032144951879886
Donor_1230,microglial cell,H,37.0,41.03411658877388
Donor_1230,oligodendrocyte,H,37.0,36.743103954450575
Donor_1230,oligodendrocyte precursor cell,H,37.0,36.532851150780516
Donor_1230,pericyte,H,37.0,54.36350937374365
Donor_1230,pvalb GABAergic interneuron,H,37.0,41.33910438478655
Donor_1230,sst GABAergic interneuron,H,37.0,43.066596255240526
Donor_1232,GABAergic neuron,M,62.0,51.1310905065631
Donor_1232,L2/3 intratelencephalic projecting glutamatergic neuron,M,62.0,59.29750431691092
Donor_1232,L2/3-6 intratelencephalic projecting glutamatergic neuron,M,62.0,64.97702103130764
Donor_1232,L6 corticothalamic-projecting glutamatergic cortical neuron,M,62.0,56.909088392476136
Donor_1232,L6 intratelencephalic projecting glutamatergic neuron,M,62.0,59.153149274351335
Donor_1232,VIP GABAergic interneuron,M,62.0,46.46770860929164
Donor_1232,astrocyte,M,62.0,66.4703485585551
Donor_1232,endothelial cell,M,62.0,57.726237228115515
Donor_1232,lamp5 GABAergic interneuron,M,62.0,48.459182911576775
Donor_1232,microglial cell,M,62.0,64.30253328649086
Donor_1232,oligodendrocyte,M,62.0,64.38463465296999
Donor_1232,oligodendrocyte precursor cell,M,62.0,57.04877260507629
Donor_1232,pericyte,M,62.0,58.39050553211814
Donor_1232,pvalb GABAergic interneuron,M,62.0,57.07005715784012
Donor_1232,sst GABAergic interneuron,M,62.0,52.910915989536534
Donor_1232,vascular leptomeningeal cell,M,62.0,70.40410819436735
Donor_1240,GABAergic neuron,M,80.0,66.43858185690006
Donor_1240,L2/3 intratelencephalic projecting glutamatergic neuron,M,80.0,80.69851928245018
Donor_1240,L2/3-6 intratelencephalic projecting glutamatergic neuron,M,80.0,76.59239646440744
Donor_1240,L5/6 near-projecting glutamatergic neuron,M,80.0,59.958623393882554
Donor_1240,L6 corticothalamic-projecting glutamatergic cortical neuron,M,80.0,65.9549165409164
Donor_1240,L6 intratelencephalic projecting glutamatergic neuron,M,80.0,69.98097189349069
Donor_1240,L6b glutamatergic neuron of the primary motor cortex,M,80.0,57.44646957413717
Donor_1240,VIP GABAergic interneuron,M,80.0,76.38429306479577
Donor_1240,astrocyte,M,80.0,75.73347130187142
Donor_1240,lamp5 GABAergic interneuron,M,80.0,65.84225391528383
Donor_1240,microglial cell,M,80.0,74.48139709208675
Donor_1240,oligodendrocyte,M,80.0,73.60347200368768
Donor_1240,oligodendrocyte precursor cell,M,80.0,74.33680847022941
Donor_1240,pvalb GABAergic interneuron,M,80.0,66.31687128798801
Donor_1240,sst GABAergic interneuron,M,80.0,68.2876178089241
Donor_1242,GABAergic neuron,H,26.0,40.41244322334018
Donor_1242,L2/3 intratelencephalic projecting glutamatergic neuron,H,26.0,38.13432891299203
Donor_1242,L2/3-6 intratelencephalic projecting glutamatergic neuron,H,26.0,30.387311833448173
Donor_1242,L5/6 near-projecting glutamatergic neuron,H,26.0,31.097956361639945
Donor_1242,L6 corticothalamic-projecting glutamatergic cortical neuron,H,26.0,29.28868377195789
Donor_1242,L6 intratelencephalic projecting glutamatergic neuron,H,26.0,31.101024469136643
Donor_1242,L6b glutamatergic neuron of the primary motor cortex,H,26.0,31.954229202423267
Donor_1242,VIP GABAergic interneuron,H,26.0,44.13002748343966
Donor_1242,astrocyte,H,26.0,41.044514342952155
Donor_1242,endothelial cell,H,26.0,25.882699099760984
Donor_1242,lamp5 GABAergic interneuron,H,26.0,44.945346210704955
Donor_1242,microglial cell,H,26.0,44.28123501881473
Donor_1242,oligodendrocyte,H,26.0,37.43997742516728
Donor_1242,oligodendrocyte precursor cell,H,26.0,29.084572345220412
Donor_1242,pericyte,H,26.0,49.39031643585543
Donor_1242,perivascular macrophage,H,26.0,34.441949438344984
Donor_1242,pvalb GABAergic interneuron,H,26.0,34.39324254584693
Donor_1242,sst GABAergic interneuron,H,26.0,35.45671943158746
Donor_1242,vascular leptomeningeal cell,H,26.0,37.494002019487866
Donor_1244,GABAergic neuron,M,57.0,61.04785612665602
Donor_1244,L2/3 intratelencephalic projecting glutamatergic neuron,M,57.0,67.35176455901073
Donor_1244,L2/3-6 intratelencephalic projecting glutamatergic neuron,M,57.0,66.93989259087266
Donor_1244,L5/6 near-projecting glutamatergic neuron,M,57.0,67.1319004591746
Donor_1244,L6 corticothalamic-projecting glutamatergic cortical neuron,M,57.0,57.79793312163067
Donor_1244,L6 intratelencephalic projecting glutamatergic neuron,M,57.0,68.56024699960652
Donor_1244,L6b glutamatergic neuron of the primary motor cortex,M,57.0,64.18400304864907
Donor_1244,VIP GABAergic interneuron,M,57.0,60.31054958108869
Donor_1244,astrocyte,M,57.0,55.91851712401888
Donor_1244,lamp5 GABAergic interneuron,M,57.0,62.57162200693957
Donor_1244,microglial cell,M,57.0,60.737614409648955
Donor_1244,oligodendrocyte,M,57.0,65.18510222295302
Donor_1244,oligodendrocyte precursor cell,M,57.0,62.31193072265416
Donor_1244,pvalb GABAergic interneuron,M,57.0,60.112422841889696
Donor_1244,sst GABAergic interneuron,M,57.0,62.44590061881572
Donor_1255,L2/3 intratelencephalic projecting glutamatergic neuron,M,84.0,87.36291904723227
Donor_1255,L2/3-6 intratelencephalic projecting glutamatergic neuron,M,84.0,84.17174220856269
Donor_1255,L5/6 near-projecting glutamatergic neuron,M,84.0,78.88279222077826
Donor_1255,L6 corticothalamic-projecting glutamatergic cortical neuron,M,84.0,74.84142877473545
Donor_1255,L6 intratelencephalic projecting glutamatergic neuron,M,84.0,78.21898311641903
Donor_1255,L6b glutamatergic neuron of the primary motor cortex,M,84.0,73.6110022209175
Donor_1255,VIP GABAergic interneuron,M,84.0,84.7536564757567
Donor_1255,astrocyte,M,84.0,77.95316822089157
Donor_1255,endothelial cell,M,84.0,62.117077638960225
Donor_1255,lamp5 GABAergic interneuron,M,84.0,74.42755799998872
Donor_1255,microglial cell,M,84.0,79.13161033994278
Donor_1255,oligodendrocyte,M,84.0,79.24100782832869
Donor_1255,oligodendrocyte precursor cell,M,84.0,77.6762800017186
Donor_1255,pericyte,M,84.0,59.54477613834131
Donor_1255,pvalb GABAergic interneuron,M,84.0,87.10014605566825
Donor_1255,sst GABAergic interneuron,M,84.0,75.69366675875062
Donor_1255,vascular leptomeningeal cell,M,84.0,58.157275195698524
Donor_1274,L2/3 intratelencephalic projecting glutamatergic neuron,M,88.0,82.17935935104919
Donor_1274,astrocyte,M,88.0,65.98792888010009
Donor_1274,microglial cell,M,88.0,73.82036575226947
Donor_1274,oligodendrocyte,M,88.0,62.62215293504235
Donor_1274,oligodendrocyte precursor cell,M,88.0,71.04089466196116
Donor_1274,vascular leptomeningeal cell,M,88.0,60.58167181558062
Donor_1285,GABAergic neuron,M,42.0,50.77219152648053
Donor_1285,L2/3 intratelencephalic projecting glutamatergic neuron,M,42.0,44.592500337625985
Donor_1285,L2/3-6 intratelencephalic projecting glutamatergic neuron,M,42.0,47.12427862781718
Donor_1285,VIP GABAergic interneuron,M,42.0,54.02865292395059
Donor_1285,astrocyte,M,42.0,49.54346140557854
Donor_1285,lamp5 GABAergic interneuron,M,42.0,55.15847301606254
Donor_1285,microglial cell,M,42.0,54.31628607498228
Donor_1285,oligodendrocyte,M,42.0,45.96692603289595
Donor_1285,oligodendrocyte precursor cell,M,42.0,44.78204360728923
Donor_1285,pericyte,M,42.0,60.826389887523405
Donor_1285,pvalb GABAergic interneuron,M,42.0,55.707436594708525
Donor_1285,sst GABAergic interneuron,M,42.0,52.06353815639825
Donor_1288,GABAergic neuron,M,41.0,54.895941103436215
Donor_1288,L2/3 intratelencephalic projecting glutamatergic neuron,M,41.0,50.60833931138281
Donor_1288,L2/3-6 intratelencephalic projecting glutamatergic neuron,M,41.0,45.63178635134814
Donor_1288,L5/6 near-projecting glutamatergic neuron,M,41.0,62.80999430380729
Donor_1288,L6 corticothalamic-projecting glutamatergic cortical neuron,M,41.0,58.58225972755157
Donor_1288,L6 intratelencephalic projecting glutamatergic neuron,M,41.0,51.32587786041235
Donor_1288,L6b glutamatergic neuron of the primary motor cortex,M,41.0,54.56513148634349
Donor_1288,VIP GABAergic interneuron,M,41.0,58.79892823953464
Donor_1288,astrocyte,M,41.0,55.33997635812345
Donor_1288,endothelial cell,M,41.0,63.99208097226632
Donor_1288,lamp5 GABAergic interneuron,M,41.0,57.37024994806684
Donor_1288,microglial cell,M,41.0,56.83035582877159
Donor_1288,oligodendrocyte,M,41.0,57.22788193103533
Donor_1288,oligodendrocyte precursor cell,M,41.0,55.68599288996082
Donor_1288,pericyte,M,41.0,58.65790218937424
Donor_1288,pvalb GABAergic interneuron,M,41.0,53.39258629351106
Donor_1288,sst GABAergic interneuron,M,41.0,48.691806544476336
Donor_1288,vascular leptomeningeal cell,M,41.0,62.744076648492964
Donor_1293,GABAergic neuron,H,36.0,33.279000947828436
Donor_1293,L2/3 intratelencephalic projecting glutamatergic neuron,H,36.0,38.31982285379272
Donor_1293,L2/3-6 intratelencephalic projecting glutamatergic neuron,H,36.0,37.76560048415966
Donor_1293,L5/6 near-projecting glutamatergic neuron,H,36.0,35.57805268100621
Donor_1293,L6 corticothalamic-projecting glutamatergic cortical neuron,H,36.0,42.040974458264564
Donor_1293,L6 intratelencephalic projecting glutamatergic neuron,H,36.0,36.43442264565747
Donor_1293,L6b glutamatergic neuron of the primary motor cortex,H,36.0,34.63173077522983
Donor_1293,VIP GABAergic interneuron,H,36.0,38.18889077418613
Donor_1293,astrocyte,H,36.0,40.91382058377241
Donor_1293,endothelial cell,H,36.0,37.41563301978108
Donor_1293,lamp5 GABAergic interneuron,H,36.0,38.7853110547455
Donor_1293,microglial cell,H,36.0,40.32526031726829
Donor_1293,oligodendrocyte,H,36.0,36.227998350751186
Donor_1293,oligodendrocyte precursor cell,H,36.0,32.654756073651306
Donor_1293,pericyte,H,36.0,42.88920506308341
Donor_1293,pvalb GABAergic interneuron,H,36.0,37.57148252905212
Donor_1293,sst GABAergic interneuron,H,36.0,36.79527963956299
Donor_1293,vascular leptomeningeal cell,H,36.0,36.92812799089358
Donor_1297,GABAergic neuron,M,59.0,76.15661035593976
Donor_1297,L2/3 intratelencephalic projecting glutamatergic neuron,M,59.0,66.91782265335118
Donor_1297,L2/3-6 intratelencephalic projecting glutamatergic neuron,M,59.0,70.75723592896628
Donor_1297,VIP GABAergic interneuron,M,59.0,64.2088548725026
Donor_1297,astrocyte,M,59.0,72.6660094377738
Donor_1297,lamp5 GABAergic interneuron,M,59.0,72.84969866945451
Donor_1297,microglial cell,M,59.0,61.050890746038704
Donor_1297,oligodendrocyte,M,59.0,64.54355389719247
Donor_1297,oligodendrocyte precursor cell,M,59.0,62.23960904673145
Donor_1297,pvalb GABAergic interneuron,M,59.0,70.58094475102416
Donor_1297,sst GABAergic interneuron,M,59.0,71.39490966667856
Donor_1297,vascular leptomeningeal cell,M,59.0,75.21126734099798
Donor_1299,GABAergic neuron,H,54.0,50.52461926735367
Donor_1299,L2/3 intratelencephalic projecting glutamatergic neuron,H,54.0,56.22147793542945
Donor_1299,L2/3-6 intratelencephalic projecting glutamatergic neuron,H,54.0,56.621975360045724
Donor_1299,L5/6 near-projecting glutamatergic neuron,H,54.0,54.14602292736738
Donor_1299,L6 corticothalamic-projecting glutamatergic cortical neuron,H,54.0,58.299790617635786
Donor_1299,L6 intratelencephalic projecting glutamatergic neuron,H,54.0,59.25611794499477
Donor_1299,L6b glutamatergic neuron of the primary motor cortex,H,54.0,62.21506126131301
Donor_1299,VIP GABAergic interneuron,H,54.0,53.870980371352765
Donor_1299,astrocyte,H,54.0,58.07105201121072
Donor_1299,endothelial cell,H,54.0,49.28542370970731
Donor_1299,lamp5 GABAergic interneuron,H,54.0,52.64956041955282
Donor_1299,microglial cell,H,54.0,55.63280349450944
Donor_1299,oligodendrocyte,H,54.0,57.21244944775968
Donor_1299,oligodendrocyte precursor cell,H,54.0,50.73483559679495
Donor_1299,pvalb GABAergic interneuron,H,54.0,50.533128764854
Donor_1299,sst GABAergic interneuron,H,54.0,61.30056605873779
Donor_1302,L2/3 intratelencephalic projecting glutamatergic neuron,M,66.0,66.30592159281974
Donor_1302,L2/3-6 intratelencephalic projecting glutamatergic neuron,M,66.0,63.43690943394629
Donor_1302,VIP GABAergic interneuron,M,66.0,57.083930655826634
Donor_1302,astrocyte,M,66.0,51.215743388382535
Donor_1302,endothelial cell,M,66.0,55.10445265048904
Donor_1302,lamp5 GABAergic interneuron,M,66.0,69.19336391181783
Donor_1302,microglial cell,M,66.0,70.9373447516099
Donor_1302,oligodendrocyte,M,66.0,59.59304262953841
Donor_1302,oligodendrocyte precursor cell,M,66.0,65.34567212726972
Donor_1302,pericyte,M,66.0,53.72158131223848
Donor_1302,pvalb GABAergic interneuron,M,66.0,68.54962291322241
Donor_1302,sst GABAergic interneuron,M,66.0,70.35806033315706
Donor_1305,GABAergic neuron,H,46.0,33.73252126785199
Donor_1305,L2/3 intratelencephalic projecting glutamatergic neuron,H,46.0,46.009910084133296
Donor_1305,L2/3-6 intratelencephalic projecting glutamatergic neuron,H,46.0,49.38029055840142
Donor_1305,L5/6 near-projecting glutamatergic neuron,H,46.0,42.83542789997716
Donor_1305,L6 corticothalamic-projecting glutamatergic cortical neuron,H,46.0,49.47407124634098
Donor_1305,L6 intratelencephalic projecting glutamatergic neuron,H,46.0,41.91359194312571
Donor_1305,L6b glutamatergic neuron of the primary motor cortex,H,46.0,49.563253558555154
Donor_1305,VIP GABAergic interneuron,H,46.0,39.0366173672865
Donor_1305,astrocyte,H,46.0,39.29951192235809
Donor_1305,endothelial cell,H,46.0,39.159972201368234
Donor_1305,lamp5 GABAergic interneuron,H,46.0,35.838644555674904
Donor_1305,microglial cell,H,46.0,35.55408373159456
Donor_1305,oligodendrocyte,H,46.0,39.82231406862338
Donor_1305,oligodendrocyte precursor cell,H,46.0,47.90942805974043
Donor_1305,pericyte,H,46.0,51.495396090893685
Donor_1305,pvalb GABAergic interneuron,H,46.0,46.08704928614939
Donor_1305,smooth muscle cell,H,46.0,40.96146523955299
Donor_1305,sst GABAergic interneuron,H,46.0,41.77465841864953
Donor_1305,vascular leptomeningeal cell,H,46.0,37.74011086219563
Donor_1310,GABAergic neuron,H,22.0,24.984611363373716
Donor_1310,L2/3 intratelencephalic projecting glutamatergic neuron,H,22.0,24.14181702767953
Donor_1310,L2/3-6 intratelencephalic projecting glutamatergic neuron,H,22.0,19.04664538950032
Donor_1310,L5/6 near-projecting glutamatergic neuron,H,22.0,17.695972804644597
Donor_1310,VIP GABAergic interneuron,H,22.0,28.959840837331264
Donor_1310,astrocyte,H,22.0,31.04636576281665
Donor_1310,endothelial cell,H,22.0,39.070786423837816
Donor_1310,lamp5 GABAergic interneuron,H,22.0,31.78745109485481
Donor_1310,microglial cell,H,22.0,35.18893915643393
Donor_1310,oligodendrocyte,H,22.0,28.25648229409699
Donor_1310,oligodendrocyte precursor cell,H,22.0,24.53468448100478
Donor_1310,pericyte,H,22.0,35.70853450370051
Donor_1310,perivascular macrophage,H,22.0,34.89797583205219
Donor_1310,pvalb GABAergic interneuron,H,22.0,31.015972001127167
Donor_1310,sst GABAergic interneuron,H,22.0,25.570918224696147
Donor_1313,L2/3 intratelencephalic projecting glutamatergic neuron,H,36.0,38.24129214299105
Donor_1313,L2/3-6 intratelencephalic projecting glutamatergic neuron,H,36.0,36.70025166038896
Donor_1313,L5/6 near-projecting glutamatergic neuron,H,36.0,36.784194851032915
Donor_1313,L6 corticothalamic-projecting glutamatergic cortical neuron,H,36.0,33.71864560068205
Donor_1313,L6 intratelencephalic projecting glutamatergic neuron,H,36.0,30.58927860434736
Donor_1313,L6b glutamatergic neuron of the primary motor cortex,H,36.0,37.71773802107562
Donor_1313,VIP GABAergic interneuron,H,36.0,33.64272338254469
Donor_1313,astrocyte,H,36.0,43.61737711479677
Donor_1313,endothelial cell,H,36.0,48.84222225845856
Donor_1313,lamp5 GABAergic interneuron,H,36.0,43.80845338627434
Donor_1313,microglial cell,H,36.0,44.453873585739885
Donor_1313,oligodendrocyte,H,36.0,38.59149743545803
Donor_1313,oligodendrocyte precursor cell,H,36.0,36.564864846661244
Donor_1313,pericyte,H,36.0,42.03059727911258
Donor_1313,pvalb GABAergic interneuron,H,36.0,34.36748698406009
Donor_1313,sst GABAergic interneuron,H,36.0,39.068855162558556
Donor_1317,GABAergic neuron,H,34.0,40.617678717645035
Donor_1317,L2/3 intratelencephalic projecting glutamatergic neuron,H,34.0,41.197368562882204
Donor_1317,L2/3-6 intratelencephalic projecting glutamatergic neuron,H,34.0,40.666543300267904
Donor_1317,L5/6 near-projecting glutamatergic neuron,H,34.0,44.30265710822877
Donor_1317,L6 corticothalamic-projecting glutamatergic cortical neuron,H,34.0,35.350161337653574
Donor_1317,L6 intratelencephalic projecting glutamatergic neuron,H,34.0,37.749812788066706
Donor_1317,L6b glutamatergic neuron of the primary motor cortex,H,34.0,42.26163290902137
Donor_1317,VIP GABAergic interneuron,H,34.0,44.30856460759486
Donor_1317,astrocyte,H,34.0,35.60995435414128
Donor_1317,endothelial cell,H,34.0,43.01810332239065
Donor_1317,lamp5 GABAergic interneuron,H,34.0,41.46008682112538
Donor_1317,microglial cell,H,34.0,35.45243595859165
Donor_1317,oligodendrocyte,H,34.0,33.807110124278225
Donor_1317,oligodendrocyte precursor cell,H,34.0,44.28418473747926
Donor_1317,pericyte,H,34.0,45.7333199526328
Donor_1317,pvalb GABAergic interneuron,H,34.0,38.17768111675071
Donor_1317,sst GABAergic interneuron,H,34.0,48.26917046344219
Donor_1329,L2/3 intratelencephalic projecting glutamatergic neuron,M,43.0,50.687404059215936
Donor_1329,L2/3-6 intratelencephalic projecting glutamatergic neuron,M,43.0,38.544394122941746
Donor_1329,VIP GABAergic interneuron,M,43.0,43.88708401878712
Donor_1329,astrocyte,M,43.0,52.0902254480992
Donor_1329,lamp5 GABAergic interneuron,M,43.0,48.179533864288146
Donor_1329,microglial cell,M,43.0,60.07848757109475
Donor_1329,oligodendrocyte,M,43.0,48.035270049790405
Donor_1329,oligodendrocyte precursor cell,M,43.0,43.6682861901928
Donor_1329,pvalb GABAergic interneuron,M,43.0,52.887274851576464
Donor_1329,sst GABAergic interneuron,M,43.0,59.22363228281563
Donor_1336,L2/3 intratelencephalic projecting glutamatergic neuron,M,20.0,38.24657058187205
Donor_1336,L2/3-6 intratelencephalic projecting glutamatergic neuron,M,20.0,42.39395426080088
Donor_1336,L5/6 near-projecting glutamatergic neuron,M,20.0,63.57862067577482
Donor_1336,L6 corticothalamic-projecting glutamatergic cortical neuron,M,20.0,71.38773746692196
Donor_1336,L6 intratelencephalic projecting glutamatergic neuron,M,20.0,58.506402859473205
Donor_1336,L6b glutamatergic neuron of the primary motor cortex,M,20.0,54.782282567122245
Donor_1336,VIP GABAergic interneuron,M,20.0,60.11636592513118
Donor_1336,astrocyte,M,20.0,50.828868624468555
Donor_1336,lamp5 GABAergic interneuron,M,20.0,72.95023776824904
Donor_1336,oligodendrocyte,M,20.0,34.789268939894384
Donor_1336,oligodendrocyte precursor cell,M,20.0,54.96432063836873
Donor_1336,pvalb GABAergic interneuron,M,20.0,50.45175849622383
Donor_1337,GABAergic neuron,H,40.0,38.181267607633735
Donor_1337,L2/3 intratelencephalic projecting glutamatergic neuron,H,40.0,41.24817497120411
Donor_1337,L2/3-6 intratelencephalic projecting glutamatergic neuron,H,40.0,41.60201174800908
Donor_1337,L5/6 near-projecting glutamatergic neuron,H,40.0,41.18945638867427
Donor_1337,L6 corticothalamic-projecting glutamatergic cortical neuron,H,40.0,44.13544999441247
Donor_1337,L6 intratelencephalic projecting glutamatergic neuron,H,40.0,43.78512626393914
Donor_1337,L6b glutamatergic neuron of the primary motor cortex,H,40.0,39.792129706114906
Donor_1337,VIP GABAergic interneuron,H,40.0,34.69640755509379
Donor_1337,astrocyte,H,40.0,45.1807799603855
Donor_1337,endothelial cell,H,40.0,45.036943127560505
Donor_1337,lamp5 GABAergic interneuron,H,40.0,45.973018199705024
Donor_1337,microglial cell,H,40.0,41.02215433293798
Donor_1337,oligodendrocyte,H,40.0,48.561926925865905
Donor_1337,oligodendrocyte precursor cell,H,40.0,42.602650904916
Donor_1337,pericyte,H,40.0,38.32911805217388
Donor_1337,perivascular macrophage,H,40.0,37.00634730945129
Donor_1337,pvalb GABAergic interneuron,H,40.0,36.89865491971119
Donor_1337,sst GABAergic interneuron,H,40.0,34.447578542022626
Donor_1337,vascular leptomeningeal cell,H,40.0,41.11424673843422
Donor_1340,GABAergic neuron,H,31.0,46.41124522360653
Donor_1340,L2/3 intratelencephalic projecting glutamatergic neuron,H,31.0,35.116408231697754
Donor_1340,L2/3-6 intratelencephalic projecting glutamatergic neuron,H,31.0,38.81492979779971
Donor_1340,L5/6 near-projecting glutamatergic neuron,H,31.0,39.39531135475535
Donor_1340,L6 corticothalamic-projecting glutamatergic cortical neuron,H,31.0,46.11357628203787
Donor_1340,L6 intratelencephalic projecting glutamatergic neuron,H,31.0,36.41768520798748
Donor_1340,L6b glutamatergic neuron of the primary motor cortex,H,31.0,37.3977145014367
Donor_1340,VIP GABAergic interneuron,H,31.0,47.05456753508151
Donor_1340,astrocyte,H,31.0,52.943577126833304
Donor_1340,endothelial cell,H,31.0,32.94744369005414
Donor_1340,lamp5 GABAergic interneuron,H,31.0,40.80034805395194
Donor_1340,microglial cell,H,31.0,36.72871283005517
Donor_1340,oligodendrocyte,H,31.0,31.426235003389415
Donor_1340,oligodendrocyte precursor cell,H,31.0,54.889557269701186
Donor_1340,pericyte,H,31.0,43.489590161592865
Donor_1340,pvalb GABAergic interneuron,H,31.0,40.10312644207425
Donor_1340,sst GABAergic interneuron,H,31.0,32.74539500529579
Donor_1340,vascular leptomeningeal cell,H,31.0,43.163759732080614
Donor_1343,GABAergic neuron,H,37.0,39.7566326396951
Donor_1343,L2/3 intratelencephalic projecting glutamatergic neuron,H,37.0,34.21643004190554
Donor_1343,L2/3-6 intratelencephalic projecting glutamatergic neuron,H,37.0,32.31078339953493
Donor_1343,L5/6 near-projecting glutamatergic neuron,H,37.0,37.16846731047487
Donor_1343,L6 intratelencephalic projecting glutamatergic neuron,H,37.0,34.692323330054016
Donor_1343,VIP GABAergic interneuron,H,37.0,38.76493784945198
Donor_1343,astrocyte,H,37.0,46.873943155488114
Donor_1343,endothelial cell,H,37.0,44.094120070019315
Donor_1343,lamp5 GABAergic interneuron,H,37.0,29.537110470982793
Donor_1343,microglial cell,H,37.0,28.24127872443236
Donor_1343,oligodendrocyte,H,37.0,35.949857490240234
Donor_1343,oligodendrocyte precursor cell,H,37.0,43.29493836429201
Donor_1343,pericyte,H,37.0,33.221836630242066
Donor_1343,perivascular macrophage,H,37.0,35.56454507883349
Donor_1343,pvalb GABAergic interneuron,H,37.0,25.600686372909674
Donor_1343,smooth muscle cell,H,37.0,39.72816379457218
Donor_1343,sst GABAergic interneuron,H,37.0,36.827511575884806
Donor_1343,vascular leptomeningeal cell,H,37.0,27.93621677233163
Donor_1348,GABAergic neuron,M,80.0,49.3814395233523
Donor_1348,L2/3 intratelencephalic projecting glutamatergic neuron,M,80.0,66.24972950929411
Donor_1348,L2/3-6 intratelencephalic projecting glutamatergic neuron,M,80.0,67.28975683011087
Donor_1348,L5/6 near-projecting glutamatergic neuron,M,80.0,58.39778612584867
Donor_1348,L6 corticothalamic-projecting glutamatergic cortical neuron,M,80.0,63.66183979421821
Donor_1348,L6 intratelencephalic projecting glutamatergic neuron,M,80.0,69.27304495106043
Donor_1348,VIP GABAergic interneuron,M,80.0,62.16390051800869
Donor_1348,astrocyte,M,80.0,56.052908990657386
Donor_1348,endothelial cell,M,80.0,67.542365034794
Donor_1348,lamp5 GABAergic interneuron,M,80.0,63.804753578845435
Donor_1348,microglial cell,M,80.0,71.55491804084143
Donor_1348,oligodendrocyte,M,80.0,67.95292023670483
Donor_1348,oligodendrocyte precursor cell,M,80.0,68.57609851205858
Donor_1348,pvalb GABAergic interneuron,M,80.0,58.21907608518191
Donor_1348,sst GABAergic interneuron,M,80.0,70.27466615333174
Donor_1348,vascular leptomeningeal cell,M,80.0,86.71982302936411
Donor_1351,astrocyte,M,64.0,47.33079394664044
Donor_1351,oligodendrocyte precursor cell,M,64.0,57.00184634032259
Donor_1355,GABAergic neuron,H,22.0,22.293129514736084
Donor_1355,L2/3 intratelencephalic projecting glutamatergic neuron,H,22.0,11.12291448126885
Donor_1355,L2/3-6 intratelencephalic projecting glutamatergic neuron,H,22.0,16.84682428362029
Donor_1355,VIP GABAergic interneuron,H,22.0,18.22106145476649
Donor_1355,astrocyte,H,22.0,18.022947213506345
Donor_1355,endothelial cell,H,22.0,27.55963823133256
Donor_1355,lamp5 GABAergic interneuron,H,22.0,22.845469906473777
Donor_1355,microglial cell,H,22.0,20.956960661792603
Donor_1355,oligodendrocyte,H,22.0,20.410338274344227
Donor_1355,oligodendrocyte precursor cell,H,22.0,15.04481418084207
Donor_1355,pericyte,H,22.0,21.01008489598157
Donor_1355,perivascular macrophage,H,22.0,32.44790177372899
Donor_1355,pvalb GABAergic interneuron,H,22.0,8.629229856969523
Donor_1355,sst GABAergic interneuron,H,22.0,21.691997348150277
Donor_1355,vascular leptomeningeal cell,H,22.0,38.65293545496834
Donor_1359,GABAergic neuron,H,45.0,37.76682368406291
Donor_1359,L6 corticothalamic-projecting glutamatergic cortical neuron,H,45.0,51.44547878826089
Donor_1359,astrocyte,H,45.0,36.28085930188378
Donor_1359,endothelial cell,H,45.0,54.256047487852975
Donor_1359,microglial cell,H,45.0,52.14308864337744
Donor_1359,oligodendrocyte,H,45.0,47.17396849168941
Donor_1359,oligodendrocyte precursor cell,H,45.0,52.91329463956139
Donor_1359,pericyte,H,45.0,36.07816135233772
Donor_1359,smooth muscle cell,H,45.0,40.59138367090371
Donor_1359,sst GABAergic interneuron,H,45.0,43.8377492427386
Donor_1359,vascular leptomeningeal cell,H,45.0,49.343897236585946
Donor_1360,L2/3 intratelencephalic projecting glutamatergic neuron,H,41.0,44.02917427997343
Donor_1360,L2/3-6 intratelencephalic projecting glutamatergic neuron,H,41.0,44.90085506328856
Donor_1360,L5/6 near-projecting glutamatergic neuron,H,41.0,40.52024743265278
Donor_1360,L6 corticothalamic-projecting glutamatergic cortical neuron,H,41.0,43.08921296791193
Donor_1360,L6 intratelencephalic projecting glutamatergic neuron,H,41.0,49.13232924657781
Donor_1360,L6b glutamatergic neuron of the primary motor cortex,H,41.0,45.03990961436035
Donor_1360,VIP GABAergic interneuron,H,41.0,45.02613173015636
Donor_1360,astrocyte,H,41.0,51.88177317173083
Donor_1360,endothelial cell,H,41.0,41.09487146996515
Donor_1360,lamp5 GABAergic interneuron,H,41.0,49.58704476381596
Donor_1360,microglial cell,H,41.0,45.9743648387309
Donor_1360,oligodendrocyte,H,41.0,46.459018096054194
Donor_1360,oligodendrocyte precursor cell,H,41.0,48.50259008746799
Donor_1360,pericyte,H,41.0,47.21714415619003
Donor_1360,pvalb GABAergic interneuron,H,41.0,43.153772719577695
Donor_1360,sst GABAergic interneuron,H,41.0,43.44821703451992
Donor_1360,vascular leptomeningeal cell,H,41.0,47.46767683323193
Donor_1364,GABAergic neuron,H,24.0,37.15051263082537
Donor_1364,L2/3 intratelencephalic projecting glutamatergic neuron,H,24.0,26.796534698286855
Donor_1364,L2/3-6 intratelencephalic projecting glutamatergic neuron,H,24.0,25.6745619869834
Donor_1364,L5/6 near-projecting glutamatergic neuron,H,24.0,35.23994735479258
Donor_1364,L6 corticothalamic-projecting glutamatergic cortical neuron,H,24.0,29.235992756329935
Donor_1364,L6 intratelencephalic projecting glutamatergic neuron,H,24.0,30.938168586381554
Donor_1364,L6b glutamatergic neuron of the primary motor cortex,H,24.0,21.76117948365436
Donor_1364,VIP GABAergic interneuron,H,24.0,35.73959249159455
Donor_1364,astrocyte,H,24.0,25.016602285697793
Donor_1364,endothelial cell,H,24.0,37.68560459932326
Donor_1364,lamp5 GABAergic interneuron,H,24.0,33.30313613418487
Donor_1364,microglial cell,H,24.0,39.48686986634998
Donor_1364,oligodendrocyte,H,24.0,24.70945357036917
Donor_1364,oligodendrocyte precursor cell,H,24.0,25.324261462224065
Donor_1364,pericyte,H,24.0,40.53312731147689
Donor_1364,pvalb GABAergic interneuron,H,24.0,27.995737056971628
Donor_1364,smooth muscle cell,H,24.0,52.26214950271246
Donor_1364,sst GABAergic interneuron,H,24.0,34.61723568847824
Donor_1364,vascular leptomeningeal cell,H,24.0,45.35096701595477
Donor_1368,GABAergic neuron,M,48.0,61.03648322681419
Donor_1368,L2/3 intratelencephalic projecting glutamatergic neuron,M,48.0,56.92279805305602
Donor_1368,L2/3-6 intratelencephalic projecting glutamatergic neuron,M,48.0,58.72580455158915
Donor_1368,L5/6 near-projecting glutamatergic neuron,M,48.0,60.65275425407435
Donor_1368,L6 corticothalamic-projecting glutamatergic cortical neuron,M,48.0,64.91650190691871
Donor_1368,L6 intratelencephalic projecting glutamatergic neuron,M,48.0,55.658727527074475
Donor_1368,L6b glutamatergic neuron of the primary motor cortex,M,48.0,59.55233283333649
Donor_1368,VIP GABAergic interneuron,M,48.0,57.570540580891205
Donor_1368,astrocyte,M,48.0,62.87938023401038
Donor_1368,endothelial cell,M,48.0,67.8762017906025
Donor_1368,lamp5 GABAergic interneuron,M,48.0,61.39562075650923
Donor_1368,microglial cell,M,48.0,58.33120436084036
Donor_1368,oligodendrocyte,M,48.0,58.5741655245472
Donor_1368,oligodendrocyte precursor cell,M,48.0,57.22433422512592
Donor_1368,pvalb GABAergic interneuron,M,48.0,56.72833534777574
Donor_1368,sst GABAergic interneuron,M,48.0,60.46542420208242
Donor_1371,GABAergic neuron,M,85.0,67.145671844795
Donor_1371,L2/3 intratelencephalic projecting glutamatergic neuron,M,85.0,66.22602997513668
Donor_1371,L2/3-6 intratelencephalic projecting glutamatergic neuron,M,85.0,63.060324494280565
Donor_1371,L5/6 near-projecting glutamatergic neuron,M,85.0,56.05228686976489
Donor_1371,L6 corticothalamic-projecting glutamatergic cortical neuron,M,85.0,62.70542265824456
Donor_1371,L6 intratelencephalic projecting glutamatergic neuron,M,85.0,62.98384335721248
Donor_1371,L6b glutamatergic neuron of the primary motor cortex,M,85.0,58.02938008561327
Donor_1371,VIP GABAergic interneuron,M,85.0,57.53108665881956
Donor_1371,astrocyte,M,85.0,62.25257391651047
Donor_1371,endothelial cell,M,85.0,57.62458530272214
Donor_1371,lamp5 GABAergic interneuron,M,85.0,64.55972442910699
Donor_1371,microglial cell,M,85.0,60.13182177265214
Donor_1371,oligodendrocyte,M,85.0,65.947130651715
Donor_1371,oligodendrocyte precursor cell,M,85.0,61.74976614424477
Donor_1371,perivascular macrophage,M,85.0,
Donor_1371,pvalb GABAergic interneuron,M,85.0,60.705399736868074
Donor_1371,sst GABAergic interneuron,M,85.0,60.85939843523198
Donor_1371,vascular leptomeningeal cell,M,85.0,53.726998299589695
Donor_1375,L2/3 intratelencephalic projecting glutamatergic neuron,H,26.0,34.970003968313144
Donor_1375,VIP GABAergic interneuron,H,26.0,33.91591591643475
Donor_1375,astrocyte,H,26.0,28.504994773923606
Donor_1375,microglial cell,H,26.0,38.34821093044718
Donor_1375,oligodendrocyte,H,26.0,30.825101685033783
Donor_1375,oligodendrocyte precursor cell,H,26.0,28.434547929097025
Donor_1377,GABAergic neuron,H,46.0,37.334137969481475
Donor_1377,L2/3 intratelencephalic projecting glutamatergic neuron,H,46.0,46.38425384542758
Donor_1377,L2/3-6 intratelencephalic projecting glutamatergic neuron,H,46.0,50.27338817854115
Donor_1377,L5/6 near-projecting glutamatergic neuron,H,46.0,45.49101898926405
Donor_1377,L6 corticothalamic-projecting glutamatergic cortical neuron,H,46.0,49.895230904488955
Donor_1377,L6 intratelencephalic projecting glutamatergic neuron,H,46.0,46.32453322182906
Donor_1377,L6b glutamatergic neuron of the primary motor cortex,H,46.0,47.43019923173076
Donor_1377,VIP GABAergic interneuron,H,46.0,42.602087107061664
Donor_1377,astrocyte,H,46.0,49.145488435953574
Donor_1377,endothelial cell,H,46.0,51.60800052349759
Donor_1377,lamp5 GABAergic interneuron,H,46.0,42.54132085234621
Donor_1377,microglial cell,H,46.0,45.86176933382366
Donor_1377,oligodendrocyte,H,46.0,49.267010070374845
Donor_1377,oligodendrocyte precursor cell,H,46.0,45.66789958044529
Donor_1377,pericyte,H,46.0,44.86458438390585
Donor_1377,perivascular macrophage,H,46.0,39.579623684128855
Donor_1377,pvalb GABAergic interneuron,H,46.0,44.26019132487136
Donor_1377,sst GABAergic interneuron,H,46.0,42.6686160397192
Donor_1377,vascular leptomeningeal cell,H,46.0,48.85293436142168
Donor_1378,GABAergic neuron,H,38.0,40.706389414262425
Donor_1378,L2/3 intratelencephalic projecting glutamatergic neuron,H,38.0,37.168161010942526
Donor_1378,L2/3-6 intratelencephalic projecting glutamatergic neuron,H,38.0,34.53079066192776
Donor_1378,L6 corticothalamic-projecting glutamatergic cortical neuron,H,38.0,39.62485485833711
Donor_1378,L6 intratelencephalic projecting glutamatergic neuron,H,38.0,46.833951714957244
Donor_1378,L6b glutamatergic neuron of the primary motor cortex,H,38.0,30.394177685180175
Donor_1378,VIP GABAergic interneuron,H,38.0,36.03610374114363
Donor_1378,astrocyte,H,38.0,41.631628086340875
Donor_1378,endothelial cell,H,38.0,41.54220172423553
Donor_1378,lamp5 GABAergic interneuron,H,38.0,39.84506868325583
Donor_1378,microglial cell,H,38.0,41.640615018542576
Donor_1378,oligodendrocyte,H,38.0,38.379573891600145
Donor_1378,oligodendrocyte precursor cell,H,38.0,33.25451916748574
Donor_1378,pericyte,H,38.0,31.638692161616802
Donor_1378,pvalb GABAergic interneuron,H,38.0,34.52587628324703
Donor_1378,sst GABAergic interneuron,H,38.0,35.31102142741534
Donor_138,GABAergic neuron,H,24.0,39.67772968585008
Donor_138,L2/3 intratelencephalic projecting glutamatergic neuron,H,24.0,37.051006645348984
Donor_138,L2/3-6 intratelencephalic projecting glutamatergic neuron,H,24.0,37.493844902919626
Donor_138,L5/6 near-projecting glutamatergic neuron,H,24.0,43.23370545197945
Donor_138,L6 intratelencephalic projecting glutamatergic neuron,H,24.0,39.266913954544435
Donor_138,VIP GABAergic interneuron,H,24.0,35.88680318014481
Donor_138,astrocyte,H,24.0,34.162593058551366
Donor_138,endothelial cell,H,24.0,37.09633379121564
Donor_138,lamp5 GABAergic interneuron,H,24.0,41.289993126347476
Donor_138,microglial cell,H,24.0,37.361832499273085
Donor_138,oligodendrocyte,H,24.0,31.339669460016015
Donor_138,oligodendrocyte precursor cell,H,24.0,27.739994173962856
Donor_138,pericyte,H,24.0,32.85927076006122
Donor_138,pvalb GABAergic interneuron,H,24.0,40.55853051565336
Donor_138,sst GABAergic interneuron,H,24.0,34.50976589545222
Donor_138,vascular leptomeningeal cell,H,24.0,37.497166588545625
Donor_1392,GABAergic neuron,H,85.0,46.91586105403095
Donor_1392,L2/3 intratelencephalic projecting glutamatergic neuron,H,85.0,60.41732097241654
Donor_1392,L2/3-6 intratelencephalic projecting glutamatergic neuron,H,85.0,57.89716589178603
Donor_1392,L5/6 near-projecting glutamatergic neuron,H,85.0,57.17311130510478
Donor_1392,L6 corticothalamic-projecting glutamatergic cortical neuron,H,85.0,55.30956194296683
Donor_1392,L6 intratelencephalic projecting glutamatergic neuron,H,85.0,48.09649492677107
Donor_1392,L6b glutamatergic neuron of the primary motor cortex,H,85.0,56.62788623720671
Donor_1392,VIP GABAergic interneuron,H,85.0,56.12448149392576
Donor_1392,astrocyte,H,85.0,54.20370563814268
Donor_1392,endothelial cell,H,85.0,51.96951575463407
Donor_1392,lamp5 GABAergic interneuron,H,85.0,42.3483843121315
Donor_1392,microglial cell,H,85.0,54.45007293255378
Donor_1392,oligodendrocyte,H,85.0,64.2243915242833
Donor_1392,oligodendrocyte precursor cell,H,85.0,62.78805444240649
Donor_1392,pericyte,H,85.0,45.83891089778842
Donor_1392,pvalb GABAergic interneuron,H,85.0,55.94732331687098
Donor_1392,sst GABAergic interneuron,H,85.0,59.5767361582499
Donor_1392,vascular leptomeningeal cell,H,85.0,43.65926882427101
Donor_14,GABAergic neuron,M,65.0,52.92543563418639
Donor_14,L2/3 intratelencephalic projecting glutamatergic neuron,M,65.0,62.89927425717228
Donor_14,L2/3-6 intratelencephalic projecting glutamatergic neuron,M,65.0,58.97209489486115
Donor_14,L6 corticothalamic-projecting glutamatergic cortical neuron,M,65.0,59.16881006576811
Donor_14,L6 intratelencephalic projecting glutamatergic neuron,M,65.0,49.19035012817676
Donor_14,VIP GABAergic interneuron,M,65.0,54.176491092240056
Donor_14,astrocyte,M,65.0,60.23924958791498
Donor_14,lamp5 GABAergic interneuron,M,65.0,55.95456032888549
Donor_14,microglial cell,M,65.0,64.25000433065335
Donor_14,oligodendrocyte,M,65.0,68.94021825666685
Donor_14,oligodendrocyte precursor cell,M,65.0,57.45210274037729
Donor_14,perivascular macrophage,M,65.0,69.12703129736767
Donor_14,pvalb GABAergic interneuron,M,65.0,54.2037718984735
Donor_14,sst GABAergic interneuron,M,65.0,53.50367670660579
Donor_1405,GABAergic neuron,H,52.0,28.937976059687212
Donor_1405,L2/3 intratelencephalic projecting glutamatergic neuron,H,52.0,46.54007009751855
Donor_1405,L2/3-6 intratelencephalic projecting glutamatergic neuron,H,52.0,49.598654506975905
Donor_1405,L6 corticothalamic-projecting glutamatergic cortical neuron,H,52.0,43.29337259185176
Donor_1405,L6 intratelencephalic projecting glutamatergic neuron,H,52.0,37.934776137514206
Donor_1405,L6b glutamatergic neuron of the primary motor cortex,H,52.0,31.960858644549464
Donor_1405,VIP GABAergic interneuron,H,52.0,46.2529598359699
Donor_1405,astrocyte,H,52.0,55.58964750936467
Donor_1405,endothelial cell,H,52.0,50.12905991966714
Donor_1405,lamp5 GABAergic interneuron,H,52.0,46.88720369197905
Donor_1405,microglial cell,H,52.0,40.270728670379306
Donor_1405,oligodendrocyte,H,52.0,45.17506973738432
Donor_1405,oligodendrocyte precursor cell,H,52.0,45.2095791267797
Donor_1405,pericyte,H,52.0,38.713140621004584
Donor_1405,pvalb GABAergic interneuron,H,52.0,41.81597600560852
Donor_1405,sst GABAergic interneuron,H,52.0,37.77638635093858
Donor_1414,GABAergic neuron,M,67.0,60.572710068726906
Donor_1414,L2/3 intratelencephalic projecting glutamatergic neuron,M,67.0,64.4206571453669
Donor_1414,L2/3-6 intratelencephalic projecting glutamatergic neuron,M,67.0,65.4184403087788
Donor_1414,L6 corticothalamic-projecting glutamatergic cortical neuron,M,67.0,60.07065678384702
Donor_1414,L6 intratelencephalic projecting glutamatergic neuron,M,67.0,62.218847917486556
Donor_1414,L6b glutamatergic neuron of the primary motor cortex,M,67.0,61.91891311489964
Donor_1414,VIP GABAergic interneuron,M,67.0,60.059665104782155
Donor_1414,astrocyte,M,67.0,63.86967801946944
Donor_1414,endothelial cell,M,67.0,50.00690158131302
Donor_1414,lamp5 GABAergic interneuron,M,67.0,60.48596469706233
Donor_1414,microglial cell,M,67.0,60.9330183594933
Donor_1414,oligodendrocyte,M,67.0,62.51837739383344
Donor_1414,oligodendrocyte precursor cell,M,67.0,58.07293218954713
Donor_1414,pericyte,M,67.0,59.173131361432176
Donor_1414,pvalb GABAergic interneuron,M,67.0,65.16982771057538
Donor_1414,sst GABAergic interneuron,M,67.0,59.68161711541661
Donor_1414,vascular leptomeningeal cell,M,67.0,52.22156255364678
Donor_1417,GABAergic neuron,H,31.0,46.58254131816642
Donor_1417,L2/3 intratelencephalic projecting glutamatergic neuron,H,31.0,39.20855951862866
Donor_1417,L2/3-6 intratelencephalic projecting glutamatergic neuron,H,31.0,36.77639572283946
Donor_1417,L5/6 near-projecting glutamatergic neuron,H,31.0,39.35965578029014
Donor_1417,L6 corticothalamic-projecting glutamatergic cortical neuron,H,31.0,42.34812285368433
Donor_1417,L6 intratelencephalic projecting glutamatergic neuron,H,31.0,37.88371146078899
Donor_1417,L6b glutamatergic neuron of the primary motor cortex,H,31.0,40.42266721366069
Donor_1417,VIP GABAergic interneuron,H,31.0,38.587590389953185
Donor_1417,astrocyte,H,31.0,48.28749587029143
Donor_1417,endothelial cell,H,31.0,53.91781473667617
Donor_1417,lamp5 GABAergic interneuron,H,31.0,42.99604556051293
Donor_1417,microglial cell,H,31.0,46.03824046389491
Donor_1417,oligodendrocyte,H,31.0,47.76048993582278
Donor_1417,oligodendrocyte precursor cell,H,31.0,40.765611117630584
Donor_1417,pericyte,H,31.0,46.28743996401803
Donor_1417,pvalb GABAergic interneuron,H,31.0,40.87278059531997
Donor_1417,sst GABAergic interneuron,H,31.0,40.053766394893984
Donor_1417,vascular leptomeningeal cell,H,31.0,45.7147459636805
Donor_1419,GABAergic neuron,M,64.0,64.26762628838082
Donor_1419,L2/3 intratelencephalic projecting glutamatergic neuron,M,64.0,65.4786834871958
Donor_1419,L2/3-6 intratelencephalic projecting glutamatergic neuron,M,64.0,69.96766829088081
Donor_1419,L5/6 near-projecting glutamatergic neuron,M,64.0,66.31835579455809
Donor_1419,L6 corticothalamic-projecting glutamatergic cortical neuron,M,64.0,71.26523848936867
Donor_1419,L6 intratelencephalic projecting glutamatergic neuron,M,64.0,72.27399269742098
Donor_1419,L6b glutamatergic neuron of the primary motor cortex,M,64.0,66.2812168177821
Donor_1419,VIP GABAergic interneuron,M,64.0,69.93671393463009
Donor_1419,astrocyte,M,64.0,71.35345589582813
Donor_1419,endothelial cell,M,64.0,65.23774183606481
Donor_1419,lamp5 GABAergic interneuron,M,64.0,60.66625518289469
Donor_1419,microglial cell,M,64.0,71.87417939005053
Donor_1419,oligodendrocyte,M,64.0,72.73895614948697
Donor_1419,oligodendrocyte precursor cell,M,64.0,72.22005825398887
Donor_1419,pericyte,M,64.0,56.507062927730814
Donor_1419,pvalb GABAergic interneuron,M,64.0,72.25826397996775
Donor_1419,sst GABAergic interneuron,M,64.0,71.25660229685846
Donor_1419,vascular leptomeningeal cell,M,64.0,64.58506485775426
Donor_1433,GABAergic neuron,M,61.0,54.1726344123083
Donor_1433,L2/3 intratelencephalic projecting glutamatergic neuron,M,61.0,57.73267442569752
Donor_1433,L2/3-6 intratelencephalic projecting glutamatergic neuron,M,61.0,60.062120544918024
Donor_1433,L5/6 near-projecting glutamatergic neuron,M,61.0,50.69104718092877
Donor_1433,L6 corticothalamic-projecting glutamatergic cortical neuron,M,61.0,59.31826402429893
Donor_1433,L6 intratelencephalic projecting glutamatergic neuron,M,61.0,59.17982044279688
Donor_1433,L6b glutamatergic neuron of the primary motor cortex,M,61.0,59.17154919059166
Donor_1433,VIP GABAergic interneuron,M,61.0,54.66701463214809
Donor_1433,astrocyte,M,61.0,55.08117847208897
Donor_1433,endothelial cell,M,61.0,59.653625209160275
Donor_1433,lamp5 GABAergic interneuron,M,61.0,53.33687438632873
Donor_1433,microglial cell,M,61.0,64.51878585271535
Donor_1433,oligodendrocyte,M,61.0,64.79249489383123
Donor_1433,oligodendrocyte precursor cell,M,61.0,54.925413358758355
Donor_1433,pericyte,M,61.0,61.3967103628801
Donor_1433,pvalb GABAergic interneuron,M,61.0,58.66148071261163
Donor_1433,smooth muscle cell,M,61.0,
Donor_1433,sst GABAergic interneuron,M,61.0,54.20102551619462
Donor_1435,astrocyte,H,44.0,49.21520037568789
Donor_1435,endothelial cell,H,44.0,51.00280256552779
Donor_1435,oligodendrocyte,H,44.0,28.882902159108653
Donor_1435,oligodendrocyte precursor cell,H,44.0,45.947226734757784
Donor_1437,GABAergic neuron,H,48.0,49.030379700111496
Donor_1437,L2/3 intratelencephalic projecting glutamatergic neuron,H,48.0,52.87185754621659
Donor_1437,L2/3-6 intratelencephalic projecting glutamatergic neuron,H,48.0,51.76924374313768
Donor_1437,L5/6 near-projecting glutamatergic neuron,H,48.0,52.534956967427526
Donor_1437,L6 corticothalamic-projecting glutamatergic cortical neuron,H,48.0,50.94124834402071
Donor_1437,L6 intratelencephalic projecting glutamatergic neuron,H,48.0,53.752882366513695
Donor_1437,L6b glutamatergic neuron of the primary motor cortex,H,48.0,55.59703200569105
Donor_1437,VIP GABAergic interneuron,H,48.0,61.05713720647797
Donor_1437,astrocyte,H,48.0,54.13887678461575
Donor_1437,endothelial cell,H,48.0,46.66171963314079
Donor_1437,lamp5 GABAergic interneuron,H,48.0,53.812866078292686
Donor_1437,microglial cell,H,48.0,43.93768928561231
Donor_1437,oligodendrocyte,H,48.0,55.08826666442084
Donor_1437,oligodendrocyte precursor cell,H,48.0,56.20025034746682
Donor_1437,pericyte,H,48.0,55.3615569126331
Donor_1437,pvalb GABAergic interneuron,H,48.0,46.35648268900965
Donor_1437,sst GABAergic interneuron,H,48.0,48.96328451822046
Donor_1443,GABAergic neuron,M,52.0,56.22978086337052
Donor_1443,L2/3 intratelencephalic projecting glutamatergic neuron,M,52.0,58.464303161749896
Donor_1443,L2/3-6 intratelencephalic projecting glutamatergic neuron,M,52.0,53.36997778595412
Donor_1443,L5/6 near-projecting glutamatergic neuron,M,52.0,60.66240936061411
Donor_1443,L6 corticothalamic-projecting glutamatergic cortical neuron,M,52.0,52.464207237678536
Donor_1443,L6 intratelencephalic projecting glutamatergic neuron,M,52.0,53.735241067212186
Donor_1443,L6b glutamatergic neuron of the primary motor cortex,M,52.0,66.79227392464958
Donor_1443,VIP GABAergic interneuron,M,52.0,55.66509585826009
Donor_1443,astrocyte,M,52.0,51.37254084744529
Donor_1443,lamp5 GABAergic interneuron,M,52.0,58.60409641870727
Donor_1443,microglial cell,M,52.0,60.02801986796268
Donor_1443,oligodendrocyte,M,52.0,57.78330826648978
Donor_1443,oligodendrocyte precursor cell,M,52.0,47.10854283626722
Donor_1443,pericyte,M,52.0,64.55333801666504
Donor_1443,pvalb GABAergic interneuron,M,52.0,59.83965745516712
Donor_1443,sst GABAergic interneuron,M,52.0,54.91292347554165
Donor_1445,GABAergic neuron,M,53.0,75.16798405966519
Donor_1445,L2/3 intratelencephalic projecting glutamatergic neuron,M,53.0,60.3973346509011
Donor_1445,L2/3-6 intratelencephalic projecting glutamatergic neuron,M,53.0,57.637149830282624
Donor_1445,L5/6 near-projecting glutamatergic neuron,M,53.0,64.54144953291797
Donor_1445,L6 corticothalamic-projecting glutamatergic cortical neuron,M,53.0,57.92273510882872
Donor_1445,L6 intratelencephalic projecting glutamatergic neuron,M,53.0,51.24833772421705
Donor_1445,VIP GABAergic interneuron,M,53.0,64.09998396608238
Donor_1445,astrocyte,M,53.0,65.60803222712161
Donor_1445,endothelial cell,M,53.0,74.13575574168746
Donor_1445,lamp5 GABAergic interneuron,M,53.0,68.13854292585845
Donor_1445,microglial cell,M,53.0,64.78921296435132
Donor_1445,oligodendrocyte,M,53.0,74.37141604349637
Donor_1445,oligodendrocyte precursor cell,M,53.0,56.40632415109059
Donor_1445,pericyte,M,53.0,68.85720453223725
Donor_1445,pvalb GABAergic interneuron,M,53.0,68.58894528946314
Donor_1445,sst GABAergic interneuron,M,53.0,60.8728515955391
Donor_1453,GABAergic neuron,H,65.0,50.79984567342531
Donor_1453,L2/3 intratelencephalic projecting glutamatergic neuron,H,65.0,53.05687695435802
Donor_1453,L2/3-6 intratelencephalic projecting glutamatergic neuron,H,65.0,53.70252413981987
Donor_1453,L5/6 near-projecting glutamatergic neuron,H,65.0,52.51791218648687
Donor_1453,L6 intratelencephalic projecting glutamatergic neuron,H,65.0,45.177143293708966
Donor_1453,L6b glutamatergic neuron of the primary motor cortex,H,65.0,46.68768602480654
Donor_1453,VIP GABAergic interneuron,H,65.0,52.35148608427331
Donor_1453,astrocyte,H,65.0,55.8557831701185
Donor_1453,endothelial cell,H,65.0,47.327524917455996
Donor_1453,lamp5 GABAergic interneuron,H,65.0,48.03218405492453
Donor_1453,microglial cell,H,65.0,44.86616597769158
Donor_1453,oligodendrocyte,H,65.0,53.62317040682664
Donor_1453,oligodendrocyte precursor cell,H,65.0,55.48442757180118
Donor_1453,pericyte,H,65.0,44.66463991318462
Donor_1453,pvalb GABAergic interneuron,H,65.0,51.99970701103269
Donor_1453,sst GABAergic interneuron,H,65.0,51.43222365547744
Donor_1462,GABAergic neuron,M,53.0,53.39553674300665
Donor_1462,L2/3 intratelencephalic projecting glutamatergic neuron,M,53.0,51.25566136380262
Donor_1462,L2/3-6 intratelencephalic projecting glutamatergic neuron,M,53.0,53.48298605654757
Donor_1462,L6 corticothalamic-projecting glutamatergic cortical neuron,M,53.0,57.99712455172429
Donor_1462,L6 intratelencephalic projecting glutamatergic neuron,M,53.0,46.40874406433281
Donor_1462,VIP GABAergic interneuron,M,53.0,50.433667787819076
Donor_1462,astrocyte,M,53.0,56.24592885184259
Donor_1462,lamp5 GABAergic interneuron,M,53.0,61.18145646043912
Donor_1462,microglial cell,M,53.0,48.61343027395346
Donor_1462,oligodendrocyte,M,53.0,58.797686409100756
Donor_1462,oligodendrocyte precursor cell,M,53.0,52.32168643823769
Donor_1462,pericyte,M,53.0,57.79993781371556
Donor_1462,pvalb GABAergic interneuron,M,53.0,53.19627775011683
Donor_1462,sst GABAergic interneuron,M,53.0,51.2928699753895
Donor_1474,GABAergic neuron,M,85.0,58.622953360690865
Donor_1474,L2/3 intratelencephalic projecting glutamatergic neuron,M,85.0,69.44067679364005
Donor_1474,L2/3-6 intratelencephalic projecting glutamatergic neuron,M,85.0,68.20084121329728
Donor_1474,L5/6 near-projecting glutamatergic neuron,M,85.0,52.72435833161581
Donor_1474,L6 corticothalamic-projecting glutamatergic cortical neuron,M,85.0,58.361061634999466
Donor_1474,L6 intratelencephalic projecting glutamatergic neuron,M,85.0,53.91645550997869
Donor_1474,L6b glutamatergic neuron of the primary motor cortex,M,85.0,46.60358531818781
Donor_1474,VIP GABAergic interneuron,M,85.0,60.71027329409355
Donor_1474,astrocyte,M,85.0,58.64472702495624
Donor_1474,lamp5 GABAergic interneuron,M,85.0,60.198809683600864
Donor_1474,microglial cell,M,85.0,62.35405131091584
Donor_1474,oligodendrocyte,M,85.0,71.4708968238878
Donor_1474,oligodendrocyte precursor cell,M,85.0,63.22483440633488
Donor_1474,perivascular macrophage,M,85.0,
Donor_1474,pvalb GABAergic interneuron,M,85.0,56.63094814438769
Donor_1474,sst GABAergic interneuron,M,85.0,57.78508108788648
Donor_149,GABAergic neuron,H,52.0,47.63571438365056
Donor_149,L2/3 intratelencephalic projecting glutamatergic neuron,H,52.0,48.968654233486966
Donor_149,L2/3-6 intratelencephalic projecting glutamatergic neuron,H,52.0,52.24186547435408
Donor_149,L5/6 near-projecting glutamatergic neuron,H,52.0,52.44130649276834
Donor_149,L6 corticothalamic-projecting glutamatergic cortical neuron,H,52.0,58.95906162952382
Donor_149,L6 intratelencephalic projecting glutamatergic neuron,H,52.0,52.72194869622203
Donor_149,L6b glutamatergic neuron of the primary motor cortex,H,52.0,45.935550672625915
Donor_149,VIP GABAergic interneuron,H,52.0,44.59797367589893
Donor_149,astrocyte,H,52.0,39.960690447504426
Donor_149,endothelial cell,H,52.0,53.990654075767054
Donor_149,lamp5 GABAergic interneuron,H,52.0,52.52396709320193
Donor_149,microglial cell,H,52.0,60.83123958387525
Donor_149,oligodendrocyte,H,52.0,59.09247794847252
Donor_149,oligodendrocyte precursor cell,H,52.0,63.799052034251815
Donor_149,pericyte,H,52.0,42.87693066616841
Donor_149,pvalb GABAergic interneuron,H,52.0,55.77246924308742
Donor_149,sst GABAergic interneuron,H,52.0,47.90346988747124
Donor_149,vascular leptomeningeal cell,H,52.0,49.33557293947779
Donor_1491,GABAergic neuron,M,73.0,65.99355697269851
Donor_1491,L2/3 intratelencephalic projecting glutamatergic neuron,M,73.0,68.50535257973837
Donor_1491,L2/3-6 intratelencephalic projecting glutamatergic neuron,M,73.0,62.82707921417451
Donor_1491,L6 intratelencephalic projecting glutamatergic neuron,M,73.0,69.17699076206858
Donor_1491,VIP GABAergic interneuron,M,73.0,60.11222538672446
Donor_1491,astrocyte,M,73.0,68.55962389256142
Donor_1491,endothelial cell,M,73.0,63.93870509147783
Donor_1491,lamp5 GABAergic interneuron,M,73.0,60.88009202598427
Donor_1491,microglial cell,M,73.0,75.54087926012583
Donor_1491,oligodendrocyte,M,73.0,63.55171277115075
Donor_1491,oligodendrocyte precursor cell,M,73.0,71.9387634525126
Donor_1491,pvalb GABAergic interneuron,M,73.0,59.167620725244845
Donor_1491,sst GABAergic interneuron,M,73.0,62.28698788714178
Donor_1494,GABAergic neuron,H,40.0,42.337775840235714
Donor_1494,L2/3 intratelencephalic projecting glutamatergic neuron,H,40.0,40.54656982951662
Donor_1494,L2/3-6 intratelencephalic projecting glutamatergic neuron,H,40.0,43.08315630462983
Donor_1494,L5/6 near-projecting glutamatergic neuron,H,40.0,31.715772120358718
Donor_1494,VIP GABAergic interneuron,H,40.0,35.91160721742745
Donor_1494,astrocyte,H,40.0,35.03443819939301
Donor_1494,endothelial cell,H,40.0,23.822790951274023
Donor_1494,lamp5 GABAergic interneuron,H,40.0,41.048270132087325
Donor_1494,microglial cell,H,40.0,42.60968781021434
Donor_1494,oligodendrocyte,H,40.0,33.368165321191945
Donor_1494,oligodendrocyte precursor cell,H,40.0,32.69068597991661
Donor_1494,pericyte,H,40.0,39.95796800886038
Donor_1494,pvalb GABAergic interneuron,H,40.0,36.35091910958133
Donor_1494,sst GABAergic interneuron,H,40.0,38.790084847763744
Donor_1494,vascular leptomeningeal cell,H,40.0,38.42164651980237
Donor_156,L2/3 intratelencephalic projecting glutamatergic neuron,M,53.0,46.955292256612694
Donor_156,L2/3-6 intratelencephalic projecting glutamatergic neuron,M,53.0,90.28869075328694
Donor_156,VIP GABAergic interneuron,M,53.0,66.06562453866279
Donor_156,astrocyte,M,53.0,53.8667306391425
Donor_156,lamp5 GABAergic interneuron,M,53.0,50.25929764189312
Donor_156,microglial cell,M,53.0,80.82865735792947
Donor_156,oligodendrocyte,M,53.0,59.49564076146781
Donor_156,oligodendrocyte precursor cell,M,53.0,55.00459761254404
Donor_156,pvalb GABAergic interneuron,M,53.0,66.13539323473661
Donor_156,sst GABAergic interneuron,M,53.0,55.28757193239528
Donor_173,GABAergic neuron,H,24.0,26.273070323947437
Donor_173,L2/3 intratelencephalic projecting glutamatergic neuron,H,24.0,24.309041403233373
Donor_173,L2/3-6 intratelencephalic projecting glutamatergic neuron,H,24.0,31.27460591283659
Donor_173,VIP GABAergic interneuron,H,24.0,21.395355556781897
Donor_173,astrocyte,H,24.0,26.671287624654326
Donor_173,endothelial cell,H,24.0,34.22554654331882
Donor_173,lamp5 GABAergic interneuron,H,24.0,31.695591201404966
Donor_173,microglial cell,H,24.0,32.42814203244678
Donor_173,oligodendrocyte,H,24.0,29.411656953697893
Donor_173,oligodendrocyte precursor cell,H,24.0,24.232208725935
Donor_173,pvalb GABAergic interneuron,H,24.0,25.00499363344587
Donor_173,sst GABAergic interneuron,H,24.0,21.122490756579413
Donor_173,vascular leptomeningeal cell,H,24.0,36.00532763229752
Donor_175,GABAergic neuron,H,57.0,47.221141696021654
Donor_175,L2/3 intratelencephalic projecting glutamatergic neuron,H,57.0,52.7957576973849
Donor_175,L2/3-6 intratelencephalic projecting glutamatergic neuron,H,57.0,51.24772554407902
Donor_175,L5/6 near-projecting glutamatergic neuron,H,57.0,43.44475673512542
Donor_175,L6 corticothalamic-projecting glutamatergic cortical neuron,H,57.0,48.91085487495171
Donor_175,L6 intratelencephalic projecting glutamatergic neuron,H,57.0,50.30316766561236
Donor_175,L6b glutamatergic neuron of the primary motor cortex,H,57.0,49.89148487999265
Donor_175,VIP GABAergic interneuron,H,57.0,53.155690984617465
Donor_175,astrocyte,H,57.0,49.318738895371965
Donor_175,endothelial cell,H,57.0,50.02651158893525
Donor_175,lamp5 GABAergic interneuron,H,57.0,43.02807995583829
Donor_175,microglial cell,H,57.0,52.945714028146085
Donor_175,oligodendrocyte,H,57.0,47.77972865775157
Donor_175,oligodendrocyte precursor cell,H,57.0,49.62497911772902
Donor_175,pericyte,H,57.0,43.37104615779085
Donor_175,pvalb GABAergic interneuron,H,57.0,52.20632851612295
Donor_175,sst GABAergic interneuron,H,57.0,47.712281674014605
Donor_175,vascular leptomeningeal cell,H,57.0,45.02720901385455
Donor_176,GABAergic neuron,M,56.0,54.78742931440267
Donor_176,L2/3 intratelencephalic projecting glutamatergic neuron,M,56.0,63.330425074847525
Donor_176,L2/3-6 intratelencephalic projecting glutamatergic neuron,M,56.0,63.97538800257956
Donor_176,L5/6 near-projecting glutamatergic neuron,M,56.0,61.85936622362138
Donor_176,L6 corticothalamic-projecting glutamatergic cortical neuron,M,56.0,60.748398486918084
Donor_176,L6 intratelencephalic projecting glutamatergic neuron,M,56.0,70.86586443154643
Donor_176,L6b glutamatergic neuron of the primary motor cortex,M,56.0,60.52595560133041
Donor_176,VIP GABAergic interneuron,M,56.0,59.72842745656118
Donor_176,astrocyte,M,56.0,56.45340135426862
Donor_176,endothelial cell,M,56.0,69.15074188466474
Donor_176,lamp5 GABAergic interneuron,M,56.0,54.13664485245159
Donor_176,microglial cell,M,56.0,55.290252381672595
Donor_176,oligodendrocyte,M,56.0,53.2183379954158
Donor_176,oligodendrocyte precursor cell,M,56.0,55.87654800649554
Donor_176,pvalb GABAergic interneuron,M,56.0,51.49542601906428
Donor_176,sst GABAergic interneuron,M,56.0,60.370991701376695
Donor_177,GABAergic neuron,M,28.0,39.57247919401313
Donor_177,L2/3 intratelencephalic projecting glutamatergic neuron,M,28.0,27.493468768725627
Donor_177,L2/3-6 intratelencephalic projecting glutamatergic neuron,M,28.0,29.592297661449344
Donor_177,VIP GABAergic interneuron,M,28.0,34.03854711762302
Donor_177,astrocyte,M,28.0,41.72409551135453
Donor_177,endothelial cell,M,28.0,44.191867831877104
Donor_177,lamp5 GABAergic interneuron,M,28.0,31.034672022655528
Donor_177,microglial cell,M,28.0,43.522991964203726
Donor_177,oligodendrocyte,M,28.0,34.126336740996
Donor_177,oligodendrocyte precursor cell,M,28.0,34.05881986199905
Donor_177,pericyte,M,28.0,54.86034866747832
Donor_177,pvalb GABAergic interneuron,M,28.0,36.38544866026014
Donor_177,sst GABAergic interneuron,M,28.0,40.26430743724683
Donor_177,vascular leptomeningeal cell,M,28.0,56.866790050238336
Donor_180,GABAergic neuron,H,20.0,34.36133622998229
Donor_180,L2/3 intratelencephalic projecting glutamatergic neuron,H,20.0,19.910606126396225
Donor_180,L2/3-6 intratelencephalic projecting glutamatergic neuron,H,20.0,14.132011670278487
Donor_180,L5/6 near-projecting glutamatergic neuron,H,20.0,27.74483280597536
Donor_180,L6 corticothalamic-projecting glutamatergic cortical neuron,H,20.0,15.841527967189542
Donor_180,L6 intratelencephalic projecting glutamatergic neuron,H,20.0,30.18960762761717
Donor_180,L6b glutamatergic neuron of the primary motor cortex,H,20.0,33.76369223538946
Donor_180,VIP GABAergic interneuron,H,20.0,28.323058600645922
Donor_180,astrocyte,H,20.0,22.25957171410269
Donor_180,endothelial cell,H,20.0,32.6690384669218
Donor_180,lamp5 GABAergic interneuron,H,20.0,32.64151547248815
Donor_180,microglial cell,H,20.0,32.7094729877599
Donor_180,oligodendrocyte,H,20.0,34.111923807493454
Donor_180,oligodendrocyte precursor cell,H,20.0,25.590948900098734
Donor_180,pericyte,H,20.0,41.378229360007936
Donor_180,pvalb GABAergic interneuron,H,20.0,31.985593916841978
Donor_180,sst GABAergic interneuron,H,20.0,29.350247595595775
Donor_180,vascular leptomeningeal cell,H,20.0,35.90970560023139
Donor_2,GABAergic neuron,M,42.0,45.034298507823884
Donor_2,L2/3 intratelencephalic projecting glutamatergic neuron,M,42.0,34.16798059615434
Donor_2,L2/3-6 intratelencephalic projecting glutamatergic neuron,M,42.0,27.54356475989084
Donor_2,L5/6 near-projecting glutamatergic neuron,M,42.0,52.380362856750125
Donor_2,L6 corticothalamic-projecting glutamatergic cortical neuron,M,42.0,48.16976305667688
Donor_2,L6 intratelencephalic projecting glutamatergic neuron,M,42.0,45.81305441050342
Donor_2,L6b glutamatergic neuron of the primary motor cortex,M,42.0,53.987927548766166
Donor_2,VIP GABAergic interneuron,M,42.0,43.77230931891519
Donor_2,endothelial cell,M,42.0,52.129403441055814
Donor_2,lamp5 GABAergic interneuron,M,42.0,54.62040678660322
Donor_2,microglial cell,M,42.0,50.773569807433844
Donor_2,oligodendrocyte,M,42.0,27.600454334250664
Donor_2,oligodendrocyte precursor cell,M,42.0,35.201010496547084
Donor_2,pericyte,M,42.0,54.185707601206715
Donor_2,pvalb GABAergic interneuron,M,42.0,43.25049549193015
Donor_2,smooth muscle cell,M,42.0,
Donor_2,sst GABAergic interneuron,M,42.0,44.92748279297832
Donor_20,GABAergic neuron,H,40.0,39.57237687783603
Donor_20,L2/3 intratelencephalic projecting glutamatergic neuron,H,40.0,46.42389270321973
Donor_20,L2/3-6 intratelencephalic projecting glutamatergic neuron,H,40.0,44.361541681892604
Donor_20,L5/6 near-projecting glutamatergic neuron,H,40.0,42.242826882729794
Donor_20,L6 corticothalamic-projecting glutamatergic cortical neuron,H,40.0,41.33489717342721
Donor_20,L6 intratelencephalic projecting glutamatergic neuron,H,40.0,44.02544889598437
Donor_20,L6b glutamatergic neuron of the primary motor cortex,H,40.0,46.03434427454292
Donor_20,VIP GABAergic interneuron,H,40.0,45.31711699011088
Donor_20,astrocyte,H,40.0,45.181017170724814
Donor_20,endothelial cell,H,40.0,38.44466061207552
Donor_20,lamp5 GABAergic interneuron,H,40.0,39.61595737592209
Donor_20,microglial cell,H,40.0,41.037545264200105
Donor_20,oligodendrocyte,H,40.0,41.69355052073056
Donor_20,oligodendrocyte precursor cell,H,40.0,46.324660207752025
Donor_20,pericyte,H,40.0,34.83393951039182
Donor_20,pvalb GABAergic interneuron,H,40.0,42.290087076416526
Donor_20,sst GABAergic interneuron,H,40.0,39.33638362166001
Donor_200,GABAergic neuron,M,58.0,61.72168252151411
Donor_200,L2/3 intratelencephalic projecting glutamatergic neuron,M,58.0,56.9183852694371
Donor_200,L2/3-6 intratelencephalic projecting glutamatergic neuron,M,58.0,57.37221273600993
Donor_200,L6 corticothalamic-projecting glutamatergic cortical neuron,M,58.0,64.8747509919462
Donor_200,VIP GABAergic interneuron,M,58.0,54.34578099665756
Donor_200,astrocyte,M,58.0,51.60784479430707
Donor_200,lamp5 GABAergic interneuron,M,58.0,58.264366472254
Donor_200,microglial cell,M,58.0,57.15711714910494
Donor_200,oligodendrocyte,M,58.0,51.45798440467086
Donor_200,oligodendrocyte precursor cell,M,58.0,53.511777705655774
Donor_200,pericyte,M,58.0,52.35347460010033
Donor_200,pvalb GABAergic interneuron,M,58.0,49.96789667261988
Donor_200,sst GABAergic interneuron,M,58.0,69.20109771777413
Donor_205,GABAergic neuron,H,38.0,32.660968776109954
Donor_205,L2/3 intratelencephalic projecting glutamatergic neuron,H,38.0,46.92469989965676
Donor_205,L2/3-6 intratelencephalic projecting glutamatergic neuron,H,38.0,47.57461629947089
Donor_205,L6 corticothalamic-projecting glutamatergic cortical neuron,H,38.0,48.29717061172956
Donor_205,L6 intratelencephalic projecting glutamatergic neuron,H,38.0,51.66083638647483
Donor_205,VIP GABAergic interneuron,H,38.0,34.332814239116416
Donor_205,astrocyte,H,38.0,40.32140518485219
Donor_205,endothelial cell,H,38.0,32.42696576386651
Donor_205,lamp5 GABAergic interneuron,H,38.0,36.11947348528875
Donor_205,oligodendrocyte,H,38.0,43.55409780813587
Donor_205,oligodendrocyte precursor cell,H,38.0,37.938331375819836
Donor_205,pvalb GABAergic interneuron,H,38.0,46.169309232002
Donor_205,sst GABAergic interneuron,H,38.0,32.13242725149424
Donor_207,GABAergic neuron,M,35.0,62.78991820981448
Donor_207,L2/3 intratelencephalic projecting glutamatergic neuron,M,35.0,46.84569496681561
Donor_207,L2/3-6 intratelencephalic projecting glutamatergic neuron,M,35.0,53.548880744960655
Donor_207,L5/6 near-projecting glutamatergic neuron,M,35.0,69.76825989520555
Donor_207,L6 corticothalamic-projecting glutamatergic cortical neuron,M,35.0,64.66019775066628
Donor_207,L6 intratelencephalic projecting glutamatergic neuron,M,35.0,55.454266887601264
Donor_207,L6b glutamatergic neuron of the primary motor cortex,M,35.0,67.13010622693032
Donor_207,VIP GABAergic interneuron,M,35.0,57.586392429797094
Donor_207,astrocyte,M,35.0,54.47924809500857
Donor_207,endothelial cell,M,35.0,63.45371831639417
Donor_207,lamp5 GABAergic interneuron,M,35.0,56.37351126480522
Donor_207,microglial cell,M,35.0,53.04712851963318
Donor_207,oligodendrocyte,M,35.0,51.730479050019866
Donor_207,oligodendrocyte precursor cell,M,35.0,50.588569807789966
Donor_207,pvalb GABAergic interneuron,M,35.0,64.21089285601285
Donor_207,sst GABAergic interneuron,M,35.0,56.99944344720441
Donor_211,GABAergic neuron,H,48.0,37.929166548782966
Donor_211,L2/3 intratelencephalic projecting glutamatergic neuron,H,48.0,44.0900374688162
Donor_211,L2/3-6 intratelencephalic projecting glutamatergic neuron,H,48.0,46.94542987353112
Donor_211,L5/6 near-projecting glutamatergic neuron,H,48.0,38.240015561248356
Donor_211,VIP GABAergic interneuron,H,48.0,39.76582306921641
Donor_211,astrocyte,H,48.0,39.66449083018304
Donor_211,endothelial cell,H,48.0,40.84678088315519
Donor_211,lamp5 GABAergic interneuron,H,48.0,26.49048725770932
Donor_211,microglial cell,H,48.0,48.3819761529769
Donor_211,oligodendrocyte,H,48.0,44.45521246592859
Donor_211,oligodendrocyte precursor cell,H,48.0,44.99464193853021
Donor_211,pericyte,H,48.0,36.81113692454385
Donor_211,perivascular macrophage,H,48.0,41.40146808658776
Donor_211,pvalb GABAergic interneuron,H,48.0,38.505880338475855
Donor_211,sst GABAergic interneuron,H,48.0,35.6192961192349
Donor_213,L2/3-6 intratelencephalic projecting glutamatergic neuron,H,46.0,58.3541545862954
Donor_213,L6 corticothalamic-projecting glutamatergic cortical neuron,H,46.0,43.34140178898203
Donor_213,VIP GABAergic interneuron,H,46.0,56.104495109821784
Donor_213,astrocyte,H,46.0,38.6370810246911
Donor_213,endothelial cell,H,46.0,49.47839347135442
Donor_213,lamp5 GABAergic interneuron,H,46.0,40.04926816006716
Donor_213,microglial cell,H,46.0,44.72050264993524
Donor_213,oligodendrocyte,H,46.0,48.893526364996454
Donor_213,oligodendrocyte precursor cell,H,46.0,52.422897600052366
Donor_213,pvalb GABAergic interneuron,H,46.0,43.55112217869747
Donor_213,sst GABAergic interneuron,H,46.0,49.98823119946228
Donor_227,GABAergic neuron,M,48.0,69.57294983106709
Donor_227,L2/3 intratelencephalic projecting glutamatergic neuron,M,48.0,52.41086082601977
Donor_227,L2/3-6 intratelencephalic projecting glutamatergic neuron,M,48.0,59.532679173595106
Donor_227,VIP GABAergic interneuron,M,48.0,62.04641669455303
Donor_227,astrocyte,M,48.0,57.49500018960325
Donor_227,lamp5 GABAergic interneuron,M,48.0,66.51650786479256
Donor_227,microglial cell,M,48.0,66.51475457989866
Donor_227,oligodendrocyte,M,48.0,53.93047734779039
Donor_227,oligodendrocyte precursor cell,M,48.0,57.11962391286027
Donor_227,sst GABAergic interneuron,M,48.0,63.79961457530886
Donor_231,L2/3 intratelencephalic projecting glutamatergic neuron,H,59.0,52.80203198170848
Donor_231,L2/3-6 intratelencephalic projecting glutamatergic neuron,H,59.0,55.556675343215204
Donor_231,L5/6 near-projecting glutamatergic neuron,H,59.0,54.2805704666025
Donor_231,L6 corticothalamic-projecting glutamatergic cortical neuron,H,59.0,61.48444116967976
Donor_231,L6 intratelencephalic projecting glutamatergic neuron,H,59.0,58.923146143779874
Donor_231,L6b glutamatergic neuron of the primary motor cortex,H,59.0,63.00980722347586
Donor_231,VIP GABAergic interneuron,H,59.0,48.842276756857224
Donor_231,astrocyte,H,59.0,60.585744378996054
Donor_231,endothelial cell,H,59.0,52.05731959213485
Donor_231,lamp5 GABAergic interneuron,H,59.0,50.81335446318229
Donor_231,microglial cell,H,59.0,53.09923473837125
Donor_231,oligodendrocyte,H,59.0,61.068489158874584
Donor_231,oligodendrocyte precursor cell,H,59.0,62.64689812402369
Donor_231,pericyte,H,59.0,49.489045285332075
Donor_231,pvalb GABAergic interneuron,H,59.0,51.6576742869392
Donor_231,sst GABAergic interneuron,H,59.0,63.19002491117626
Donor_232,GABAergic neuron,H,78.0,47.4243259594317
Donor_232,L2/3 intratelencephalic projecting glutamatergic neuron,H,78.0,62.80900746725479
Donor_232,L2/3-6 intratelencephalic projecting glutamatergic neuron,H,78.0,62.37243321901461
Donor_232,L5/6 near-projecting glutamatergic neuron,H,78.0,45.59961108929042
Donor_232,L6 corticothalamic-projecting glutamatergic cortical neuron,H,78.0,55.14316799310496
Donor_232,L6 intratelencephalic projecting glutamatergic neuron,H,78.0,57.21389522540558
Donor_232,L6b glutamatergic neuron of the primary motor cortex,H,78.0,55.270689195541415
Donor_232,VIP GABAergic interneuron,H,78.0,54.815395726213836
Donor_232,astrocyte,H,78.0,61.5684240590989
Donor_232,endothelial cell,H,78.0,47.03642628089162
Donor_232,lamp5 GABAergic interneuron,H,78.0,52.645516178294486
Donor_232,microglial cell,H,78.0,57.46868125646275
Donor_232,oligodendrocyte,H,78.0,54.351110567914304
Donor_232,oligodendrocyte precursor cell,H,78.0,58.50311054404523
Donor_232,pericyte,H,78.0,46.41020357213155
Donor_232,pvalb GABAergic interneuron,H,78.0,54.30593899300666
Donor_232,smooth muscle cell,H,78.0,45.945700896866576
Donor_232,sst GABAergic interneuron,H,78.0,63.742932573796146
Donor_232,vascular leptomeningeal cell,H,78.0,45.855565209881554
Donor_238,GABAergic neuron,H,45.0,46.10316388122844
Donor_238,L2/3 intratelencephalic projecting glutamatergic neuron,H,45.0,49.59594048039108
Donor_238,L2/3-6 intratelencephalic projecting glutamatergic neuron,H,45.0,49.7321888647664
Donor_238,L5/6 near-projecting glutamatergic neuron,H,45.0,46.037967013612395
Donor_238,L6 corticothalamic-projecting glutamatergic cortical neuron,H,45.0,48.84383471788312
Donor_238,L6 intratelencephalic projecting glutamatergic neuron,H,45.0,48.570527934694766
Donor_238,L6b glutamatergic neuron of the primary motor cortex,H,45.0,45.48721411028834
Donor_238,VIP GABAergic interneuron,H,45.0,51.681899089382256
Donor_238,astrocyte,H,45.0,42.69630067684271
Donor_238,endothelial cell,H,45.0,41.44376128310664
Donor_238,lamp5 GABAergic interneuron,H,45.0,51.83845825150212
Donor_238,microglial cell,H,45.0,40.631744946554036
Donor_238,oligodendrocyte,H,45.0,48.760716646546825
Donor_238,oligodendrocyte precursor cell,H,45.0,50.37682765252663
Donor_238,pericyte,H,45.0,51.066756301202545
Donor_238,pvalb GABAergic interneuron,H,45.0,51.881541244893725
Donor_238,sst GABAergic interneuron,H,45.0,53.52871527977384
Donor_238,vascular leptomeningeal cell,H,45.0,50.88333607727016
Donor_245,GABAergic neuron,M,75.0,59.084136806091074
Donor_245,L2/3 intratelencephalic projecting glutamatergic neuron,M,75.0,63.40919799824886
Donor_245,L2/3-6 intratelencephalic projecting glutamatergic neuron,M,75.0,53.02805545825727
Donor_245,L5/6 near-projecting glutamatergic neuron,M,75.0,60.429767158184326
Donor_245,L6 corticothalamic-projecting glutamatergic cortical neuron,M,75.0,57.64837670950679
Donor_245,VIP GABAergic interneuron,M,75.0,60.110692843590776
Donor_245,astrocyte,M,75.0,54.428403061469744
Donor_245,endothelial cell,M,75.0,63.21656768490191
Donor_245,lamp5 GABAergic interneuron,M,75.0,60.735416940325315
Donor_245,microglial cell,M,75.0,53.06476506901348
Donor_245,oligodendrocyte,M,75.0,70.48304486977631
Donor_245,oligodendrocyte precursor cell,M,75.0,64.12304929493502
Donor_245,pericyte,M,75.0,61.27406444006944
Donor_245,pvalb GABAergic interneuron,M,75.0,50.00568910451791
Donor_245,sst GABAergic interneuron,M,75.0,60.259720135639206
Donor_267,GABAergic neuron,H,27.0,31.85658401088307
Donor_267,L2/3 intratelencephalic projecting glutamatergic neuron,H,27.0,28.847306774405585
Donor_267,L2/3-6 intratelencephalic projecting glutamatergic neuron,H,27.0,24.633464297678493
Donor_267,L6 intratelencephalic projecting glutamatergic neuron,H,27.0,28.220483404357015
Donor_267,VIP GABAergic interneuron,H,27.0,23.219608437005427
Donor_267,astrocyte,H,27.0,27.86471900369893
Donor_267,endothelial cell,H,27.0,33.70981242538582
Donor_267,lamp5 GABAergic interneuron,H,27.0,32.66458379379212
Donor_267,microglial cell,H,27.0,24.95636571999626
Donor_267,oligodendrocyte,H,27.0,25.00745970291881
Donor_267,oligodendrocyte precursor cell,H,27.0,30.362003488084508
Donor_267,pvalb GABAergic interneuron,H,27.0,20.530705227214277
Donor_267,sst GABAergic interneuron,H,27.0,25.82726405214227
Donor_27,GABAergic neuron,M,89.0,62.91170023949239
Donor_27,L2/3 intratelencephalic projecting glutamatergic neuron,M,89.0,70.51039732504937
Donor_27,L2/3-6 intratelencephalic projecting glutamatergic neuron,M,89.0,72.15489486106345
Donor_27,VIP GABAergic interneuron,M,89.0,68.19998279270604
Donor_27,astrocyte,M,89.0,73.60861878982689
Donor_27,lamp5 GABAergic interneuron,M,89.0,67.46334210360556
Donor_27,microglial cell,M,89.0,69.73245419067045
Donor_27,oligodendrocyte,M,89.0,71.63912043985144
Donor_27,oligodendrocyte precursor cell,M,89.0,78.60519393314755
Donor_27,perivascular macrophage,M,89.0,
Donor_27,pvalb GABAergic interneuron,M,89.0,65.2866223424168
Donor_27,sst GABAergic interneuron,M,89.0,66.55812194665697
Donor_27,vascular leptomeningeal cell,M,89.0,60.85953435369734
Donor_287,GABAergic neuron,M,64.0,57.59753979645752
Donor_287,L2/3 intratelencephalic projecting glutamatergic neuron,M,64.0,64.85219698642689
Donor_287,L2/3-6 intratelencephalic projecting glutamatergic neuron,M,64.0,55.03812440696413
Donor_287,L5/6 near-projecting glutamatergic neuron,M,64.0,64.89551848998502
Donor_287,L6 corticothalamic-projecting glutamatergic cortical neuron,M,64.0,54.90644498136706
Donor_287,L6 intratelencephalic projecting glutamatergic neuron,M,64.0,71.24067337922145
Donor_287,L6b glutamatergic neuron of the primary motor cortex,M,64.0,63.07975052598825
Donor_287,VIP GABAergic interneuron,M,64.0,55.68769262167547
Donor_287,astrocyte,M,64.0,62.03471077505773
Donor_287,endothelial cell,M,64.0,63.85265345623789
Donor_287,lamp5 GABAergic interneuron,M,64.0,62.78771150408491
Donor_287,microglial cell,M,64.0,61.73334559611187
Donor_287,oligodendrocyte,M,64.0,65.87143807966125
Donor_287,oligodendrocyte precursor cell,M,64.0,57.13288042795525
Donor_287,pericyte,M,64.0,52.829260895665
Donor_287,pvalb GABAergic interneuron,M,64.0,58.644791065467345
Donor_287,sst GABAergic interneuron,M,64.0,62.454088845985765
Donor_288,GABAergic neuron,M,41.0,56.93766017110396
Donor_288,L2/3 intratelencephalic projecting glutamatergic neuron,M,41.0,60.07295040654063
Donor_288,L2/3-6 intratelencephalic projecting glutamatergic neuron,M,41.0,72.0408770764817
Donor_288,VIP GABAergic interneuron,M,41.0,62.88264695115211
Donor_288,astrocyte,M,41.0,59.53652855039298
Donor_288,endothelial cell,M,41.0,51.20353634183979
Donor_288,lamp5 GABAergic interneuron,M,41.0,51.94593657771456
Donor_288,microglial cell,M,41.0,52.4783325912895
Donor_288,oligodendrocyte,M,41.0,51.59019827603531
Donor_288,oligodendrocyte precursor cell,M,41.0,56.55145023601809
Donor_288,pericyte,M,41.0,61.33901977795001
Donor_288,pvalb GABAergic interneuron,M,41.0,56.62358409721899
Donor_288,sst GABAergic interneuron,M,41.0,69.22339873894049
Donor_291,GABAergic neuron,H,30.0,30.688984524343205
Donor_291,L2/3 intratelencephalic projecting glutamatergic neuron,H,30.0,34.69773967465585
Donor_291,L2/3-6 intratelencephalic projecting glutamatergic neuron,H,30.0,37.13374073003411
Donor_291,VIP GABAergic interneuron,H,30.0,39.419054714037415
Donor_291,astrocyte,H,30.0,37.04826223714026
Donor_291,endothelial cell,H,30.0,31.64394996385608
Donor_291,lamp5 GABAergic interneuron,H,30.0,31.39449943239675
Donor_291,microglial cell,H,30.0,27.1710745505709
Donor_291,oligodendrocyte,H,30.0,30.73298467011993
Donor_291,oligodendrocyte precursor cell,H,30.0,34.43506737269115
Donor_291,pericyte,H,30.0,39.26133378592217
Donor_291,perivascular macrophage,H,30.0,37.325085520510335
Donor_291,pvalb GABAergic interneuron,H,30.0,37.12479709862819
Donor_291,sst GABAergic interneuron,H,30.0,30.88244667005054
Donor_291,vascular leptomeningeal cell,H,30.0,33.977540665029466
Donor_307,GABAergic neuron,M,56.0,56.70616241204075
Donor_307,L2/3 intratelencephalic projecting glutamatergic neuron,M,56.0,54.5693676954199
Donor_307,L2/3-6 intratelencephalic projecting glutamatergic neuron,M,56.0,49.03647147840745
Donor_307,L5/6 near-projecting glutamatergic neuron,M,56.0,64.8177639324223
Donor_307,L6 corticothalamic-projecting glutamatergic cortical neuron,M,56.0,51.54515760690665
Donor_307,L6 intratelencephalic projecting glutamatergic neuron,M,56.0,58.55036944820389
Donor_307,L6b glutamatergic neuron of the primary motor cortex,M,56.0,55.6816362009403
Donor_307,VIP GABAergic interneuron,M,56.0,54.15290940417807
Donor_307,astrocyte,M,56.0,53.196427306166655
Donor_307,endothelial cell,M,56.0,53.645187035568945
Donor_307,lamp5 GABAergic interneuron,M,56.0,59.98249382194173
Donor_307,microglial cell,M,56.0,64.57694619483262
Donor_307,oligodendrocyte,M,56.0,59.441618410496964
Donor_307,oligodendrocyte precursor cell,M,56.0,61.13984923526643
Donor_307,pericyte,M,56.0,61.86274811846922
Donor_307,pvalb GABAergic interneuron,M,56.0,55.24716038403088
Donor_307,sst GABAergic interneuron,M,56.0,54.07819089111214
Donor_313,GABAergic neuron,H,58.0,46.22487675053783
Donor_313,L2/3 intratelencephalic projecting glutamatergic neuron,H,58.0,50.77393901839723
Donor_313,L2/3-6 intratelencephalic projecting glutamatergic neuron,H,58.0,48.58483874211696
Donor_313,L6 intratelencephalic projecting glutamatergic neuron,H,58.0,48.183608746888794
Donor_313,VIP GABAergic interneuron,H,58.0,46.020207974478524
Donor_313,astrocyte,H,58.0,51.49685442370179
Donor_313,endothelial cell,H,58.0,34.55561717743836
Donor_313,lamp5 GABAergic interneuron,H,58.0,48.31234644689195
Donor_313,microglial cell,H,58.0,42.107571643598014
Donor_313,oligodendrocyte,H,58.0,55.83467405187612
Donor_313,oligodendrocyte precursor cell,H,58.0,50.54201569865198
Donor_313,pericyte,H,58.0,43.60280097490161
Donor_313,pvalb GABAergic interneuron,H,58.0,41.76875193133377
Donor_313,sst GABAergic interneuron,H,58.0,44.95061402517161
Donor_313,vascular leptomeningeal cell,H,58.0,37.614771676970086
Donor_314,GABAergic neuron,H,25.0,33.722533713006506
Donor_314,L2/3 intratelencephalic projecting glutamatergic neuron,H,25.0,33.98273273667858
Donor_314,L2/3-6 intratelencephalic projecting glutamatergic neuron,H,25.0,36.06992484056332
Donor_314,L6 corticothalamic-projecting glutamatergic cortical neuron,H,25.0,33.98731484356988
Donor_314,VIP GABAergic interneuron,H,25.0,37.176484118662216
Donor_314,astrocyte,H,25.0,32.917259494136296
Donor_314,endothelial cell,H,25.0,33.56454200559393
Donor_314,lamp5 GABAergic interneuron,H,25.0,41.963502319149036
Donor_314,microglial cell,H,25.0,35.94341308445552
Donor_314,oligodendrocyte,H,25.0,25.340713080945733
Donor_314,oligodendrocyte precursor cell,H,25.0,29.59992035120106
Donor_314,pvalb GABAergic interneuron,H,25.0,33.405456343957155
Donor_314,sst GABAergic interneuron,H,25.0,31.891435371513616
Donor_317,GABAergic neuron,M,75.0,68.12216917578306
Donor_317,L2/3 intratelencephalic projecting glutamatergic neuron,M,75.0,70.78038101003246
Donor_317,L2/3-6 intratelencephalic projecting glutamatergic neuron,M,75.0,70.90773888260799
Donor_317,L5/6 near-projecting glutamatergic neuron,M,75.0,64.32801920868378
Donor_317,L6 corticothalamic-projecting glutamatergic cortical neuron,M,75.0,67.55580219508327
Donor_317,L6 intratelencephalic projecting glutamatergic neuron,M,75.0,73.17998258732078
Donor_317,VIP GABAergic interneuron,M,75.0,69.85205460217011
Donor_317,astrocyte,M,75.0,74.82368159722704
Donor_317,endothelial cell,M,75.0,58.58490806195478
Donor_317,lamp5 GABAergic interneuron,M,75.0,65.88568541894008
Donor_317,microglial cell,M,75.0,63.177689915706566
Donor_317,oligodendrocyte,M,75.0,70.42755048928129
Donor_317,oligodendrocyte precursor cell,M,75.0,61.93835253099358
Donor_317,pericyte,M,75.0,60.642129671809855
Donor_317,pvalb GABAergic interneuron,M,75.0,74.64789017627798
Donor_317,sst GABAergic interneuron,M,75.0,64.05155577613566
Donor_325,GABAergic neuron,M,73.0,57.238794633385496
Donor_325,L2/3 intratelencephalic projecting glutamatergic neuron,M,73.0,65.42313928334038
Donor_325,L2/3-6 intratelencephalic projecting glutamatergic neuron,M,73.0,60.26478570341052
Donor_325,L5/6 near-projecting glutamatergic neuron,M,73.0,54.15509371354672
Donor_325,L6 corticothalamic-projecting glutamatergic cortical neuron,M,73.0,63.321396283289445
Donor_325,L6 intratelencephalic projecting glutamatergic neuron,M,73.0,58.43620103658418
Donor_325,L6b glutamatergic neuron of the primary motor cortex,M,73.0,51.117437763701545
Donor_325,VIP GABAergic interneuron,M,73.0,59.00589478197992
Donor_325,astrocyte,M,73.0,62.422755645611595
Donor_325,endothelial cell,M,73.0,68.7136719294099
Donor_325,lamp5 GABAergic interneuron,M,73.0,59.03015144176329
Donor_325,microglial cell,M,73.0,59.68805705133259
Donor_325,oligodendrocyte,M,73.0,55.92293167801559
Donor_325,oligodendrocyte precursor cell,M,73.0,63.99665804335295
Donor_325,pvalb GABAergic interneuron,M,73.0,61.54019676053692
Donor_325,sst GABAergic interneuron,M,73.0,59.72804342233054
Donor_325,vascular leptomeningeal cell,M,73.0,55.5614008788902
Donor_330,L6b glutamatergic neuron of the primary motor cortex,H,23.0,33.283378429952705
Donor_330,astrocyte,H,23.0,45.963680062396634
Donor_330,endothelial cell,H,23.0,45.30166949356948
Donor_330,microglial cell,H,23.0,47.108427739497834
Donor_330,oligodendrocyte,H,23.0,30.090205495711835
Donor_330,oligodendrocyte precursor cell,H,23.0,29.176267253296047
Donor_332,GABAergic neuron,H,48.0,39.91046400282422
Donor_332,L2/3 intratelencephalic projecting glutamatergic neuron,H,48.0,50.36202419094115
Donor_332,L2/3-6 intratelencephalic projecting glutamatergic neuron,H,48.0,53.231695643491015
Donor_332,L5/6 near-projecting glutamatergic neuron,H,48.0,43.28888204412226
Donor_332,L6 corticothalamic-projecting glutamatergic cortical neuron,H,48.0,47.77101331496114
Donor_332,L6 intratelencephalic projecting glutamatergic neuron,H,48.0,43.780772349920355
Donor_332,L6b glutamatergic neuron of the primary motor cortex,H,48.0,42.754914139062656
Donor_332,VIP GABAergic interneuron,H,48.0,43.120528851199296
Donor_332,astrocyte,H,48.0,45.48234172556094
Donor_332,endothelial cell,H,48.0,40.94668274548329
Donor_332,lamp5 GABAergic interneuron,H,48.0,42.00193312792332
Donor_332,microglial cell,H,48.0,45.290402424401236
Donor_332,oligodendrocyte,H,48.0,42.31612582806093
Donor_332,oligodendrocyte precursor cell,H,48.0,43.236219212048574
Donor_332,pericyte,H,48.0,37.41150474996482
Donor_332,perivascular macrophage,H,48.0,38.59762907679635
Donor_332,pvalb GABAergic interneuron,H,48.0,44.2443861809198
Donor_332,sst GABAergic interneuron,H,48.0,44.31335797966183
Donor_332,vascular leptomeningeal cell,H,48.0,43.265720787668066
Donor_338,GABAergic neuron,H,46.0,42.39201632822813
Donor_338,L2/3 intratelencephalic projecting glutamatergic neuron,H,46.0,43.60981001684245
Donor_338,L2/3-6 intratelencephalic projecting glutamatergic neuron,H,46.0,47.19389296105057
Donor_338,L5/6 near-projecting glutamatergic neuron,H,46.0,47.366473374935154
Donor_338,L6 corticothalamic-projecting glutamatergic cortical neuron,H,46.0,44.35855965438856
Donor_338,L6 intratelencephalic projecting glutamatergic neuron,H,46.0,45.582903501198864
Donor_338,L6b glutamatergic neuron of the primary motor cortex,H,46.0,47.38879785351582
Donor_338,VIP GABAergic interneuron,H,46.0,47.2435621683945
Donor_338,astrocyte,H,46.0,41.61417739623244
Donor_338,endothelial cell,H,46.0,51.04130547785233
Donor_338,lamp5 GABAergic interneuron,H,46.0,44.39394597024798
Donor_338,microglial cell,H,46.0,38.843077334978645
Donor_338,oligodendrocyte,H,46.0,44.488201315915646
Donor_338,oligodendrocyte precursor cell,H,46.0,44.56954879762639
Donor_338,pericyte,H,46.0,50.047658404152344
Donor_338,perivascular macrophage,H,46.0,34.74216692061157
Donor_338,pvalb GABAergic interneuron,H,46.0,43.64483998037371
Donor_338,sst GABAergic interneuron,H,46.0,44.08323103881974
Donor_338,vascular leptomeningeal cell,H,46.0,45.53090200074171
Donor_346,L2/3 intratelencephalic projecting glutamatergic neuron,H,22.0,23.330792657195975
Donor_346,L2/3-6 intratelencephalic projecting glutamatergic neuron,H,22.0,21.27216264370601
Donor_346,L5/6 near-projecting glutamatergic neuron,H,22.0,37.42509939160275
Donor_346,L6 corticothalamic-projecting glutamatergic cortical neuron,H,22.0,25.180147655330355
Donor_346,L6 intratelencephalic projecting glutamatergic neuron,H,22.0,28.31708952057227
Donor_346,L6b glutamatergic neuron of the primary motor cortex,H,22.0,35.3817499811252
Donor_346,VIP GABAergic interneuron,H,22.0,43.44696597453686
Donor_346,astrocyte,H,22.0,32.91456191344257
Donor_346,endothelial cell,H,22.0,39.5261508654407
Donor_346,lamp5 GABAergic interneuron,H,22.0,40.46685438062047
Donor_346,microglial cell,H,22.0,35.15814051865876
Donor_346,oligodendrocyte,H,22.0,30.893582702505583
Donor_346,oligodendrocyte precursor cell,H,22.0,26.31670676751031
Donor_346,pericyte,H,22.0,37.91508687051981
Donor_346,pvalb GABAergic interneuron,H,22.0,36.24948439406001
Donor_346,sst GABAergic interneuron,H,22.0,39.1959525856368
Donor_346,vascular leptomeningeal cell,H,22.0,38.81348072959765
Donor_349,GABAergic neuron,H,30.0,39.69652936399818
Donor_349,L2/3 intratelencephalic projecting glutamatergic neuron,H,30.0,30.772518337463804
Donor_349,L2/3-6 intratelencephalic projecting glutamatergic neuron,H,30.0,29.512040450723955
Donor_349,L5/6 near-projecting glutamatergic neuron,H,30.0,37.99646073661459
Donor_349,L6 corticothalamic-projecting glutamatergic cortical neuron,H,30.0,30.57887986330653
Donor_349,L6 intratelencephalic projecting glutamatergic neuron,H,30.0,32.937847110830106
Donor_349,L6b glutamatergic neuron of the primary motor cortex,H,30.0,34.74031644906594
Donor_349,VIP GABAergic interneuron,H,30.0,34.03226363633407
Donor_349,astrocyte,H,30.0,34.025755957518015
Donor_349,endothelial cell,H,30.0,38.21905231863177
Donor_349,lamp5 GABAergic interneuron,H,30.0,45.64664249730283
Donor_349,microglial cell,H,30.0,47.67000916296742
Donor_349,oligodendrocyte,H,30.0,32.60784053110563
Donor_349,oligodendrocyte precursor cell,H,30.0,34.544032842701355
Donor_349,pericyte,H,30.0,41.79682768428843
Donor_349,pvalb GABAergic interneuron,H,30.0,34.77982935869385
Donor_349,sst GABAergic interneuron,H,30.0,28.9480696918217
Donor_349,vascular leptomeningeal cell,H,30.0,36.88102163625597
Donor_352,L2/3 intratelencephalic projecting glutamatergic neuron,M,63.0,52.00447119869545
Donor_352,VIP GABAergic interneuron,M,63.0,46.26716382677425
Donor_352,astrocyte,M,63.0,65.82052657638708
Donor_352,microglial cell,M,63.0,59.46815993528061
Donor_352,oligodendrocyte,M,63.0,54.35620783209702
Donor_352,oligodendrocyte precursor cell,M,63.0,61.42979118226419
Donor_352,sst GABAergic interneuron,M,63.0,60.40981760973168
Donor_354,L2/3 intratelencephalic projecting glutamatergic neuron,H,21.0,26.770612177985925
Donor_354,L2/3-6 intratelencephalic projecting glutamatergic neuron,H,21.0,24.793309943404797
Donor_354,astrocyte,H,21.0,43.36950276053622
Donor_354,microglial cell,H,21.0,32.73403591259651
Donor_354,oligodendrocyte,H,21.0,25.123894110893435
Donor_354,oligodendrocyte precursor cell,H,21.0,37.42684920669352
Donor_361,GABAergic neuron,H,56.0,52.77212675828137
Donor_361,L2/3 intratelencephalic projecting glutamatergic neuron,H,56.0,64.42313177143512
Donor_361,L2/3-6 intratelencephalic projecting glutamatergic neuron,H,56.0,69.08825605745801
Donor_361,L6 corticothalamic-projecting glutamatergic cortical neuron,H,56.0,59.31543163051968
Donor_361,L6 intratelencephalic projecting glutamatergic neuron,H,56.0,59.51387203860486
Donor_361,L6b glutamatergic neuron of the primary motor cortex,H,56.0,45.79084660406288
Donor_361,VIP GABAergic interneuron,H,56.0,47.90339035125473
Donor_361,astrocyte,H,56.0,50.194452057961
Donor_361,endothelial cell,H,56.0,45.075708870429345
Donor_361,lamp5 GABAergic interneuron,H,56.0,53.7867647034264
Donor_361,microglial cell,H,56.0,40.611090577947806
Donor_361,oligodendrocyte,H,56.0,53.00951639186002
Donor_361,oligodendrocyte precursor cell,H,56.0,48.255906921900205
Donor_361,pericyte,H,56.0,58.03560669210474
Donor_361,pvalb GABAergic interneuron,H,56.0,56.780924210997625
Donor_361,sst GABAergic interneuron,H,56.0,53.42676891188637
Donor_361,vascular leptomeningeal cell,H,56.0,44.83615689305968
Donor_364,GABAergic neuron,H,28.0,33.4686721250405
Donor_364,L2/3 intratelencephalic projecting glutamatergic neuron,H,28.0,22.704652842902505
Donor_364,L2/3-6 intratelencephalic projecting glutamatergic neuron,H,28.0,30.25242602781525
Donor_364,L6 corticothalamic-projecting glutamatergic cortical neuron,H,28.0,34.30623653013332
Donor_364,L6 intratelencephalic projecting glutamatergic neuron,H,28.0,29.025731903833574
Donor_364,L6b glutamatergic neuron of the primary motor cortex,H,28.0,26.19017587970412
Donor_364,VIP GABAergic interneuron,H,28.0,29.834421664212275
Donor_364,astrocyte,H,28.0,35.17437627069185
Donor_364,endothelial cell,H,28.0,26.197469560716478
Donor_364,lamp5 GABAergic interneuron,H,28.0,30.469305728212937
Donor_364,microglial cell,H,28.0,31.734646891232828
Donor_364,oligodendrocyte,H,28.0,26.91265170676526
Donor_364,oligodendrocyte precursor cell,H,28.0,36.377730367313426
Donor_364,pericyte,H,28.0,30.557469301548505
Donor_364,perivascular macrophage,H,28.0,37.370999629218694
Donor_364,pvalb GABAergic interneuron,H,28.0,25.102520784024318
Donor_364,sst GABAergic interneuron,H,28.0,24.8519050287792
Donor_364,vascular leptomeningeal cell,H,28.0,37.33437592749795
Donor_366,L2/3 intratelencephalic projecting glutamatergic neuron,M,83.0,68.99945906424097
Donor_366,L2/3-6 intratelencephalic projecting glutamatergic neuron,M,83.0,81.52958724579452
Donor_366,VIP GABAergic interneuron,M,83.0,59.77563706638612
Donor_366,astrocyte,M,83.0,86.1347330660889
Donor_366,lamp5 GABAergic interneuron,M,83.0,59.88024456225121
Donor_366,microglial cell,M,83.0,71.4448830479653
Donor_366,oligodendrocyte,M,83.0,69.27085693610687
Donor_366,oligodendrocyte precursor cell,M,83.0,75.00206104288466
Donor_366,pvalb GABAergic interneuron,M,83.0,69.11526965555394
Donor_366,sst GABAergic interneuron,M,83.0,73.24692039872734
Donor_37,GABAergic neuron,H,63.0,47.232415482584166
Donor_37,L2/3 intratelencephalic projecting glutamatergic neuron,H,63.0,57.16670452783626
Donor_37,L2/3-6 intratelencephalic projecting glutamatergic neuron,H,63.0,56.45933719201863
Donor_37,L5/6 near-projecting glutamatergic neuron,H,63.0,52.636404707495856
Donor_37,L6 corticothalamic-projecting glutamatergic cortical neuron,H,63.0,57.68779220157229
Donor_37,L6 intratelencephalic projecting glutamatergic neuron,H,63.0,58.711443305470134
Donor_37,L6b glutamatergic neuron of the primary motor cortex,H,63.0,58.758514180125665
Donor_37,VIP GABAergic interneuron,H,63.0,52.86014464330002
Donor_37,astrocyte,H,63.0,47.514420321412324
Donor_37,endothelial cell,H,63.0,48.725387265279394
Donor_37,lamp5 GABAergic interneuron,H,63.0,43.137626160325134
Donor_37,microglial cell,H,63.0,59.02779147341881
Donor_37,oligodendrocyte,H,63.0,54.1082991910755
Donor_37,oligodendrocyte precursor cell,H,63.0,56.89520918367949
Donor_37,pericyte,H,63.0,49.542200204289024
Donor_37,perivascular macrophage,H,63.0,41.19247570650431
Donor_37,pvalb GABAergic interneuron,H,63.0,51.69144750112711
Donor_37,sst GABAergic interneuron,H,63.0,59.67898071734721
Donor_37,vascular leptomeningeal cell,H,63.0,42.96984229339104
Donor_370,GABAergic neuron,M,49.0,65.10296257395001
Donor_370,L2/3 intratelencephalic projecting glutamatergic neuron,M,49.0,59.597020521593016
Donor_370,L2/3-6 intratelencephalic projecting glutamatergic neuron,M,49.0,58.987438607603764
Donor_370,L5/6 near-projecting glutamatergic neuron,M,49.0,62.01298752568575
Donor_370,L6 corticothalamic-projecting glutamatergic cortical neuron,M,49.0,62.403744664775026
Donor_370,L6 intratelencephalic projecting glutamatergic neuron,M,49.0,55.58194555226978
Donor_370,L6b glutamatergic neuron of the primary motor cortex,M,49.0,68.24080454590644
Donor_370,VIP GABAergic interneuron,M,49.0,61.93482317641724
Donor_370,astrocyte,M,49.0,75.21578976341429
Donor_370,endothelial cell,M,49.0,65.17101451773514
Donor_370,lamp5 GABAergic interneuron,M,49.0,61.988166537794626
Donor_370,microglial cell,M,49.0,66.98440277326704
Donor_370,oligodendrocyte,M,49.0,65.52434996242063
Donor_370,oligodendrocyte precursor cell,M,49.0,71.32848610908816
Donor_370,pericyte,M,49.0,64.94408697714543
Donor_370,pvalb GABAergic interneuron,M,49.0,66.99716583573021
Donor_370,smooth muscle cell,M,49.0,
Donor_370,sst GABAergic interneuron,M,49.0,61.83676241842656
Donor_372,L2/3 intratelencephalic projecting glutamatergic neuron,M,70.0,63.37266062306958
Donor_372,L2/3-6 intratelencephalic projecting glutamatergic neuron,M,70.0,67.58383559022545
Donor_372,L5/6 near-projecting glutamatergic neuron,M,70.0,60.568530795075894
Donor_372,L6 intratelencephalic projecting glutamatergic neuron,M,70.0,75.02673791688737
Donor_372,VIP GABAergic interneuron,M,70.0,54.27697372161607
Donor_372,astrocyte,M,70.0,73.11097744625064
Donor_372,lamp5 GABAergic interneuron,M,70.0,66.90244552436496
Donor_372,microglial cell,M,70.0,59.471158613370676
Donor_372,oligodendrocyte,M,70.0,54.191532315822386
Donor_372,oligodendrocyte precursor cell,M,70.0,49.73621542506146
Donor_372,pericyte,M,70.0,50.82678452419398
Donor_372,pvalb GABAergic interneuron,M,70.0,61.479887563472026
Donor_388,L2/3 intratelencephalic projecting glutamatergic neuron,H,58.0,50.1209551743527
Donor_388,L2/3-6 intratelencephalic projecting glutamatergic neuron,H,58.0,55.35957771312984
Donor_388,L5/6 near-projecting glutamatergic neuron,H,58.0,45.71677732772373
Donor_388,VIP GABAergic interneuron,H,58.0,56.86689442790233
Donor_388,astrocyte,H,58.0,60.0204313799043
Donor_388,lamp5 GABAergic interneuron,H,58.0,61.082514881100074
Donor_388,microglial cell,H,58.0,50.94424817720031
Donor_388,oligodendrocyte,H,58.0,52.79686411281446
Donor_388,oligodendrocyte precursor cell,H,58.0,56.31977515313818
Donor_388,pvalb GABAergic interneuron,H,58.0,63.33988503006912
Donor_388,sst GABAergic interneuron,H,58.0,56.02025199923445
Donor_394,GABAergic neuron,M,80.0,69.81166780766733
Donor_394,L2/3 intratelencephalic projecting glutamatergic neuron,M,80.0,73.53211057701745
Donor_394,L2/3-6 intratelencephalic projecting glutamatergic neuron,M,80.0,70.01452262547105
Donor_394,L5/6 near-projecting glutamatergic neuron,M,80.0,60.92724583317823
Donor_394,L6 corticothalamic-projecting glutamatergic cortical neuron,M,80.0,67.99555582064848
Donor_394,L6 intratelencephalic projecting glutamatergic neuron,M,80.0,70.68897454477167
Donor_394,L6b glutamatergic neuron of the primary motor cortex,M,80.0,62.78711790244474
Donor_394,VIP GABAergic interneuron,M,80.0,71.88418649749795
Donor_394,astrocyte,M,80.0,66.15747764596401
Donor_394,lamp5 GABAergic interneuron,M,80.0,71.03909344219034
Donor_394,microglial cell,M,80.0,74.65171023949588
Donor_394,oligodendrocyte,M,80.0,73.51465358893661
Donor_394,oligodendrocyte precursor cell,M,80.0,78.24626077231977
Donor_394,pvalb GABAergic interneuron,M,80.0,72.53802888983736
Donor_394,sst GABAergic interneuron,M,80.0,70.91471071455706
Donor_401,GABAergic neuron,M,47.0,55.8332827098725
Donor_401,L2/3 intratelencephalic projecting glutamatergic neuron,M,47.0,45.96728742155321
Donor_401,L2/3-6 intratelencephalic projecting glutamatergic neuron,M,47.0,59.986361375727604
Donor_401,VIP GABAergic interneuron,M,47.0,58.61166944275591
Donor_401,astrocyte,M,47.0,49.438186612337766
Donor_401,lamp5 GABAergic interneuron,M,47.0,55.63233757976892
Donor_401,microglial cell,M,47.0,54.200207240037415
Donor_401,oligodendrocyte,M,47.0,54.275868652566714
Donor_401,oligodendrocyte precursor cell,M,47.0,51.489471245011444
Donor_401,pvalb GABAergic interneuron,M,47.0,46.09467145216698
Donor_401,sst GABAergic interneuron,M,47.0,50.33513906464988
Donor_402,GABAergic neuron,H,55.0,36.417435964494146
Donor_402,L2/3 intratelencephalic projecting glutamatergic neuron,H,55.0,47.54583454594983
Donor_402,L2/3-6 intratelencephalic projecting glutamatergic neuron,H,55.0,46.31845216358252
Donor_402,L5/6 near-projecting glutamatergic neuron,H,55.0,43.66383790054152
Donor_402,L6 corticothalamic-projecting glutamatergic cortical neuron,H,55.0,47.03763525948611
Donor_402,L6 intratelencephalic projecting glutamatergic neuron,H,55.0,51.33592896226734
Donor_402,L6b glutamatergic neuron of the primary motor cortex,H,55.0,43.96083409618072
Donor_402,VIP GABAergic interneuron,H,55.0,50.73554066375015
Donor_402,astrocyte,H,55.0,50.635964021731176
Donor_402,endothelial cell,H,55.0,50.38863224259186
Donor_402,lamp5 GABAergic interneuron,H,55.0,46.75043469578771
Donor_402,microglial cell,H,55.0,44.579845321975334
Donor_402,oligodendrocyte,H,55.0,53.13794079173293
Donor_402,oligodendrocyte precursor cell,H,55.0,58.629838617915816
Donor_402,pvalb GABAergic interneuron,H,55.0,48.0411874261827
Donor_402,sst GABAergic interneuron,H,55.0,44.466499714393386
Donor_415,GABAergic neuron,M,63.0,56.026021284218835
Donor_415,L2/3 intratelencephalic projecting glutamatergic neuron,M,63.0,69.41878198660936
Donor_415,L2/3-6 intratelencephalic projecting glutamatergic neuron,M,63.0,71.90821323359467
Donor_415,L5/6 near-projecting glutamatergic neuron,M,63.0,62.1074677114233
Donor_415,L6 corticothalamic-projecting glutamatergic cortical neuron,M,63.0,60.59042404591449
Donor_415,L6 intratelencephalic projecting glutamatergic neuron,M,63.0,76.32441983440648
Donor_415,VIP GABAergic interneuron,M,63.0,61.63131587473641
Donor_415,astrocyte,M,63.0,60.23434836179226
Donor_415,endothelial cell,M,63.0,67.25525696992699
Donor_415,lamp5 GABAergic interneuron,M,63.0,63.81473465946748
Donor_415,microglial cell,M,63.0,54.16722222686728
Donor_415,oligodendrocyte,M,63.0,68.40668635022935
Donor_415,oligodendrocyte precursor cell,M,63.0,57.9953899068681
Donor_415,pvalb GABAergic interneuron,M,63.0,63.242410027315444
Donor_415,sst GABAergic interneuron,M,63.0,61.41172616005369
Donor_429,GABAergic neuron,M,49.0,59.966099912489
Donor_429,L2/3 intratelencephalic projecting glutamatergic neuron,M,49.0,60.39835695825383
Donor_429,L2/3-6 intratelencephalic projecting glutamatergic neuron,M,49.0,58.20124634557204
Donor_429,L5/6 near-projecting glutamatergic neuron,M,49.0,61.32460188224476
Donor_429,L6 corticothalamic-projecting glutamatergic cortical neuron,M,49.0,56.24653594166
Donor_429,L6 intratelencephalic projecting glutamatergic neuron,M,49.0,55.08099142817527
Donor_429,L6b glutamatergic neuron of the primary motor cortex,M,49.0,56.881180262297384
Donor_429,VIP GABAergic interneuron,M,49.0,59.29567899025419
Donor_429,astrocyte,M,49.0,59.81423077254198
Donor_429,lamp5 GABAergic interneuron,M,49.0,67.87139574342575
Donor_429,microglial cell,M,49.0,60.87253966679367
Donor_429,oligodendrocyte,M,49.0,56.98333794837605
Donor_429,oligodendrocyte precursor cell,M,49.0,62.448577378787526
Donor_429,pericyte,M,49.0,60.55543038098929
Donor_429,pvalb GABAergic interneuron,M,49.0,66.47888501111217
Donor_429,sst GABAergic interneuron,M,49.0,67.65561540644953
Donor_433,L2/3 intratelencephalic projecting glutamatergic neuron,M,64.0,56.04095118533508
Donor_433,VIP GABAergic interneuron,M,64.0,56.04354491813523
Donor_433,astrocyte,M,64.0,62.61165795344844
Donor_433,microglial cell,M,64.0,61.20840190554727
Donor_433,oligodendrocyte,M,64.0,66.45910760238493
Donor_433,oligodendrocyte precursor cell,M,64.0,63.198889047976
Donor_456,GABAergic neuron,M,58.0,53.91600303129988
Donor_456,L2/3 intratelencephalic projecting glutamatergic neuron,M,58.0,53.778877631093735
Donor_456,L2/3-6 intratelencephalic projecting glutamatergic neuron,M,58.0,52.68225542696543
Donor_456,L5/6 near-projecting glutamatergic neuron,M,58.0,51.504727542031205
Donor_456,L6 corticothalamic-projecting glutamatergic cortical neuron,M,58.0,54.23589576121239
Donor_456,L6 intratelencephalic projecting glutamatergic neuron,M,58.0,51.34571761477156
Donor_456,L6b glutamatergic neuron of the primary motor cortex,M,58.0,53.313118263923215
Donor_456,VIP GABAergic interneuron,M,58.0,50.09982268257562
Donor_456,astrocyte,M,58.0,62.64420320204427
Donor_456,endothelial cell,M,58.0,60.594054038411336
Donor_456,lamp5 GABAergic interneuron,M,58.0,56.822019668754464
Donor_456,microglial cell,M,58.0,55.51164359983426
Donor_456,oligodendrocyte,M,58.0,47.403570099991455
Donor_456,oligodendrocyte precursor cell,M,58.0,55.33600705002926
Donor_456,pericyte,M,58.0,53.75763411956705
Donor_456,pvalb GABAergic interneuron,M,58.0,56.457242798753555
Donor_456,sst GABAergic interneuron,M,58.0,53.52842434319693
Donor_456,vascular leptomeningeal cell,M,58.0,67.20690562095919
Donor_462,GABAergic neuron,H,60.0,47.08041095952095
Donor_462,L2/3 intratelencephalic projecting glutamatergic neuron,H,60.0,51.03977678554068
Donor_462,L2/3-6 intratelencephalic projecting glutamatergic neuron,H,60.0,55.99203340179921
Donor_462,L5/6 near-projecting glutamatergic neuron,H,60.0,45.43058885779638
Donor_462,L6 corticothalamic-projecting glutamatergic cortical neuron,H,60.0,42.77141640037926
Donor_462,L6 intratelencephalic projecting glutamatergic neuron,H,60.0,46.54568361615796
Donor_462,L6b glutamatergic neuron of the primary motor cortex,H,60.0,46.5925024919694
Donor_462,VIP GABAergic interneuron,H,60.0,49.22445929261716
Donor_462,astrocyte,H,60.0,49.28246913774269
Donor_462,endothelial cell,H,60.0,42.54723593314007
Donor_462,lamp5 GABAergic interneuron,H,60.0,46.05565505146943
Donor_462,microglial cell,H,60.0,60.30330963989065
Donor_462,oligodendrocyte,H,60.0,60.002692621681916
Donor_462,oligodendrocyte precursor cell,H,60.0,66.39379416686806
Donor_462,pericyte,H,60.0,44.33476058908163
Donor_462,pvalb GABAergic interneuron,H,60.0,52.56846833157392
Donor_462,smooth muscle cell,H,60.0,42.42248907409635
Donor_462,sst GABAergic interneuron,H,60.0,52.47418361093496
Donor_462,vascular leptomeningeal cell,H,60.0,55.17658748009709
Donor_468,L2/3 intratelencephalic projecting glutamatergic neuron,M,74.0,69.81840250841532
Donor_468,L2/3-6 intratelencephalic projecting glutamatergic neuron,M,74.0,75.21620446934227
Donor_468,VIP GABAergic interneuron,M,74.0,77.69045209400792
Donor_468,astrocyte,M,74.0,76.42912779241371
Donor_468,microglial cell,M,74.0,65.57988180493736
Donor_468,oligodendrocyte,M,74.0,73.67018209380518
Donor_468,oligodendrocyte precursor cell,M,74.0,84.09305456999871
Donor_468,sst GABAergic interneuron,M,74.0,79.44353773865419
Donor_472,GABAergic neuron,H,27.0,25.39617363948788
Donor_472,L2/3 intratelencephalic projecting glutamatergic neuron,H,27.0,33.47080860430069
Donor_472,L2/3-6 intratelencephalic projecting glutamatergic neuron,H,27.0,27.798034675232735
Donor_472,L5/6 near-projecting glutamatergic neuron,H,27.0,27.327885004632613
Donor_472,L6 corticothalamic-projecting glutamatergic cortical neuron,H,27.0,30.150066096494925
Donor_472,L6 intratelencephalic projecting glutamatergic neuron,H,27.0,29.149603137501735
Donor_472,L6b glutamatergic neuron of the primary motor cortex,H,27.0,37.92795456901516
Donor_472,VIP GABAergic interneuron,H,27.0,25.684981707811
Donor_472,astrocyte,H,27.0,35.52559252718913
Donor_472,endothelial cell,H,27.0,37.20340023382622
Donor_472,lamp5 GABAergic interneuron,H,27.0,32.875951373266496
Donor_472,microglial cell,H,27.0,26.649521470214072
Donor_472,oligodendrocyte,H,27.0,26.285083409210912
Donor_472,oligodendrocyte precursor cell,H,27.0,37.78658579263732
Donor_472,pericyte,H,27.0,50.94766494138999
Donor_472,pvalb GABAergic interneuron,H,27.0,29.45137130399727
Donor_472,sst GABAergic interneuron,H,27.0,36.43258961324635
Donor_483,L2/3 intratelencephalic projecting glutamatergic neuron,M,79.0,74.36472471121581
Donor_483,L2/3-6 intratelencephalic projecting glutamatergic neuron,M,79.0,69.54445806412521
Donor_483,L5/6 near-projecting glutamatergic neuron,M,79.0,66.38535010076095
Donor_483,L6 corticothalamic-projecting glutamatergic cortical neuron,M,79.0,65.75489075183691
Donor_483,L6 intratelencephalic projecting glutamatergic neuron,M,79.0,67.81321127090362
Donor_483,L6b glutamatergic neuron of the primary motor cortex,M,79.0,70.68993018398558
Donor_483,VIP GABAergic interneuron,M,79.0,76.62277633028553
Donor_483,astrocyte,M,79.0,75.60559119177557
Donor_483,endothelial cell,M,79.0,71.57372212400685
Donor_483,lamp5 GABAergic interneuron,M,79.0,70.24692663661489
Donor_483,microglial cell,M,79.0,70.73047643475725
Donor_483,oligodendrocyte,M,79.0,73.66729021325153
Donor_483,oligodendrocyte precursor cell,M,79.0,65.85150725089339
Donor_483,pericyte,M,79.0,65.1134742941452
Donor_483,pvalb GABAergic interneuron,M,79.0,72.39441199410662
Donor_483,sst GABAergic interneuron,M,79.0,69.01101734576659
Donor_486,GABAergic neuron,M,51.0,56.019509719864494
Donor_486,L2/3 intratelencephalic projecting glutamatergic neuron,M,51.0,50.72395816203576
Donor_486,L2/3-6 intratelencephalic projecting glutamatergic neuron,M,51.0,58.76924430127849
Donor_486,L6 corticothalamic-projecting glutamatergic cortical neuron,M,51.0,51.66231093563135
Donor_486,L6 intratelencephalic projecting glutamatergic neuron,M,51.0,63.202701302658106
Donor_486,L6b glutamatergic neuron of the primary motor cortex,M,51.0,65.172736017736
Donor_486,VIP GABAergic interneuron,M,51.0,53.69843509872734
Donor_486,astrocyte,M,51.0,45.28865237246433
Donor_486,endothelial cell,M,51.0,58.42618891029213
Donor_486,lamp5 GABAergic interneuron,M,51.0,60.725040950639105
Donor_486,microglial cell,M,51.0,54.266697400741066
Donor_486,oligodendrocyte,M,51.0,54.598811227003075
Donor_486,oligodendrocyte precursor cell,M,51.0,51.91556961716402
Donor_486,perivascular macrophage,M,51.0,
Donor_486,pvalb GABAergic interneuron,M,51.0,56.541323490560046
Donor_486,sst GABAergic interneuron,M,51.0,51.098110070003216
Donor_494,GABAergic neuron,H,26.0,30.409090665924875
Donor_494,L2/3 intratelencephalic projecting glutamatergic neuron,H,26.0,30.371756428627833
Donor_494,L2/3-6 intratelencephalic projecting glutamatergic neuron,H,26.0,27.496619585587876
Donor_494,L5/6 near-projecting glutamatergic neuron,H,26.0,32.485345232322395
Donor_494,L6 corticothalamic-projecting glutamatergic cortical neuron,H,26.0,32.167309157216295
Donor_494,L6 intratelencephalic projecting glutamatergic neuron,H,26.0,32.314613786387696
Donor_494,L6b glutamatergic neuron of the primary motor cortex,H,26.0,36.860916389563805
Donor_494,VIP GABAergic interneuron,H,26.0,37.51685945060558
Donor_494,astrocyte,H,26.0,34.846539253082014
Donor_494,endothelial cell,H,26.0,39.86254762051446
Donor_494,lamp5 GABAergic interneuron,H,26.0,32.798943530213734
Donor_494,microglial cell,H,26.0,33.789401898592686
Donor_494,oligodendrocyte,H,26.0,31.867041518822887
Donor_494,oligodendrocyte precursor cell,H,26.0,32.13411854095901
Donor_494,pericyte,H,26.0,44.07926888018964
Donor_494,perivascular macrophage,H,26.0,36.45121243649758
Donor_494,pvalb GABAergic interneuron,H,26.0,38.373631326367395
Donor_494,sst GABAergic interneuron,H,26.0,33.79655844363779
Donor_494,vascular leptomeningeal cell,H,26.0,38.47585160215576
Donor_498,L2/3 intratelencephalic projecting glutamatergic neuron,M,24.0,35.08168939819261
Donor_498,L2/3-6 intratelencephalic projecting glutamatergic neuron,M,24.0,31.39277738227747
Donor_498,L6 intratelencephalic projecting glutamatergic neuron,M,24.0,48.76667297598931
Donor_498,VIP GABAergic interneuron,M,24.0,44.286399945370974
Donor_498,astrocyte,M,24.0,46.63762975917833
Donor_498,lamp5 GABAergic interneuron,M,24.0,51.364285973303424
Donor_498,microglial cell,M,24.0,57.643323755730535
Donor_498,oligodendrocyte,M,24.0,51.45455075434944
Donor_498,oligodendrocyte precursor cell,M,24.0,42.868799710185144
Donor_498,pvalb GABAergic interneuron,M,24.0,41.397775166157224
Donor_498,sst GABAergic interneuron,M,24.0,41.3116205023685
Donor_508,L2/3 intratelencephalic projecting glutamatergic neuron,H,44.0,44.70372433039957
Donor_508,L2/3-6 intratelencephalic projecting glutamatergic neuron,H,44.0,41.04460647213233
Donor_508,L5/6 near-projecting glutamatergic neuron,H,44.0,42.38692123672129
Donor_508,L6 corticothalamic-projecting glutamatergic cortical neuron,H,44.0,41.27647256703275
Donor_508,L6 intratelencephalic projecting glutamatergic neuron,H,44.0,49.903026927128515
Donor_508,L6b glutamatergic neuron of the primary motor cortex,H,44.0,49.73379091960651
Donor_508,VIP GABAergic interneuron,H,44.0,35.68108242504283
Donor_508,astrocyte,H,44.0,36.47686729791127
Donor_508,lamp5 GABAergic interneuron,H,44.0,37.04933691922082
Donor_508,microglial cell,H,44.0,40.371408390472304
Donor_508,oligodendrocyte,H,44.0,40.144836562214635
Donor_508,oligodendrocyte precursor cell,H,44.0,36.69047002887869
Donor_508,pvalb GABAergic interneuron,H,44.0,39.63412774882562
Donor_508,sst GABAergic interneuron,H,44.0,46.882637069724076
Donor_512,astrocyte,M,84.0,56.939187135146376
Donor_512,microglial cell,M,84.0,59.93721127452673
Donor_512,oligodendrocyte,M,84.0,68.82784266373784
Donor_512,oligodendrocyte precursor cell,M,84.0,61.02323968295554
Donor_514,GABAergic neuron,H,23.0,31.240019790432612
Donor_514,L2/3 intratelencephalic projecting glutamatergic neuron,H,23.0,20.676119483730943
Donor_514,L2/3-6 intratelencephalic projecting glutamatergic neuron,H,23.0,30.219550759970108
Donor_514,VIP GABAergic interneuron,H,23.0,29.40948805305569
Donor_514,astrocyte,H,23.0,19.330532403559857
Donor_514,endothelial cell,H,23.0,33.20107826664718
Donor_514,lamp5 GABAergic interneuron,H,23.0,29.093487299989672
Donor_514,microglial cell,H,23.0,32.781434689425275
Donor_514,oligodendrocyte,H,23.0,20.760621545373226
Donor_514,oligodendrocyte precursor cell,H,23.0,22.289211801353318
Donor_514,pericyte,H,23.0,32.28098942196438
Donor_514,pvalb GABAergic interneuron,H,23.0,33.86851044324199
Donor_514,sst GABAergic interneuron,H,23.0,19.247672231286504
Donor_514,vascular leptomeningeal cell,H,23.0,40.68986662621872
Donor_52,GABAergic neuron,H,42.0,53.76395227377862
Donor_52,L2/3 intratelencephalic projecting glutamatergic neuron,H,42.0,45.461877884255514
Donor_52,L2/3-6 intratelencephalic projecting glutamatergic neuron,H,42.0,41.489058013193905
Donor_52,L5/6 near-projecting glutamatergic neuron,H,42.0,46.75808341108282
Donor_52,L6 corticothalamic-projecting glutamatergic cortical neuron,H,42.0,48.67600486811621
Donor_52,L6 intratelencephalic projecting glutamatergic neuron,H,42.0,48.61551234246838
Donor_52,L6b glutamatergic neuron of the primary motor cortex,H,42.0,46.404670925969306
Donor_52,VIP GABAergic interneuron,H,42.0,39.97045229294645
Donor_52,astrocyte,H,42.0,46.34002184406819
Donor_52,endothelial cell,H,42.0,45.643751881372346
Donor_52,lamp5 GABAergic interneuron,H,42.0,44.02271351057585
Donor_52,microglial cell,H,42.0,34.34550894483032
Donor_52,oligodendrocyte,H,42.0,43.94956051786334
Donor_52,oligodendrocyte precursor cell,H,42.0,36.09229213442657
Donor_52,pericyte,H,42.0,41.9169981913652
Donor_52,pvalb GABAergic interneuron,H,42.0,43.88986224026111
Donor_52,sst GABAergic interneuron,H,42.0,43.053884545541685
Donor_521,GABAergic neuron,M,59.0,55.175530358839396
Donor_521,L2/3 intratelencephalic projecting glutamatergic neuron,M,59.0,64.13547532251121
Donor_521,L2/3-6 intratelencephalic projecting glutamatergic neuron,M,59.0,57.39906583354349
Donor_521,VIP GABAergic interneuron,M,59.0,53.34109352447923
Donor_521,astrocyte,M,59.0,60.49585488706954
Donor_521,lamp5 GABAergic interneuron,M,59.0,59.695611636718766
Donor_521,microglial cell,M,59.0,52.14786690734787
Donor_521,oligodendrocyte,M,59.0,60.15125013280928
Donor_521,oligodendrocyte precursor cell,M,59.0,51.99038159892303
Donor_521,pericyte,M,59.0,56.16912269644192
Donor_521,pvalb GABAergic interneuron,M,59.0,61.535358539821104
Donor_521,sst GABAergic interneuron,M,59.0,49.29468565236016
Donor_521,vascular leptomeningeal cell,M,59.0,58.24339159939089
Donor_523,GABAergic neuron,H,32.0,40.92582768451048
Donor_523,L2/3 intratelencephalic projecting glutamatergic neuron,H,32.0,32.37145620370965
Donor_523,L2/3-6 intratelencephalic projecting glutamatergic neuron,H,32.0,40.322350577582625
Donor_523,L5/6 near-projecting glutamatergic neuron,H,32.0,41.29427501422567
Donor_523,L6 corticothalamic-projecting glutamatergic cortical neuron,H,32.0,47.02861308014026
Donor_523,L6 intratelencephalic projecting glutamatergic neuron,H,32.0,46.179302143569494
Donor_523,L6b glutamatergic neuron of the primary motor cortex,H,32.0,41.55034957268826
Donor_523,VIP GABAergic interneuron,H,32.0,37.092100728042425
Donor_523,astrocyte,H,32.0,34.60850920626419
Donor_523,endothelial cell,H,32.0,35.22238512117508
Donor_523,lamp5 GABAergic interneuron,H,32.0,48.51669185059373
Donor_523,microglial cell,H,32.0,48.232417362323176
Donor_523,oligodendrocyte,H,32.0,38.28700408711581
Donor_523,oligodendrocyte precursor cell,H,32.0,41.841931719485544
Donor_523,pericyte,H,32.0,44.33486986374659
Donor_523,pvalb GABAergic interneuron,H,32.0,50.33626729662731
Donor_523,sst GABAergic interneuron,H,32.0,41.012655244397074
Donor_537,GABAergic neuron,H,20.0,36.850383209581956
Donor_537,L2/3 intratelencephalic projecting glutamatergic neuron,H,20.0,33.88986756785337
Donor_537,L2/3-6 intratelencephalic projecting glutamatergic neuron,H,20.0,28.99042947854414
Donor_537,L6 corticothalamic-projecting glutamatergic cortical neuron,H,20.0,52.95696508205111
Donor_537,VIP GABAergic interneuron,H,20.0,32.51959984747222
Donor_537,astrocyte,H,20.0,37.03225796884596
Donor_537,endothelial cell,H,20.0,32.361576114567875
Donor_537,lamp5 GABAergic interneuron,H,20.0,40.071030636383796
Donor_537,microglial cell,H,20.0,42.78886518353218
Donor_537,oligodendrocyte,H,20.0,33.45145402438189
Donor_537,oligodendrocyte precursor cell,H,20.0,40.07654555158008
Donor_537,pericyte,H,20.0,50.09864513469487
Donor_537,pvalb GABAergic interneuron,H,20.0,44.267760477468016
Donor_537,sst GABAergic interneuron,H,20.0,34.19466828199691
Donor_544,GABAergic neuron,M,59.0,54.24003798229678
Donor_544,L2/3 intratelencephalic projecting glutamatergic neuron,M,59.0,48.594873646142176
Donor_544,L2/3-6 intratelencephalic projecting glutamatergic neuron,M,59.0,54.87647739838525
Donor_544,L5/6 near-projecting glutamatergic neuron,M,59.0,54.11030631100527
Donor_544,L6 corticothalamic-projecting glutamatergic cortical neuron,M,59.0,56.45681657923833
Donor_544,L6 intratelencephalic projecting glutamatergic neuron,M,59.0,52.817514275070096
Donor_544,L6b glutamatergic neuron of the primary motor cortex,M,59.0,57.549038442243585
Donor_544,VIP GABAergic interneuron,M,59.0,57.47772618412999
Donor_544,astrocyte,M,59.0,58.39245968928111
Donor_544,lamp5 GABAergic interneuron,M,59.0,63.85286057659035
Donor_544,microglial cell,M,59.0,66.41408453697474
Donor_544,oligodendrocyte,M,59.0,70.30303815793896
Donor_544,oligodendrocyte precursor cell,M,59.0,64.73391067710935
Donor_544,pvalb GABAergic interneuron,M,59.0,60.7249199963395
Donor_544,sst GABAergic interneuron,M,59.0,62.8587256455925
Donor_563,GABAergic neuron,H,55.0,49.73089690209916
Donor_563,L2/3 intratelencephalic projecting glutamatergic neuron,H,55.0,51.9457483104396
Donor_563,L2/3-6 intratelencephalic projecting glutamatergic neuron,H,55.0,49.69915723840494
Donor_563,L5/6 near-projecting glutamatergic neuron,H,55.0,49.388492653870465
Donor_563,L6 corticothalamic-projecting glutamatergic cortical neuron,H,55.0,45.90031720340328
Donor_563,L6 intratelencephalic projecting glutamatergic neuron,H,55.0,47.74743389037646
Donor_563,L6b glutamatergic neuron of the primary motor cortex,H,55.0,46.72093281803464
Donor_563,VIP GABAergic interneuron,H,55.0,49.91605073044385
Donor_563,astrocyte,H,55.0,53.42565175443386
Donor_563,endothelial cell,H,55.0,46.82054553187828
Donor_563,lamp5 GABAergic interneuron,H,55.0,52.28695896379397
Donor_563,microglial cell,H,55.0,54.93503952439771
Donor_563,oligodendrocyte,H,55.0,50.59929662230386
Donor_563,oligodendrocyte precursor cell,H,55.0,45.050721007144844
Donor_563,pericyte,H,55.0,48.02520085183766
Donor_563,pvalb GABAergic interneuron,H,55.0,46.07152528779266
Donor_563,sst GABAergic interneuron,H,55.0,48.33246087426153
Donor_565,GABAergic neuron,M,62.0,67.71000453738372
Donor_565,L2/3 intratelencephalic projecting glutamatergic neuron,M,62.0,64.20205504378625
Donor_565,L2/3-6 intratelencephalic projecting glutamatergic neuron,M,62.0,62.44244485565515
Donor_565,L5/6 near-projecting glutamatergic neuron,M,62.0,63.82630013752528
Donor_565,L6 corticothalamic-projecting glutamatergic cortical neuron,M,62.0,63.59189482214265
Donor_565,L6 intratelencephalic projecting glutamatergic neuron,M,62.0,58.997856941701535
Donor_565,L6b glutamatergic neuron of the primary motor cortex,M,62.0,61.430178985162506
Donor_565,VIP GABAergic interneuron,M,62.0,60.971858335636455
Donor_565,astrocyte,M,62.0,54.73522222582588
Donor_565,endothelial cell,M,62.0,65.92505815031863
Donor_565,lamp5 GABAergic interneuron,M,62.0,58.900518657017514
Donor_565,microglial cell,M,62.0,58.808634304990015
Donor_565,oligodendrocyte,M,62.0,66.69028016351626
Donor_565,oligodendrocyte precursor cell,M,62.0,57.850404757503426
Donor_565,pvalb GABAergic interneuron,M,62.0,60.676438752625806
Donor_565,sst GABAergic interneuron,M,62.0,62.88424606425781
Donor_591,L2/3 intratelencephalic projecting glutamatergic neuron,M,48.0,49.50745620141721
Donor_591,astrocyte,M,48.0,60.626196351096915
Donor_591,microglial cell,M,48.0,59.712106627270686
Donor_591,oligodendrocyte,M,48.0,53.72874371040101
Donor_591,oligodendrocyte precursor cell,M,48.0,54.556632807460886
Donor_591,sst GABAergic interneuron,M,48.0,43.40435681605484
Donor_61,GABAergic neuron,M,78.0,73.29904838253762
Donor_61,L2/3 intratelencephalic projecting glutamatergic neuron,M,78.0,66.16256663314432
Donor_61,L2/3-6 intratelencephalic projecting glutamatergic neuron,M,78.0,69.49766956844962
Donor_61,L6 corticothalamic-projecting glutamatergic cortical neuron,M,78.0,68.16297399712707
Donor_61,L6 intratelencephalic projecting glutamatergic neuron,M,78.0,77.48260730408333
Donor_61,VIP GABAergic interneuron,M,78.0,62.95810738465853
Donor_61,astrocyte,M,78.0,63.77076809746089
Donor_61,lamp5 GABAergic interneuron,M,78.0,67.21718573552756
Donor_61,microglial cell,M,78.0,63.98860927908876
Donor_61,oligodendrocyte,M,78.0,71.31131968074168
Donor_61,oligodendrocyte precursor cell,M,78.0,73.0278792090187
Donor_61,pvalb GABAergic interneuron,M,78.0,62.34065982774926
Donor_61,sst GABAergic interneuron,M,78.0,56.33317201445249
Donor_611,GABAergic neuron,H,45.0,41.20707625728838
Donor_611,L2/3 intratelencephalic projecting glutamatergic neuron,H,45.0,46.56053871704218
Donor_611,L2/3-6 intratelencephalic projecting glutamatergic neuron,H,45.0,55.744560341092
Donor_611,L5/6 near-projecting glutamatergic neuron,H,45.0,44.89888170568899
Donor_611,VIP GABAergic interneuron,H,45.0,43.75452588535175
Donor_611,astrocyte,H,45.0,44.00284567279186
Donor_611,endothelial cell,H,45.0,45.715374266211796
Donor_611,lamp5 GABAergic interneuron,H,45.0,50.75602892283417
Donor_611,microglial cell,H,45.0,38.71658263765449
Donor_611,oligodendrocyte,H,45.0,52.34369090558734
Donor_611,oligodendrocyte precursor cell,H,45.0,50.208601299489295
Donor_611,pericyte,H,45.0,45.55611533438442
Donor_611,pvalb GABAergic interneuron,H,45.0,42.9975674550206
Donor_611,smooth muscle cell,H,45.0,41.346638446130534
Donor_611,sst GABAergic interneuron,H,45.0,46.30691726004834
Donor_611,vascular leptomeningeal cell,H,45.0,39.24191008887718
Donor_625,L2/3 intratelencephalic projecting glutamatergic neuron,M,66.0,73.56521523456874
Donor_625,L2/3-6 intratelencephalic projecting glutamatergic neuron,M,66.0,70.88377232014174
Donor_625,VIP GABAergic interneuron,M,66.0,73.3019461390219
Donor_625,astrocyte,M,66.0,74.91950592277453
Donor_625,microglial cell,M,66.0,67.25621440325628
Donor_625,oligodendrocyte,M,66.0,77.84883833847663
Donor_625,oligodendrocyte precursor cell,M,66.0,60.76801348273182
Donor_625,pvalb GABAergic interneuron,M,66.0,63.93395435311456
Donor_627,GABAergic neuron,M,66.0,53.269883714663955
Donor_627,L2/3 intratelencephalic projecting glutamatergic neuron,M,66.0,61.206670741550724
Donor_627,L2/3-6 intratelencephalic projecting glutamatergic neuron,M,66.0,57.40794861624525
Donor_627,L5/6 near-projecting glutamatergic neuron,M,66.0,66.01466186424028
Donor_627,L6 corticothalamic-projecting glutamatergic cortical neuron,M,66.0,67.438231490459
Donor_627,L6 intratelencephalic projecting glutamatergic neuron,M,66.0,63.686427609026154
Donor_627,VIP GABAergic interneuron,M,66.0,64.49330460036585
Donor_627,astrocyte,M,66.0,60.192992504960024
Donor_627,endothelial cell,M,66.0,62.23828341267572
Donor_627,lamp5 GABAergic interneuron,M,66.0,52.20697392190616
Donor_627,microglial cell,M,66.0,61.200730694371984
Donor_627,oligodendrocyte,M,66.0,66.92365645916637
Donor_627,oligodendrocyte precursor cell,M,66.0,63.01973148170029
Donor_627,pericyte,M,66.0,67.31683496990706
Donor_627,pvalb GABAergic interneuron,M,66.0,59.89076316108453
Donor_627,sst GABAergic interneuron,M,66.0,57.97091392828003
Donor_628,GABAergic neuron,H,46.0,38.50678507293688
Donor_628,L2/3 intratelencephalic projecting glutamatergic neuron,H,46.0,45.12122550058326
Donor_628,L2/3-6 intratelencephalic projecting glutamatergic neuron,H,46.0,45.33144081165599
Donor_628,VIP GABAergic interneuron,H,46.0,50.32513963230799
Donor_628,astrocyte,H,46.0,27.74515030070181
Donor_628,lamp5 GABAergic interneuron,H,46.0,49.11755012385137
Donor_628,microglial cell,H,46.0,32.72180482325649
Donor_628,oligodendrocyte,H,46.0,39.996294924663616
Donor_628,oligodendrocyte precursor cell,H,46.0,38.29522241766523
Donor_628,pvalb GABAergic interneuron,H,46.0,54.38390307316388
Donor_632,GABAergic neuron,H,71.0,49.239437900890486
Donor_632,L2/3 intratelencephalic projecting glutamatergic neuron,H,71.0,61.875388736357706
Donor_632,VIP GABAergic interneuron,H,71.0,51.97738786969256
Donor_632,astrocyte,H,71.0,61.09351878394164
Donor_632,lamp5 GABAergic interneuron,H,71.0,42.319612848696295
Donor_632,microglial cell,H,71.0,57.5061478927105
Donor_632,oligodendrocyte,H,71.0,64.39008636033937
Donor_632,oligodendrocyte precursor cell,H,71.0,66.78419141454928
Donor_632,pvalb GABAergic interneuron,H,71.0,47.62357978018817
Donor_632,sst GABAergic interneuron,H,71.0,54.150387274700854
Donor_637,GABAergic neuron,M,49.0,47.62980564844938
Donor_637,L2/3 intratelencephalic projecting glutamatergic neuron,M,49.0,47.83857683000434
Donor_637,L2/3-6 intratelencephalic projecting glutamatergic neuron,M,49.0,48.77090904742217
Donor_637,L5/6 near-projecting glutamatergic neuron,M,49.0,58.290808921623515
Donor_637,L6 corticothalamic-projecting glutamatergic cortical neuron,M,49.0,54.38494094093
Donor_637,L6 intratelencephalic projecting glutamatergic neuron,M,49.0,56.74438158712866
Donor_637,L6b glutamatergic neuron of the primary motor cortex,M,49.0,60.16907445200791
Donor_637,VIP GABAergic interneuron,M,49.0,50.07433000586262
Donor_637,astrocyte,M,49.0,45.99740769534195
Donor_637,endothelial cell,M,49.0,59.43329274728669
Donor_637,lamp5 GABAergic interneuron,M,49.0,51.732276664943846
Donor_637,microglial cell,M,49.0,55.24737399576717
Donor_637,oligodendrocyte,M,49.0,48.326486129337475
Donor_637,oligodendrocyte precursor cell,M,49.0,49.27159935651504
Donor_637,pericyte,M,49.0,49.60234256318112
Donor_637,pvalb GABAergic interneuron,M,49.0,51.136611149371426
Donor_637,sst GABAergic interneuron,M,49.0,48.531410857438644
Donor_640,L2/3 intratelencephalic projecting glutamatergic neuron,M,45.0,44.60584407862258
Donor_640,L2/3-6 intratelencephalic projecting glutamatergic neuron,M,45.0,41.38251461948744
Donor_640,VIP GABAergic interneuron,M,45.0,59.241730020448855
Donor_640,astrocyte,M,45.0,45.29693606436674
Donor_640,microglial cell,M,45.0,60.308267861409846
Donor_640,oligodendrocyte,M,45.0,45.16983827559258
Donor_640,oligodendrocyte precursor cell,M,45.0,51.26812736327515
Donor_640,pvalb GABAergic interneuron,M,45.0,43.070242456621855
Donor_640,sst GABAergic interneuron,M,45.0,48.423674260816895
Donor_646,GABAergic neuron,H,58.0,56.70593475608727
Donor_646,L2/3 intratelencephalic projecting glutamatergic neuron,H,58.0,51.72328536247833
Donor_646,L2/3-6 intratelencephalic projecting glutamatergic neuron,H,58.0,45.98918314892243
Donor_646,L6 corticothalamic-projecting glutamatergic cortical neuron,H,58.0,53.836965609198515
Donor_646,L6 intratelencephalic projecting glutamatergic neuron,H,58.0,53.19473195478413
Donor_646,VIP GABAergic interneuron,H,58.0,44.421093470593654
Donor_646,astrocyte,H,58.0,48.655983130894604
Donor_646,endothelial cell,H,58.0,39.41801649264283
Donor_646,lamp5 GABAergic interneuron,H,58.0,46.16521011297758
Donor_646,microglial cell,H,58.0,48.32408984031849
Donor_646,oligodendrocyte,H,58.0,41.99448581525665
Donor_646,oligodendrocyte precursor cell,H,58.0,44.62002771486117
Donor_646,pericyte,H,58.0,42.75569349997229
Donor_646,pvalb GABAergic interneuron,H,58.0,51.204043455567614
Donor_646,sst GABAergic interneuron,H,58.0,51.00697360439139
Donor_65,GABAergic neuron,M,61.0,60.719267825673654
Donor_65,L2/3 intratelencephalic projecting glutamatergic neuron,M,61.0,58.7652061324128
Donor_65,L2/3-6 intratelencephalic projecting glutamatergic neuron,M,61.0,64.55276730939448
Donor_65,L6 corticothalamic-projecting glutamatergic cortical neuron,M,61.0,58.86793709692053
Donor_65,L6 intratelencephalic projecting glutamatergic neuron,M,61.0,62.26097729298184
Donor_65,L6b glutamatergic neuron of the primary motor cortex,M,61.0,63.811995848436446
Donor_65,VIP GABAergic interneuron,M,61.0,64.57296008283905
Donor_65,astrocyte,M,61.0,55.25568659747073
Donor_65,lamp5 GABAergic interneuron,M,61.0,58.378127785291774
Donor_65,microglial cell,M,61.0,55.54802393627206
Donor_65,oligodendrocyte,M,61.0,62.946758881645906
Donor_65,oligodendrocyte precursor cell,M,61.0,65.94175837140988
Donor_65,pvalb GABAergic interneuron,M,61.0,62.36211956205016
Donor_65,sst GABAergic interneuron,M,61.0,62.716268014087554
Donor_650,L2/3 intratelencephalic projecting glutamatergic neuron,H,73.0,51.3952779531757
Donor_650,L2/3-6 intratelencephalic projecting glutamatergic neuron,H,73.0,55.50274270990793
Donor_650,L6 corticothalamic-projecting glutamatergic cortical neuron,H,73.0,48.62397911398649
Donor_650,L6 intratelencephalic projecting glutamatergic neuron,H,73.0,50.232929582779214
Donor_650,L6b glutamatergic neuron of the primary motor cortex,H,73.0,53.55090455773747
Donor_650,VIP GABAergic interneuron,H,73.0,43.10660594402157
Donor_650,astrocyte,H,73.0,55.72183873192227
Donor_650,endothelial cell,H,73.0,46.257142017003545
Donor_650,lamp5 GABAergic interneuron,H,73.0,46.59336313808679
Donor_650,microglial cell,H,73.0,52.22049557645673
Donor_650,oligodendrocyte,H,73.0,52.02137714760879
Donor_650,oligodendrocyte precursor cell,H,73.0,63.343107842705805
Donor_650,pericyte,H,73.0,49.687593947458744
Donor_650,pvalb GABAergic interneuron,H,73.0,56.46310381850049
Donor_650,sst GABAergic interneuron,H,73.0,54.18261760462799
Donor_651,L2/3 intratelencephalic projecting glutamatergic neuron,M,69.0,66.26858701698868
Donor_651,L2/3-6 intratelencephalic projecting glutamatergic neuron,M,69.0,70.49578767807667
Donor_651,VIP GABAergic interneuron,M,69.0,59.24008970975731
Donor_651,astrocyte,M,69.0,60.675337138287276
Donor_651,endothelial cell,M,69.0,72.02155638137319
Donor_651,lamp5 GABAergic interneuron,M,69.0,65.2730395634348
Donor_651,microglial cell,M,69.0,82.31855712484838
Donor_651,oligodendrocyte,M,69.0,67.12584830392231
Donor_651,oligodendrocyte precursor cell,M,69.0,69.02565790826175
Donor_651,pericyte,M,69.0,67.72553381341027
Donor_651,pvalb GABAergic interneuron,M,69.0,60.28929686156343
Donor_663,GABAergic neuron,M,38.0,51.45856180224318
Donor_663,L2/3 intratelencephalic projecting glutamatergic neuron,M,38.0,30.915786996377058
Donor_663,L2/3-6 intratelencephalic projecting glutamatergic neuron,M,38.0,45.63982379981533
Donor_663,VIP GABAergic interneuron,M,38.0,43.4574871656285
Donor_663,astrocyte,M,38.0,40.852878635520554
Donor_663,endothelial cell,M,38.0,45.51332121545045
Donor_663,lamp5 GABAergic interneuron,M,38.0,54.275263522085694
Donor_663,microglial cell,M,38.0,46.93186709395168
Donor_663,oligodendrocyte,M,38.0,49.540956405698225
Donor_663,oligodendrocyte precursor cell,M,38.0,38.2636269883356
Donor_663,pericyte,M,38.0,55.7448330309766
Donor_663,perivascular macrophage,M,38.0,
Donor_663,pvalb GABAergic interneuron,M,38.0,47.692110591799654
Donor_663,smooth muscle cell,M,38.0,
Donor_663,sst GABAergic interneuron,M,38.0,44.713596256945415
Donor_663,vascular leptomeningeal cell,M,38.0,64.6841548202766
Donor_666,GABAergic neuron,H,24.0,23.71826415803071
Donor_666,L2/3 intratelencephalic projecting glutamatergic neuron,H,24.0,14.490640929232761
Donor_666,L2/3-6 intratelencephalic projecting glutamatergic neuron,H,24.0,23.328115016433507
Donor_666,L5/6 near-projecting glutamatergic neuron,H,24.0,28.37878149173099
Donor_666,L6 corticothalamic-projecting glutamatergic cortical neuron,H,24.0,32.9989625658917
Donor_666,L6 intratelencephalic projecting glutamatergic neuron,H,24.0,21.60745952824179
Donor_666,VIP GABAergic interneuron,H,24.0,20.356241614201224
Donor_666,astrocyte,H,24.0,14.875304539764187
Donor_666,endothelial cell,H,24.0,27.887244087859827
Donor_666,lamp5 GABAergic interneuron,H,24.0,21.721676156591656
Donor_666,microglial cell,H,24.0,23.32102257990389
Donor_666,oligodendrocyte,H,24.0,31.596730851758895
Donor_666,oligodendrocyte precursor cell,H,24.0,22.663103949631875
Donor_666,pericyte,H,24.0,36.96921371099668
Donor_666,perivascular macrophage,H,24.0,32.490238315083744
Donor_666,pvalb GABAergic interneuron,H,24.0,26.153515362443734
Donor_666,sst GABAergic interneuron,H,24.0,17.903562707816192
Donor_666,vascular leptomeningeal cell,H,24.0,37.28082574922533
Donor_668,L2/3 intratelencephalic projecting glutamatergic neuron,H,51.0,52.09653056427538
Donor_668,L2/3-6 intratelencephalic projecting glutamatergic neuron,H,51.0,44.223836534747214
Donor_668,L5/6 near-projecting glutamatergic neuron,H,51.0,45.574696707901204
Donor_668,L6 corticothalamic-projecting glutamatergic cortical neuron,H,51.0,46.477267619878575
Donor_668,L6 intratelencephalic projecting glutamatergic neuron,H,51.0,46.432230373282806
Donor_668,L6b glutamatergic neuron of the primary motor cortex,H,51.0,50.17571141251843
Donor_668,VIP GABAergic interneuron,H,51.0,48.83634189277117
Donor_668,astrocyte,H,51.0,50.790742533087816
Donor_668,endothelial cell,H,51.0,57.66379929160166
Donor_668,lamp5 GABAergic interneuron,H,51.0,52.16794081293982
Donor_668,microglial cell,H,51.0,47.6699334005104
Donor_668,oligodendrocyte,H,51.0,51.84130748352663
Donor_668,oligodendrocyte precursor cell,H,51.0,49.482162898402436
Donor_668,pericyte,H,51.0,46.88493312835506
Donor_668,pvalb GABAergic interneuron,H,51.0,54.36396898356049
Donor_668,sst GABAergic interneuron,H,51.0,50.722610096843304
Donor_672,GABAergic neuron,H,57.0,56.362112104143485
Donor_672,L2/3 intratelencephalic projecting glutamatergic neuron,H,57.0,54.44391250304922
Donor_672,L2/3-6 intratelencephalic projecting glutamatergic neuron,H,57.0,57.75959113354043
Donor_672,L5/6 near-projecting glutamatergic neuron,H,57.0,57.32347331636982
Donor_672,L6 corticothalamic-projecting glutamatergic cortical neuron,H,57.0,59.207998698851554
Donor_672,L6 intratelencephalic projecting glutamatergic neuron,H,57.0,60.92113956168282
Donor_672,L6b glutamatergic neuron of the primary motor cortex,H,57.0,60.28182957944699
Donor_672,VIP GABAergic interneuron,H,57.0,53.83555722992675
Donor_672,astrocyte,H,57.0,47.7221676445607
Donor_672,endothelial cell,H,57.0,53.762810491577376
Donor_672,lamp5 GABAergic interneuron,H,57.0,52.02713666832337
Donor_672,microglial cell,H,57.0,63.30962808271926
Donor_672,oligodendrocyte,H,57.0,71.54253987303713
Donor_672,oligodendrocyte precursor cell,H,57.0,60.40502039361549
Donor_672,pericyte,H,57.0,47.68775084843922
Donor_672,pvalb GABAergic interneuron,H,57.0,58.93968457638036
Donor_672,sst GABAergic interneuron,H,57.0,59.46063858435058
Donor_675,GABAergic neuron,H,53.0,49.81445650183379
Donor_675,L2/3 intratelencephalic projecting glutamatergic neuron,H,53.0,56.147732471709574
Donor_675,L2/3-6 intratelencephalic projecting glutamatergic neuron,H,53.0,55.47336543784689
Donor_675,L5/6 near-projecting glutamatergic neuron,H,53.0,50.49716518507891
Donor_675,L6 corticothalamic-projecting glutamatergic cortical neuron,H,53.0,47.385115721222725
Donor_675,L6 intratelencephalic projecting glutamatergic neuron,H,53.0,48.97854748401318
Donor_675,L6b glutamatergic neuron of the primary motor cortex,H,53.0,53.5903091531149
Donor_675,VIP GABAergic interneuron,H,53.0,54.39561313188496
Donor_675,astrocyte,H,53.0,56.82282696340241
Donor_675,endothelial cell,H,53.0,40.003644542612776
Donor_675,lamp5 GABAergic interneuron,H,53.0,39.34126598734207
Donor_675,microglial cell,H,53.0,38.216813932030185
Donor_675,oligodendrocyte,H,53.0,57.06704255628506
Donor_675,oligodendrocyte precursor cell,H,53.0,48.24557421954835
Donor_675,pericyte,H,53.0,45.690206117938985
Donor_675,pvalb GABAergic interneuron,H,53.0,47.57235733801329
Donor_675,sst GABAergic interneuron,H,53.0,49.29221479177976
Donor_675,vascular leptomeningeal cell,H,53.0,36.89443809368304
Donor_676,GABAergic neuron,M,36.0,54.281790571050394
Donor_676,L2/3 intratelencephalic projecting glutamatergic neuron,M,36.0,34.47795549981917
Donor_676,L2/3-6 intratelencephalic projecting glutamatergic neuron,M,36.0,35.66233902356707
Donor_676,L6 corticothalamic-projecting glutamatergic cortical neuron,M,36.0,43.00950360701423
Donor_676,VIP GABAergic interneuron,M,36.0,55.76927863730917
Donor_676,astrocyte,M,36.0,45.094242368435616
Donor_676,endothelial cell,M,36.0,57.70685705351115
Donor_676,microglial cell,M,36.0,56.948100640700055
Donor_676,oligodendrocyte,M,36.0,51.299945002369014
Donor_676,oligodendrocyte precursor cell,M,36.0,51.70598921521564
Donor_676,pericyte,M,36.0,55.90178566336013
Donor_676,pvalb GABAergic interneuron,M,36.0,43.33956153390807
Donor_676,sst GABAergic interneuron,M,36.0,47.354096679641316
Donor_680,GABAergic neuron,M,63.0,67.24927983153285
Donor_680,L2/3 intratelencephalic projecting glutamatergic neuron,M,63.0,63.28620088117996
Donor_680,L2/3-6 intratelencephalic projecting glutamatergic neuron,M,63.0,66.48069453363057
Donor_680,L6 corticothalamic-projecting glutamatergic cortical neuron,M,63.0,51.707554477128326
Donor_680,VIP GABAergic interneuron,M,63.0,60.4376332588477
Donor_680,astrocyte,M,63.0,66.85499542824061
Donor_680,lamp5 GABAergic interneuron,M,63.0,54.53482242042031
Donor_680,microglial cell,M,63.0,58.72305222034284
Donor_680,oligodendrocyte,M,63.0,65.45680164067679
Donor_680,oligodendrocyte precursor cell,M,63.0,55.210413999546745
Donor_680,pericyte,M,63.0,53.96897173066694
Donor_680,pvalb GABAergic interneuron,M,63.0,63.259284552522956
Donor_680,sst GABAergic interneuron,M,63.0,57.27251482804843
Donor_684,L2/3-6 intratelencephalic projecting glutamatergic neuron,M,59.0,61.972911491056365
Donor_684,VIP GABAergic interneuron,M,59.0,51.20510951285998
Donor_684,astrocyte,M,59.0,60.34916741168683
Donor_684,microglial cell,M,59.0,59.77309935777982
Donor_684,oligodendrocyte,M,59.0,54.49975792335303
Donor_684,oligodendrocyte precursor cell,M,59.0,54.5249109688537
Donor_684,sst GABAergic interneuron,M,59.0,60.483378018644814
Donor_691,L2/3-6 intratelencephalic projecting glutamatergic neuron,H,48.0,58.4529612581111
Donor_691,L6 corticothalamic-projecting glutamatergic cortical neuron,H,48.0,49.14322694989153
Donor_691,L6 intratelencephalic projecting glutamatergic neuron,H,48.0,59.22736562765593
Donor_691,L6b glutamatergic neuron of the primary motor cortex,H,48.0,46.532601256369006
Donor_691,astrocyte,H,48.0,55.731797840793234
Donor_691,microglial cell,H,48.0,50.36554613658001
Donor_691,oligodendrocyte,H,48.0,43.69881306198815
Donor_691,oligodendrocyte precursor cell,H,48.0,54.02083785736471
Donor_691,sst GABAergic interneuron,H,48.0,49.951135919333865
Donor_693,GABAergic neuron,H,63.0,47.266241299035194
Donor_693,L2/3 intratelencephalic projecting glutamatergic neuron,H,63.0,54.44447297549925
Donor_693,L2/3-6 intratelencephalic projecting glutamatergic neuron,H,63.0,63.22810250821951
Donor_693,VIP GABAergic interneuron,H,63.0,57.48155879040152
Donor_693,astrocyte,H,63.0,53.00543267447448
Donor_693,lamp5 GABAergic interneuron,H,63.0,48.15965439190952
Donor_693,oligodendrocyte,H,63.0,50.46024621804612
Donor_693,oligodendrocyte precursor cell,H,63.0,49.100923242435485
Donor_696,GABAergic neuron,H,31.0,31.62387784157437
Donor_696,L2/3 intratelencephalic projecting glutamatergic neuron,H,31.0,42.19127410345985
Donor_696,L2/3-6 intratelencephalic projecting glutamatergic neuron,H,31.0,38.65363795679733
Donor_696,VIP GABAergic interneuron,H,31.0,35.19259290513743
Donor_696,astrocyte,H,31.0,36.683203467648866
Donor_696,endothelial cell,H,31.0,43.5722752715728
Donor_696,lamp5 GABAergic interneuron,H,31.0,35.39111443933396
Donor_696,microglial cell,H,31.0,38.72525619400861
Donor_696,oligodendrocyte,H,31.0,31.711407933633517
Donor_696,oligodendrocyte precursor cell,H,31.0,31.815834361587008
Donor_696,pericyte,H,31.0,37.19025591899023
Donor_696,pvalb GABAergic interneuron,H,31.0,33.487188249302804
Donor_696,sst GABAergic interneuron,H,31.0,41.877243409457634
Donor_696,vascular leptomeningeal cell,H,31.0,22.252656117286467
Donor_697,GABAergic neuron,M,65.0,61.7354372348509
Donor_697,L2/3 intratelencephalic projecting glutamatergic neuron,M,65.0,72.57494785745256
Donor_697,L2/3-6 intratelencephalic projecting glutamatergic neuron,M,65.0,73.19313199465444
Donor_697,L6 corticothalamic-projecting glutamatergic cortical neuron,M,65.0,70.29420399390744
Donor_697,L6 intratelencephalic projecting glutamatergic neuron,M,65.0,64.01664028362352
Donor_697,L6b glutamatergic neuron of the primary motor cortex,M,65.0,67.6512683688098
Donor_697,VIP GABAergic interneuron,M,65.0,70.07571940359247
Donor_697,astrocyte,M,65.0,77.30895804565885
Donor_697,endothelial cell,M,65.0,63.957072037285755
Donor_697,lamp5 GABAergic interneuron,M,65.0,65.46619516437345
Donor_697,microglial cell,M,65.0,80.24228397461125
Donor_697,oligodendrocyte,M,65.0,65.25496625348907
Donor_697,oligodendrocyte precursor cell,M,65.0,70.36335365577345
Donor_697,pericyte,M,65.0,60.01111106117747
Donor_697,pvalb GABAergic interneuron,M,65.0,59.630509141111226
Donor_697,sst GABAergic interneuron,M,65.0,67.51928226970945
Donor_698,GABAergic neuron,M,85.0,70.08233579033713
Donor_698,L2/3 intratelencephalic projecting glutamatergic neuron,M,85.0,85.53825107580596
Donor_698,L2/3-6 intratelencephalic projecting glutamatergic neuron,M,85.0,79.31579828123839
Donor_698,VIP GABAergic interneuron,M,85.0,79.33622128813766
Donor_698,astrocyte,M,85.0,73.72218336766184
Donor_698,lamp5 GABAergic interneuron,M,85.0,72.2016738652777
Donor_698,microglial cell,M,85.0,71.77824790828005
Donor_698,oligodendrocyte,M,85.0,75.55557842178078
Donor_698,oligodendrocyte precursor cell,M,85.0,76.02866277900289
Donor_698,pvalb GABAergic interneuron,M,85.0,72.87525898771456
Donor_698,sst GABAergic interneuron,M,85.0,69.106637787393
Donor_698,vascular leptomeningeal cell,M,85.0,54.14405117612799
Donor_715,L2/3 intratelencephalic projecting glutamatergic neuron,H,30.0,24.906695326858085
Donor_715,L2/3-6 intratelencephalic projecting glutamatergic neuron,H,30.0,35.81904707196023
Donor_715,L5/6 near-projecting glutamatergic neuron,H,30.0,33.767197725568295
Donor_715,L6 corticothalamic-projecting glutamatergic cortical neuron,H,30.0,35.89008671731331
Donor_715,L6 intratelencephalic projecting glutamatergic neuron,H,30.0,32.246167273878626
Donor_715,L6b glutamatergic neuron of the primary motor cortex,H,30.0,33.72793648564462
Donor_715,VIP GABAergic interneuron,H,30.0,46.62098018333412
Donor_715,astrocyte,H,30.0,27.714458103715977
Donor_715,endothelial cell,H,30.0,41.29349000663988
Donor_715,lamp5 GABAergic interneuron,H,30.0,39.32521960432071
Donor_715,microglial cell,H,30.0,41.02607195252479
Donor_715,oligodendrocyte,H,30.0,36.22066836758692
Donor_715,oligodendrocyte precursor cell,H,30.0,33.66327103296055
Donor_715,pericyte,H,30.0,36.945629502597086
Donor_715,pvalb GABAergic interneuron,H,30.0,39.979039214012474
Donor_715,sst GABAergic interneuron,H,30.0,44.07687811009004
Donor_718,GABAergic neuron,M,69.0,61.91784892919056
Donor_718,L2/3 intratelencephalic projecting glutamatergic neuron,M,69.0,75.73167557673042
Donor_718,L2/3-6 intratelencephalic projecting glutamatergic neuron,M,69.0,67.38374763370399
Donor_718,L5/6 near-projecting glutamatergic neuron,M,69.0,63.62488125590606
Donor_718,L6 corticothalamic-projecting glutamatergic cortical neuron,M,69.0,61.24136047111535
Donor_718,L6 intratelencephalic projecting glutamatergic neuron,M,69.0,67.10437728022384
Donor_718,VIP GABAergic interneuron,M,69.0,66.95366842349232
Donor_718,astrocyte,M,69.0,72.6655260529931
Donor_718,endothelial cell,M,69.0,57.173038202794885
Donor_718,lamp5 GABAergic interneuron,M,69.0,68.52660604732147
Donor_718,microglial cell,M,69.0,72.35336168751826
Donor_718,oligodendrocyte,M,69.0,62.38012211833857
Donor_718,oligodendrocyte precursor cell,M,69.0,68.3203159385033
Donor_718,pvalb GABAergic interneuron,M,69.0,77.46573446473863
Donor_718,sst GABAergic interneuron,M,69.0,66.7736801488387
Donor_72,GABAergic neuron,M,59.0,70.3478969894723
Donor_72,L2/3 intratelencephalic projecting glutamatergic neuron,M,59.0,73.05656138175969
Donor_72,L2/3-6 intratelencephalic projecting glutamatergic neuron,M,59.0,66.61418253214381
Donor_72,L6 corticothalamic-projecting glutamatergic cortical neuron,M,59.0,74.22118076064456
Donor_72,L6 intratelencephalic projecting glutamatergic neuron,M,59.0,70.80870779708
Donor_72,L6b glutamatergic neuron of the primary motor cortex,M,59.0,68.83374599778479
Donor_72,VIP GABAergic interneuron,M,59.0,65.49137217599694
Donor_72,astrocyte,M,59.0,62.29868464485373
Donor_72,lamp5 GABAergic interneuron,M,59.0,66.32225258385161
Donor_72,microglial cell,M,59.0,66.26947313176142
Donor_72,oligodendrocyte,M,59.0,68.3311756620327
Donor_72,oligodendrocyte precursor cell,M,59.0,75.67022892255508
Donor_72,pvalb GABAergic interneuron,M,59.0,72.76606605328267
Donor_72,sst GABAergic interneuron,M,59.0,74.81906181785557
Donor_727,L2/3 intratelencephalic projecting glutamatergic neuron,H,67.0,43.12948243218058
Donor_727,L2/3-6 intratelencephalic projecting glutamatergic neuron,H,67.0,50.39686408206565
Donor_727,L5/6 near-projecting glutamatergic neuron,H,67.0,42.94330679473785
Donor_727,L6 corticothalamic-projecting glutamatergic cortical neuron,H,67.0,48.93089705209631
Donor_727,L6 intratelencephalic projecting glutamatergic neuron,H,67.0,43.8292162241694
Donor_727,L6b glutamatergic neuron of the primary motor cortex,H,67.0,43.75073594875309
Donor_727,VIP GABAergic interneuron,H,67.0,54.742326448291486
Donor_727,astrocyte,H,67.0,55.471897041241306
Donor_727,endothelial cell,H,67.0,44.38582797280656
Donor_727,lamp5 GABAergic interneuron,H,67.0,55.84229496277004
Donor_727,microglial cell,H,67.0,43.26225840011248
Donor_727,oligodendrocyte,H,67.0,51.607339896822744
Donor_727,oligodendrocyte precursor cell,H,67.0,57.97963402367376
Donor_727,pericyte,H,67.0,45.797233669308454
Donor_727,pvalb GABAergic interneuron,H,67.0,43.617551894758556
Donor_727,sst GABAergic interneuron,H,67.0,56.24460159509141
Donor_737,GABAergic neuron,H,30.0,32.08884124468587
Donor_737,L2/3 intratelencephalic projecting glutamatergic neuron,H,30.0,24.584686541988184
Donor_737,L2/3-6 intratelencephalic projecting glutamatergic neuron,H,30.0,34.48550166138715
Donor_737,L5/6 near-projecting glutamatergic neuron,H,30.0,40.866047142897834
Donor_737,L6 corticothalamic-projecting glutamatergic cortical neuron,H,30.0,35.2728492434095
Donor_737,L6 intratelencephalic projecting glutamatergic neuron,H,30.0,36.79390541174135
Donor_737,L6b glutamatergic neuron of the primary motor cortex,H,30.0,43.99201279615055
Donor_737,VIP GABAergic interneuron,H,30.0,30.09775047133583
Donor_737,astrocyte,H,30.0,33.96989248619963
Donor_737,endothelial cell,H,30.0,35.77005353565421
Donor_737,lamp5 GABAergic interneuron,H,30.0,35.81674279892268
Donor_737,microglial cell,H,30.0,32.495073098387934
Donor_737,oligodendrocyte,H,30.0,32.756822221865264
Donor_737,oligodendrocyte precursor cell,H,30.0,37.569045859096995
Donor_737,pericyte,H,30.0,42.63586093806983
Donor_737,perivascular macrophage,H,30.0,37.27828722457669
Donor_737,pvalb GABAergic interneuron,H,30.0,32.7435553759265
Donor_737,sst GABAergic interneuron,H,30.0,31.244806510307995
Donor_738,L2/3 intratelencephalic projecting glutamatergic neuron,M,80.0,84.81724469678575
Donor_738,L2/3-6 intratelencephalic projecting glutamatergic neuron,M,80.0,78.93845683781095
Donor_738,L6 intratelencephalic projecting glutamatergic neuron,M,80.0,74.10417620766134
Donor_738,VIP GABAergic interneuron,M,80.0,79.17635428154964
Donor_738,astrocyte,M,80.0,79.4930948834649
Donor_738,endothelial cell,M,80.0,75.13868348971403
Donor_738,lamp5 GABAergic interneuron,M,80.0,74.61999889777766
Donor_738,microglial cell,M,80.0,76.33117709151696
Donor_738,oligodendrocyte,M,80.0,75.94863317717194
Donor_738,oligodendrocyte precursor cell,M,80.0,85.86984237031035
Donor_738,pvalb GABAergic interneuron,M,80.0,73.14713721300996
Donor_738,sst GABAergic interneuron,M,80.0,75.63838643669975
Donor_746,GABAergic neuron,H,51.0,45.36196041748537
Donor_746,L2/3 intratelencephalic projecting glutamatergic neuron,H,51.0,55.19334944435
Donor_746,L2/3-6 intratelencephalic projecting glutamatergic neuron,H,51.0,55.73683740334263
Donor_746,L5/6 near-projecting glutamatergic neuron,H,51.0,47.58786056505003
Donor_746,L6 corticothalamic-projecting glutamatergic cortical neuron,H,51.0,48.329184160390184
Donor_746,L6 intratelencephalic projecting glutamatergic neuron,H,51.0,52.00936736103176
Donor_746,L6b glutamatergic neuron of the primary motor cortex,H,51.0,51.07592593265694
Donor_746,VIP GABAergic interneuron,H,51.0,47.30126735231636
Donor_746,astrocyte,H,51.0,57.31036156967393
Donor_746,endothelial cell,H,51.0,43.693951918069274
Donor_746,lamp5 GABAergic interneuron,H,51.0,46.3080523166257
Donor_746,microglial cell,H,51.0,42.76502973444939
Donor_746,oligodendrocyte,H,51.0,47.76285403317321
Donor_746,oligodendrocyte precursor cell,H,51.0,50.53801495875361
Donor_746,pericyte,H,51.0,52.34786667666883
Donor_746,pvalb GABAergic interneuron,H,51.0,49.893378535268724
Donor_746,sst GABAergic interneuron,H,51.0,40.61108075866738
Donor_746,vascular leptomeningeal cell,H,51.0,38.138920694948354
Donor_751,astrocyte,H,23.0,43.81765068942112
Donor_751,endothelial cell,H,23.0,49.68749303069747
Donor_751,oligodendrocyte,H,23.0,30.239615509364832
Donor_751,oligodendrocyte precursor cell,H,23.0,41.14870856027626
Donor_751,pericyte,H,23.0,46.32293047001103
Donor_751,smooth muscle cell,H,23.0,47.12788060055801
Donor_751,vascular leptomeningeal cell,H,23.0,48.22659405789776
Donor_752,GABAergic neuron,H,20.0,30.68150303572505
Donor_752,L2/3 intratelencephalic projecting glutamatergic neuron,H,20.0,13.325474602917573
Donor_752,L2/3-6 intratelencephalic projecting glutamatergic neuron,H,20.0,7.334922805310931
Donor_752,VIP GABAergic interneuron,H,20.0,28.15878276375588
Donor_752,astrocyte,H,20.0,26.941498673529008
Donor_752,endothelial cell,H,20.0,37.83062714227842
Donor_752,lamp5 GABAergic interneuron,H,20.0,36.421118978766515
Donor_752,microglial cell,H,20.0,32.205647135202945
Donor_752,oligodendrocyte,H,20.0,21.176449298972592
Donor_752,oligodendrocyte precursor cell,H,20.0,26.836289720915563
Donor_752,pericyte,H,20.0,36.32728706796632
Donor_752,perivascular macrophage,H,20.0,41.68052496679976
Donor_752,pvalb GABAergic interneuron,H,20.0,24.816248540681272
Donor_752,smooth muscle cell,H,20.0,44.30370272711622
Donor_752,sst GABAergic interneuron,H,20.0,20.76387478794398
Donor_752,vascular leptomeningeal cell,H,20.0,39.85260419572252
Donor_754,oligodendrocyte,H,36.0,37.17520321252758
Donor_760,L2/3-6 intratelencephalic projecting glutamatergic neuron,M,72.0,77.4135941010834
Donor_760,astrocyte,M,72.0,86.94495988496749
Donor_760,oligodendrocyte,M,72.0,72.55791603754933
Donor_760,oligodendrocyte precursor cell,M,72.0,85.6389871075153
Donor_762,L2/3 intratelencephalic projecting glutamatergic neuron,M,66.0,59.61786623412714
Donor_762,L2/3-6 intratelencephalic projecting glutamatergic neuron,M,66.0,63.66845864139383
Donor_762,L6 corticothalamic-projecting glutamatergic cortical neuron,M,66.0,62.22827155709217
Donor_762,VIP GABAergic interneuron,M,66.0,59.706788191666746
Donor_762,astrocyte,M,66.0,69.4513708998317
Donor_762,oligodendrocyte,M,66.0,66.3427554766344
Donor_762,oligodendrocyte precursor cell,M,66.0,71.14216303839976
Donor_762,pvalb GABAergic interneuron,M,66.0,74.11973086672704
Donor_776,GABAergic neuron,M,38.0,51.86957743991277
Donor_776,L2/3 intratelencephalic projecting glutamatergic neuron,M,38.0,35.79692653740602
Donor_776,L2/3-6 intratelencephalic projecting glutamatergic neuron,M,38.0,42.45829147889197
Donor_776,L6 corticothalamic-projecting glutamatergic cortical neuron,M,38.0,42.68504196578725
Donor_776,VIP GABAergic interneuron,M,38.0,46.4572184216159
Donor_776,astrocyte,M,38.0,56.06907913847091
Donor_776,lamp5 GABAergic interneuron,M,38.0,44.40222103350155
Donor_776,microglial cell,M,38.0,67.54247418777875
Donor_776,oligodendrocyte,M,38.0,47.34914480488142
Donor_776,oligodendrocyte precursor cell,M,38.0,50.844469613752466
Donor_776,pvalb GABAergic interneuron,M,38.0,50.398666230736694
Donor_776,sst GABAergic interneuron,M,38.0,50.73092706182659
Donor_776,vascular leptomeningeal cell,M,38.0,76.51536241942048
Donor_777,L2/3 intratelencephalic projecting glutamatergic neuron,M,61.0,61.77262480335495
Donor_777,L2/3-6 intratelencephalic projecting glutamatergic neuron,M,61.0,52.71395714815807
Donor_777,VIP GABAergic interneuron,M,61.0,47.26891224122562
Donor_777,astrocyte,M,61.0,73.3495051771296
Donor_777,endothelial cell,M,61.0,56.46264184660082
Donor_777,oligodendrocyte,M,61.0,67.04657355560533
Donor_777,oligodendrocyte precursor cell,M,61.0,57.38062515530491
Donor_777,pericyte,M,61.0,57.89879747198735
Donor_777,pvalb GABAergic interneuron,M,61.0,68.06260684630189
Donor_791,GABAergic neuron,M,64.0,57.72584975270617
Donor_791,L2/3 intratelencephalic projecting glutamatergic neuron,M,64.0,64.86759331281678
Donor_791,L2/3-6 intratelencephalic projecting glutamatergic neuron,M,64.0,60.95334156297171
Donor_791,L6 corticothalamic-projecting glutamatergic cortical neuron,M,64.0,65.49825940408327
Donor_791,VIP GABAergic interneuron,M,64.0,64.01522838984786
Donor_791,astrocyte,M,64.0,67.2113003323546
Donor_791,lamp5 GABAergic interneuron,M,64.0,60.47629226656434
Donor_791,microglial cell,M,64.0,63.96736373891864
Donor_791,oligodendrocyte,M,64.0,63.070595519358584
Donor_791,oligodendrocyte precursor cell,M,64.0,67.62847020217978
Donor_791,pvalb GABAergic interneuron,M,64.0,53.72278990983631
Donor_791,sst GABAergic interneuron,M,64.0,61.591194495437946
Donor_799,GABAergic neuron,H,55.0,54.38087098187249
Donor_799,L2/3 intratelencephalic projecting glutamatergic neuron,H,55.0,54.65311666871163
Donor_799,L2/3-6 intratelencephalic projecting glutamatergic neuron,H,55.0,54.88043488343902
Donor_799,L5/6 near-projecting glutamatergic neuron,H,55.0,47.49605014483373
Donor_799,L6 corticothalamic-projecting glutamatergic cortical neuron,H,55.0,52.081340039481255
Donor_799,L6 intratelencephalic projecting glutamatergic neuron,H,55.0,42.68809590673048
Donor_799,VIP GABAergic interneuron,H,55.0,44.35626421777663
Donor_799,astrocyte,H,55.0,51.06924313064325
Donor_799,endothelial cell,H,55.0,48.96946727956107
Donor_799,lamp5 GABAergic interneuron,H,55.0,48.606127638310134
Donor_799,microglial cell,H,55.0,51.05070410495336
Donor_799,oligodendrocyte,H,55.0,56.89070666196494
Donor_799,oligodendrocyte precursor cell,H,55.0,46.75600509690755
Donor_799,pericyte,H,55.0,41.12416415430591
Donor_799,pvalb GABAergic interneuron,H,55.0,52.987581019632756
Donor_799,sst GABAergic interneuron,H,55.0,51.190746037825875
Donor_799,vascular leptomeningeal cell,H,55.0,50.5611436462751
Donor_805,GABAergic neuron,M,42.0,59.968226162935466
Donor_805,L2/3 intratelencephalic projecting glutamatergic neuron,M,42.0,49.9570059825994
Donor_805,L2/3-6 intratelencephalic projecting glutamatergic neuron,M,42.0,50.629759413291865
Donor_805,L5/6 near-projecting glutamatergic neuron,M,42.0,59.28707243725301
Donor_805,L6 corticothalamic-projecting glutamatergic cortical neuron,M,42.0,45.309142296875486
Donor_805,L6 intratelencephalic projecting glutamatergic neuron,M,42.0,48.69615188185362
Donor_805,L6b glutamatergic neuron of the primary motor cortex,M,42.0,57.006256379942506
Donor_805,VIP GABAergic interneuron,M,42.0,53.13690042915362
Donor_805,astrocyte,M,42.0,53.97862715135987
Donor_805,endothelial cell,M,42.0,49.220256824913704
Donor_805,lamp5 GABAergic interneuron,M,42.0,56.94080333547789
Donor_805,microglial cell,M,42.0,53.1411982133903
Donor_805,oligodendrocyte,M,42.0,55.40589252902926
Donor_805,oligodendrocyte precursor cell,M,42.0,54.70902954098112
Donor_805,pericyte,M,42.0,65.13626897150083
Donor_805,perivascular macrophage,M,42.0,65.29428130923985
Donor_805,pvalb GABAergic interneuron,M,42.0,50.78102672965804
Donor_805,sst GABAergic interneuron,M,42.0,54.31484890872689
Donor_805,vascular leptomeningeal cell,M,42.0,61.170389824259615
Donor_808,GABAergic neuron,M,80.0,58.467457413544544
Donor_808,L2/3 intratelencephalic projecting glutamatergic neuron,M,80.0,64.93725937547796
Donor_808,L2/3-6 intratelencephalic projecting glutamatergic neuron,M,80.0,68.50466672039214
Donor_808,L6 corticothalamic-projecting glutamatergic cortical neuron,M,80.0,64.29120769532311
Donor_808,L6 intratelencephalic projecting glutamatergic neuron,M,80.0,72.16433985629969
Donor_808,VIP GABAergic interneuron,M,80.0,55.596446428564555
Donor_808,astrocyte,M,80.0,66.10559184054819
Donor_808,lamp5 GABAergic interneuron,M,80.0,52.10664185806259
Donor_808,microglial cell,M,80.0,73.24020647275205
Donor_808,oligodendrocyte,M,80.0,75.28582218903293
Donor_808,oligodendrocyte precursor cell,M,80.0,73.21810619343964
Donor_808,pvalb GABAergic interneuron,M,80.0,60.110777143913445
Donor_808,sst GABAergic interneuron,M,80.0,68.89589778633108
Donor_81,GABAergic neuron,H,48.0,50.495034792665734
Donor_81,L2/3 intratelencephalic projecting glutamatergic neuron,H,48.0,60.07067878792713
Donor_81,L2/3-6 intratelencephalic projecting glutamatergic neuron,H,48.0,58.94179609939029
Donor_81,L5/6 near-projecting glutamatergic neuron,H,48.0,58.212253334338584
Donor_81,L6 corticothalamic-projecting glutamatergic cortical neuron,H,48.0,55.027825801889044
Donor_81,L6 intratelencephalic projecting glutamatergic neuron,H,48.0,58.34025836394199
Donor_81,L6b glutamatergic neuron of the primary motor cortex,H,48.0,60.11388747934835
Donor_81,VIP GABAergic interneuron,H,48.0,46.89812471732509
Donor_81,astrocyte,H,48.0,61.34754291148451
Donor_81,endothelial cell,H,48.0,44.7668449295341
Donor_81,lamp5 GABAergic interneuron,H,48.0,52.40870674975491
Donor_81,microglial cell,H,48.0,47.52446927624251
Donor_81,oligodendrocyte,H,48.0,65.27657650590788
Donor_81,oligodendrocyte precursor cell,H,48.0,38.88812741915844
Donor_81,pvalb GABAergic interneuron,H,48.0,56.344739524482
Donor_81,sst GABAergic interneuron,H,48.0,60.46165321351816
Donor_830,L2/3 intratelencephalic projecting glutamatergic neuron,H,52.0,46.79956782697137
Donor_830,L2/3-6 intratelencephalic projecting glutamatergic neuron,H,52.0,53.97405234764709
Donor_830,L5/6 near-projecting glutamatergic neuron,H,52.0,44.889855494162234
Donor_830,L6 corticothalamic-projecting glutamatergic cortical neuron,H,52.0,53.317629423975916
Donor_830,L6 intratelencephalic projecting glutamatergic neuron,H,52.0,44.493745910390295
Donor_830,VIP GABAergic interneuron,H,52.0,46.02032206362894
Donor_830,astrocyte,H,52.0,53.18818377101817
Donor_830,endothelial cell,H,52.0,45.161604495993714
Donor_830,lamp5 GABAergic interneuron,H,52.0,51.679454164028954
Donor_830,microglial cell,H,52.0,38.34010357417195
Donor_830,oligodendrocyte,H,52.0,48.825460952835265
Donor_830,oligodendrocyte precursor cell,H,52.0,36.59511914510366
Donor_830,pericyte,H,52.0,51.08663607259699
Donor_830,pvalb GABAergic interneuron,H,52.0,49.51796931953316
Donor_830,sst GABAergic interneuron,H,52.0,52.79409183157179
Donor_839,GABAergic neuron,M,76.0,58.45642261576676
Donor_839,L2/3 intratelencephalic projecting glutamatergic neuron,M,76.0,69.61585852217944
Donor_839,L2/3-6 intratelencephalic projecting glutamatergic neuron,M,76.0,65.96856413043673
Donor_839,L5/6 near-projecting glutamatergic neuron,M,76.0,62.96797355928606
Donor_839,L6 corticothalamic-projecting glutamatergic cortical neuron,M,76.0,61.59533535750802
Donor_839,L6 intratelencephalic projecting glutamatergic neuron,M,76.0,60.47431358339849
Donor_839,VIP GABAergic interneuron,M,76.0,60.70933389463992
Donor_839,astrocyte,M,76.0,78.96238872016205
Donor_839,endothelial cell,M,76.0,64.42102200950083
Donor_839,lamp5 GABAergic interneuron,M,76.0,65.85000720216817
Donor_839,microglial cell,M,76.0,69.29123955779279
Donor_839,oligodendrocyte,M,76.0,63.925149897550554
Donor_839,oligodendrocyte precursor cell,M,76.0,64.91790110077902
Donor_839,pvalb GABAergic interneuron,M,76.0,62.738631743730295
Donor_839,sst GABAergic interneuron,M,76.0,71.27558922198155
Donor_84,GABAergic neuron,H,27.0,38.94944023599811
Donor_84,L2/3 intratelencephalic projecting glutamatergic neuron,H,27.0,42.01413321201916
Donor_84,L2/3-6 intratelencephalic projecting glutamatergic neuron,H,27.0,39.733628227075656
Donor_84,L5/6 near-projecting glutamatergic neuron,H,27.0,39.83491139955039
Donor_84,L6 intratelencephalic projecting glutamatergic neuron,H,27.0,40.547398855865666
Donor_84,L6b glutamatergic neuron of the primary motor cortex,H,27.0,43.947904452811834
Donor_84,VIP GABAergic interneuron,H,27.0,36.18107955465779
Donor_84,astrocyte,H,27.0,37.99273122518316
Donor_84,endothelial cell,H,27.0,42.580530672243206
Donor_84,lamp5 GABAergic interneuron,H,27.0,36.65587395599875
Donor_84,microglial cell,H,27.0,40.34205881817817
Donor_84,oligodendrocyte,H,27.0,34.12478392865337
Donor_84,oligodendrocyte precursor cell,H,27.0,34.55810084623899
Donor_84,pericyte,H,27.0,40.21606574259394
Donor_84,pvalb GABAergic interneuron,H,27.0,39.5811044921775
Donor_84,sst GABAergic interneuron,H,27.0,37.20152634406143
Donor_84,vascular leptomeningeal cell,H,27.0,43.407051224127805
Donor_848,GABAergic neuron,M,66.0,78.22964658858801
Donor_848,L2/3 intratelencephalic projecting glutamatergic neuron,M,66.0,73.03813756772968
Donor_848,L2/3-6 intratelencephalic projecting glutamatergic neuron,M,66.0,81.96840439249115
Donor_848,L6 intratelencephalic projecting glutamatergic neuron,M,66.0,51.989394495009236
Donor_848,VIP GABAergic interneuron,M,66.0,72.55414557073196
Donor_848,astrocyte,M,66.0,73.27216402009543
Donor_848,lamp5 GABAergic interneuron,M,66.0,69.60254381428524
Donor_848,microglial cell,M,66.0,42.22223766861781
Donor_848,oligodendrocyte,M,66.0,49.96103627063893
Donor_848,oligodendrocyte precursor cell,M,66.0,66.62003171530571
Donor_848,pvalb GABAergic interneuron,M,66.0,84.3397693612184
Donor_848,sst GABAergic interneuron,M,66.0,63.73380279779466
Donor_871,GABAergic neuron,H,28.0,30.434149671155478
Donor_871,L2/3 intratelencephalic projecting glutamatergic neuron,H,28.0,25.458355116111402
Donor_871,L2/3-6 intratelencephalic projecting glutamatergic neuron,H,28.0,29.571181665626327
Donor_871,L5/6 near-projecting glutamatergic neuron,H,28.0,32.91385039984783
Donor_871,L6 corticothalamic-projecting glutamatergic cortical neuron,H,28.0,29.69871843766985
Donor_871,L6 intratelencephalic projecting glutamatergic neuron,H,28.0,30.16013553301905
Donor_871,L6b glutamatergic neuron of the primary motor cortex,H,28.0,24.476518827761325
Donor_871,VIP GABAergic interneuron,H,28.0,26.05738533852335
Donor_871,astrocyte,H,28.0,32.01043127792785
Donor_871,endothelial cell,H,28.0,22.11860429054725
Donor_871,lamp5 GABAergic interneuron,H,28.0,26.438109219121763
Donor_871,microglial cell,H,28.0,21.00619658277387
Donor_871,oligodendrocyte,H,28.0,33.787995165822
Donor_871,oligodendrocyte precursor cell,H,28.0,27.956722451695402
Donor_871,perivascular macrophage,H,28.0,38.130512374218
Donor_871,pvalb GABAergic interneuron,H,28.0,33.716692374023374
Donor_871,sst GABAergic interneuron,H,28.0,26.55971307341305
Donor_871,vascular leptomeningeal cell,H,28.0,29.183928671216567
Donor_894,L2/3 intratelencephalic projecting glutamatergic neuron,M,53.0,60.78849299794022
Donor_894,L2/3-6 intratelencephalic projecting glutamatergic neuron,M,53.0,51.810481019880264
Donor_894,VIP GABAergic interneuron,M,53.0,46.01848748435498
Donor_894,astrocyte,M,53.0,56.05043604876693
Donor_894,lamp5 GABAergic interneuron,M,53.0,55.376214740696454
Donor_894,microglial cell,M,53.0,62.366779074069804
Donor_894,oligodendrocyte,M,53.0,58.755222672432645
Donor_894,oligodendrocyte precursor cell,M,53.0,54.789651275113286
Donor_894,pvalb GABAergic interneuron,M,53.0,53.23943220219948
Donor_894,sst GABAergic interneuron,M,53.0,60.91622209769776
Donor_899,GABAergic neuron,H,35.0,44.322418056211
Donor_899,L2/3 intratelencephalic projecting glutamatergic neuron,H,35.0,43.79620005841709
Donor_899,L2/3-6 intratelencephalic projecting glutamatergic neuron,H,35.0,64.23119386881422
Donor_899,L5/6 near-projecting glutamatergic neuron,H,35.0,36.11031025000692
Donor_899,L6 corticothalamic-projecting glutamatergic cortical neuron,H,35.0,48.79062001347127
Donor_899,L6 intratelencephalic projecting glutamatergic neuron,H,35.0,48.34167770675871
Donor_899,VIP GABAergic interneuron,H,35.0,60.12917267183643
Donor_899,astrocyte,H,35.0,48.4383073898923
Donor_899,endothelial cell,H,35.0,28.156382064939024
Donor_899,lamp5 GABAergic interneuron,H,35.0,54.42780518723267
Donor_899,microglial cell,H,35.0,48.73013558225334
Donor_899,oligodendrocyte,H,35.0,44.28100838710121
Donor_899,oligodendrocyte precursor cell,H,35.0,44.83974261905335
Donor_899,pvalb GABAergic interneuron,H,35.0,49.79042282959628
Donor_899,sst GABAergic interneuron,H,35.0,40.61855897309493
Donor_899,vascular leptomeningeal cell,H,35.0,41.397809401377984
Donor_907,GABAergic neuron,M,35.0,67.3527760841622
Donor_907,L2/3 intratelencephalic projecting glutamatergic neuron,M,35.0,50.50376843068768
Donor_907,L2/3-6 intratelencephalic projecting glutamatergic neuron,M,35.0,54.21585124645554
Donor_907,L6 corticothalamic-projecting glutamatergic cortical neuron,M,35.0,62.08556525627822
Donor_907,VIP GABAergic interneuron,M,35.0,61.72867796943232
Donor_907,astrocyte,M,35.0,67.95253629582115
Donor_907,endothelial cell,M,35.0,58.760622659294995
Donor_907,lamp5 GABAergic interneuron,M,35.0,60.00168824948478
Donor_907,microglial cell,M,35.0,56.301084068076165
Donor_907,oligodendrocyte,M,35.0,60.885677676077634
Donor_907,oligodendrocyte precursor cell,M,35.0,57.41295917392865
Donor_907,pericyte,M,35.0,59.761014750499456
Donor_907,pvalb GABAergic interneuron,M,35.0,65.43201115104473
Donor_907,sst GABAergic interneuron,M,35.0,56.59926890082017
Donor_907,vascular leptomeningeal cell,M,35.0,65.91427481258476
Donor_908,GABAergic neuron,H,40.0,42.21208127935444
Donor_908,L2/3 intratelencephalic projecting glutamatergic neuron,H,40.0,42.371606829506746
Donor_908,L2/3-6 intratelencephalic projecting glutamatergic neuron,H,40.0,40.77314232146803
Donor_908,L5/6 near-projecting glutamatergic neuron,H,40.0,53.81530833372439
Donor_908,L6 corticothalamic-projecting glutamatergic cortical neuron,H,40.0,41.455723321178
Donor_908,L6 intratelencephalic projecting glutamatergic neuron,H,40.0,38.493159714868526
Donor_908,L6b glutamatergic neuron of the primary motor cortex,H,40.0,39.33831462755607
Donor_908,VIP GABAergic interneuron,H,40.0,41.96221605408446
Donor_908,astrocyte,H,40.0,46.39355897102799
Donor_908,endothelial cell,H,40.0,52.34265739064683
Donor_908,lamp5 GABAergic interneuron,H,40.0,40.93215614850497
Donor_908,microglial cell,H,40.0,49.21804647181618
Donor_908,oligodendrocyte,H,40.0,42.44051515867504
Donor_908,oligodendrocyte precursor cell,H,40.0,42.508480981230626
Donor_908,pvalb GABAergic interneuron,H,40.0,41.646942361472185
Donor_908,sst GABAergic interneuron,H,40.0,49.8886450083364
Donor_909,GABAergic neuron,M,71.0,65.22370537058026
Donor_909,L2/3 intratelencephalic projecting glutamatergic neuron,M,71.0,63.047519249499125
Donor_909,L2/3-6 intratelencephalic projecting glutamatergic neuron,M,71.0,63.370399086849204
Donor_909,L6 corticothalamic-projecting glutamatergic cortical neuron,M,71.0,63.221975951517365
Donor_909,L6 intratelencephalic projecting glutamatergic neuron,M,71.0,65.77632252032849
Donor_909,VIP GABAergic interneuron,M,71.0,62.10499312352185
Donor_909,astrocyte,M,71.0,62.37389238872278
Donor_909,endothelial cell,M,71.0,49.50713678726174
Donor_909,lamp5 GABAergic interneuron,M,71.0,53.84056293146442
Donor_909,microglial cell,M,71.0,51.96171262032688
Donor_909,oligodendrocyte,M,71.0,58.802857489212776
Donor_909,oligodendrocyte precursor cell,M,71.0,59.53400953336249
Donor_909,pericyte,M,71.0,52.59231923684569
Donor_909,perivascular macrophage,M,71.0,
Donor_909,pvalb GABAergic interneuron,M,71.0,62.700677662078924
Donor_909,sst GABAergic interneuron,M,71.0,62.041142459377056
Donor_912,L2/3 intratelencephalic projecting glutamatergic neuron,M,83.0,69.58586013161818
Donor_912,L2/3-6 intratelencephalic projecting glutamatergic neuron,M,83.0,82.7998242225425
Donor_912,VIP GABAergic interneuron,M,83.0,72.71936838737665
Donor_912,astrocyte,M,83.0,65.47119020458626
Donor_912,endothelial cell,M,83.0,66.34128634224494
Donor_912,lamp5 GABAergic interneuron,M,83.0,65.86247218690642
Donor_912,oligodendrocyte,M,83.0,74.61843447308303
Donor_912,oligodendrocyte precursor cell,M,83.0,71.03754286150061
Donor_912,pericyte,M,83.0,56.337662628958036
Donor_912,pvalb GABAergic interneuron,M,83.0,68.69757461383956
Donor_915,GABAergic neuron,H,29.0,35.31028834169411
Donor_915,L2/3 intratelencephalic projecting glutamatergic neuron,H,29.0,32.089264865784514
Donor_915,L2/3-6 intratelencephalic projecting glutamatergic neuron,H,29.0,29.1053493043724
Donor_915,L5/6 near-projecting glutamatergic neuron,H,29.0,32.4662856790157
Donor_915,L6 corticothalamic-projecting glutamatergic cortical neuron,H,29.0,38.72662182247033
Donor_915,L6 intratelencephalic projecting glutamatergic neuron,H,29.0,33.68954347037179
Donor_915,L6b glutamatergic neuron of the primary motor cortex,H,29.0,34.183503911144086
Donor_915,VIP GABAergic interneuron,H,29.0,28.728131731393262
Donor_915,astrocyte,H,29.0,35.23269550589081
Donor_915,endothelial cell,H,29.0,32.78083320902579
Donor_915,lamp5 GABAergic interneuron,H,29.0,35.90455049367963
Donor_915,microglial cell,H,29.0,30.50772697195129
Donor_915,oligodendrocyte,H,29.0,37.4121143262522
Donor_915,oligodendrocyte precursor cell,H,29.0,40.79922814250694
Donor_915,pericyte,H,29.0,42.24859221248243
Donor_915,pvalb GABAergic interneuron,H,29.0,35.812103546788705
Donor_915,sst GABAergic interneuron,H,29.0,33.10889524268416
Donor_915,vascular leptomeningeal cell,H,29.0,46.136944420276095
Donor_922,GABAergic neuron,H,54.0,45.236402837380155
Donor_922,L2/3 intratelencephalic projecting glutamatergic neuron,H,54.0,54.178904616850595
Donor_922,L2/3-6 intratelencephalic projecting glutamatergic neuron,H,54.0,52.02735589370262
Donor_922,L5/6 near-projecting glutamatergic neuron,H,54.0,41.73187976762464
Donor_922,L6 corticothalamic-projecting glutamatergic cortical neuron,H,54.0,48.62090676788417
Donor_922,L6 intratelencephalic projecting glutamatergic neuron,H,54.0,47.815808292999485
Donor_922,L6b glutamatergic neuron of the primary motor cortex,H,54.0,50.96819902151954
Donor_922,VIP GABAergic interneuron,H,54.0,54.08904415510425
Donor_922,astrocyte,H,54.0,47.54303177791344
Donor_922,endothelial cell,H,54.0,49.53489521420957
Donor_922,lamp5 GABAergic interneuron,H,54.0,44.947060216032014
Donor_922,microglial cell,H,54.0,47.99941299024185
Donor_922,oligodendrocyte,H,54.0,52.709155555237444
Donor_922,oligodendrocyte precursor cell,H,54.0,46.77667053414152
Donor_922,pericyte,H,54.0,48.11196840005931
Donor_922,pvalb GABAergic interneuron,H,54.0,54.45907282895291
Donor_922,sst GABAergic interneuron,H,54.0,53.48993420033629
Donor_922,vascular leptomeningeal cell,H,54.0,36.956844927432186
Donor_93,GABAergic neuron,H,31.0,41.74668966316716
Donor_93,L2/3 intratelencephalic projecting glutamatergic neuron,H,31.0,33.670860273948186
Donor_93,L2/3-6 intratelencephalic projecting glutamatergic neuron,H,31.0,31.584101722770207
Donor_93,L5/6 near-projecting glutamatergic neuron,H,31.0,35.53266979902107
Donor_93,L6 corticothalamic-projecting glutamatergic cortical neuron,H,31.0,36.91509490918527
Donor_93,L6 intratelencephalic projecting glutamatergic neuron,H,31.0,32.37587040211086
Donor_93,L6b glutamatergic neuron of the primary motor cortex,H,31.0,37.48594806093216
Donor_93,VIP GABAergic interneuron,H,31.0,42.3721863624107
Donor_93,astrocyte,H,31.0,38.217421066314685
Donor_93,endothelial cell,H,31.0,44.654443272059744
Donor_93,lamp5 GABAergic interneuron,H,31.0,45.271658627679926
Donor_93,microglial cell,H,31.0,42.383227627405034
Donor_93,oligodendrocyte,H,31.0,39.08427007562427
Donor_93,oligodendrocyte precursor cell,H,31.0,33.418441580979284
Donor_93,pericyte,H,31.0,52.890496694180236
Donor_93,perivascular macrophage,H,31.0,42.14693772133166
Donor_93,pvalb GABAergic interneuron,H,31.0,34.44008900410737
Donor_93,sst GABAergic interneuron,H,31.0,39.6502742998201
Donor_93,vascular leptomeningeal cell,H,31.0,47.92838756165963
Donor_931,GABAergic neuron,M,80.0,68.23569046218157
Donor_931,L2/3 intratelencephalic projecting glutamatergic neuron,M,80.0,79.61085140808535
Donor_931,L2/3-6 intratelencephalic projecting glutamatergic neuron,M,80.0,76.94793628332631
Donor_931,L6 corticothalamic-projecting glutamatergic cortical neuron,M,80.0,73.67158116746121
Donor_931,L6 intratelencephalic projecting glutamatergic neuron,M,80.0,84.0021261678489
Donor_931,VIP GABAergic interneuron,M,80.0,78.68853082893169
Donor_931,astrocyte,M,80.0,87.73952738561424
Donor_931,lamp5 GABAergic interneuron,M,80.0,69.63738190295027
Donor_931,microglial cell,M,80.0,85.76868040926703
Donor_931,oligodendrocyte,M,80.0,85.81167946037625
Donor_931,oligodendrocyte precursor cell,M,80.0,77.47466601077626
Donor_931,pvalb GABAergic interneuron,M,80.0,75.06272578803495
Donor_931,sst GABAergic interneuron,M,80.0,79.66867870232329
Donor_932,GABAergic neuron,M,62.0,56.630188400400144
Donor_932,L2/3 intratelencephalic projecting glutamatergic neuron,M,62.0,68.94749226826394
Donor_932,L2/3-6 intratelencephalic projecting glutamatergic neuron,M,62.0,65.91099104658605
Donor_932,L6 corticothalamic-projecting glutamatergic cortical neuron,M,62.0,67.00231936809072
Donor_932,L6 intratelencephalic projecting glutamatergic neuron,M,62.0,66.69944019204425
Donor_932,VIP GABAergic interneuron,M,62.0,64.04792363704001
Donor_932,astrocyte,M,62.0,51.7199028318209
Donor_932,lamp5 GABAergic interneuron,M,62.0,61.00778076742999
Donor_932,microglial cell,M,62.0,58.1178182707594
Donor_932,oligodendrocyte,M,62.0,59.29456957332584
Donor_932,oligodendrocyte precursor cell,M,62.0,66.9693127651386
Donor_932,pvalb GABAergic interneuron,M,62.0,57.04038766908908
Donor_932,sst GABAergic interneuron,M,62.0,63.04761286582436
Donor_934,GABAergic neuron,H,40.0,39.60855620693251
Donor_934,L2/3 intratelencephalic projecting glutamatergic neuron,H,40.0,41.646028974539384
Donor_934,L2/3-6 intratelencephalic projecting glutamatergic neuron,H,40.0,38.83301443342109
Donor_934,L5/6 near-projecting glutamatergic neuron,H,40.0,48.10897875679651
Donor_934,L6 corticothalamic-projecting glutamatergic cortical neuron,H,40.0,44.33604138833414
Donor_934,L6 intratelencephalic projecting glutamatergic neuron,H,40.0,48.23826218028481
Donor_934,VIP GABAergic interneuron,H,40.0,45.46940236220877
Donor_934,astrocyte,H,40.0,39.64522283932062
Donor_934,endothelial cell,H,40.0,40.80182798373703
Donor_934,lamp5 GABAergic interneuron,H,40.0,52.68068077838706
Donor_934,oligodendrocyte,H,40.0,43.35492662973916
Donor_934,oligodendrocyte precursor cell,H,40.0,42.8832778632248
Donor_934,pericyte,H,40.0,44.01128004630136
Donor_934,pvalb GABAergic interneuron,H,40.0,49.46911190299493
Donor_934,sst GABAergic interneuron,H,40.0,46.204372863663934
Donor_934,vascular leptomeningeal cell,H,40.0,41.794741514898355
Donor_94,GABAergic neuron,M,66.0,66.30924736330812
Donor_94,L2/3 intratelencephalic projecting glutamatergic neuron,M,66.0,65.7034323636968
Donor_94,L2/3-6 intratelencephalic projecting glutamatergic neuron,M,66.0,70.20030375723542
Donor_94,VIP GABAergic interneuron,M,66.0,69.11045921582641
Donor_94,astrocyte,M,66.0,63.28917605440255
Donor_94,lamp5 GABAergic interneuron,M,66.0,65.9509963669112
Donor_94,microglial cell,M,66.0,67.04340658597836
Donor_94,oligodendrocyte,M,66.0,59.16941925785507
Donor_94,oligodendrocyte precursor cell,M,66.0,70.0786995350981
Donor_94,perivascular macrophage,M,66.0,
Donor_94,pvalb GABAergic interneuron,M,66.0,66.03764828389848
Donor_94,sst GABAergic interneuron,M,66.0,65.15232231952857
Donor_946,GABAergic neuron,M,42.0,51.25598083927293
Donor_946,L2/3 intratelencephalic projecting glutamatergic neuron,M,42.0,54.00173996393417
Donor_946,L2/3-6 intratelencephalic projecting glutamatergic neuron,M,42.0,53.105864133595695
Donor_946,L5/6 near-projecting glutamatergic neuron,M,42.0,63.29036328315723
Donor_946,L6 corticothalamic-projecting glutamatergic cortical neuron,M,42.0,52.35871680172316
Donor_946,L6 intratelencephalic projecting glutamatergic neuron,M,42.0,51.8466150183401
Donor_946,VIP GABAergic interneuron,M,42.0,54.1602246807321
Donor_946,astrocyte,M,42.0,55.35558854526799
Donor_946,lamp5 GABAergic interneuron,M,42.0,59.4191279811036
Donor_946,microglial cell,M,42.0,55.896752317148795
Donor_946,oligodendrocyte,M,42.0,47.85122070678595
Donor_946,oligodendrocyte precursor cell,M,42.0,48.19086483097424
Donor_946,pvalb GABAergic interneuron,M,42.0,56.999243985103405
Donor_946,sst GABAergic interneuron,M,42.0,56.75974282063335
Donor_957,GABAergic neuron,M,31.0,44.02722546948202
Donor_957,L2/3 intratelencephalic projecting glutamatergic neuron,M,31.0,37.74361887238141
Donor_957,L2/3-6 intratelencephalic projecting glutamatergic neuron,M,31.0,35.47581389885854
Donor_957,L6 corticothalamic-projecting glutamatergic cortical neuron,M,31.0,39.757728550070986
Donor_957,VIP GABAergic interneuron,M,31.0,35.07567482674568
Donor_957,astrocyte,M,31.0,38.70031803831124
Donor_957,endothelial cell,M,31.0,41.97916949249553
Donor_957,lamp5 GABAergic interneuron,M,31.0,48.15858193701408
Donor_957,microglial cell,M,31.0,43.321983859184364
Donor_957,oligodendrocyte,M,31.0,38.96111890485924
Donor_957,oligodendrocyte precursor cell,M,31.0,39.83562311895346
Donor_957,pericyte,M,31.0,46.52513557840941
Donor_957,pvalb GABAergic interneuron,M,31.0,47.346967018432025
Donor_957,sst GABAergic interneuron,M,31.0,42.31025498253685
Donor_959,GABAergic neuron,H,23.0,46.241940223724136
Donor_959,L2/3 intratelencephalic projecting glutamatergic neuron,H,23.0,32.80576444361868
Donor_959,L2/3-6 intratelencephalic projecting glutamatergic neuron,H,23.0,22.689681401673376
Donor_959,VIP GABAergic interneuron,H,23.0,40.10186738813571
Donor_959,astrocyte,H,23.0,35.02900406371862
Donor_959,endothelial cell,H,23.0,43.324364170830016
Donor_959,lamp5 GABAergic interneuron,H,23.0,47.45809667986109
Donor_959,microglial cell,H,23.0,37.86793435841123
Donor_959,oligodendrocyte,H,23.0,41.20274578127677
Donor_959,oligodendrocyte precursor cell,H,23.0,33.11463968901384
Donor_959,pericyte,H,23.0,40.49389075010235
Donor_959,pvalb GABAergic interneuron,H,23.0,36.65807471044019
Donor_959,sst GABAergic interneuron,H,23.0,37.58864533381545
Donor_960,GABAergic neuron,H,71.0,53.19811745643352
Donor_960,L2/3 intratelencephalic projecting glutamatergic neuron,H,71.0,59.371693303428835
Donor_960,L2/3-6 intratelencephalic projecting glutamatergic neuron,H,71.0,59.71660904749935
Donor_960,L5/6 near-projecting glutamatergic neuron,H,71.0,58.05125655390165
Donor_960,L6 corticothalamic-projecting glutamatergic cortical neuron,H,71.0,61.18484277462688
Donor_960,VIP GABAergic interneuron,H,71.0,57.577382457789035
Donor_960,astrocyte,H,71.0,66.90381642948523
Donor_960,endothelial cell,H,71.0,32.96908850715091
Donor_960,lamp5 GABAergic interneuron,H,71.0,56.21181676578736
Donor_960,microglial cell,H,71.0,66.49109252981168
Donor_960,oligodendrocyte,H,71.0,57.19259896520212
Donor_960,oligodendrocyte precursor cell,H,71.0,63.786265283741116
Donor_960,pvalb GABAergic interneuron,H,71.0,55.45593570025723
Donor_960,sst GABAergic interneuron,H,71.0,65.13092829938125
Donor_961,GABAergic neuron,H,83.0,70.40428558042649
Donor_961,L2/3 intratelencephalic projecting glutamatergic neuron,H,83.0,76.68524695278712
Donor_961,L2/3-6 intratelencephalic projecting glutamatergic neuron,H,83.0,75.6195296094015
Donor_961,L5/6 near-projecting glutamatergic neuron,H,83.0,64.30413850412098
Donor_961,L6 corticothalamic-projecting glutamatergic cortical neuron,H,83.0,66.47209793982704
Donor_961,VIP GABAergic interneuron,H,83.0,72.3853429081493
Donor_961,astrocyte,H,83.0,73.70321476173511
Donor_961,endothelial cell,H,83.0,61.07674745630382
Donor_961,lamp5 GABAergic interneuron,H,83.0,61.438939216785435
Donor_961,microglial cell,H,83.0,62.602299569911
Donor_961,oligodendrocyte,H,83.0,60.60396972414864
Donor_961,oligodendrocyte precursor cell,H,83.0,65.31437528092849
Donor_961,pericyte,H,83.0,53.15063340613396
Donor_961,pvalb GABAergic interneuron,H,83.0,57.146641665384834
Donor_961,sst GABAergic interneuron,H,83.0,65.65589481526857
Donor_961,vascular leptomeningeal cell,H,83.0,49.64605416420584
Donor_968,GABAergic neuron,M,62.0,74.0406511120089
Donor_968,L2/3 intratelencephalic projecting glutamatergic neuron,M,62.0,67.19072748520021
Donor_968,VIP GABAergic interneuron,M,62.0,72.19150644179325
Donor_968,astrocyte,M,62.0,68.96389435412844
Donor_968,lamp5 GABAergic interneuron,M,62.0,68.19672461093941
Donor_968,microglial cell,M,62.0,87.84103938355514
Donor_968,oligodendrocyte,M,62.0,64.65738707285313
Donor_968,oligodendrocyte precursor cell,M,62.0,64.88125295082304
Donor_976,GABAergic neuron,H,50.0,52.38990073565616
Donor_976,L2/3 intratelencephalic projecting glutamatergic neuron,H,50.0,48.601652645569516
Donor_976,L2/3-6 intratelencephalic projecting glutamatergic neuron,H,50.0,48.48186562118711
Donor_976,L5/6 near-projecting glutamatergic neuron,H,50.0,48.999576691581645
Donor_976,L6 corticothalamic-projecting glutamatergic cortical neuron,H,50.0,45.90107410182858
Donor_976,L6 intratelencephalic projecting glutamatergic neuron,H,50.0,51.61947366096197
Donor_976,L6b glutamatergic neuron of the primary motor cortex,H,50.0,54.1007498816612
Donor_976,VIP GABAergic interneuron,H,50.0,48.62138103048427
Donor_976,astrocyte,H,50.0,50.12929456492179
Donor_976,endothelial cell,H,50.0,43.921835804190295
Donor_976,lamp5 GABAergic interneuron,H,50.0,45.490941358593844
Donor_976,microglial cell,H,50.0,49.3068257872372
Donor_976,oligodendrocyte,H,50.0,59.00932217753158
Donor_976,oligodendrocyte precursor cell,H,50.0,43.169413992044376
Donor_976,pericyte,H,50.0,47.01233336501072
Donor_976,pvalb GABAergic interneuron,H,50.0,51.60376497479777
Donor_976,sst GABAergic interneuron,H,50.0,48.12406044487319
Donor_989,GABAergic neuron,H,41.0,36.778416364248265
Donor_989,L2/3 intratelencephalic projecting glutamatergic neuron,H,41.0,59.831007388396735
Donor_989,L2/3-6 intratelencephalic projecting glutamatergic neuron,H,41.0,53.441108666633234
Donor_989,L5/6 near-projecting glutamatergic neuron,H,41.0,50.4049405447571
Donor_989,L6 intratelencephalic projecting glutamatergic neuron,H,41.0,51.63700300397152
Donor_989,L6b glutamatergic neuron of the primary motor cortex,H,41.0,52.96218476334082
Donor_989,VIP GABAergic interneuron,H,41.0,49.301924383615045
Donor_989,endothelial cell,H,41.0,35.724015513113805
Donor_989,lamp5 GABAergic interneuron,H,41.0,35.002914254646264
Donor_989,microglial cell,H,41.0,48.01650693202428
Donor_989,oligodendrocyte,H,41.0,53.7767858072633
Donor_989,oligodendrocyte precursor cell,H,41.0,39.443654131015286
Donor_989,pvalb GABAergic interneuron,H,41.0,45.46972721256382
Donor_989,sst GABAergic interneuron,H,41.0,50.20119027683178
Donor_99,GABAergic neuron,H,51.0,48.011004044865786
Donor_99,L2/3 intratelencephalic projecting glutamatergic neuron,H,51.0,53.22361203483892
Donor_99,L2/3-6 intratelencephalic projecting glutamatergic neuron,H,51.0,54.430219124789716
Donor_99,VIP GABAergic interneuron,H,51.0,43.57470520200664
Donor_99,astrocyte,H,51.0,48.21474701832627
Donor_99,endothelial cell,H,51.0,35.13981876069592
Donor_99,lamp5 GABAergic interneuron,H,51.0,44.274112181348286
Donor_99,microglial cell,H,51.0,40.27866148988049
Donor_99,oligodendrocyte,H,51.0,49.3017450774544
Donor_99,oligodendrocyte precursor cell,H,51.0,47.26323414002773
Donor_99,pvalb GABAergic interneuron,H,51.0,46.29585117850966
Donor_99,sst GABAergic interneuron,H,51.0,43.4025719279292
Donor_992,L2/3 intratelencephalic projecting glutamatergic neuron,H,57.0,46.167267484469754
Donor_992,VIP GABAergic interneuron,H,57.0,66.48593378054697
Donor_992,astrocyte,H,57.0,62.83417844716355
Donor_992,endothelial cell,H,57.0,50.29796492147482
Donor_992,microglial cell,H,57.0,46.13864073773737
Donor_992,oligodendrocyte,H,57.0,49.198835235156004
Donor_992,oligodendrocyte precursor cell,H,57.0,54.07865448955127
Donor_992,pericyte,H,57.0,56.83997682418258
Donor_992,pvalb GABAergic interneuron,H,57.0,64.79614087405561
Donor_992,sst GABAergic interneuron,H,57.0,49.47860677031875
Donor_992,vascular leptomeningeal cell,H,57.0,50.13707427765313
