donor,celltype,Source,age,pred
Donor_100,GABAergic neuron,H,21.0,45.52044505324133
Donor_100,L2/3 intratelencephalic projecting glutamatergic neuron,H,21.0,23.387226356194937
Donor_100,L2/3-6 intratelencephalic projecting glutamatergic neuron,H,21.0,31.465978590199462
Donor_100,L5/6 near-projecting glutamatergic neuron,H,21.0,47.58933900001549
Donor_100,L6 corticothalamic-projecting glutamatergic cortical neuron,H,21.0,46.69871960746696
Donor_100,L6 intratelencephalic projecting glutamatergic neuron,H,21.0,48.848871630888524
Donor_100,L6b glutamatergic neuron of the primary motor cortex,H,21.0,43.32005507568803
Donor_100,VIP GABAergic interneuron,H,21.0,45.4006408744403
Donor_100,astrocyte,H,21.0,37.033072376964206
Donor_100,endothelial cell,H,21.0,53.63946387481793
Donor_100,lamp5 GABAergic interneuron,H,21.0,49.420390166126246
Donor_100,microglial cell,H,21.0,47.63615523712154
Donor_100,oligodendrocyte,H,21.0,28.020580823568764
Donor_100,oligodendrocyte precursor cell,H,21.0,33.16426803009291
Donor_100,pericyte,H,21.0,52.27598283378359
Donor_100,pvalb GABAergic interneuron,H,21.0,37.557756381930055
Donor_100,sst GABAergic interneuron,H,21.0,34.18219964129594
Donor_100,vascular leptomeningeal cell,H,21.0,60.11893718293477
Donor_1000,GABAergic neuron,H,50.0,59.59794910487098
Donor_1000,L2/3 intratelencephalic projecting glutamatergic neuron,H,50.0,50.083915817686744
Donor_1000,L2/3-6 intratelencephalic projecting glutamatergic neuron,H,50.0,55.812342874897745
Donor_1000,L5/6 near-projecting glutamatergic neuron,H,50.0,62.63373052803116
Donor_1000,L6 corticothalamic-projecting glutamatergic cortical neuron,H,50.0,61.104126371016164
Donor_1000,L6 intratelencephalic projecting glutamatergic neuron,H,50.0,54.72279349221216
Donor_1000,L6b glutamatergic neuron of the primary motor cortex,H,50.0,60.14877612923955
Donor_1000,VIP GABAergic interneuron,H,50.0,58.49321530193798
Donor_1000,astrocyte,H,50.0,50.7268398432969
Donor_1000,endothelial cell,H,50.0,52.76505584246083
Donor_1000,lamp5 GABAergic interneuron,H,50.0,60.95516429536524
Donor_1000,microglial cell,H,50.0,64.18718113129786
Donor_1000,oligodendrocyte,H,50.0,68.15459520168586
Donor_1000,oligodendrocyte precursor cell,H,50.0,53.16607654041442
Donor_1000,pericyte,H,50.0,63.15349319999875
Donor_1000,pvalb GABAergic interneuron,H,50.0,51.227524570767144
Donor_1000,sst GABAergic interneuron,H,50.0,56.834003789573224
Donor_1009,GABAergic neuron,H,48.0,62.40237770155894
Donor_1009,L2/3 intratelencephalic projecting glutamatergic neuron,H,48.0,52.56196937448506
Donor_1009,L2/3-6 intratelencephalic projecting glutamatergic neuron,H,48.0,55.9995063167921
Donor_1009,VIP GABAergic interneuron,H,48.0,63.82425344801173
Donor_1009,astrocyte,H,48.0,47.36197020028261
Donor_1009,endothelial cell,H,48.0,54.911305074794214
Donor_1009,lamp5 GABAergic interneuron,H,48.0,72.43183334047895
Donor_1009,microglial cell,H,48.0,55.46255595282198
Donor_1009,oligodendrocyte,H,48.0,50.80993988474056
Donor_1009,oligodendrocyte precursor cell,H,48.0,53.54611694410849
Donor_1009,pericyte,H,48.0,53.029854659527295
Donor_1009,pvalb GABAergic interneuron,H,48.0,58.28351090930772
Donor_1009,sst GABAergic interneuron,H,48.0,68.80038378870272
Donor_1013,GABAergic neuron,H,54.0,59.34071380777535
Donor_1013,L2/3 intratelencephalic projecting glutamatergic neuron,H,54.0,56.135710038494906
Donor_1013,L2/3-6 intratelencephalic projecting glutamatergic neuron,H,54.0,54.64779662325326
Donor_1013,L5/6 near-projecting glutamatergic neuron,H,54.0,55.34152233282141
Donor_1013,L6 corticothalamic-projecting glutamatergic cortical neuron,H,54.0,57.90623226246203
Donor_1013,L6 intratelencephalic projecting glutamatergic neuron,H,54.0,56.0098493991489
Donor_1013,L6b glutamatergic neuron of the primary motor cortex,H,54.0,58.84414184226337
Donor_1013,VIP GABAergic interneuron,H,54.0,53.23943576741145
Donor_1013,astrocyte,H,54.0,53.601273803384814
Donor_1013,endothelial cell,H,54.0,54.89208239748558
Donor_1013,lamp5 GABAergic interneuron,H,54.0,57.820625659272245
Donor_1013,microglial cell,H,54.0,56.111271407828376
Donor_1013,oligodendrocyte,H,54.0,53.3326110552583
Donor_1013,oligodendrocyte precursor cell,H,54.0,49.96741799854937
Donor_1013,pericyte,H,54.0,66.37669745502573
Donor_1013,pvalb GABAergic interneuron,H,54.0,54.14796451125795
Donor_1013,sst GABAergic interneuron,H,54.0,60.52918054715099
Donor_1013,vascular leptomeningeal cell,H,54.0,65.16269915423804
Donor_1021,L2/3 intratelencephalic projecting glutamatergic neuron,M,80.0,67.22406368204648
Donor_1021,L2/3-6 intratelencephalic projecting glutamatergic neuron,M,80.0,66.53914857045504
Donor_1021,L5/6 near-projecting glutamatergic neuron,M,80.0,75.98274257356519
Donor_1021,L6 corticothalamic-projecting glutamatergic cortical neuron,M,80.0,66.89147979815897
Donor_1021,L6 intratelencephalic projecting glutamatergic neuron,M,80.0,65.3777424279512
Donor_1021,L6b glutamatergic neuron of the primary motor cortex,M,80.0,68.17714431073122
Donor_1021,VIP GABAergic interneuron,M,80.0,73.46259525881425
Donor_1021,astrocyte,M,80.0,79.11129723775291
Donor_1021,lamp5 GABAergic interneuron,M,80.0,80.24415402392164
Donor_1021,microglial cell,M,80.0,82.97062248046578
Donor_1021,oligodendrocyte,M,80.0,67.25509544818964
Donor_1021,oligodendrocyte precursor cell,M,80.0,82.41634901083881
Donor_1021,pvalb GABAergic interneuron,M,80.0,74.16215923348659
Donor_1021,sst GABAergic interneuron,M,80.0,68.83481777565649
Donor_1022,GABAergic neuron,M,55.0,46.923271902256744
Donor_1022,L2/3 intratelencephalic projecting glutamatergic neuron,M,55.0,56.40396064097198
Donor_1022,L2/3-6 intratelencephalic projecting glutamatergic neuron,M,55.0,58.09398179303332
Donor_1022,astrocyte,M,55.0,60.5288398238861
Donor_1022,microglial cell,M,55.0,67.24437469723526
Donor_1022,oligodendrocyte,M,55.0,70.48509743935357
Donor_1022,oligodendrocyte precursor cell,M,55.0,57.30498095277111
Donor_1022,pericyte,M,55.0,45.74880173632095
Donor_1029,GABAergic neuron,H,44.0,55.21240839795974
Donor_1029,L2/3 intratelencephalic projecting glutamatergic neuron,H,44.0,50.35060461367517
Donor_1029,L2/3-6 intratelencephalic projecting glutamatergic neuron,H,44.0,51.36754493678212
Donor_1029,L5/6 near-projecting glutamatergic neuron,H,44.0,57.59513810482502
Donor_1029,L6 corticothalamic-projecting glutamatergic cortical neuron,H,44.0,45.227068272957894
Donor_1029,L6 intratelencephalic projecting glutamatergic neuron,H,44.0,52.792726023220666
Donor_1029,L6b glutamatergic neuron of the primary motor cortex,H,44.0,52.50223014509105
Donor_1029,VIP GABAergic interneuron,H,44.0,55.439810202545885
Donor_1029,astrocyte,H,44.0,54.749837951453166
Donor_1029,endothelial cell,H,44.0,43.34340905842165
Donor_1029,lamp5 GABAergic interneuron,H,44.0,58.38786857948701
Donor_1029,microglial cell,H,44.0,48.78792814943687
Donor_1029,oligodendrocyte,H,44.0,56.334161963571205
Donor_1029,oligodendrocyte precursor cell,H,44.0,56.92012208730375
Donor_1029,pericyte,H,44.0,54.226463312917986
Donor_1029,pvalb GABAergic interneuron,H,44.0,47.12191503263828
Donor_1029,smooth muscle cell,H,44.0,
Donor_1029,sst GABAergic interneuron,H,44.0,51.99720947583132
Donor_1029,vascular leptomeningeal cell,H,44.0,49.163378248353006
Donor_1030,GABAergic neuron,M,36.0,48.22774410682584
Donor_1030,L2/3 intratelencephalic projecting glutamatergic neuron,M,36.0,46.44099044144389
Donor_1030,L2/3-6 intratelencephalic projecting glutamatergic neuron,M,36.0,47.02057876787026
Donor_1030,VIP GABAergic interneuron,M,36.0,44.569356853564464
Donor_1030,astrocyte,M,36.0,50.20440464846937
Donor_1030,lamp5 GABAergic interneuron,M,36.0,32.07757787084707
Donor_1030,microglial cell,M,36.0,47.5856215525104
Donor_1030,oligodendrocyte,M,36.0,48.11062538861809
Donor_1030,oligodendrocyte precursor cell,M,36.0,40.886559306543745
Donor_1030,pericyte,M,36.0,57.85644324519565
Donor_1030,pvalb GABAergic interneuron,M,36.0,42.47963565348241
Donor_1030,sst GABAergic interneuron,M,36.0,35.15801076951359
Donor_1035,L2/3 intratelencephalic projecting glutamatergic neuron,M,81.0,70.6831014909725
Donor_1035,L2/3-6 intratelencephalic projecting glutamatergic neuron,M,81.0,66.04431367389549
Donor_1035,L6 intratelencephalic projecting glutamatergic neuron,M,81.0,66.8884415202219
Donor_1035,VIP GABAergic interneuron,M,81.0,71.30846608857273
Donor_1035,astrocyte,M,81.0,75.15248793020776
Donor_1035,lamp5 GABAergic interneuron,M,81.0,69.64503743450207
Donor_1035,microglial cell,M,81.0,66.38110591818206
Donor_1035,oligodendrocyte,M,81.0,60.56999013135729
Donor_1035,oligodendrocyte precursor cell,M,81.0,74.41569319684322
Donor_1035,pvalb GABAergic interneuron,M,81.0,70.67926062514998
Donor_1037,L2/3 intratelencephalic projecting glutamatergic neuron,M,86.0,65.02326432186484
Donor_1037,L2/3-6 intratelencephalic projecting glutamatergic neuron,M,86.0,69.36134121388002
Donor_1037,astrocyte,M,86.0,63.83049031092844
Donor_1037,microglial cell,M,86.0,67.48107481408476
Donor_1037,oligodendrocyte,M,86.0,58.448652397011095
Donor_1037,oligodendrocyte precursor cell,M,86.0,93.69684830261147
Donor_1045,GABAergic neuron,M,46.0,55.84516912249758
Donor_1045,L2/3 intratelencephalic projecting glutamatergic neuron,M,46.0,52.818209508490355
Donor_1045,L2/3-6 intratelencephalic projecting glutamatergic neuron,M,46.0,48.75327574601291
Donor_1045,VIP GABAergic interneuron,M,46.0,41.05708896251143
Donor_1045,astrocyte,M,46.0,42.31090048272426
Donor_1045,lamp5 GABAergic interneuron,M,46.0,54.11820871346547
Donor_1045,microglial cell,M,46.0,46.36479356902584
Donor_1045,oligodendrocyte,M,46.0,52.2206275834557
Donor_1045,oligodendrocyte precursor cell,M,46.0,52.421571716228044
Donor_1045,pvalb GABAergic interneuron,M,46.0,51.96134945003187
Donor_1045,sst GABAergic interneuron,M,46.0,39.94865704446143
Donor_1059,GABAergic neuron,M,70.0,63.210089810123705
Donor_1059,L2/3 intratelencephalic projecting glutamatergic neuron,M,70.0,65.27862726933569
Donor_1059,L2/3-6 intratelencephalic projecting glutamatergic neuron,M,70.0,67.56458420123573
Donor_1059,L5/6 near-projecting glutamatergic neuron,M,70.0,55.184739575215985
Donor_1059,L6 corticothalamic-projecting glutamatergic cortical neuron,M,70.0,64.07860833599088
Donor_1059,L6 intratelencephalic projecting glutamatergic neuron,M,70.0,65.68893720044193
Donor_1059,L6b glutamatergic neuron of the primary motor cortex,M,70.0,66.67469744894484
Donor_1059,VIP GABAergic interneuron,M,70.0,66.40033750822488
Donor_1059,astrocyte,M,70.0,60.75376317113052
Donor_1059,lamp5 GABAergic interneuron,M,70.0,71.15281149771756
Donor_1059,microglial cell,M,70.0,60.515768064656385
Donor_1059,oligodendrocyte,M,70.0,66.95652589040776
Donor_1059,oligodendrocyte precursor cell,M,70.0,76.55265210350765
Donor_1059,pvalb GABAergic interneuron,M,70.0,64.73536166195835
Donor_1059,sst GABAergic interneuron,M,70.0,62.104039063576685
Donor_106,GABAergic neuron,M,70.0,41.41313553097702
Donor_106,L2/3 intratelencephalic projecting glutamatergic neuron,M,70.0,68.39244032712057
Donor_106,L2/3-6 intratelencephalic projecting glutamatergic neuron,M,70.0,57.14559595513003
Donor_106,VIP GABAergic interneuron,M,70.0,58.63266381600317
Donor_106,astrocyte,M,70.0,70.16986869256672
Donor_106,lamp5 GABAergic interneuron,M,70.0,64.4916411325167
Donor_106,microglial cell,M,70.0,51.98568131575122
Donor_106,oligodendrocyte,M,70.0,71.13042480371512
Donor_106,oligodendrocyte precursor cell,M,70.0,63.235932800917766
Donor_106,pvalb GABAergic interneuron,M,70.0,51.637053141228776
Donor_106,sst GABAergic interneuron,M,70.0,62.03492555317981
Donor_1062,GABAergic neuron,M,70.0,47.37586139500034
Donor_1062,L2/3 intratelencephalic projecting glutamatergic neuron,M,70.0,65.83289446730926
Donor_1062,L2/3-6 intratelencephalic projecting glutamatergic neuron,M,70.0,62.5514213121122
Donor_1062,L6 corticothalamic-projecting glutamatergic cortical neuron,M,70.0,54.81453274972766
Donor_1062,VIP GABAergic interneuron,M,70.0,46.8269538179827
Donor_1062,astrocyte,M,70.0,66.53536631145943
Donor_1062,endothelial cell,M,70.0,45.280580117437616
Donor_1062,lamp5 GABAergic interneuron,M,70.0,41.35599496772157
Donor_1062,microglial cell,M,70.0,38.34598933254561
Donor_1062,oligodendrocyte,M,70.0,52.96796735674433
Donor_1062,oligodendrocyte precursor cell,M,70.0,52.61983867347184
Donor_1062,pericyte,M,70.0,39.580567515726365
Donor_1062,pvalb GABAergic interneuron,M,70.0,48.99674253871258
Donor_1062,sst GABAergic interneuron,M,70.0,50.28360825645294
Donor_1062,vascular leptomeningeal cell,M,70.0,38.41697203089576
Donor_1070,GABAergic neuron,M,62.0,51.429493189982566
Donor_1070,L2/3 intratelencephalic projecting glutamatergic neuron,M,62.0,55.31190406600152
Donor_1070,L2/3-6 intratelencephalic projecting glutamatergic neuron,M,62.0,53.92740021578774
Donor_1070,L6 corticothalamic-projecting glutamatergic cortical neuron,M,62.0,56.49379057939488
Donor_1070,L6 intratelencephalic projecting glutamatergic neuron,M,62.0,57.00747274898262
Donor_1070,VIP GABAergic interneuron,M,62.0,44.39884117160431
Donor_1070,astrocyte,M,62.0,53.1674795630763
Donor_1070,lamp5 GABAergic interneuron,M,62.0,46.27530045910916
Donor_1070,microglial cell,M,62.0,42.53535192047575
Donor_1070,oligodendrocyte,M,62.0,63.461665580363224
Donor_1070,oligodendrocyte precursor cell,M,62.0,53.93951965825783
Donor_1070,pvalb GABAergic interneuron,M,62.0,45.11408283775979
Donor_1070,sst GABAergic interneuron,M,62.0,44.46687251533402
Donor_1076,GABAergic neuron,M,70.0,58.25946217806195
Donor_1076,L2/3 intratelencephalic projecting glutamatergic neuron,M,70.0,61.14407688932015
Donor_1076,VIP GABAergic interneuron,M,70.0,68.4727257208825
Donor_1076,astrocyte,M,70.0,65.53263005431313
Donor_1076,endothelial cell,M,70.0,51.32342602905666
Donor_1076,lamp5 GABAergic interneuron,M,70.0,61.32394037838475
Donor_1076,microglial cell,M,70.0,52.44118747128529
Donor_1076,oligodendrocyte,M,70.0,57.221992154828726
Donor_1076,oligodendrocyte precursor cell,M,70.0,59.45531944742492
Donor_1076,pericyte,M,70.0,52.689034047608025
Donor_1076,pvalb GABAergic interneuron,M,70.0,67.59254771286945
Donor_1087,GABAergic neuron,M,89.0,57.36505120562215
Donor_1087,L2/3 intratelencephalic projecting glutamatergic neuron,M,89.0,75.31145257456588
Donor_1087,L2/3-6 intratelencephalic projecting glutamatergic neuron,M,89.0,74.47239683583595
Donor_1087,L6 corticothalamic-projecting glutamatergic cortical neuron,M,89.0,69.42493274920017
Donor_1087,L6 intratelencephalic projecting glutamatergic neuron,M,89.0,77.1835881331527
Donor_1087,VIP GABAergic interneuron,M,89.0,86.83777203483407
Donor_1087,astrocyte,M,89.0,79.82871576256187
Donor_1087,endothelial cell,M,89.0,61.321525483040645
Donor_1087,lamp5 GABAergic interneuron,M,89.0,69.01246245451343
Donor_1087,microglial cell,M,89.0,79.47002660253872
Donor_1087,oligodendrocyte,M,89.0,66.05875584640788
Donor_1087,oligodendrocyte precursor cell,M,89.0,73.94095079060932
Donor_1087,pvalb GABAergic interneuron,M,89.0,69.05806025877115
Donor_1087,sst GABAergic interneuron,M,89.0,74.1987380259925
Donor_1088,GABAergic neuron,H,48.0,59.24522577021775
Donor_1088,L2/3 intratelencephalic projecting glutamatergic neuron,H,48.0,56.43284288868809
Donor_1088,L2/3-6 intratelencephalic projecting glutamatergic neuron,H,48.0,55.91033797634846
Donor_1088,L5/6 near-projecting glutamatergic neuron,H,48.0,59.357947737277215
Donor_1088,L6 corticothalamic-projecting glutamatergic cortical neuron,H,48.0,57.588893217279725
Donor_1088,L6 intratelencephalic projecting glutamatergic neuron,H,48.0,52.946439163364914
Donor_1088,L6b glutamatergic neuron of the primary motor cortex,H,48.0,56.73154981378036
Donor_1088,VIP GABAergic interneuron,H,48.0,61.880810496118514
Donor_1088,astrocyte,H,48.0,51.68073140957972
Donor_1088,endothelial cell,H,48.0,57.97424708079426
Donor_1088,lamp5 GABAergic interneuron,H,48.0,60.886065945327644
Donor_1088,microglial cell,H,48.0,51.82224400177875
Donor_1088,oligodendrocyte,H,48.0,55.886756954147515
Donor_1088,oligodendrocyte precursor cell,H,48.0,55.76870533433085
Donor_1088,pericyte,H,48.0,63.2409685687931
Donor_1088,pvalb GABAergic interneuron,H,48.0,53.5984622526405
Donor_1088,sst GABAergic interneuron,H,48.0,58.49121671519968
Donor_1088,vascular leptomeningeal cell,H,48.0,71.85134758089653
Donor_1100,GABAergic neuron,H,43.0,55.380316698108736
Donor_1100,L2/3 intratelencephalic projecting glutamatergic neuron,H,43.0,37.63300864592801
Donor_1100,L2/3-6 intratelencephalic projecting glutamatergic neuron,H,43.0,47.32532375931988
Donor_1100,VIP GABAergic interneuron,H,43.0,53.50153833775293
Donor_1100,astrocyte,H,43.0,47.91674275347251
Donor_1100,endothelial cell,H,43.0,45.70868331886772
Donor_1100,lamp5 GABAergic interneuron,H,43.0,46.8439865123051
Donor_1100,microglial cell,H,43.0,49.87180754085743
Donor_1100,oligodendrocyte,H,43.0,52.842787403872734
Donor_1100,oligodendrocyte precursor cell,H,43.0,43.97949916696639
Donor_1100,pericyte,H,43.0,60.61205384409967
Donor_1100,pvalb GABAergic interneuron,H,43.0,47.73509132530943
Donor_1100,sst GABAergic interneuron,H,43.0,45.394620359019385
Donor_1107,GABAergic neuron,M,72.0,47.5088845592521
Donor_1107,L2/3 intratelencephalic projecting glutamatergic neuron,M,72.0,56.54190277088158
Donor_1107,L2/3-6 intratelencephalic projecting glutamatergic neuron,M,72.0,58.83836074237374
Donor_1107,L6 corticothalamic-projecting glutamatergic cortical neuron,M,72.0,52.61988008662126
Donor_1107,L6 intratelencephalic projecting glutamatergic neuron,M,72.0,57.14319160861909
Donor_1107,L6b glutamatergic neuron of the primary motor cortex,M,72.0,53.06785137795505
Donor_1107,VIP GABAergic interneuron,M,72.0,53.80104360522917
Donor_1107,astrocyte,M,72.0,57.05656270886141
Donor_1107,lamp5 GABAergic interneuron,M,72.0,43.98653877031695
Donor_1107,microglial cell,M,72.0,73.11995292332087
Donor_1107,oligodendrocyte,M,72.0,56.67206405166322
Donor_1107,oligodendrocyte precursor cell,M,72.0,60.6889275954637
Donor_1107,pvalb GABAergic interneuron,M,72.0,51.872999491919906
Donor_1107,sst GABAergic interneuron,M,72.0,55.12011771582969
Donor_111,GABAergic neuron,H,56.0,58.49189034865633
Donor_111,L2/3 intratelencephalic projecting glutamatergic neuron,H,56.0,61.92584162208967
Donor_111,L2/3-6 intratelencephalic projecting glutamatergic neuron,H,56.0,64.30586153472917
Donor_111,L5/6 near-projecting glutamatergic neuron,H,56.0,60.63378509126478
Donor_111,L6 corticothalamic-projecting glutamatergic cortical neuron,H,56.0,55.32825502196592
Donor_111,L6 intratelencephalic projecting glutamatergic neuron,H,56.0,52.92849865102436
Donor_111,L6b glutamatergic neuron of the primary motor cortex,H,56.0,54.644990042942915
Donor_111,VIP GABAergic interneuron,H,56.0,60.34646857852543
Donor_111,astrocyte,H,56.0,60.84223459396944
Donor_111,endothelial cell,H,56.0,43.56447171501572
Donor_111,lamp5 GABAergic interneuron,H,56.0,61.83925900948163
Donor_111,microglial cell,H,56.0,58.272872836463755
Donor_111,oligodendrocyte,H,56.0,52.61417161551056
Donor_111,oligodendrocyte precursor cell,H,56.0,57.5525976949712
Donor_111,pericyte,H,56.0,54.90156643075362
Donor_111,perivascular macrophage,H,56.0,57.12363177611404
Donor_111,pvalb GABAergic interneuron,H,56.0,55.7624436866074
Donor_111,smooth muscle cell,H,56.0,
Donor_111,sst GABAergic interneuron,H,56.0,58.48045918600905
Donor_111,vascular leptomeningeal cell,H,56.0,49.83576484285649
Donor_1117,GABAergic neuron,H,40.0,58.38444532005488
Donor_1117,L2/3 intratelencephalic projecting glutamatergic neuron,H,40.0,45.52015494416497
Donor_1117,L2/3-6 intratelencephalic projecting glutamatergic neuron,H,40.0,49.74669269646724
Donor_1117,L5/6 near-projecting glutamatergic neuron,H,40.0,54.27444838369172
Donor_1117,L6 corticothalamic-projecting glutamatergic cortical neuron,H,40.0,47.1476990488503
Donor_1117,L6 intratelencephalic projecting glutamatergic neuron,H,40.0,55.45438593643718
Donor_1117,VIP GABAergic interneuron,H,40.0,59.29024965595566
Donor_1117,astrocyte,H,40.0,40.60916119136647
Donor_1117,endothelial cell,H,40.0,52.894911505554674
Donor_1117,lamp5 GABAergic interneuron,H,40.0,60.0783355145653
Donor_1117,microglial cell,H,40.0,51.80385156175264
Donor_1117,oligodendrocyte,H,40.0,45.96710645453766
Donor_1117,oligodendrocyte precursor cell,H,40.0,48.443482565994444
Donor_1117,pericyte,H,40.0,58.703678969978895
Donor_1117,pvalb GABAergic interneuron,H,40.0,46.876466999040744
Donor_1117,sst GABAergic interneuron,H,40.0,52.416786880432
Donor_1124,GABAergic neuron,M,79.0,63.75139566919887
Donor_1124,L2/3 intratelencephalic projecting glutamatergic neuron,M,79.0,71.26258882975682
Donor_1124,L2/3-6 intratelencephalic projecting glutamatergic neuron,M,79.0,68.39745778970887
Donor_1124,VIP GABAergic interneuron,M,79.0,55.810920043828325
Donor_1124,astrocyte,M,79.0,75.26386028086418
Donor_1124,lamp5 GABAergic interneuron,M,79.0,57.83833199468968
Donor_1124,microglial cell,M,79.0,74.79663235493277
Donor_1124,oligodendrocyte,M,79.0,68.73700907274743
Donor_1124,oligodendrocyte precursor cell,M,79.0,65.3056289179053
Donor_1124,pvalb GABAergic interneuron,M,79.0,60.905057192975576
Donor_1124,sst GABAergic interneuron,M,79.0,51.69865037275915
Donor_1136,GABAergic neuron,H,50.0,65.74978971018793
Donor_1136,L2/3 intratelencephalic projecting glutamatergic neuron,H,50.0,55.861002715072786
Donor_1136,L2/3-6 intratelencephalic projecting glutamatergic neuron,H,50.0,52.58188823453244
Donor_1136,L5/6 near-projecting glutamatergic neuron,H,50.0,56.804077471020555
Donor_1136,L6 corticothalamic-projecting glutamatergic cortical neuron,H,50.0,52.77619098942168
Donor_1136,L6 intratelencephalic projecting glutamatergic neuron,H,50.0,57.33541902802311
Donor_1136,L6b glutamatergic neuron of the primary motor cortex,H,50.0,57.18862481257306
Donor_1136,VIP GABAergic interneuron,H,50.0,53.08036478265584
Donor_1136,astrocyte,H,50.0,50.344595866061326
Donor_1136,endothelial cell,H,50.0,46.56491320551195
Donor_1136,lamp5 GABAergic interneuron,H,50.0,59.309945079677725
Donor_1136,microglial cell,H,50.0,52.39089465707126
Donor_1136,oligodendrocyte,H,50.0,41.01188291359379
Donor_1136,oligodendrocyte precursor cell,H,50.0,50.83077205810045
Donor_1136,pericyte,H,50.0,52.871505419659215
Donor_1136,pvalb GABAergic interneuron,H,50.0,50.606130735758214
Donor_1136,sst GABAergic interneuron,H,50.0,55.11536659086479
Donor_1137,GABAergic neuron,H,61.0,61.10936233857382
Donor_1137,L2/3 intratelencephalic projecting glutamatergic neuron,H,61.0,54.117941138644284
Donor_1137,L2/3-6 intratelencephalic projecting glutamatergic neuron,H,61.0,57.13590616689933
Donor_1137,L5/6 near-projecting glutamatergic neuron,H,61.0,59.36911959759816
Donor_1137,L6 corticothalamic-projecting glutamatergic cortical neuron,H,61.0,54.49326092744954
Donor_1137,L6 intratelencephalic projecting glutamatergic neuron,H,61.0,55.91463348573427
Donor_1137,L6b glutamatergic neuron of the primary motor cortex,H,61.0,54.441616698386355
Donor_1137,VIP GABAergic interneuron,H,61.0,53.59623816083554
Donor_1137,astrocyte,H,61.0,68.2399825898993
Donor_1137,endothelial cell,H,61.0,50.0498270574284
Donor_1137,lamp5 GABAergic interneuron,H,61.0,60.58341573013606
Donor_1137,microglial cell,H,61.0,56.519470440548254
Donor_1137,oligodendrocyte,H,61.0,58.91028680315267
Donor_1137,oligodendrocyte precursor cell,H,61.0,58.24096972174232
Donor_1137,pericyte,H,61.0,50.218108143390346
Donor_1137,pvalb GABAergic interneuron,H,61.0,43.7462156134722
Donor_1137,sst GABAergic interneuron,H,61.0,51.24220444111485
Donor_1137,vascular leptomeningeal cell,H,61.0,59.52857787420983
Donor_1138,GABAergic neuron,M,53.0,68.43357112571624
Donor_1138,L2/3 intratelencephalic projecting glutamatergic neuron,M,53.0,67.29290652841215
Donor_1138,L2/3-6 intratelencephalic projecting glutamatergic neuron,M,53.0,63.37701980823106
Donor_1138,L5/6 near-projecting glutamatergic neuron,M,53.0,55.57167369378013
Donor_1138,L6 corticothalamic-projecting glutamatergic cortical neuron,M,53.0,60.30255147727888
Donor_1138,L6 intratelencephalic projecting glutamatergic neuron,M,53.0,63.19212834541162
Donor_1138,L6b glutamatergic neuron of the primary motor cortex,M,53.0,62.73051558191463
Donor_1138,VIP GABAergic interneuron,M,53.0,65.37354452267829
Donor_1138,astrocyte,M,53.0,69.07755889512067
Donor_1138,endothelial cell,M,53.0,57.2912579423146
Donor_1138,lamp5 GABAergic interneuron,M,53.0,65.82833270415696
Donor_1138,microglial cell,M,53.0,71.88791866116506
Donor_1138,oligodendrocyte,M,53.0,66.72238871396341
Donor_1138,oligodendrocyte precursor cell,M,53.0,80.78393310331927
Donor_1138,pericyte,M,53.0,56.229833914596185
Donor_1138,pvalb GABAergic interneuron,M,53.0,65.97613800576408
Donor_1138,sst GABAergic interneuron,M,53.0,63.463042022987885
Donor_1150,GABAergic neuron,M,40.0,34.63522018872112
Donor_1150,L2/3 intratelencephalic projecting glutamatergic neuron,M,40.0,39.94707233970087
Donor_1150,L2/3-6 intratelencephalic projecting glutamatergic neuron,M,40.0,39.935425874446715
Donor_1150,L6 corticothalamic-projecting glutamatergic cortical neuron,M,40.0,45.94542015231703
Donor_1150,L6 intratelencephalic projecting glutamatergic neuron,M,40.0,45.100034323771595
Donor_1150,VIP GABAergic interneuron,M,40.0,32.837779184525964
Donor_1150,astrocyte,M,40.0,38.33077658466074
Donor_1150,endothelial cell,M,40.0,39.421820628981514
Donor_1150,lamp5 GABAergic interneuron,M,40.0,36.46080406188331
Donor_1150,microglial cell,M,40.0,38.05765940441724
Donor_1150,oligodendrocyte,M,40.0,34.67305398059938
Donor_1150,oligodendrocyte precursor cell,M,40.0,38.64622930450706
Donor_1150,pvalb GABAergic interneuron,M,40.0,37.188851128865664
Donor_1150,sst GABAergic interneuron,M,40.0,38.54129924856191
Donor_1157,GABAergic neuron,H,50.0,58.09515153839408
Donor_1157,L2/3 intratelencephalic projecting glutamatergic neuron,H,50.0,52.59765682370121
Donor_1157,L2/3-6 intratelencephalic projecting glutamatergic neuron,H,50.0,57.49724341144509
Donor_1157,L5/6 near-projecting glutamatergic neuron,H,50.0,55.522631155805904
Donor_1157,L6 corticothalamic-projecting glutamatergic cortical neuron,H,50.0,54.048252094578835
Donor_1157,L6 intratelencephalic projecting glutamatergic neuron,H,50.0,55.04677355674234
Donor_1157,L6b glutamatergic neuron of the primary motor cortex,H,50.0,59.840394372559516
Donor_1157,VIP GABAergic interneuron,H,50.0,52.67918035838785
Donor_1157,astrocyte,H,50.0,55.808433152992784
Donor_1157,endothelial cell,H,50.0,53.1385589282758
Donor_1157,lamp5 GABAergic interneuron,H,50.0,53.218294222341555
Donor_1157,microglial cell,H,50.0,51.939327278579924
Donor_1157,oligodendrocyte,H,50.0,55.55921469953412
Donor_1157,oligodendrocyte precursor cell,H,50.0,48.587983364418776
Donor_1157,pericyte,H,50.0,55.74756706643021
Donor_1157,perivascular macrophage,H,50.0,61.91246096474675
Donor_1157,pvalb GABAergic interneuron,H,50.0,50.74432633447531
Donor_1157,sst GABAergic interneuron,H,50.0,54.95606599732187
Donor_1157,vascular leptomeningeal cell,H,50.0,58.87307469103272
Donor_1166,GABAergic neuron,M,80.0,63.68251339106851
Donor_1166,L2/3 intratelencephalic projecting glutamatergic neuron,M,80.0,67.68486121822477
Donor_1166,L2/3-6 intratelencephalic projecting glutamatergic neuron,M,80.0,67.01565365704532
Donor_1166,L5/6 near-projecting glutamatergic neuron,M,80.0,69.17819113380614
Donor_1166,L6 corticothalamic-projecting glutamatergic cortical neuron,M,80.0,65.96471319359978
Donor_1166,L6 intratelencephalic projecting glutamatergic neuron,M,80.0,68.7344315420451
Donor_1166,VIP GABAergic interneuron,M,80.0,64.5329862359627
Donor_1166,astrocyte,M,80.0,74.44633010178866
Donor_1166,endothelial cell,M,80.0,54.36437997481995
Donor_1166,lamp5 GABAergic interneuron,M,80.0,58.21234002695784
Donor_1166,microglial cell,M,80.0,64.8596473131894
Donor_1166,oligodendrocyte,M,80.0,63.54913822448608
Donor_1166,oligodendrocyte precursor cell,M,80.0,74.61908882564624
Donor_1166,pericyte,M,80.0,52.344227874545176
Donor_1166,pvalb GABAergic interneuron,M,80.0,62.128926699402406
Donor_1166,sst GABAergic interneuron,M,80.0,68.08634618120989
Donor_1174,L2/3 intratelencephalic projecting glutamatergic neuron,H,42.0,50.93426623329229
Donor_1174,L2/3-6 intratelencephalic projecting glutamatergic neuron,H,42.0,52.25009111883517
Donor_1174,L5/6 near-projecting glutamatergic neuron,H,42.0,57.824508804907474
Donor_1174,L6 corticothalamic-projecting glutamatergic cortical neuron,H,42.0,56.28013004079112
Donor_1174,L6 intratelencephalic projecting glutamatergic neuron,H,42.0,54.284825251106675
Donor_1174,L6b glutamatergic neuron of the primary motor cortex,H,42.0,60.41666174646956
Donor_1174,VIP GABAergic interneuron,H,42.0,54.64595274852414
Donor_1174,astrocyte,H,42.0,51.97028476367191
Donor_1174,endothelial cell,H,42.0,66.45634577694605
Donor_1174,lamp5 GABAergic interneuron,H,42.0,53.90382771663842
Donor_1174,microglial cell,H,42.0,65.01022258582749
Donor_1174,oligodendrocyte,H,42.0,61.419151918064415
Donor_1174,oligodendrocyte precursor cell,H,42.0,50.55414344461472
Donor_1174,pericyte,H,42.0,61.26396952174089
Donor_1174,pvalb GABAergic interneuron,H,42.0,55.54263747541452
Donor_1174,sst GABAergic interneuron,H,42.0,63.180583068688264
Donor_1175,GABAergic neuron,M,76.0,59.980592395083185
Donor_1175,L2/3 intratelencephalic projecting glutamatergic neuron,M,76.0,72.31261077191517
Donor_1175,L2/3-6 intratelencephalic projecting glutamatergic neuron,M,76.0,71.71335605825156
Donor_1175,L6 corticothalamic-projecting glutamatergic cortical neuron,M,76.0,65.8746499271548
Donor_1175,L6 intratelencephalic projecting glutamatergic neuron,M,76.0,69.91596711719671
Donor_1175,VIP GABAergic interneuron,M,76.0,62.82754509043678
Donor_1175,astrocyte,M,76.0,79.69565833639547
Donor_1175,lamp5 GABAergic interneuron,M,76.0,62.824223279307205
Donor_1175,microglial cell,M,76.0,66.97305026248554
Donor_1175,oligodendrocyte,M,76.0,63.46020579082091
Donor_1175,oligodendrocyte precursor cell,M,76.0,73.71379192091271
Donor_1175,pvalb GABAergic interneuron,M,76.0,62.16188374126669
Donor_1175,sst GABAergic interneuron,M,76.0,58.80671611737279
Donor_1178,GABAergic neuron,H,53.0,60.218357864945084
Donor_1178,L2/3 intratelencephalic projecting glutamatergic neuron,H,53.0,54.661602574509914
Donor_1178,L2/3-6 intratelencephalic projecting glutamatergic neuron,H,53.0,58.33600601361546
Donor_1178,L5/6 near-projecting glutamatergic neuron,H,53.0,54.138421787581066
Donor_1178,L6 corticothalamic-projecting glutamatergic cortical neuron,H,53.0,56.41683027472587
Donor_1178,L6 intratelencephalic projecting glutamatergic neuron,H,53.0,57.199294935273066
Donor_1178,L6b glutamatergic neuron of the primary motor cortex,H,53.0,58.63264467986167
Donor_1178,VIP GABAergic interneuron,H,53.0,60.693577097038386
Donor_1178,astrocyte,H,53.0,59.98717528756814
Donor_1178,endothelial cell,H,53.0,49.93384642153141
Donor_1178,lamp5 GABAergic interneuron,H,53.0,59.851905051476656
Donor_1178,microglial cell,H,53.0,53.79664410997157
Donor_1178,oligodendrocyte,H,53.0,62.32164663734964
Donor_1178,oligodendrocyte precursor cell,H,53.0,48.4096678850594
Donor_1178,pericyte,H,53.0,56.086804995497
Donor_1178,perivascular macrophage,H,53.0,61.58873536504749
Donor_1178,pvalb GABAergic interneuron,H,53.0,56.84965969225842
Donor_1178,sst GABAergic interneuron,H,53.0,54.7421419058868
Donor_1178,vascular leptomeningeal cell,H,53.0,61.82939892571384
Donor_1181,astrocyte,H,50.0,53.25400595049145
Donor_1181,oligodendrocyte,H,50.0,48.369218993571394
Donor_1181,oligodendrocyte precursor cell,H,50.0,52.71919607266443
Donor_1183,L2/3 intratelencephalic projecting glutamatergic neuron,H,61.0,67.05805505801634
Donor_1183,L2/3-6 intratelencephalic projecting glutamatergic neuron,H,61.0,70.21015181009767
Donor_1183,L6 intratelencephalic projecting glutamatergic neuron,H,61.0,87.48692755593564
Donor_1183,VIP GABAergic interneuron,H,61.0,52.58065679888687
Donor_1183,astrocyte,H,61.0,57.31870720046177
Donor_1183,endothelial cell,H,61.0,62.21449150995358
Donor_1183,oligodendrocyte,H,61.0,62.59917601694063
Donor_1183,oligodendrocyte precursor cell,H,61.0,61.59700663297381
Donor_1183,pericyte,H,61.0,65.51693425512269
Donor_1183,pvalb GABAergic interneuron,H,61.0,73.35502623621859
Donor_1183,sst GABAergic interneuron,H,61.0,55.12891155315667
Donor_1185,GABAergic neuron,H,26.0,50.736958306495936
Donor_1185,L2/3 intratelencephalic projecting glutamatergic neuron,H,26.0,24.211909077705265
Donor_1185,L2/3-6 intratelencephalic projecting glutamatergic neuron,H,26.0,33.52183348457574
Donor_1185,L6b glutamatergic neuron of the primary motor cortex,H,26.0,47.78470695677971
Donor_1185,VIP GABAergic interneuron,H,26.0,51.57640025041261
Donor_1185,astrocyte,H,26.0,34.36143747929434
Donor_1185,endothelial cell,H,26.0,51.757479968415026
Donor_1185,lamp5 GABAergic interneuron,H,26.0,50.23218327410884
Donor_1185,microglial cell,H,26.0,46.88055840157226
Donor_1185,oligodendrocyte,H,26.0,58.98941525503221
Donor_1185,oligodendrocyte precursor cell,H,26.0,42.99776791127835
Donor_1185,pvalb GABAergic interneuron,H,26.0,44.17437664170872
Donor_1185,sst GABAergic interneuron,H,26.0,31.99538306030236
Donor_1187,GABAergic neuron,H,51.0,54.661710144339
Donor_1187,L2/3 intratelencephalic projecting glutamatergic neuron,H,51.0,62.472142835579035
Donor_1187,L2/3-6 intratelencephalic projecting glutamatergic neuron,H,51.0,60.64958952596372
Donor_1187,L5/6 near-projecting glutamatergic neuron,H,51.0,57.44512107025591
Donor_1187,L6 corticothalamic-projecting glutamatergic cortical neuron,H,51.0,54.40567445958641
Donor_1187,VIP GABAergic interneuron,H,51.0,53.50117393750578
Donor_1187,astrocyte,H,51.0,58.3505847055777
Donor_1187,endothelial cell,H,51.0,60.30168645629786
Donor_1187,lamp5 GABAergic interneuron,H,51.0,50.91426970791333
Donor_1187,microglial cell,H,51.0,56.71825024607839
Donor_1187,oligodendrocyte,H,51.0,54.06148562957085
Donor_1187,oligodendrocyte precursor cell,H,51.0,53.41373812059542
Donor_1187,pvalb GABAergic interneuron,H,51.0,62.08356648562663
Donor_1187,sst GABAergic interneuron,H,51.0,68.33415424252462
Donor_119,L2/3 intratelencephalic projecting glutamatergic neuron,H,84.0,84.59542693799342
Donor_119,L2/3-6 intratelencephalic projecting glutamatergic neuron,H,84.0,71.97411288478287
Donor_119,L6 corticothalamic-projecting glutamatergic cortical neuron,H,84.0,70.32409552889673
Donor_119,L6 intratelencephalic projecting glutamatergic neuron,H,84.0,71.73914902827237
Donor_119,VIP GABAergic interneuron,H,84.0,72.6899775498729
Donor_119,astrocyte,H,84.0,64.68094770322095
Donor_119,lamp5 GABAergic interneuron,H,84.0,62.78483106582121
Donor_119,microglial cell,H,84.0,67.44657416680238
Donor_119,oligodendrocyte,H,84.0,55.63318121345061
Donor_119,oligodendrocyte precursor cell,H,84.0,73.00157605854248
Donor_119,pvalb GABAergic interneuron,H,84.0,58.84052163789019
Donor_119,sst GABAergic interneuron,H,84.0,72.54843209735711
Donor_1195,GABAergic neuron,H,65.0,55.35330472254213
Donor_1195,L2/3 intratelencephalic projecting glutamatergic neuron,H,65.0,69.5997216700977
Donor_1195,L2/3-6 intratelencephalic projecting glutamatergic neuron,H,65.0,61.14003570083304
Donor_1195,L5/6 near-projecting glutamatergic neuron,H,65.0,62.343658235875786
Donor_1195,L6 corticothalamic-projecting glutamatergic cortical neuron,H,65.0,71.19690589334265
Donor_1195,L6 intratelencephalic projecting glutamatergic neuron,H,65.0,55.417838112933765
Donor_1195,L6b glutamatergic neuron of the primary motor cortex,H,65.0,57.93886680056919
Donor_1195,VIP GABAergic interneuron,H,65.0,56.46002895351582
Donor_1195,endothelial cell,H,65.0,47.71954026211844
Donor_1195,lamp5 GABAergic interneuron,H,65.0,64.49249092801266
Donor_1195,microglial cell,H,65.0,57.65729887521515
Donor_1195,oligodendrocyte,H,65.0,62.77697386282545
Donor_1195,oligodendrocyte precursor cell,H,65.0,60.95144295946999
Donor_1195,pvalb GABAergic interneuron,H,65.0,59.878248750030394
Donor_1195,sst GABAergic interneuron,H,65.0,65.59519004872733
Donor_1199,GABAergic neuron,M,67.0,32.44195684629673
Donor_1199,L2/3 intratelencephalic projecting glutamatergic neuron,M,67.0,54.15227738780173
Donor_1199,L2/3-6 intratelencephalic projecting glutamatergic neuron,M,67.0,53.16827289129972
Donor_1199,L5/6 near-projecting glutamatergic neuron,M,67.0,44.03737221154727
Donor_1199,L6 corticothalamic-projecting glutamatergic cortical neuron,M,67.0,52.55335518418758
Donor_1199,L6 intratelencephalic projecting glutamatergic neuron,M,67.0,51.53298132540378
Donor_1199,L6b glutamatergic neuron of the primary motor cortex,M,67.0,46.360075163542085
Donor_1199,VIP GABAergic interneuron,M,67.0,35.283815115009375
Donor_1199,astrocyte,M,67.0,55.32430128680979
Donor_1199,endothelial cell,M,67.0,51.783197775478826
Donor_1199,lamp5 GABAergic interneuron,M,67.0,42.11306658512318
Donor_1199,microglial cell,M,67.0,43.92213586583162
Donor_1199,oligodendrocyte,M,67.0,60.487740402017266
Donor_1199,oligodendrocyte precursor cell,M,67.0,45.11024883610672
Donor_1199,pvalb GABAergic interneuron,M,67.0,53.18038279123694
Donor_1199,sst GABAergic interneuron,M,67.0,54.50213221594338
Donor_1200,GABAergic neuron,H,57.0,59.8688320638988
Donor_1200,L2/3 intratelencephalic projecting glutamatergic neuron,H,57.0,50.38432942103406
Donor_1200,L2/3-6 intratelencephalic projecting glutamatergic neuron,H,57.0,52.05409805938102
Donor_1200,L5/6 near-projecting glutamatergic neuron,H,57.0,58.77122867927192
Donor_1200,L6 corticothalamic-projecting glutamatergic cortical neuron,H,57.0,54.574616894652046
Donor_1200,L6 intratelencephalic projecting glutamatergic neuron,H,57.0,47.276095185528256
Donor_1200,L6b glutamatergic neuron of the primary motor cortex,H,57.0,55.73514020567269
Donor_1200,VIP GABAergic interneuron,H,57.0,57.477641838155414
Donor_1200,astrocyte,H,57.0,66.53739498854641
Donor_1200,endothelial cell,H,57.0,48.511130712038366
Donor_1200,lamp5 GABAergic interneuron,H,57.0,54.48375200794282
Donor_1200,microglial cell,H,57.0,55.49711622529167
Donor_1200,oligodendrocyte,H,57.0,48.92773766928917
Donor_1200,oligodendrocyte precursor cell,H,57.0,61.43000694543728
Donor_1200,pericyte,H,57.0,52.950484367215516
Donor_1200,pvalb GABAergic interneuron,H,57.0,53.183136743291186
Donor_1200,sst GABAergic interneuron,H,57.0,53.50442786346592
Donor_1200,vascular leptomeningeal cell,H,57.0,56.496077541855385
Donor_1201,GABAergic neuron,H,41.0,62.74389736842898
Donor_1201,L2/3 intratelencephalic projecting glutamatergic neuron,H,41.0,56.35774050116075
Donor_1201,L2/3-6 intratelencephalic projecting glutamatergic neuron,H,41.0,60.75703772070095
Donor_1201,L5/6 near-projecting glutamatergic neuron,H,41.0,62.99913842193239
Donor_1201,L6 corticothalamic-projecting glutamatergic cortical neuron,H,41.0,53.939458157923546
Donor_1201,L6 intratelencephalic projecting glutamatergic neuron,H,41.0,53.97738206045936
Donor_1201,VIP GABAergic interneuron,H,41.0,56.319418805106714
Donor_1201,astrocyte,H,41.0,50.960692662007176
Donor_1201,endothelial cell,H,41.0,47.14976775650687
Donor_1201,lamp5 GABAergic interneuron,H,41.0,63.315586952664646
Donor_1201,microglial cell,H,41.0,45.42881498673301
Donor_1201,oligodendrocyte,H,41.0,49.80682791290726
Donor_1201,oligodendrocyte precursor cell,H,41.0,43.69327968636974
Donor_1201,pericyte,H,41.0,56.05489884158118
Donor_1201,perivascular macrophage,H,41.0,62.797664070182705
Donor_1201,pvalb GABAergic interneuron,H,41.0,58.65799080168509
Donor_1201,smooth muscle cell,H,41.0,
Donor_1201,sst GABAergic interneuron,H,41.0,51.678538097351485
Donor_1201,vascular leptomeningeal cell,H,41.0,57.29144269178075
Donor_1202,astrocyte,M,72.0,66.95414198490835
Donor_1202,endothelial cell,M,72.0,54.287066932206045
Donor_1202,microglial cell,M,72.0,80.56284575808834
Donor_1202,oligodendrocyte,M,72.0,56.8385133125321
Donor_1202,oligodendrocyte precursor cell,M,72.0,72.67745969269711
Donor_1202,pericyte,M,72.0,57.92064249859573
Donor_1202,vascular leptomeningeal cell,M,72.0,48.6465426192953
Donor_1218,GABAergic neuron,M,80.0,68.86263134045828
Donor_1218,L2/3 intratelencephalic projecting glutamatergic neuron,M,80.0,83.04913371955219
Donor_1218,L2/3-6 intratelencephalic projecting glutamatergic neuron,M,80.0,79.59515017704396
Donor_1218,L5/6 near-projecting glutamatergic neuron,M,80.0,74.61308572451192
Donor_1218,L6 corticothalamic-projecting glutamatergic cortical neuron,M,80.0,88.77441740208408
Donor_1218,L6 intratelencephalic projecting glutamatergic neuron,M,80.0,77.78149460052495
Donor_1218,VIP GABAergic interneuron,M,80.0,77.550615937749
Donor_1218,astrocyte,M,80.0,78.7389538305352
Donor_1218,lamp5 GABAergic interneuron,M,80.0,82.4540147996883
Donor_1218,microglial cell,M,80.0,76.01548598791825
Donor_1218,oligodendrocyte,M,80.0,67.37648532284612
Donor_1218,oligodendrocyte precursor cell,M,80.0,95.78920538590818
Donor_1218,pericyte,M,80.0,60.63042968896356
Donor_1218,pvalb GABAergic interneuron,M,80.0,78.00367008208272
Donor_1218,sst GABAergic interneuron,M,80.0,68.59146906965258
Donor_1230,GABAergic neuron,H,37.0,58.989314046600576
Donor_1230,L2/3 intratelencephalic projecting glutamatergic neuron,H,37.0,46.34500102228214
Donor_1230,L2/3-6 intratelencephalic projecting glutamatergic neuron,H,37.0,46.207546348458976
Donor_1230,L5/6 near-projecting glutamatergic neuron,H,37.0,59.51612021116448
Donor_1230,L6 corticothalamic-projecting glutamatergic cortical neuron,H,37.0,62.5714487787166
Donor_1230,L6 intratelencephalic projecting glutamatergic neuron,H,37.0,55.02661448207706
Donor_1230,L6b glutamatergic neuron of the primary motor cortex,H,37.0,66.68238201622341
Donor_1230,VIP GABAergic interneuron,H,37.0,58.957034167814484
Donor_1230,astrocyte,H,37.0,48.90603617725479
Donor_1230,endothelial cell,H,37.0,50.2282134891237
Donor_1230,lamp5 GABAergic interneuron,H,37.0,56.37955894692415
Donor_1230,microglial cell,H,37.0,51.41467270163868
Donor_1230,oligodendrocyte,H,37.0,48.33861447501754
Donor_1230,oligodendrocyte precursor cell,H,37.0,37.6258923249514
Donor_1230,pericyte,H,37.0,59.13859074446595
Donor_1230,pvalb GABAergic interneuron,H,37.0,53.02485290593047
Donor_1230,sst GABAergic interneuron,H,37.0,54.17736947188552
Donor_1232,GABAergic neuron,M,62.0,44.29850106810548
Donor_1232,L2/3 intratelencephalic projecting glutamatergic neuron,M,62.0,60.92304735849798
Donor_1232,L2/3-6 intratelencephalic projecting glutamatergic neuron,M,62.0,59.623372788228124
Donor_1232,L6 corticothalamic-projecting glutamatergic cortical neuron,M,62.0,55.260596927482496
Donor_1232,L6 intratelencephalic projecting glutamatergic neuron,M,62.0,56.1303345294238
Donor_1232,VIP GABAergic interneuron,M,62.0,40.7420794470954
Donor_1232,astrocyte,M,62.0,60.793691870905334
Donor_1232,endothelial cell,M,62.0,45.03962849164092
Donor_1232,lamp5 GABAergic interneuron,M,62.0,46.57790095999392
Donor_1232,microglial cell,M,62.0,53.43634867523663
Donor_1232,oligodendrocyte,M,62.0,58.97646849871996
Donor_1232,oligodendrocyte precursor cell,M,62.0,52.95683680470846
Donor_1232,pericyte,M,62.0,48.50832543474783
Donor_1232,pvalb GABAergic interneuron,M,62.0,45.2794989458477
Donor_1232,sst GABAergic interneuron,M,62.0,50.18339514299579
Donor_1232,vascular leptomeningeal cell,M,62.0,43.35048302064191
Donor_1240,GABAergic neuron,M,80.0,70.29888537787919
Donor_1240,L2/3 intratelencephalic projecting glutamatergic neuron,M,80.0,80.71956654163593
Donor_1240,L2/3-6 intratelencephalic projecting glutamatergic neuron,M,80.0,68.92106631060395
Donor_1240,L5/6 near-projecting glutamatergic neuron,M,80.0,67.19180233506762
Donor_1240,L6 corticothalamic-projecting glutamatergic cortical neuron,M,80.0,70.23165642609035
Donor_1240,L6 intratelencephalic projecting glutamatergic neuron,M,80.0,73.20062771143748
Donor_1240,L6b glutamatergic neuron of the primary motor cortex,M,80.0,66.54637571822772
Donor_1240,VIP GABAergic interneuron,M,80.0,73.04402387922282
Donor_1240,astrocyte,M,80.0,78.43671812706177
Donor_1240,lamp5 GABAergic interneuron,M,80.0,68.2895255270484
Donor_1240,microglial cell,M,80.0,73.34700146850854
Donor_1240,oligodendrocyte,M,80.0,60.42458610697208
Donor_1240,oligodendrocyte precursor cell,M,80.0,78.75339465722723
Donor_1240,pvalb GABAergic interneuron,M,80.0,64.84895787420004
Donor_1240,sst GABAergic interneuron,M,80.0,67.40821747420044
Donor_1242,GABAergic neuron,H,26.0,47.444671115236396
Donor_1242,L2/3 intratelencephalic projecting glutamatergic neuron,H,26.0,42.44241843291307
Donor_1242,L2/3-6 intratelencephalic projecting glutamatergic neuron,H,26.0,34.016203542913736
Donor_1242,L5/6 near-projecting glutamatergic neuron,H,26.0,49.289783454029276
Donor_1242,L6 corticothalamic-projecting glutamatergic cortical neuron,H,26.0,45.81827201071851
Donor_1242,L6 intratelencephalic projecting glutamatergic neuron,H,26.0,42.2644274269925
Donor_1242,L6b glutamatergic neuron of the primary motor cortex,H,26.0,53.77378966837738
Donor_1242,VIP GABAergic interneuron,H,26.0,52.20013481140619
Donor_1242,astrocyte,H,26.0,45.77822647845028
Donor_1242,endothelial cell,H,26.0,48.015681837759665
Donor_1242,lamp5 GABAergic interneuron,H,26.0,50.8055666265112
Donor_1242,microglial cell,H,26.0,47.9290735135024
Donor_1242,oligodendrocyte,H,26.0,42.54948127627871
Donor_1242,oligodendrocyte precursor cell,H,26.0,39.15851849923065
Donor_1242,pericyte,H,26.0,54.72155264349967
Donor_1242,perivascular macrophage,H,26.0,79.05296379116909
Donor_1242,pvalb GABAergic interneuron,H,26.0,45.98621496695549
Donor_1242,sst GABAergic interneuron,H,26.0,44.41814951398393
Donor_1242,vascular leptomeningeal cell,H,26.0,59.45854344224506
Donor_1244,GABAergic neuron,M,57.0,44.95472594144466
Donor_1244,L2/3 intratelencephalic projecting glutamatergic neuron,M,57.0,57.667070083996904
Donor_1244,L2/3-6 intratelencephalic projecting glutamatergic neuron,M,57.0,52.32100762355853
Donor_1244,L5/6 near-projecting glutamatergic neuron,M,57.0,52.0788901820709
Donor_1244,L6 corticothalamic-projecting glutamatergic cortical neuron,M,57.0,50.644174246169115
Donor_1244,L6 intratelencephalic projecting glutamatergic neuron,M,57.0,59.74745302569963
Donor_1244,L6b glutamatergic neuron of the primary motor cortex,M,57.0,55.14865843671515
Donor_1244,VIP GABAergic interneuron,M,57.0,50.602626511739764
Donor_1244,astrocyte,M,57.0,52.24542122942529
Donor_1244,lamp5 GABAergic interneuron,M,57.0,49.7360231300104
Donor_1244,microglial cell,M,57.0,50.321832480371114
Donor_1244,oligodendrocyte,M,57.0,62.54597148825657
Donor_1244,oligodendrocyte precursor cell,M,57.0,57.00342782329966
Donor_1244,pvalb GABAergic interneuron,M,57.0,46.85732940124342
Donor_1244,sst GABAergic interneuron,M,57.0,51.232540242466214
Donor_1255,L2/3 intratelencephalic projecting glutamatergic neuron,M,84.0,82.31316089952404
Donor_1255,L2/3-6 intratelencephalic projecting glutamatergic neuron,M,84.0,75.2093203588066
Donor_1255,L5/6 near-projecting glutamatergic neuron,M,84.0,72.29481008619273
Donor_1255,L6 corticothalamic-projecting glutamatergic cortical neuron,M,84.0,66.03556452383705
Donor_1255,L6 intratelencephalic projecting glutamatergic neuron,M,84.0,74.4015652273943
Donor_1255,L6b glutamatergic neuron of the primary motor cortex,M,84.0,76.31620337882902
Donor_1255,VIP GABAergic interneuron,M,84.0,84.59663148098375
Donor_1255,astrocyte,M,84.0,75.11327116543214
Donor_1255,endothelial cell,M,84.0,52.14617539227853
Donor_1255,lamp5 GABAergic interneuron,M,84.0,76.15342625946828
Donor_1255,microglial cell,M,84.0,83.24314406898097
Donor_1255,oligodendrocyte,M,84.0,70.10226980253253
Donor_1255,oligodendrocyte precursor cell,M,84.0,81.0042657616668
Donor_1255,pericyte,M,84.0,55.887535454829745
Donor_1255,pvalb GABAergic interneuron,M,84.0,82.26840148335694
Donor_1255,sst GABAergic interneuron,M,84.0,73.54828471352013
Donor_1255,vascular leptomeningeal cell,M,84.0,62.09723108621264
Donor_1274,L2/3 intratelencephalic projecting glutamatergic neuron,M,88.0,80.1749775999213
Donor_1274,astrocyte,M,88.0,73.93406033407115
Donor_1274,microglial cell,M,88.0,61.34512696823708
Donor_1274,oligodendrocyte,M,88.0,57.476343186370165
Donor_1274,oligodendrocyte precursor cell,M,88.0,77.74815315647737
Donor_1274,vascular leptomeningeal cell,M,88.0,49.90158840717969
Donor_1285,GABAergic neuron,M,42.0,46.840323838423636
Donor_1285,L2/3 intratelencephalic projecting glutamatergic neuron,M,42.0,44.44155219794619
Donor_1285,L2/3-6 intratelencephalic projecting glutamatergic neuron,M,42.0,46.95244589936602
Donor_1285,VIP GABAergic interneuron,M,42.0,41.65907150089612
Donor_1285,astrocyte,M,42.0,46.72655310648065
Donor_1285,lamp5 GABAergic interneuron,M,42.0,48.712984403222414
Donor_1285,microglial cell,M,42.0,36.74891723744715
Donor_1285,oligodendrocyte,M,42.0,35.19693186079699
Donor_1285,oligodendrocyte precursor cell,M,42.0,39.35568622556198
Donor_1285,pericyte,M,42.0,54.84257058658183
Donor_1285,pvalb GABAergic interneuron,M,42.0,39.964932557606055
Donor_1285,sst GABAergic interneuron,M,42.0,39.96953144741906
Donor_1288,GABAergic neuron,M,41.0,43.24088519387738
Donor_1288,L2/3 intratelencephalic projecting glutamatergic neuron,M,41.0,46.987584227704204
Donor_1288,L2/3-6 intratelencephalic projecting glutamatergic neuron,M,41.0,44.16788358132704
Donor_1288,L5/6 near-projecting glutamatergic neuron,M,41.0,54.70513566238041
Donor_1288,L6 corticothalamic-projecting glutamatergic cortical neuron,M,41.0,49.603750763726964
Donor_1288,L6 intratelencephalic projecting glutamatergic neuron,M,41.0,57.33989214743163
Donor_1288,L6b glutamatergic neuron of the primary motor cortex,M,41.0,41.458952633328494
Donor_1288,VIP GABAergic interneuron,M,41.0,46.08719381297314
Donor_1288,astrocyte,M,41.0,48.76021574316951
Donor_1288,endothelial cell,M,41.0,44.11721074631408
Donor_1288,lamp5 GABAergic interneuron,M,41.0,43.55551840270805
Donor_1288,microglial cell,M,41.0,34.45486134031493
Donor_1288,oligodendrocyte,M,41.0,43.36687919811456
Donor_1288,oligodendrocyte precursor cell,M,41.0,44.29658532082214
Donor_1288,pericyte,M,41.0,42.991678977339205
Donor_1288,pvalb GABAergic interneuron,M,41.0,40.67710808719914
Donor_1288,sst GABAergic interneuron,M,41.0,43.92061084320467
Donor_1288,vascular leptomeningeal cell,M,41.0,41.11416700233574
Donor_1293,GABAergic neuron,H,36.0,54.08117372078054
Donor_1293,L2/3 intratelencephalic projecting glutamatergic neuron,H,36.0,42.27059824719992
Donor_1293,L2/3-6 intratelencephalic projecting glutamatergic neuron,H,36.0,43.88718886457735
Donor_1293,L5/6 near-projecting glutamatergic neuron,H,36.0,53.58965589104155
Donor_1293,L6 corticothalamic-projecting glutamatergic cortical neuron,H,36.0,50.91272800746755
Donor_1293,L6 intratelencephalic projecting glutamatergic neuron,H,36.0,48.95933864355623
Donor_1293,L6b glutamatergic neuron of the primary motor cortex,H,36.0,52.28481278754171
Donor_1293,VIP GABAergic interneuron,H,36.0,52.23457234745476
Donor_1293,astrocyte,H,36.0,54.54780966762627
Donor_1293,endothelial cell,H,36.0,50.764419478453675
Donor_1293,lamp5 GABAergic interneuron,H,36.0,51.350304266620206
Donor_1293,microglial cell,H,36.0,56.436536135177576
Donor_1293,oligodendrocyte,H,36.0,54.94771884161668
Donor_1293,oligodendrocyte precursor cell,H,36.0,49.20415504674613
Donor_1293,pericyte,H,36.0,54.310510388421406
Donor_1293,pvalb GABAergic interneuron,H,36.0,49.23450781343838
Donor_1293,sst GABAergic interneuron,H,36.0,45.01682436703996
Donor_1293,vascular leptomeningeal cell,H,36.0,51.48289321833041
Donor_1297,GABAergic neuron,M,59.0,66.22841035440541
Donor_1297,L2/3 intratelencephalic projecting glutamatergic neuron,M,59.0,59.57726695750894
Donor_1297,L2/3-6 intratelencephalic projecting glutamatergic neuron,M,59.0,61.57603878389847
Donor_1297,VIP GABAergic interneuron,M,59.0,48.50551247786979
Donor_1297,astrocyte,M,59.0,62.50680352837472
Donor_1297,lamp5 GABAergic interneuron,M,59.0,54.61579993620625
Donor_1297,microglial cell,M,59.0,53.630350792133505
Donor_1297,oligodendrocyte,M,59.0,52.55288291133644
Donor_1297,oligodendrocyte precursor cell,M,59.0,64.52652754075888
Donor_1297,pvalb GABAergic interneuron,M,59.0,55.00172143604965
Donor_1297,sst GABAergic interneuron,M,59.0,52.72735555651668
Donor_1297,vascular leptomeningeal cell,M,59.0,58.01621233956509
Donor_1299,GABAergic neuron,H,54.0,63.58218410490443
Donor_1299,L2/3 intratelencephalic projecting glutamatergic neuron,H,54.0,62.36612487121534
Donor_1299,L2/3-6 intratelencephalic projecting glutamatergic neuron,H,54.0,62.18718980160728
Donor_1299,L5/6 near-projecting glutamatergic neuron,H,54.0,60.31353794680562
Donor_1299,L6 corticothalamic-projecting glutamatergic cortical neuron,H,54.0,63.48275660034931
Donor_1299,L6 intratelencephalic projecting glutamatergic neuron,H,54.0,68.11616238054638
Donor_1299,L6b glutamatergic neuron of the primary motor cortex,H,54.0,54.81216852563656
Donor_1299,VIP GABAergic interneuron,H,54.0,67.90995614832381
Donor_1299,astrocyte,H,54.0,58.89731391648134
Donor_1299,endothelial cell,H,54.0,68.5248575008004
Donor_1299,lamp5 GABAergic interneuron,H,54.0,58.86886491391925
Donor_1299,microglial cell,H,54.0,61.048242996061376
Donor_1299,oligodendrocyte,H,54.0,54.458410709344854
Donor_1299,oligodendrocyte precursor cell,H,54.0,54.05885012953854
Donor_1299,pvalb GABAergic interneuron,H,54.0,54.43198646817175
Donor_1299,sst GABAergic interneuron,H,54.0,60.512640878387046
Donor_1302,L2/3 intratelencephalic projecting glutamatergic neuron,M,66.0,58.24019165146333
Donor_1302,L2/3-6 intratelencephalic projecting glutamatergic neuron,M,66.0,51.47791407759004
Donor_1302,VIP GABAergic interneuron,M,66.0,54.74143772649117
Donor_1302,astrocyte,M,66.0,60.925339531264356
Donor_1302,endothelial cell,M,66.0,45.363422534523124
Donor_1302,lamp5 GABAergic interneuron,M,66.0,70.9594822715875
Donor_1302,microglial cell,M,66.0,81.0236900127363
Donor_1302,oligodendrocyte,M,66.0,60.790325379168024
Donor_1302,oligodendrocyte precursor cell,M,66.0,61.31449933316596
Donor_1302,pericyte,M,66.0,39.062521619494035
Donor_1302,pvalb GABAergic interneuron,M,66.0,64.9199346502787
Donor_1302,sst GABAergic interneuron,M,66.0,64.5013539084109
Donor_1305,GABAergic neuron,H,46.0,52.02074423876896
Donor_1305,L2/3 intratelencephalic projecting glutamatergic neuron,H,46.0,51.46751407503938
Donor_1305,L2/3-6 intratelencephalic projecting glutamatergic neuron,H,46.0,52.036788095706015
Donor_1305,L5/6 near-projecting glutamatergic neuron,H,46.0,58.00579559061025
Donor_1305,L6 corticothalamic-projecting glutamatergic cortical neuron,H,46.0,51.508817241527055
Donor_1305,L6 intratelencephalic projecting glutamatergic neuron,H,46.0,51.51499539456207
Donor_1305,L6b glutamatergic neuron of the primary motor cortex,H,46.0,50.55767674981581
Donor_1305,VIP GABAergic interneuron,H,46.0,53.85642414548418
Donor_1305,astrocyte,H,46.0,48.170032093791235
Donor_1305,endothelial cell,H,46.0,51.795989689511686
Donor_1305,lamp5 GABAergic interneuron,H,46.0,50.08245451344235
Donor_1305,microglial cell,H,46.0,51.90987237380915
Donor_1305,oligodendrocyte,H,46.0,42.93749274522394
Donor_1305,oligodendrocyte precursor cell,H,46.0,49.67287443569179
Donor_1305,pericyte,H,46.0,57.108566130773184
Donor_1305,pvalb GABAergic interneuron,H,46.0,58.61513292737057
Donor_1305,smooth muscle cell,H,46.0,
Donor_1305,sst GABAergic interneuron,H,46.0,48.8063658948363
Donor_1305,vascular leptomeningeal cell,H,46.0,57.2696207449786
Donor_1310,GABAergic neuron,H,22.0,52.13883008720171
Donor_1310,L2/3 intratelencephalic projecting glutamatergic neuron,H,22.0,34.332140153543634
Donor_1310,L2/3-6 intratelencephalic projecting glutamatergic neuron,H,22.0,31.36626112373017
Donor_1310,L5/6 near-projecting glutamatergic neuron,H,22.0,48.17270965577043
Donor_1310,VIP GABAergic interneuron,H,22.0,47.85539332514372
Donor_1310,astrocyte,H,22.0,49.70952413554568
Donor_1310,endothelial cell,H,22.0,43.979513517089536
Donor_1310,lamp5 GABAergic interneuron,H,22.0,60.688819293487775
Donor_1310,microglial cell,H,22.0,46.33774010064268
Donor_1310,oligodendrocyte,H,22.0,35.77010476513733
Donor_1310,oligodendrocyte precursor cell,H,22.0,29.87230373679013
Donor_1310,pericyte,H,22.0,52.29116622662902
Donor_1310,perivascular macrophage,H,22.0,57.71748695971521
Donor_1310,pvalb GABAergic interneuron,H,22.0,51.3111853570845
Donor_1310,sst GABAergic interneuron,H,22.0,34.216422010425944
Donor_1313,L2/3 intratelencephalic projecting glutamatergic neuron,H,36.0,50.59900111464121
Donor_1313,L2/3-6 intratelencephalic projecting glutamatergic neuron,H,36.0,44.326117965675806
Donor_1313,L5/6 near-projecting glutamatergic neuron,H,36.0,53.85286607047851
Donor_1313,L6 corticothalamic-projecting glutamatergic cortical neuron,H,36.0,47.931013724107856
Donor_1313,L6 intratelencephalic projecting glutamatergic neuron,H,36.0,45.21978853425753
Donor_1313,L6b glutamatergic neuron of the primary motor cortex,H,36.0,49.21866712578823
Donor_1313,VIP GABAergic interneuron,H,36.0,50.51839487119103
Donor_1313,astrocyte,H,36.0,37.44422444495159
Donor_1313,endothelial cell,H,36.0,45.89872349126588
Donor_1313,lamp5 GABAergic interneuron,H,36.0,53.9252854187771
Donor_1313,microglial cell,H,36.0,50.258852014340135
Donor_1313,oligodendrocyte,H,36.0,55.955461419793416
Donor_1313,oligodendrocyte precursor cell,H,36.0,54.084341715596295
Donor_1313,pericyte,H,36.0,57.19368389167487
Donor_1313,pvalb GABAergic interneuron,H,36.0,42.46248229271744
Donor_1313,sst GABAergic interneuron,H,36.0,54.213754664333756
Donor_1317,GABAergic neuron,H,34.0,55.83010789872209
Donor_1317,L2/3 intratelencephalic projecting glutamatergic neuron,H,34.0,39.386937534881596
Donor_1317,L2/3-6 intratelencephalic projecting glutamatergic neuron,H,34.0,47.42554616265933
Donor_1317,L5/6 near-projecting glutamatergic neuron,H,34.0,54.88800981729286
Donor_1317,L6 corticothalamic-projecting glutamatergic cortical neuron,H,34.0,47.20150409176092
Donor_1317,L6 intratelencephalic projecting glutamatergic neuron,H,34.0,50.655554832334616
Donor_1317,L6b glutamatergic neuron of the primary motor cortex,H,34.0,52.541093179991655
Donor_1317,VIP GABAergic interneuron,H,34.0,45.97999749843562
Donor_1317,astrocyte,H,34.0,43.14929726655617
Donor_1317,endothelial cell,H,34.0,52.562959179228
Donor_1317,lamp5 GABAergic interneuron,H,34.0,60.14458078316872
Donor_1317,microglial cell,H,34.0,39.161202015680956
Donor_1317,oligodendrocyte,H,34.0,46.94891006347895
Donor_1317,oligodendrocyte precursor cell,H,34.0,48.20458027566821
Donor_1317,pericyte,H,34.0,60.36779617359505
Donor_1317,pvalb GABAergic interneuron,H,34.0,47.43655727466861
Donor_1317,sst GABAergic interneuron,H,34.0,52.43884184596945
Donor_1329,L2/3 intratelencephalic projecting glutamatergic neuron,M,43.0,42.752231033215885
Donor_1329,L2/3-6 intratelencephalic projecting glutamatergic neuron,M,43.0,42.47431784599031
Donor_1329,VIP GABAergic interneuron,M,43.0,36.863886155092146
Donor_1329,astrocyte,M,43.0,43.117095942552545
Donor_1329,lamp5 GABAergic interneuron,M,43.0,40.44778846288406
Donor_1329,microglial cell,M,43.0,43.570538896880706
Donor_1329,oligodendrocyte,M,43.0,50.10689082289631
Donor_1329,oligodendrocyte precursor cell,M,43.0,39.09780800175651
Donor_1329,pvalb GABAergic interneuron,M,43.0,32.40474912117051
Donor_1329,sst GABAergic interneuron,M,43.0,51.307425982181016
Donor_1336,L2/3 intratelencephalic projecting glutamatergic neuron,M,20.0,37.06105991194156
Donor_1336,L2/3-6 intratelencephalic projecting glutamatergic neuron,M,20.0,40.22581875500757
Donor_1336,L5/6 near-projecting glutamatergic neuron,M,20.0,50.47145044799528
Donor_1336,L6 corticothalamic-projecting glutamatergic cortical neuron,M,20.0,51.063056060801564
Donor_1336,L6 intratelencephalic projecting glutamatergic neuron,M,20.0,48.40607996027932
Donor_1336,L6b glutamatergic neuron of the primary motor cortex,M,20.0,46.415576211087235
Donor_1336,VIP GABAergic interneuron,M,20.0,61.76395493491772
Donor_1336,astrocyte,M,20.0,34.318717090221675
Donor_1336,lamp5 GABAergic interneuron,M,20.0,64.53337963911049
Donor_1336,oligodendrocyte,M,20.0,29.049308680845787
Donor_1336,oligodendrocyte precursor cell,M,20.0,45.83406911023305
Donor_1336,pvalb GABAergic interneuron,M,20.0,43.87984201352165
Donor_1337,GABAergic neuron,H,40.0,53.59103702400964
Donor_1337,L2/3 intratelencephalic projecting glutamatergic neuron,H,40.0,44.324064803343475
Donor_1337,L2/3-6 intratelencephalic projecting glutamatergic neuron,H,40.0,52.89330970639621
Donor_1337,L5/6 near-projecting glutamatergic neuron,H,40.0,56.385612801439194
Donor_1337,L6 corticothalamic-projecting glutamatergic cortical neuron,H,40.0,53.49299481159735
Donor_1337,L6 intratelencephalic projecting glutamatergic neuron,H,40.0,52.196336961367265
Donor_1337,L6b glutamatergic neuron of the primary motor cortex,H,40.0,56.24191345889558
Donor_1337,VIP GABAergic interneuron,H,40.0,50.86328785878711
Donor_1337,astrocyte,H,40.0,51.15456491892403
Donor_1337,endothelial cell,H,40.0,50.54364665489072
Donor_1337,lamp5 GABAergic interneuron,H,40.0,55.13458187074235
Donor_1337,microglial cell,H,40.0,52.53951897367155
Donor_1337,oligodendrocyte,H,40.0,60.28498824226219
Donor_1337,oligodendrocyte precursor cell,H,40.0,46.06319791724316
Donor_1337,pericyte,H,40.0,56.91950780252267
Donor_1337,perivascular macrophage,H,40.0,59.154563168510506
Donor_1337,pvalb GABAergic interneuron,H,40.0,49.527927649663916
Donor_1337,sst GABAergic interneuron,H,40.0,49.820189389622435
Donor_1337,vascular leptomeningeal cell,H,40.0,60.78155743459084
Donor_1340,GABAergic neuron,H,31.0,63.98993033687218
Donor_1340,L2/3 intratelencephalic projecting glutamatergic neuron,H,31.0,43.871742925627856
Donor_1340,L2/3-6 intratelencephalic projecting glutamatergic neuron,H,31.0,50.49335224465276
Donor_1340,L5/6 near-projecting glutamatergic neuron,H,31.0,54.40628834039191
Donor_1340,L6 corticothalamic-projecting glutamatergic cortical neuron,H,31.0,59.404426460315086
Donor_1340,L6 intratelencephalic projecting glutamatergic neuron,H,31.0,52.95229649199689
Donor_1340,L6b glutamatergic neuron of the primary motor cortex,H,31.0,55.61253030610783
Donor_1340,VIP GABAergic interneuron,H,31.0,55.50189221829056
Donor_1340,astrocyte,H,31.0,30.468152605878124
Donor_1340,endothelial cell,H,31.0,44.892914806303494
Donor_1340,lamp5 GABAergic interneuron,H,31.0,58.6651884720971
Donor_1340,microglial cell,H,31.0,44.4304966764127
Donor_1340,oligodendrocyte,H,31.0,45.252598387979376
Donor_1340,oligodendrocyte precursor cell,H,31.0,57.59545710603112
Donor_1340,pericyte,H,31.0,55.68534110480833
Donor_1340,pvalb GABAergic interneuron,H,31.0,56.313984296227076
Donor_1340,sst GABAergic interneuron,H,31.0,55.04207765912466
Donor_1340,vascular leptomeningeal cell,H,31.0,58.20336856159158
Donor_1343,GABAergic neuron,H,37.0,60.26801228411073
Donor_1343,L2/3 intratelencephalic projecting glutamatergic neuron,H,37.0,44.69671696547266
Donor_1343,L2/3-6 intratelencephalic projecting glutamatergic neuron,H,37.0,48.43319581110862
Donor_1343,L5/6 near-projecting glutamatergic neuron,H,37.0,61.74807950997791
Donor_1343,L6 intratelencephalic projecting glutamatergic neuron,H,37.0,55.08728324869977
Donor_1343,VIP GABAergic interneuron,H,37.0,48.10496397665814
Donor_1343,astrocyte,H,37.0,61.74340651588694
Donor_1343,endothelial cell,H,37.0,48.85721797979693
Donor_1343,lamp5 GABAergic interneuron,H,37.0,55.25036937581903
Donor_1343,microglial cell,H,37.0,59.851151827954844
Donor_1343,oligodendrocyte,H,37.0,40.073837386732954
Donor_1343,oligodendrocyte precursor cell,H,37.0,50.2237089045986
Donor_1343,pericyte,H,37.0,55.31840915216045
Donor_1343,perivascular macrophage,H,37.0,61.633655202847066
Donor_1343,pvalb GABAergic interneuron,H,37.0,53.45168019722331
Donor_1343,smooth muscle cell,H,37.0,
Donor_1343,sst GABAergic interneuron,H,37.0,56.7041561052954
Donor_1343,vascular leptomeningeal cell,H,37.0,57.32185161092321
Donor_1348,GABAergic neuron,M,80.0,70.94342778977183
Donor_1348,L2/3 intratelencephalic projecting glutamatergic neuron,M,80.0,71.96877802924848
Donor_1348,L2/3-6 intratelencephalic projecting glutamatergic neuron,M,80.0,67.32706308141283
Donor_1348,L5/6 near-projecting glutamatergic neuron,M,80.0,70.07411863501409
Donor_1348,L6 corticothalamic-projecting glutamatergic cortical neuron,M,80.0,67.26455503845412
Donor_1348,L6 intratelencephalic projecting glutamatergic neuron,M,80.0,69.89545591163613
Donor_1348,VIP GABAergic interneuron,M,80.0,70.36325985760722
Donor_1348,astrocyte,M,80.0,77.39025681068046
Donor_1348,endothelial cell,M,80.0,56.55504656755143
Donor_1348,lamp5 GABAergic interneuron,M,80.0,70.58720052849834
Donor_1348,microglial cell,M,80.0,60.79332632883631
Donor_1348,oligodendrocyte,M,80.0,75.6534031110408
Donor_1348,oligodendrocyte precursor cell,M,80.0,77.82769858645474
Donor_1348,pvalb GABAergic interneuron,M,80.0,60.61401008428349
Donor_1348,sst GABAergic interneuron,M,80.0,70.23940207694866
Donor_1348,vascular leptomeningeal cell,M,80.0,70.02923256600457
Donor_1351,astrocyte,M,64.0,60.5904392852549
Donor_1351,oligodendrocyte precursor cell,M,64.0,58.88955334259116
Donor_1355,GABAergic neuron,H,22.0,48.63628026169354
Donor_1355,L2/3 intratelencephalic projecting glutamatergic neuron,H,22.0,21.894291298073348
Donor_1355,L2/3-6 intratelencephalic projecting glutamatergic neuron,H,22.0,32.0215764850297
Donor_1355,VIP GABAergic interneuron,H,22.0,39.10851217269529
Donor_1355,astrocyte,H,22.0,30.995468309586713
Donor_1355,endothelial cell,H,22.0,58.60557948541969
Donor_1355,lamp5 GABAergic interneuron,H,22.0,45.93292725816387
Donor_1355,microglial cell,H,22.0,53.89327168159613
Donor_1355,oligodendrocyte,H,22.0,30.867462078728447
Donor_1355,oligodendrocyte precursor cell,H,22.0,31.085982898324406
Donor_1355,pericyte,H,22.0,47.06297169322829
Donor_1355,perivascular macrophage,H,22.0,64.061590845865
Donor_1355,pvalb GABAergic interneuron,H,22.0,41.434467714197524
Donor_1355,sst GABAergic interneuron,H,22.0,36.34575458947742
Donor_1355,vascular leptomeningeal cell,H,22.0,67.72204623772866
Donor_1359,GABAergic neuron,H,45.0,66.8637714114877
Donor_1359,L6 corticothalamic-projecting glutamatergic cortical neuron,H,45.0,92.04094128926735
Donor_1359,astrocyte,H,45.0,78.02023786909275
Donor_1359,endothelial cell,H,45.0,56.744561755689055
Donor_1359,microglial cell,H,45.0,75.07402320517056
Donor_1359,oligodendrocyte,H,45.0,49.027337198603085
Donor_1359,oligodendrocyte precursor cell,H,45.0,65.20280242930225
Donor_1359,pericyte,H,45.0,56.00544779669609
Donor_1359,smooth muscle cell,H,45.0,
Donor_1359,sst GABAergic interneuron,H,45.0,65.76563527239155
Donor_1359,vascular leptomeningeal cell,H,45.0,51.445057577098666
Donor_1360,L2/3 intratelencephalic projecting glutamatergic neuron,H,41.0,57.41426363929171
Donor_1360,L2/3-6 intratelencephalic projecting glutamatergic neuron,H,41.0,55.43920946159522
Donor_1360,L5/6 near-projecting glutamatergic neuron,H,41.0,54.90604779603593
Donor_1360,L6 corticothalamic-projecting glutamatergic cortical neuron,H,41.0,55.757703201306526
Donor_1360,L6 intratelencephalic projecting glutamatergic neuron,H,41.0,49.36827395716361
Donor_1360,L6b glutamatergic neuron of the primary motor cortex,H,41.0,58.789003315882354
Donor_1360,VIP GABAergic interneuron,H,41.0,64.97268170392626
Donor_1360,astrocyte,H,41.0,47.852838276383935
Donor_1360,endothelial cell,H,41.0,53.40536740782648
Donor_1360,lamp5 GABAergic interneuron,H,41.0,63.99379848526119
Donor_1360,microglial cell,H,41.0,53.07552226269148
Donor_1360,oligodendrocyte,H,41.0,53.8567407578114
Donor_1360,oligodendrocyte precursor cell,H,41.0,49.64486251086187
Donor_1360,pericyte,H,41.0,58.52056154628545
Donor_1360,pvalb GABAergic interneuron,H,41.0,56.18870127584309
Donor_1360,sst GABAergic interneuron,H,41.0,57.553842134134435
Donor_1360,vascular leptomeningeal cell,H,41.0,61.740786006225854
Donor_1364,GABAergic neuron,H,24.0,53.50113450855683
Donor_1364,L2/3 intratelencephalic projecting glutamatergic neuron,H,24.0,29.586442961953402
Donor_1364,L2/3-6 intratelencephalic projecting glutamatergic neuron,H,24.0,34.68011266515588
Donor_1364,L5/6 near-projecting glutamatergic neuron,H,24.0,56.10021143954911
Donor_1364,L6 corticothalamic-projecting glutamatergic cortical neuron,H,24.0,40.730007255590635
Donor_1364,L6 intratelencephalic projecting glutamatergic neuron,H,24.0,44.55332384026829
Donor_1364,L6b glutamatergic neuron of the primary motor cortex,H,24.0,50.68667365887628
Donor_1364,VIP GABAergic interneuron,H,24.0,49.31969882761609
Donor_1364,astrocyte,H,24.0,42.8742447057253
Donor_1364,endothelial cell,H,24.0,42.99576267351443
Donor_1364,lamp5 GABAergic interneuron,H,24.0,50.22664644119001
Donor_1364,microglial cell,H,24.0,49.28555516816725
Donor_1364,oligodendrocyte,H,24.0,37.2588634543509
Donor_1364,oligodendrocyte precursor cell,H,24.0,35.26120659012681
Donor_1364,pericyte,H,24.0,55.558817025891486
Donor_1364,pvalb GABAergic interneuron,H,24.0,42.94316827296402
Donor_1364,smooth muscle cell,H,24.0,
Donor_1364,sst GABAergic interneuron,H,24.0,39.71173940642032
Donor_1364,vascular leptomeningeal cell,H,24.0,49.15589041352959
Donor_1368,GABAergic neuron,M,48.0,54.59816641698608
Donor_1368,L2/3 intratelencephalic projecting glutamatergic neuron,M,48.0,49.21815135775013
Donor_1368,L2/3-6 intratelencephalic projecting glutamatergic neuron,M,48.0,49.80296696164362
Donor_1368,L5/6 near-projecting glutamatergic neuron,M,48.0,63.56735142530338
Donor_1368,L6 corticothalamic-projecting glutamatergic cortical neuron,M,48.0,57.5882487491143
Donor_1368,L6 intratelencephalic projecting glutamatergic neuron,M,48.0,56.30619830560771
Donor_1368,L6b glutamatergic neuron of the primary motor cortex,M,48.0,60.544171289376834
Donor_1368,VIP GABAergic interneuron,M,48.0,58.783537205773
Donor_1368,astrocyte,M,48.0,52.021606400500055
Donor_1368,endothelial cell,M,48.0,39.33299376250451
Donor_1368,lamp5 GABAergic interneuron,M,48.0,56.82543733933157
Donor_1368,microglial cell,M,48.0,48.95127177690868
Donor_1368,oligodendrocyte,M,48.0,40.113253830350025
Donor_1368,oligodendrocyte precursor cell,M,48.0,59.7316936240813
Donor_1368,pvalb GABAergic interneuron,M,48.0,48.71334737534745
Donor_1368,sst GABAergic interneuron,M,48.0,65.96762338421868
Donor_1371,GABAergic neuron,M,85.0,49.25610155558196
Donor_1371,L2/3 intratelencephalic projecting glutamatergic neuron,M,85.0,61.41962255018608
Donor_1371,L2/3-6 intratelencephalic projecting glutamatergic neuron,M,85.0,60.17377958362462
Donor_1371,L5/6 near-projecting glutamatergic neuron,M,85.0,48.596879711315346
Donor_1371,L6 corticothalamic-projecting glutamatergic cortical neuron,M,85.0,56.920511150396536
Donor_1371,L6 intratelencephalic projecting glutamatergic neuron,M,85.0,62.26549742462126
Donor_1371,L6b glutamatergic neuron of the primary motor cortex,M,85.0,53.426216797685505
Donor_1371,VIP GABAergic interneuron,M,85.0,55.280703929820135
Donor_1371,astrocyte,M,85.0,60.068449395374124
Donor_1371,endothelial cell,M,85.0,51.604295504886295
Donor_1371,lamp5 GABAergic interneuron,M,85.0,53.8571492974874
Donor_1371,microglial cell,M,85.0,51.70915799268437
Donor_1371,oligodendrocyte,M,85.0,57.27281545085226
Donor_1371,oligodendrocyte precursor cell,M,85.0,57.53150949367112
Donor_1371,perivascular macrophage,M,85.0,38.39118125781098
Donor_1371,pvalb GABAergic interneuron,M,85.0,50.26193053030342
Donor_1371,sst GABAergic interneuron,M,85.0,54.894543817714506
Donor_1371,vascular leptomeningeal cell,M,85.0,40.32277072628787
Donor_1375,L2/3 intratelencephalic projecting glutamatergic neuron,H,26.0,22.70323268631605
Donor_1375,VIP GABAergic interneuron,H,26.0,38.789208576084306
Donor_1375,astrocyte,H,26.0,42.417218120759316
Donor_1375,microglial cell,H,26.0,47.27493832206835
Donor_1375,oligodendrocyte,H,26.0,40.20544180191644
Donor_1375,oligodendrocyte precursor cell,H,26.0,34.57032146776248
Donor_1377,GABAergic neuron,H,46.0,53.287977802800874
Donor_1377,L2/3 intratelencephalic projecting glutamatergic neuron,H,46.0,55.72327522673314
Donor_1377,L2/3-6 intratelencephalic projecting glutamatergic neuron,H,46.0,56.1305412828182
Donor_1377,L5/6 near-projecting glutamatergic neuron,H,46.0,56.26596871209787
Donor_1377,L6 corticothalamic-projecting glutamatergic cortical neuron,H,46.0,48.82756063024162
Donor_1377,L6 intratelencephalic projecting glutamatergic neuron,H,46.0,55.650664979380515
Donor_1377,L6b glutamatergic neuron of the primary motor cortex,H,46.0,52.900455341100354
Donor_1377,VIP GABAergic interneuron,H,46.0,58.50443675608823
Donor_1377,astrocyte,H,46.0,55.995341964743474
Donor_1377,endothelial cell,H,46.0,55.187014106714756
Donor_1377,lamp5 GABAergic interneuron,H,46.0,55.471590835780646
Donor_1377,microglial cell,H,46.0,55.17254287920778
Donor_1377,oligodendrocyte,H,46.0,45.10616665205154
Donor_1377,oligodendrocyte precursor cell,H,46.0,52.88499908630524
Donor_1377,pericyte,H,46.0,57.451513869840134
Donor_1377,perivascular macrophage,H,46.0,61.328573967234135
Donor_1377,pvalb GABAergic interneuron,H,46.0,52.700219930641666
Donor_1377,sst GABAergic interneuron,H,46.0,55.55494507031474
Donor_1377,vascular leptomeningeal cell,H,46.0,56.55622027142523
Donor_1378,GABAergic neuron,H,38.0,55.44754164300569
Donor_1378,L2/3 intratelencephalic projecting glutamatergic neuron,H,38.0,43.1210441591671
Donor_1378,L2/3-6 intratelencephalic projecting glutamatergic neuron,H,38.0,46.63278490563477
Donor_1378,L6 corticothalamic-projecting glutamatergic cortical neuron,H,38.0,46.766220090574365
Donor_1378,L6 intratelencephalic projecting glutamatergic neuron,H,38.0,46.5265340754769
Donor_1378,L6b glutamatergic neuron of the primary motor cortex,H,38.0,46.38586060235438
Donor_1378,VIP GABAergic interneuron,H,38.0,54.189958626985074
Donor_1378,astrocyte,H,38.0,48.893457170931484
Donor_1378,endothelial cell,H,38.0,54.812395275921105
Donor_1378,lamp5 GABAergic interneuron,H,38.0,53.48732974640225
Donor_1378,microglial cell,H,38.0,52.617233668131675
Donor_1378,oligodendrocyte,H,38.0,54.18769537473826
Donor_1378,oligodendrocyte precursor cell,H,38.0,47.78911010055665
Donor_1378,pericyte,H,38.0,56.31822636362072
Donor_1378,pvalb GABAergic interneuron,H,38.0,46.69728961473352
Donor_1378,sst GABAergic interneuron,H,38.0,43.90974361881509
Donor_138,GABAergic neuron,H,24.0,51.47612260902642
Donor_138,L2/3 intratelencephalic projecting glutamatergic neuron,H,24.0,41.15699064573928
Donor_138,L2/3-6 intratelencephalic projecting glutamatergic neuron,H,24.0,43.550204642346024
Donor_138,L5/6 near-projecting glutamatergic neuron,H,24.0,57.54595079821609
Donor_138,L6 intratelencephalic projecting glutamatergic neuron,H,24.0,54.72548500911775
Donor_138,VIP GABAergic interneuron,H,24.0,51.497470301288615
Donor_138,astrocyte,H,24.0,44.6543205717565
Donor_138,endothelial cell,H,24.0,48.12707649685986
Donor_138,lamp5 GABAergic interneuron,H,24.0,58.62874565455869
Donor_138,microglial cell,H,24.0,52.58681470052446
Donor_138,oligodendrocyte,H,24.0,35.54109711636683
Donor_138,oligodendrocyte precursor cell,H,24.0,34.241201590401296
Donor_138,pericyte,H,24.0,54.10987091408015
Donor_138,pvalb GABAergic interneuron,H,24.0,50.16778530104948
Donor_138,sst GABAergic interneuron,H,24.0,45.16650812670702
Donor_138,vascular leptomeningeal cell,H,24.0,55.663785191518635
Donor_1392,GABAergic neuron,H,85.0,64.20460781954272
Donor_1392,L2/3 intratelencephalic projecting glutamatergic neuron,H,85.0,64.13942187977277
Donor_1392,L2/3-6 intratelencephalic projecting glutamatergic neuron,H,85.0,68.56327337786776
Donor_1392,L5/6 near-projecting glutamatergic neuron,H,85.0,64.15635195358358
Donor_1392,L6 corticothalamic-projecting glutamatergic cortical neuron,H,85.0,65.45581392272405
Donor_1392,L6 intratelencephalic projecting glutamatergic neuron,H,85.0,61.21692658091198
Donor_1392,L6b glutamatergic neuron of the primary motor cortex,H,85.0,66.4966107349098
Donor_1392,VIP GABAergic interneuron,H,85.0,70.40978898291013
Donor_1392,astrocyte,H,85.0,68.80140252066464
Donor_1392,endothelial cell,H,85.0,73.73204096911226
Donor_1392,lamp5 GABAergic interneuron,H,85.0,70.15470896306705
Donor_1392,microglial cell,H,85.0,60.20182643951564
Donor_1392,oligodendrocyte,H,85.0,72.29679317706592
Donor_1392,oligodendrocyte precursor cell,H,85.0,74.16465753865903
Donor_1392,pericyte,H,85.0,58.806861514492105
Donor_1392,pvalb GABAergic interneuron,H,85.0,70.08214565707019
Donor_1392,sst GABAergic interneuron,H,85.0,78.20729313381342
Donor_1392,vascular leptomeningeal cell,H,85.0,84.22950660139196
Donor_14,GABAergic neuron,M,65.0,55.3254862309535
Donor_14,L2/3 intratelencephalic projecting glutamatergic neuron,M,65.0,64.90641562591647
Donor_14,L2/3-6 intratelencephalic projecting glutamatergic neuron,M,65.0,64.50892624085895
Donor_14,L6 corticothalamic-projecting glutamatergic cortical neuron,M,65.0,58.097364012153605
Donor_14,L6 intratelencephalic projecting glutamatergic neuron,M,65.0,57.826252443324194
Donor_14,VIP GABAergic interneuron,M,65.0,55.02848849277741
Donor_14,astrocyte,M,65.0,55.532659204474044
Donor_14,lamp5 GABAergic interneuron,M,65.0,60.66915360585596
Donor_14,microglial cell,M,65.0,60.80231692717079
Donor_14,oligodendrocyte,M,65.0,57.07352541659658
Donor_14,oligodendrocyte precursor cell,M,65.0,59.543958137351225
Donor_14,perivascular macrophage,M,65.0,43.32176471496727
Donor_14,pvalb GABAergic interneuron,M,65.0,54.56497858373327
Donor_14,sst GABAergic interneuron,M,65.0,58.86383677637118
Donor_1405,GABAergic neuron,H,52.0,49.96364386281189
Donor_1405,L2/3 intratelencephalic projecting glutamatergic neuron,H,52.0,47.935415903084994
Donor_1405,L2/3-6 intratelencephalic projecting glutamatergic neuron,H,52.0,55.197816053041734
Donor_1405,L6 corticothalamic-projecting glutamatergic cortical neuron,H,52.0,52.48470181106279
Donor_1405,L6 intratelencephalic projecting glutamatergic neuron,H,52.0,50.54769329849032
Donor_1405,L6b glutamatergic neuron of the primary motor cortex,H,52.0,44.792348176806044
Donor_1405,VIP GABAergic interneuron,H,52.0,53.24247818367506
Donor_1405,astrocyte,H,52.0,49.509502075615934
Donor_1405,endothelial cell,H,52.0,59.88566373555168
Donor_1405,lamp5 GABAergic interneuron,H,52.0,49.558930085981096
Donor_1405,microglial cell,H,52.0,48.45069712263568
Donor_1405,oligodendrocyte,H,52.0,47.26255525242494
Donor_1405,oligodendrocyte precursor cell,H,52.0,54.498681752375695
Donor_1405,pericyte,H,52.0,57.776436412979805
Donor_1405,pvalb GABAergic interneuron,H,52.0,42.762941819007295
Donor_1405,sst GABAergic interneuron,H,52.0,43.14081500444508
Donor_1414,GABAergic neuron,M,67.0,55.51363950905714
Donor_1414,L2/3 intratelencephalic projecting glutamatergic neuron,M,67.0,64.53911813140846
Donor_1414,L2/3-6 intratelencephalic projecting glutamatergic neuron,M,67.0,58.252667255461574
Donor_1414,L6 corticothalamic-projecting glutamatergic cortical neuron,M,67.0,61.39348855387436
Donor_1414,L6 intratelencephalic projecting glutamatergic neuron,M,67.0,61.82932573909838
Donor_1414,L6b glutamatergic neuron of the primary motor cortex,M,67.0,60.24142982011165
Donor_1414,VIP GABAergic interneuron,M,67.0,57.73306217633839
Donor_1414,astrocyte,M,67.0,61.78383506837934
Donor_1414,endothelial cell,M,67.0,47.89460718136889
Donor_1414,lamp5 GABAergic interneuron,M,67.0,49.35243611212226
Donor_1414,microglial cell,M,67.0,58.92666136204498
Donor_1414,oligodendrocyte,M,67.0,55.76952154573634
Donor_1414,oligodendrocyte precursor cell,M,67.0,52.19221967138171
Donor_1414,pericyte,M,67.0,46.80841032084717
Donor_1414,pvalb GABAergic interneuron,M,67.0,61.05949159593172
Donor_1414,sst GABAergic interneuron,M,67.0,55.5390122170158
Donor_1414,vascular leptomeningeal cell,M,67.0,44.10266852883393
Donor_1417,GABAergic neuron,H,31.0,55.72146976166027
Donor_1417,L2/3 intratelencephalic projecting glutamatergic neuron,H,31.0,40.87678237718256
Donor_1417,L2/3-6 intratelencephalic projecting glutamatergic neuron,H,31.0,43.76000430355883
Donor_1417,L5/6 near-projecting glutamatergic neuron,H,31.0,53.10037910305364
Donor_1417,L6 corticothalamic-projecting glutamatergic cortical neuron,H,31.0,49.84323049491487
Donor_1417,L6 intratelencephalic projecting glutamatergic neuron,H,31.0,42.954206698476696
Donor_1417,L6b glutamatergic neuron of the primary motor cortex,H,31.0,55.83043453476117
Donor_1417,VIP GABAergic interneuron,H,31.0,48.61995745302731
Donor_1417,astrocyte,H,31.0,48.28903408003825
Donor_1417,endothelial cell,H,31.0,52.02635755524469
Donor_1417,lamp5 GABAergic interneuron,H,31.0,54.42836719264405
Donor_1417,microglial cell,H,31.0,42.16868389252571
Donor_1417,oligodendrocyte,H,31.0,50.51774151186795
Donor_1417,oligodendrocyte precursor cell,H,31.0,43.29620603813035
Donor_1417,pericyte,H,31.0,55.76601545448649
Donor_1417,pvalb GABAergic interneuron,H,31.0,48.5525469445809
Donor_1417,sst GABAergic interneuron,H,31.0,42.50907707703885
Donor_1417,vascular leptomeningeal cell,H,31.0,57.64430287896723
Donor_1419,GABAergic neuron,M,64.0,67.84935388192977
Donor_1419,L2/3 intratelencephalic projecting glutamatergic neuron,M,64.0,62.751688671782084
Donor_1419,L2/3-6 intratelencephalic projecting glutamatergic neuron,M,64.0,62.71350849480679
Donor_1419,L5/6 near-projecting glutamatergic neuron,M,64.0,62.205426589675824
Donor_1419,L6 corticothalamic-projecting glutamatergic cortical neuron,M,64.0,57.51011587670455
Donor_1419,L6 intratelencephalic projecting glutamatergic neuron,M,64.0,66.3109034305705
Donor_1419,L6b glutamatergic neuron of the primary motor cortex,M,64.0,65.74446767086428
Donor_1419,VIP GABAergic interneuron,M,64.0,56.53115715724047
Donor_1419,astrocyte,M,64.0,70.54639342396683
Donor_1419,endothelial cell,M,64.0,50.20141955926821
Donor_1419,lamp5 GABAergic interneuron,M,64.0,66.35225420464738
Donor_1419,microglial cell,M,64.0,56.72830060663806
Donor_1419,oligodendrocyte,M,64.0,64.19820956948666
Donor_1419,oligodendrocyte precursor cell,M,64.0,68.33459305953966
Donor_1419,pericyte,M,64.0,48.09048975834189
Donor_1419,pvalb GABAergic interneuron,M,64.0,62.80942157429239
Donor_1419,sst GABAergic interneuron,M,64.0,53.31617667225785
Donor_1419,vascular leptomeningeal cell,M,64.0,49.59788448758674
Donor_1433,GABAergic neuron,M,61.0,47.91857934913988
Donor_1433,L2/3 intratelencephalic projecting glutamatergic neuron,M,61.0,53.08346555781897
Donor_1433,L2/3-6 intratelencephalic projecting glutamatergic neuron,M,61.0,51.27880360783956
Donor_1433,L5/6 near-projecting glutamatergic neuron,M,61.0,44.936602905766684
Donor_1433,L6 corticothalamic-projecting glutamatergic cortical neuron,M,61.0,56.42374715185019
Donor_1433,L6 intratelencephalic projecting glutamatergic neuron,M,61.0,51.92782855263207
Donor_1433,L6b glutamatergic neuron of the primary motor cortex,M,61.0,51.14737436863141
Donor_1433,VIP GABAergic interneuron,M,61.0,48.06514248315239
Donor_1433,astrocyte,M,61.0,45.45925565530139
Donor_1433,endothelial cell,M,61.0,52.94233495614909
Donor_1433,lamp5 GABAergic interneuron,M,61.0,49.11894020777594
Donor_1433,microglial cell,M,61.0,61.334358279845105
Donor_1433,oligodendrocyte,M,61.0,60.21922361750241
Donor_1433,oligodendrocyte precursor cell,M,61.0,51.52028341454795
Donor_1433,pericyte,M,61.0,46.75750344587365
Donor_1433,pvalb GABAergic interneuron,M,61.0,54.00802176471848
Donor_1433,smooth muscle cell,M,61.0,53.93443216594961
Donor_1433,sst GABAergic interneuron,M,61.0,51.44525730190558
Donor_1435,astrocyte,H,44.0,56.55894606455962
Donor_1435,endothelial cell,H,44.0,65.5791480772394
Donor_1435,oligodendrocyte,H,44.0,31.997195818470296
Donor_1435,oligodendrocyte precursor cell,H,44.0,48.824060730037885
Donor_1437,GABAergic neuron,H,48.0,52.28337313890994
Donor_1437,L2/3 intratelencephalic projecting glutamatergic neuron,H,48.0,58.17094955073625
Donor_1437,L2/3-6 intratelencephalic projecting glutamatergic neuron,H,48.0,56.08268063966588
Donor_1437,L5/6 near-projecting glutamatergic neuron,H,48.0,60.663824923484896
Donor_1437,L6 corticothalamic-projecting glutamatergic cortical neuron,H,48.0,52.94251948460507
Donor_1437,L6 intratelencephalic projecting glutamatergic neuron,H,48.0,56.94120786011669
Donor_1437,L6b glutamatergic neuron of the primary motor cortex,H,48.0,57.808031746721625
Donor_1437,VIP GABAergic interneuron,H,48.0,59.87676918689282
Donor_1437,astrocyte,H,48.0,45.454064101444004
Donor_1437,endothelial cell,H,48.0,54.23671625345591
Donor_1437,lamp5 GABAergic interneuron,H,48.0,61.81184088744356
Donor_1437,microglial cell,H,48.0,50.34419875190967
Donor_1437,oligodendrocyte,H,48.0,51.91473881248761
Donor_1437,oligodendrocyte precursor cell,H,48.0,60.094245391520616
Donor_1437,pericyte,H,48.0,61.67082430832267
Donor_1437,pvalb GABAergic interneuron,H,48.0,51.70152891379415
Donor_1437,sst GABAergic interneuron,H,48.0,55.81877636625316
Donor_1443,GABAergic neuron,M,52.0,41.550387413633196
Donor_1443,L2/3 intratelencephalic projecting glutamatergic neuron,M,52.0,54.358323199640424
Donor_1443,L2/3-6 intratelencephalic projecting glutamatergic neuron,M,52.0,53.89965506585087
Donor_1443,L5/6 near-projecting glutamatergic neuron,M,52.0,47.774503802655836
Donor_1443,L6 corticothalamic-projecting glutamatergic cortical neuron,M,52.0,53.973140019871614
Donor_1443,L6 intratelencephalic projecting glutamatergic neuron,M,52.0,47.74660678556659
Donor_1443,L6b glutamatergic neuron of the primary motor cortex,M,52.0,53.316431637038875
Donor_1443,VIP GABAergic interneuron,M,52.0,48.07980673182256
Donor_1443,astrocyte,M,52.0,49.67457498901247
Donor_1443,lamp5 GABAergic interneuron,M,52.0,46.49737496096039
Donor_1443,microglial cell,M,52.0,38.03737781271329
Donor_1443,oligodendrocyte,M,52.0,50.21462110533197
Donor_1443,oligodendrocyte precursor cell,M,52.0,42.73194635235416
Donor_1443,pericyte,M,52.0,43.79654722447392
Donor_1443,pvalb GABAergic interneuron,M,52.0,47.557879787214056
Donor_1443,sst GABAergic interneuron,M,52.0,52.03331337135262
Donor_1445,GABAergic neuron,M,53.0,59.240142742181504
Donor_1445,L2/3 intratelencephalic projecting glutamatergic neuron,M,53.0,58.44145082438923
Donor_1445,L2/3-6 intratelencephalic projecting glutamatergic neuron,M,53.0,58.70032792501012
Donor_1445,L5/6 near-projecting glutamatergic neuron,M,53.0,59.421119145397086
Donor_1445,L6 corticothalamic-projecting glutamatergic cortical neuron,M,53.0,58.045022362863406
Donor_1445,L6 intratelencephalic projecting glutamatergic neuron,M,53.0,58.255611588839
Donor_1445,VIP GABAergic interneuron,M,53.0,59.958536912664
Donor_1445,astrocyte,M,53.0,58.18575663974018
Donor_1445,endothelial cell,M,53.0,54.12887811871662
Donor_1445,lamp5 GABAergic interneuron,M,53.0,48.06164998070182
Donor_1445,microglial cell,M,53.0,43.12195584969256
Donor_1445,oligodendrocyte,M,53.0,61.14025540562316
Donor_1445,oligodendrocyte precursor cell,M,53.0,55.47526013100899
Donor_1445,pericyte,M,53.0,55.71443377543274
Donor_1445,pvalb GABAergic interneuron,M,53.0,60.063109957902405
Donor_1445,sst GABAergic interneuron,M,53.0,57.449416923104515
Donor_1453,GABAergic neuron,H,65.0,65.39393664405839
Donor_1453,L2/3 intratelencephalic projecting glutamatergic neuron,H,65.0,65.15417349199464
Donor_1453,L2/3-6 intratelencephalic projecting glutamatergic neuron,H,65.0,64.14682042442577
Donor_1453,L5/6 near-projecting glutamatergic neuron,H,65.0,65.46572454591913
Donor_1453,L6 intratelencephalic projecting glutamatergic neuron,H,65.0,63.24935321025458
Donor_1453,L6b glutamatergic neuron of the primary motor cortex,H,65.0,67.90038151379817
Donor_1453,VIP GABAergic interneuron,H,65.0,59.436703003602716
Donor_1453,astrocyte,H,65.0,69.15086808102306
Donor_1453,endothelial cell,H,65.0,48.44145297370214
Donor_1453,lamp5 GABAergic interneuron,H,65.0,56.83739139323659
Donor_1453,microglial cell,H,65.0,58.16457815634205
Donor_1453,oligodendrocyte,H,65.0,63.92063601784662
Donor_1453,oligodendrocyte precursor cell,H,65.0,54.98999857061481
Donor_1453,pericyte,H,65.0,55.240788341896604
Donor_1453,pvalb GABAergic interneuron,H,65.0,61.680666014642554
Donor_1453,sst GABAergic interneuron,H,65.0,62.304311987251594
Donor_1462,GABAergic neuron,M,53.0,40.544527587768584
Donor_1462,L2/3 intratelencephalic projecting glutamatergic neuron,M,53.0,45.9332137360885
Donor_1462,L2/3-6 intratelencephalic projecting glutamatergic neuron,M,53.0,42.48029804610866
Donor_1462,L6 corticothalamic-projecting glutamatergic cortical neuron,M,53.0,45.35214266648516
Donor_1462,L6 intratelencephalic projecting glutamatergic neuron,M,53.0,46.318853529634644
Donor_1462,VIP GABAergic interneuron,M,53.0,39.04034225277236
Donor_1462,astrocyte,M,53.0,44.720852104969026
Donor_1462,lamp5 GABAergic interneuron,M,53.0,44.778305998329145
Donor_1462,microglial cell,M,53.0,38.12273783230789
Donor_1462,oligodendrocyte,M,53.0,54.671594398548834
Donor_1462,oligodendrocyte precursor cell,M,53.0,47.95810798505357
Donor_1462,pericyte,M,53.0,39.14966095126896
Donor_1462,pvalb GABAergic interneuron,M,53.0,42.865537915049735
Donor_1462,sst GABAergic interneuron,M,53.0,41.45237380661654
Donor_1474,GABAergic neuron,M,85.0,59.950808313665725
Donor_1474,L2/3 intratelencephalic projecting glutamatergic neuron,M,85.0,64.84803298045006
Donor_1474,L2/3-6 intratelencephalic projecting glutamatergic neuron,M,85.0,66.17091452928436
Donor_1474,L5/6 near-projecting glutamatergic neuron,M,85.0,66.5816544038161
Donor_1474,L6 corticothalamic-projecting glutamatergic cortical neuron,M,85.0,63.88853483147936
Donor_1474,L6 intratelencephalic projecting glutamatergic neuron,M,85.0,68.22600429737506
Donor_1474,L6b glutamatergic neuron of the primary motor cortex,M,85.0,63.69536408202717
Donor_1474,VIP GABAergic interneuron,M,85.0,57.92860665414056
Donor_1474,astrocyte,M,85.0,60.87754721179176
Donor_1474,lamp5 GABAergic interneuron,M,85.0,61.59408955783667
Donor_1474,microglial cell,M,85.0,59.776491030439644
Donor_1474,oligodendrocyte,M,85.0,70.864204712382
Donor_1474,oligodendrocyte precursor cell,M,85.0,65.31676610918569
Donor_1474,perivascular macrophage,M,85.0,34.50999039091809
Donor_1474,pvalb GABAergic interneuron,M,85.0,56.54921840279721
Donor_1474,sst GABAergic interneuron,M,85.0,58.04957092746753
Donor_149,GABAergic neuron,H,52.0,58.885838197071635
Donor_149,L2/3 intratelencephalic projecting glutamatergic neuron,H,52.0,52.71573540915363
Donor_149,L2/3-6 intratelencephalic projecting glutamatergic neuron,H,52.0,55.297760716151906
Donor_149,L5/6 near-projecting glutamatergic neuron,H,52.0,64.19808672032333
Donor_149,L6 corticothalamic-projecting glutamatergic cortical neuron,H,52.0,56.577096600892766
Donor_149,L6 intratelencephalic projecting glutamatergic neuron,H,52.0,54.46786640320448
Donor_149,L6b glutamatergic neuron of the primary motor cortex,H,52.0,58.90443888121948
Donor_149,VIP GABAergic interneuron,H,52.0,53.270525419919906
Donor_149,astrocyte,H,52.0,50.599352572003305
Donor_149,endothelial cell,H,52.0,59.24036503448281
Donor_149,lamp5 GABAergic interneuron,H,52.0,65.94266517257782
Donor_149,microglial cell,H,52.0,69.94540149891998
Donor_149,oligodendrocyte,H,52.0,55.75546636698358
Donor_149,oligodendrocyte precursor cell,H,52.0,61.34914163964429
Donor_149,pericyte,H,52.0,58.1264897690078
Donor_149,pvalb GABAergic interneuron,H,52.0,63.90226958220763
Donor_149,sst GABAergic interneuron,H,52.0,59.63634391447938
Donor_149,vascular leptomeningeal cell,H,52.0,66.15470343040525
Donor_1491,GABAergic neuron,M,73.0,71.30288130313569
Donor_1491,L2/3 intratelencephalic projecting glutamatergic neuron,M,73.0,67.24908403534947
Donor_1491,L2/3-6 intratelencephalic projecting glutamatergic neuron,M,73.0,68.88981677755149
Donor_1491,L6 intratelencephalic projecting glutamatergic neuron,M,73.0,69.2745828743409
Donor_1491,VIP GABAergic interneuron,M,73.0,59.335408711026744
Donor_1491,astrocyte,M,73.0,72.64175029871615
Donor_1491,endothelial cell,M,73.0,52.09460322460474
Donor_1491,lamp5 GABAergic interneuron,M,73.0,61.923565227775754
Donor_1491,microglial cell,M,73.0,67.60016678517798
Donor_1491,oligodendrocyte,M,73.0,62.93303926603812
Donor_1491,oligodendrocyte precursor cell,M,73.0,76.08214108231164
Donor_1491,pvalb GABAergic interneuron,M,73.0,63.57350536395856
Donor_1491,sst GABAergic interneuron,M,73.0,67.8074784286992
Donor_1494,GABAergic neuron,H,40.0,58.49008853527011
Donor_1494,L2/3 intratelencephalic projecting glutamatergic neuron,H,40.0,46.50824946098369
Donor_1494,L2/3-6 intratelencephalic projecting glutamatergic neuron,H,40.0,49.61196394471485
Donor_1494,L5/6 near-projecting glutamatergic neuron,H,40.0,55.98085534627038
Donor_1494,VIP GABAergic interneuron,H,40.0,50.64278250867857
Donor_1494,astrocyte,H,40.0,52.32584648277336
Donor_1494,endothelial cell,H,40.0,56.71386793495654
Donor_1494,lamp5 GABAergic interneuron,H,40.0,66.79146765012622
Donor_1494,microglial cell,H,40.0,51.691469614647
Donor_1494,oligodendrocyte,H,40.0,44.89237562386345
Donor_1494,oligodendrocyte precursor cell,H,40.0,44.68152298877078
Donor_1494,pericyte,H,40.0,55.23384173833703
Donor_1494,pvalb GABAergic interneuron,H,40.0,54.505196235970175
Donor_1494,sst GABAergic interneuron,H,40.0,46.32796022090163
Donor_1494,vascular leptomeningeal cell,H,40.0,58.540172707546176
Donor_156,L2/3 intratelencephalic projecting glutamatergic neuron,M,53.0,72.10247000764767
Donor_156,L2/3-6 intratelencephalic projecting glutamatergic neuron,M,53.0,73.96648290750073
Donor_156,VIP GABAergic interneuron,M,53.0,53.09618455338692
Donor_156,astrocyte,M,53.0,41.00391824980681
Donor_156,lamp5 GABAergic interneuron,M,53.0,41.97563740251387
Donor_156,microglial cell,M,53.0,57.68592887210745
Donor_156,oligodendrocyte,M,53.0,52.294929441811114
Donor_156,oligodendrocyte precursor cell,M,53.0,62.33644752668357
Donor_156,pvalb GABAergic interneuron,M,53.0,61.462066448673106
Donor_156,sst GABAergic interneuron,M,53.0,43.10106524973638
Donor_173,GABAergic neuron,H,24.0,44.85913345050217
Donor_173,L2/3 intratelencephalic projecting glutamatergic neuron,H,24.0,25.918179278303604
Donor_173,L2/3-6 intratelencephalic projecting glutamatergic neuron,H,24.0,36.92054525202089
Donor_173,VIP GABAergic interneuron,H,24.0,43.42777972228902
Donor_173,astrocyte,H,24.0,35.16169844732964
Donor_173,endothelial cell,H,24.0,52.438152944413325
Donor_173,lamp5 GABAergic interneuron,H,24.0,55.47581890852275
Donor_173,microglial cell,H,24.0,47.06923450142183
Donor_173,oligodendrocyte,H,24.0,28.090154176066918
Donor_173,oligodendrocyte precursor cell,H,24.0,34.89837855633807
Donor_173,pvalb GABAergic interneuron,H,24.0,45.923949839703106
Donor_173,sst GABAergic interneuron,H,24.0,33.44133109345974
Donor_173,vascular leptomeningeal cell,H,24.0,61.46269142890426
Donor_175,GABAergic neuron,H,57.0,59.55644321895364
Donor_175,L2/3 intratelencephalic projecting glutamatergic neuron,H,57.0,56.732412933221454
Donor_175,L2/3-6 intratelencephalic projecting glutamatergic neuron,H,57.0,59.47629924442463
Donor_175,L5/6 near-projecting glutamatergic neuron,H,57.0,58.2646806021042
Donor_175,L6 corticothalamic-projecting glutamatergic cortical neuron,H,57.0,60.063777458671446
Donor_175,L6 intratelencephalic projecting glutamatergic neuron,H,57.0,65.56448807035349
Donor_175,L6b glutamatergic neuron of the primary motor cortex,H,57.0,62.111507053793545
Donor_175,VIP GABAergic interneuron,H,57.0,61.74665684112564
Donor_175,astrocyte,H,57.0,59.40704728251451
Donor_175,endothelial cell,H,57.0,51.471701824925304
Donor_175,lamp5 GABAergic interneuron,H,57.0,59.444396038105104
Donor_175,microglial cell,H,57.0,51.25372208105155
Donor_175,oligodendrocyte,H,57.0,62.373719109958124
Donor_175,oligodendrocyte precursor cell,H,57.0,52.61654185435868
Donor_175,pericyte,H,57.0,60.522934042987075
Donor_175,pvalb GABAergic interneuron,H,57.0,59.77981012943673
Donor_175,sst GABAergic interneuron,H,57.0,53.325375811341665
Donor_175,vascular leptomeningeal cell,H,57.0,63.819187625381325
Donor_176,GABAergic neuron,M,56.0,60.99192073368077
Donor_176,L2/3 intratelencephalic projecting glutamatergic neuron,M,56.0,60.43764220007072
Donor_176,L2/3-6 intratelencephalic projecting glutamatergic neuron,M,56.0,59.85187472717515
Donor_176,L5/6 near-projecting glutamatergic neuron,M,56.0,58.366708214479814
Donor_176,L6 corticothalamic-projecting glutamatergic cortical neuron,M,56.0,60.62755249558441
Donor_176,L6 intratelencephalic projecting glutamatergic neuron,M,56.0,67.89772317351395
Donor_176,L6b glutamatergic neuron of the primary motor cortex,M,56.0,59.07551836888776
Donor_176,VIP GABAergic interneuron,M,56.0,58.36513520288591
Donor_176,astrocyte,M,56.0,64.0137265028892
Donor_176,endothelial cell,M,56.0,68.71549218824921
Donor_176,lamp5 GABAergic interneuron,M,56.0,58.81110297835384
Donor_176,microglial cell,M,56.0,46.317777617214986
Donor_176,oligodendrocyte,M,56.0,58.190509793329994
Donor_176,oligodendrocyte precursor cell,M,56.0,51.725021410724544
Donor_176,pvalb GABAergic interneuron,M,56.0,48.90954947045596
Donor_176,sst GABAergic interneuron,M,56.0,53.97719111766532
Donor_177,GABAergic neuron,M,28.0,40.7516551869242
Donor_177,L2/3 intratelencephalic projecting glutamatergic neuron,M,28.0,25.712374583092014
Donor_177,L2/3-6 intratelencephalic projecting glutamatergic neuron,M,28.0,27.721160369084913
Donor_177,VIP GABAergic interneuron,M,28.0,27.315379922907105
Donor_177,astrocyte,M,28.0,37.67570877697137
Donor_177,endothelial cell,M,28.0,33.753360610318886
Donor_177,lamp5 GABAergic interneuron,M,28.0,36.378937589393715
Donor_177,microglial cell,M,28.0,38.93055562575032
Donor_177,oligodendrocyte,M,28.0,40.5863553858363
Donor_177,oligodendrocyte precursor cell,M,28.0,23.943944145712365
Donor_177,pericyte,M,28.0,53.0433185503843
Donor_177,pvalb GABAergic interneuron,M,28.0,32.19244779970721
Donor_177,sst GABAergic interneuron,M,28.0,36.99526765164261
Donor_177,vascular leptomeningeal cell,M,28.0,39.6655868813741
Donor_180,GABAergic neuron,H,20.0,47.065267473663226
Donor_180,L2/3 intratelencephalic projecting glutamatergic neuron,H,20.0,19.983109626074828
Donor_180,L2/3-6 intratelencephalic projecting glutamatergic neuron,H,20.0,20.181527875845745
Donor_180,L5/6 near-projecting glutamatergic neuron,H,20.0,49.379883854399694
Donor_180,L6 corticothalamic-projecting glutamatergic cortical neuron,H,20.0,40.08086391976929
Donor_180,L6 intratelencephalic projecting glutamatergic neuron,H,20.0,47.046516903441145
Donor_180,L6b glutamatergic neuron of the primary motor cortex,H,20.0,37.58739419789667
Donor_180,VIP GABAergic interneuron,H,20.0,38.63971765623039
Donor_180,astrocyte,H,20.0,33.48345096558625
Donor_180,endothelial cell,H,20.0,56.098883817893366
Donor_180,lamp5 GABAergic interneuron,H,20.0,48.272231706208125
Donor_180,microglial cell,H,20.0,51.49930331574903
Donor_180,oligodendrocyte,H,20.0,41.117022864544865
Donor_180,oligodendrocyte precursor cell,H,20.0,30.62429080185519
Donor_180,pericyte,H,20.0,52.90818841102953
Donor_180,pvalb GABAergic interneuron,H,20.0,35.135076542424684
Donor_180,sst GABAergic interneuron,H,20.0,35.98703922958468
Donor_180,vascular leptomeningeal cell,H,20.0,64.64241800813244
Donor_2,GABAergic neuron,M,42.0,25.895388625263287
Donor_2,L2/3 intratelencephalic projecting glutamatergic neuron,M,42.0,23.366666333360527
Donor_2,L2/3-6 intratelencephalic projecting glutamatergic neuron,M,42.0,18.29726928284965
Donor_2,L5/6 near-projecting glutamatergic neuron,M,42.0,38.12478949534841
Donor_2,L6 corticothalamic-projecting glutamatergic cortical neuron,M,42.0,25.56450781916269
Donor_2,L6 intratelencephalic projecting glutamatergic neuron,M,42.0,28.584978296499717
Donor_2,L6b glutamatergic neuron of the primary motor cortex,M,42.0,26.19907352403883
Donor_2,VIP GABAergic interneuron,M,42.0,29.2732957160113
Donor_2,endothelial cell,M,42.0,39.98154185317731
Donor_2,lamp5 GABAergic interneuron,M,42.0,30.299246635996713
Donor_2,microglial cell,M,42.0,29.583469964004305
Donor_2,oligodendrocyte,M,42.0,13.049334536546748
Donor_2,oligodendrocyte precursor cell,M,42.0,24.244006286663996
Donor_2,pericyte,M,42.0,36.75767341297466
Donor_2,pvalb GABAergic interneuron,M,42.0,20.928112381200854
Donor_2,smooth muscle cell,M,42.0,40.84334614915445
Donor_2,sst GABAergic interneuron,M,42.0,33.194563411003074
Donor_20,GABAergic neuron,H,40.0,53.284849646416
Donor_20,L2/3 intratelencephalic projecting glutamatergic neuron,H,40.0,56.478451249889304
Donor_20,L2/3-6 intratelencephalic projecting glutamatergic neuron,H,40.0,59.896951685026806
Donor_20,L5/6 near-projecting glutamatergic neuron,H,40.0,59.59867997700498
Donor_20,L6 corticothalamic-projecting glutamatergic cortical neuron,H,40.0,53.922487603909076
Donor_20,L6 intratelencephalic projecting glutamatergic neuron,H,40.0,53.121227467188234
Donor_20,L6b glutamatergic neuron of the primary motor cortex,H,40.0,54.75817711246153
Donor_20,VIP GABAergic interneuron,H,40.0,54.37404060889499
Donor_20,astrocyte,H,40.0,55.8735261889918
Donor_20,endothelial cell,H,40.0,55.46597609156978
Donor_20,lamp5 GABAergic interneuron,H,40.0,58.08489564714304
Donor_20,microglial cell,H,40.0,52.52398710942007
Donor_20,oligodendrocyte,H,40.0,52.80471638478549
Donor_20,oligodendrocyte precursor cell,H,40.0,52.58475186078488
Donor_20,pericyte,H,40.0,60.029276259178474
Donor_20,pvalb GABAergic interneuron,H,40.0,52.44363808986303
Donor_20,sst GABAergic interneuron,H,40.0,46.74779154016357
Donor_200,GABAergic neuron,M,58.0,51.637552299607066
Donor_200,L2/3 intratelencephalic projecting glutamatergic neuron,M,58.0,49.85524528672648
Donor_200,L2/3-6 intratelencephalic projecting glutamatergic neuron,M,58.0,47.79286646054973
Donor_200,L6 corticothalamic-projecting glutamatergic cortical neuron,M,58.0,51.83060513872115
Donor_200,VIP GABAergic interneuron,M,58.0,50.53400590027086
Donor_200,astrocyte,M,58.0,49.3204963412057
Donor_200,lamp5 GABAergic interneuron,M,58.0,50.8023014798644
Donor_200,microglial cell,M,58.0,53.10870850992296
Donor_200,oligodendrocyte,M,58.0,62.820632735919546
Donor_200,oligodendrocyte precursor cell,M,58.0,54.51132521949252
Donor_200,pericyte,M,58.0,47.9088665659982
Donor_200,pvalb GABAergic interneuron,M,58.0,49.03106574247441
Donor_200,sst GABAergic interneuron,M,58.0,56.56612690727961
Donor_205,GABAergic neuron,H,38.0,48.711964615992486
Donor_205,L2/3 intratelencephalic projecting glutamatergic neuron,H,38.0,46.69510550634529
Donor_205,L2/3-6 intratelencephalic projecting glutamatergic neuron,H,38.0,56.25033423535859
Donor_205,L6 corticothalamic-projecting glutamatergic cortical neuron,H,38.0,63.41159005438639
Donor_205,L6 intratelencephalic projecting glutamatergic neuron,H,38.0,60.41171471861403
Donor_205,VIP GABAergic interneuron,H,38.0,43.60267145017568
Donor_205,astrocyte,H,38.0,58.05463551892191
Donor_205,endothelial cell,H,38.0,44.816059454199106
Donor_205,lamp5 GABAergic interneuron,H,38.0,47.41889453159397
Donor_205,oligodendrocyte,H,38.0,47.97671209351935
Donor_205,oligodendrocyte precursor cell,H,38.0,45.023136605919035
Donor_205,pvalb GABAergic interneuron,H,38.0,55.583061766401975
Donor_205,sst GABAergic interneuron,H,38.0,46.70127569842581
Donor_207,GABAergic neuron,M,35.0,49.22197719820812
Donor_207,L2/3 intratelencephalic projecting glutamatergic neuron,M,35.0,46.81779704765189
Donor_207,L2/3-6 intratelencephalic projecting glutamatergic neuron,M,35.0,39.29978884007551
Donor_207,L5/6 near-projecting glutamatergic neuron,M,35.0,47.59607390880591
Donor_207,L6 corticothalamic-projecting glutamatergic cortical neuron,M,35.0,48.68384160403164
Donor_207,L6 intratelencephalic projecting glutamatergic neuron,M,35.0,48.42363045288508
Donor_207,L6b glutamatergic neuron of the primary motor cortex,M,35.0,53.93243104681677
Donor_207,VIP GABAergic interneuron,M,35.0,50.86576868329791
Donor_207,astrocyte,M,35.0,40.60212532028414
Donor_207,endothelial cell,M,35.0,58.61723147734992
Donor_207,lamp5 GABAergic interneuron,M,35.0,43.29507634799209
Donor_207,microglial cell,M,35.0,45.644411928678544
Donor_207,oligodendrocyte,M,35.0,41.54332697167406
Donor_207,oligodendrocyte precursor cell,M,35.0,42.49443029657639
Donor_207,pvalb GABAergic interneuron,M,35.0,49.27122652925463
Donor_207,sst GABAergic interneuron,M,35.0,45.06513372932833
Donor_211,GABAergic neuron,H,48.0,58.93702211765401
Donor_211,L2/3 intratelencephalic projecting glutamatergic neuron,H,48.0,51.37432708100334
Donor_211,L2/3-6 intratelencephalic projecting glutamatergic neuron,H,48.0,55.944898823438834
Donor_211,L5/6 near-projecting glutamatergic neuron,H,48.0,48.14229235811332
Donor_211,VIP GABAergic interneuron,H,48.0,55.05942574907898
Donor_211,astrocyte,H,48.0,57.715464231306
Donor_211,endothelial cell,H,48.0,47.93972871817347
Donor_211,lamp5 GABAergic interneuron,H,48.0,55.12399949773031
Donor_211,microglial cell,H,48.0,60.590498757922624
Donor_211,oligodendrocyte,H,48.0,53.05919142057494
Donor_211,oligodendrocyte precursor cell,H,48.0,51.12471459595213
Donor_211,pericyte,H,48.0,56.06282313926612
Donor_211,perivascular macrophage,H,48.0,64.35140404146156
Donor_211,pvalb GABAergic interneuron,H,48.0,49.06639382296948
Donor_211,sst GABAergic interneuron,H,48.0,46.07818069983326
Donor_213,L2/3-6 intratelencephalic projecting glutamatergic neuron,H,46.0,68.71962127848613
Donor_213,L6 corticothalamic-projecting glutamatergic cortical neuron,H,46.0,55.45346794712792
Donor_213,VIP GABAergic interneuron,H,46.0,58.646565918933874
Donor_213,astrocyte,H,46.0,49.06061592571464
Donor_213,endothelial cell,H,46.0,63.20150457573474
Donor_213,lamp5 GABAergic interneuron,H,46.0,65.95855013717588
Donor_213,microglial cell,H,46.0,62.27294813929919
Donor_213,oligodendrocyte,H,46.0,60.24991319670002
Donor_213,oligodendrocyte precursor cell,H,46.0,62.01839152339479
Donor_213,pvalb GABAergic interneuron,H,46.0,62.48219833936056
Donor_213,sst GABAergic interneuron,H,46.0,67.87751141463444
Donor_227,GABAergic neuron,M,48.0,36.162898903421606
Donor_227,L2/3 intratelencephalic projecting glutamatergic neuron,M,48.0,48.92771519042677
Donor_227,L2/3-6 intratelencephalic projecting glutamatergic neuron,M,48.0,50.54323183542832
Donor_227,VIP GABAergic interneuron,M,48.0,48.63907238081035
Donor_227,astrocyte,M,48.0,52.99398106241928
Donor_227,lamp5 GABAergic interneuron,M,48.0,47.74414362363529
Donor_227,microglial cell,M,48.0,49.78516705752095
Donor_227,oligodendrocyte,M,48.0,51.46648171298276
Donor_227,oligodendrocyte precursor cell,M,48.0,56.45982383924476
Donor_227,sst GABAergic interneuron,M,48.0,53.24516109865752
Donor_231,L2/3 intratelencephalic projecting glutamatergic neuron,H,59.0,67.48221940432194
Donor_231,L2/3-6 intratelencephalic projecting glutamatergic neuron,H,59.0,61.184548395630486
Donor_231,L5/6 near-projecting glutamatergic neuron,H,59.0,61.1966204009831
Donor_231,L6 corticothalamic-projecting glutamatergic cortical neuron,H,59.0,59.88080871752009
Donor_231,L6 intratelencephalic projecting glutamatergic neuron,H,59.0,60.842072983143616
Donor_231,L6b glutamatergic neuron of the primary motor cortex,H,59.0,58.90034159118047
Donor_231,VIP GABAergic interneuron,H,59.0,52.999258243790294
Donor_231,astrocyte,H,59.0,51.45303926142999
Donor_231,endothelial cell,H,59.0,62.152638761886806
Donor_231,lamp5 GABAergic interneuron,H,59.0,64.49605906889
Donor_231,microglial cell,H,59.0,68.79137740786152
Donor_231,oligodendrocyte,H,59.0,61.36107488193291
Donor_231,oligodendrocyte precursor cell,H,59.0,77.22129936601131
Donor_231,pericyte,H,59.0,59.44037531174488
Donor_231,pvalb GABAergic interneuron,H,59.0,60.064629528345144
Donor_231,sst GABAergic interneuron,H,59.0,71.93242621474474
Donor_232,GABAergic neuron,H,78.0,70.50099744572906
Donor_232,L2/3 intratelencephalic projecting glutamatergic neuron,H,78.0,69.41354290039965
Donor_232,L2/3-6 intratelencephalic projecting glutamatergic neuron,H,78.0,67.9367470707827
Donor_232,L5/6 near-projecting glutamatergic neuron,H,78.0,64.87076509359713
Donor_232,L6 corticothalamic-projecting glutamatergic cortical neuron,H,78.0,62.924714569216086
Donor_232,L6 intratelencephalic projecting glutamatergic neuron,H,78.0,67.53119414175335
Donor_232,L6b glutamatergic neuron of the primary motor cortex,H,78.0,64.15312320290329
Donor_232,VIP GABAergic interneuron,H,78.0,67.57446920964844
Donor_232,astrocyte,H,78.0,65.91887115240795
Donor_232,endothelial cell,H,78.0,46.630986374137706
Donor_232,lamp5 GABAergic interneuron,H,78.0,64.9300715421317
Donor_232,microglial cell,H,78.0,60.51974517059321
Donor_232,oligodendrocyte,H,78.0,63.44442405070454
Donor_232,oligodendrocyte precursor cell,H,78.0,61.542457452802964
Donor_232,pericyte,H,78.0,56.84036213127102
Donor_232,pvalb GABAergic interneuron,H,78.0,68.92838692266412
Donor_232,smooth muscle cell,H,78.0,
Donor_232,sst GABAergic interneuron,H,78.0,63.28626554156352
Donor_232,vascular leptomeningeal cell,H,78.0,53.0905171859633
Donor_238,GABAergic neuron,H,45.0,61.206656911304066
Donor_238,L2/3 intratelencephalic projecting glutamatergic neuron,H,45.0,58.02086497375921
Donor_238,L2/3-6 intratelencephalic projecting glutamatergic neuron,H,45.0,58.990477944846155
Donor_238,L5/6 near-projecting glutamatergic neuron,H,45.0,59.1345152005083
Donor_238,L6 corticothalamic-projecting glutamatergic cortical neuron,H,45.0,55.01027396537267
Donor_238,L6 intratelencephalic projecting glutamatergic neuron,H,45.0,58.45480603599931
Donor_238,L6b glutamatergic neuron of the primary motor cortex,H,45.0,61.02073502079082
Donor_238,VIP GABAergic interneuron,H,45.0,61.03567228232306
Donor_238,astrocyte,H,45.0,56.58394567638632
Donor_238,endothelial cell,H,45.0,49.61852442890175
Donor_238,lamp5 GABAergic interneuron,H,45.0,58.73221058826533
Donor_238,microglial cell,H,45.0,51.05372501092292
Donor_238,oligodendrocyte,H,45.0,53.9849660457995
Donor_238,oligodendrocyte precursor cell,H,45.0,49.70359446728991
Donor_238,pericyte,H,45.0,62.00272149502474
Donor_238,pvalb GABAergic interneuron,H,45.0,60.34199438831701
Donor_238,sst GABAergic interneuron,H,45.0,61.13001582129791
Donor_238,vascular leptomeningeal cell,H,45.0,57.561593015228226
Donor_245,GABAergic neuron,M,75.0,54.192917235018676
Donor_245,L2/3 intratelencephalic projecting glutamatergic neuron,M,75.0,63.13708864831936
Donor_245,L2/3-6 intratelencephalic projecting glutamatergic neuron,M,75.0,58.35351159770993
Donor_245,L5/6 near-projecting glutamatergic neuron,M,75.0,63.96073999255557
Donor_245,L6 corticothalamic-projecting glutamatergic cortical neuron,M,75.0,56.70260074160345
Donor_245,VIP GABAergic interneuron,M,75.0,51.92866425742107
Donor_245,astrocyte,M,75.0,60.02223429677988
Donor_245,endothelial cell,M,75.0,45.03008753423226
Donor_245,lamp5 GABAergic interneuron,M,75.0,51.51497129247343
Donor_245,microglial cell,M,75.0,49.99828046801665
Donor_245,oligodendrocyte,M,75.0,61.24867327210257
Donor_245,oligodendrocyte precursor cell,M,75.0,62.11169640298453
Donor_245,pericyte,M,75.0,43.32438585449814
Donor_245,pvalb GABAergic interneuron,M,75.0,60.79635363292227
Donor_245,sst GABAergic interneuron,M,75.0,57.635339632779505
Donor_267,GABAergic neuron,H,27.0,56.015616822867486
Donor_267,L2/3 intratelencephalic projecting glutamatergic neuron,H,27.0,28.27285268155162
Donor_267,L2/3-6 intratelencephalic projecting glutamatergic neuron,H,27.0,28.717309087476472
Donor_267,L6 intratelencephalic projecting glutamatergic neuron,H,27.0,46.64239533781932
Donor_267,VIP GABAergic interneuron,H,27.0,39.52741235123027
Donor_267,astrocyte,H,27.0,42.067450126180105
Donor_267,endothelial cell,H,27.0,55.79902457492165
Donor_267,lamp5 GABAergic interneuron,H,27.0,50.814483534922346
Donor_267,microglial cell,H,27.0,54.77944169259888
Donor_267,oligodendrocyte,H,27.0,44.00070509664451
Donor_267,oligodendrocyte precursor cell,H,27.0,40.802601651642846
Donor_267,pvalb GABAergic interneuron,H,27.0,41.4917319652852
Donor_267,sst GABAergic interneuron,H,27.0,32.9616497659649
Donor_27,GABAergic neuron,M,89.0,62.030041995760705
Donor_27,L2/3 intratelencephalic projecting glutamatergic neuron,M,89.0,81.15669715712538
Donor_27,L2/3-6 intratelencephalic projecting glutamatergic neuron,M,89.0,71.25248547804661
Donor_27,VIP GABAergic interneuron,M,89.0,64.05900182863076
Donor_27,astrocyte,M,89.0,78.83815715361314
Donor_27,lamp5 GABAergic interneuron,M,89.0,68.38797299436632
Donor_27,microglial cell,M,89.0,55.705211057417706
Donor_27,oligodendrocyte,M,89.0,68.32174006203597
Donor_27,oligodendrocyte precursor cell,M,89.0,90.66658626945804
Donor_27,perivascular macrophage,M,89.0,36.996333093238746
Donor_27,pvalb GABAergic interneuron,M,89.0,71.51396688350701
Donor_27,sst GABAergic interneuron,M,89.0,54.26971664738171
Donor_27,vascular leptomeningeal cell,M,89.0,56.341984997519916
Donor_287,GABAergic neuron,M,64.0,60.60985218934344
Donor_287,L2/3 intratelencephalic projecting glutamatergic neuron,M,64.0,62.52353488016142
Donor_287,L2/3-6 intratelencephalic projecting glutamatergic neuron,M,64.0,64.05230105195767
Donor_287,L5/6 near-projecting glutamatergic neuron,M,64.0,69.48998855645357
Donor_287,L6 corticothalamic-projecting glutamatergic cortical neuron,M,64.0,66.29269926237035
Donor_287,L6 intratelencephalic projecting glutamatergic neuron,M,64.0,71.45667312142186
Donor_287,L6b glutamatergic neuron of the primary motor cortex,M,64.0,66.00375934830032
Donor_287,VIP GABAergic interneuron,M,64.0,56.80168094657473
Donor_287,astrocyte,M,64.0,54.51871445902147
Donor_287,endothelial cell,M,64.0,56.081926739952095
Donor_287,lamp5 GABAergic interneuron,M,64.0,68.77748716063225
Donor_287,microglial cell,M,64.0,53.253219504096506
Donor_287,oligodendrocyte,M,64.0,60.280995002172524
Donor_287,oligodendrocyte precursor cell,M,64.0,56.523309942564566
Donor_287,pericyte,M,64.0,47.08507524123727
Donor_287,pvalb GABAergic interneuron,M,64.0,63.120059577454214
Donor_287,sst GABAergic interneuron,M,64.0,66.86801893726252
Donor_288,GABAergic neuron,M,41.0,38.36072444003711
Donor_288,L2/3 intratelencephalic projecting glutamatergic neuron,M,41.0,44.951982458014456
Donor_288,L2/3-6 intratelencephalic projecting glutamatergic neuron,M,41.0,45.86639842673198
Donor_288,VIP GABAergic interneuron,M,41.0,42.49964488187122
Donor_288,astrocyte,M,41.0,52.4002350846152
Donor_288,endothelial cell,M,41.0,46.1925895794668
Donor_288,lamp5 GABAergic interneuron,M,41.0,46.820323037998136
Donor_288,microglial cell,M,41.0,48.69830536326395
Donor_288,oligodendrocyte,M,41.0,45.78484191321904
Donor_288,oligodendrocyte precursor cell,M,41.0,58.88690414784085
Donor_288,pericyte,M,41.0,38.7971243838771
Donor_288,pvalb GABAergic interneuron,M,41.0,49.377212777745925
Donor_288,sst GABAergic interneuron,M,41.0,45.45985030758028
Donor_291,GABAergic neuron,H,30.0,54.27699325553388
Donor_291,L2/3 intratelencephalic projecting glutamatergic neuron,H,30.0,43.008131612800895
Donor_291,L2/3-6 intratelencephalic projecting glutamatergic neuron,H,30.0,49.5980535180702
Donor_291,VIP GABAergic interneuron,H,30.0,57.34077009099507
Donor_291,astrocyte,H,30.0,47.07987972527597
Donor_291,endothelial cell,H,30.0,58.46505306828216
Donor_291,lamp5 GABAergic interneuron,H,30.0,47.94639395663225
Donor_291,microglial cell,H,30.0,50.893514171034795
Donor_291,oligodendrocyte,H,30.0,56.23789274526072
Donor_291,oligodendrocyte precursor cell,H,30.0,49.715040329880324
Donor_291,pericyte,H,30.0,58.69776989951517
Donor_291,perivascular macrophage,H,30.0,71.71947605555036
Donor_291,pvalb GABAergic interneuron,H,30.0,55.71756038232642
Donor_291,sst GABAergic interneuron,H,30.0,41.13527184580369
Donor_291,vascular leptomeningeal cell,H,30.0,66.49889927426017
Donor_307,GABAergic neuron,M,56.0,46.41827552288
Donor_307,L2/3 intratelencephalic projecting glutamatergic neuron,M,56.0,47.108666396238405
Donor_307,L2/3-6 intratelencephalic projecting glutamatergic neuron,M,56.0,41.60821407335632
Donor_307,L5/6 near-projecting glutamatergic neuron,M,56.0,41.99453551557656
Donor_307,L6 corticothalamic-projecting glutamatergic cortical neuron,M,56.0,43.06792360229934
Donor_307,L6 intratelencephalic projecting glutamatergic neuron,M,56.0,42.60790128426348
Donor_307,L6b glutamatergic neuron of the primary motor cortex,M,56.0,50.356427965005835
Donor_307,VIP GABAergic interneuron,M,56.0,44.09293296125615
Donor_307,astrocyte,M,56.0,46.59557755354047
Donor_307,endothelial cell,M,56.0,40.56371603928949
Donor_307,lamp5 GABAergic interneuron,M,56.0,48.06068133736578
Donor_307,microglial cell,M,56.0,55.396214286673185
Donor_307,oligodendrocyte,M,56.0,48.15887693015343
Donor_307,oligodendrocyte precursor cell,M,56.0,49.74301756062935
Donor_307,pericyte,M,56.0,42.64776367215667
Donor_307,pvalb GABAergic interneuron,M,56.0,46.35173824814846
Donor_307,sst GABAergic interneuron,M,56.0,49.82369906645227
Donor_313,GABAergic neuron,H,58.0,57.23133851902096
Donor_313,L2/3 intratelencephalic projecting glutamatergic neuron,H,58.0,57.237939983895345
Donor_313,L2/3-6 intratelencephalic projecting glutamatergic neuron,H,58.0,51.81632209119687
Donor_313,L6 intratelencephalic projecting glutamatergic neuron,H,58.0,60.308605629875274
Donor_313,VIP GABAergic interneuron,H,58.0,62.79378276425054
Donor_313,astrocyte,H,58.0,50.01164740636992
Donor_313,endothelial cell,H,58.0,50.72520206036933
Donor_313,lamp5 GABAergic interneuron,H,58.0,60.71056493482756
Donor_313,microglial cell,H,58.0,47.04892733755201
Donor_313,oligodendrocyte,H,58.0,53.12008640986476
Donor_313,oligodendrocyte precursor cell,H,58.0,50.04402056295349
Donor_313,pericyte,H,58.0,56.30114085311727
Donor_313,pvalb GABAergic interneuron,H,58.0,50.27433809625745
Donor_313,sst GABAergic interneuron,H,58.0,50.404142668366646
Donor_313,vascular leptomeningeal cell,H,58.0,59.7182990124264
Donor_314,GABAergic neuron,H,25.0,48.27980586443283
Donor_314,L2/3 intratelencephalic projecting glutamatergic neuron,H,25.0,35.42360238737927
Donor_314,L2/3-6 intratelencephalic projecting glutamatergic neuron,H,25.0,43.27652941951273
Donor_314,L6 corticothalamic-projecting glutamatergic cortical neuron,H,25.0,41.04518739679586
Donor_314,VIP GABAergic interneuron,H,25.0,50.9837671159439
Donor_314,astrocyte,H,25.0,35.328804491094274
Donor_314,endothelial cell,H,25.0,45.89421909652896
Donor_314,lamp5 GABAergic interneuron,H,25.0,60.52719143630931
Donor_314,microglial cell,H,25.0,48.2866821745815
Donor_314,oligodendrocyte,H,25.0,33.39955752455684
Donor_314,oligodendrocyte precursor cell,H,25.0,35.16257963305414
Donor_314,pvalb GABAergic interneuron,H,25.0,47.323414923964776
Donor_314,sst GABAergic interneuron,H,25.0,46.56606717537669
Donor_317,GABAergic neuron,M,75.0,67.5812931726656
Donor_317,L2/3 intratelencephalic projecting glutamatergic neuron,M,75.0,69.57401549743851
Donor_317,L2/3-6 intratelencephalic projecting glutamatergic neuron,M,75.0,67.58818654175194
Donor_317,L5/6 near-projecting glutamatergic neuron,M,75.0,61.32486624949902
Donor_317,L6 corticothalamic-projecting glutamatergic cortical neuron,M,75.0,69.01490883994222
Donor_317,L6 intratelencephalic projecting glutamatergic neuron,M,75.0,69.75989428634328
Donor_317,VIP GABAergic interneuron,M,75.0,63.61146127162119
Donor_317,astrocyte,M,75.0,73.03686268867622
Donor_317,endothelial cell,M,75.0,46.54753810075377
Donor_317,lamp5 GABAergic interneuron,M,75.0,62.99603456987896
Donor_317,microglial cell,M,75.0,61.557088861102564
Donor_317,oligodendrocyte,M,75.0,65.17246032019526
Donor_317,oligodendrocyte precursor cell,M,75.0,69.599937006757
Donor_317,pericyte,M,75.0,50.40677635511435
Donor_317,pvalb GABAergic interneuron,M,75.0,66.0255763821967
Donor_317,sst GABAergic interneuron,M,75.0,64.84965476297175
Donor_325,GABAergic neuron,M,73.0,46.50572281879065
Donor_325,L2/3 intratelencephalic projecting glutamatergic neuron,M,73.0,59.74238888354616
Donor_325,L2/3-6 intratelencephalic projecting glutamatergic neuron,M,73.0,58.61922089881459
Donor_325,L5/6 near-projecting glutamatergic neuron,M,73.0,55.18122942500359
Donor_325,L6 corticothalamic-projecting glutamatergic cortical neuron,M,73.0,54.694330795738665
Donor_325,L6 intratelencephalic projecting glutamatergic neuron,M,73.0,60.7834960485241
Donor_325,L6b glutamatergic neuron of the primary motor cortex,M,73.0,51.62156402293636
Donor_325,VIP GABAergic interneuron,M,73.0,48.25903966569562
Donor_325,astrocyte,M,73.0,66.14240879348736
Donor_325,endothelial cell,M,73.0,41.58889666586413
Donor_325,lamp5 GABAergic interneuron,M,73.0,49.454929913631005
Donor_325,microglial cell,M,73.0,36.24951800448581
Donor_325,oligodendrocyte,M,73.0,58.24955044450294
Donor_325,oligodendrocyte precursor cell,M,73.0,60.25230973566553
Donor_325,pvalb GABAergic interneuron,M,73.0,52.479523924830566
Donor_325,sst GABAergic interneuron,M,73.0,51.205766021739024
Donor_325,vascular leptomeningeal cell,M,73.0,39.80854061140603
Donor_330,L6b glutamatergic neuron of the primary motor cortex,H,23.0,52.695039792008586
Donor_330,astrocyte,H,23.0,43.57080354296853
Donor_330,endothelial cell,H,23.0,54.12702911981744
Donor_330,microglial cell,H,23.0,47.40508024667339
Donor_330,oligodendrocyte,H,23.0,59.205024931371405
Donor_330,oligodendrocyte precursor cell,H,23.0,32.940523198389215
Donor_332,GABAergic neuron,H,48.0,57.37509780006428
Donor_332,L2/3 intratelencephalic projecting glutamatergic neuron,H,48.0,51.15389436174788
Donor_332,L2/3-6 intratelencephalic projecting glutamatergic neuron,H,48.0,55.567555383578934
Donor_332,L5/6 near-projecting glutamatergic neuron,H,48.0,56.3324560721922
Donor_332,L6 corticothalamic-projecting glutamatergic cortical neuron,H,48.0,57.3492211316642
Donor_332,L6 intratelencephalic projecting glutamatergic neuron,H,48.0,54.002493216271446
Donor_332,L6b glutamatergic neuron of the primary motor cortex,H,48.0,57.70425812998384
Donor_332,VIP GABAergic interneuron,H,48.0,52.79977169062319
Donor_332,astrocyte,H,48.0,55.60544761101813
Donor_332,endothelial cell,H,48.0,48.358649681942126
Donor_332,lamp5 GABAergic interneuron,H,48.0,61.6748602392037
Donor_332,microglial cell,H,48.0,58.2961176097085
Donor_332,oligodendrocyte,H,48.0,50.55125921743917
Donor_332,oligodendrocyte precursor cell,H,48.0,49.55877375020021
Donor_332,pericyte,H,48.0,54.81181412307909
Donor_332,perivascular macrophage,H,48.0,65.14506337342455
Donor_332,pvalb GABAergic interneuron,H,48.0,49.548708101435146
Donor_332,sst GABAergic interneuron,H,48.0,54.24075050568807
Donor_332,vascular leptomeningeal cell,H,48.0,61.00176936174423
Donor_338,GABAergic neuron,H,46.0,60.407411269789755
Donor_338,L2/3 intratelencephalic projecting glutamatergic neuron,H,46.0,48.400579532303794
Donor_338,L2/3-6 intratelencephalic projecting glutamatergic neuron,H,46.0,54.60851190652852
Donor_338,L5/6 near-projecting glutamatergic neuron,H,46.0,56.96547295745421
Donor_338,L6 corticothalamic-projecting glutamatergic cortical neuron,H,46.0,52.123661100338715
Donor_338,L6 intratelencephalic projecting glutamatergic neuron,H,46.0,51.730568538588926
Donor_338,L6b glutamatergic neuron of the primary motor cortex,H,46.0,55.34557992485196
Donor_338,VIP GABAergic interneuron,H,46.0,53.41030398792287
Donor_338,astrocyte,H,46.0,45.87387404043708
Donor_338,endothelial cell,H,46.0,59.58919412918878
Donor_338,lamp5 GABAergic interneuron,H,46.0,51.25704425750751
Donor_338,microglial cell,H,46.0,52.234935786755294
Donor_338,oligodendrocyte,H,46.0,54.13294466386772
Donor_338,oligodendrocyte precursor cell,H,46.0,52.05575048415055
Donor_338,pericyte,H,46.0,60.13129179972123
Donor_338,perivascular macrophage,H,46.0,61.29419121995167
Donor_338,pvalb GABAergic interneuron,H,46.0,50.52042989883687
Donor_338,sst GABAergic interneuron,H,46.0,48.343205244389324
Donor_338,vascular leptomeningeal cell,H,46.0,67.50042478101471
Donor_346,L2/3 intratelencephalic projecting glutamatergic neuron,H,22.0,33.477542240640325
Donor_346,L2/3-6 intratelencephalic projecting glutamatergic neuron,H,22.0,34.02888855780721
Donor_346,L5/6 near-projecting glutamatergic neuron,H,22.0,51.16390035351724
Donor_346,L6 corticothalamic-projecting glutamatergic cortical neuron,H,22.0,43.35418390835759
Donor_346,L6 intratelencephalic projecting glutamatergic neuron,H,22.0,42.419706232346854
Donor_346,L6b glutamatergic neuron of the primary motor cortex,H,22.0,46.11551212557543
Donor_346,VIP GABAergic interneuron,H,22.0,49.19843421245873
Donor_346,astrocyte,H,22.0,43.52671188565022
Donor_346,endothelial cell,H,22.0,47.792634295966735
Donor_346,lamp5 GABAergic interneuron,H,22.0,58.97027466304526
Donor_346,microglial cell,H,22.0,47.27656278299418
Donor_346,oligodendrocyte,H,22.0,41.29271439929442
Donor_346,oligodendrocyte precursor cell,H,22.0,38.9910585722528
Donor_346,pericyte,H,22.0,57.262185832484576
Donor_346,pvalb GABAergic interneuron,H,22.0,43.62472777836577
Donor_346,sst GABAergic interneuron,H,22.0,47.89807179671248
Donor_346,vascular leptomeningeal cell,H,22.0,58.73921219460126
Donor_349,GABAergic neuron,H,30.0,51.43913736264149
Donor_349,L2/3 intratelencephalic projecting glutamatergic neuron,H,30.0,38.93927700709085
Donor_349,L2/3-6 intratelencephalic projecting glutamatergic neuron,H,30.0,38.5082708650593
Donor_349,L5/6 near-projecting glutamatergic neuron,H,30.0,52.93919585037693
Donor_349,L6 corticothalamic-projecting glutamatergic cortical neuron,H,30.0,42.38192843367474
Donor_349,L6 intratelencephalic projecting glutamatergic neuron,H,30.0,41.637935276434845
Donor_349,L6b glutamatergic neuron of the primary motor cortex,H,30.0,52.01579610372255
Donor_349,VIP GABAergic interneuron,H,30.0,49.326908473544385
Donor_349,astrocyte,H,30.0,44.006833341532236
Donor_349,endothelial cell,H,30.0,49.199341844095024
Donor_349,lamp5 GABAergic interneuron,H,30.0,56.86200134067476
Donor_349,microglial cell,H,30.0,52.30914171729835
Donor_349,oligodendrocyte,H,30.0,48.973985314164324
Donor_349,oligodendrocyte precursor cell,H,30.0,41.37173820502045
Donor_349,pericyte,H,30.0,54.33239450851441
Donor_349,pvalb GABAergic interneuron,H,30.0,41.18488536867312
Donor_349,sst GABAergic interneuron,H,30.0,44.20882710188164
Donor_349,vascular leptomeningeal cell,H,30.0,53.851330174673215
Donor_352,L2/3 intratelencephalic projecting glutamatergic neuron,M,63.0,57.77555479153521
Donor_352,VIP GABAergic interneuron,M,63.0,32.62913607492045
Donor_352,astrocyte,M,63.0,69.69472895785206
Donor_352,microglial cell,M,63.0,48.19872512641839
Donor_352,oligodendrocyte,M,63.0,53.47486180604762
Donor_352,oligodendrocyte precursor cell,M,63.0,57.2156148565748
Donor_352,sst GABAergic interneuron,M,63.0,46.56173256101519
Donor_354,L2/3 intratelencephalic projecting glutamatergic neuron,H,21.0,36.065404117535365
Donor_354,L2/3-6 intratelencephalic projecting glutamatergic neuron,H,21.0,22.668310774857034
Donor_354,astrocyte,H,21.0,35.38978440455336
Donor_354,microglial cell,H,21.0,51.585424543902704
Donor_354,oligodendrocyte,H,21.0,45.71619299569036
Donor_354,oligodendrocyte precursor cell,H,21.0,41.6117662891816
Donor_361,GABAergic neuron,H,56.0,57.12712230768788
Donor_361,L2/3 intratelencephalic projecting glutamatergic neuron,H,56.0,59.59578065191607
Donor_361,L2/3-6 intratelencephalic projecting glutamatergic neuron,H,56.0,60.79643069618924
Donor_361,L6 corticothalamic-projecting glutamatergic cortical neuron,H,56.0,60.44058928225442
Donor_361,L6 intratelencephalic projecting glutamatergic neuron,H,56.0,59.751040908114405
Donor_361,L6b glutamatergic neuron of the primary motor cortex,H,56.0,50.45512741395829
Donor_361,VIP GABAergic interneuron,H,56.0,55.61579858688885
Donor_361,astrocyte,H,56.0,55.17556734272183
Donor_361,endothelial cell,H,56.0,58.045326173133894
Donor_361,lamp5 GABAergic interneuron,H,56.0,56.270786863472246
Donor_361,microglial cell,H,56.0,56.4412987897271
Donor_361,oligodendrocyte,H,56.0,53.38975679532906
Donor_361,oligodendrocyte precursor cell,H,56.0,48.59240638419246
Donor_361,pericyte,H,56.0,60.31886614708308
Donor_361,pvalb GABAergic interneuron,H,56.0,58.69912898478373
Donor_361,sst GABAergic interneuron,H,56.0,59.90520726268767
Donor_361,vascular leptomeningeal cell,H,56.0,64.33383785270695
Donor_364,GABAergic neuron,H,28.0,55.70307102262716
Donor_364,L2/3 intratelencephalic projecting glutamatergic neuron,H,28.0,23.94785295161087
Donor_364,L2/3-6 intratelencephalic projecting glutamatergic neuron,H,28.0,35.533241802450405
Donor_364,L6 corticothalamic-projecting glutamatergic cortical neuron,H,28.0,49.338621334919836
Donor_364,L6 intratelencephalic projecting glutamatergic neuron,H,28.0,43.18748241906225
Donor_364,L6b glutamatergic neuron of the primary motor cortex,H,28.0,48.281892840150775
Donor_364,VIP GABAergic interneuron,H,28.0,47.770773556003654
Donor_364,astrocyte,H,28.0,45.95759627305903
Donor_364,endothelial cell,H,28.0,54.763971826866964
Donor_364,lamp5 GABAergic interneuron,H,28.0,48.925203122484845
Donor_364,microglial cell,H,28.0,54.218202733041856
Donor_364,oligodendrocyte,H,28.0,57.625710114202434
Donor_364,oligodendrocyte precursor cell,H,28.0,43.63679224802024
Donor_364,pericyte,H,28.0,54.703236815662535
Donor_364,perivascular macrophage,H,28.0,58.96297765212016
Donor_364,pvalb GABAergic interneuron,H,28.0,40.32167722326849
Donor_364,sst GABAergic interneuron,H,28.0,43.76638710683791
Donor_364,vascular leptomeningeal cell,H,28.0,55.26612922860788
Donor_366,L2/3 intratelencephalic projecting glutamatergic neuron,M,83.0,74.12368707749722
Donor_366,L2/3-6 intratelencephalic projecting glutamatergic neuron,M,83.0,74.32984453665995
Donor_366,VIP GABAergic interneuron,M,83.0,52.72221584033962
Donor_366,astrocyte,M,83.0,76.16687909696066
Donor_366,lamp5 GABAergic interneuron,M,83.0,51.05653963651969
Donor_366,microglial cell,M,83.0,51.79591411864807
Donor_366,oligodendrocyte,M,83.0,73.82977068789857
Donor_366,oligodendrocyte precursor cell,M,83.0,81.31946755423854
Donor_366,pvalb GABAergic interneuron,M,83.0,70.06543509454147
Donor_366,sst GABAergic interneuron,M,83.0,59.460752108948924
Donor_37,GABAergic neuron,H,63.0,69.07492103072252
Donor_37,L2/3 intratelencephalic projecting glutamatergic neuron,H,63.0,65.24244383866937
Donor_37,L2/3-6 intratelencephalic projecting glutamatergic neuron,H,63.0,63.72789308139212
Donor_37,L5/6 near-projecting glutamatergic neuron,H,63.0,64.12166071521858
Donor_37,L6 corticothalamic-projecting glutamatergic cortical neuron,H,63.0,65.53178593829156
Donor_37,L6 intratelencephalic projecting glutamatergic neuron,H,63.0,63.62028894564938
Donor_37,L6b glutamatergic neuron of the primary motor cortex,H,63.0,70.6363966978887
Donor_37,VIP GABAergic interneuron,H,63.0,67.98234338024606
Donor_37,astrocyte,H,63.0,63.663502566285366
Donor_37,endothelial cell,H,63.0,50.25743674662515
Donor_37,lamp5 GABAergic interneuron,H,63.0,61.483375700992596
Donor_37,microglial cell,H,63.0,59.27708748317231
Donor_37,oligodendrocyte,H,63.0,53.940750511162506
Donor_37,oligodendrocyte precursor cell,H,63.0,59.872228768245286
Donor_37,pericyte,H,63.0,57.76399822508124
Donor_37,perivascular macrophage,H,63.0,60.91362763978603
Donor_37,pvalb GABAergic interneuron,H,63.0,58.8712800930135
Donor_37,sst GABAergic interneuron,H,63.0,68.2686385603594
Donor_37,vascular leptomeningeal cell,H,63.0,55.86983624697593
Donor_370,GABAergic neuron,M,49.0,51.5100817560039
Donor_370,L2/3 intratelencephalic projecting glutamatergic neuron,M,49.0,57.726774488275595
Donor_370,L2/3-6 intratelencephalic projecting glutamatergic neuron,M,49.0,53.95816402701615
Donor_370,L5/6 near-projecting glutamatergic neuron,M,49.0,53.39418609635585
Donor_370,L6 corticothalamic-projecting glutamatergic cortical neuron,M,49.0,54.3105792181241
Donor_370,L6 intratelencephalic projecting glutamatergic neuron,M,49.0,56.57516786108781
Donor_370,L6b glutamatergic neuron of the primary motor cortex,M,49.0,55.454279739337196
Donor_370,VIP GABAergic interneuron,M,49.0,49.06510913948494
Donor_370,astrocyte,M,49.0,59.2858313185848
Donor_370,endothelial cell,M,49.0,46.71449774076809
Donor_370,lamp5 GABAergic interneuron,M,49.0,51.7664294181778
Donor_370,microglial cell,M,49.0,57.63784410155884
Donor_370,oligodendrocyte,M,49.0,47.16681874207223
Donor_370,oligodendrocyte precursor cell,M,49.0,53.21838654946451
Donor_370,pericyte,M,49.0,40.54765056375511
Donor_370,pvalb GABAergic interneuron,M,49.0,50.29252528444683
Donor_370,smooth muscle cell,M,49.0,35.40870468667853
Donor_370,sst GABAergic interneuron,M,49.0,47.28668250676368
Donor_372,L2/3 intratelencephalic projecting glutamatergic neuron,M,70.0,64.680275851828
Donor_372,L2/3-6 intratelencephalic projecting glutamatergic neuron,M,70.0,67.85151252487121
Donor_372,L5/6 near-projecting glutamatergic neuron,M,70.0,56.96649298890367
Donor_372,L6 intratelencephalic projecting glutamatergic neuron,M,70.0,65.65105202118099
Donor_372,VIP GABAergic interneuron,M,70.0,55.63749374495812
Donor_372,astrocyte,M,70.0,65.06783045001411
Donor_372,lamp5 GABAergic interneuron,M,70.0,60.17422829453793
Donor_372,microglial cell,M,70.0,59.47881638022687
Donor_372,oligodendrocyte,M,70.0,40.99678924874776
Donor_372,oligodendrocyte precursor cell,M,70.0,53.65315675191328
Donor_372,pericyte,M,70.0,46.38292612804202
Donor_372,pvalb GABAergic interneuron,M,70.0,65.6718468971643
Donor_388,L2/3 intratelencephalic projecting glutamatergic neuron,H,58.0,64.66266104689848
Donor_388,L2/3-6 intratelencephalic projecting glutamatergic neuron,H,58.0,66.80964912681083
Donor_388,L5/6 near-projecting glutamatergic neuron,H,58.0,59.07654186771039
Donor_388,VIP GABAergic interneuron,H,58.0,64.95500469867379
Donor_388,astrocyte,H,58.0,63.74919761698444
Donor_388,lamp5 GABAergic interneuron,H,58.0,59.254963159274965
Donor_388,microglial cell,H,58.0,61.043830220435154
Donor_388,oligodendrocyte,H,58.0,64.94370843712437
Donor_388,oligodendrocyte precursor cell,H,58.0,52.71043053685514
Donor_388,pvalb GABAergic interneuron,H,58.0,66.953264070095
Donor_388,sst GABAergic interneuron,H,58.0,59.1648868978536
Donor_394,GABAergic neuron,M,80.0,74.30022890370697
Donor_394,L2/3 intratelencephalic projecting glutamatergic neuron,M,80.0,68.75731010771052
Donor_394,L2/3-6 intratelencephalic projecting glutamatergic neuron,M,80.0,63.12088182658822
Donor_394,L5/6 near-projecting glutamatergic neuron,M,80.0,59.89995803027955
Donor_394,L6 corticothalamic-projecting glutamatergic cortical neuron,M,80.0,66.74384692983824
Donor_394,L6 intratelencephalic projecting glutamatergic neuron,M,80.0,64.26701926003973
Donor_394,L6b glutamatergic neuron of the primary motor cortex,M,80.0,61.543991406149416
Donor_394,VIP GABAergic interneuron,M,80.0,73.84521489131417
Donor_394,astrocyte,M,80.0,66.35278652562101
Donor_394,lamp5 GABAergic interneuron,M,80.0,60.26142275002439
Donor_394,microglial cell,M,80.0,69.38186138238179
Donor_394,oligodendrocyte,M,80.0,66.01567279473454
Donor_394,oligodendrocyte precursor cell,M,80.0,82.99951987074095
Donor_394,pvalb GABAergic interneuron,M,80.0,65.16482005975823
Donor_394,sst GABAergic interneuron,M,80.0,61.164213440901904
Donor_401,GABAergic neuron,M,47.0,33.35609392506021
Donor_401,L2/3 intratelencephalic projecting glutamatergic neuron,M,47.0,49.59392852108829
Donor_401,L2/3-6 intratelencephalic projecting glutamatergic neuron,M,47.0,55.175333395852164
Donor_401,VIP GABAergic interneuron,M,47.0,45.53592624721687
Donor_401,astrocyte,M,47.0,44.60369776388176
Donor_401,lamp5 GABAergic interneuron,M,47.0,42.113660310133476
Donor_401,microglial cell,M,47.0,35.32993961485175
Donor_401,oligodendrocyte,M,47.0,42.71083783350359
Donor_401,oligodendrocyte precursor cell,M,47.0,47.690812870509696
Donor_401,pvalb GABAergic interneuron,M,47.0,43.03482891889128
Donor_401,sst GABAergic interneuron,M,47.0,40.33968154951187
Donor_402,GABAergic neuron,H,55.0,58.13920368107314
Donor_402,L2/3 intratelencephalic projecting glutamatergic neuron,H,55.0,62.31396270489439
Donor_402,L2/3-6 intratelencephalic projecting glutamatergic neuron,H,55.0,58.24368029394111
Donor_402,L5/6 near-projecting glutamatergic neuron,H,55.0,60.349660720144364
Donor_402,L6 corticothalamic-projecting glutamatergic cortical neuron,H,55.0,56.45457544673084
Donor_402,L6 intratelencephalic projecting glutamatergic neuron,H,55.0,58.9105697001335
Donor_402,L6b glutamatergic neuron of the primary motor cortex,H,55.0,58.109011161212656
Donor_402,VIP GABAergic interneuron,H,55.0,57.963772463771605
Donor_402,astrocyte,H,55.0,55.104895241782906
Donor_402,endothelial cell,H,55.0,54.52016636818253
Donor_402,lamp5 GABAergic interneuron,H,55.0,57.86268921530766
Donor_402,microglial cell,H,55.0,58.14598878884601
Donor_402,oligodendrocyte,H,55.0,49.1299445075616
Donor_402,oligodendrocyte precursor cell,H,55.0,55.26723891221864
Donor_402,pvalb GABAergic interneuron,H,55.0,53.14059038061679
Donor_402,sst GABAergic interneuron,H,55.0,61.583815349699634
Donor_415,GABAergic neuron,M,63.0,48.42685541060705
Donor_415,L2/3 intratelencephalic projecting glutamatergic neuron,M,63.0,60.722356795150844
Donor_415,L2/3-6 intratelencephalic projecting glutamatergic neuron,M,63.0,67.07001922687346
Donor_415,L5/6 near-projecting glutamatergic neuron,M,63.0,62.80937602488869
Donor_415,L6 corticothalamic-projecting glutamatergic cortical neuron,M,63.0,63.29032582297084
Donor_415,L6 intratelencephalic projecting glutamatergic neuron,M,63.0,63.21728578072059
Donor_415,VIP GABAergic interneuron,M,63.0,57.15130293659445
Donor_415,astrocyte,M,63.0,59.01760418452321
Donor_415,endothelial cell,M,63.0,71.6725618759681
Donor_415,lamp5 GABAergic interneuron,M,63.0,50.289832748141535
Donor_415,microglial cell,M,63.0,50.09643518307854
Donor_415,oligodendrocyte,M,63.0,63.8491898393001
Donor_415,oligodendrocyte precursor cell,M,63.0,56.254119646594404
Donor_415,pvalb GABAergic interneuron,M,63.0,60.893457247241
Donor_415,sst GABAergic interneuron,M,63.0,59.821259377073346
Donor_429,GABAergic neuron,M,49.0,65.39198915968092
Donor_429,L2/3 intratelencephalic projecting glutamatergic neuron,M,49.0,59.0039524637024
Donor_429,L2/3-6 intratelencephalic projecting glutamatergic neuron,M,49.0,56.52032758297452
Donor_429,L5/6 near-projecting glutamatergic neuron,M,49.0,61.46597912443196
Donor_429,L6 corticothalamic-projecting glutamatergic cortical neuron,M,49.0,57.341722124820976
Donor_429,L6 intratelencephalic projecting glutamatergic neuron,M,49.0,56.50345730213781
Donor_429,L6b glutamatergic neuron of the primary motor cortex,M,49.0,58.3423181386608
Donor_429,VIP GABAergic interneuron,M,49.0,53.49592928567019
Donor_429,astrocyte,M,49.0,57.67285814515727
Donor_429,lamp5 GABAergic interneuron,M,49.0,57.98696644239189
Donor_429,microglial cell,M,49.0,44.60975865648535
Donor_429,oligodendrocyte,M,49.0,50.63565383497124
Donor_429,oligodendrocyte precursor cell,M,49.0,58.970279946324844
Donor_429,pericyte,M,49.0,57.60285086985891
Donor_429,pvalb GABAergic interneuron,M,49.0,58.661904041476134
Donor_429,sst GABAergic interneuron,M,49.0,50.71156751639852
Donor_433,L2/3 intratelencephalic projecting glutamatergic neuron,M,64.0,61.08869504328179
Donor_433,VIP GABAergic interneuron,M,64.0,47.688741678616864
Donor_433,astrocyte,M,64.0,59.08483819560017
Donor_433,microglial cell,M,64.0,40.11205053232608
Donor_433,oligodendrocyte,M,64.0,66.2315620477283
Donor_433,oligodendrocyte precursor cell,M,64.0,56.97200981624717
Donor_456,GABAergic neuron,M,58.0,38.0390592576519
Donor_456,L2/3 intratelencephalic projecting glutamatergic neuron,M,58.0,52.97421635538797
Donor_456,L2/3-6 intratelencephalic projecting glutamatergic neuron,M,58.0,50.825691742400714
Donor_456,L5/6 near-projecting glutamatergic neuron,M,58.0,45.32931619942455
Donor_456,L6 corticothalamic-projecting glutamatergic cortical neuron,M,58.0,52.380204880805806
Donor_456,L6 intratelencephalic projecting glutamatergic neuron,M,58.0,49.95534311151414
Donor_456,L6b glutamatergic neuron of the primary motor cortex,M,58.0,44.10025092100093
Donor_456,VIP GABAergic interneuron,M,58.0,38.78048548169194
Donor_456,astrocyte,M,58.0,61.21441174246952
Donor_456,endothelial cell,M,58.0,47.15506032714656
Donor_456,lamp5 GABAergic interneuron,M,58.0,42.78493757143995
Donor_456,microglial cell,M,58.0,50.22854727005338
Donor_456,oligodendrocyte,M,58.0,50.95678424057094
Donor_456,oligodendrocyte precursor cell,M,58.0,56.86078841708245
Donor_456,pericyte,M,58.0,42.57699625049587
Donor_456,pvalb GABAergic interneuron,M,58.0,45.82820627899629
Donor_456,sst GABAergic interneuron,M,58.0,50.58194442540225
Donor_456,vascular leptomeningeal cell,M,58.0,43.14030665994651
Donor_462,GABAergic neuron,H,60.0,57.8691290231698
Donor_462,L2/3 intratelencephalic projecting glutamatergic neuron,H,60.0,56.175029353264286
Donor_462,L2/3-6 intratelencephalic projecting glutamatergic neuron,H,60.0,59.41762154826427
Donor_462,L5/6 near-projecting glutamatergic neuron,H,60.0,55.25738482188324
Donor_462,L6 corticothalamic-projecting glutamatergic cortical neuron,H,60.0,52.2409203784411
Donor_462,L6 intratelencephalic projecting glutamatergic neuron,H,60.0,53.60656256648222
Donor_462,L6b glutamatergic neuron of the primary motor cortex,H,60.0,56.5085487711824
Donor_462,VIP GABAergic interneuron,H,60.0,56.04898436322784
Donor_462,astrocyte,H,60.0,62.100072751260626
Donor_462,endothelial cell,H,60.0,40.76246238448597
Donor_462,lamp5 GABAergic interneuron,H,60.0,59.27608929094132
Donor_462,microglial cell,H,60.0,66.20495378228962
Donor_462,oligodendrocyte,H,60.0,60.155297294503605
Donor_462,oligodendrocyte precursor cell,H,60.0,67.26385634056741
Donor_462,pericyte,H,60.0,54.59721863564821
Donor_462,pvalb GABAergic interneuron,H,60.0,52.56889038227399
Donor_462,smooth muscle cell,H,60.0,
Donor_462,sst GABAergic interneuron,H,60.0,63.039297416387086
Donor_462,vascular leptomeningeal cell,H,60.0,65.8891101316312
Donor_468,L2/3 intratelencephalic projecting glutamatergic neuron,M,74.0,50.32119851510279
Donor_468,L2/3-6 intratelencephalic projecting glutamatergic neuron,M,74.0,64.90355608376282
Donor_468,VIP GABAergic interneuron,M,74.0,65.13072173439144
Donor_468,astrocyte,M,74.0,63.75712888819803
Donor_468,microglial cell,M,74.0,52.42590507177229
Donor_468,oligodendrocyte,M,74.0,64.43912184324861
Donor_468,oligodendrocyte precursor cell,M,74.0,73.79378160802356
Donor_468,sst GABAergic interneuron,M,74.0,64.022171989283
Donor_472,GABAergic neuron,H,27.0,43.09206384350599
Donor_472,L2/3 intratelencephalic projecting glutamatergic neuron,H,27.0,25.343691613939306
Donor_472,L2/3-6 intratelencephalic projecting glutamatergic neuron,H,27.0,29.676031424056003
Donor_472,L5/6 near-projecting glutamatergic neuron,H,27.0,42.490268627915334
Donor_472,L6 corticothalamic-projecting glutamatergic cortical neuron,H,27.0,38.683462648422676
Donor_472,L6 intratelencephalic projecting glutamatergic neuron,H,27.0,38.10343855188525
Donor_472,L6b glutamatergic neuron of the primary motor cortex,H,27.0,41.99885775151105
Donor_472,VIP GABAergic interneuron,H,27.0,37.82886888867331
Donor_472,astrocyte,H,27.0,42.587155870360135
Donor_472,endothelial cell,H,27.0,51.442796264699034
Donor_472,lamp5 GABAergic interneuron,H,27.0,48.49732810032616
Donor_472,microglial cell,H,27.0,49.37586761899346
Donor_472,oligodendrocyte,H,27.0,39.887115163729256
Donor_472,oligodendrocyte precursor cell,H,27.0,37.91430197717239
Donor_472,pericyte,H,27.0,61.531402768834525
Donor_472,pvalb GABAergic interneuron,H,27.0,31.784535915684714
Donor_472,sst GABAergic interneuron,H,27.0,36.26604146841421
Donor_483,L2/3 intratelencephalic projecting glutamatergic neuron,M,79.0,66.40201374971329
Donor_483,L2/3-6 intratelencephalic projecting glutamatergic neuron,M,79.0,66.20002719272395
Donor_483,L5/6 near-projecting glutamatergic neuron,M,79.0,61.755825512377605
Donor_483,L6 corticothalamic-projecting glutamatergic cortical neuron,M,79.0,64.78147548400112
Donor_483,L6 intratelencephalic projecting glutamatergic neuron,M,79.0,70.74475467623427
Donor_483,L6b glutamatergic neuron of the primary motor cortex,M,79.0,68.63689318956439
Donor_483,VIP GABAergic interneuron,M,79.0,79.87840235453363
Donor_483,astrocyte,M,79.0,74.75723413017228
Donor_483,endothelial cell,M,79.0,66.01211185964749
Donor_483,lamp5 GABAergic interneuron,M,79.0,77.66040914946667
Donor_483,microglial cell,M,79.0,68.38421275402703
Donor_483,oligodendrocyte,M,79.0,67.35202651566411
Donor_483,oligodendrocyte precursor cell,M,79.0,75.01095157352178
Donor_483,pericyte,M,79.0,52.00520152840631
Donor_483,pvalb GABAergic interneuron,M,79.0,66.44320306639497
Donor_483,sst GABAergic interneuron,M,79.0,72.57469490357148
Donor_486,GABAergic neuron,M,51.0,47.24181278038434
Donor_486,L2/3 intratelencephalic projecting glutamatergic neuron,M,51.0,45.215451354498256
Donor_486,L2/3-6 intratelencephalic projecting glutamatergic neuron,M,51.0,41.19094905139255
Donor_486,L6 corticothalamic-projecting glutamatergic cortical neuron,M,51.0,45.56348114611359
Donor_486,L6 intratelencephalic projecting glutamatergic neuron,M,51.0,44.415109752539024
Donor_486,L6b glutamatergic neuron of the primary motor cortex,M,51.0,45.80548760982251
Donor_486,VIP GABAergic interneuron,M,51.0,35.494307123285246
Donor_486,astrocyte,M,51.0,50.1772816931051
Donor_486,endothelial cell,M,51.0,49.196682378316865
Donor_486,lamp5 GABAergic interneuron,M,51.0,41.792136773439594
Donor_486,microglial cell,M,51.0,46.53339473371828
Donor_486,oligodendrocyte,M,51.0,44.140235499774334
Donor_486,oligodendrocyte precursor cell,M,51.0,49.67746370389302
Donor_486,perivascular macrophage,M,51.0,39.40228253856182
Donor_486,pvalb GABAergic interneuron,M,51.0,35.279409263645476
Donor_486,sst GABAergic interneuron,M,51.0,43.94486388824862
Donor_494,GABAergic neuron,H,26.0,48.60757168373262
Donor_494,L2/3 intratelencephalic projecting glutamatergic neuron,H,26.0,29.59192461042455
Donor_494,L2/3-6 intratelencephalic projecting glutamatergic neuron,H,26.0,34.408260509667016
Donor_494,L5/6 near-projecting glutamatergic neuron,H,26.0,48.891385655450016
Donor_494,L6 corticothalamic-projecting glutamatergic cortical neuron,H,26.0,43.011902942979404
Donor_494,L6 intratelencephalic projecting glutamatergic neuron,H,26.0,42.741990649997135
Donor_494,L6b glutamatergic neuron of the primary motor cortex,H,26.0,50.02763654256907
Donor_494,VIP GABAergic interneuron,H,26.0,50.22097133872596
Donor_494,astrocyte,H,26.0,44.68844474696729
Donor_494,endothelial cell,H,26.0,48.13165406010516
Donor_494,lamp5 GABAergic interneuron,H,26.0,49.446452746307344
Donor_494,microglial cell,H,26.0,45.2853455421895
Donor_494,oligodendrocyte,H,26.0,36.76483808890787
Donor_494,oligodendrocyte precursor cell,H,26.0,38.44532263805597
Donor_494,pericyte,H,26.0,54.7929105692048
Donor_494,perivascular macrophage,H,26.0,56.81691069297064
Donor_494,pvalb GABAergic interneuron,H,26.0,39.55943301118402
Donor_494,sst GABAergic interneuron,H,26.0,41.34916323393068
Donor_494,vascular leptomeningeal cell,H,26.0,53.99758211153022
Donor_498,L2/3 intratelencephalic projecting glutamatergic neuron,M,24.0,22.415916161082905
Donor_498,L2/3-6 intratelencephalic projecting glutamatergic neuron,M,24.0,23.80668554412092
Donor_498,L6 intratelencephalic projecting glutamatergic neuron,M,24.0,41.766649058074464
Donor_498,VIP GABAergic interneuron,M,24.0,30.782514302445044
Donor_498,astrocyte,M,24.0,40.9256293008215
Donor_498,lamp5 GABAergic interneuron,M,24.0,38.044157529120554
Donor_498,microglial cell,M,24.0,51.58358134105011
Donor_498,oligodendrocyte,M,24.0,32.80527314984246
Donor_498,oligodendrocyte precursor cell,M,24.0,27.399242652427027
Donor_498,pvalb GABAergic interneuron,M,24.0,21.811352625107432
Donor_498,sst GABAergic interneuron,M,24.0,30.20747351032491
Donor_508,L2/3 intratelencephalic projecting glutamatergic neuron,H,44.0,54.577211239191136
Donor_508,L2/3-6 intratelencephalic projecting glutamatergic neuron,H,44.0,53.504363072785594
Donor_508,L5/6 near-projecting glutamatergic neuron,H,44.0,54.92987027190166
Donor_508,L6 corticothalamic-projecting glutamatergic cortical neuron,H,44.0,54.510364784965695
Donor_508,L6 intratelencephalic projecting glutamatergic neuron,H,44.0,50.170341512670575
Donor_508,L6b glutamatergic neuron of the primary motor cortex,H,44.0,57.412245150093185
Donor_508,VIP GABAergic interneuron,H,44.0,51.791950036174285
Donor_508,astrocyte,H,44.0,43.2963563433226
Donor_508,lamp5 GABAergic interneuron,H,44.0,52.06268969841082
Donor_508,microglial cell,H,44.0,48.998777810831335
Donor_508,oligodendrocyte,H,44.0,42.86926240011781
Donor_508,oligodendrocyte precursor cell,H,44.0,47.98990608229926
Donor_508,pvalb GABAergic interneuron,H,44.0,51.64315104816165
Donor_508,sst GABAergic interneuron,H,44.0,46.40963984234374
Donor_512,astrocyte,M,84.0,64.62850713913373
Donor_512,microglial cell,M,84.0,51.81268968239414
Donor_512,oligodendrocyte,M,84.0,58.35780061499164
Donor_512,oligodendrocyte precursor cell,M,84.0,69.58397213103007
Donor_514,GABAergic neuron,H,23.0,50.99336925541297
Donor_514,L2/3 intratelencephalic projecting glutamatergic neuron,H,23.0,34.34685139094903
Donor_514,L2/3-6 intratelencephalic projecting glutamatergic neuron,H,23.0,32.005976466115975
Donor_514,VIP GABAergic interneuron,H,23.0,44.8233263868433
Donor_514,astrocyte,H,23.0,29.583796782636476
Donor_514,endothelial cell,H,23.0,57.225297390436914
Donor_514,lamp5 GABAergic interneuron,H,23.0,55.471899315063304
Donor_514,microglial cell,H,23.0,53.31237005876878
Donor_514,oligodendrocyte,H,23.0,29.670398420912946
Donor_514,oligodendrocyte precursor cell,H,23.0,35.16102968926593
Donor_514,pericyte,H,23.0,51.972787144366386
Donor_514,pvalb GABAergic interneuron,H,23.0,40.92629856827004
Donor_514,sst GABAergic interneuron,H,23.0,38.27412943511506
Donor_514,vascular leptomeningeal cell,H,23.0,61.644129757972685
Donor_52,GABAergic neuron,H,42.0,61.55116014208775
Donor_52,L2/3 intratelencephalic projecting glutamatergic neuron,H,42.0,49.06742995473323
Donor_52,L2/3-6 intratelencephalic projecting glutamatergic neuron,H,42.0,48.556792005898124
Donor_52,L5/6 near-projecting glutamatergic neuron,H,42.0,58.14496793843773
Donor_52,L6 corticothalamic-projecting glutamatergic cortical neuron,H,42.0,58.05209785009581
Donor_52,L6 intratelencephalic projecting glutamatergic neuron,H,42.0,55.120818871279
Donor_52,L6b glutamatergic neuron of the primary motor cortex,H,42.0,61.89439832045871
Donor_52,VIP GABAergic interneuron,H,42.0,53.975363910692245
Donor_52,astrocyte,H,42.0,56.21580647352999
Donor_52,endothelial cell,H,42.0,51.02903714472909
Donor_52,lamp5 GABAergic interneuron,H,42.0,59.1145525154818
Donor_52,microglial cell,H,42.0,55.021525444939016
Donor_52,oligodendrocyte,H,42.0,61.195329557290606
Donor_52,oligodendrocyte precursor cell,H,42.0,41.9098538438882
Donor_52,pericyte,H,42.0,54.81577560547719
Donor_52,pvalb GABAergic interneuron,H,42.0,57.07972179007795
Donor_52,sst GABAergic interneuron,H,42.0,52.91790549349643
Donor_521,GABAergic neuron,M,59.0,54.116665735087615
Donor_521,L2/3 intratelencephalic projecting glutamatergic neuron,M,59.0,52.57501725633084
Donor_521,L2/3-6 intratelencephalic projecting glutamatergic neuron,M,59.0,44.184266336699515
Donor_521,VIP GABAergic interneuron,M,59.0,48.15835677071603
Donor_521,astrocyte,M,59.0,58.56162236542623
Donor_521,lamp5 GABAergic interneuron,M,59.0,50.94517230932818
Donor_521,microglial cell,M,59.0,49.967344596313325
Donor_521,oligodendrocyte,M,59.0,59.28502312195026
Donor_521,oligodendrocyte precursor cell,M,59.0,49.93022834945715
Donor_521,pericyte,M,59.0,52.54839711189332
Donor_521,pvalb GABAergic interneuron,M,59.0,41.238198922871774
Donor_521,sst GABAergic interneuron,M,59.0,51.57944034685313
Donor_521,vascular leptomeningeal cell,M,59.0,38.15303351945901
Donor_523,GABAergic neuron,H,32.0,45.36064508244364
Donor_523,L2/3 intratelencephalic projecting glutamatergic neuron,H,32.0,27.324084357224308
Donor_523,L2/3-6 intratelencephalic projecting glutamatergic neuron,H,32.0,44.568370874053514
Donor_523,L5/6 near-projecting glutamatergic neuron,H,32.0,56.30835300133836
Donor_523,L6 corticothalamic-projecting glutamatergic cortical neuron,H,32.0,51.83599341584347
Donor_523,L6 intratelencephalic projecting glutamatergic neuron,H,32.0,46.900296663180164
Donor_523,L6b glutamatergic neuron of the primary motor cortex,H,32.0,44.6380970889651
Donor_523,VIP GABAergic interneuron,H,32.0,44.40619776585014
Donor_523,astrocyte,H,32.0,42.72862012154425
Donor_523,endothelial cell,H,32.0,58.38665282130294
Donor_523,lamp5 GABAergic interneuron,H,32.0,46.2468795198533
Donor_523,microglial cell,H,32.0,54.74786080224278
Donor_523,oligodendrocyte,H,32.0,45.518350566333346
Donor_523,oligodendrocyte precursor cell,H,32.0,47.79723378284062
Donor_523,pericyte,H,32.0,68.72235206625471
Donor_523,pvalb GABAergic interneuron,H,32.0,52.768077795282665
Donor_523,sst GABAergic interneuron,H,32.0,50.91275449337089
Donor_537,GABAergic neuron,H,20.0,53.905318774910214
Donor_537,L2/3 intratelencephalic projecting glutamatergic neuron,H,20.0,25.622702687636938
Donor_537,L2/3-6 intratelencephalic projecting glutamatergic neuron,H,20.0,30.12833084182262
Donor_537,L6 corticothalamic-projecting glutamatergic cortical neuron,H,20.0,50.36225851178222
Donor_537,VIP GABAergic interneuron,H,20.0,44.988825809503254
Donor_537,astrocyte,H,20.0,45.24396683838606
Donor_537,endothelial cell,H,20.0,63.28558233761608
Donor_537,lamp5 GABAergic interneuron,H,20.0,57.80481121615752
Donor_537,microglial cell,H,20.0,61.33159052366649
Donor_537,oligodendrocyte,H,20.0,51.2711627153399
Donor_537,oligodendrocyte precursor cell,H,20.0,38.62286062983758
Donor_537,pericyte,H,20.0,59.768280983664816
Donor_537,pvalb GABAergic interneuron,H,20.0,49.448633675626624
Donor_537,sst GABAergic interneuron,H,20.0,42.18789784774077
Donor_544,GABAergic neuron,M,59.0,62.816374211791
Donor_544,L2/3 intratelencephalic projecting glutamatergic neuron,M,59.0,56.59277388191093
Donor_544,L2/3-6 intratelencephalic projecting glutamatergic neuron,M,59.0,57.1931187312985
Donor_544,L5/6 near-projecting glutamatergic neuron,M,59.0,52.26630148567526
Donor_544,L6 corticothalamic-projecting glutamatergic cortical neuron,M,59.0,66.89097354203706
Donor_544,L6 intratelencephalic projecting glutamatergic neuron,M,59.0,64.87978205618501
Donor_544,L6b glutamatergic neuron of the primary motor cortex,M,59.0,63.11436301245173
Donor_544,VIP GABAergic interneuron,M,59.0,55.238139649498876
Donor_544,astrocyte,M,59.0,71.7986205643821
Donor_544,lamp5 GABAergic interneuron,M,59.0,65.98093284762386
Donor_544,microglial cell,M,59.0,56.45246406553396
Donor_544,oligodendrocyte,M,59.0,70.62432588398391
Donor_544,oligodendrocyte precursor cell,M,59.0,66.11831028446534
Donor_544,pvalb GABAergic interneuron,M,59.0,57.668735682443874
Donor_544,sst GABAergic interneuron,M,59.0,58.14001523849225
Donor_563,GABAergic neuron,H,55.0,62.44855773740543
Donor_563,L2/3 intratelencephalic projecting glutamatergic neuron,H,55.0,57.90632900404381
Donor_563,L2/3-6 intratelencephalic projecting glutamatergic neuron,H,55.0,53.69364529801497
Donor_563,L5/6 near-projecting glutamatergic neuron,H,55.0,61.0107429755946
Donor_563,L6 corticothalamic-projecting glutamatergic cortical neuron,H,55.0,63.77757198763825
Donor_563,L6 intratelencephalic projecting glutamatergic neuron,H,55.0,63.389366930702806
Donor_563,L6b glutamatergic neuron of the primary motor cortex,H,55.0,60.83013617744469
Donor_563,VIP GABAergic interneuron,H,55.0,59.214164214087255
Donor_563,astrocyte,H,55.0,51.8222117701344
Donor_563,endothelial cell,H,55.0,50.51426040008513
Donor_563,lamp5 GABAergic interneuron,H,55.0,58.422629040900915
Donor_563,microglial cell,H,55.0,50.93037487283756
Donor_563,oligodendrocyte,H,55.0,55.652667269217424
Donor_563,oligodendrocyte precursor cell,H,55.0,48.625827124210474
Donor_563,pericyte,H,55.0,58.35454893581937
Donor_563,pvalb GABAergic interneuron,H,55.0,54.785217305933124
Donor_563,sst GABAergic interneuron,H,55.0,49.61361352420467
Donor_565,GABAergic neuron,M,62.0,54.336588048385515
Donor_565,L2/3 intratelencephalic projecting glutamatergic neuron,M,62.0,59.61922654444649
Donor_565,L2/3-6 intratelencephalic projecting glutamatergic neuron,M,62.0,58.444094120937095
Donor_565,L5/6 near-projecting glutamatergic neuron,M,62.0,47.878130293866874
Donor_565,L6 corticothalamic-projecting glutamatergic cortical neuron,M,62.0,55.838300626328746
Donor_565,L6 intratelencephalic projecting glutamatergic neuron,M,62.0,59.19279106523093
Donor_565,L6b glutamatergic neuron of the primary motor cortex,M,62.0,47.58880693690825
Donor_565,VIP GABAergic interneuron,M,62.0,50.709197809001765
Donor_565,astrocyte,M,62.0,50.773370708705265
Donor_565,endothelial cell,M,62.0,56.528982800606364
Donor_565,lamp5 GABAergic interneuron,M,62.0,43.76471806033629
Donor_565,microglial cell,M,62.0,43.369855721008314
Donor_565,oligodendrocyte,M,62.0,59.17129875139929
Donor_565,oligodendrocyte precursor cell,M,62.0,57.85240330897196
Donor_565,pvalb GABAergic interneuron,M,62.0,50.450630027167456
Donor_565,sst GABAergic interneuron,M,62.0,56.51820728752877
Donor_591,L2/3 intratelencephalic projecting glutamatergic neuron,M,48.0,39.071211862926525
Donor_591,astrocyte,M,48.0,50.688115143560175
Donor_591,microglial cell,M,48.0,31.739563235246266
Donor_591,oligodendrocyte,M,48.0,42.76598065895912
Donor_591,oligodendrocyte precursor cell,M,48.0,44.94127000003508
Donor_591,sst GABAergic interneuron,M,48.0,26.32360533163017
Donor_61,GABAergic neuron,M,78.0,68.53918803660659
Donor_61,L2/3 intratelencephalic projecting glutamatergic neuron,M,78.0,66.61043466250851
Donor_61,L2/3-6 intratelencephalic projecting glutamatergic neuron,M,78.0,61.01915558031972
Donor_61,L6 corticothalamic-projecting glutamatergic cortical neuron,M,78.0,57.74826535736148
Donor_61,L6 intratelencephalic projecting glutamatergic neuron,M,78.0,63.832726794335706
Donor_61,VIP GABAergic interneuron,M,78.0,62.86823345021662
Donor_61,astrocyte,M,78.0,69.48021389713153
Donor_61,lamp5 GABAergic interneuron,M,78.0,66.30686661095467
Donor_61,microglial cell,M,78.0,67.50835696553126
Donor_61,oligodendrocyte,M,78.0,60.18378131001147
Donor_61,oligodendrocyte precursor cell,M,78.0,65.18429918769444
Donor_61,pvalb GABAergic interneuron,M,78.0,55.18336949394954
Donor_61,sst GABAergic interneuron,M,78.0,52.10900068612402
Donor_611,GABAergic neuron,H,45.0,59.76568997232797
Donor_611,L2/3 intratelencephalic projecting glutamatergic neuron,H,45.0,50.13535384273932
Donor_611,L2/3-6 intratelencephalic projecting glutamatergic neuron,H,45.0,55.059229063409894
Donor_611,L5/6 near-projecting glutamatergic neuron,H,45.0,56.289990792386746
Donor_611,VIP GABAergic interneuron,H,45.0,55.54522341832372
Donor_611,astrocyte,H,45.0,55.266001355448076
Donor_611,endothelial cell,H,45.0,45.320898447452336
Donor_611,lamp5 GABAergic interneuron,H,45.0,61.20420948615141
Donor_611,microglial cell,H,45.0,45.67132820667382
Donor_611,oligodendrocyte,H,45.0,50.02576050201541
Donor_611,oligodendrocyte precursor cell,H,45.0,52.58380979425691
Donor_611,pericyte,H,45.0,54.92327377208933
Donor_611,pvalb GABAergic interneuron,H,45.0,51.858816904125575
Donor_611,smooth muscle cell,H,45.0,
Donor_611,sst GABAergic interneuron,H,45.0,51.24471074355116
Donor_611,vascular leptomeningeal cell,H,45.0,52.748280020423294
Donor_625,L2/3 intratelencephalic projecting glutamatergic neuron,M,66.0,63.58395768422105
Donor_625,L2/3-6 intratelencephalic projecting glutamatergic neuron,M,66.0,66.45041359798685
Donor_625,VIP GABAergic interneuron,M,66.0,68.39296155394624
Donor_625,astrocyte,M,66.0,83.95522016951256
Donor_625,microglial cell,M,66.0,77.03923930839494
Donor_625,oligodendrocyte,M,66.0,64.50457828749282
Donor_625,oligodendrocyte precursor cell,M,66.0,72.01540329781055
Donor_625,pvalb GABAergic interneuron,M,66.0,61.07456323358673
Donor_627,GABAergic neuron,M,66.0,43.70000726426327
Donor_627,L2/3 intratelencephalic projecting glutamatergic neuron,M,66.0,63.195392716979256
Donor_627,L2/3-6 intratelencephalic projecting glutamatergic neuron,M,66.0,59.31117376506225
Donor_627,L5/6 near-projecting glutamatergic neuron,M,66.0,61.40030548952887
Donor_627,L6 corticothalamic-projecting glutamatergic cortical neuron,M,66.0,57.00642113332181
Donor_627,L6 intratelencephalic projecting glutamatergic neuron,M,66.0,68.31477229482451
Donor_627,VIP GABAergic interneuron,M,66.0,54.312624622584195
Donor_627,astrocyte,M,66.0,52.83792936859035
Donor_627,endothelial cell,M,66.0,47.767829486795364
Donor_627,lamp5 GABAergic interneuron,M,66.0,53.55320517122795
Donor_627,microglial cell,M,66.0,38.77369918376315
Donor_627,oligodendrocyte,M,66.0,64.79279183408208
Donor_627,oligodendrocyte precursor cell,M,66.0,61.41389246328415
Donor_627,pericyte,M,66.0,56.95564705159283
Donor_627,pvalb GABAergic interneuron,M,66.0,56.83624660293201
Donor_627,sst GABAergic interneuron,M,66.0,63.3291641763154
Donor_628,GABAergic neuron,H,46.0,54.30883560960046
Donor_628,L2/3 intratelencephalic projecting glutamatergic neuron,H,46.0,54.30115543785371
Donor_628,L2/3-6 intratelencephalic projecting glutamatergic neuron,H,46.0,57.703758587926885
Donor_628,VIP GABAergic interneuron,H,46.0,72.98725229751258
Donor_628,astrocyte,H,46.0,40.69105590121657
Donor_628,lamp5 GABAergic interneuron,H,46.0,68.37100591534215
Donor_628,microglial cell,H,46.0,58.91949659187813
Donor_628,oligodendrocyte,H,46.0,59.50158590767104
Donor_628,oligodendrocyte precursor cell,H,46.0,41.849932147097874
Donor_628,pvalb GABAergic interneuron,H,46.0,47.026692685772645
Donor_632,GABAergic neuron,H,71.0,58.010892756539455
Donor_632,L2/3 intratelencephalic projecting glutamatergic neuron,H,71.0,65.02532869244925
Donor_632,VIP GABAergic interneuron,H,71.0,63.018879637191624
Donor_632,astrocyte,H,71.0,65.42484279875747
Donor_632,lamp5 GABAergic interneuron,H,71.0,60.45778700977207
Donor_632,microglial cell,H,71.0,64.58570717891368
Donor_632,oligodendrocyte,H,71.0,59.46975705349307
Donor_632,oligodendrocyte precursor cell,H,71.0,71.06542302779488
Donor_632,pvalb GABAergic interneuron,H,71.0,56.036235934084374
Donor_632,sst GABAergic interneuron,H,71.0,57.41893678977149
Donor_637,GABAergic neuron,M,49.0,51.37168069196814
Donor_637,L2/3 intratelencephalic projecting glutamatergic neuron,M,49.0,56.11741934025028
Donor_637,L2/3-6 intratelencephalic projecting glutamatergic neuron,M,49.0,57.157524428627504
Donor_637,L5/6 near-projecting glutamatergic neuron,M,49.0,58.18829775409585
Donor_637,L6 corticothalamic-projecting glutamatergic cortical neuron,M,49.0,57.36058557235421
Donor_637,L6 intratelencephalic projecting glutamatergic neuron,M,49.0,64.47277720345778
Donor_637,L6b glutamatergic neuron of the primary motor cortex,M,49.0,54.77320989419438
Donor_637,VIP GABAergic interneuron,M,49.0,48.58413691780068
Donor_637,astrocyte,M,49.0,53.12249001312992
Donor_637,endothelial cell,M,49.0,52.35292215488555
Donor_637,lamp5 GABAergic interneuron,M,49.0,53.66375143939676
Donor_637,microglial cell,M,49.0,52.14448391786142
Donor_637,oligodendrocyte,M,49.0,66.81035156068103
Donor_637,oligodendrocyte precursor cell,M,49.0,53.45518439019381
Donor_637,pericyte,M,49.0,50.21063859884039
Donor_637,pvalb GABAergic interneuron,M,49.0,55.17558396238833
Donor_637,sst GABAergic interneuron,M,49.0,53.7945419903838
Donor_640,L2/3 intratelencephalic projecting glutamatergic neuron,M,45.0,43.06998780342347
Donor_640,L2/3-6 intratelencephalic projecting glutamatergic neuron,M,45.0,33.74650157594278
Donor_640,VIP GABAergic interneuron,M,45.0,41.81317766560228
Donor_640,astrocyte,M,45.0,40.42470985102322
Donor_640,microglial cell,M,45.0,33.82524423832988
Donor_640,oligodendrocyte,M,45.0,36.98326375735502
Donor_640,oligodendrocyte precursor cell,M,45.0,39.929250119553885
Donor_640,pvalb GABAergic interneuron,M,45.0,21.32417008617516
Donor_640,sst GABAergic interneuron,M,45.0,39.69577243754273
Donor_646,GABAergic neuron,H,58.0,60.15406245279738
Donor_646,L2/3 intratelencephalic projecting glutamatergic neuron,H,58.0,54.42811920301338
Donor_646,L2/3-6 intratelencephalic projecting glutamatergic neuron,H,58.0,55.066387697081424
Donor_646,L6 corticothalamic-projecting glutamatergic cortical neuron,H,58.0,49.2096464478706
Donor_646,L6 intratelencephalic projecting glutamatergic neuron,H,58.0,47.27112782367139
Donor_646,VIP GABAergic interneuron,H,58.0,54.663960094279716
Donor_646,astrocyte,H,58.0,55.98713658587342
Donor_646,endothelial cell,H,58.0,52.63290376142075
Donor_646,lamp5 GABAergic interneuron,H,58.0,58.55130170072419
Donor_646,microglial cell,H,58.0,55.68216680163403
Donor_646,oligodendrocyte,H,58.0,39.67010735906737
Donor_646,oligodendrocyte precursor cell,H,58.0,52.73713833814439
Donor_646,pericyte,H,58.0,55.29659378442653
Donor_646,pvalb GABAergic interneuron,H,58.0,51.72970128710529
Donor_646,sst GABAergic interneuron,H,58.0,60.356253356866524
Donor_65,GABAergic neuron,M,61.0,39.70219213149312
Donor_65,L2/3 intratelencephalic projecting glutamatergic neuron,M,61.0,59.01253107623448
Donor_65,L2/3-6 intratelencephalic projecting glutamatergic neuron,M,61.0,57.96287818935069
Donor_65,L6 corticothalamic-projecting glutamatergic cortical neuron,M,61.0,58.43033961663304
Donor_65,L6 intratelencephalic projecting glutamatergic neuron,M,61.0,58.291561268486475
Donor_65,L6b glutamatergic neuron of the primary motor cortex,M,61.0,54.79733706148474
Donor_65,VIP GABAergic interneuron,M,61.0,48.11806824275706
Donor_65,astrocyte,M,61.0,53.149740171294894
Donor_65,lamp5 GABAergic interneuron,M,61.0,49.399914986932025
Donor_65,microglial cell,M,61.0,47.84445079192745
Donor_65,oligodendrocyte,M,61.0,60.77822593756202
Donor_65,oligodendrocyte precursor cell,M,61.0,61.02930265181724
Donor_65,pvalb GABAergic interneuron,M,61.0,60.83596044477693
Donor_65,sst GABAergic interneuron,M,61.0,54.63307403197763
Donor_650,L2/3 intratelencephalic projecting glutamatergic neuron,H,73.0,63.14931345685048
Donor_650,L2/3-6 intratelencephalic projecting glutamatergic neuron,H,73.0,64.68264561125866
Donor_650,L6 corticothalamic-projecting glutamatergic cortical neuron,H,73.0,62.17802349345207
Donor_650,L6 intratelencephalic projecting glutamatergic neuron,H,73.0,60.318757186042006
Donor_650,L6b glutamatergic neuron of the primary motor cortex,H,73.0,58.436457652206236
Donor_650,VIP GABAergic interneuron,H,73.0,58.37732737321258
Donor_650,astrocyte,H,73.0,61.840659587351986
Donor_650,endothelial cell,H,73.0,58.03626460935126
Donor_650,lamp5 GABAergic interneuron,H,73.0,55.37208620753571
Donor_650,microglial cell,H,73.0,66.10597108625339
Donor_650,oligodendrocyte,H,73.0,64.96635495093174
Donor_650,oligodendrocyte precursor cell,H,73.0,62.57012112834696
Donor_650,pericyte,H,73.0,58.45187669310934
Donor_650,pvalb GABAergic interneuron,H,73.0,60.0285086148309
Donor_650,sst GABAergic interneuron,H,73.0,62.337393713228984
Donor_651,L2/3 intratelencephalic projecting glutamatergic neuron,M,69.0,53.5714573677441
Donor_651,L2/3-6 intratelencephalic projecting glutamatergic neuron,M,69.0,70.21250149323137
Donor_651,VIP GABAergic interneuron,M,69.0,70.02142198814467
Donor_651,astrocyte,M,69.0,63.012063165242516
Donor_651,endothelial cell,M,69.0,55.79597053362046
Donor_651,lamp5 GABAergic interneuron,M,69.0,64.87854092973815
Donor_651,microglial cell,M,69.0,75.18898226519136
Donor_651,oligodendrocyte,M,69.0,62.51348323812312
Donor_651,oligodendrocyte precursor cell,M,69.0,72.20880157238713
Donor_651,pericyte,M,69.0,51.030474865945436
Donor_651,pvalb GABAergic interneuron,M,69.0,56.39129103460402
Donor_663,GABAergic neuron,M,38.0,47.491900991640996
Donor_663,L2/3 intratelencephalic projecting glutamatergic neuron,M,38.0,36.72296935483211
Donor_663,L2/3-6 intratelencephalic projecting glutamatergic neuron,M,38.0,38.16669240499846
Donor_663,VIP GABAergic interneuron,M,38.0,41.28759501532948
Donor_663,astrocyte,M,38.0,33.626509755637706
Donor_663,endothelial cell,M,38.0,34.30718138767042
Donor_663,lamp5 GABAergic interneuron,M,38.0,40.291241790086076
Donor_663,microglial cell,M,38.0,34.94549130731474
Donor_663,oligodendrocyte,M,38.0,49.58486174189873
Donor_663,oligodendrocyte precursor cell,M,38.0,33.30542429929595
Donor_663,pericyte,M,38.0,42.0419084077683
Donor_663,perivascular macrophage,M,38.0,40.31479970138047
Donor_663,pvalb GABAergic interneuron,M,38.0,41.97986000701702
Donor_663,smooth muscle cell,M,38.0,46.96221760555679
Donor_663,sst GABAergic interneuron,M,38.0,35.336406041875165
Donor_663,vascular leptomeningeal cell,M,38.0,49.80025632049764
Donor_666,GABAergic neuron,H,24.0,49.134043101547725
Donor_666,L2/3 intratelencephalic projecting glutamatergic neuron,H,24.0,16.407065982582118
Donor_666,L2/3-6 intratelencephalic projecting glutamatergic neuron,H,24.0,31.546894104477122
Donor_666,L5/6 near-projecting glutamatergic neuron,H,24.0,44.54600544047627
Donor_666,L6 corticothalamic-projecting glutamatergic cortical neuron,H,24.0,41.692107266953144
Donor_666,L6 intratelencephalic projecting glutamatergic neuron,H,24.0,38.84454783264529
Donor_666,VIP GABAergic interneuron,H,24.0,39.598199059901575
Donor_666,astrocyte,H,24.0,33.55403241762944
Donor_666,endothelial cell,H,24.0,52.046935147873064
Donor_666,lamp5 GABAergic interneuron,H,24.0,47.9722820997503
Donor_666,microglial cell,H,24.0,53.99795980206315
Donor_666,oligodendrocyte,H,24.0,30.946594571694522
Donor_666,oligodendrocyte precursor cell,H,24.0,35.547404676591086
Donor_666,pericyte,H,24.0,55.1870278537442
Donor_666,perivascular macrophage,H,24.0,73.26797445708432
Donor_666,pvalb GABAergic interneuron,H,24.0,42.80837772838113
Donor_666,sst GABAergic interneuron,H,24.0,31.91378884473866
Donor_666,vascular leptomeningeal cell,H,24.0,73.79629124119904
Donor_668,L2/3 intratelencephalic projecting glutamatergic neuron,H,51.0,56.27458285104124
Donor_668,L2/3-6 intratelencephalic projecting glutamatergic neuron,H,51.0,56.44933798260403
Donor_668,L5/6 near-projecting glutamatergic neuron,H,51.0,56.481612700443534
Donor_668,L6 corticothalamic-projecting glutamatergic cortical neuron,H,51.0,47.40717764485797
Donor_668,L6 intratelencephalic projecting glutamatergic neuron,H,51.0,54.40435988388449
Donor_668,L6b glutamatergic neuron of the primary motor cortex,H,51.0,58.21563456291532
Donor_668,VIP GABAergic interneuron,H,51.0,47.328023897448446
Donor_668,astrocyte,H,51.0,49.17933866451767
Donor_668,endothelial cell,H,51.0,48.44613993235987
Donor_668,lamp5 GABAergic interneuron,H,51.0,58.86988287284746
Donor_668,microglial cell,H,51.0,55.753142506008096
Donor_668,oligodendrocyte,H,51.0,51.38845237598652
Donor_668,oligodendrocyte precursor cell,H,51.0,50.04746896460318
Donor_668,pericyte,H,51.0,55.37300722553898
Donor_668,pvalb GABAergic interneuron,H,51.0,49.17621455568258
Donor_668,sst GABAergic interneuron,H,51.0,56.317040623531454
Donor_672,GABAergic neuron,H,57.0,58.75122079774809
Donor_672,L2/3 intratelencephalic projecting glutamatergic neuron,H,57.0,58.50118111066192
Donor_672,L2/3-6 intratelencephalic projecting glutamatergic neuron,H,57.0,57.1676448955869
Donor_672,L5/6 near-projecting glutamatergic neuron,H,57.0,63.62474837657598
Donor_672,L6 corticothalamic-projecting glutamatergic cortical neuron,H,57.0,57.92243545576319
Donor_672,L6 intratelencephalic projecting glutamatergic neuron,H,57.0,63.42831161850479
Donor_672,L6b glutamatergic neuron of the primary motor cortex,H,57.0,66.22869829292267
Donor_672,VIP GABAergic interneuron,H,57.0,59.86540040827623
Donor_672,astrocyte,H,57.0,58.57602497418805
Donor_672,endothelial cell,H,57.0,65.7836080409083
Donor_672,lamp5 GABAergic interneuron,H,57.0,52.365758749612866
Donor_672,microglial cell,H,57.0,69.54703711097173
Donor_672,oligodendrocyte,H,57.0,56.07875337253337
Donor_672,oligodendrocyte precursor cell,H,57.0,56.13911024333834
Donor_672,pericyte,H,57.0,63.42142392106848
Donor_672,pvalb GABAergic interneuron,H,57.0,61.17030359590183
Donor_672,sst GABAergic interneuron,H,57.0,55.59340742072039
Donor_675,GABAergic neuron,H,53.0,59.77740378968163
Donor_675,L2/3 intratelencephalic projecting glutamatergic neuron,H,53.0,61.912790958005914
Donor_675,L2/3-6 intratelencephalic projecting glutamatergic neuron,H,53.0,60.78364581427454
Donor_675,L5/6 near-projecting glutamatergic neuron,H,53.0,60.03117640722572
Donor_675,L6 corticothalamic-projecting glutamatergic cortical neuron,H,53.0,59.424379941317795
Donor_675,L6 intratelencephalic projecting glutamatergic neuron,H,53.0,61.21081596470049
Donor_675,L6b glutamatergic neuron of the primary motor cortex,H,53.0,64.70411915022405
Donor_675,VIP GABAergic interneuron,H,53.0,72.46588478568748
Donor_675,astrocyte,H,53.0,62.34711807190226
Donor_675,endothelial cell,H,53.0,57.119662140555555
Donor_675,lamp5 GABAergic interneuron,H,53.0,67.83155124817826
Donor_675,microglial cell,H,53.0,56.448111242666435
Donor_675,oligodendrocyte,H,53.0,62.07357837025505
Donor_675,oligodendrocyte precursor cell,H,53.0,50.73136213150893
Donor_675,pericyte,H,53.0,60.80330858807565
Donor_675,pvalb GABAergic interneuron,H,53.0,55.45850770547596
Donor_675,sst GABAergic interneuron,H,53.0,57.532615916398996
Donor_675,vascular leptomeningeal cell,H,53.0,59.63385661513718
Donor_676,GABAergic neuron,M,36.0,21.73594039841273
Donor_676,L2/3 intratelencephalic projecting glutamatergic neuron,M,36.0,33.5197964108919
Donor_676,L2/3-6 intratelencephalic projecting glutamatergic neuron,M,36.0,36.17736347945771
Donor_676,L6 corticothalamic-projecting glutamatergic cortical neuron,M,36.0,38.926764422708125
Donor_676,VIP GABAergic interneuron,M,36.0,38.017167682411625
Donor_676,astrocyte,M,36.0,42.797142203058314
Donor_676,endothelial cell,M,36.0,51.93327170658669
Donor_676,microglial cell,M,36.0,63.6795852488429
Donor_676,oligodendrocyte,M,36.0,43.74182522266822
Donor_676,oligodendrocyte precursor cell,M,36.0,45.69597636122518
Donor_676,pericyte,M,36.0,46.32978724149171
Donor_676,pvalb GABAergic interneuron,M,36.0,33.36688899277536
Donor_676,sst GABAergic interneuron,M,36.0,44.05075989166494
Donor_680,GABAergic neuron,M,63.0,51.910026059301074
Donor_680,L2/3 intratelencephalic projecting glutamatergic neuron,M,63.0,53.39563543078367
Donor_680,L2/3-6 intratelencephalic projecting glutamatergic neuron,M,63.0,53.40263838373018
Donor_680,L6 corticothalamic-projecting glutamatergic cortical neuron,M,63.0,47.1974489596302
Donor_680,VIP GABAergic interneuron,M,63.0,38.504902133529825
Donor_680,astrocyte,M,63.0,54.369731125299126
Donor_680,lamp5 GABAergic interneuron,M,63.0,35.58282052938652
Donor_680,microglial cell,M,63.0,57.565279431179405
Donor_680,oligodendrocyte,M,63.0,55.04660167736401
Donor_680,oligodendrocyte precursor cell,M,63.0,49.88229428654963
Donor_680,pericyte,M,63.0,37.517339236413385
Donor_680,pvalb GABAergic interneuron,M,63.0,46.13541180589579
Donor_680,sst GABAergic interneuron,M,63.0,44.46346765051769
Donor_684,L2/3-6 intratelencephalic projecting glutamatergic neuron,M,59.0,63.63911285468569
Donor_684,VIP GABAergic interneuron,M,59.0,46.15793632858402
Donor_684,astrocyte,M,59.0,57.150100305211666
Donor_684,microglial cell,M,59.0,66.61688379973367
Donor_684,oligodendrocyte,M,59.0,50.20299590485168
Donor_684,oligodendrocyte precursor cell,M,59.0,57.81864987427441
Donor_684,sst GABAergic interneuron,M,59.0,62.20271789938977
Donor_691,L2/3-6 intratelencephalic projecting glutamatergic neuron,H,48.0,64.62797651247601
Donor_691,L6 corticothalamic-projecting glutamatergic cortical neuron,H,48.0,59.22330671327972
Donor_691,L6 intratelencephalic projecting glutamatergic neuron,H,48.0,69.07693232042296
Donor_691,L6b glutamatergic neuron of the primary motor cortex,H,48.0,62.84394063679395
Donor_691,astrocyte,H,48.0,53.89279653054044
Donor_691,microglial cell,H,48.0,57.961125483776726
Donor_691,oligodendrocyte,H,48.0,50.80514395653648
Donor_691,oligodendrocyte precursor cell,H,48.0,58.325067995639785
Donor_691,sst GABAergic interneuron,H,48.0,64.05847951619526
Donor_693,GABAergic neuron,H,63.0,65.66365126714621
Donor_693,L2/3 intratelencephalic projecting glutamatergic neuron,H,63.0,55.48226208082354
Donor_693,L2/3-6 intratelencephalic projecting glutamatergic neuron,H,63.0,57.76167690092849
Donor_693,VIP GABAergic interneuron,H,63.0,72.55211657009963
Donor_693,astrocyte,H,63.0,61.92912166604999
Donor_693,lamp5 GABAergic interneuron,H,63.0,64.91001304146617
Donor_693,oligodendrocyte,H,63.0,56.87553074350286
Donor_693,oligodendrocyte precursor cell,H,63.0,60.09993634470872
Donor_696,GABAergic neuron,H,31.0,46.81060333562355
Donor_696,L2/3 intratelencephalic projecting glutamatergic neuron,H,31.0,42.49993512590319
Donor_696,L2/3-6 intratelencephalic projecting glutamatergic neuron,H,31.0,49.12628407176688
Donor_696,VIP GABAergic interneuron,H,31.0,55.56590835775763
Donor_696,astrocyte,H,31.0,42.11985188327528
Donor_696,endothelial cell,H,31.0,56.40910705259475
Donor_696,lamp5 GABAergic interneuron,H,31.0,54.19405312179747
Donor_696,microglial cell,H,31.0,53.54198912876242
Donor_696,oligodendrocyte,H,31.0,29.312135193400508
Donor_696,oligodendrocyte precursor cell,H,31.0,46.63840515361733
Donor_696,pericyte,H,31.0,53.71426448517158
Donor_696,pvalb GABAergic interneuron,H,31.0,51.86820257397011
Donor_696,sst GABAergic interneuron,H,31.0,48.332621852086746
Donor_696,vascular leptomeningeal cell,H,31.0,64.76107496178534
Donor_697,GABAergic neuron,M,65.0,51.12682797492645
Donor_697,L2/3 intratelencephalic projecting glutamatergic neuron,M,65.0,71.07270779791662
Donor_697,L2/3-6 intratelencephalic projecting glutamatergic neuron,M,65.0,66.86232851367834
Donor_697,L6 corticothalamic-projecting glutamatergic cortical neuron,M,65.0,67.03572033743862
Donor_697,L6 intratelencephalic projecting glutamatergic neuron,M,65.0,71.65036148765907
Donor_697,L6b glutamatergic neuron of the primary motor cortex,M,65.0,64.78003407543306
Donor_697,VIP GABAergic interneuron,M,65.0,59.302147023686075
Donor_697,astrocyte,M,65.0,76.02285290188505
Donor_697,endothelial cell,M,65.0,60.8033320992328
Donor_697,lamp5 GABAergic interneuron,M,65.0,55.043835398390684
Donor_697,microglial cell,M,65.0,64.6659706111137
Donor_697,oligodendrocyte,M,65.0,68.61485003704311
Donor_697,oligodendrocyte precursor cell,M,65.0,71.84431973281768
Donor_697,pericyte,M,65.0,51.47120424471568
Donor_697,pvalb GABAergic interneuron,M,65.0,60.995328803110226
Donor_697,sst GABAergic interneuron,M,65.0,60.4246289448981
Donor_698,GABAergic neuron,M,85.0,69.9557681725012
Donor_698,L2/3 intratelencephalic projecting glutamatergic neuron,M,85.0,75.80081372901648
Donor_698,L2/3-6 intratelencephalic projecting glutamatergic neuron,M,85.0,73.48547359914545
Donor_698,VIP GABAergic interneuron,M,85.0,78.1854410162801
Donor_698,astrocyte,M,85.0,72.68809068694387
Donor_698,lamp5 GABAergic interneuron,M,85.0,69.47859617672967
Donor_698,microglial cell,M,85.0,76.7631256217237
Donor_698,oligodendrocyte,M,85.0,66.55581112677282
Donor_698,oligodendrocyte precursor cell,M,85.0,78.33464548270459
Donor_698,pvalb GABAergic interneuron,M,85.0,63.58520185563277
Donor_698,sst GABAergic interneuron,M,85.0,63.10076401591765
Donor_698,vascular leptomeningeal cell,M,85.0,63.98731809825106
Donor_715,L2/3 intratelencephalic projecting glutamatergic neuron,H,30.0,38.67076012367518
Donor_715,L2/3-6 intratelencephalic projecting glutamatergic neuron,H,30.0,38.833878400801346
Donor_715,L5/6 near-projecting glutamatergic neuron,H,30.0,48.24393862799353
Donor_715,L6 corticothalamic-projecting glutamatergic cortical neuron,H,30.0,48.57765229102746
Donor_715,L6 intratelencephalic projecting glutamatergic neuron,H,30.0,46.47548068129879
Donor_715,L6b glutamatergic neuron of the primary motor cortex,H,30.0,56.10567161771109
Donor_715,VIP GABAergic interneuron,H,30.0,48.36471404094319
Donor_715,astrocyte,H,30.0,41.32075573309976
Donor_715,endothelial cell,H,30.0,54.37732103533066
Donor_715,lamp5 GABAergic interneuron,H,30.0,55.629605093593455
Donor_715,microglial cell,H,30.0,49.40984440030555
Donor_715,oligodendrocyte,H,30.0,48.05349588740264
Donor_715,oligodendrocyte precursor cell,H,30.0,45.383826103769294
Donor_715,pericyte,H,30.0,60.188053751170905
Donor_715,pvalb GABAergic interneuron,H,30.0,47.88405075311778
Donor_715,sst GABAergic interneuron,H,30.0,49.225219445119585
Donor_718,GABAergic neuron,M,69.0,60.47497101348895
Donor_718,L2/3 intratelencephalic projecting glutamatergic neuron,M,69.0,64.49689866005231
Donor_718,L2/3-6 intratelencephalic projecting glutamatergic neuron,M,69.0,67.72833895632093
Donor_718,L5/6 near-projecting glutamatergic neuron,M,69.0,67.37099056582329
Donor_718,L6 corticothalamic-projecting glutamatergic cortical neuron,M,69.0,64.33688877045718
Donor_718,L6 intratelencephalic projecting glutamatergic neuron,M,69.0,66.85238812131901
Donor_718,VIP GABAergic interneuron,M,69.0,69.82072942800346
Donor_718,astrocyte,M,69.0,75.5865980246913
Donor_718,endothelial cell,M,69.0,61.39409757259121
Donor_718,lamp5 GABAergic interneuron,M,69.0,65.64194460808845
Donor_718,microglial cell,M,69.0,48.723858903575476
Donor_718,oligodendrocyte,M,69.0,64.625976344226
Donor_718,oligodendrocyte precursor cell,M,69.0,67.6226006865515
Donor_718,pvalb GABAergic interneuron,M,69.0,59.172236593238026
Donor_718,sst GABAergic interneuron,M,69.0,66.65217052317256
Donor_72,GABAergic neuron,M,59.0,64.60494239396525
Donor_72,L2/3 intratelencephalic projecting glutamatergic neuron,M,59.0,66.00070292365254
Donor_72,L2/3-6 intratelencephalic projecting glutamatergic neuron,M,59.0,62.76959477939447
Donor_72,L6 corticothalamic-projecting glutamatergic cortical neuron,M,59.0,64.1145195511443
Donor_72,L6 intratelencephalic projecting glutamatergic neuron,M,59.0,64.20013526380586
Donor_72,L6b glutamatergic neuron of the primary motor cortex,M,59.0,58.03407894486085
Donor_72,VIP GABAergic interneuron,M,59.0,61.62172252677614
Donor_72,astrocyte,M,59.0,49.59218550683318
Donor_72,lamp5 GABAergic interneuron,M,59.0,68.72602150323999
Donor_72,microglial cell,M,59.0,55.18443878877446
Donor_72,oligodendrocyte,M,59.0,48.640826708401406
Donor_72,oligodendrocyte precursor cell,M,59.0,72.58294951626544
Donor_72,pvalb GABAergic interneuron,M,59.0,55.748899803770755
Donor_72,sst GABAergic interneuron,M,59.0,54.599963691397186
Donor_727,L2/3 intratelencephalic projecting glutamatergic neuron,H,67.0,64.99847499791994
Donor_727,L2/3-6 intratelencephalic projecting glutamatergic neuron,H,67.0,63.99290386830396
Donor_727,L5/6 near-projecting glutamatergic neuron,H,67.0,66.67861845649067
Donor_727,L6 corticothalamic-projecting glutamatergic cortical neuron,H,67.0,58.770804618669686
Donor_727,L6 intratelencephalic projecting glutamatergic neuron,H,67.0,56.082795323763364
Donor_727,L6b glutamatergic neuron of the primary motor cortex,H,67.0,54.50355920579776
Donor_727,VIP GABAergic interneuron,H,67.0,46.6054886468129
Donor_727,astrocyte,H,67.0,61.50047716573584
Donor_727,endothelial cell,H,67.0,56.526084657628495
Donor_727,lamp5 GABAergic interneuron,H,67.0,63.39374562827814
Donor_727,microglial cell,H,67.0,53.92948697519543
Donor_727,oligodendrocyte,H,67.0,58.59779344106948
Donor_727,oligodendrocyte precursor cell,H,67.0,67.32791089226976
Donor_727,pericyte,H,67.0,56.593520053025124
Donor_727,pvalb GABAergic interneuron,H,67.0,61.30498436257685
Donor_727,sst GABAergic interneuron,H,67.0,60.79742655496665
Donor_737,GABAergic neuron,H,30.0,46.02400191330753
Donor_737,L2/3 intratelencephalic projecting glutamatergic neuron,H,30.0,30.600905261540063
Donor_737,L2/3-6 intratelencephalic projecting glutamatergic neuron,H,30.0,45.6357038407787
Donor_737,L5/6 near-projecting glutamatergic neuron,H,30.0,52.188623555553086
Donor_737,L6 corticothalamic-projecting glutamatergic cortical neuron,H,30.0,49.8789802989825
Donor_737,L6 intratelencephalic projecting glutamatergic neuron,H,30.0,48.89627879444815
Donor_737,L6b glutamatergic neuron of the primary motor cortex,H,30.0,47.984195301285574
Donor_737,VIP GABAergic interneuron,H,30.0,41.11997387717736
Donor_737,astrocyte,H,30.0,53.30260145378
Donor_737,endothelial cell,H,30.0,52.997768128193286
Donor_737,lamp5 GABAergic interneuron,H,30.0,48.08615274888858
Donor_737,microglial cell,H,30.0,43.7447171181166
Donor_737,oligodendrocyte,H,30.0,41.058321974343464
Donor_737,oligodendrocyte precursor cell,H,30.0,45.3251355184363
Donor_737,pericyte,H,30.0,53.657606942070956
Donor_737,perivascular macrophage,H,30.0,54.89367481840267
Donor_737,pvalb GABAergic interneuron,H,30.0,50.43501184151347
Donor_737,sst GABAergic interneuron,H,30.0,45.04646030288993
Donor_738,L2/3 intratelencephalic projecting glutamatergic neuron,M,80.0,75.46915586228768
Donor_738,L2/3-6 intratelencephalic projecting glutamatergic neuron,M,80.0,83.65273337030524
Donor_738,L6 intratelencephalic projecting glutamatergic neuron,M,80.0,73.27752601769163
Donor_738,VIP GABAergic interneuron,M,80.0,67.1895409671375
Donor_738,astrocyte,M,80.0,59.07764443194468
Donor_738,endothelial cell,M,80.0,48.56343720074009
Donor_738,lamp5 GABAergic interneuron,M,80.0,71.9030709109519
Donor_738,microglial cell,M,80.0,66.50590256282817
Donor_738,oligodendrocyte,M,80.0,74.01857954909232
Donor_738,oligodendrocyte precursor cell,M,80.0,86.79761931795542
Donor_738,pvalb GABAergic interneuron,M,80.0,67.87204981420054
Donor_738,sst GABAergic interneuron,M,80.0,61.965307795508735
Donor_746,GABAergic neuron,H,51.0,57.460029161639234
Donor_746,L2/3 intratelencephalic projecting glutamatergic neuron,H,51.0,62.543777413607536
Donor_746,L2/3-6 intratelencephalic projecting glutamatergic neuron,H,51.0,63.29317144652617
Donor_746,L5/6 near-projecting glutamatergic neuron,H,51.0,63.29850055252406
Donor_746,L6 corticothalamic-projecting glutamatergic cortical neuron,H,51.0,62.99599652084055
Donor_746,L6 intratelencephalic projecting glutamatergic neuron,H,51.0,63.93718446963606
Donor_746,L6b glutamatergic neuron of the primary motor cortex,H,51.0,61.775635698701805
Donor_746,VIP GABAergic interneuron,H,51.0,56.82664444927503
Donor_746,astrocyte,H,51.0,60.42481728550411
Donor_746,endothelial cell,H,51.0,44.38553891990985
Donor_746,lamp5 GABAergic interneuron,H,51.0,63.98642886175449
Donor_746,microglial cell,H,51.0,52.66936009014455
Donor_746,oligodendrocyte,H,51.0,52.093056422101846
Donor_746,oligodendrocyte precursor cell,H,51.0,55.61866287086617
Donor_746,pericyte,H,51.0,58.82601826697433
Donor_746,pvalb GABAergic interneuron,H,51.0,65.45936961730371
Donor_746,sst GABAergic interneuron,H,51.0,54.009940402690084
Donor_746,vascular leptomeningeal cell,H,51.0,53.1331843040226
Donor_751,astrocyte,H,23.0,36.42707030084805
Donor_751,endothelial cell,H,23.0,54.249487599068516
Donor_751,oligodendrocyte,H,23.0,23.198167341853832
Donor_751,oligodendrocyte precursor cell,H,23.0,36.07255364179771
Donor_751,pericyte,H,23.0,60.571978747696875
Donor_751,smooth muscle cell,H,23.0,
Donor_751,vascular leptomeningeal cell,H,23.0,54.528465218466906
Donor_752,GABAergic neuron,H,20.0,53.97079087965308
Donor_752,L2/3 intratelencephalic projecting glutamatergic neuron,H,20.0,21.66892101304243
Donor_752,L2/3-6 intratelencephalic projecting glutamatergic neuron,H,20.0,28.96604751204999
Donor_752,VIP GABAergic interneuron,H,20.0,47.814429551902855
Donor_752,astrocyte,H,20.0,44.25477492319635
Donor_752,endothelial cell,H,20.0,41.92669682985601
Donor_752,lamp5 GABAergic interneuron,H,20.0,58.3883094304524
Donor_752,microglial cell,H,20.0,46.614485828905686
Donor_752,oligodendrocyte,H,20.0,31.299745407736737
Donor_752,oligodendrocyte precursor cell,H,20.0,37.86658099928613
Donor_752,pericyte,H,20.0,47.64790083270868
Donor_752,perivascular macrophage,H,20.0,57.53965787701648
Donor_752,pvalb GABAergic interneuron,H,20.0,40.05050775710797
Donor_752,smooth muscle cell,H,20.0,
Donor_752,sst GABAergic interneuron,H,20.0,36.80388145278404
Donor_752,vascular leptomeningeal cell,H,20.0,57.82261511979855
Donor_754,oligodendrocyte,H,36.0,54.482796490255645
Donor_760,L2/3-6 intratelencephalic projecting glutamatergic neuron,M,72.0,81.40027435074381
Donor_760,astrocyte,M,72.0,86.15727762066004
Donor_760,oligodendrocyte,M,72.0,57.06996721909632
Donor_760,oligodendrocyte precursor cell,M,72.0,89.55422763812916
Donor_762,L2/3 intratelencephalic projecting glutamatergic neuron,M,66.0,56.42629424073866
Donor_762,L2/3-6 intratelencephalic projecting glutamatergic neuron,M,66.0,59.355511134477325
Donor_762,L6 corticothalamic-projecting glutamatergic cortical neuron,M,66.0,62.28725081755003
Donor_762,VIP GABAergic interneuron,M,66.0,52.187665228070934
Donor_762,astrocyte,M,66.0,65.6452876222681
Donor_762,oligodendrocyte,M,66.0,61.062915852894264
Donor_762,oligodendrocyte precursor cell,M,66.0,67.88856127165525
Donor_762,pvalb GABAergic interneuron,M,66.0,56.8640699172056
Donor_776,GABAergic neuron,M,38.0,33.47637965746344
Donor_776,L2/3 intratelencephalic projecting glutamatergic neuron,M,38.0,39.46276987119346
Donor_776,L2/3-6 intratelencephalic projecting glutamatergic neuron,M,38.0,44.30343975243345
Donor_776,L6 corticothalamic-projecting glutamatergic cortical neuron,M,38.0,38.20440899565146
Donor_776,VIP GABAergic interneuron,M,38.0,44.53981105890929
Donor_776,astrocyte,M,38.0,26.606014967375348
Donor_776,lamp5 GABAergic interneuron,M,38.0,32.21394977343097
Donor_776,microglial cell,M,38.0,44.22287463255095
Donor_776,oligodendrocyte,M,38.0,51.64533889613466
Donor_776,oligodendrocyte precursor cell,M,38.0,37.14169359093783
Donor_776,pvalb GABAergic interneuron,M,38.0,28.340076122682824
Donor_776,sst GABAergic interneuron,M,38.0,43.994511715407064
Donor_776,vascular leptomeningeal cell,M,38.0,45.30729975707798
Donor_777,L2/3 intratelencephalic projecting glutamatergic neuron,M,61.0,58.019502825262066
Donor_777,L2/3-6 intratelencephalic projecting glutamatergic neuron,M,61.0,50.71431221678495
Donor_777,VIP GABAergic interneuron,M,61.0,43.081224389427035
Donor_777,astrocyte,M,61.0,61.90733456351792
Donor_777,endothelial cell,M,61.0,55.033222043342
Donor_777,oligodendrocyte,M,61.0,59.88873819072474
Donor_777,oligodendrocyte precursor cell,M,61.0,58.1812864534505
Donor_777,pericyte,M,61.0,51.12072041178011
Donor_777,pvalb GABAergic interneuron,M,61.0,59.26451657940644
Donor_791,GABAergic neuron,M,64.0,57.355919402576966
Donor_791,L2/3 intratelencephalic projecting glutamatergic neuron,M,64.0,52.768011927627896
Donor_791,L2/3-6 intratelencephalic projecting glutamatergic neuron,M,64.0,48.09180063039369
Donor_791,L6 corticothalamic-projecting glutamatergic cortical neuron,M,64.0,54.80457940060822
Donor_791,VIP GABAergic interneuron,M,64.0,51.267458800796305
Donor_791,astrocyte,M,64.0,57.13548259270435
Donor_791,lamp5 GABAergic interneuron,M,64.0,53.70659781668746
Donor_791,microglial cell,M,64.0,58.14102568345989
Donor_791,oligodendrocyte,M,64.0,56.782406956894725
Donor_791,oligodendrocyte precursor cell,M,64.0,65.28886146884219
Donor_791,pvalb GABAergic interneuron,M,64.0,42.331743335467024
Donor_791,sst GABAergic interneuron,M,64.0,47.347764969069225
Donor_799,GABAergic neuron,H,55.0,63.16234902086519
Donor_799,L2/3 intratelencephalic projecting glutamatergic neuron,H,55.0,57.54071935443082
Donor_799,L2/3-6 intratelencephalic projecting glutamatergic neuron,H,55.0,62.611363140525036
Donor_799,L5/6 near-projecting glutamatergic neuron,H,55.0,56.19336031223628
Donor_799,L6 corticothalamic-projecting glutamatergic cortical neuron,H,55.0,62.13139592220785
Donor_799,L6 intratelencephalic projecting glutamatergic neuron,H,55.0,52.152019909929294
Donor_799,VIP GABAergic interneuron,H,55.0,57.368543660518746
Donor_799,astrocyte,H,55.0,60.225730570908695
Donor_799,endothelial cell,H,55.0,48.195010391644935
Donor_799,lamp5 GABAergic interneuron,H,55.0,65.6048827261669
Donor_799,microglial cell,H,55.0,54.781101916527504
Donor_799,oligodendrocyte,H,55.0,57.31919105422236
Donor_799,oligodendrocyte precursor cell,H,55.0,53.63575840049392
Donor_799,pericyte,H,55.0,53.57226213338382
Donor_799,pvalb GABAergic interneuron,H,55.0,55.711024596116104
Donor_799,sst GABAergic interneuron,H,55.0,59.714098683127396
Donor_799,vascular leptomeningeal cell,H,55.0,58.09220049643991
Donor_805,GABAergic neuron,M,42.0,41.68412747574967
Donor_805,L2/3 intratelencephalic projecting glutamatergic neuron,M,42.0,38.77222823437995
Donor_805,L2/3-6 intratelencephalic projecting glutamatergic neuron,M,42.0,41.435481911224244
Donor_805,L5/6 near-projecting glutamatergic neuron,M,42.0,38.27944772354316
Donor_805,L6 corticothalamic-projecting glutamatergic cortical neuron,M,42.0,36.14696553030774
Donor_805,L6 intratelencephalic projecting glutamatergic neuron,M,42.0,41.92503339184347
Donor_805,L6b glutamatergic neuron of the primary motor cortex,M,42.0,37.91284631672961
Donor_805,VIP GABAergic interneuron,M,42.0,38.56433415598275
Donor_805,astrocyte,M,42.0,44.25082382894524
Donor_805,endothelial cell,M,42.0,42.403848220850705
Donor_805,lamp5 GABAergic interneuron,M,42.0,46.63672597119895
Donor_805,microglial cell,M,42.0,41.47671225764477
Donor_805,oligodendrocyte,M,42.0,37.5314114215393
Donor_805,oligodendrocyte precursor cell,M,42.0,39.4756255417947
Donor_805,pericyte,M,42.0,39.177204576448794
Donor_805,perivascular macrophage,M,42.0,36.870730054553405
Donor_805,pvalb GABAergic interneuron,M,42.0,36.87905580349179
Donor_805,sst GABAergic interneuron,M,42.0,41.169276779406026
Donor_805,vascular leptomeningeal cell,M,42.0,44.86259159283939
Donor_808,GABAergic neuron,M,80.0,62.77206725655248
Donor_808,L2/3 intratelencephalic projecting glutamatergic neuron,M,80.0,64.40578475035967
Donor_808,L2/3-6 intratelencephalic projecting glutamatergic neuron,M,80.0,63.77577248623324
Donor_808,L6 corticothalamic-projecting glutamatergic cortical neuron,M,80.0,64.61535842656349
Donor_808,L6 intratelencephalic projecting glutamatergic neuron,M,80.0,60.07523394723685
Donor_808,VIP GABAergic interneuron,M,80.0,63.989852735360245
Donor_808,astrocyte,M,80.0,66.89253206345226
Donor_808,lamp5 GABAergic interneuron,M,80.0,51.084768766371106
Donor_808,microglial cell,M,80.0,75.03538933747599
Donor_808,oligodendrocyte,M,80.0,55.25793071429906
Donor_808,oligodendrocyte precursor cell,M,80.0,63.39075238427931
Donor_808,pvalb GABAergic interneuron,M,80.0,57.90845904912172
Donor_808,sst GABAergic interneuron,M,80.0,64.0397846529926
Donor_81,GABAergic neuron,H,48.0,57.712122983501146
Donor_81,L2/3 intratelencephalic projecting glutamatergic neuron,H,48.0,63.998946794141894
Donor_81,L2/3-6 intratelencephalic projecting glutamatergic neuron,H,48.0,63.10972821455565
Donor_81,L5/6 near-projecting glutamatergic neuron,H,48.0,61.59455393236466
Donor_81,L6 corticothalamic-projecting glutamatergic cortical neuron,H,48.0,54.26686925201686
Donor_81,L6 intratelencephalic projecting glutamatergic neuron,H,48.0,59.42882421540179
Donor_81,L6b glutamatergic neuron of the primary motor cortex,H,48.0,64.44979512266161
Donor_81,VIP GABAergic interneuron,H,48.0,61.961521390879795
Donor_81,astrocyte,H,48.0,49.475272565627336
Donor_81,endothelial cell,H,48.0,60.91007330369737
Donor_81,lamp5 GABAergic interneuron,H,48.0,51.704334077652085
Donor_81,microglial cell,H,48.0,53.85753769796665
Donor_81,oligodendrocyte,H,48.0,46.709057957711565
Donor_81,oligodendrocyte precursor cell,H,48.0,51.5032938950231
Donor_81,pvalb GABAergic interneuron,H,48.0,68.7845343179223
Donor_81,sst GABAergic interneuron,H,48.0,65.18167490164797
Donor_830,L2/3 intratelencephalic projecting glutamatergic neuron,H,52.0,53.443272855809724
Donor_830,L2/3-6 intratelencephalic projecting glutamatergic neuron,H,52.0,52.915172963178144
Donor_830,L5/6 near-projecting glutamatergic neuron,H,52.0,51.89252813770893
Donor_830,L6 corticothalamic-projecting glutamatergic cortical neuron,H,52.0,50.11968398427874
Donor_830,L6 intratelencephalic projecting glutamatergic neuron,H,52.0,58.06394241854665
Donor_830,VIP GABAergic interneuron,H,52.0,55.51180511773468
Donor_830,astrocyte,H,52.0,46.56675258090722
Donor_830,endothelial cell,H,52.0,52.778015778481176
Donor_830,lamp5 GABAergic interneuron,H,52.0,51.745106040790546
Donor_830,microglial cell,H,52.0,46.48340166956593
Donor_830,oligodendrocyte,H,52.0,46.80689440120564
Donor_830,oligodendrocyte precursor cell,H,52.0,40.44316298129989
Donor_830,pericyte,H,52.0,56.89792468515098
Donor_830,pvalb GABAergic interneuron,H,52.0,53.92312214841375
Donor_830,sst GABAergic interneuron,H,52.0,49.950035526208566
Donor_839,GABAergic neuron,M,76.0,63.950059441661914
Donor_839,L2/3 intratelencephalic projecting glutamatergic neuron,M,76.0,72.33050343617838
Donor_839,L2/3-6 intratelencephalic projecting glutamatergic neuron,M,76.0,69.97254899338961
Donor_839,L5/6 near-projecting glutamatergic neuron,M,76.0,68.61748801793121
Donor_839,L6 corticothalamic-projecting glutamatergic cortical neuron,M,76.0,70.29259122281879
Donor_839,L6 intratelencephalic projecting glutamatergic neuron,M,76.0,67.5360367699098
Donor_839,VIP GABAergic interneuron,M,76.0,57.305998019926356
Donor_839,astrocyte,M,76.0,61.92767134029448
Donor_839,endothelial cell,M,76.0,51.13740512660754
Donor_839,lamp5 GABAergic interneuron,M,76.0,59.889145153682705
Donor_839,microglial cell,M,76.0,55.75651381130787
Donor_839,oligodendrocyte,M,76.0,66.94150486002279
Donor_839,oligodendrocyte precursor cell,M,76.0,64.784327046543
Donor_839,pvalb GABAergic interneuron,M,76.0,64.03741487022262
Donor_839,sst GABAergic interneuron,M,76.0,65.56884603142953
Donor_84,GABAergic neuron,H,27.0,51.735494868299384
Donor_84,L2/3 intratelencephalic projecting glutamatergic neuron,H,27.0,45.73241159619191
Donor_84,L2/3-6 intratelencephalic projecting glutamatergic neuron,H,27.0,47.045452440836414
Donor_84,L5/6 near-projecting glutamatergic neuron,H,27.0,58.73551298760825
Donor_84,L6 intratelencephalic projecting glutamatergic neuron,H,27.0,50.395610439388236
Donor_84,L6b glutamatergic neuron of the primary motor cortex,H,27.0,50.09624565042537
Donor_84,VIP GABAergic interneuron,H,27.0,51.37325099135397
Donor_84,astrocyte,H,27.0,44.58172443682117
Donor_84,endothelial cell,H,27.0,50.271153721520875
Donor_84,lamp5 GABAergic interneuron,H,27.0,49.65025876620752
Donor_84,microglial cell,H,27.0,45.39992378326062
Donor_84,oligodendrocyte,H,27.0,41.22272360608076
Donor_84,oligodendrocyte precursor cell,H,27.0,37.12797964280573
Donor_84,pericyte,H,27.0,58.65421853260063
Donor_84,pvalb GABAergic interneuron,H,27.0,48.875032370931
Donor_84,sst GABAergic interneuron,H,27.0,49.450257010554594
Donor_84,vascular leptomeningeal cell,H,27.0,61.90210881589888
Donor_848,GABAergic neuron,M,66.0,53.56615147119082
Donor_848,L2/3 intratelencephalic projecting glutamatergic neuron,M,66.0,49.39669180461451
Donor_848,L2/3-6 intratelencephalic projecting glutamatergic neuron,M,66.0,60.14737707277396
Donor_848,L6 intratelencephalic projecting glutamatergic neuron,M,66.0,65.14909903025925
Donor_848,VIP GABAergic interneuron,M,66.0,64.09570029088421
Donor_848,astrocyte,M,66.0,54.9431712187514
Donor_848,lamp5 GABAergic interneuron,M,66.0,63.27660547863407
Donor_848,microglial cell,M,66.0,38.901984534222784
Donor_848,oligodendrocyte,M,66.0,49.422372004855504
Donor_848,oligodendrocyte precursor cell,M,66.0,54.88873389620781
Donor_848,pvalb GABAergic interneuron,M,66.0,49.925693154624334
Donor_848,sst GABAergic interneuron,M,66.0,53.839183332362765
Donor_871,GABAergic neuron,H,28.0,63.39124628612586
Donor_871,L2/3 intratelencephalic projecting glutamatergic neuron,H,28.0,33.5830669167532
Donor_871,L2/3-6 intratelencephalic projecting glutamatergic neuron,H,28.0,45.06273702983688
Donor_871,L5/6 near-projecting glutamatergic neuron,H,28.0,55.961386576240905
Donor_871,L6 corticothalamic-projecting glutamatergic cortical neuron,H,28.0,45.890492238651575
Donor_871,L6 intratelencephalic projecting glutamatergic neuron,H,28.0,55.7763232658195
Donor_871,L6b glutamatergic neuron of the primary motor cortex,H,28.0,53.89399107842242
Donor_871,VIP GABAergic interneuron,H,28.0,55.49543194708121
Donor_871,astrocyte,H,28.0,43.65716780542398
Donor_871,endothelial cell,H,28.0,49.79171813519113
Donor_871,lamp5 GABAergic interneuron,H,28.0,64.25038652968175
Donor_871,microglial cell,H,28.0,56.02655687356138
Donor_871,oligodendrocyte,H,28.0,46.905062835074524
Donor_871,oligodendrocyte precursor cell,H,28.0,46.07692176133196
Donor_871,perivascular macrophage,H,28.0,65.48052183484019
Donor_871,pvalb GABAergic interneuron,H,28.0,55.929240777245354
Donor_871,sst GABAergic interneuron,H,28.0,50.28327086254672
Donor_871,vascular leptomeningeal cell,H,28.0,59.83419603280106
Donor_894,L2/3 intratelencephalic projecting glutamatergic neuron,M,53.0,57.03455106171644
Donor_894,L2/3-6 intratelencephalic projecting glutamatergic neuron,M,53.0,46.72583904445617
Donor_894,VIP GABAergic interneuron,M,53.0,45.235636603686004
Donor_894,astrocyte,M,53.0,49.72090844116612
Donor_894,lamp5 GABAergic interneuron,M,53.0,49.44182724826745
Donor_894,microglial cell,M,53.0,41.810240122395584
Donor_894,oligodendrocyte,M,53.0,51.93063136502889
Donor_894,oligodendrocyte precursor cell,M,53.0,54.40819692627989
Donor_894,pvalb GABAergic interneuron,M,53.0,45.21226995267248
Donor_894,sst GABAergic interneuron,M,53.0,49.672380977207666
Donor_899,GABAergic neuron,H,35.0,52.431377461551364
Donor_899,L2/3 intratelencephalic projecting glutamatergic neuron,H,35.0,28.16298064393156
Donor_899,L2/3-6 intratelencephalic projecting glutamatergic neuron,H,35.0,49.86684632940552
Donor_899,L5/6 near-projecting glutamatergic neuron,H,35.0,48.22951765271864
Donor_899,L6 corticothalamic-projecting glutamatergic cortical neuron,H,35.0,55.72848943321382
Donor_899,L6 intratelencephalic projecting glutamatergic neuron,H,35.0,42.78254052583287
Donor_899,VIP GABAergic interneuron,H,35.0,54.983983279582965
Donor_899,astrocyte,H,35.0,40.959678636518056
Donor_899,endothelial cell,H,35.0,53.611878935818645
Donor_899,lamp5 GABAergic interneuron,H,35.0,53.6164785500816
Donor_899,microglial cell,H,35.0,52.82775167512475
Donor_899,oligodendrocyte,H,35.0,40.07405377003623
Donor_899,oligodendrocyte precursor cell,H,35.0,49.725836395808265
Donor_899,pvalb GABAergic interneuron,H,35.0,42.736808984926455
Donor_899,sst GABAergic interneuron,H,35.0,53.41421364857821
Donor_899,vascular leptomeningeal cell,H,35.0,63.344948694141095
Donor_907,GABAergic neuron,M,35.0,56.04502154389658
Donor_907,L2/3 intratelencephalic projecting glutamatergic neuron,M,35.0,48.29673194575675
Donor_907,L2/3-6 intratelencephalic projecting glutamatergic neuron,M,35.0,53.63222760728854
Donor_907,L6 corticothalamic-projecting glutamatergic cortical neuron,M,35.0,59.96336619717172
Donor_907,VIP GABAergic interneuron,M,35.0,50.653367331165875
Donor_907,astrocyte,M,35.0,48.69503764093004
Donor_907,endothelial cell,M,35.0,55.44784286855277
Donor_907,lamp5 GABAergic interneuron,M,35.0,56.47873434577971
Donor_907,microglial cell,M,35.0,46.865434455757885
Donor_907,oligodendrocyte,M,35.0,66.18764514915335
Donor_907,oligodendrocyte precursor cell,M,35.0,57.99389457401221
Donor_907,pericyte,M,35.0,45.6237165785589
Donor_907,pvalb GABAergic interneuron,M,35.0,57.238300720813434
Donor_907,sst GABAergic interneuron,M,35.0,49.618855099172684
Donor_907,vascular leptomeningeal cell,M,35.0,59.99963351825074
Donor_908,GABAergic neuron,H,40.0,60.588626679421566
Donor_908,L2/3 intratelencephalic projecting glutamatergic neuron,H,40.0,46.96572677327017
Donor_908,L2/3-6 intratelencephalic projecting glutamatergic neuron,H,40.0,47.05431440585403
Donor_908,L5/6 near-projecting glutamatergic neuron,H,40.0,55.23930967558796
Donor_908,L6 corticothalamic-projecting glutamatergic cortical neuron,H,40.0,54.879773743598626
Donor_908,L6 intratelencephalic projecting glutamatergic neuron,H,40.0,59.16025768822701
Donor_908,L6b glutamatergic neuron of the primary motor cortex,H,40.0,60.660381037188095
Donor_908,VIP GABAergic interneuron,H,40.0,51.03674613216545
Donor_908,astrocyte,H,40.0,48.407056862898756
Donor_908,endothelial cell,H,40.0,53.17439437244712
Donor_908,lamp5 GABAergic interneuron,H,40.0,62.10673027628972
Donor_908,microglial cell,H,40.0,56.35367822183289
Donor_908,oligodendrocyte,H,40.0,43.199329229566
Donor_908,oligodendrocyte precursor cell,H,40.0,48.8148496069479
Donor_908,pvalb GABAergic interneuron,H,40.0,46.295927652376555
Donor_908,sst GABAergic interneuron,H,40.0,56.02125333405988
Donor_909,GABAergic neuron,M,71.0,53.70998304042266
Donor_909,L2/3 intratelencephalic projecting glutamatergic neuron,M,71.0,56.000311104145226
Donor_909,L2/3-6 intratelencephalic projecting glutamatergic neuron,M,71.0,52.64381398754314
Donor_909,L6 corticothalamic-projecting glutamatergic cortical neuron,M,71.0,58.07648909748525
Donor_909,L6 intratelencephalic projecting glutamatergic neuron,M,71.0,53.9352815776402
Donor_909,VIP GABAergic interneuron,M,71.0,47.71440122746235
Donor_909,astrocyte,M,71.0,57.6566982186759
Donor_909,endothelial cell,M,71.0,45.30246624820941
Donor_909,lamp5 GABAergic interneuron,M,71.0,48.46949330220958
Donor_909,microglial cell,M,71.0,57.08066259326762
Donor_909,oligodendrocyte,M,71.0,53.26144425075212
Donor_909,oligodendrocyte precursor cell,M,71.0,51.948474063022886
Donor_909,pericyte,M,71.0,59.535944684482175
Donor_909,perivascular macrophage,M,71.0,45.26194184745779
Donor_909,pvalb GABAergic interneuron,M,71.0,43.04120763381405
Donor_909,sst GABAergic interneuron,M,71.0,59.29987807436082
Donor_912,L2/3 intratelencephalic projecting glutamatergic neuron,M,83.0,65.946028827981
Donor_912,L2/3-6 intratelencephalic projecting glutamatergic neuron,M,83.0,72.82950801848261
Donor_912,VIP GABAergic interneuron,M,83.0,77.3530051642839
Donor_912,astrocyte,M,83.0,68.82589291756881
Donor_912,endothelial cell,M,83.0,54.604416505987984
Donor_912,lamp5 GABAergic interneuron,M,83.0,67.73584879749947
Donor_912,oligodendrocyte,M,83.0,67.98966043923409
Donor_912,oligodendrocyte precursor cell,M,83.0,72.87520894084763
Donor_912,pericyte,M,83.0,60.71081213580532
Donor_912,pvalb GABAergic interneuron,M,83.0,67.95825339668446
Donor_915,GABAergic neuron,H,29.0,58.03156926528668
Donor_915,L2/3 intratelencephalic projecting glutamatergic neuron,H,29.0,38.95019441066596
Donor_915,L2/3-6 intratelencephalic projecting glutamatergic neuron,H,29.0,39.421925817892394
Donor_915,L5/6 near-projecting glutamatergic neuron,H,29.0,53.04975964582455
Donor_915,L6 corticothalamic-projecting glutamatergic cortical neuron,H,29.0,54.363131190434004
Donor_915,L6 intratelencephalic projecting glutamatergic neuron,H,29.0,50.42741817160604
Donor_915,L6b glutamatergic neuron of the primary motor cortex,H,29.0,51.68751451506431
Donor_915,VIP GABAergic interneuron,H,29.0,48.84636543701516
Donor_915,astrocyte,H,29.0,44.898874580025584
Donor_915,endothelial cell,H,29.0,55.03362007735518
Donor_915,lamp5 GABAergic interneuron,H,29.0,56.25347617071855
Donor_915,microglial cell,H,29.0,51.484180905079185
Donor_915,oligodendrocyte,H,29.0,49.086258742148395
Donor_915,oligodendrocyte precursor cell,H,29.0,50.282391611905126
Donor_915,pericyte,H,29.0,60.54302588213521
Donor_915,pvalb GABAergic interneuron,H,29.0,48.79869677861308
Donor_915,sst GABAergic interneuron,H,29.0,45.135873540210326
Donor_915,vascular leptomeningeal cell,H,29.0,68.52425403251397
Donor_922,GABAergic neuron,H,54.0,63.09157015876764
Donor_922,L2/3 intratelencephalic projecting glutamatergic neuron,H,54.0,57.51866184263214
Donor_922,L2/3-6 intratelencephalic projecting glutamatergic neuron,H,54.0,60.694981150793616
Donor_922,L5/6 near-projecting glutamatergic neuron,H,54.0,59.4321500335092
Donor_922,L6 corticothalamic-projecting glutamatergic cortical neuron,H,54.0,52.77990161137012
Donor_922,L6 intratelencephalic projecting glutamatergic neuron,H,54.0,57.09187332841318
Donor_922,L6b glutamatergic neuron of the primary motor cortex,H,54.0,61.25638543349759
Donor_922,VIP GABAergic interneuron,H,54.0,57.859239076274996
Donor_922,astrocyte,H,54.0,59.24324601294798
Donor_922,endothelial cell,H,54.0,51.85389921677641
Donor_922,lamp5 GABAergic interneuron,H,54.0,57.42876820977889
Donor_922,microglial cell,H,54.0,58.23124128529921
Donor_922,oligodendrocyte,H,54.0,57.26631005957712
Donor_922,oligodendrocyte precursor cell,H,54.0,54.566530357118275
Donor_922,pericyte,H,54.0,59.31476519366491
Donor_922,pvalb GABAergic interneuron,H,54.0,68.19918938075669
Donor_922,sst GABAergic interneuron,H,54.0,58.57168422675088
Donor_922,vascular leptomeningeal cell,H,54.0,66.10804871734233
Donor_93,GABAergic neuron,H,31.0,58.669759509677704
Donor_93,L2/3 intratelencephalic projecting glutamatergic neuron,H,31.0,31.844983730714738
Donor_93,L2/3-6 intratelencephalic projecting glutamatergic neuron,H,31.0,37.11897278967011
Donor_93,L5/6 near-projecting glutamatergic neuron,H,31.0,54.459678447176984
Donor_93,L6 corticothalamic-projecting glutamatergic cortical neuron,H,31.0,50.87248702716537
Donor_93,L6 intratelencephalic projecting glutamatergic neuron,H,31.0,46.228677224138856
Donor_93,L6b glutamatergic neuron of the primary motor cortex,H,31.0,52.42863641126473
Donor_93,VIP GABAergic interneuron,H,31.0,48.32332460227974
Donor_93,astrocyte,H,31.0,50.46238375435398
Donor_93,endothelial cell,H,31.0,47.836588290170795
Donor_93,lamp5 GABAergic interneuron,H,31.0,53.9757889051959
Donor_93,microglial cell,H,31.0,49.0987203158233
Donor_93,oligodendrocyte,H,31.0,45.33526744195024
Donor_93,oligodendrocyte precursor cell,H,31.0,47.74443131835364
Donor_93,pericyte,H,31.0,56.0904785245976
Donor_93,perivascular macrophage,H,31.0,58.319526359765504
Donor_93,pvalb GABAergic interneuron,H,31.0,44.601611066452506
Donor_93,sst GABAergic interneuron,H,31.0,44.78418180088923
Donor_93,vascular leptomeningeal cell,H,31.0,56.782024586749664
Donor_931,GABAergic neuron,M,80.0,61.434492298554545
Donor_931,L2/3 intratelencephalic projecting glutamatergic neuron,M,80.0,71.01582502499981
Donor_931,L2/3-6 intratelencephalic projecting glutamatergic neuron,M,80.0,66.96195864428091
Donor_931,L6 corticothalamic-projecting glutamatergic cortical neuron,M,80.0,63.5066833906638
Donor_931,L6 intratelencephalic projecting glutamatergic neuron,M,80.0,72.78681764848159
Donor_931,VIP GABAergic interneuron,M,80.0,60.20172931786751
Donor_931,astrocyte,M,80.0,75.12091885536591
Donor_931,lamp5 GABAergic interneuron,M,80.0,65.00642655642015
Donor_931,microglial cell,M,80.0,71.16003603480294
Donor_931,oligodendrocyte,M,80.0,68.34796694864721
Donor_931,oligodendrocyte precursor cell,M,80.0,78.72714623276039
Donor_931,pvalb GABAergic interneuron,M,80.0,67.62481743789692
Donor_931,sst GABAergic interneuron,M,80.0,62.82708131784331
Donor_932,GABAergic neuron,M,62.0,60.61147067927742
Donor_932,L2/3 intratelencephalic projecting glutamatergic neuron,M,62.0,60.66914907588085
Donor_932,L2/3-6 intratelencephalic projecting glutamatergic neuron,M,62.0,60.10193642970871
Donor_932,L6 corticothalamic-projecting glutamatergic cortical neuron,M,62.0,60.94303702451199
Donor_932,L6 intratelencephalic projecting glutamatergic neuron,M,62.0,58.96192411991164
Donor_932,VIP GABAergic interneuron,M,62.0,63.48629612562424
Donor_932,astrocyte,M,62.0,55.04612350850215
Donor_932,lamp5 GABAergic interneuron,M,62.0,54.16806819178821
Donor_932,microglial cell,M,62.0,52.576858190810576
Donor_932,oligodendrocyte,M,62.0,61.52486764864898
Donor_932,oligodendrocyte precursor cell,M,62.0,65.05113085230548
Donor_932,pvalb GABAergic interneuron,M,62.0,53.15619948301716
Donor_932,sst GABAergic interneuron,M,62.0,59.48318953397322
Donor_934,GABAergic neuron,H,40.0,56.26993150481819
Donor_934,L2/3 intratelencephalic projecting glutamatergic neuron,H,40.0,47.20134112146321
Donor_934,L2/3-6 intratelencephalic projecting glutamatergic neuron,H,40.0,49.00384811828222
Donor_934,L5/6 near-projecting glutamatergic neuron,H,40.0,67.57250895683212
Donor_934,L6 corticothalamic-projecting glutamatergic cortical neuron,H,40.0,43.97952558870413
Donor_934,L6 intratelencephalic projecting glutamatergic neuron,H,40.0,57.86101768762645
Donor_934,VIP GABAergic interneuron,H,40.0,59.299265116009
Donor_934,astrocyte,H,40.0,46.11751720178375
Donor_934,endothelial cell,H,40.0,55.795570670572644
Donor_934,lamp5 GABAergic interneuron,H,40.0,61.739979988883746
Donor_934,oligodendrocyte,H,40.0,56.27179634093011
Donor_934,oligodendrocyte precursor cell,H,40.0,50.286638939577124
Donor_934,pericyte,H,40.0,61.25886605990121
Donor_934,pvalb GABAergic interneuron,H,40.0,60.96161304210705
Donor_934,sst GABAergic interneuron,H,40.0,64.40319558945927
Donor_934,vascular leptomeningeal cell,H,40.0,60.5387411982477
Donor_94,GABAergic neuron,M,66.0,48.0738207223428
Donor_94,L2/3 intratelencephalic projecting glutamatergic neuron,M,66.0,55.766140324373765
Donor_94,L2/3-6 intratelencephalic projecting glutamatergic neuron,M,66.0,54.09496463945545
Donor_94,VIP GABAergic interneuron,M,66.0,51.437075013390995
Donor_94,astrocyte,M,66.0,62.64932153883207
Donor_94,lamp5 GABAergic interneuron,M,66.0,50.18878873793888
Donor_94,microglial cell,M,66.0,49.44857016807474
Donor_94,oligodendrocyte,M,66.0,59.47366087559193
Donor_94,oligodendrocyte precursor cell,M,66.0,66.3300763069711
Donor_94,perivascular macrophage,M,66.0,37.30309405274475
Donor_94,pvalb GABAergic interneuron,M,66.0,46.236567249220364
Donor_94,sst GABAergic interneuron,M,66.0,49.913482327836576
Donor_946,GABAergic neuron,M,42.0,52.475252930744375
Donor_946,L2/3 intratelencephalic projecting glutamatergic neuron,M,42.0,48.93851882823747
Donor_946,L2/3-6 intratelencephalic projecting glutamatergic neuron,M,42.0,42.30223890257386
Donor_946,L5/6 near-projecting glutamatergic neuron,M,42.0,50.90776372645785
Donor_946,L6 corticothalamic-projecting glutamatergic cortical neuron,M,42.0,54.30288347133846
Donor_946,L6 intratelencephalic projecting glutamatergic neuron,M,42.0,49.16490497670857
Donor_946,VIP GABAergic interneuron,M,42.0,47.30823205285852
Donor_946,astrocyte,M,42.0,51.46881078445218
Donor_946,lamp5 GABAergic interneuron,M,42.0,55.48703909586473
Donor_946,microglial cell,M,42.0,51.47433820907573
Donor_946,oligodendrocyte,M,42.0,45.854681927539545
Donor_946,oligodendrocyte precursor cell,M,42.0,44.330907418528675
Donor_946,pvalb GABAergic interneuron,M,42.0,50.02212803639049
Donor_946,sst GABAergic interneuron,M,42.0,52.26029346423546
Donor_957,GABAergic neuron,M,31.0,44.77392305737992
Donor_957,L2/3 intratelencephalic projecting glutamatergic neuron,M,31.0,39.51021270034473
Donor_957,L2/3-6 intratelencephalic projecting glutamatergic neuron,M,31.0,36.333542473108245
Donor_957,L6 corticothalamic-projecting glutamatergic cortical neuron,M,31.0,35.64123533177431
Donor_957,VIP GABAergic interneuron,M,31.0,34.12768881637248
Donor_957,astrocyte,M,31.0,43.67801794207638
Donor_957,endothelial cell,M,31.0,40.19396677598001
Donor_957,lamp5 GABAergic interneuron,M,31.0,40.105527740200245
Donor_957,microglial cell,M,31.0,43.94393050090703
Donor_957,oligodendrocyte,M,31.0,40.39746328185798
Donor_957,oligodendrocyte precursor cell,M,31.0,28.541341053239194
Donor_957,pericyte,M,31.0,41.45250048851943
Donor_957,pvalb GABAergic interneuron,M,31.0,42.40356172805685
Donor_957,sst GABAergic interneuron,M,31.0,35.77797162547512
Donor_959,GABAergic neuron,H,23.0,57.001034031776975
Donor_959,L2/3 intratelencephalic projecting glutamatergic neuron,H,23.0,23.775197966980137
Donor_959,L2/3-6 intratelencephalic projecting glutamatergic neuron,H,23.0,26.579283685732527
Donor_959,VIP GABAergic interneuron,H,23.0,35.53963314700121
Donor_959,astrocyte,H,23.0,34.24016012896695
Donor_959,endothelial cell,H,23.0,49.6805331476577
Donor_959,lamp5 GABAergic interneuron,H,23.0,53.070446376871836
Donor_959,microglial cell,H,23.0,49.76654113874002
Donor_959,oligodendrocyte,H,23.0,43.05889143335132
Donor_959,oligodendrocyte precursor cell,H,23.0,35.60199598898105
Donor_959,pericyte,H,23.0,53.731536313449375
Donor_959,pvalb GABAergic interneuron,H,23.0,37.904322364311035
Donor_959,sst GABAergic interneuron,H,23.0,37.520349136723
Donor_960,GABAergic neuron,H,71.0,59.83952910818701
Donor_960,L2/3 intratelencephalic projecting glutamatergic neuron,H,71.0,66.62388474958591
Donor_960,L2/3-6 intratelencephalic projecting glutamatergic neuron,H,71.0,70.30625804179536
Donor_960,L5/6 near-projecting glutamatergic neuron,H,71.0,67.08161569669268
Donor_960,L6 corticothalamic-projecting glutamatergic cortical neuron,H,71.0,56.21004416891686
Donor_960,VIP GABAergic interneuron,H,71.0,68.05563897604634
Donor_960,astrocyte,H,71.0,69.41909359211941
Donor_960,endothelial cell,H,71.0,70.18086576321606
Donor_960,lamp5 GABAergic interneuron,H,71.0,63.39675551813117
Donor_960,microglial cell,H,71.0,74.23535646488375
Donor_960,oligodendrocyte,H,71.0,70.17423947021516
Donor_960,oligodendrocyte precursor cell,H,71.0,66.59908775632442
Donor_960,pvalb GABAergic interneuron,H,71.0,61.79972920957987
Donor_960,sst GABAergic interneuron,H,71.0,72.12919382302235
Donor_961,GABAergic neuron,H,83.0,71.11118036189852
Donor_961,L2/3 intratelencephalic projecting glutamatergic neuron,H,83.0,71.78062025309035
Donor_961,L2/3-6 intratelencephalic projecting glutamatergic neuron,H,83.0,73.98346252798808
Donor_961,L5/6 near-projecting glutamatergic neuron,H,83.0,72.78744722266967
Donor_961,L6 corticothalamic-projecting glutamatergic cortical neuron,H,83.0,72.95610950638505
Donor_961,VIP GABAergic interneuron,H,83.0,67.64338622330447
Donor_961,astrocyte,H,83.0,71.47599024773456
Donor_961,endothelial cell,H,83.0,55.795968784286224
Donor_961,lamp5 GABAergic interneuron,H,83.0,65.70439747125072
Donor_961,microglial cell,H,83.0,68.81953333665724
Donor_961,oligodendrocyte,H,83.0,67.05814889874651
Donor_961,oligodendrocyte precursor cell,H,83.0,66.34075564002762
Donor_961,pericyte,H,83.0,62.6981711462705
Donor_961,pvalb GABAergic interneuron,H,83.0,78.31639012810956
Donor_961,sst GABAergic interneuron,H,83.0,74.27971058387732
Donor_961,vascular leptomeningeal cell,H,83.0,65.03735069754812
Donor_968,GABAergic neuron,M,62.0,66.09524835307315
Donor_968,L2/3 intratelencephalic projecting glutamatergic neuron,M,62.0,64.09004894050406
Donor_968,VIP GABAergic interneuron,M,62.0,64.01362439952257
Donor_968,astrocyte,M,62.0,65.39305458679375
Donor_968,lamp5 GABAergic interneuron,M,62.0,52.739635230774105
Donor_968,microglial cell,M,62.0,59.7812630943127
Donor_968,oligodendrocyte,M,62.0,62.73622135169685
Donor_968,oligodendrocyte precursor cell,M,62.0,60.72538986756355
Donor_976,GABAergic neuron,H,50.0,61.545917959036544
Donor_976,L2/3 intratelencephalic projecting glutamatergic neuron,H,50.0,60.59523579239429
Donor_976,L2/3-6 intratelencephalic projecting glutamatergic neuron,H,50.0,52.77736321559779
Donor_976,L5/6 near-projecting glutamatergic neuron,H,50.0,57.377182099671266
Donor_976,L6 corticothalamic-projecting glutamatergic cortical neuron,H,50.0,56.63468455307226
Donor_976,L6 intratelencephalic projecting glutamatergic neuron,H,50.0,60.893869105132914
Donor_976,L6b glutamatergic neuron of the primary motor cortex,H,50.0,62.448740097685366
Donor_976,VIP GABAergic interneuron,H,50.0,60.40555399838465
Donor_976,astrocyte,H,50.0,53.909604386036335
Donor_976,endothelial cell,H,50.0,54.19655844598689
Donor_976,lamp5 GABAergic interneuron,H,50.0,64.65258996882181
Donor_976,microglial cell,H,50.0,53.92849178787736
Donor_976,oligodendrocyte,H,50.0,54.914321604568954
Donor_976,oligodendrocyte precursor cell,H,50.0,51.1108680638859
Donor_976,pericyte,H,50.0,58.72351946214529
Donor_976,pvalb GABAergic interneuron,H,50.0,54.15454180766401
Donor_976,sst GABAergic interneuron,H,50.0,59.82255870227789
Donor_989,GABAergic neuron,H,41.0,65.10599482393273
Donor_989,L2/3 intratelencephalic projecting glutamatergic neuron,H,41.0,57.28520222589199
Donor_989,L2/3-6 intratelencephalic projecting glutamatergic neuron,H,41.0,54.02307100059965
Donor_989,L5/6 near-projecting glutamatergic neuron,H,41.0,53.679102677774274
Donor_989,L6 intratelencephalic projecting glutamatergic neuron,H,41.0,58.507288558569094
Donor_989,L6b glutamatergic neuron of the primary motor cortex,H,41.0,55.368445452368825
Donor_989,VIP GABAergic interneuron,H,41.0,52.06118798597874
Donor_989,endothelial cell,H,41.0,54.15194832778552
Donor_989,lamp5 GABAergic interneuron,H,41.0,52.551250801148456
Donor_989,microglial cell,H,41.0,55.142730321786175
Donor_989,oligodendrocyte,H,41.0,63.710871968256455
Donor_989,oligodendrocyte precursor cell,H,41.0,37.86231913181271
Donor_989,pvalb GABAergic interneuron,H,41.0,54.8619335523186
Donor_989,sst GABAergic interneuron,H,41.0,58.72879067132075
Donor_99,GABAergic neuron,H,51.0,59.14776409060339
Donor_99,L2/3 intratelencephalic projecting glutamatergic neuron,H,51.0,51.7111937621164
Donor_99,L2/3-6 intratelencephalic projecting glutamatergic neuron,H,51.0,56.56269106127867
Donor_99,VIP GABAergic interneuron,H,51.0,52.79459127436682
Donor_99,astrocyte,H,51.0,59.140924646812756
Donor_99,endothelial cell,H,51.0,51.13961185489996
Donor_99,lamp5 GABAergic interneuron,H,51.0,57.42613555768961
Donor_99,microglial cell,H,51.0,54.46223222180811
Donor_99,oligodendrocyte,H,51.0,58.53008868187285
Donor_99,oligodendrocyte precursor cell,H,51.0,43.597024389489164
Donor_99,pvalb GABAergic interneuron,H,51.0,57.53042733248317
Donor_99,sst GABAergic interneuron,H,51.0,55.12977453890272
Donor_992,L2/3 intratelencephalic projecting glutamatergic neuron,H,57.0,59.179428010764
Donor_992,VIP GABAergic interneuron,H,57.0,69.37548238218618
Donor_992,astrocyte,H,57.0,60.6918938580138
Donor_992,endothelial cell,H,57.0,62.36879884092069
Donor_992,microglial cell,H,57.0,58.28929929483877
Donor_992,oligodendrocyte,H,57.0,55.42971313024828
Donor_992,oligodendrocyte precursor cell,H,57.0,54.50297501826493
Donor_992,pericyte,H,57.0,69.40425979918894
Donor_992,pvalb GABAergic interneuron,H,57.0,71.05271682443805
Donor_992,sst GABAergic interneuron,H,57.0,61.48072934779113
Donor_992,vascular leptomeningeal cell,H,57.0,64.19015417734269
