donor,celltype,Source,age,pred_nested_A,pred_nested_I
Donor_100,GABAergic neuron,H,21.0,55.371781498293075,45.78181154401847
Donor_100,L2/3 intratelencephalic projecting glutamatergic neuron,H,21.0,44.46967483992729,22.54781270957367
Donor_100,L2/3-6 intratelencephalic projecting glutamatergic neuron,H,21.0,43.735019846550614,28.554352017541305
Donor_100,L5/6 near-projecting glutamatergic neuron,H,21.0,57.64414149780657,49.131317821598046
Donor_100,L6 corticothalamic-projecting glutamatergic cortical neuron,H,21.0,51.5167466942887,44.281445377346856
Donor_100,L6 intratelencephalic projecting glutamatergic neuron,H,21.0,58.88534551137682,46.2980670466247
Donor_100,L6b glutamatergic neuron of the primary motor cortex,H,21.0,57.62343880941019,41.97294004525325
Donor_100,VIP GABAergic interneuron,H,21.0,53.98456929586642,44.86886711057052
Donor_100,astrocyte,H,21.0,58.88026401193098,35.88958423190883
Donor_100,endothelial cell,H,21.0,55.41511507722847,52.89509649225787
Donor_100,lamp5 GABAergic interneuron,H,21.0,57.648426036585924,49.546506468582166
Donor_100,microglial cell,H,21.0,55.139318934388534,44.06876469868902
Donor_100,oligodendrocyte,H,21.0,48.298141929434614,29.684740149498012
Donor_100,oligodendrocyte precursor cell,H,21.0,52.9733708069697,35.0451502324898
Donor_100,pericyte,H,21.0,57.903231711266294,53.452991616312055
Donor_100,pvalb GABAergic interneuron,H,21.0,50.103418179990555,37.500382517528095
Donor_100,sst GABAergic interneuron,H,21.0,46.893590434256375,33.702816796666994
Donor_100,vascular leptomeningeal cell,H,21.0,61.812309208278016,60.22088306822544
Donor_1000,GABAergic neuron,H,50.0,58.77802692676311,59.790858010977466
Donor_1000,L2/3 intratelencephalic projecting glutamatergic neuron,H,50.0,53.6990694639577,47.478807013406325
Donor_1000,L2/3-6 intratelencephalic projecting glutamatergic neuron,H,50.0,51.36446410380267,54.682836989572564
Donor_1000,L5/6 near-projecting glutamatergic neuron,H,50.0,55.80218605003485,62.000465391975986
Donor_1000,L6 corticothalamic-projecting glutamatergic cortical neuron,H,50.0,51.225286564450975,58.748665372167096
Donor_1000,L6 intratelencephalic projecting glutamatergic neuron,H,50.0,53.50762986813695,54.35451019051506
Donor_1000,L6b glutamatergic neuron of the primary motor cortex,H,50.0,51.230768408967066,59.28571799975327
Donor_1000,VIP GABAergic interneuron,H,50.0,54.8205050246898,60.44644674945833
Donor_1000,astrocyte,H,50.0,61.15031435195907,50.12413035286661
Donor_1000,endothelial cell,H,50.0,53.34098332696245,54.16791046412554
Donor_1000,lamp5 GABAergic interneuron,H,50.0,54.46181466804602,58.703692451215154
Donor_1000,microglial cell,H,50.0,61.75657923854246,60.15353314392696
Donor_1000,oligodendrocyte,H,50.0,68.46822185919902,68.33830729835468
Donor_1000,oligodendrocyte precursor cell,H,50.0,54.24008972745084,53.126183091530336
Donor_1000,pericyte,H,50.0,58.775351024106016,65.10238791887778
Donor_1000,pvalb GABAergic interneuron,H,50.0,50.73767186512638,51.20248525986931
Donor_1000,sst GABAergic interneuron,H,50.0,49.70120650654968,56.11365273520711
Donor_1009,GABAergic neuron,H,48.0,70.12558502723604,62.62705018033495
Donor_1009,L2/3 intratelencephalic projecting glutamatergic neuron,H,48.0,60.689879809450325,52.46781442274191
Donor_1009,L2/3-6 intratelencephalic projecting glutamatergic neuron,H,48.0,71.33579311355405,55.41163046921838
Donor_1009,VIP GABAergic interneuron,H,48.0,71.29129809895697,63.70826367866105
Donor_1009,astrocyte,H,48.0,64.12206913919653,43.90839778339124
Donor_1009,endothelial cell,H,48.0,62.43363897348797,53.288958630049066
Donor_1009,lamp5 GABAergic interneuron,H,48.0,79.53985965958744,73.45901471356801
Donor_1009,microglial cell,H,48.0,55.70964024532903,54.251239234767134
Donor_1009,oligodendrocyte,H,48.0,67.05060303355985,51.439702081669
Donor_1009,oligodendrocyte precursor cell,H,48.0,58.80830809431992,54.07309605154782
Donor_1009,pericyte,H,48.0,60.55018685844604,53.144291588176614
Donor_1009,pvalb GABAergic interneuron,H,48.0,72.47038560329531,56.227448516786815
Donor_1009,sst GABAergic interneuron,H,48.0,60.32948440522037,62.83728768555129
Donor_1013,GABAergic neuron,H,54.0,59.78634669750033,58.60799079265054
Donor_1013,L2/3 intratelencephalic projecting glutamatergic neuron,H,54.0,50.96245070600065,55.223411083781556
Donor_1013,L2/3-6 intratelencephalic projecting glutamatergic neuron,H,54.0,50.738394402556594,53.29012434636559
Donor_1013,L5/6 near-projecting glutamatergic neuron,H,54.0,57.55857282499871,56.56268497784973
Donor_1013,L6 corticothalamic-projecting glutamatergic cortical neuron,H,54.0,56.03052055709065,56.87610607218973
Donor_1013,L6 intratelencephalic projecting glutamatergic neuron,H,54.0,54.52803873851633,54.99842153455477
Donor_1013,L6b glutamatergic neuron of the primary motor cortex,H,54.0,56.9789646753067,58.10799768685746
Donor_1013,VIP GABAergic interneuron,H,54.0,58.91693276662571,53.52814953896039
Donor_1013,astrocyte,H,54.0,61.2129373090617,55.834023110547975
Donor_1013,endothelial cell,H,54.0,58.288225261227396,53.97299802260815
Donor_1013,lamp5 GABAergic interneuron,H,54.0,55.292822980530275,60.50286554749994
Donor_1013,microglial cell,H,54.0,63.14838044009528,56.17960506910346
Donor_1013,oligodendrocyte,H,54.0,55.300880226450964,54.96364941131539
Donor_1013,oligodendrocyte precursor cell,H,54.0,58.28118043848259,51.6014930256552
Donor_1013,pericyte,H,54.0,55.939659205646485,64.56050136224573
Donor_1013,pvalb GABAergic interneuron,H,54.0,51.9062086715872,53.8238490228983
Donor_1013,sst GABAergic interneuron,H,54.0,59.792690270698216,61.319887758361176
Donor_1013,vascular leptomeningeal cell,H,54.0,65.8416789052944,67.00467621473075
Donor_1021,L2/3 intratelencephalic projecting glutamatergic neuron,M,80.0,56.66430096070914,71.02862267823937
Donor_1021,L2/3-6 intratelencephalic projecting glutamatergic neuron,M,80.0,57.33810510840426,66.28710058594369
Donor_1021,L5/6 near-projecting glutamatergic neuron,M,80.0,53.0555416818921,77.68301487602102
Donor_1021,L6 corticothalamic-projecting glutamatergic cortical neuron,M,80.0,58.61399560705888,66.95872631098538
Donor_1021,L6 intratelencephalic projecting glutamatergic neuron,M,80.0,48.32138100949683,68.09857535815487
Donor_1021,L6b glutamatergic neuron of the primary motor cortex,M,80.0,59.71974256775517,72.00301392208203
Donor_1021,VIP GABAergic interneuron,M,80.0,57.818566822649174,73.180499761642
Donor_1021,astrocyte,M,80.0,58.088941827299266,79.73558286824668
Donor_1021,lamp5 GABAergic interneuron,M,80.0,53.11658053575875,80.35899103707547
Donor_1021,microglial cell,M,80.0,60.01666541337741,87.9807675484582
Donor_1021,oligodendrocyte,M,80.0,60.85955009124901,66.25014136042046
Donor_1021,oligodendrocyte precursor cell,M,80.0,55.754641384441484,85.57984393580392
Donor_1021,pvalb GABAergic interneuron,M,80.0,50.78779138156367,71.84443155915345
Donor_1021,sst GABAergic interneuron,M,80.0,43.62449826304937,65.08388658820985
Donor_1022,GABAergic neuron,M,55.0,57.72900639634676,41.51303336768746
Donor_1022,L2/3 intratelencephalic projecting glutamatergic neuron,M,55.0,72.85373286973979,59.831726704944316
Donor_1022,L2/3-6 intratelencephalic projecting glutamatergic neuron,M,55.0,29.195886258012692,54.85787795402424
Donor_1022,astrocyte,M,55.0,50.74382719344586,62.82748702691784
Donor_1022,microglial cell,M,55.0,57.717323963093385,70.04772548921608
Donor_1022,oligodendrocyte,M,55.0,61.81170004487581,72.11678489134314
Donor_1022,oligodendrocyte precursor cell,M,55.0,47.8689197961246,61.399943042232614
Donor_1022,pericyte,M,55.0,50.39229490355486,41.46319476753563
Donor_1029,GABAergic neuron,H,44.0,57.987269859337054,53.85608743664178
Donor_1029,L2/3 intratelencephalic projecting glutamatergic neuron,H,44.0,49.91791221721576,49.803858032180756
Donor_1029,L2/3-6 intratelencephalic projecting glutamatergic neuron,H,44.0,51.676496611003294,50.00143318003276
Donor_1029,L5/6 near-projecting glutamatergic neuron,H,44.0,52.81466150954497,56.15513242635247
Donor_1029,L6 corticothalamic-projecting glutamatergic cortical neuron,H,44.0,46.176700100677294,43.486497027420015
Donor_1029,L6 intratelencephalic projecting glutamatergic neuron,H,44.0,50.31066726128905,51.83812780036854
Donor_1029,L6b glutamatergic neuron of the primary motor cortex,H,44.0,50.5526744437481,52.74786656616349
Donor_1029,VIP GABAergic interneuron,H,44.0,50.58316555587834,56.94094267697194
Donor_1029,astrocyte,H,44.0,47.859706065559614,53.172724059575295
Donor_1029,endothelial cell,H,44.0,54.006384112366966,43.03388132248852
Donor_1029,lamp5 GABAergic interneuron,H,44.0,51.17310525470294,57.76762795781175
Donor_1029,microglial cell,H,44.0,45.120080833113505,49.6676678843845
Donor_1029,oligodendrocyte,H,44.0,50.285953808447765,54.611766116228026
Donor_1029,oligodendrocyte precursor cell,H,44.0,52.421909534014674,56.43904692122426
Donor_1029,pericyte,H,44.0,53.69834395284325,54.73464562921197
Donor_1029,pvalb GABAergic interneuron,H,44.0,52.276714218968046,46.714848294816306
Donor_1029,smooth muscle cell,H,44.0,,
Donor_1029,sst GABAergic interneuron,H,44.0,55.895626094501566,49.86225380285377
Donor_1029,vascular leptomeningeal cell,H,44.0,68.12816605906733,47.07661749043484
Donor_1030,GABAergic neuron,M,36.0,47.66481084433304,45.392911432003224
Donor_1030,L2/3 intratelencephalic projecting glutamatergic neuron,M,36.0,52.14216858204091,43.60176600120282
Donor_1030,L2/3-6 intratelencephalic projecting glutamatergic neuron,M,36.0,53.75828586610755,48.14483668595819
Donor_1030,VIP GABAergic interneuron,M,36.0,53.6859864948712,44.29180669489248
Donor_1030,astrocyte,M,36.0,45.71664070347106,52.1164923409618
Donor_1030,lamp5 GABAergic interneuron,M,36.0,46.690864961673505,31.43520617708213
Donor_1030,microglial cell,M,36.0,39.15998375347977,47.10459265568323
Donor_1030,oligodendrocyte,M,36.0,40.656096444839044,47.708150651911964
Donor_1030,oligodendrocyte precursor cell,M,36.0,44.65855300009167,41.69540934888951
Donor_1030,pericyte,M,36.0,47.662973995674676,56.805004859916224
Donor_1030,pvalb GABAergic interneuron,M,36.0,50.94916975634617,41.24167625599824
Donor_1030,sst GABAergic interneuron,M,36.0,53.384647413878724,35.18302000947722
Donor_1035,L2/3 intratelencephalic projecting glutamatergic neuron,M,81.0,61.8925831495613,70.43784816623713
Donor_1035,L2/3-6 intratelencephalic projecting glutamatergic neuron,M,81.0,64.16790197072369,68.42120884148245
Donor_1035,L6 intratelencephalic projecting glutamatergic neuron,M,81.0,62.247087550959904,67.67956417348587
Donor_1035,VIP GABAergic interneuron,M,81.0,57.93975716652548,76.89402380579523
Donor_1035,astrocyte,M,81.0,58.95412049365787,75.76997947464335
Donor_1035,lamp5 GABAergic interneuron,M,81.0,57.27546333752655,73.81713663192147
Donor_1035,microglial cell,M,81.0,53.67776567904299,67.50326327669376
Donor_1035,oligodendrocyte,M,81.0,58.16237264312614,60.949844897865304
Donor_1035,oligodendrocyte precursor cell,M,81.0,57.122520294193656,75.02344523466884
Donor_1035,pvalb GABAergic interneuron,M,81.0,54.85932535208145,69.53570238588283
Donor_1037,L2/3 intratelencephalic projecting glutamatergic neuron,M,86.0,73.44192128649851,69.11034014435904
Donor_1037,L2/3-6 intratelencephalic projecting glutamatergic neuron,M,86.0,58.84757656822252,74.14373217140424
Donor_1037,astrocyte,M,86.0,72.4520632400394,68.3348327241822
Donor_1037,microglial cell,M,86.0,58.938649077993375,72.9629054435852
Donor_1037,oligodendrocyte,M,86.0,58.740499936960276,58.10045449296661
Donor_1037,oligodendrocyte precursor cell,M,86.0,71.2184174835094,93.56784380496023
Donor_1045,GABAergic neuron,M,46.0,55.792038897269265,56.443865087559956
Donor_1045,L2/3 intratelencephalic projecting glutamatergic neuron,M,46.0,36.938527165377195,53.49977030532035
Donor_1045,L2/3-6 intratelencephalic projecting glutamatergic neuron,M,46.0,37.3567878659685,47.13052251218045
Donor_1045,VIP GABAergic interneuron,M,46.0,48.69847201531712,39.950147565387155
Donor_1045,astrocyte,M,46.0,45.20737712011315,44.386592236330735
Donor_1045,lamp5 GABAergic interneuron,M,46.0,51.34504336691181,56.52116837098062
Donor_1045,microglial cell,M,46.0,41.71391868778599,44.74260336281584
Donor_1045,oligodendrocyte,M,46.0,46.489710662885734,50.89024662280888
Donor_1045,oligodendrocyte precursor cell,M,46.0,37.89332314374693,53.38015521598131
Donor_1045,pvalb GABAergic interneuron,M,46.0,44.149362772411905,52.8452503154047
Donor_1045,sst GABAergic interneuron,M,46.0,44.24676878601851,38.74960401370177
Donor_1059,GABAergic neuron,M,70.0,50.03688064174724,66.58788253576913
Donor_1059,L2/3 intratelencephalic projecting glutamatergic neuron,M,70.0,60.761658469843354,66.2155121410446
Donor_1059,L2/3-6 intratelencephalic projecting glutamatergic neuron,M,70.0,55.60382081526198,66.8197665282797
Donor_1059,L5/6 near-projecting glutamatergic neuron,M,70.0,55.260281103070795,57.78118000617201
Donor_1059,L6 corticothalamic-projecting glutamatergic cortical neuron,M,70.0,58.252906142776176,64.80609664367992
Donor_1059,L6 intratelencephalic projecting glutamatergic neuron,M,70.0,57.5307467150929,66.86777059085775
Donor_1059,L6b glutamatergic neuron of the primary motor cortex,M,70.0,67.11587630089203,64.39238744999426
Donor_1059,VIP GABAergic interneuron,M,70.0,60.61109556915261,67.35127928935583
Donor_1059,astrocyte,M,70.0,55.37941719425929,60.452544408806595
Donor_1059,lamp5 GABAergic interneuron,M,70.0,55.010318622765254,72.45034143995116
Donor_1059,microglial cell,M,70.0,38.71355652590284,61.63605489296662
Donor_1059,oligodendrocyte,M,70.0,49.5223749412429,67.63829018615218
Donor_1059,oligodendrocyte precursor cell,M,70.0,55.41506310333663,77.64332385135987
Donor_1059,pvalb GABAergic interneuron,M,70.0,53.94883412800708,62.61269865786572
Donor_1059,sst GABAergic interneuron,M,70.0,47.78271535008958,63.31887021737431
Donor_106,GABAergic neuron,M,70.0,59.141753536334335,46.439931096779155
Donor_106,L2/3 intratelencephalic projecting glutamatergic neuron,M,70.0,59.091269230568656,67.02472534651743
Donor_106,L2/3-6 intratelencephalic projecting glutamatergic neuron,M,70.0,54.530044405051584,58.321704117565304
Donor_106,VIP GABAergic interneuron,M,70.0,57.84002089092808,59.23314424232537
Donor_106,astrocyte,M,70.0,60.62453811049861,65.02218460488518
Donor_106,lamp5 GABAergic interneuron,M,70.0,57.53074766294547,70.04794100818921
Donor_106,microglial cell,M,70.0,47.14538487654986,49.57265530003482
Donor_106,oligodendrocyte,M,70.0,53.740772485116224,69.19494604352487
Donor_106,oligodendrocyte precursor cell,M,70.0,45.49689169086892,61.45288223787287
Donor_106,pvalb GABAergic interneuron,M,70.0,47.58220451042164,53.06885064971293
Donor_106,sst GABAergic interneuron,M,70.0,52.93961319329094,62.90497971367487
Donor_1062,GABAergic neuron,M,70.0,52.96680229710863,45.414504860215004
Donor_1062,L2/3 intratelencephalic projecting glutamatergic neuron,M,70.0,60.075235754547435,65.72474367354303
Donor_1062,L2/3-6 intratelencephalic projecting glutamatergic neuron,M,70.0,65.42831892784349,65.54212265888312
Donor_1062,L6 corticothalamic-projecting glutamatergic cortical neuron,M,70.0,57.504363723148565,56.456975666925814
Donor_1062,VIP GABAergic interneuron,M,70.0,50.73460533289032,44.91970255151413
Donor_1062,astrocyte,M,70.0,48.95138968736276,66.5293523288995
Donor_1062,endothelial cell,M,70.0,51.07826251912808,51.80866683197333
Donor_1062,lamp5 GABAergic interneuron,M,70.0,54.65624361059808,41.882938938830705
Donor_1062,microglial cell,M,70.0,41.62792467306341,41.861839519225384
Donor_1062,oligodendrocyte,M,70.0,58.354934910371476,49.776365816128106
Donor_1062,oligodendrocyte precursor cell,M,70.0,57.68867210994019,52.18096557408925
Donor_1062,pericyte,M,70.0,45.59240249991718,39.02689428240496
Donor_1062,pvalb GABAergic interneuron,M,70.0,52.72769327068359,47.221178974700365
Donor_1062,sst GABAergic interneuron,M,70.0,49.09837861867343,48.41974950209198
Donor_1062,vascular leptomeningeal cell,M,70.0,45.48675686696428,36.66542791481679
Donor_1070,GABAergic neuron,M,62.0,50.66800494558677,52.534730391352525
Donor_1070,L2/3 intratelencephalic projecting glutamatergic neuron,M,62.0,57.942444441006295,54.606531188821585
Donor_1070,L2/3-6 intratelencephalic projecting glutamatergic neuron,M,62.0,46.67879113778068,56.26754733596409
Donor_1070,L6 corticothalamic-projecting glutamatergic cortical neuron,M,62.0,54.88113435366904,56.69916582158147
Donor_1070,L6 intratelencephalic projecting glutamatergic neuron,M,62.0,39.88473513447184,53.62815147046426
Donor_1070,VIP GABAergic interneuron,M,62.0,41.872283200222434,43.53677140796468
Donor_1070,astrocyte,M,62.0,44.26867218180581,53.723874972521784
Donor_1070,lamp5 GABAergic interneuron,M,62.0,39.33810792993803,43.75939988888679
Donor_1070,microglial cell,M,62.0,39.83108175585017,41.9548734912622
Donor_1070,oligodendrocyte,M,62.0,52.95260326410071,59.858453156937244
Donor_1070,oligodendrocyte precursor cell,M,62.0,44.54201532238277,53.10205341662591
Donor_1070,pvalb GABAergic interneuron,M,62.0,40.84087550139242,45.86656827350028
Donor_1070,sst GABAergic interneuron,M,62.0,43.58408804193821,44.33121323645088
Donor_1076,GABAergic neuron,M,70.0,50.03653062212759,56.83269394288745
Donor_1076,L2/3 intratelencephalic projecting glutamatergic neuron,M,70.0,61.01945846455151,63.22723858368888
Donor_1076,VIP GABAergic interneuron,M,70.0,56.03551999460885,67.79809510400365
Donor_1076,astrocyte,M,70.0,50.48779767510658,66.75391576142727
Donor_1076,endothelial cell,M,70.0,38.92142718949663,56.43977758233365
Donor_1076,lamp5 GABAergic interneuron,M,70.0,53.34156472274318,60.24009883356382
Donor_1076,microglial cell,M,70.0,32.734625525174515,51.06032490592975
Donor_1076,oligodendrocyte,M,70.0,49.093430195450075,59.886888291055925
Donor_1076,oligodendrocyte precursor cell,M,70.0,46.16468565854264,61.51877072811362
Donor_1076,pericyte,M,70.0,41.8436351896776,53.05734527861965
Donor_1076,pvalb GABAergic interneuron,M,70.0,43.78033408962145,62.10834661568658
Donor_1087,GABAergic neuron,M,89.0,55.66088279930476,60.1168158876788
Donor_1087,L2/3 intratelencephalic projecting glutamatergic neuron,M,89.0,71.13086863989041,74.32597030891444
Donor_1087,L2/3-6 intratelencephalic projecting glutamatergic neuron,M,89.0,70.36897903993167,77.9167817347134
Donor_1087,L6 corticothalamic-projecting glutamatergic cortical neuron,M,89.0,44.00418487776689,67.56414825108916
Donor_1087,L6 intratelencephalic projecting glutamatergic neuron,M,89.0,67.91788318760307,71.59855608574743
Donor_1087,VIP GABAergic interneuron,M,89.0,55.32835862422268,90.00908106984441
Donor_1087,astrocyte,M,89.0,66.61552475097788,78.35193490884575
Donor_1087,endothelial cell,M,89.0,46.447093512434236,65.08606552856652
Donor_1087,lamp5 GABAergic interneuron,M,89.0,63.79349529178491,68.35441298903004
Donor_1087,microglial cell,M,89.0,61.83450587237596,82.9657600999075
Donor_1087,oligodendrocyte,M,89.0,57.76862845553791,67.07253295624758
Donor_1087,oligodendrocyte precursor cell,M,89.0,54.98094272352691,77.1770872927537
Donor_1087,pvalb GABAergic interneuron,M,89.0,66.49397272579934,71.82255059815272
Donor_1087,sst GABAergic interneuron,M,89.0,52.9469039380629,77.34998384579401
Donor_1088,GABAergic neuron,H,48.0,57.3965100333869,60.07094966446679
Donor_1088,L2/3 intratelencephalic projecting glutamatergic neuron,H,48.0,51.12314779722692,55.49436673430675
Donor_1088,L2/3-6 intratelencephalic projecting glutamatergic neuron,H,48.0,51.010062874047854,56.26983718304411
Donor_1088,L5/6 near-projecting glutamatergic neuron,H,48.0,45.24664106378687,58.84117165813345
Donor_1088,L6 corticothalamic-projecting glutamatergic cortical neuron,H,48.0,46.926590743045615,58.14915730474675
Donor_1088,L6 intratelencephalic projecting glutamatergic neuron,H,48.0,52.09049569132385,52.854027042009754
Donor_1088,L6b glutamatergic neuron of the primary motor cortex,H,48.0,51.54919236416564,55.18353049839625
Donor_1088,VIP GABAergic interneuron,H,48.0,50.81219641744111,60.16480513221459
Donor_1088,astrocyte,H,48.0,47.60151232419015,51.14533787625946
Donor_1088,endothelial cell,H,48.0,49.24391312622951,58.65083323865736
Donor_1088,lamp5 GABAergic interneuron,H,48.0,49.38123681473332,60.8473740517817
Donor_1088,microglial cell,H,48.0,55.501297397960705,50.848779875674715
Donor_1088,oligodendrocyte,H,48.0,52.494676105029846,56.07361169971925
Donor_1088,oligodendrocyte precursor cell,H,48.0,57.10269562714502,56.12869749278425
Donor_1088,pericyte,H,48.0,53.411783964502426,63.402371730639764
Donor_1088,pvalb GABAergic interneuron,H,48.0,52.482601277762896,53.92112325080946
Donor_1088,sst GABAergic interneuron,H,48.0,48.80071404107469,58.78095626943784
Donor_1088,vascular leptomeningeal cell,H,48.0,88.5523487622175,71.85133778773745
Donor_1100,GABAergic neuron,H,43.0,54.11327340687031,56.633901987727306
Donor_1100,L2/3 intratelencephalic projecting glutamatergic neuron,H,43.0,40.39076102588368,37.87973976383431
Donor_1100,L2/3-6 intratelencephalic projecting glutamatergic neuron,H,43.0,44.72334155507938,49.254927831272504
Donor_1100,VIP GABAergic interneuron,H,43.0,56.14328943099192,53.26733129656089
Donor_1100,astrocyte,H,43.0,58.696069570559764,51.594342088744035
Donor_1100,endothelial cell,H,43.0,52.2064358993588,47.02999088775823
Donor_1100,lamp5 GABAergic interneuron,H,43.0,47.115576410451084,46.519711125238665
Donor_1100,microglial cell,H,43.0,58.604635776388776,48.43812555544335
Donor_1100,oligodendrocyte,H,43.0,54.34003449357419,53.41786886010359
Donor_1100,oligodendrocyte precursor cell,H,43.0,48.28251493322385,46.999990687021146
Donor_1100,pericyte,H,43.0,50.9034316800622,61.76345485161649
Donor_1100,pvalb GABAergic interneuron,H,43.0,50.09124473236106,47.05031315474466
Donor_1100,sst GABAergic interneuron,H,43.0,50.15046715221339,45.28703827270024
Donor_1107,GABAergic neuron,M,72.0,47.44554638125547,47.41739467238864
Donor_1107,L2/3 intratelencephalic projecting glutamatergic neuron,M,72.0,56.71914967012186,58.675257288422
Donor_1107,L2/3-6 intratelencephalic projecting glutamatergic neuron,M,72.0,52.79951657796697,59.72556946698301
Donor_1107,L6 corticothalamic-projecting glutamatergic cortical neuron,M,72.0,51.54258017189273,53.70619843054382
Donor_1107,L6 intratelencephalic projecting glutamatergic neuron,M,72.0,54.57759638110322,58.43865249402365
Donor_1107,L6b glutamatergic neuron of the primary motor cortex,M,72.0,54.687829364339834,54.017031330379005
Donor_1107,VIP GABAergic interneuron,M,72.0,46.979073434516934,53.2316003698145
Donor_1107,astrocyte,M,72.0,45.348472123336386,56.94040610480168
Donor_1107,lamp5 GABAergic interneuron,M,72.0,50.69433894787494,45.48677368562378
Donor_1107,microglial cell,M,72.0,43.94025333212683,73.50656505690671
Donor_1107,oligodendrocyte,M,72.0,56.08219304258729,57.60838138919783
Donor_1107,oligodendrocyte precursor cell,M,72.0,52.71500780725019,61.87824477190807
Donor_1107,pvalb GABAergic interneuron,M,72.0,56.266616790327475,53.9009208188111
Donor_1107,sst GABAergic interneuron,M,72.0,59.48320872990204,54.71689125883038
Donor_111,GABAergic neuron,H,56.0,63.29124617120034,56.79124008025739
Donor_111,L2/3 intratelencephalic projecting glutamatergic neuron,H,56.0,52.57492753890765,60.8947092545714
Donor_111,L2/3-6 intratelencephalic projecting glutamatergic neuron,H,56.0,62.20904458831701,62.91969924784464
Donor_111,L5/6 near-projecting glutamatergic neuron,H,56.0,64.22496385462047,60.87986069287824
Donor_111,L6 corticothalamic-projecting glutamatergic cortical neuron,H,56.0,58.38863086333749,55.59355554019123
Donor_111,L6 intratelencephalic projecting glutamatergic neuron,H,56.0,61.44525204929721,49.904832766763654
Donor_111,L6b glutamatergic neuron of the primary motor cortex,H,56.0,65.62145044582066,53.578419658634026
Donor_111,VIP GABAergic interneuron,H,56.0,60.340966474412376,59.5946320547056
Donor_111,astrocyte,H,56.0,52.99282250340492,60.367629617195675
Donor_111,endothelial cell,H,56.0,55.424885885535055,44.21901110382191
Donor_111,lamp5 GABAergic interneuron,H,56.0,62.59938195620807,61.45601314597891
Donor_111,microglial cell,H,56.0,54.607881032065585,56.57202542255193
Donor_111,oligodendrocyte,H,56.0,58.43122301573894,52.990145589441894
Donor_111,oligodendrocyte precursor cell,H,56.0,51.00456374446342,55.92206761481274
Donor_111,pericyte,H,56.0,57.26916798493018,56.537303994406784
Donor_111,perivascular macrophage,H,56.0,67.62624492734,58.937318652647214
Donor_111,pvalb GABAergic interneuron,H,56.0,66.98731490942986,55.176695306042184
Donor_111,smooth muscle cell,H,56.0,,
Donor_111,sst GABAergic interneuron,H,56.0,62.96690823568894,57.67020798544299
Donor_111,vascular leptomeningeal cell,H,56.0,61.47663769459393,50.49017176175841
Donor_1117,GABAergic neuron,H,40.0,59.256107806520646,59.12129683314469
Donor_1117,L2/3 intratelencephalic projecting glutamatergic neuron,H,40.0,52.26323737923617,44.13369542814054
Donor_1117,L2/3-6 intratelencephalic projecting glutamatergic neuron,H,40.0,59.83737952639955,48.72182638019094
Donor_1117,L5/6 near-projecting glutamatergic neuron,H,40.0,60.07466395309861,53.865834728434045
Donor_1117,L6 corticothalamic-projecting glutamatergic cortical neuron,H,40.0,56.914210844604405,48.71326369907544
Donor_1117,L6 intratelencephalic projecting glutamatergic neuron,H,40.0,61.65072782037887,58.95784086052685
Donor_1117,VIP GABAergic interneuron,H,40.0,66.100803943558,57.68757083540046
Donor_1117,astrocyte,H,40.0,54.36188769111948,40.73331694276855
Donor_1117,endothelial cell,H,40.0,63.643235136372326,51.81055590974627
Donor_1117,lamp5 GABAergic interneuron,H,40.0,61.956862637563695,58.20693504037063
Donor_1117,microglial cell,H,40.0,56.4723949977101,56.27754321599365
Donor_1117,oligodendrocyte,H,40.0,62.56671215338981,46.23036399978734
Donor_1117,oligodendrocyte precursor cell,H,40.0,55.99908897450758,50.79297717084481
Donor_1117,pericyte,H,40.0,55.78411461501934,56.44358387472924
Donor_1117,pvalb GABAergic interneuron,H,40.0,65.4945097158365,47.10943567366958
Donor_1117,sst GABAergic interneuron,H,40.0,59.94035457018561,51.31592038181383
Donor_1124,GABAergic neuron,M,79.0,50.828397860176665,64.07666056809332
Donor_1124,L2/3 intratelencephalic projecting glutamatergic neuron,M,79.0,73.63602248345927,74.10178321595819
Donor_1124,L2/3-6 intratelencephalic projecting glutamatergic neuron,M,79.0,70.57794236817367,68.77274225682653
Donor_1124,VIP GABAergic interneuron,M,79.0,54.918240434749485,58.24710849759412
Donor_1124,astrocyte,M,79.0,54.65476995855796,73.81226119666648
Donor_1124,lamp5 GABAergic interneuron,M,79.0,55.12347923896034,61.7280448744072
Donor_1124,microglial cell,M,79.0,62.416373088908415,75.75913237575725
Donor_1124,oligodendrocyte,M,79.0,59.69737525416994,65.9315225270141
Donor_1124,oligodendrocyte precursor cell,M,79.0,60.58161043357404,66.61300463709863
Donor_1124,pvalb GABAergic interneuron,M,79.0,57.8850072072653,61.51442617718065
Donor_1124,sst GABAergic interneuron,M,79.0,53.93528295714421,47.932949755375375
Donor_1136,GABAergic neuron,H,50.0,63.015219501812716,65.84147123926289
Donor_1136,L2/3 intratelencephalic projecting glutamatergic neuron,H,50.0,49.82400073059396,54.828797587186486
Donor_1136,L2/3-6 intratelencephalic projecting glutamatergic neuron,H,50.0,56.652185691900556,53.18109323528675
Donor_1136,L5/6 near-projecting glutamatergic neuron,H,50.0,57.66844309616504,57.99918330383743
Donor_1136,L6 corticothalamic-projecting glutamatergic cortical neuron,H,50.0,59.76368008574708,53.02497414880356
Donor_1136,L6 intratelencephalic projecting glutamatergic neuron,H,50.0,53.88573649775085,57.80699801873772
Donor_1136,L6b glutamatergic neuron of the primary motor cortex,H,50.0,57.531103541351925,57.25675635194952
Donor_1136,VIP GABAergic interneuron,H,50.0,57.424683592380276,53.10677150449122
Donor_1136,astrocyte,H,50.0,55.05494860443909,50.4633079966203
Donor_1136,endothelial cell,H,50.0,57.52404801955131,47.69155277244276
Donor_1136,lamp5 GABAergic interneuron,H,50.0,65.64093178593217,60.960729237417446
Donor_1136,microglial cell,H,50.0,52.35854646179356,54.48684571539923
Donor_1136,oligodendrocyte,H,50.0,56.37480280689641,41.87557332588711
Donor_1136,oligodendrocyte precursor cell,H,50.0,53.61507040641446,50.06441432116792
Donor_1136,pericyte,H,50.0,56.21527330570138,51.95120146290526
Donor_1136,pvalb GABAergic interneuron,H,50.0,61.25552336118991,49.1481224748245
Donor_1136,sst GABAergic interneuron,H,50.0,61.24028580334538,55.53312414445418
Donor_1137,GABAergic neuron,H,61.0,62.096456418449414,65.41995823524631
Donor_1137,L2/3 intratelencephalic projecting glutamatergic neuron,H,61.0,52.06568908990813,55.419251528411486
Donor_1137,L2/3-6 intratelencephalic projecting glutamatergic neuron,H,61.0,50.697340424251905,55.189117595273835
Donor_1137,L5/6 near-projecting glutamatergic neuron,H,61.0,56.0081150934651,60.513073106561215
Donor_1137,L6 corticothalamic-projecting glutamatergic cortical neuron,H,61.0,59.04752951442845,54.99229303388699
Donor_1137,L6 intratelencephalic projecting glutamatergic neuron,H,61.0,52.63257786283485,54.950377300013656
Donor_1137,L6b glutamatergic neuron of the primary motor cortex,H,61.0,52.423590884379,54.0646469380312
Donor_1137,VIP GABAergic interneuron,H,61.0,62.72753833701556,53.20341964471203
Donor_1137,astrocyte,H,61.0,70.74350530543006,69.35745557832425
Donor_1137,endothelial cell,H,61.0,60.08461299926005,49.27459988844544
Donor_1137,lamp5 GABAergic interneuron,H,61.0,59.10387139984326,59.896106005234536
Donor_1137,microglial cell,H,61.0,63.954619802648985,55.55822518298047
Donor_1137,oligodendrocyte,H,61.0,60.3689065292858,60.37703056060658
Donor_1137,oligodendrocyte precursor cell,H,61.0,51.25736781482082,58.475494491065724
Donor_1137,pericyte,H,61.0,58.77564681226494,51.0668306178854
Donor_1137,pvalb GABAergic interneuron,H,61.0,51.321654268715136,41.90796904698065
Donor_1137,sst GABAergic interneuron,H,61.0,54.78286298640946,52.574967435643245
Donor_1137,vascular leptomeningeal cell,H,61.0,69.30915159873808,58.05985732389096
Donor_1138,GABAergic neuron,M,53.0,63.94669819674685,68.43272621505503
Donor_1138,L2/3 intratelencephalic projecting glutamatergic neuron,M,53.0,63.59106485419418,66.5591470612548
Donor_1138,L2/3-6 intratelencephalic projecting glutamatergic neuron,M,53.0,61.165879310301825,64.19278745212684
Donor_1138,L5/6 near-projecting glutamatergic neuron,M,53.0,51.21233808647532,55.075152917929266
Donor_1138,L6 corticothalamic-projecting glutamatergic cortical neuron,M,53.0,54.9812579777704,63.15288606578222
Donor_1138,L6 intratelencephalic projecting glutamatergic neuron,M,53.0,55.41881263209455,65.04010501018854
Donor_1138,L6b glutamatergic neuron of the primary motor cortex,M,53.0,63.35182462817337,64.41073018478794
Donor_1138,VIP GABAergic interneuron,M,53.0,56.94090918377253,68.3320956737586
Donor_1138,astrocyte,M,53.0,59.39905366465801,70.85165124143717
Donor_1138,endothelial cell,M,53.0,52.20215507173908,53.70468960622868
Donor_1138,lamp5 GABAergic interneuron,M,53.0,60.084284058738305,66.76555220657939
Donor_1138,microglial cell,M,53.0,54.45997176838986,75.80611530958572
Donor_1138,oligodendrocyte,M,53.0,63.94292925958143,66.58062113628313
Donor_1138,oligodendrocyte precursor cell,M,53.0,58.22431263641114,82.88296395981135
Donor_1138,pericyte,M,53.0,51.00273990409042,57.44350108492205
Donor_1138,pvalb GABAergic interneuron,M,53.0,61.63636839221502,67.29384073517048
Donor_1138,sst GABAergic interneuron,M,53.0,57.647646013647005,65.25071240521368
Donor_1150,GABAergic neuron,M,40.0,44.5071939534477,32.9280458343267
Donor_1150,L2/3 intratelencephalic projecting glutamatergic neuron,M,40.0,44.846883850354246,38.99998518344256
Donor_1150,L2/3-6 intratelencephalic projecting glutamatergic neuron,M,40.0,40.579062207797875,39.31251859012028
Donor_1150,L6 corticothalamic-projecting glutamatergic cortical neuron,M,40.0,46.742033356918775,43.88440468481612
Donor_1150,L6 intratelencephalic projecting glutamatergic neuron,M,40.0,39.9748914649022,44.30204709164862
Donor_1150,VIP GABAergic interneuron,M,40.0,39.1036843364079,31.51114677207911
Donor_1150,astrocyte,M,40.0,36.32558126740832,38.471387765428176
Donor_1150,endothelial cell,M,40.0,38.532280888667074,39.868198248596926
Donor_1150,lamp5 GABAergic interneuron,M,40.0,40.01500782648666,30.0874298494616
Donor_1150,microglial cell,M,40.0,33.00440968391675,36.40455091394449
Donor_1150,oligodendrocyte,M,40.0,42.77328645932585,29.883405670359117
Donor_1150,oligodendrocyte precursor cell,M,40.0,39.24617520679758,37.759103869588614
Donor_1150,pvalb GABAergic interneuron,M,40.0,36.5821567217873,35.422076384605994
Donor_1150,sst GABAergic interneuron,M,40.0,40.725825027042106,36.28147610447425
Donor_1157,GABAergic neuron,H,50.0,60.30414008654843,57.374577738019994
Donor_1157,L2/3 intratelencephalic projecting glutamatergic neuron,H,50.0,51.679675120550144,52.25339454808623
Donor_1157,L2/3-6 intratelencephalic projecting glutamatergic neuron,H,50.0,57.13518747246585,56.02690480401932
Donor_1157,L5/6 near-projecting glutamatergic neuron,H,50.0,55.03447609982635,55.50716230985636
Donor_1157,L6 corticothalamic-projecting glutamatergic cortical neuron,H,50.0,57.982161933985886,52.541719790548115
Donor_1157,L6 intratelencephalic projecting glutamatergic neuron,H,50.0,59.954862951113995,55.01879197623098
Donor_1157,L6b glutamatergic neuron of the primary motor cortex,H,50.0,59.60877340731177,59.519038105790955
Donor_1157,VIP GABAergic interneuron,H,50.0,59.025091352323265,53.79593775259416
Donor_1157,astrocyte,H,50.0,61.480346591151246,57.057117651989046
Donor_1157,endothelial cell,H,50.0,54.66030447279372,52.20209152279811
Donor_1157,lamp5 GABAergic interneuron,H,50.0,57.8050571696095,53.2705107344808
Donor_1157,microglial cell,H,50.0,61.0952340054213,51.23204968902721
Donor_1157,oligodendrocyte,H,50.0,60.37777198438728,57.23613069298808
Donor_1157,oligodendrocyte precursor cell,H,50.0,62.135972288167125,50.27254169482625
Donor_1157,pericyte,H,50.0,54.71714756886033,56.90811558846684
Donor_1157,perivascular macrophage,H,50.0,67.39239823504157,60.857332040933215
Donor_1157,pvalb GABAergic interneuron,H,50.0,60.123412351746765,50.450717068313416
Donor_1157,sst GABAergic interneuron,H,50.0,63.068461645152844,53.80553297755996
Donor_1157,vascular leptomeningeal cell,H,50.0,72.16513698472659,58.87585641307902
Donor_1166,GABAergic neuron,M,80.0,68.86769304222425,68.67103932059732
Donor_1166,L2/3 intratelencephalic projecting glutamatergic neuron,M,80.0,72.5418625438668,69.98527429655141
Donor_1166,L2/3-6 intratelencephalic projecting glutamatergic neuron,M,80.0,68.99723180428171,67.74986220605017
Donor_1166,L5/6 near-projecting glutamatergic neuron,M,80.0,60.23997795339489,68.93472710317144
Donor_1166,L6 corticothalamic-projecting glutamatergic cortical neuron,M,80.0,56.01980002764037,69.37953266044128
Donor_1166,L6 intratelencephalic projecting glutamatergic neuron,M,80.0,56.47864104842907,68.97097483197493
Donor_1166,VIP GABAergic interneuron,M,80.0,63.21100381461671,65.57922991634742
Donor_1166,astrocyte,M,80.0,57.29974499117466,73.01112598982428
Donor_1166,endothelial cell,M,80.0,38.88568507186138,63.4564958114099
Donor_1166,lamp5 GABAergic interneuron,M,80.0,56.1121216198396,60.466509865583525
Donor_1166,microglial cell,M,80.0,46.112423283292344,66.52474608469993
Donor_1166,oligodendrocyte,M,80.0,58.60747435886999,59.86088952593232
Donor_1166,oligodendrocyte precursor cell,M,80.0,56.2831525228938,75.39384164600109
Donor_1166,pericyte,M,80.0,51.28332080743342,45.58473365247637
Donor_1166,pvalb GABAergic interneuron,M,80.0,58.75649377771805,62.77630696808737
Donor_1166,sst GABAergic interneuron,M,80.0,59.64693343267603,68.52438033525408
Donor_1174,L2/3 intratelencephalic projecting glutamatergic neuron,H,42.0,61.81469730062812,47.39175667315201
Donor_1174,L2/3-6 intratelencephalic projecting glutamatergic neuron,H,42.0,54.893462844047725,51.49483407269061
Donor_1174,L5/6 near-projecting glutamatergic neuron,H,42.0,56.766311378516896,56.87626522954103
Donor_1174,L6 corticothalamic-projecting glutamatergic cortical neuron,H,42.0,51.91419295093229,54.675313200424505
Donor_1174,L6 intratelencephalic projecting glutamatergic neuron,H,42.0,51.25699921153137,52.56751302895724
Donor_1174,L6b glutamatergic neuron of the primary motor cortex,H,42.0,60.472283907373026,58.97106394168158
Donor_1174,VIP GABAergic interneuron,H,42.0,53.737301436020516,49.18856517762442
Donor_1174,astrocyte,H,42.0,54.969833289368545,49.89254279575777
Donor_1174,endothelial cell,H,42.0,60.53503039500716,65.15476741502627
Donor_1174,lamp5 GABAergic interneuron,H,42.0,52.9427738387316,54.78847972355277
Donor_1174,microglial cell,H,42.0,56.884697935927434,66.80893487600667
Donor_1174,oligodendrocyte,H,42.0,60.74760686710934,61.12594184293983
Donor_1174,oligodendrocyte precursor cell,H,42.0,62.45284501280951,53.57676474521476
Donor_1174,pericyte,H,42.0,57.23330140388192,64.01248867638752
Donor_1174,pvalb GABAergic interneuron,H,42.0,57.95933706892289,52.80988804009263
Donor_1174,sst GABAergic interneuron,H,42.0,57.120274326815306,61.25323824793653
Donor_1175,GABAergic neuron,M,76.0,53.11322264699751,61.6674836556583
Donor_1175,L2/3 intratelencephalic projecting glutamatergic neuron,M,76.0,66.09677126935958,75.7743647087558
Donor_1175,L2/3-6 intratelencephalic projecting glutamatergic neuron,M,76.0,70.21200196232374,73.24968616537579
Donor_1175,L6 corticothalamic-projecting glutamatergic cortical neuron,M,76.0,53.15998294522717,64.89676610928015
Donor_1175,L6 intratelencephalic projecting glutamatergic neuron,M,76.0,57.94268494484657,72.87515293518729
Donor_1175,VIP GABAergic interneuron,M,76.0,53.80420290347388,61.38887152221177
Donor_1175,astrocyte,M,76.0,60.44516100361494,79.53062256775871
Donor_1175,lamp5 GABAergic interneuron,M,76.0,58.91845382416543,66.93221038162469
Donor_1175,microglial cell,M,76.0,49.24350854270703,68.18822810086307
Donor_1175,oligodendrocyte,M,76.0,52.5092805720436,65.47124009616272
Donor_1175,oligodendrocyte precursor cell,M,76.0,48.02545133212088,75.39816436102777
Donor_1175,pvalb GABAergic interneuron,M,76.0,52.96393945787945,64.90160295898873
Donor_1175,sst GABAergic interneuron,M,76.0,56.73225966564854,57.59144227939102
Donor_1178,GABAergic neuron,H,53.0,60.92893898875485,59.667153008328434
Donor_1178,L2/3 intratelencephalic projecting glutamatergic neuron,H,53.0,53.8967885599004,54.74343729041966
Donor_1178,L2/3-6 intratelencephalic projecting glutamatergic neuron,H,53.0,59.215475914352496,58.343918448088715
Donor_1178,L5/6 near-projecting glutamatergic neuron,H,53.0,55.097465870579946,54.492775046720055
Donor_1178,L6 corticothalamic-projecting glutamatergic cortical neuron,H,53.0,57.046886147882226,56.78662981384986
Donor_1178,L6 intratelencephalic projecting glutamatergic neuron,H,53.0,52.280850717046285,56.8250329786858
Donor_1178,L6b glutamatergic neuron of the primary motor cortex,H,53.0,56.28545568970936,60.178971201863675
Donor_1178,VIP GABAergic interneuron,H,53.0,58.98141109782503,61.97995776416539
Donor_1178,astrocyte,H,53.0,61.10456813343272,59.064100968478826
Donor_1178,endothelial cell,H,53.0,53.33073911748921,50.92736791975929
Donor_1178,lamp5 GABAergic interneuron,H,53.0,63.150998171430096,60.831856565351444
Donor_1178,microglial cell,H,53.0,55.40686674933356,53.86726932617551
Donor_1178,oligodendrocyte,H,53.0,69.21560509739818,62.68404306467614
Donor_1178,oligodendrocyte precursor cell,H,53.0,51.29699090057008,48.44717128705817
Donor_1178,pericyte,H,53.0,54.70501533561671,57.2002413512516
Donor_1178,perivascular macrophage,H,53.0,61.871755772912266,60.257956014910725
Donor_1178,pvalb GABAergic interneuron,H,53.0,57.66328750854316,55.17691877137732
Donor_1178,sst GABAergic interneuron,H,53.0,67.31150354473297,56.19971143251435
Donor_1178,vascular leptomeningeal cell,H,53.0,61.29281601307566,57.7793270801169
Donor_1181,astrocyte,H,50.0,62.671116248669364,53.7668633897253
Donor_1181,oligodendrocyte,H,50.0,65.61667274386568,48.76853589792583
Donor_1181,oligodendrocyte precursor cell,H,50.0,66.34213882840481,55.724457923253354
Donor_1183,L2/3 intratelencephalic projecting glutamatergic neuron,H,61.0,76.37613347535766,65.22550453066948
Donor_1183,L2/3-6 intratelencephalic projecting glutamatergic neuron,H,61.0,67.80184067499205,68.09694924182759
Donor_1183,L6 intratelencephalic projecting glutamatergic neuron,H,61.0,93.45964117993518,86.70493571579979
Donor_1183,VIP GABAergic interneuron,H,61.0,65.40068085304001,57.605695279251044
Donor_1183,astrocyte,H,61.0,62.974579655927805,56.93659080467943
Donor_1183,endothelial cell,H,61.0,58.95676113400031,60.65513417767021
Donor_1183,oligodendrocyte,H,61.0,83.92202280999909,65.6146486452375
Donor_1183,oligodendrocyte precursor cell,H,61.0,63.07133731711014,59.09699944180721
Donor_1183,pericyte,H,61.0,62.17685379815084,66.36449983333745
Donor_1183,pvalb GABAergic interneuron,H,61.0,66.4820737207468,76.281027454892
Donor_1183,sst GABAergic interneuron,H,61.0,61.788620043916886,60.869863085369126
Donor_1185,GABAergic neuron,H,26.0,62.1636225516891,54.48456290988139
Donor_1185,L2/3 intratelencephalic projecting glutamatergic neuron,H,26.0,38.79503369592537,23.51064878631292
Donor_1185,L2/3-6 intratelencephalic projecting glutamatergic neuron,H,26.0,40.72130325632342,30.460542148502388
Donor_1185,L6b glutamatergic neuron of the primary motor cortex,H,26.0,47.41996429377346,42.97981638327467
Donor_1185,VIP GABAergic interneuron,H,26.0,58.2771248045176,50.79591274357237
Donor_1185,astrocyte,H,26.0,47.71225927584303,35.38983464634188
Donor_1185,endothelial cell,H,26.0,44.24968972839072,51.435321932988515
Donor_1185,lamp5 GABAergic interneuron,H,26.0,54.585806738484315,47.30874783013544
Donor_1185,microglial cell,H,26.0,54.61420494104564,47.29398867839578
Donor_1185,oligodendrocyte,H,26.0,50.677982090340905,56.95509812893097
Donor_1185,oligodendrocyte precursor cell,H,26.0,49.73260648585629,44.91407073905047
Donor_1185,pvalb GABAergic interneuron,H,26.0,49.370547204757905,43.69721833856527
Donor_1185,sst GABAergic interneuron,H,26.0,45.28684199744809,32.74517241105485
Donor_1187,GABAergic neuron,H,51.0,53.20684167370225,51.90074400471096
Donor_1187,L2/3 intratelencephalic projecting glutamatergic neuron,H,51.0,48.01900108055871,63.048590806312184
Donor_1187,L2/3-6 intratelencephalic projecting glutamatergic neuron,H,51.0,53.878145052066245,59.89640464254197
Donor_1187,L5/6 near-projecting glutamatergic neuron,H,51.0,55.46195451849794,59.27253332545254
Donor_1187,L6 corticothalamic-projecting glutamatergic cortical neuron,H,51.0,52.0101097062075,52.88502148753709
Donor_1187,VIP GABAergic interneuron,H,51.0,58.30434762429268,50.70951557288857
Donor_1187,astrocyte,H,51.0,78.07588734741641,61.78643778249989
Donor_1187,endothelial cell,H,51.0,56.017337135440506,62.331812892172934
Donor_1187,lamp5 GABAergic interneuron,H,51.0,57.54548557767116,54.48826008161451
Donor_1187,microglial cell,H,51.0,56.43957438473652,55.807447015426185
Donor_1187,oligodendrocyte,H,51.0,65.43892374164899,54.89943168798203
Donor_1187,oligodendrocyte precursor cell,H,51.0,59.75947172635536,53.23454307851263
Donor_1187,pvalb GABAergic interneuron,H,51.0,53.14127025587881,54.43457654534359
Donor_1187,sst GABAergic interneuron,H,51.0,53.176161012589745,64.82510144458591
Donor_119,L2/3 intratelencephalic projecting glutamatergic neuron,H,84.0,71.92634712250357,80.38657233334679
Donor_119,L2/3-6 intratelencephalic projecting glutamatergic neuron,H,84.0,69.72188010466157,73.44232980389418
Donor_119,L6 corticothalamic-projecting glutamatergic cortical neuron,H,84.0,54.05496698921487,68.95280752123715
Donor_119,L6 intratelencephalic projecting glutamatergic neuron,H,84.0,69.47349956779782,71.35802289408883
Donor_119,VIP GABAergic interneuron,H,84.0,62.44954508544858,70.77195498088321
Donor_119,astrocyte,H,84.0,61.20596823036402,69.03654713869213
Donor_119,lamp5 GABAergic interneuron,H,84.0,55.69898020390084,67.87708192238901
Donor_119,microglial cell,H,84.0,62.770054636580376,73.4326452773732
Donor_119,oligodendrocyte,H,84.0,55.39272930160581,59.62059539741486
Donor_119,oligodendrocyte precursor cell,H,84.0,53.99455397609784,63.975129651599126
Donor_119,pvalb GABAergic interneuron,H,84.0,60.64224046733444,59.03234129659666
Donor_119,sst GABAergic interneuron,H,84.0,60.409820856482476,72.55461647928418
Donor_1195,GABAergic neuron,H,65.0,65.44434867462039,55.1369805007824
Donor_1195,L2/3 intratelencephalic projecting glutamatergic neuron,H,65.0,62.90533968009124,70.65055396529104
Donor_1195,L2/3-6 intratelencephalic projecting glutamatergic neuron,H,65.0,57.984187772996655,62.184220056841475
Donor_1195,L5/6 near-projecting glutamatergic neuron,H,65.0,64.56137204938116,62.98269168208071
Donor_1195,L6 corticothalamic-projecting glutamatergic cortical neuron,H,65.0,64.02107713463121,71.19440361085934
Donor_1195,L6 intratelencephalic projecting glutamatergic neuron,H,65.0,62.554207174640965,56.395385985979935
Donor_1195,L6b glutamatergic neuron of the primary motor cortex,H,65.0,61.637400841896614,57.46199031826474
Donor_1195,VIP GABAergic interneuron,H,65.0,63.196400538472446,60.048486259290065
Donor_1195,endothelial cell,H,65.0,64.33081217070772,49.629110920920255
Donor_1195,lamp5 GABAergic interneuron,H,65.0,61.6704722894932,64.30068023886935
Donor_1195,microglial cell,H,65.0,55.74139448052692,62.77823696641964
Donor_1195,oligodendrocyte,H,65.0,59.890218774195965,64.39979892271333
Donor_1195,oligodendrocyte precursor cell,H,65.0,49.26533177774799,68.95042848042013
Donor_1195,pvalb GABAergic interneuron,H,65.0,60.865766984492446,58.14621262639076
Donor_1195,sst GABAergic interneuron,H,65.0,68.40920936901509,67.34207357000423
Donor_1199,GABAergic neuron,M,67.0,39.02505710820391,30.39964762741275
Donor_1199,L2/3 intratelencephalic projecting glutamatergic neuron,M,67.0,47.082310544681675,55.9132765577236
Donor_1199,L2/3-6 intratelencephalic projecting glutamatergic neuron,M,67.0,43.68485542083561,51.882951736204504
Donor_1199,L5/6 near-projecting glutamatergic neuron,M,67.0,40.71997578825653,43.55983531399611
Donor_1199,L6 corticothalamic-projecting glutamatergic cortical neuron,M,67.0,45.34550254835143,54.416903109636884
Donor_1199,L6 intratelencephalic projecting glutamatergic neuron,M,67.0,49.477114427612534,51.413114653097296
Donor_1199,L6b glutamatergic neuron of the primary motor cortex,M,67.0,44.318733569629856,45.72432765065457
Donor_1199,VIP GABAergic interneuron,M,67.0,38.90542058961125,33.67491447952367
Donor_1199,astrocyte,M,67.0,41.943799784460474,54.81048403308509
Donor_1199,endothelial cell,M,67.0,44.94350822220751,53.10099662048933
Donor_1199,lamp5 GABAergic interneuron,M,67.0,41.192542862494996,41.88574127471758
Donor_1199,microglial cell,M,67.0,34.31251716801371,42.47505487294575
Donor_1199,oligodendrocyte,M,67.0,47.12981129267159,60.84177883569227
Donor_1199,oligodendrocyte precursor cell,M,67.0,43.812503934445814,46.11988013509726
Donor_1199,pvalb GABAergic interneuron,M,67.0,41.03890540588954,50.72016414021544
Donor_1199,sst GABAergic interneuron,M,67.0,41.680700829492075,54.71334082413057
Donor_1200,GABAergic neuron,H,57.0,64.90458873933669,60.59644578418135
Donor_1200,L2/3 intratelencephalic projecting glutamatergic neuron,H,57.0,54.19098277113767,50.633764608245144
Donor_1200,L2/3-6 intratelencephalic projecting glutamatergic neuron,H,57.0,53.47517473503138,51.09770687060218
Donor_1200,L5/6 near-projecting glutamatergic neuron,H,57.0,60.88697792837891,57.547877575183364
Donor_1200,L6 corticothalamic-projecting glutamatergic cortical neuron,H,57.0,54.301078100165526,58.26835794973008
Donor_1200,L6 intratelencephalic projecting glutamatergic neuron,H,57.0,53.27295053729448,47.01662283860147
Donor_1200,L6b glutamatergic neuron of the primary motor cortex,H,57.0,54.02955900448241,57.028561382425565
Donor_1200,VIP GABAergic interneuron,H,57.0,57.4377962692793,58.72563263327639
Donor_1200,astrocyte,H,57.0,65.28640993899556,67.82677546317002
Donor_1200,endothelial cell,H,57.0,53.06030395869001,47.81908633216243
Donor_1200,lamp5 GABAergic interneuron,H,57.0,58.38979743474903,56.71603702224208
Donor_1200,microglial cell,H,57.0,55.418537220358274,64.31061071640502
Donor_1200,oligodendrocyte,H,57.0,58.68104248828947,50.77810098121632
Donor_1200,oligodendrocyte precursor cell,H,57.0,63.40032802405409,62.43855590120513
Donor_1200,pericyte,H,57.0,55.03328508243036,54.76282250969799
Donor_1200,pvalb GABAergic interneuron,H,57.0,54.97758625980931,50.45949774900493
Donor_1200,sst GABAergic interneuron,H,57.0,62.33417850458635,54.98787943363951
Donor_1200,vascular leptomeningeal cell,H,57.0,65.50021126843457,56.02936428737709
Donor_1201,GABAergic neuron,H,41.0,58.711021902873235,61.41355498541029
Donor_1201,L2/3 intratelencephalic projecting glutamatergic neuron,H,41.0,50.47617665507508,55.31565807529694
Donor_1201,L2/3-6 intratelencephalic projecting glutamatergic neuron,H,41.0,58.695706794258996,58.923616981407875
Donor_1201,L5/6 near-projecting glutamatergic neuron,H,41.0,63.77365688956191,62.305075855450504
Donor_1201,L6 corticothalamic-projecting glutamatergic cortical neuron,H,41.0,56.14719867342002,54.362756878011325
Donor_1201,L6 intratelencephalic projecting glutamatergic neuron,H,41.0,58.16815890265951,52.654872610323594
Donor_1201,VIP GABAergic interneuron,H,41.0,57.85472951443872,58.14631495427492
Donor_1201,astrocyte,H,41.0,57.66996055101644,51.41777079934373
Donor_1201,endothelial cell,H,41.0,55.32718885178055,46.47092446180746
Donor_1201,lamp5 GABAergic interneuron,H,41.0,62.30385122160113,62.5286875400413
Donor_1201,microglial cell,H,41.0,57.407822430586656,45.103500671047115
Donor_1201,oligodendrocyte,H,41.0,55.83568876465101,46.96037648432215
Donor_1201,oligodendrocyte precursor cell,H,41.0,53.776108680619906,44.63331391340746
Donor_1201,pericyte,H,41.0,55.52377674405799,56.75372313467144
Donor_1201,perivascular macrophage,H,41.0,70.96912573718593,62.6935089547542
Donor_1201,pvalb GABAergic interneuron,H,41.0,62.60199754635537,59.0817536067317
Donor_1201,smooth muscle cell,H,41.0,,
Donor_1201,sst GABAergic interneuron,H,41.0,59.67971494972766,52.45755930265042
Donor_1201,vascular leptomeningeal cell,H,41.0,59.11188046430588,60.524188751751815
Donor_1202,astrocyte,M,72.0,52.09278226655836,69.19583255675377
Donor_1202,endothelial cell,M,72.0,44.93201649661354,58.17842322080598
Donor_1202,microglial cell,M,72.0,63.89475878875875,79.6096778042984
Donor_1202,oligodendrocyte,M,72.0,60.775324594005724,63.59270026584393
Donor_1202,oligodendrocyte precursor cell,M,72.0,57.66731057631178,75.09618074092361
Donor_1202,pericyte,M,72.0,51.783709971178915,55.02631088450166
Donor_1202,vascular leptomeningeal cell,M,72.0,47.14573725296717,50.061564073343334
Donor_1218,GABAergic neuron,M,80.0,57.674079776539664,70.36402487607477
Donor_1218,L2/3 intratelencephalic projecting glutamatergic neuron,M,80.0,71.35395783433651,84.11267617266284
Donor_1218,L2/3-6 intratelencephalic projecting glutamatergic neuron,M,80.0,78.0297061943208,79.64847678227409
Donor_1218,L5/6 near-projecting glutamatergic neuron,M,80.0,52.07771597099527,73.3716270789797
Donor_1218,L6 corticothalamic-projecting glutamatergic cortical neuron,M,80.0,63.221472162713425,86.41861062231484
Donor_1218,L6 intratelencephalic projecting glutamatergic neuron,M,80.0,73.36801985603189,81.05433800086485
Donor_1218,VIP GABAergic interneuron,M,80.0,69.47842115280359,76.92958588116278
Donor_1218,astrocyte,M,80.0,71.11482399360301,74.94464045195998
Donor_1218,lamp5 GABAergic interneuron,M,80.0,60.32973417358216,82.30017363369042
Donor_1218,microglial cell,M,80.0,62.23577327461043,78.25691715432109
Donor_1218,oligodendrocyte,M,80.0,61.34291085777996,66.60495833058016
Donor_1218,oligodendrocyte precursor cell,M,80.0,60.00528020403344,97.14269098787811
Donor_1218,pericyte,M,80.0,49.250332211307814,59.086597029693785
Donor_1218,pvalb GABAergic interneuron,M,80.0,66.5615084998656,77.26723723723288
Donor_1218,sst GABAergic interneuron,M,80.0,70.0267110850652,73.36503127919009
Donor_1230,GABAergic neuron,H,37.0,57.71218619643792,57.75989615421492
Donor_1230,L2/3 intratelencephalic projecting glutamatergic neuron,H,37.0,47.444116373261096,46.649477969084174
Donor_1230,L2/3-6 intratelencephalic projecting glutamatergic neuron,H,37.0,48.02514090934541,44.79957780266097
Donor_1230,L5/6 near-projecting glutamatergic neuron,H,37.0,58.32932199587401,58.171181237943856
Donor_1230,L6 corticothalamic-projecting glutamatergic cortical neuron,H,37.0,53.95334443455918,58.25372257925444
Donor_1230,L6 intratelencephalic projecting glutamatergic neuron,H,37.0,49.168714182792975,52.827847195782866
Donor_1230,L6b glutamatergic neuron of the primary motor cortex,H,37.0,59.75441089876662,65.21453596595411
Donor_1230,VIP GABAergic interneuron,H,37.0,56.083236767382004,58.34499205070858
Donor_1230,astrocyte,H,37.0,63.46067406393766,45.86485646431527
Donor_1230,endothelial cell,H,37.0,58.75080145128431,50.66220513519481
Donor_1230,lamp5 GABAergic interneuron,H,37.0,53.4034337628971,56.947846910013766
Donor_1230,microglial cell,H,37.0,54.33798470017131,50.1224241486948
Donor_1230,oligodendrocyte,H,37.0,52.736434506741936,50.125347847738894
Donor_1230,oligodendrocyte precursor cell,H,37.0,44.91113075834069,40.70588273024015
Donor_1230,pericyte,H,37.0,53.88271204271984,59.54640071243905
Donor_1230,pvalb GABAergic interneuron,H,37.0,48.49498877092893,50.78673188914681
Donor_1230,sst GABAergic interneuron,H,37.0,55.12427308097359,53.60991084939578
Donor_1232,GABAergic neuron,M,62.0,42.33459988929408,41.88806479018863
Donor_1232,L2/3 intratelencephalic projecting glutamatergic neuron,M,62.0,55.2969456689427,62.74897528288659
Donor_1232,L2/3-6 intratelencephalic projecting glutamatergic neuron,M,62.0,59.83591030341923,59.35553921193923
Donor_1232,L6 corticothalamic-projecting glutamatergic cortical neuron,M,62.0,44.85657455824429,57.4820367347537
Donor_1232,L6 intratelencephalic projecting glutamatergic neuron,M,62.0,51.44286474027686,57.431389652492456
Donor_1232,VIP GABAergic interneuron,M,62.0,44.99067374875907,42.69401820470108
Donor_1232,astrocyte,M,62.0,53.13583144719827,59.93745936486155
Donor_1232,endothelial cell,M,62.0,40.55851581981953,44.62483151741892
Donor_1232,lamp5 GABAergic interneuron,M,62.0,31.38207411402521,47.83831910394394
Donor_1232,microglial cell,M,62.0,56.4534796801466,57.005914799606934
Donor_1232,oligodendrocyte,M,62.0,46.20458988693038,58.728035831590034
Donor_1232,oligodendrocyte precursor cell,M,62.0,48.509341896177894,51.088556485439995
Donor_1232,pericyte,M,62.0,46.19298485441107,47.797522951425066
Donor_1232,pvalb GABAergic interneuron,M,62.0,42.056663223265446,46.591492231354835
Donor_1232,sst GABAergic interneuron,M,62.0,45.18509630484257,48.86417555145158
Donor_1232,vascular leptomeningeal cell,M,62.0,45.42382386317128,42.850488943043466
Donor_1240,GABAergic neuron,M,80.0,56.44889307088421,70.18866147009257
Donor_1240,L2/3 intratelencephalic projecting glutamatergic neuron,M,80.0,71.07378112225868,80.99709963785892
Donor_1240,L2/3-6 intratelencephalic projecting glutamatergic neuron,M,80.0,69.4736687227026,72.42495375002582
Donor_1240,L5/6 near-projecting glutamatergic neuron,M,80.0,62.735967244765945,67.51601409872241
Donor_1240,L6 corticothalamic-projecting glutamatergic cortical neuron,M,80.0,64.89134589836692,71.16505855705522
Donor_1240,L6 intratelencephalic projecting glutamatergic neuron,M,80.0,61.066078870368635,73.18133473428387
Donor_1240,L6b glutamatergic neuron of the primary motor cortex,M,80.0,63.54754185081005,68.33183949811382
Donor_1240,VIP GABAergic interneuron,M,80.0,65.66862272413556,73.55683790130902
Donor_1240,astrocyte,M,80.0,55.81805600379671,77.56764469373421
Donor_1240,lamp5 GABAergic interneuron,M,80.0,62.87398820114088,73.04187122864026
Donor_1240,microglial cell,M,80.0,61.5210147525095,77.68010426803369
Donor_1240,oligodendrocyte,M,80.0,56.87164414282604,63.177151300279355
Donor_1240,oligodendrocyte precursor cell,M,80.0,61.86573510994765,79.81543775602364
Donor_1240,pvalb GABAergic interneuron,M,80.0,60.756916258929714,67.36842165076787
Donor_1240,sst GABAergic interneuron,M,80.0,64.97306540977797,69.1245522806472
Donor_1242,GABAergic neuron,H,26.0,42.18234841347342,43.340716589309544
Donor_1242,L2/3 intratelencephalic projecting glutamatergic neuron,H,26.0,45.36061351788619,40.55754865341837
Donor_1242,L2/3-6 intratelencephalic projecting glutamatergic neuron,H,26.0,41.7260349298199,32.55301258590426
Donor_1242,L5/6 near-projecting glutamatergic neuron,H,26.0,55.13977096879909,50.00795790925749
Donor_1242,L6 corticothalamic-projecting glutamatergic cortical neuron,H,26.0,56.04225489527943,43.95061712417644
Donor_1242,L6 intratelencephalic projecting glutamatergic neuron,H,26.0,54.866505967391646,41.2892795460931
Donor_1242,L6b glutamatergic neuron of the primary motor cortex,H,26.0,56.25642393946269,52.55629335661811
Donor_1242,VIP GABAergic interneuron,H,26.0,43.581009375665715,47.59139161398171
Donor_1242,astrocyte,H,26.0,49.04312967402826,46.003072764552584
Donor_1242,endothelial cell,H,26.0,54.62190555584284,46.72659721997317
Donor_1242,lamp5 GABAergic interneuron,H,26.0,49.14946774086123,52.71759667060721
Donor_1242,microglial cell,H,26.0,55.351781703309115,49.815491171411246
Donor_1242,oligodendrocyte,H,26.0,50.11708436749243,41.42645904428393
Donor_1242,oligodendrocyte precursor cell,H,26.0,37.92071550737162,37.36410617214779
Donor_1242,pericyte,H,26.0,53.66888034581463,56.641117624621224
Donor_1242,perivascular macrophage,H,26.0,76.41921888079237,83.065859429076
Donor_1242,pvalb GABAergic interneuron,H,26.0,46.72409743612379,43.47050745122007
Donor_1242,sst GABAergic interneuron,H,26.0,42.21949005767502,46.18423765961295
Donor_1242,vascular leptomeningeal cell,H,26.0,62.643580141106725,59.823406679938465
Donor_1244,GABAergic neuron,M,57.0,53.242690723378395,45.018964689672224
Donor_1244,L2/3 intratelencephalic projecting glutamatergic neuron,M,57.0,53.18469137186324,59.7445873814011
Donor_1244,L2/3-6 intratelencephalic projecting glutamatergic neuron,M,57.0,55.21326239907046,54.95479230393414
Donor_1244,L5/6 near-projecting glutamatergic neuron,M,57.0,54.66608728926329,53.21216009203572
Donor_1244,L6 corticothalamic-projecting glutamatergic cortical neuron,M,57.0,54.130869369588765,51.20982878089229
Donor_1244,L6 intratelencephalic projecting glutamatergic neuron,M,57.0,54.89299620580661,60.470302903671026
Donor_1244,L6b glutamatergic neuron of the primary motor cortex,M,57.0,51.33757260952504,54.20233296320504
Donor_1244,VIP GABAergic interneuron,M,57.0,50.597165769304304,51.783428613669656
Donor_1244,astrocyte,M,57.0,47.290799536005935,53.16586750458126
Donor_1244,lamp5 GABAergic interneuron,M,57.0,56.031457211519154,51.73252390736464
Donor_1244,microglial cell,M,57.0,40.800021013799515,50.83684542171066
Donor_1244,oligodendrocyte,M,57.0,46.305704726077124,60.223572335760025
Donor_1244,oligodendrocyte precursor cell,M,57.0,52.5116313160972,58.03814691499426
Donor_1244,pvalb GABAergic interneuron,M,57.0,50.344006538069536,46.14046139257734
Donor_1244,sst GABAergic interneuron,M,57.0,52.69451632158528,51.96794832736795
Donor_1255,L2/3 intratelencephalic projecting glutamatergic neuron,M,84.0,75.11866640278757,83.89055364095232
Donor_1255,L2/3-6 intratelencephalic projecting glutamatergic neuron,M,84.0,67.32143249683932,77.57129379047987
Donor_1255,L5/6 near-projecting glutamatergic neuron,M,84.0,55.638249730384395,75.62893526757321
Donor_1255,L6 corticothalamic-projecting glutamatergic cortical neuron,M,84.0,61.66619938008226,67.77617645710038
Donor_1255,L6 intratelencephalic projecting glutamatergic neuron,M,84.0,59.79654444965092,75.55416939213292
Donor_1255,L6b glutamatergic neuron of the primary motor cortex,M,84.0,64.78632548255618,76.55390248836672
Donor_1255,VIP GABAergic interneuron,M,84.0,65.91949113187812,88.7196472252157
Donor_1255,astrocyte,M,84.0,63.88955108696453,74.55464914968262
Donor_1255,endothelial cell,M,84.0,47.073574778348785,55.022332017205855
Donor_1255,lamp5 GABAergic interneuron,M,84.0,54.32584365809847,78.25158851168368
Donor_1255,microglial cell,M,84.0,56.90606085614879,83.59641927891366
Donor_1255,oligodendrocyte,M,84.0,63.971198132593685,70.63940239701637
Donor_1255,oligodendrocyte precursor cell,M,84.0,62.5071379028199,83.4278696971187
Donor_1255,pericyte,M,84.0,43.508456995008515,52.88029634380166
Donor_1255,pvalb GABAergic interneuron,M,84.0,67.88073679516236,80.7253734201054
Donor_1255,sst GABAergic interneuron,M,84.0,64.13153701846888,75.52716360711248
Donor_1255,vascular leptomeningeal cell,M,84.0,40.83706005592994,62.24213692174773
Donor_1274,L2/3 intratelencephalic projecting glutamatergic neuron,M,88.0,56.10804890474095,84.69670841463866
Donor_1274,astrocyte,M,88.0,52.643294398308484,72.44685682364772
Donor_1274,microglial cell,M,88.0,50.30361143576879,61.81375032251969
Donor_1274,oligodendrocyte,M,88.0,52.90426938535195,56.858555868803556
Donor_1274,oligodendrocyte precursor cell,M,88.0,47.22233126543661,79.11820833709899
Donor_1274,vascular leptomeningeal cell,M,88.0,40.10652950547404,49.91167495979912
Donor_1285,GABAergic neuron,M,42.0,45.82834977012075,46.611628308543224
Donor_1285,L2/3 intratelencephalic projecting glutamatergic neuron,M,42.0,44.99772016023218,42.464196833249446
Donor_1285,L2/3-6 intratelencephalic projecting glutamatergic neuron,M,42.0,24.32924105064711,42.01613488420902
Donor_1285,VIP GABAergic interneuron,M,42.0,44.31641695728874,40.03080411950502
Donor_1285,astrocyte,M,42.0,41.63472472141942,48.50764989348404
Donor_1285,lamp5 GABAergic interneuron,M,42.0,31.895009221216775,45.319623052044776
Donor_1285,microglial cell,M,42.0,50.87051996300087,35.054172432791376
Donor_1285,oligodendrocyte,M,42.0,47.20090676710942,33.663529995765785
Donor_1285,oligodendrocyte precursor cell,M,42.0,42.849300656041336,37.96118846237524
Donor_1285,pericyte,M,42.0,32.332648230994366,60.50816351907775
Donor_1285,pvalb GABAergic interneuron,M,42.0,45.821181660808804,39.84309970854683
Donor_1285,sst GABAergic interneuron,M,42.0,46.30332768836964,38.4131045182593
Donor_1288,GABAergic neuron,M,41.0,46.173766525125146,43.74569203114704
Donor_1288,L2/3 intratelencephalic projecting glutamatergic neuron,M,41.0,51.52817164935113,47.93785731169406
Donor_1288,L2/3-6 intratelencephalic projecting glutamatergic neuron,M,41.0,41.213706520272495,44.20324415312511
Donor_1288,L5/6 near-projecting glutamatergic neuron,M,41.0,42.46985569493018,56.214093945318595
Donor_1288,L6 corticothalamic-projecting glutamatergic cortical neuron,M,41.0,45.49351302994896,53.22848286824215
Donor_1288,L6 intratelencephalic projecting glutamatergic neuron,M,41.0,44.008326076517115,55.50867947889874
Donor_1288,L6b glutamatergic neuron of the primary motor cortex,M,41.0,42.16811867404712,38.12597924867031
Donor_1288,VIP GABAergic interneuron,M,41.0,47.92355325289536,44.95316556046054
Donor_1288,astrocyte,M,41.0,44.02267754814187,48.98418153130119
Donor_1288,endothelial cell,M,41.0,39.983697884160364,47.204058075610234
Donor_1288,lamp5 GABAergic interneuron,M,41.0,40.89656139712538,41.732613579457876
Donor_1288,microglial cell,M,41.0,46.277136589058166,35.52285962502673
Donor_1288,oligodendrocyte,M,41.0,46.88055234495152,43.11394513286125
Donor_1288,oligodendrocyte precursor cell,M,41.0,39.22979369757556,45.896688207956636
Donor_1288,pericyte,M,41.0,34.531698791777515,37.729087932158144
Donor_1288,pvalb GABAergic interneuron,M,41.0,41.3740644514031,41.891836027175636
Donor_1288,sst GABAergic interneuron,M,41.0,45.135284528408754,43.79101741439538
Donor_1288,vascular leptomeningeal cell,M,41.0,35.44675908248938,39.57286592262773
Donor_1293,GABAergic neuron,H,36.0,56.84068724334129,52.941544604064084
Donor_1293,L2/3 intratelencephalic projecting glutamatergic neuron,H,36.0,44.93756863332453,41.979210987773094
Donor_1293,L2/3-6 intratelencephalic projecting glutamatergic neuron,H,36.0,51.64349183762839,42.654990880435946
Donor_1293,L5/6 near-projecting glutamatergic neuron,H,36.0,59.25457271677761,52.89166675203967
Donor_1293,L6 corticothalamic-projecting glutamatergic cortical neuron,H,36.0,49.44687706199597,48.84664152993447
Donor_1293,L6 intratelencephalic projecting glutamatergic neuron,H,36.0,47.335522499597815,48.94493787376145
Donor_1293,L6b glutamatergic neuron of the primary motor cortex,H,36.0,54.572232673875796,50.29473504370914
Donor_1293,VIP GABAergic interneuron,H,36.0,52.00287235766844,52.778380450479126
Donor_1293,astrocyte,H,36.0,55.67304136731634,55.27301462359223
Donor_1293,endothelial cell,H,36.0,58.10270378033423,50.36447981285388
Donor_1293,lamp5 GABAergic interneuron,H,36.0,52.57025691789204,49.60108993237209
Donor_1293,microglial cell,H,36.0,48.47273389192023,52.87611023567964
Donor_1293,oligodendrocyte,H,36.0,42.53064844186871,54.092978672206755
Donor_1293,oligodendrocyte precursor cell,H,36.0,53.37536634412628,46.41602272683561
Donor_1293,pericyte,H,36.0,57.64283009463559,55.69289227198217
Donor_1293,pvalb GABAergic interneuron,H,36.0,53.16618967553708,50.31042651725845
Donor_1293,sst GABAergic interneuron,H,36.0,51.425430264791366,46.39923887795451
Donor_1293,vascular leptomeningeal cell,H,36.0,70.3406637631836,55.315134637554046
Donor_1297,GABAergic neuron,M,59.0,56.2715853108645,68.11067053429444
Donor_1297,L2/3 intratelencephalic projecting glutamatergic neuron,M,59.0,68.09214507247489,63.034165866374366
Donor_1297,L2/3-6 intratelencephalic projecting glutamatergic neuron,M,59.0,59.48710902345418,64.54143196818764
Donor_1297,VIP GABAergic interneuron,M,59.0,53.519902537600395,45.99704998804287
Donor_1297,astrocyte,M,59.0,51.96610275704103,64.6730303023059
Donor_1297,lamp5 GABAergic interneuron,M,59.0,57.30119029584578,56.439214477736954
Donor_1297,microglial cell,M,59.0,40.80285346155883,52.92816355587845
Donor_1297,oligodendrocyte,M,59.0,46.889228826798025,50.96135710743532
Donor_1297,oligodendrocyte precursor cell,M,59.0,47.76894436344914,66.78336601178405
Donor_1297,pvalb GABAergic interneuron,M,59.0,48.42571779434024,58.271701127138634
Donor_1297,sst GABAergic interneuron,M,59.0,53.47671052917109,53.04774494142384
Donor_1297,vascular leptomeningeal cell,M,59.0,39.232590746770285,56.244375292998555
Donor_1299,GABAergic neuron,H,54.0,60.23574787853813,62.884168372528826
Donor_1299,L2/3 intratelencephalic projecting glutamatergic neuron,H,54.0,56.52013795226186,62.29776204730085
Donor_1299,L2/3-6 intratelencephalic projecting glutamatergic neuron,H,54.0,59.76934320073237,60.339684886348834
Donor_1299,L5/6 near-projecting glutamatergic neuron,H,54.0,56.733287343733224,60.794542515946766
Donor_1299,L6 corticothalamic-projecting glutamatergic cortical neuron,H,54.0,57.57148007236576,61.86952044448604
Donor_1299,L6 intratelencephalic projecting glutamatergic neuron,H,54.0,59.994666146828116,67.30904546143191
Donor_1299,L6b glutamatergic neuron of the primary motor cortex,H,54.0,61.320471165123024,54.43483396437964
Donor_1299,VIP GABAergic interneuron,H,54.0,58.77822670692946,66.49250312800265
Donor_1299,astrocyte,H,54.0,59.44241042578621,57.70848702387995
Donor_1299,endothelial cell,H,54.0,62.01898210732851,65.49042288514492
Donor_1299,lamp5 GABAergic interneuron,H,54.0,63.382684155948475,62.37770805439275
Donor_1299,microglial cell,H,54.0,61.75757432799849,60.97280236523807
Donor_1299,oligodendrocyte,H,54.0,64.60906301746458,57.41190834728486
Donor_1299,oligodendrocyte precursor cell,H,54.0,58.22616555748494,57.88224408408274
Donor_1299,pvalb GABAergic interneuron,H,54.0,65.09622839758732,56.87353368207314
Donor_1299,sst GABAergic interneuron,H,54.0,63.606741116594876,60.637507143115116
Donor_1302,L2/3 intratelencephalic projecting glutamatergic neuron,M,66.0,58.196678948667575,59.71818257267732
Donor_1302,L2/3-6 intratelencephalic projecting glutamatergic neuron,M,66.0,50.568335447209165,52.15199276420792
Donor_1302,VIP GABAergic interneuron,M,66.0,45.03658253833356,54.401664150229976
Donor_1302,astrocyte,M,66.0,51.16281837626684,63.11588295463002
Donor_1302,endothelial cell,M,66.0,39.54712486625912,43.412500134614774
Donor_1302,lamp5 GABAergic interneuron,M,66.0,37.65227874358093,65.75578368335785
Donor_1302,microglial cell,M,66.0,55.27073890031014,83.7228244538766
Donor_1302,oligodendrocyte,M,66.0,51.11490727222196,61.94759975551939
Donor_1302,oligodendrocyte precursor cell,M,66.0,48.04117646009184,61.037217039487544
Donor_1302,pericyte,M,66.0,40.056591171840935,38.32155181788838
Donor_1302,pvalb GABAergic interneuron,M,66.0,49.98383112536047,65.03302367156938
Donor_1302,sst GABAergic interneuron,M,66.0,45.72045441447368,68.50889080481784
Donor_1305,GABAergic neuron,H,46.0,47.849364822554826,50.75631076106138
Donor_1305,L2/3 intratelencephalic projecting glutamatergic neuron,H,46.0,48.329148488381705,52.368655485402385
Donor_1305,L2/3-6 intratelencephalic projecting glutamatergic neuron,H,46.0,57.51506959068275,52.536891947432906
Donor_1305,L5/6 near-projecting glutamatergic neuron,H,46.0,53.94936845780526,60.830550887809714
Donor_1305,L6 corticothalamic-projecting glutamatergic cortical neuron,H,46.0,50.543782816524306,50.93778540688893
Donor_1305,L6 intratelencephalic projecting glutamatergic neuron,H,46.0,53.41701578548243,51.65665795136772
Donor_1305,L6b glutamatergic neuron of the primary motor cortex,H,46.0,52.896272792813974,49.403968473435235
Donor_1305,VIP GABAergic interneuron,H,46.0,50.57105634541457,54.728466035149246
Donor_1305,astrocyte,H,46.0,48.585956400507655,45.157796118064184
Donor_1305,endothelial cell,H,46.0,54.42088016497505,51.98271243794562
Donor_1305,lamp5 GABAergic interneuron,H,46.0,56.49747020175878,48.87562187492184
Donor_1305,microglial cell,H,46.0,63.88008419261329,48.70047784081356
Donor_1305,oligodendrocyte,H,46.0,48.85045416320783,41.03046020035623
Donor_1305,oligodendrocyte precursor cell,H,46.0,51.15569812231721,50.32740892863452
Donor_1305,pericyte,H,46.0,53.20415522195367,55.91723515837805
Donor_1305,pvalb GABAergic interneuron,H,46.0,59.71379163664735,56.83572310353034
Donor_1305,smooth muscle cell,H,46.0,,
Donor_1305,sst GABAergic interneuron,H,46.0,54.817018448336285,48.45732559220801
Donor_1305,vascular leptomeningeal cell,H,46.0,60.31481798759738,57.466575112068654
Donor_1310,GABAergic neuron,H,22.0,61.221122210429485,52.81219499931755
Donor_1310,L2/3 intratelencephalic projecting glutamatergic neuron,H,22.0,45.43453762214762,33.16464972076687
Donor_1310,L2/3-6 intratelencephalic projecting glutamatergic neuron,H,22.0,46.22210651710652,27.996047882645527
Donor_1310,L5/6 near-projecting glutamatergic neuron,H,22.0,66.32426319730163,47.17475610746166
Donor_1310,VIP GABAergic interneuron,H,22.0,57.83535543756326,49.67883721267924
Donor_1310,astrocyte,H,22.0,49.92696076286217,46.1798925295266
Donor_1310,endothelial cell,H,22.0,54.60455072684154,44.80922170720356
Donor_1310,lamp5 GABAergic interneuron,H,22.0,60.028618226281786,59.31273670627257
Donor_1310,microglial cell,H,22.0,54.89185588948992,48.24396171374978
Donor_1310,oligodendrocyte,H,22.0,53.17829195038079,34.517492012639174
Donor_1310,oligodendrocyte precursor cell,H,22.0,49.56246764783399,30.89963093640601
Donor_1310,pericyte,H,22.0,57.125681859206495,51.71434264571258
Donor_1310,perivascular macrophage,H,22.0,65.26768281203215,57.668591612463544
Donor_1310,pvalb GABAergic interneuron,H,22.0,55.41250345801761,49.45225562393307
Donor_1310,sst GABAergic interneuron,H,22.0,47.50076480931156,35.89354687505757
Donor_1313,L2/3 intratelencephalic projecting glutamatergic neuron,H,36.0,52.867550400132956,48.9151183921919
Donor_1313,L2/3-6 intratelencephalic projecting glutamatergic neuron,H,36.0,49.177955210864056,42.80149402753183
Donor_1313,L5/6 near-projecting glutamatergic neuron,H,36.0,52.47808637251643,52.448293799359156
Donor_1313,L6 corticothalamic-projecting glutamatergic cortical neuron,H,36.0,51.8873793703133,45.51540438917459
Donor_1313,L6 intratelencephalic projecting glutamatergic neuron,H,36.0,49.40430891186925,42.090899928800866
Donor_1313,L6b glutamatergic neuron of the primary motor cortex,H,36.0,55.54762669733914,47.322380434537465
Donor_1313,VIP GABAergic interneuron,H,36.0,56.08164835997159,49.88112094083447
Donor_1313,astrocyte,H,36.0,65.6575974349423,37.70636127744649
Donor_1313,endothelial cell,H,36.0,56.15420716432311,46.79355057602723
Donor_1313,lamp5 GABAergic interneuron,H,36.0,57.91042421078315,55.75350276109563
Donor_1313,microglial cell,H,36.0,58.419427537382866,45.26979042690691
Donor_1313,oligodendrocyte,H,36.0,52.56277763167536,52.320252553756504
Donor_1313,oligodendrocyte precursor cell,H,36.0,56.19924895170703,50.74781036706407
Donor_1313,pericyte,H,36.0,59.55611169949282,57.527057110057044
Donor_1313,pvalb GABAergic interneuron,H,36.0,58.41249410132131,42.81308650575926
Donor_1313,sst GABAergic interneuron,H,36.0,51.634821059756185,52.79243331916477
Donor_1317,GABAergic neuron,H,34.0,61.210962747443666,53.603804672978875
Donor_1317,L2/3 intratelencephalic projecting glutamatergic neuron,H,34.0,50.74989278903164,38.786341664614184
Donor_1317,L2/3-6 intratelencephalic projecting glutamatergic neuron,H,34.0,48.95581497396557,46.313753707317886
Donor_1317,L5/6 near-projecting glutamatergic neuron,H,34.0,61.282095942939236,56.145074070625476
Donor_1317,L6 corticothalamic-projecting glutamatergic cortical neuron,H,34.0,51.82876634511014,46.629220075547735
Donor_1317,L6 intratelencephalic projecting glutamatergic neuron,H,34.0,57.00849963795591,50.88185708508663
Donor_1317,L6b glutamatergic neuron of the primary motor cortex,H,34.0,54.42442083498452,52.058205760563666
Donor_1317,VIP GABAergic interneuron,H,34.0,55.574666941936165,49.990767443097745
Donor_1317,astrocyte,H,34.0,51.76400318019213,42.148436625570014
Donor_1317,endothelial cell,H,34.0,55.468234118737264,51.8049819894471
Donor_1317,lamp5 GABAergic interneuron,H,34.0,53.13850391001622,59.52164848682137
Donor_1317,microglial cell,H,34.0,57.28319915374934,37.60309507534366
Donor_1317,oligodendrocyte,H,34.0,49.09899218186907,45.56467652729967
Donor_1317,oligodendrocyte precursor cell,H,34.0,52.40848767466436,47.62110210696382
Donor_1317,pericyte,H,34.0,51.42488136103946,59.051792574224066
Donor_1317,pvalb GABAergic interneuron,H,34.0,52.44582666018279,48.305752139989735
Donor_1317,sst GABAergic interneuron,H,34.0,59.09757960585078,54.312502488684544
Donor_1329,L2/3 intratelencephalic projecting glutamatergic neuron,M,43.0,53.20509290721604,46.09900673003574
Donor_1329,L2/3-6 intratelencephalic projecting glutamatergic neuron,M,43.0,58.01394090927216,44.00944251579929
Donor_1329,VIP GABAergic interneuron,M,43.0,53.685841864965624,38.32630599846419
Donor_1329,astrocyte,M,43.0,48.9581739789088,42.395239077409045
Donor_1329,lamp5 GABAergic interneuron,M,43.0,49.21573739011088,43.87177443014192
Donor_1329,microglial cell,M,43.0,52.11969447431834,44.58506363239157
Donor_1329,oligodendrocyte,M,43.0,55.139125358837056,53.300580677229576
Donor_1329,oligodendrocyte precursor cell,M,43.0,52.94834425093286,40.59645279331032
Donor_1329,pvalb GABAergic interneuron,M,43.0,53.919323795278856,34.76005890001679
Donor_1329,sst GABAergic interneuron,M,43.0,44.94550694124499,49.68429162338266
Donor_1336,L2/3 intratelencephalic projecting glutamatergic neuron,M,20.0,54.15882877608591,36.46739039128521
Donor_1336,L2/3-6 intratelencephalic projecting glutamatergic neuron,M,20.0,45.9561337744725,41.38698136095254
Donor_1336,L5/6 near-projecting glutamatergic neuron,M,20.0,61.55827515258635,52.673933136145955
Donor_1336,L6 corticothalamic-projecting glutamatergic cortical neuron,M,20.0,40.54593125470542,51.16581077377015
Donor_1336,L6 intratelencephalic projecting glutamatergic neuron,M,20.0,50.649348841780025,49.06979851613461
Donor_1336,L6b glutamatergic neuron of the primary motor cortex,M,20.0,54.84348678350857,45.58493990654691
Donor_1336,VIP GABAergic interneuron,M,20.0,63.421602221292616,60.74128599844957
Donor_1336,astrocyte,M,20.0,63.07892856220339,34.590638822972906
Donor_1336,lamp5 GABAergic interneuron,M,20.0,48.21754852457942,63.365630900456765
Donor_1336,oligodendrocyte,M,20.0,54.21874075220535,30.454059765726186
Donor_1336,oligodendrocyte precursor cell,M,20.0,47.32509301495052,46.07297933818145
Donor_1336,pvalb GABAergic interneuron,M,20.0,59.767386151460045,42.152777983182126
Donor_1337,GABAergic neuron,H,40.0,57.898441841442285,52.19872604364782
Donor_1337,L2/3 intratelencephalic projecting glutamatergic neuron,H,40.0,53.51705918571449,43.21374163109296
Donor_1337,L2/3-6 intratelencephalic projecting glutamatergic neuron,H,40.0,51.10839596494401,51.820150884341004
Donor_1337,L5/6 near-projecting glutamatergic neuron,H,40.0,53.8312711165656,57.96263689518044
Donor_1337,L6 corticothalamic-projecting glutamatergic cortical neuron,H,40.0,52.84781270894119,54.183486694780754
Donor_1337,L6 intratelencephalic projecting glutamatergic neuron,H,40.0,53.52354314324481,52.13413160194194
Donor_1337,L6b glutamatergic neuron of the primary motor cortex,H,40.0,55.63058498578003,54.547237942464825
Donor_1337,VIP GABAergic interneuron,H,40.0,61.18767633045851,51.21297572199993
Donor_1337,astrocyte,H,40.0,57.449102608007635,51.73904845102506
Donor_1337,endothelial cell,H,40.0,56.12000944513301,49.045838523078615
Donor_1337,lamp5 GABAergic interneuron,H,40.0,61.34476888273782,54.958443679801
Donor_1337,microglial cell,H,40.0,53.64417827488834,49.463341292718674
Donor_1337,oligodendrocyte,H,40.0,54.54326599259337,60.10150900863983
Donor_1337,oligodendrocyte precursor cell,H,40.0,51.25077873117164,47.4143176953101
Donor_1337,pericyte,H,40.0,57.79510905682453,54.29205279005109
Donor_1337,perivascular macrophage,H,40.0,60.77439277409965,60.931777497664186
Donor_1337,pvalb GABAergic interneuron,H,40.0,54.46564436704024,49.30192841238621
Donor_1337,sst GABAergic interneuron,H,40.0,52.08226095753439,50.066583415627
Donor_1337,vascular leptomeningeal cell,H,40.0,68.97533885270694,58.391538050647114
Donor_1340,GABAergic neuron,H,31.0,62.57262818010925,62.914611464321204
Donor_1340,L2/3 intratelencephalic projecting glutamatergic neuron,H,31.0,51.12383508460051,42.830178582538856
Donor_1340,L2/3-6 intratelencephalic projecting glutamatergic neuron,H,31.0,55.19740250350571,48.06374169554889
Donor_1340,L5/6 near-projecting glutamatergic neuron,H,31.0,60.58517289161288,55.04956254038518
Donor_1340,L6 corticothalamic-projecting glutamatergic cortical neuron,H,31.0,59.11880338077465,56.37983439828556
Donor_1340,L6 intratelencephalic projecting glutamatergic neuron,H,31.0,55.615031331444015,51.047251187289916
Donor_1340,L6b glutamatergic neuron of the primary motor cortex,H,31.0,59.12420405073902,54.78695711271498
Donor_1340,VIP GABAergic interneuron,H,31.0,62.89049042719298,57.78475704472079
Donor_1340,astrocyte,H,31.0,70.71265267984978,40.58711150598555
Donor_1340,endothelial cell,H,31.0,59.11144057764782,44.84803774210914
Donor_1340,lamp5 GABAergic interneuron,H,31.0,55.18696046075512,61.26136195992405
Donor_1340,microglial cell,H,31.0,52.72402956698501,53.05725677024145
Donor_1340,oligodendrocyte,H,31.0,46.88556751958714,37.751132207536926
Donor_1340,oligodendrocyte precursor cell,H,31.0,68.87645419847641,63.35884274752126
Donor_1340,pericyte,H,31.0,58.764857307876646,53.89673852647022
Donor_1340,pvalb GABAergic interneuron,H,31.0,56.59740821213716,54.89975374557196
Donor_1340,sst GABAergic interneuron,H,31.0,56.42262153026679,54.40501805107193
Donor_1340,vascular leptomeningeal cell,H,31.0,67.12507880209472,59.54060667717374
Donor_1343,GABAergic neuron,H,37.0,63.13485878264304,58.94067780855032
Donor_1343,L2/3 intratelencephalic projecting glutamatergic neuron,H,37.0,51.969155598439706,45.01485637320476
Donor_1343,L2/3-6 intratelencephalic projecting glutamatergic neuron,H,37.0,56.9428579880547,48.09796558377573
Donor_1343,L5/6 near-projecting glutamatergic neuron,H,37.0,58.61114124375583,60.657734681006566
Donor_1343,L6 intratelencephalic projecting glutamatergic neuron,H,37.0,54.43079884307129,51.950280949414946
Donor_1343,VIP GABAergic interneuron,H,37.0,64.171779889874,45.838921238371725
Donor_1343,astrocyte,H,37.0,41.906390451232255,66.58283686006934
Donor_1343,endothelial cell,H,37.0,52.395241651815205,49.27880247991962
Donor_1343,lamp5 GABAergic interneuron,H,37.0,56.01818833567599,55.74841389395412
Donor_1343,microglial cell,H,37.0,50.99601607771527,51.18488013978744
Donor_1343,oligodendrocyte,H,37.0,62.23817706417685,32.44273209249623
Donor_1343,oligodendrocyte precursor cell,H,37.0,65.26112242543856,44.46010831813139
Donor_1343,pericyte,H,37.0,57.013458594715274,56.74452819273754
Donor_1343,perivascular macrophage,H,37.0,63.55111146184732,62.44938093495501
Donor_1343,pvalb GABAergic interneuron,H,37.0,64.59720595755633,51.790633192422234
Donor_1343,smooth muscle cell,H,37.0,,
Donor_1343,sst GABAergic interneuron,H,37.0,61.190116955012066,56.77079045700585
Donor_1343,vascular leptomeningeal cell,H,37.0,63.734116582335396,59.56379655410088
Donor_1348,GABAergic neuron,M,80.0,69.78419697311763,71.89696811873111
Donor_1348,L2/3 intratelencephalic projecting glutamatergic neuron,M,80.0,81.60206945100143,72.25335299186852
Donor_1348,L2/3-6 intratelencephalic projecting glutamatergic neuron,M,80.0,74.72022402523457,70.29579029678887
Donor_1348,L5/6 near-projecting glutamatergic neuron,M,80.0,62.05009499276382,73.77551508456305
Donor_1348,L6 corticothalamic-projecting glutamatergic cortical neuron,M,80.0,53.548702520408,68.3699679309724
Donor_1348,L6 intratelencephalic projecting glutamatergic neuron,M,80.0,63.87352199356886,70.76298285773944
Donor_1348,VIP GABAergic interneuron,M,80.0,70.33744018779004,74.1052350969311
Donor_1348,astrocyte,M,80.0,59.753579931419004,74.42806403016576
Donor_1348,endothelial cell,M,80.0,43.40546996105688,57.32886408622275
Donor_1348,lamp5 GABAergic interneuron,M,80.0,64.71706333808575,71.13805518542632
Donor_1348,microglial cell,M,80.0,55.22071250996743,62.20554628232253
Donor_1348,oligodendrocyte,M,80.0,60.006779101263504,69.7466482191085
Donor_1348,oligodendrocyte precursor cell,M,80.0,61.99184993801478,78.48992697029902
Donor_1348,pvalb GABAergic interneuron,M,80.0,74.21706803221629,62.69693852888146
Donor_1348,sst GABAergic interneuron,M,80.0,71.21445251065656,66.54072182108249
Donor_1348,vascular leptomeningeal cell,M,80.0,53.380117700570466,69.16413844179712
Donor_1351,astrocyte,M,64.0,47.35677864882041,58.336666913002084
Donor_1351,oligodendrocyte precursor cell,M,64.0,36.26800944336234,62.79045537580052
Donor_1355,GABAergic neuron,H,22.0,60.04850572175562,46.083699475824545
Donor_1355,L2/3 intratelencephalic projecting glutamatergic neuron,H,22.0,45.877184281916485,19.97480221872553
Donor_1355,L2/3-6 intratelencephalic projecting glutamatergic neuron,H,22.0,52.00441089690868,28.859650513139428
Donor_1355,VIP GABAergic interneuron,H,22.0,56.04557970524457,36.49970168474078
Donor_1355,astrocyte,H,22.0,55.92233833587687,28.442875735381882
Donor_1355,endothelial cell,H,22.0,53.33162266840587,56.478722286486914
Donor_1355,lamp5 GABAergic interneuron,H,22.0,62.23261311432617,44.945386905453844
Donor_1355,microglial cell,H,22.0,60.24085483371061,50.30260071984008
Donor_1355,oligodendrocyte,H,22.0,63.48721927437691,29.58258596728895
Donor_1355,oligodendrocyte precursor cell,H,22.0,53.44690521221041,29.571882463285625
Donor_1355,pericyte,H,22.0,55.454242615359234,46.777928215348076
Donor_1355,perivascular macrophage,H,22.0,68.32142980589903,64.80097546201198
Donor_1355,pvalb GABAergic interneuron,H,22.0,62.55870392314848,40.40920585786397
Donor_1355,sst GABAergic interneuron,H,22.0,57.74234768958131,38.09735595772366
Donor_1355,vascular leptomeningeal cell,H,22.0,59.21110500734489,65.1456645498255
Donor_1359,GABAergic neuron,H,45.0,64.27192312131027,62.645907318589366
Donor_1359,L6 corticothalamic-projecting glutamatergic cortical neuron,H,45.0,78.95569182751295,89.50416594842778
Donor_1359,astrocyte,H,45.0,61.84347812476267,70.05995665891082
Donor_1359,endothelial cell,H,45.0,63.00049386107907,57.23231873176806
Donor_1359,microglial cell,H,45.0,62.90059968552603,75.13285111222984
Donor_1359,oligodendrocyte,H,45.0,68.3575577459188,53.5337247943784
Donor_1359,oligodendrocyte precursor cell,H,45.0,56.62242599028104,71.8150505563779
Donor_1359,pericyte,H,45.0,60.12226654368708,54.909227574828506
Donor_1359,smooth muscle cell,H,45.0,,
Donor_1359,sst GABAergic interneuron,H,45.0,64.50079010057026,55.42328758008149
Donor_1359,vascular leptomeningeal cell,H,45.0,57.222527989943025,50.64885011864374
Donor_1360,L2/3 intratelencephalic projecting glutamatergic neuron,H,41.0,61.83637239660511,56.94272805559798
Donor_1360,L2/3-6 intratelencephalic projecting glutamatergic neuron,H,41.0,52.51643001093996,52.064428053253124
Donor_1360,L5/6 near-projecting glutamatergic neuron,H,41.0,58.818439878000206,53.6535423008291
Donor_1360,L6 corticothalamic-projecting glutamatergic cortical neuron,H,41.0,58.47887372487058,54.28117302287984
Donor_1360,L6 intratelencephalic projecting glutamatergic neuron,H,41.0,54.842032504416494,47.162738863195514
Donor_1360,L6b glutamatergic neuron of the primary motor cortex,H,41.0,62.47564336660318,57.531368958387276
Donor_1360,VIP GABAergic interneuron,H,41.0,63.518520251483274,66.71756272760145
Donor_1360,astrocyte,H,41.0,45.47127804073017,46.12495289145948
Donor_1360,endothelial cell,H,41.0,56.03452969623017,52.63793917020837
Donor_1360,lamp5 GABAergic interneuron,H,41.0,66.55396344837143,63.76767924712953
Donor_1360,microglial cell,H,41.0,58.861347476894274,53.38757293615079
Donor_1360,oligodendrocyte,H,41.0,64.33811173262826,53.58306631408096
Donor_1360,oligodendrocyte precursor cell,H,41.0,57.17364567263951,50.28408287492468
Donor_1360,pericyte,H,41.0,58.81365667583877,56.78687683626654
Donor_1360,pvalb GABAergic interneuron,H,41.0,63.48465076471518,54.03869634686692
Donor_1360,sst GABAergic interneuron,H,41.0,58.73035161528747,59.40351840917099
Donor_1360,vascular leptomeningeal cell,H,41.0,61.199131189077335,59.266874911996425
Donor_1364,GABAergic neuron,H,24.0,52.82285428968248,54.05547784998821
Donor_1364,L2/3 intratelencephalic projecting glutamatergic neuron,H,24.0,42.21310229452651,27.688741596650537
Donor_1364,L2/3-6 intratelencephalic projecting glutamatergic neuron,H,24.0,43.039590854843034,32.064248064826344
Donor_1364,L5/6 near-projecting glutamatergic neuron,H,24.0,54.64174839470898,53.441336620241
Donor_1364,L6 corticothalamic-projecting glutamatergic cortical neuron,H,24.0,48.6500031909608,39.73613034440879
Donor_1364,L6 intratelencephalic projecting glutamatergic neuron,H,24.0,52.08985181953021,42.14115282380543
Donor_1364,L6b glutamatergic neuron of the primary motor cortex,H,24.0,49.211360333858316,48.13213796927417
Donor_1364,VIP GABAergic interneuron,H,24.0,51.7119171334888,49.57885894079164
Donor_1364,astrocyte,H,24.0,51.5562026763765,43.506431465379656
Donor_1364,endothelial cell,H,24.0,54.61493045129636,43.56381393249049
Donor_1364,lamp5 GABAergic interneuron,H,24.0,58.65725531064392,51.77662791514505
Donor_1364,microglial cell,H,24.0,56.73349037666889,53.02947028002224
Donor_1364,oligodendrocyte,H,24.0,42.69069007956947,35.35697429217129
Donor_1364,oligodendrocyte precursor cell,H,24.0,43.030773702946334,37.124848384875584
Donor_1364,pericyte,H,24.0,53.96455392916799,54.2728242064409
Donor_1364,pvalb GABAergic interneuron,H,24.0,48.15886150034044,43.76752744246912
Donor_1364,smooth muscle cell,H,24.0,,
Donor_1364,sst GABAergic interneuron,H,24.0,47.61768218447324,41.923776547680355
Donor_1364,vascular leptomeningeal cell,H,24.0,60.79963601204686,48.17556085560172
Donor_1368,GABAergic neuron,M,48.0,42.586942905913986,51.61756767937625
Donor_1368,L2/3 intratelencephalic projecting glutamatergic neuron,M,48.0,54.72851376091813,48.36295062038488
Donor_1368,L2/3-6 intratelencephalic projecting glutamatergic neuron,M,48.0,49.2540771893826,49.83371680277911
Donor_1368,L5/6 near-projecting glutamatergic neuron,M,48.0,47.90616852532033,59.23769383255501
Donor_1368,L6 corticothalamic-projecting glutamatergic cortical neuron,M,48.0,50.80049477110137,59.24858436253612
Donor_1368,L6 intratelencephalic projecting glutamatergic neuron,M,48.0,45.89049269627607,54.68997996214852
Donor_1368,L6b glutamatergic neuron of the primary motor cortex,M,48.0,55.78949896761752,59.51752293799272
Donor_1368,VIP GABAergic interneuron,M,48.0,53.4789782058523,58.91812686145757
Donor_1368,astrocyte,M,48.0,42.5863367008453,55.581112570082624
Donor_1368,endothelial cell,M,48.0,37.986985642858784,47.7182527391583
Donor_1368,lamp5 GABAergic interneuron,M,48.0,57.02830353313133,60.49390654712576
Donor_1368,microglial cell,M,48.0,42.883948376933176,45.33742833900329
Donor_1368,oligodendrocyte,M,48.0,44.067824424448446,38.31429649241345
Donor_1368,oligodendrocyte precursor cell,M,48.0,42.282194766885084,59.5689295770771
Donor_1368,pvalb GABAergic interneuron,M,48.0,47.36744781267495,49.98767967547484
Donor_1368,sst GABAergic interneuron,M,48.0,48.212233371258876,70.5333480415271
Donor_1371,GABAergic neuron,M,85.0,56.32881540722581,52.93161467750299
Donor_1371,L2/3 intratelencephalic projecting glutamatergic neuron,M,85.0,61.140582256826235,62.89215009083679
Donor_1371,L2/3-6 intratelencephalic projecting glutamatergic neuron,M,85.0,57.7765922588673,62.8845484606144
Donor_1371,L5/6 near-projecting glutamatergic neuron,M,85.0,47.89587558358632,49.665510789907046
Donor_1371,L6 corticothalamic-projecting glutamatergic cortical neuron,M,85.0,56.76345417921291,58.244154626847624
Donor_1371,L6 intratelencephalic projecting glutamatergic neuron,M,85.0,55.57156352177073,61.58837470879051
Donor_1371,L6b glutamatergic neuron of the primary motor cortex,M,85.0,47.6921007606417,52.16076801320144
Donor_1371,VIP GABAergic interneuron,M,85.0,51.929831638414456,55.703224855743095
Donor_1371,astrocyte,M,85.0,58.877115262594586,59.98770910060622
Donor_1371,endothelial cell,M,85.0,52.82739586391148,53.26484899896845
Donor_1371,lamp5 GABAergic interneuron,M,85.0,54.980229363586865,55.7899197412183
Donor_1371,microglial cell,M,85.0,43.69499944465484,53.11613778987507
Donor_1371,oligodendrocyte,M,85.0,52.52614270726723,57.77530278074366
Donor_1371,oligodendrocyte precursor cell,M,85.0,43.18265917993868,59.562817830399865
Donor_1371,perivascular macrophage,M,85.0,33.41085824358897,38.23395947025363
Donor_1371,pvalb GABAergic interneuron,M,85.0,54.847465714166674,51.07158439838611
Donor_1371,sst GABAergic interneuron,M,85.0,58.77890527271684,54.47422248865335
Donor_1371,vascular leptomeningeal cell,M,85.0,43.583847099604114,37.99966895838282
Donor_1375,L2/3 intratelencephalic projecting glutamatergic neuron,H,26.0,52.43468025905486,18.487383843473573
Donor_1375,VIP GABAergic interneuron,H,26.0,56.49040272077566,39.96600385281175
Donor_1375,astrocyte,H,26.0,53.022170991183515,43.453776022462925
Donor_1375,microglial cell,H,26.0,57.065041256852574,46.53387906852749
Donor_1375,oligodendrocyte,H,26.0,59.59699367788877,36.9322435804625
Donor_1375,oligodendrocyte precursor cell,H,26.0,50.06845560952968,39.378411449852
Donor_1377,GABAergic neuron,H,46.0,57.82996010331429,52.54892412427428
Donor_1377,L2/3 intratelencephalic projecting glutamatergic neuron,H,46.0,54.45700392690391,53.80024524293439
Donor_1377,L2/3-6 intratelencephalic projecting glutamatergic neuron,H,46.0,55.74526330385534,53.921994858733065
Donor_1377,L5/6 near-projecting glutamatergic neuron,H,46.0,58.255659885318416,58.09782453653372
Donor_1377,L6 corticothalamic-projecting glutamatergic cortical neuron,H,46.0,55.673653513125146,49.09315313229999
Donor_1377,L6 intratelencephalic projecting glutamatergic neuron,H,46.0,51.67180939025249,54.63497652058665
Donor_1377,L6b glutamatergic neuron of the primary motor cortex,H,46.0,56.01997179163733,54.522924465017915
Donor_1377,VIP GABAergic interneuron,H,46.0,60.26529137206773,55.50202905559079
Donor_1377,astrocyte,H,46.0,63.63165784261795,56.58999910528054
Donor_1377,endothelial cell,H,46.0,60.917921841852845,55.36879252850201
Donor_1377,lamp5 GABAergic interneuron,H,46.0,64.53227858000709,56.855374198138136
Donor_1377,microglial cell,H,46.0,56.037394281157646,54.12142874021795
Donor_1377,oligodendrocyte,H,46.0,58.941781145250886,44.055876773677305
Donor_1377,oligodendrocyte precursor cell,H,46.0,52.84994686906282,51.39335449259559
Donor_1377,pericyte,H,46.0,57.976498143396384,58.024565924662745
Donor_1377,perivascular macrophage,H,46.0,67.23612604019034,61.506881390847695
Donor_1377,pvalb GABAergic interneuron,H,46.0,58.975866733535426,51.945554772479156
Donor_1377,sst GABAergic interneuron,H,46.0,60.39196357291771,55.4674498268526
Donor_1377,vascular leptomeningeal cell,H,46.0,58.8735740906763,55.773185608438936
Donor_1378,GABAergic neuron,H,38.0,54.01773227600092,54.20926543342865
Donor_1378,L2/3 intratelencephalic projecting glutamatergic neuron,H,38.0,52.18012691949242,43.101547936488785
Donor_1378,L2/3-6 intratelencephalic projecting glutamatergic neuron,H,38.0,59.00829983876986,48.31587096966971
Donor_1378,L6 corticothalamic-projecting glutamatergic cortical neuron,H,38.0,48.331286848222774,46.457919346377395
Donor_1378,L6 intratelencephalic projecting glutamatergic neuron,H,38.0,50.36544862295682,43.213433764153535
Donor_1378,L6b glutamatergic neuron of the primary motor cortex,H,38.0,54.10186841188794,45.08094618812684
Donor_1378,VIP GABAergic interneuron,H,38.0,53.1254930426449,50.665558186157384
Donor_1378,astrocyte,H,38.0,51.15322057850246,48.86764620957666
Donor_1378,endothelial cell,H,38.0,56.207965502411554,53.9510266206924
Donor_1378,lamp5 GABAergic interneuron,H,38.0,55.92126257729886,53.705398137042735
Donor_1378,microglial cell,H,38.0,47.558938652858345,52.95166922103576
Donor_1378,oligodendrocyte,H,38.0,53.993358679313566,56.538613290731924
Donor_1378,oligodendrocyte precursor cell,H,38.0,58.06153172982763,47.43983306757963
Donor_1378,pericyte,H,38.0,56.56905743905268,56.018219456249994
Donor_1378,pvalb GABAergic interneuron,H,38.0,57.375344464182575,44.49738398186862
Donor_1378,sst GABAergic interneuron,H,38.0,52.57600070507559,43.18257775833361
Donor_138,GABAergic neuron,H,24.0,57.713234421124056,51.39966590682356
Donor_138,L2/3 intratelencephalic projecting glutamatergic neuron,H,24.0,41.86529231880679,39.67426650603087
Donor_138,L2/3-6 intratelencephalic projecting glutamatergic neuron,H,24.0,48.78903455226776,41.5380197079251
Donor_138,L5/6 near-projecting glutamatergic neuron,H,24.0,64.8203363876639,57.91886961514329
Donor_138,L6 intratelencephalic projecting glutamatergic neuron,H,24.0,58.911510046700684,47.978289525680715
Donor_138,VIP GABAergic interneuron,H,24.0,55.88393185351859,51.25056748803406
Donor_138,astrocyte,H,24.0,48.689049124832586,43.06254401606968
Donor_138,endothelial cell,H,24.0,58.204047349264705,47.973279829018765
Donor_138,lamp5 GABAergic interneuron,H,24.0,58.21385191049976,58.78673915491164
Donor_138,microglial cell,H,24.0,57.72094200326154,55.30968272201799
Donor_138,oligodendrocyte,H,24.0,58.31545654527264,36.64552498186236
Donor_138,oligodendrocyte precursor cell,H,24.0,51.100458383774274,35.953454928137155
Donor_138,pericyte,H,24.0,58.03536477911186,57.08343583713719
Donor_138,pvalb GABAergic interneuron,H,24.0,60.18733282694513,49.03618362707151
Donor_138,sst GABAergic interneuron,H,24.0,56.2506829338677,45.141419895457524
Donor_138,vascular leptomeningeal cell,H,24.0,69.93569280283826,57.248752941512514
Donor_1392,GABAergic neuron,H,85.0,64.73694318583503,62.72507579421353
Donor_1392,L2/3 intratelencephalic projecting glutamatergic neuron,H,85.0,68.12601210863497,62.729113445915836
Donor_1392,L2/3-6 intratelencephalic projecting glutamatergic neuron,H,85.0,73.46099591364542,69.04707873034953
Donor_1392,L5/6 near-projecting glutamatergic neuron,H,85.0,64.86994654258777,62.88709520171733
Donor_1392,L6 corticothalamic-projecting glutamatergic cortical neuron,H,85.0,63.5286759305205,66.02491553091969
Donor_1392,L6 intratelencephalic projecting glutamatergic neuron,H,85.0,63.173369789752456,60.66700580156308
Donor_1392,L6b glutamatergic neuron of the primary motor cortex,H,85.0,64.91792546414538,66.1548789489363
Donor_1392,VIP GABAergic interneuron,H,85.0,76.90855941997414,72.09628191307931
Donor_1392,astrocyte,H,85.0,63.746101597247446,65.76439067373128
Donor_1392,endothelial cell,H,85.0,65.22173776152545,74.66558504972222
Donor_1392,lamp5 GABAergic interneuron,H,85.0,73.24849824481556,70.9904610820911
Donor_1392,microglial cell,H,85.0,67.16848960267846,58.65066722245407
Donor_1392,oligodendrocyte,H,85.0,76.77564833505475,70.96513355635226
Donor_1392,oligodendrocyte precursor cell,H,85.0,69.71312577479961,70.2723179284798
Donor_1392,pericyte,H,85.0,61.837814286311094,59.30009738889568
Donor_1392,pvalb GABAergic interneuron,H,85.0,75.66801458104003,69.53337806923842
Donor_1392,sst GABAergic interneuron,H,85.0,76.53849464808559,76.61477395933984
Donor_1392,vascular leptomeningeal cell,H,85.0,75.12727995438578,83.40494718526526
Donor_14,GABAergic neuron,M,65.0,63.36425481893592,53.97511030942397
Donor_14,L2/3 intratelencephalic projecting glutamatergic neuron,M,65.0,62.470407800273414,66.64456304017615
Donor_14,L2/3-6 intratelencephalic projecting glutamatergic neuron,M,65.0,55.8078222298203,62.467247713344264
Donor_14,L6 corticothalamic-projecting glutamatergic cortical neuron,M,65.0,54.628718810980374,61.620767753951895
Donor_14,L6 intratelencephalic projecting glutamatergic neuron,M,65.0,57.36461507848871,56.647246777730025
Donor_14,VIP GABAergic interneuron,M,65.0,43.385048491297475,54.81639784789419
Donor_14,astrocyte,M,65.0,48.07294844516695,53.25535376507155
Donor_14,lamp5 GABAergic interneuron,M,65.0,40.67581027846567,59.857597799383626
Donor_14,microglial cell,M,65.0,54.023344810611945,61.084224747987946
Donor_14,oligodendrocyte,M,65.0,40.378114293142964,57.943409722065454
Donor_14,oligodendrocyte precursor cell,M,65.0,51.32043736319479,60.558056146227386
Donor_14,perivascular macrophage,M,65.0,39.25471616150037,44.65155800289345
Donor_14,pvalb GABAergic interneuron,M,65.0,35.57157754702564,54.44080681733124
Donor_14,sst GABAergic interneuron,M,65.0,51.01035522087233,58.603251129777874
Donor_1405,GABAergic neuron,H,52.0,51.39749000793811,47.55069919574907
Donor_1405,L2/3 intratelencephalic projecting glutamatergic neuron,H,52.0,46.411906399454615,46.734364283922275
Donor_1405,L2/3-6 intratelencephalic projecting glutamatergic neuron,H,52.0,49.81538089189689,55.15423572423601
Donor_1405,L6 corticothalamic-projecting glutamatergic cortical neuron,H,52.0,54.72183931164203,52.97027387941698
Donor_1405,L6 intratelencephalic projecting glutamatergic neuron,H,52.0,57.43178375110482,47.53070314317991
Donor_1405,L6b glutamatergic neuron of the primary motor cortex,H,52.0,55.11824893286935,46.35646241015091
Donor_1405,VIP GABAergic interneuron,H,52.0,58.04491503510718,52.574585039539045
Donor_1405,astrocyte,H,52.0,43.48480054396155,49.37855887254563
Donor_1405,endothelial cell,H,52.0,54.91997383385439,58.5064818422185
Donor_1405,lamp5 GABAergic interneuron,H,52.0,53.203263472813205,50.13384055741685
Donor_1405,microglial cell,H,52.0,52.45946966363687,50.07442257442959
Donor_1405,oligodendrocyte,H,52.0,51.669166195118265,53.25037286744757
Donor_1405,oligodendrocyte precursor cell,H,52.0,56.49183347424469,52.9055475435192
Donor_1405,pericyte,H,52.0,57.224882396663276,58.226031270112735
Donor_1405,pvalb GABAergic interneuron,H,52.0,62.25112015349579,43.20269084950124
Donor_1405,sst GABAergic interneuron,H,52.0,52.190281192655334,45.13646141725542
Donor_1414,GABAergic neuron,M,67.0,59.202793627170045,54.61356783271657
Donor_1414,L2/3 intratelencephalic projecting glutamatergic neuron,M,67.0,61.137047210397725,61.51904575696925
Donor_1414,L2/3-6 intratelencephalic projecting glutamatergic neuron,M,67.0,57.99064456058284,56.559922785660106
Donor_1414,L6 corticothalamic-projecting glutamatergic cortical neuron,M,67.0,59.28138938728921,61.39765513782555
Donor_1414,L6 intratelencephalic projecting glutamatergic neuron,M,67.0,57.0469300867921,63.3229434471396
Donor_1414,L6b glutamatergic neuron of the primary motor cortex,M,67.0,68.18551441615725,59.98789650465407
Donor_1414,VIP GABAergic interneuron,M,67.0,50.90707759939998,56.925980815105376
Donor_1414,astrocyte,M,67.0,68.77826581138905,63.864722862796086
Donor_1414,endothelial cell,M,67.0,43.79902215049373,53.273183113643796
Donor_1414,lamp5 GABAergic interneuron,M,67.0,50.50439099941299,51.85902106208966
Donor_1414,microglial cell,M,67.0,58.50873892855863,61.121952933443964
Donor_1414,oligodendrocyte,M,67.0,52.467900059535864,57.855198918124856
Donor_1414,oligodendrocyte precursor cell,M,67.0,51.18842416999608,51.354260913551656
Donor_1414,pericyte,M,67.0,53.30622473301135,45.28851756891402
Donor_1414,pvalb GABAergic interneuron,M,67.0,58.28848328758643,60.39659786502622
Donor_1414,sst GABAergic interneuron,M,67.0,56.869762422197695,54.17396955528404
Donor_1414,vascular leptomeningeal cell,M,67.0,54.86429235939257,43.97355051377604
Donor_1417,GABAergic neuron,H,31.0,55.91914335147445,55.856554215886916
Donor_1417,L2/3 intratelencephalic projecting glutamatergic neuron,H,31.0,47.13915943716373,41.694335368611085
Donor_1417,L2/3-6 intratelencephalic projecting glutamatergic neuron,H,31.0,44.86785048298928,44.30080572956882
Donor_1417,L5/6 near-projecting glutamatergic neuron,H,31.0,57.88032080985352,54.242371579950486
Donor_1417,L6 corticothalamic-projecting glutamatergic cortical neuron,H,31.0,52.481307610155945,48.93784680271178
Donor_1417,L6 intratelencephalic projecting glutamatergic neuron,H,31.0,49.28307180168981,42.21586636547393
Donor_1417,L6b glutamatergic neuron of the primary motor cortex,H,31.0,55.3539573048493,56.04356302917935
Donor_1417,VIP GABAergic interneuron,H,31.0,53.71185391809505,49.57754134219502
Donor_1417,astrocyte,H,31.0,59.6754966622182,44.54786665128857
Donor_1417,endothelial cell,H,31.0,56.92699504392032,50.13187954865077
Donor_1417,lamp5 GABAergic interneuron,H,31.0,53.62189551702813,53.83231549839016
Donor_1417,microglial cell,H,31.0,55.479737694910725,42.83223692819971
Donor_1417,oligodendrocyte,H,31.0,51.97720801987143,51.209673014026805
Donor_1417,oligodendrocyte precursor cell,H,31.0,51.90506103443615,42.48465029830324
Donor_1417,pericyte,H,31.0,57.64114925417194,55.058530805551946
Donor_1417,pvalb GABAergic interneuron,H,31.0,43.89738791069325,48.49767902199114
Donor_1417,sst GABAergic interneuron,H,31.0,47.98838314317712,42.668610294048506
Donor_1417,vascular leptomeningeal cell,H,31.0,59.48595791804467,58.04260562706041
Donor_1419,GABAergic neuron,M,64.0,55.78399085252266,70.03697633586057
Donor_1419,L2/3 intratelencephalic projecting glutamatergic neuron,M,64.0,65.4506344956619,63.98215871340619
Donor_1419,L2/3-6 intratelencephalic projecting glutamatergic neuron,M,64.0,66.35915285297298,64.49042178519561
Donor_1419,L5/6 near-projecting glutamatergic neuron,M,64.0,54.57493517999514,60.634715812583835
Donor_1419,L6 corticothalamic-projecting glutamatergic cortical neuron,M,64.0,61.68338475245199,58.73547823425117
Donor_1419,L6 intratelencephalic projecting glutamatergic neuron,M,64.0,59.05943259258517,66.46712671051934
Donor_1419,L6b glutamatergic neuron of the primary motor cortex,M,64.0,62.32247377393152,65.74641448781163
Donor_1419,VIP GABAergic interneuron,M,64.0,60.046993356488976,59.11954668476811
Donor_1419,astrocyte,M,64.0,56.98577830365571,67.48880092278769
Donor_1419,endothelial cell,M,64.0,44.141519078044226,50.863718123046915
Donor_1419,lamp5 GABAergic interneuron,M,64.0,52.097717763135634,68.19872761751597
Donor_1419,microglial cell,M,64.0,49.564413895290045,57.14902287058539
Donor_1419,oligodendrocyte,M,64.0,47.6435568925713,65.50055814162873
Donor_1419,oligodendrocyte precursor cell,M,64.0,48.2950504736785,72.67762329439796
Donor_1419,pericyte,M,64.0,44.36327697608457,52.47518355647269
Donor_1419,pvalb GABAergic interneuron,M,64.0,57.85247560154788,64.73704884755892
Donor_1419,sst GABAergic interneuron,M,64.0,64.06780247181999,58.103559729131646
Donor_1419,vascular leptomeningeal cell,M,64.0,51.30647119105946,50.982537595850644
Donor_1433,GABAergic neuron,M,61.0,47.90716001122662,47.46059244620942
Donor_1433,L2/3 intratelencephalic projecting glutamatergic neuron,M,61.0,42.21607906091301,53.19840058663361
Donor_1433,L2/3-6 intratelencephalic projecting glutamatergic neuron,M,61.0,38.23680827465999,49.73997166651219
Donor_1433,L5/6 near-projecting glutamatergic neuron,M,61.0,38.659067613278104,45.816759531911195
Donor_1433,L6 corticothalamic-projecting glutamatergic cortical neuron,M,61.0,46.62828641980626,56.83129434052965
Donor_1433,L6 intratelencephalic projecting glutamatergic neuron,M,61.0,42.69965441368744,51.52194731319876
Donor_1433,L6b glutamatergic neuron of the primary motor cortex,M,61.0,41.97552327319718,49.49344066534596
Donor_1433,VIP GABAergic interneuron,M,61.0,44.71832208920893,52.28513174910919
Donor_1433,astrocyte,M,61.0,44.3756899059374,46.73987457764157
Donor_1433,endothelial cell,M,61.0,42.74633406218441,57.39718047714257
Donor_1433,lamp5 GABAergic interneuron,M,61.0,35.4346496460621,46.73891072221807
Donor_1433,microglial cell,M,61.0,45.65929295557044,58.26318799011064
Donor_1433,oligodendrocyte,M,61.0,45.72169273665531,61.554597226412724
Donor_1433,oligodendrocyte precursor cell,M,61.0,41.556205691768724,50.25827891892846
Donor_1433,pericyte,M,61.0,42.51852173330089,42.2759216906225
Donor_1433,pvalb GABAergic interneuron,M,61.0,42.50781487097569,54.56772186659781
Donor_1433,smooth muscle cell,M,61.0,40.05550650654783,50.2148708023896
Donor_1433,sst GABAergic interneuron,M,61.0,47.443148214017164,51.67404462370061
Donor_1435,astrocyte,H,44.0,62.053591763996735,57.34342240146467
Donor_1435,endothelial cell,H,44.0,61.46035687586037,66.3270838098793
Donor_1435,oligodendrocyte,H,44.0,27.449396567559006,38.38822048873791
Donor_1435,oligodendrocyte precursor cell,H,44.0,59.87158501782952,50.3248139396491
Donor_1437,GABAergic neuron,H,48.0,60.10651616382821,54.39582742220827
Donor_1437,L2/3 intratelencephalic projecting glutamatergic neuron,H,48.0,56.99744909140665,56.55398536913616
Donor_1437,L2/3-6 intratelencephalic projecting glutamatergic neuron,H,48.0,59.028054836885616,55.90933101315292
Donor_1437,L5/6 near-projecting glutamatergic neuron,H,48.0,58.17450692653913,63.061867877430174
Donor_1437,L6 corticothalamic-projecting glutamatergic cortical neuron,H,48.0,58.133174005534265,51.911314254335856
Donor_1437,L6 intratelencephalic projecting glutamatergic neuron,H,48.0,60.67549120561,58.953125951806854
Donor_1437,L6b glutamatergic neuron of the primary motor cortex,H,48.0,59.27082817539532,57.494184547254065
Donor_1437,VIP GABAergic interneuron,H,48.0,55.40538784028942,63.46008723367157
Donor_1437,astrocyte,H,48.0,63.666539712719654,45.28092852300504
Donor_1437,endothelial cell,H,48.0,56.61457461248689,53.845585110514
Donor_1437,lamp5 GABAergic interneuron,H,48.0,57.241355843475915,63.314690643171346
Donor_1437,microglial cell,H,48.0,50.01815911956032,46.50382273202799
Donor_1437,oligodendrocyte,H,48.0,52.35598045826851,51.53211171047299
Donor_1437,oligodendrocyte precursor cell,H,48.0,58.691541285056736,59.938410935492435
Donor_1437,pericyte,H,48.0,61.42782709259335,60.90923468850644
Donor_1437,pvalb GABAergic interneuron,H,48.0,61.98200133826601,51.180977449785225
Donor_1437,sst GABAergic interneuron,H,48.0,58.078795223935835,59.68374557501864
Donor_1443,GABAergic neuron,M,52.0,32.694252654260225,45.085732780092805
Donor_1443,L2/3 intratelencephalic projecting glutamatergic neuron,M,52.0,52.982690900217726,53.151226406883914
Donor_1443,L2/3-6 intratelencephalic projecting glutamatergic neuron,M,52.0,51.88505740386415,53.27440556286443
Donor_1443,L5/6 near-projecting glutamatergic neuron,M,52.0,48.51761910978081,50.858375810702455
Donor_1443,L6 corticothalamic-projecting glutamatergic cortical neuron,M,52.0,52.592707772773544,55.82850747136361
Donor_1443,L6 intratelencephalic projecting glutamatergic neuron,M,52.0,47.31879387252224,45.621865206428076
Donor_1443,L6b glutamatergic neuron of the primary motor cortex,M,52.0,48.126614059868,53.72843921674346
Donor_1443,VIP GABAergic interneuron,M,52.0,41.849297819048736,46.999513667760645
Donor_1443,astrocyte,M,52.0,42.84288542183301,47.86287708630911
Donor_1443,lamp5 GABAergic interneuron,M,52.0,32.196512235965784,43.45126192356912
Donor_1443,microglial cell,M,52.0,44.27129585798743,35.461899865598745
Donor_1443,oligodendrocyte,M,52.0,47.553497056705105,49.02829205318355
Donor_1443,oligodendrocyte precursor cell,M,52.0,36.45280151636482,41.23908070048649
Donor_1443,pericyte,M,52.0,46.3605064671347,42.660656050905466
Donor_1443,pvalb GABAergic interneuron,M,52.0,42.39640813592834,48.80319772049519
Donor_1443,sst GABAergic interneuron,M,52.0,48.06206403083658,50.0545627059688
Donor_1445,GABAergic neuron,M,53.0,39.02381588630266,59.69069272842657
Donor_1445,L2/3 intratelencephalic projecting glutamatergic neuron,M,53.0,58.38423364961625,59.27084613965798
Donor_1445,L2/3-6 intratelencephalic projecting glutamatergic neuron,M,53.0,51.67065563198999,58.145760257201104
Donor_1445,L5/6 near-projecting glutamatergic neuron,M,53.0,60.04537125586954,61.55734971818576
Donor_1445,L6 corticothalamic-projecting glutamatergic cortical neuron,M,53.0,50.18148745296098,58.98639161402214
Donor_1445,L6 intratelencephalic projecting glutamatergic neuron,M,53.0,51.89611888836098,56.806687990614165
Donor_1445,VIP GABAergic interneuron,M,53.0,43.15912379092052,60.231731804650025
Donor_1445,astrocyte,M,53.0,50.9001124715636,59.17983461840926
Donor_1445,endothelial cell,M,53.0,33.51797156965078,55.21402738373612
Donor_1445,lamp5 GABAergic interneuron,M,53.0,43.71306229338736,50.65379416882967
Donor_1445,microglial cell,M,53.0,59.08874953553644,44.78546860524081
Donor_1445,oligodendrocyte,M,53.0,46.672247119373594,61.80558394731679
Donor_1445,oligodendrocyte precursor cell,M,53.0,51.054944841589595,54.65279547853755
Donor_1445,pericyte,M,53.0,53.91767155925536,54.591205412183434
Donor_1445,pvalb GABAergic interneuron,M,53.0,52.634550496866886,61.740933910563285
Donor_1445,sst GABAergic interneuron,M,53.0,48.338074409348565,55.89291997342459
Donor_1453,GABAergic neuron,H,65.0,61.76543964721628,65.8271140052923
Donor_1453,L2/3 intratelencephalic projecting glutamatergic neuron,H,65.0,61.86996359943917,66.39876824209217
Donor_1453,L2/3-6 intratelencephalic projecting glutamatergic neuron,H,65.0,60.306963428051844,65.18324191160472
Donor_1453,L5/6 near-projecting glutamatergic neuron,H,65.0,60.73026513493788,66.0340080755692
Donor_1453,L6 intratelencephalic projecting glutamatergic neuron,H,65.0,61.35567242645406,62.832360692065976
Donor_1453,L6b glutamatergic neuron of the primary motor cortex,H,65.0,61.52373305318725,67.71348576767797
Donor_1453,VIP GABAergic interneuron,H,65.0,60.2263915022045,62.07992481843164
Donor_1453,astrocyte,H,65.0,60.22433786255853,67.80583907896053
Donor_1453,endothelial cell,H,65.0,64.5601288171801,47.214958618987936
Donor_1453,lamp5 GABAergic interneuron,H,65.0,61.473860858573964,57.78906528534983
Donor_1453,microglial cell,H,65.0,60.551667428475184,57.5534185997738
Donor_1453,oligodendrocyte,H,65.0,55.05129107034827,67.96328856363584
Donor_1453,oligodendrocyte precursor cell,H,65.0,57.74385556562811,59.66519637204156
Donor_1453,pericyte,H,65.0,53.66997548851407,56.89251487450971
Donor_1453,pvalb GABAergic interneuron,H,65.0,62.95128106869856,61.460279993503576
Donor_1453,sst GABAergic interneuron,H,65.0,62.616478676349345,63.53456261654433
Donor_1462,GABAergic neuron,M,53.0,44.1718652293301,41.54031991356117
Donor_1462,L2/3 intratelencephalic projecting glutamatergic neuron,M,53.0,46.76698606648681,43.91131468942274
Donor_1462,L2/3-6 intratelencephalic projecting glutamatergic neuron,M,53.0,41.60856308027738,43.21127452988273
Donor_1462,L6 corticothalamic-projecting glutamatergic cortical neuron,M,53.0,45.55601006345289,44.61144353880963
Donor_1462,L6 intratelencephalic projecting glutamatergic neuron,M,53.0,45.70065055182093,43.53148460478817
Donor_1462,VIP GABAergic interneuron,M,53.0,44.266712207871535,38.34399381358742
Donor_1462,astrocyte,M,53.0,47.62046433644243,46.09609300752997
Donor_1462,lamp5 GABAergic interneuron,M,53.0,50.50407117601532,42.49478957889191
Donor_1462,microglial cell,M,53.0,43.48810860258596,37.32624390573932
Donor_1462,oligodendrocyte,M,53.0,57.25488231707909,53.82866055647811
Donor_1462,oligodendrocyte precursor cell,M,53.0,50.79320164673343,48.30706952969872
Donor_1462,pericyte,M,53.0,58.23000401323484,42.02467597050713
Donor_1462,pvalb GABAergic interneuron,M,53.0,46.20421710970944,42.73090458894392
Donor_1462,sst GABAergic interneuron,M,53.0,47.24996717344919,40.80820090666235
Donor_1474,GABAergic neuron,M,85.0,60.924187589648156,60.45834581603955
Donor_1474,L2/3 intratelencephalic projecting glutamatergic neuron,M,85.0,74.95964758030226,67.69160570669287
Donor_1474,L2/3-6 intratelencephalic projecting glutamatergic neuron,M,85.0,71.87994027658544,67.62199988550468
Donor_1474,L5/6 near-projecting glutamatergic neuron,M,85.0,62.53232701867011,72.14258563873332
Donor_1474,L6 corticothalamic-projecting glutamatergic cortical neuron,M,85.0,59.30729336701376,63.8366539627494
Donor_1474,L6 intratelencephalic projecting glutamatergic neuron,M,85.0,68.607797574309,67.77505842564983
Donor_1474,L6b glutamatergic neuron of the primary motor cortex,M,85.0,64.2681400178889,63.3634152753002
Donor_1474,VIP GABAergic interneuron,M,85.0,67.01521252750995,60.27459900356426
Donor_1474,astrocyte,M,85.0,46.23457102131295,61.73172206489434
Donor_1474,lamp5 GABAergic interneuron,M,85.0,50.89494311405959,62.76669670277751
Donor_1474,microglial cell,M,85.0,54.32615168523276,64.23084056126329
Donor_1474,oligodendrocyte,M,85.0,66.15282556365756,66.94972598584164
Donor_1474,oligodendrocyte precursor cell,M,85.0,58.761989055007476,69.0754272827505
Donor_1474,perivascular macrophage,M,85.0,37.72492079833135,35.531835352753184
Donor_1474,pvalb GABAergic interneuron,M,85.0,65.75852146303632,56.363221947697
Donor_1474,sst GABAergic interneuron,M,85.0,63.363772878841736,58.238549711731345
Donor_149,GABAergic neuron,H,52.0,62.130192559653594,57.930382817972095
Donor_149,L2/3 intratelencephalic projecting glutamatergic neuron,H,52.0,61.5183389640116,49.51749778653147
Donor_149,L2/3-6 intratelencephalic projecting glutamatergic neuron,H,52.0,64.04336674669166,56.22404532015943
Donor_149,L5/6 near-projecting glutamatergic neuron,H,52.0,63.2570545253171,64.58238036745054
Donor_149,L6 corticothalamic-projecting glutamatergic cortical neuron,H,52.0,67.32162009601274,57.89676398669375
Donor_149,L6 intratelencephalic projecting glutamatergic neuron,H,52.0,70.21459051633626,51.5287972832721
Donor_149,L6b glutamatergic neuron of the primary motor cortex,H,52.0,68.0313008995553,58.94383326178891
Donor_149,VIP GABAergic interneuron,H,52.0,66.76862880826286,53.483734618941966
Donor_149,astrocyte,H,52.0,47.59710551679513,49.04208731377939
Donor_149,endothelial cell,H,52.0,60.87743877317464,58.77214232837388
Donor_149,lamp5 GABAergic interneuron,H,52.0,65.67232085005838,65.37558253721939
Donor_149,microglial cell,H,52.0,69.18718391239598,71.50876723171051
Donor_149,oligodendrocyte,H,52.0,78.09421552797698,57.31383384811652
Donor_149,oligodendrocyte precursor cell,H,52.0,61.71299820930714,62.3563722223502
Donor_149,pericyte,H,52.0,55.81323127067783,58.03731579502693
Donor_149,pvalb GABAergic interneuron,H,52.0,64.51473024153361,62.92236456163986
Donor_149,sst GABAergic interneuron,H,52.0,69.33527057348657,59.47812176983748
Donor_149,vascular leptomeningeal cell,H,52.0,63.326858263688464,63.063216005086446
Donor_1491,GABAergic neuron,M,73.0,54.30185160291326,73.48815723957718
Donor_1491,L2/3 intratelencephalic projecting glutamatergic neuron,M,73.0,73.57094057061755,67.8432107257386
Donor_1491,L2/3-6 intratelencephalic projecting glutamatergic neuron,M,73.0,68.1226356981893,70.59715470438313
Donor_1491,L6 intratelencephalic projecting glutamatergic neuron,M,73.0,49.966819998576646,68.74548634169017
Donor_1491,VIP GABAergic interneuron,M,73.0,61.65179682064869,61.39959856391743
Donor_1491,astrocyte,M,73.0,63.47336958330655,72.8212922044938
Donor_1491,endothelial cell,M,73.0,62.21779562684661,50.805841296798675
Donor_1491,lamp5 GABAergic interneuron,M,73.0,66.01343815838726,64.81264746129719
Donor_1491,microglial cell,M,73.0,71.89467300827245,70.52385889272324
Donor_1491,oligodendrocyte,M,73.0,59.55711842006184,60.2584179601249
Donor_1491,oligodendrocyte precursor cell,M,73.0,52.45054931544509,75.26022188012124
Donor_1491,pvalb GABAergic interneuron,M,73.0,63.163756282615836,62.93850095565084
Donor_1491,sst GABAergic interneuron,M,73.0,76.07289619509385,67.04097336294433
Donor_1494,GABAergic neuron,H,40.0,64.87531441304283,55.794219621878895
Donor_1494,L2/3 intratelencephalic projecting glutamatergic neuron,H,40.0,55.083005073619454,45.209009567061265
Donor_1494,L2/3-6 intratelencephalic projecting glutamatergic neuron,H,40.0,59.073415964520706,50.287630975260434
Donor_1494,L5/6 near-projecting glutamatergic neuron,H,40.0,66.2331672644178,56.300648965179775
Donor_1494,VIP GABAergic interneuron,H,40.0,59.89403497284558,50.98400680133936
Donor_1494,astrocyte,H,40.0,58.462623014886546,52.30092720616187
Donor_1494,endothelial cell,H,40.0,57.32372253019754,55.91425265437894
Donor_1494,lamp5 GABAergic interneuron,H,40.0,61.22207618806915,66.97836626118924
Donor_1494,microglial cell,H,40.0,55.65097967105718,51.21453728458708
Donor_1494,oligodendrocyte,H,40.0,54.65250338775153,42.894882868075406
Donor_1494,oligodendrocyte precursor cell,H,40.0,55.338319011359786,44.42301475308598
Donor_1494,pericyte,H,40.0,57.5496856135269,55.30922103229998
Donor_1494,pvalb GABAergic interneuron,H,40.0,62.421121778980684,53.98062367315759
Donor_1494,sst GABAergic interneuron,H,40.0,58.15209849004926,45.02188180623986
Donor_1494,vascular leptomeningeal cell,H,40.0,68.085041358023,58.45075322915487
Donor_156,L2/3 intratelencephalic projecting glutamatergic neuron,M,53.0,51.50294768493022,69.52468787980095
Donor_156,L2/3-6 intratelencephalic projecting glutamatergic neuron,M,53.0,71.85005553295034,78.17789936230007
Donor_156,VIP GABAergic interneuron,M,53.0,58.01695185046906,54.38598748343476
Donor_156,astrocyte,M,53.0,45.6802494447235,44.28753263300642
Donor_156,lamp5 GABAergic interneuron,M,53.0,60.13798513606234,39.696555137018294
Donor_156,microglial cell,M,53.0,53.570147505428544,61.279021807298015
Donor_156,oligodendrocyte,M,53.0,57.81016360133049,51.462744457326096
Donor_156,oligodendrocyte precursor cell,M,53.0,70.76601046998513,64.3613062589846
Donor_156,pvalb GABAergic interneuron,M,53.0,49.60611106127086,60.98931645707391
Donor_156,sst GABAergic interneuron,M,53.0,35.21791474203405,38.09347674522394
Donor_173,GABAergic neuron,H,24.0,54.04112909609717,44.212348678265435
Donor_173,L2/3 intratelencephalic projecting glutamatergic neuron,H,24.0,42.260581640946654,23.947386068542095
Donor_173,L2/3-6 intratelencephalic projecting glutamatergic neuron,H,24.0,48.43393132053422,34.91264719468431
Donor_173,VIP GABAergic interneuron,H,24.0,53.696272937524384,41.80871695905924
Donor_173,astrocyte,H,24.0,49.395843977217055,35.10327407395654
Donor_173,endothelial cell,H,24.0,63.8259018344688,50.99337900509077
Donor_173,lamp5 GABAergic interneuron,H,24.0,58.68443813719349,54.33242559038292
Donor_173,microglial cell,H,24.0,54.483594256341256,49.41726365757134
Donor_173,oligodendrocyte,H,24.0,52.82379799018943,32.040489025854555
Donor_173,oligodendrocyte precursor cell,H,24.0,51.40797150401706,32.9387485446299
Donor_173,pvalb GABAergic interneuron,H,24.0,55.51527003796154,41.80837483396979
Donor_173,sst GABAergic interneuron,H,24.0,57.32236353204523,32.88491456298612
Donor_173,vascular leptomeningeal cell,H,24.0,70.53885618616879,62.52795239386434
Donor_175,GABAergic neuron,H,57.0,58.571383074006306,60.19585170254992
Donor_175,L2/3 intratelencephalic projecting glutamatergic neuron,H,57.0,59.73143228738759,57.03338791178065
Donor_175,L2/3-6 intratelencephalic projecting glutamatergic neuron,H,57.0,57.802047348824026,59.108382474189284
Donor_175,L5/6 near-projecting glutamatergic neuron,H,57.0,60.26112751104176,57.42934931974359
Donor_175,L6 corticothalamic-projecting glutamatergic cortical neuron,H,57.0,61.75264564697304,61.80858880890198
Donor_175,L6 intratelencephalic projecting glutamatergic neuron,H,57.0,58.18711701407353,65.66100420758342
Donor_175,L6b glutamatergic neuron of the primary motor cortex,H,57.0,61.213853373932764,62.808568179128244
Donor_175,VIP GABAergic interneuron,H,57.0,58.587364817182234,60.24151868463828
Donor_175,astrocyte,H,57.0,62.32025140355149,58.41081536759566
Donor_175,endothelial cell,H,57.0,60.73063274638728,52.04643750517165
Donor_175,lamp5 GABAergic interneuron,H,57.0,55.955753063950134,60.13657393008642
Donor_175,microglial cell,H,57.0,52.4406922680982,51.9308533761508
Donor_175,oligodendrocyte,H,57.0,56.85506674448487,64.12989674004108
Donor_175,oligodendrocyte precursor cell,H,57.0,56.26762094601766,52.43654912573207
Donor_175,pericyte,H,57.0,63.6387620178207,62.75505030279701
Donor_175,pvalb GABAergic interneuron,H,57.0,51.82151698881184,57.56819228859581
Donor_175,sst GABAergic interneuron,H,57.0,57.769334222555216,54.9561915498121
Donor_175,vascular leptomeningeal cell,H,57.0,63.88286741119312,62.6632726303596
Donor_176,GABAergic neuron,M,56.0,59.36639228313128,58.97855970096225
Donor_176,L2/3 intratelencephalic projecting glutamatergic neuron,M,56.0,58.21834225552951,60.866824500277275
Donor_176,L2/3-6 intratelencephalic projecting glutamatergic neuron,M,56.0,59.57782175205932,60.93758093840867
Donor_176,L5/6 near-projecting glutamatergic neuron,M,56.0,50.51687723835399,58.29512996194093
Donor_176,L6 corticothalamic-projecting glutamatergic cortical neuron,M,56.0,54.25214816737213,61.02332782963801
Donor_176,L6 intratelencephalic projecting glutamatergic neuron,M,56.0,62.43559826207948,68.60130173107034
Donor_176,L6b glutamatergic neuron of the primary motor cortex,M,56.0,67.19184858413817,59.02480263735528
Donor_176,VIP GABAergic interneuron,M,56.0,59.8873846557084,57.64611214620409
Donor_176,astrocyte,M,56.0,60.880126718235005,63.864945414494485
Donor_176,endothelial cell,M,56.0,62.0519242570638,69.23141130151794
Donor_176,lamp5 GABAergic interneuron,M,56.0,56.19631623263195,58.39830408543182
Donor_176,microglial cell,M,56.0,50.121147572101634,53.50174385997063
Donor_176,oligodendrocyte,M,56.0,51.80727269653902,57.04989729806804
Donor_176,oligodendrocyte precursor cell,M,56.0,48.95744287396005,54.65581880952675
Donor_176,pvalb GABAergic interneuron,M,56.0,59.237578806696035,53.008593822939744
Donor_176,sst GABAergic interneuron,M,56.0,62.27207734227559,55.41419143088453
Donor_177,GABAergic neuron,M,28.0,41.20127335025598,39.2588850812479
Donor_177,L2/3 intratelencephalic projecting glutamatergic neuron,M,28.0,36.01243617212428,24.837132817360693
Donor_177,L2/3-6 intratelencephalic projecting glutamatergic neuron,M,28.0,37.40908299681942,26.24802551640478
Donor_177,VIP GABAergic interneuron,M,28.0,39.992507228043216,27.47991011256303
Donor_177,astrocyte,M,28.0,40.073053564928856,39.04022126126297
Donor_177,endothelial cell,M,28.0,32.821654221181234,35.58764958016122
Donor_177,lamp5 GABAergic interneuron,M,28.0,35.244526684672806,34.44822965293145
Donor_177,microglial cell,M,28.0,39.629449154209865,38.496826399431384
Donor_177,oligodendrocyte,M,28.0,38.56419661832916,38.36665234996578
Donor_177,oligodendrocyte precursor cell,M,28.0,38.62916360805274,24.293046914848503
Donor_177,pericyte,M,28.0,40.05023600158916,48.80529213024329
Donor_177,pvalb GABAergic interneuron,M,28.0,34.77376717490971,36.77485028370528
Donor_177,sst GABAergic interneuron,M,28.0,41.544540144579344,33.10489844873343
Donor_177,vascular leptomeningeal cell,M,28.0,44.8930074198272,39.37441974916403
Donor_180,GABAergic neuron,H,20.0,50.460838368789794,43.98941706760791
Donor_180,L2/3 intratelencephalic projecting glutamatergic neuron,H,20.0,30.756386640242535,17.498120194044752
Donor_180,L2/3-6 intratelencephalic projecting glutamatergic neuron,H,20.0,33.086293960613865,15.952794838594599
Donor_180,L5/6 near-projecting glutamatergic neuron,H,20.0,46.38604982739276,51.31264922423259
Donor_180,L6 corticothalamic-projecting glutamatergic cortical neuron,H,20.0,48.771150803494706,37.57501758325207
Donor_180,L6 intratelencephalic projecting glutamatergic neuron,H,20.0,43.22250633240399,43.24481569837428
Donor_180,L6b glutamatergic neuron of the primary motor cortex,H,20.0,42.96973600450575,36.60933315455647
Donor_180,VIP GABAergic interneuron,H,20.0,46.364112295815175,36.84709031299164
Donor_180,astrocyte,H,20.0,45.28299974296003,32.14612003349202
Donor_180,endothelial cell,H,20.0,46.59364376085235,56.3894404974814
Donor_180,lamp5 GABAergic interneuron,H,20.0,48.668762786467596,47.71242835383842
Donor_180,microglial cell,H,20.0,54.817345701447586,47.79776438943605
Donor_180,oligodendrocyte,H,20.0,50.02883840264975,42.10247390312781
Donor_180,oligodendrocyte precursor cell,H,20.0,47.75283390120653,31.65035758851286
Donor_180,pericyte,H,20.0,52.11858635301156,51.88634570850675
Donor_180,pvalb GABAergic interneuron,H,20.0,49.574282603826816,35.55535795255783
Donor_180,sst GABAergic interneuron,H,20.0,45.65891504428775,35.70279171632842
Donor_180,vascular leptomeningeal cell,H,20.0,63.356469329601644,60.175243164342604
Donor_2,GABAergic neuron,M,42.0,36.12298375642165,26.500585670414694
Donor_2,L2/3 intratelencephalic projecting glutamatergic neuron,M,42.0,35.4278165017806,21.65133719966356
Donor_2,L2/3-6 intratelencephalic projecting glutamatergic neuron,M,42.0,29.5841378990513,18.189144000211435
Donor_2,L5/6 near-projecting glutamatergic neuron,M,42.0,39.904440172644634,40.52069246106314
Donor_2,L6 corticothalamic-projecting glutamatergic cortical neuron,M,42.0,31.91708621236733,25.096916733697945
Donor_2,L6 intratelencephalic projecting glutamatergic neuron,M,42.0,34.49354207144503,27.433359713016344
Donor_2,L6b glutamatergic neuron of the primary motor cortex,M,42.0,42.211018922868085,27.054246663934258
Donor_2,VIP GABAergic interneuron,M,42.0,30.688718494783817,27.28688731020863
Donor_2,endothelial cell,M,42.0,56.24674209513206,38.95561956703282
Donor_2,lamp5 GABAergic interneuron,M,42.0,33.49382782025164,30.062282307758807
Donor_2,microglial cell,M,42.0,38.98148717745712,29.926440182468312
Donor_2,oligodendrocyte,M,42.0,57.59541219787292,9.269959442050322
Donor_2,oligodendrocyte precursor cell,M,42.0,37.97089470839303,26.67232511809412
Donor_2,pericyte,M,42.0,44.50406666962801,35.44484888485952
Donor_2,pvalb GABAergic interneuron,M,42.0,33.66963837012953,20.362122695722572
Donor_2,smooth muscle cell,M,42.0,43.229083971027976,39.036755328455705
Donor_2,sst GABAergic interneuron,M,42.0,28.877945711776263,29.453770420221595
Donor_20,GABAergic neuron,H,40.0,58.00988287306649,53.82313542771192
Donor_20,L2/3 intratelencephalic projecting glutamatergic neuron,H,40.0,60.27987860467467,56.80320802276843
Donor_20,L2/3-6 intratelencephalic projecting glutamatergic neuron,H,40.0,64.49857760889927,59.15166761025639
Donor_20,L5/6 near-projecting glutamatergic neuron,H,40.0,63.72434810131552,59.76666397661375
Donor_20,L6 corticothalamic-projecting glutamatergic cortical neuron,H,40.0,63.89995446604773,54.07877038105934
Donor_20,L6 intratelencephalic projecting glutamatergic neuron,H,40.0,62.10510319158862,53.37510662289817
Donor_20,L6b glutamatergic neuron of the primary motor cortex,H,40.0,60.64569556320842,54.28647633289254
Donor_20,VIP GABAergic interneuron,H,40.0,60.05009092417227,54.36784034751864
Donor_20,astrocyte,H,40.0,61.53468592811309,53.62553948735654
Donor_20,endothelial cell,H,40.0,55.51485637648923,56.24176037404068
Donor_20,lamp5 GABAergic interneuron,H,40.0,63.32053986548098,60.54542229605207
Donor_20,microglial cell,H,40.0,56.844387040951204,53.054969474253696
Donor_20,oligodendrocyte,H,40.0,70.52339215597114,53.51370689515096
Donor_20,oligodendrocyte precursor cell,H,40.0,60.81897991215489,55.594867497925904
Donor_20,pericyte,H,40.0,59.2651161401466,59.06218026525223
Donor_20,pvalb GABAergic interneuron,H,40.0,61.042038756012815,54.494316795439076
Donor_20,sst GABAergic interneuron,H,40.0,62.275432971128794,48.911916335336414
Donor_200,GABAergic neuron,M,58.0,53.104147483397085,51.55103055330361
Donor_200,L2/3 intratelencephalic projecting glutamatergic neuron,M,58.0,55.211225895171054,50.39600173593633
Donor_200,L2/3-6 intratelencephalic projecting glutamatergic neuron,M,58.0,53.055183047729436,49.064261650859734
Donor_200,L6 corticothalamic-projecting glutamatergic cortical neuron,M,58.0,46.25396906515354,52.04871007541117
Donor_200,VIP GABAergic interneuron,M,58.0,53.18936852667771,52.200629882615125
Donor_200,astrocyte,M,58.0,47.76095100054277,52.66141526707795
Donor_200,lamp5 GABAergic interneuron,M,58.0,51.285669538472554,48.00789435190579
Donor_200,microglial cell,M,58.0,52.32257153811971,55.90605200318827
Donor_200,oligodendrocyte,M,58.0,55.57723694405982,63.273743150264224
Donor_200,oligodendrocyte precursor cell,M,58.0,54.47093506376378,54.83638801830803
Donor_200,pericyte,M,58.0,42.20310322266263,48.52777883843713
Donor_200,pvalb GABAergic interneuron,M,58.0,45.841468619848854,47.49134902057561
Donor_200,sst GABAergic interneuron,M,58.0,52.677263030161946,55.63559565601873
Donor_205,GABAergic neuron,H,38.0,56.41876930185045,47.54180530569494
Donor_205,L2/3 intratelencephalic projecting glutamatergic neuron,H,38.0,50.493898076231645,43.51129115191685
Donor_205,L2/3-6 intratelencephalic projecting glutamatergic neuron,H,38.0,62.83706599993182,49.10417808860272
Donor_205,L6 corticothalamic-projecting glutamatergic cortical neuron,H,38.0,64.03347892938845,61.00474169717484
Donor_205,L6 intratelencephalic projecting glutamatergic neuron,H,38.0,69.07936683232079,59.49184571702069
Donor_205,VIP GABAergic interneuron,H,38.0,54.60034618959659,44.870339727195756
Donor_205,astrocyte,H,38.0,46.0859154987408,56.46890334437242
Donor_205,endothelial cell,H,38.0,59.29172851240327,47.05990994015676
Donor_205,lamp5 GABAergic interneuron,H,38.0,53.04401819222568,49.84911073619952
Donor_205,oligodendrocyte,H,38.0,49.789135026712074,47.89288224109924
Donor_205,oligodendrocyte precursor cell,H,38.0,62.99237312517682,44.465188158588944
Donor_205,pvalb GABAergic interneuron,H,38.0,55.35468555515035,50.34767775688348
Donor_205,sst GABAergic interneuron,H,38.0,56.74036587695301,50.06873808453895
Donor_207,GABAergic neuron,M,35.0,46.383645086106405,49.20180332643098
Donor_207,L2/3 intratelencephalic projecting glutamatergic neuron,M,35.0,40.98071762775549,46.191656929175814
Donor_207,L2/3-6 intratelencephalic projecting glutamatergic neuron,M,35.0,33.01915062504632,39.12185589076445
Donor_207,L5/6 near-projecting glutamatergic neuron,M,35.0,38.114662614255494,48.961704459778616
Donor_207,L6 corticothalamic-projecting glutamatergic cortical neuron,M,35.0,43.78264862346273,51.144643379655115
Donor_207,L6 intratelencephalic projecting glutamatergic neuron,M,35.0,39.7646241284424,47.32797029825306
Donor_207,L6b glutamatergic neuron of the primary motor cortex,M,35.0,51.22226505751473,55.04117838776529
Donor_207,VIP GABAergic interneuron,M,35.0,44.13648555689577,51.72651130197669
Donor_207,astrocyte,M,35.0,54.616710209565426,38.41755754810064
Donor_207,endothelial cell,M,35.0,47.91055236376992,57.27056019630824
Donor_207,lamp5 GABAergic interneuron,M,35.0,44.84155593836823,46.22618380756855
Donor_207,microglial cell,M,35.0,44.7065946865445,46.23586049855813
Donor_207,oligodendrocyte,M,35.0,39.8906571447658,42.64624592821708
Donor_207,oligodendrocyte precursor cell,M,35.0,48.28512750278361,44.31391413515689
Donor_207,pvalb GABAergic interneuron,M,35.0,39.270348480166305,50.83338632732407
Donor_207,sst GABAergic interneuron,M,35.0,40.7179758484999,46.53136891251232
Donor_211,GABAergic neuron,H,48.0,60.8235442952143,58.484649843078586
Donor_211,L2/3 intratelencephalic projecting glutamatergic neuron,H,48.0,52.145348368115386,51.65339144890666
Donor_211,L2/3-6 intratelencephalic projecting glutamatergic neuron,H,48.0,55.90167518058844,55.45048549763676
Donor_211,L5/6 near-projecting glutamatergic neuron,H,48.0,47.46991839278198,47.062448339752365
Donor_211,VIP GABAergic interneuron,H,48.0,60.33599598774146,54.610623796565264
Donor_211,astrocyte,H,48.0,66.56687585961053,55.913470273812486
Donor_211,endothelial cell,H,48.0,50.60774082595575,48.32388299347871
Donor_211,lamp5 GABAergic interneuron,H,48.0,57.09905827701702,51.80839122872844
Donor_211,microglial cell,H,48.0,60.90588736849659,61.41332453692193
Donor_211,oligodendrocyte,H,48.0,58.179263575732996,52.0817607868907
Donor_211,oligodendrocyte precursor cell,H,48.0,48.80574925537932,51.17021957412299
Donor_211,pericyte,H,48.0,52.1559595335854,55.507313907225786
Donor_211,perivascular macrophage,H,48.0,62.03275976527319,64.15003494171475
Donor_211,pvalb GABAergic interneuron,H,48.0,54.21498451479167,47.9883741519829
Donor_211,sst GABAergic interneuron,H,48.0,55.207031808371084,45.90039701422149
Donor_213,L2/3-6 intratelencephalic projecting glutamatergic neuron,H,46.0,59.05606447572681,67.54405386371923
Donor_213,L6 corticothalamic-projecting glutamatergic cortical neuron,H,46.0,61.55367367664113,55.25284533428675
Donor_213,VIP GABAergic interneuron,H,46.0,59.796471783003874,53.15050581933104
Donor_213,astrocyte,H,46.0,59.80822970572527,53.595733977415
Donor_213,endothelial cell,H,46.0,61.138713948853955,63.76275747061979
Donor_213,lamp5 GABAergic interneuron,H,46.0,67.61423790356152,64.93319929195135
Donor_213,microglial cell,H,46.0,62.255334975660844,60.70619650652415
Donor_213,oligodendrocyte,H,46.0,58.60768494229282,57.15867862223706
Donor_213,oligodendrocyte precursor cell,H,46.0,58.146620447939654,60.59132811128468
Donor_213,pvalb GABAergic interneuron,H,46.0,59.61016107570465,54.5228364990514
Donor_213,sst GABAergic interneuron,H,46.0,67.64590061718569,71.54199165842951
Donor_227,GABAergic neuron,M,48.0,53.082462976251946,37.208537193704714
Donor_227,L2/3 intratelencephalic projecting glutamatergic neuron,M,48.0,60.550451460677394,49.74356837827679
Donor_227,L2/3-6 intratelencephalic projecting glutamatergic neuron,M,48.0,42.82480469115444,51.57311099570371
Donor_227,VIP GABAergic interneuron,M,48.0,41.64819261902051,49.98529713491142
Donor_227,astrocyte,M,48.0,45.56780081888381,53.28194789683064
Donor_227,lamp5 GABAergic interneuron,M,48.0,42.42505844720352,50.92810951550148
Donor_227,microglial cell,M,48.0,50.685673274222694,49.56304086972113
Donor_227,oligodendrocyte,M,48.0,50.20921330019719,48.72746510046465
Donor_227,oligodendrocyte precursor cell,M,48.0,48.462969820090194,54.2683821479442
Donor_227,sst GABAergic interneuron,M,48.0,42.619038306514184,47.99401806099457
Donor_231,L2/3 intratelencephalic projecting glutamatergic neuron,H,59.0,67.02767781061237,69.26580648690599
Donor_231,L2/3-6 intratelencephalic projecting glutamatergic neuron,H,59.0,56.46288561679429,61.72843498193212
Donor_231,L5/6 near-projecting glutamatergic neuron,H,59.0,58.58834780260072,63.85193245911323
Donor_231,L6 corticothalamic-projecting glutamatergic cortical neuron,H,59.0,63.14159935647105,61.24109139082727
Donor_231,L6 intratelencephalic projecting glutamatergic neuron,H,59.0,61.771514025759764,58.49816471101955
Donor_231,L6b glutamatergic neuron of the primary motor cortex,H,59.0,62.77169336975277,57.125650913443906
Donor_231,VIP GABAergic interneuron,H,59.0,60.38990439781165,52.74841163240313
Donor_231,astrocyte,H,59.0,57.76904587755725,54.30939917246167
Donor_231,endothelial cell,H,59.0,59.38320969236212,62.753773475196084
Donor_231,lamp5 GABAergic interneuron,H,59.0,66.97524450813313,65.89979999138848
Donor_231,microglial cell,H,59.0,68.33841730855536,71.35119681717781
Donor_231,oligodendrocyte,H,59.0,59.628947545318944,61.87878966316998
Donor_231,oligodendrocyte precursor cell,H,59.0,74.00135234725028,77.31245346099305
Donor_231,pericyte,H,59.0,61.37128268253731,61.839081774287294
Donor_231,pvalb GABAergic interneuron,H,59.0,62.26831219536738,62.425343048560634
Donor_231,sst GABAergic interneuron,H,59.0,68.17129968755609,69.81492959953368
Donor_232,GABAergic neuron,H,78.0,74.94586505350487,71.91855772993328
Donor_232,L2/3 intratelencephalic projecting glutamatergic neuron,H,78.0,73.67287579667712,68.50673259949859
Donor_232,L2/3-6 intratelencephalic projecting glutamatergic neuron,H,78.0,73.08213102692675,68.60335152652011
Donor_232,L5/6 near-projecting glutamatergic neuron,H,78.0,67.59899414264054,66.51374089724295
Donor_232,L6 corticothalamic-projecting glutamatergic cortical neuron,H,78.0,60.176658825778574,63.917031313703234
Donor_232,L6 intratelencephalic projecting glutamatergic neuron,H,78.0,64.64914192327063,70.37540133408943
Donor_232,L6b glutamatergic neuron of the primary motor cortex,H,78.0,66.27331080555687,63.19459721114413
Donor_232,VIP GABAergic interneuron,H,78.0,78.33133419438671,70.401525861428
Donor_232,astrocyte,H,78.0,70.50522420213537,67.40775219800186
Donor_232,endothelial cell,H,78.0,60.20327408213494,45.59787865442306
Donor_232,lamp5 GABAergic interneuron,H,78.0,70.2962483471207,65.11202755480035
Donor_232,microglial cell,H,78.0,57.77955305255862,60.36051221704357
Donor_232,oligodendrocyte,H,78.0,66.33531093872313,64.25553156122209
Donor_232,oligodendrocyte precursor cell,H,78.0,59.04502895558142,63.8126941736037
Donor_232,pericyte,H,78.0,58.09679910544272,56.16787914909563
Donor_232,pvalb GABAergic interneuron,H,78.0,61.07199125227072,68.22289820122442
Donor_232,smooth muscle cell,H,78.0,,
Donor_232,sst GABAergic interneuron,H,78.0,72.47490220053506,63.387767307723884
Donor_232,vascular leptomeningeal cell,H,78.0,55.893624875716206,51.12500149353167
Donor_238,GABAergic neuron,H,45.0,58.552415916260344,60.44307432139545
Donor_238,L2/3 intratelencephalic projecting glutamatergic neuron,H,45.0,55.47619561514249,57.70605280579904
Donor_238,L2/3-6 intratelencephalic projecting glutamatergic neuron,H,45.0,55.135909893767426,57.93878613146824
Donor_238,L5/6 near-projecting glutamatergic neuron,H,45.0,57.008608011056985,60.56564417198377
Donor_238,L6 corticothalamic-projecting glutamatergic cortical neuron,H,45.0,57.33035457895748,55.715534475974344
Donor_238,L6 intratelencephalic projecting glutamatergic neuron,H,45.0,60.38725590155743,57.78558163904909
Donor_238,L6b glutamatergic neuron of the primary motor cortex,H,45.0,58.13282996498255,61.55486674682388
Donor_238,VIP GABAergic interneuron,H,45.0,56.20852339069171,60.75480952418144
Donor_238,astrocyte,H,45.0,58.49832926246719,55.76487122402446
Donor_238,endothelial cell,H,45.0,56.174769400898874,49.23566999664837
Donor_238,lamp5 GABAergic interneuron,H,45.0,56.45906565870996,59.36211851064752
Donor_238,microglial cell,H,45.0,54.07114619259333,51.83840969083538
Donor_238,oligodendrocyte,H,45.0,56.679321855573065,53.12095247752242
Donor_238,oligodendrocyte precursor cell,H,45.0,49.48221735234668,49.10246966033311
Donor_238,pericyte,H,45.0,57.62730419676043,62.96480319070597
Donor_238,pvalb GABAergic interneuron,H,45.0,60.25545219660113,59.60903244891889
Donor_238,sst GABAergic interneuron,H,45.0,59.06876110602208,60.59424375146277
Donor_238,vascular leptomeningeal cell,H,45.0,56.93736686676896,58.61727850627256
Donor_245,GABAergic neuron,M,75.0,60.67259796464794,56.505916868290896
Donor_245,L2/3 intratelencephalic projecting glutamatergic neuron,M,75.0,65.99882283530981,64.29733675089801
Donor_245,L2/3-6 intratelencephalic projecting glutamatergic neuron,M,75.0,56.60304029871165,58.26865510236859
Donor_245,L5/6 near-projecting glutamatergic neuron,M,75.0,61.70078284966941,64.0549903321988
Donor_245,L6 corticothalamic-projecting glutamatergic cortical neuron,M,75.0,49.101125310861704,56.35555110677752
Donor_245,VIP GABAergic interneuron,M,75.0,50.26377971815788,52.896328911433926
Donor_245,astrocyte,M,75.0,50.87537730035143,59.02900602965327
Donor_245,endothelial cell,M,75.0,52.25414690456257,53.16093901424905
Donor_245,lamp5 GABAergic interneuron,M,75.0,54.57628244998899,49.76078178218934
Donor_245,microglial cell,M,75.0,45.37259550889176,49.88626639293327
Donor_245,oligodendrocyte,M,75.0,52.50741894850792,64.20440526122616
Donor_245,oligodendrocyte precursor cell,M,75.0,51.609751279066764,61.14029485565325
Donor_245,pericyte,M,75.0,46.62326495121458,53.09930759974134
Donor_245,pvalb GABAergic interneuron,M,75.0,54.61570559951798,59.348422971291185
Donor_245,sst GABAergic interneuron,M,75.0,51.83415566235307,57.7244261690484
Donor_267,GABAergic neuron,H,27.0,59.89557589151215,55.350730513552776
Donor_267,L2/3 intratelencephalic projecting glutamatergic neuron,H,27.0,50.95518330216544,26.873666601939135
Donor_267,L2/3-6 intratelencephalic projecting glutamatergic neuron,H,27.0,40.95909085967648,23.527601455689137
Donor_267,L6 intratelencephalic projecting glutamatergic neuron,H,27.0,53.6141607588555,44.22346077897862
Donor_267,VIP GABAergic interneuron,H,27.0,55.942415875358265,37.260733632503516
Donor_267,astrocyte,H,27.0,55.7729092970971,41.17976812523868
Donor_267,endothelial cell,H,27.0,57.31994785064969,53.771179541816316
Donor_267,lamp5 GABAergic interneuron,H,27.0,55.58660650251734,51.188643289393475
Donor_267,microglial cell,H,27.0,61.327274220619096,52.164013152385124
Donor_267,oligodendrocyte,H,27.0,66.04941976569583,44.09522897367473
Donor_267,oligodendrocyte precursor cell,H,27.0,62.40984539767653,41.87368939635629
Donor_267,pvalb GABAergic interneuron,H,27.0,55.86441172774718,42.080192975610004
Donor_267,sst GABAergic interneuron,H,27.0,53.746232991958465,31.217274651383924
Donor_27,GABAergic neuron,M,89.0,59.77064402703016,64.89564513810107
Donor_27,L2/3 intratelencephalic projecting glutamatergic neuron,M,89.0,73.72358338347593,83.40895295104283
Donor_27,L2/3-6 intratelencephalic projecting glutamatergic neuron,M,89.0,67.40398720162713,73.11415641736701
Donor_27,VIP GABAergic interneuron,M,89.0,60.655733463928115,65.44333565564207
Donor_27,astrocyte,M,89.0,60.15093590146751,79.21066017622016
Donor_27,lamp5 GABAergic interneuron,M,89.0,58.475724766365126,71.1122142367743
Donor_27,microglial cell,M,89.0,55.78716916532845,59.3212953538436
Donor_27,oligodendrocyte,M,89.0,57.6962864720014,71.8660025934122
Donor_27,oligodendrocyte precursor cell,M,89.0,61.844298256269504,92.88705495517095
Donor_27,perivascular macrophage,M,89.0,38.18267251391768,37.29986914339755
Donor_27,pvalb GABAergic interneuron,M,89.0,68.35684064012956,72.95595269874964
Donor_27,sst GABAergic interneuron,M,89.0,53.40147966348333,54.116835183722614
Donor_27,vascular leptomeningeal cell,M,89.0,40.44282109596244,56.956816275761945
Donor_287,GABAergic neuron,M,64.0,52.98388308091998,61.31198754058449
Donor_287,L2/3 intratelencephalic projecting glutamatergic neuron,M,64.0,67.29599800046893,66.55459153534046
Donor_287,L2/3-6 intratelencephalic projecting glutamatergic neuron,M,64.0,66.18790763579216,63.851535244450936
Donor_287,L5/6 near-projecting glutamatergic neuron,M,64.0,64.29815114774803,66.64337826573961
Donor_287,L6 corticothalamic-projecting glutamatergic cortical neuron,M,64.0,62.238981277944916,66.10766088322605
Donor_287,L6 intratelencephalic projecting glutamatergic neuron,M,64.0,60.99578464797392,72.86542006281391
Donor_287,L6b glutamatergic neuron of the primary motor cortex,M,64.0,62.34561250332331,62.52931906424752
Donor_287,VIP GABAergic interneuron,M,64.0,58.78084841117767,59.34494756147985
Donor_287,astrocyte,M,64.0,47.05947199106885,55.0527934916262
Donor_287,endothelial cell,M,64.0,52.76715264947692,55.23123588651793
Donor_287,lamp5 GABAergic interneuron,M,64.0,62.04789203328659,73.8193455833686
Donor_287,microglial cell,M,64.0,41.77424081826479,52.47614612408119
Donor_287,oligodendrocyte,M,64.0,51.26380182138496,66.52900453079619
Donor_287,oligodendrocyte precursor cell,M,64.0,53.69062239814167,58.30018024610075
Donor_287,pericyte,M,64.0,43.40669344923314,46.9502201392477
Donor_287,pvalb GABAergic interneuron,M,64.0,60.247029108667206,63.770010497284595
Donor_287,sst GABAergic interneuron,M,64.0,55.98641509703644,65.08534256486189
Donor_288,GABAergic neuron,M,41.0,42.65991676571312,36.19616987437816
Donor_288,L2/3 intratelencephalic projecting glutamatergic neuron,M,41.0,54.80717330176982,47.68007683552613
Donor_288,L2/3-6 intratelencephalic projecting glutamatergic neuron,M,41.0,37.62401811726668,45.2951252094637
Donor_288,VIP GABAergic interneuron,M,41.0,43.96057441568309,42.99976722520289
Donor_288,astrocyte,M,41.0,42.166844064494384,54.307558948187435
Donor_288,endothelial cell,M,41.0,46.49193511131635,43.287989913351836
Donor_288,lamp5 GABAergic interneuron,M,41.0,38.84968082334578,50.972117077129916
Donor_288,microglial cell,M,41.0,50.83827040777321,47.15420152778769
Donor_288,oligodendrocyte,M,41.0,38.41229268558057,44.08066874047775
Donor_288,oligodendrocyte precursor cell,M,41.0,42.89035765831506,57.49115869690347
Donor_288,pericyte,M,41.0,44.70566745661535,35.69531408323195
Donor_288,pvalb GABAergic interneuron,M,41.0,48.872564303609295,47.587033132224164
Donor_288,sst GABAergic interneuron,M,41.0,34.353491169035806,46.79058522225016
Donor_291,GABAergic neuron,H,30.0,56.272884597087284,51.9758309822425
Donor_291,L2/3 intratelencephalic projecting glutamatergic neuron,H,30.0,58.62781051730137,41.70591667819759
Donor_291,L2/3-6 intratelencephalic projecting glutamatergic neuron,H,30.0,64.42628235083473,50.9092061172783
Donor_291,VIP GABAergic interneuron,H,30.0,59.8592078593772,54.02431717712954
Donor_291,astrocyte,H,30.0,58.89677613619379,43.95328562958168
Donor_291,endothelial cell,H,30.0,52.463281776054664,57.87844253284037
Donor_291,lamp5 GABAergic interneuron,H,30.0,52.93311258975376,52.374649670491834
Donor_291,microglial cell,H,30.0,60.96124405330003,47.425515703225855
Donor_291,oligodendrocyte,H,30.0,59.265447907819414,52.56945717199961
Donor_291,oligodendrocyte precursor cell,H,30.0,59.12225800499364,50.03872194296023
Donor_291,pericyte,H,30.0,50.674429440278715,60.33888523776415
Donor_291,perivascular macrophage,H,30.0,65.00063349398584,71.05991224282052
Donor_291,pvalb GABAergic interneuron,H,30.0,54.86786943516642,59.48292270307405
Donor_291,sst GABAergic interneuron,H,30.0,55.49217050511318,42.239752214295905
Donor_291,vascular leptomeningeal cell,H,30.0,62.27210029229626,63.78811284518074
Donor_307,GABAergic neuron,M,56.0,50.071929580631725,45.617560787208625
Donor_307,L2/3 intratelencephalic projecting glutamatergic neuron,M,56.0,42.58518662081573,46.113532045206625
Donor_307,L2/3-6 intratelencephalic projecting glutamatergic neuron,M,56.0,39.65110893837217,42.87955712134779
Donor_307,L5/6 near-projecting glutamatergic neuron,M,56.0,40.00457512569104,42.33855227550971
Donor_307,L6 corticothalamic-projecting glutamatergic cortical neuron,M,56.0,44.7164377344462,44.6885557442338
Donor_307,L6 intratelencephalic projecting glutamatergic neuron,M,56.0,43.38960979480997,44.116997570634396
Donor_307,L6b glutamatergic neuron of the primary motor cortex,M,56.0,44.90542294229262,50.32023962402595
Donor_307,VIP GABAergic interneuron,M,56.0,42.3660822888492,42.913277413484
Donor_307,astrocyte,M,56.0,45.74115251037449,47.501014246259
Donor_307,endothelial cell,M,56.0,43.72994766259562,40.77164154706907
Donor_307,lamp5 GABAergic interneuron,M,56.0,40.78739647774821,47.95513655158023
Donor_307,microglial cell,M,56.0,37.785663140385296,52.589834875068696
Donor_307,oligodendrocyte,M,56.0,45.221864236626324,47.138143511770714
Donor_307,oligodendrocyte precursor cell,M,56.0,40.1598297341799,51.83449389692166
Donor_307,pericyte,M,56.0,39.40593811745021,43.75900937112567
Donor_307,pvalb GABAergic interneuron,M,56.0,43.49867124907151,47.39314712806646
Donor_307,sst GABAergic interneuron,M,56.0,47.3973015146626,49.285138452393596
Donor_313,GABAergic neuron,H,58.0,60.444052826379924,58.938244511404676
Donor_313,L2/3 intratelencephalic projecting glutamatergic neuron,H,58.0,58.978432381736994,57.46892101405734
Donor_313,L2/3-6 intratelencephalic projecting glutamatergic neuron,H,58.0,58.41232106222934,52.10743080685935
Donor_313,L6 intratelencephalic projecting glutamatergic neuron,H,58.0,66.34914415282488,59.769817825641425
Donor_313,VIP GABAergic interneuron,H,58.0,61.84623347284826,62.083450747902134
Donor_313,astrocyte,H,58.0,59.02035903044744,51.60397329557185
Donor_313,endothelial cell,H,58.0,59.24933463085674,50.69109696992604
Donor_313,lamp5 GABAergic interneuron,H,58.0,60.25020280973251,60.15697348745197
Donor_313,microglial cell,H,58.0,59.73626595267686,49.944793935056964
Donor_313,oligodendrocyte,H,58.0,65.83601842820693,53.88011661076352
Donor_313,oligodendrocyte precursor cell,H,58.0,58.1610758611306,50.165542247909954
Donor_313,pericyte,H,58.0,57.240893605756554,56.736995241649076
Donor_313,pvalb GABAergic interneuron,H,58.0,61.95906736077123,50.490419898301205
Donor_313,sst GABAergic interneuron,H,58.0,63.3519654469494,49.51273823802175
Donor_313,vascular leptomeningeal cell,H,58.0,60.5403170120165,60.05334979403955
Donor_314,GABAergic neuron,H,25.0,61.09322682045275,47.02960689780841
Donor_314,L2/3 intratelencephalic projecting glutamatergic neuron,H,25.0,42.25215555440877,32.81577041101719
Donor_314,L2/3-6 intratelencephalic projecting glutamatergic neuron,H,25.0,47.89598906465466,37.809728549866584
Donor_314,L6 corticothalamic-projecting glutamatergic cortical neuron,H,25.0,56.70534632106085,39.87745070857434
Donor_314,VIP GABAergic interneuron,H,25.0,62.63584344705039,49.23351236713759
Donor_314,astrocyte,H,25.0,53.00978460935286,35.69732079647062
Donor_314,endothelial cell,H,25.0,51.519046008730705,46.37455098726739
Donor_314,lamp5 GABAergic interneuron,H,25.0,63.537969974095766,56.3519198331604
Donor_314,microglial cell,H,25.0,53.70156633514954,46.393541367080594
Donor_314,oligodendrocyte,H,25.0,52.72453150800576,35.92727210019821
Donor_314,oligodendrocyte precursor cell,H,25.0,50.42496738055417,35.41075269790277
Donor_314,pvalb GABAergic interneuron,H,25.0,57.51004701260963,45.16855613826317
Donor_314,sst GABAergic interneuron,H,25.0,55.01635030677059,42.52347320151337
Donor_317,GABAergic neuron,M,75.0,62.476547819827445,65.93823931413277
Donor_317,L2/3 intratelencephalic projecting glutamatergic neuron,M,75.0,65.9288197404133,68.65791708079196
Donor_317,L2/3-6 intratelencephalic projecting glutamatergic neuron,M,75.0,62.20200536106311,69.02681885455098
Donor_317,L5/6 near-projecting glutamatergic neuron,M,75.0,52.742287053323764,61.427553657053494
Donor_317,L6 corticothalamic-projecting glutamatergic cortical neuron,M,75.0,60.375116821319324,68.65261043879322
Donor_317,L6 intratelencephalic projecting glutamatergic neuron,M,75.0,58.44166655138399,69.99593011286782
Donor_317,VIP GABAergic interneuron,M,75.0,64.40681072173713,63.74878450978589
Donor_317,astrocyte,M,75.0,61.48195349087817,71.42758778260765
Donor_317,endothelial cell,M,75.0,42.83801004616448,50.264212405319824
Donor_317,lamp5 GABAergic interneuron,M,75.0,56.6608018488303,68.1844687501777
Donor_317,microglial cell,M,75.0,54.29195645350993,61.795188766048504
Donor_317,oligodendrocyte,M,75.0,52.73289851052303,62.08777675505161
Donor_317,oligodendrocyte precursor cell,M,75.0,57.41945746281153,69.84625946970077
Donor_317,pericyte,M,75.0,45.644904091958495,48.028177858163495
Donor_317,pvalb GABAergic interneuron,M,75.0,57.83540867283766,66.85426416096327
Donor_317,sst GABAergic interneuron,M,75.0,55.124979575048414,67.70133460188335
Donor_325,GABAergic neuron,M,73.0,39.55336953551491,48.0885603663432
Donor_325,L2/3 intratelencephalic projecting glutamatergic neuron,M,73.0,55.198798512398625,61.648224963980326
Donor_325,L2/3-6 intratelencephalic projecting glutamatergic neuron,M,73.0,48.088113032268,59.89656604516301
Donor_325,L5/6 near-projecting glutamatergic neuron,M,73.0,50.67835538172971,56.402857000945275
Donor_325,L6 corticothalamic-projecting glutamatergic cortical neuron,M,73.0,53.626962425441015,56.61262585424288
Donor_325,L6 intratelencephalic projecting glutamatergic neuron,M,73.0,50.90199707789019,59.22342514461994
Donor_325,L6b glutamatergic neuron of the primary motor cortex,M,73.0,42.20044101151737,54.67561898452291
Donor_325,VIP GABAergic interneuron,M,73.0,42.0403753307852,47.83309970739492
Donor_325,astrocyte,M,73.0,51.33547433095951,66.2316190293519
Donor_325,endothelial cell,M,73.0,44.06280425650515,44.6059308359554
Donor_325,lamp5 GABAergic interneuron,M,73.0,38.28241541587744,48.59098813400034
Donor_325,microglial cell,M,73.0,37.10253895962971,35.462445497992384
Donor_325,oligodendrocyte,M,73.0,46.11940889150435,57.869382254013715
Donor_325,oligodendrocyte precursor cell,M,73.0,48.78792779060514,60.65203718293958
Donor_325,pvalb GABAergic interneuron,M,73.0,44.89974178863697,51.8824311422966
Donor_325,sst GABAergic interneuron,M,73.0,37.692345810929815,51.31550622759049
Donor_325,vascular leptomeningeal cell,M,73.0,40.32509228506102,40.00261722572356
Donor_330,L6b glutamatergic neuron of the primary motor cortex,H,23.0,52.49834092307086,49.982041882781175
Donor_330,astrocyte,H,23.0,59.3700714953583,42.18523103736555
Donor_330,endothelial cell,H,23.0,62.34320277656072,52.18372648393101
Donor_330,microglial cell,H,23.0,61.13966887841985,46.77180503433876
Donor_330,oligodendrocyte,H,23.0,52.44612531693347,54.792052012021806
Donor_330,oligodendrocyte precursor cell,H,23.0,52.246567139529816,32.871594078785336
Donor_332,GABAergic neuron,H,48.0,55.45244521220385,56.843968719432034
Donor_332,L2/3 intratelencephalic projecting glutamatergic neuron,H,48.0,54.98113535429905,50.873965987247445
Donor_332,L2/3-6 intratelencephalic projecting glutamatergic neuron,H,48.0,53.61272885412999,52.88954622666934
Donor_332,L5/6 near-projecting glutamatergic neuron,H,48.0,54.411439378836064,56.6361130193365
Donor_332,L6 corticothalamic-projecting glutamatergic cortical neuron,H,48.0,59.53973287090242,58.166942352913495
Donor_332,L6 intratelencephalic projecting glutamatergic neuron,H,48.0,50.705196221317266,53.85669312138833
Donor_332,L6b glutamatergic neuron of the primary motor cortex,H,48.0,57.24823256920189,56.42978501441234
Donor_332,VIP GABAergic interneuron,H,48.0,58.54633697377948,53.08604775050035
Donor_332,astrocyte,H,48.0,53.31657771710043,57.75357843064579
Donor_332,endothelial cell,H,48.0,51.136893761450494,47.120748728425625
Donor_332,lamp5 GABAergic interneuron,H,48.0,47.62749822907934,61.18001993186689
Donor_332,microglial cell,H,48.0,54.50992463903905,56.88005737437715
Donor_332,oligodendrocyte,H,48.0,57.756038578200695,52.544979555557404
Donor_332,oligodendrocyte precursor cell,H,48.0,58.14326607944918,47.657823140938945
Donor_332,pericyte,H,48.0,61.72608364322039,54.80735353562865
Donor_332,perivascular macrophage,H,48.0,67.2395690226395,63.226442393242664
Donor_332,pvalb GABAergic interneuron,H,48.0,57.33921265948354,48.05088874814242
Donor_332,sst GABAergic interneuron,H,48.0,50.00640031575767,54.622458679011814
Donor_332,vascular leptomeningeal cell,H,48.0,68.86149913656962,61.37742763097788
Donor_338,GABAergic neuron,H,46.0,56.95870666776292,59.94433548629953
Donor_338,L2/3 intratelencephalic projecting glutamatergic neuron,H,46.0,57.23858124160719,47.30735802669034
Donor_338,L2/3-6 intratelencephalic projecting glutamatergic neuron,H,46.0,58.17626953635496,53.8826360890989
Donor_338,L5/6 near-projecting glutamatergic neuron,H,46.0,53.682845133646424,56.21672139207831
Donor_338,L6 corticothalamic-projecting glutamatergic cortical neuron,H,46.0,56.072731788602695,52.22273559171764
Donor_338,L6 intratelencephalic projecting glutamatergic neuron,H,46.0,52.59457630257933,50.17732250230377
Donor_338,L6b glutamatergic neuron of the primary motor cortex,H,46.0,54.55081515978233,55.820787866901114
Donor_338,VIP GABAergic interneuron,H,46.0,58.738582641305705,53.53191489089144
Donor_338,astrocyte,H,46.0,62.928172208760934,44.27985384731373
Donor_338,endothelial cell,H,46.0,59.63699560579862,61.23630299091485
Donor_338,lamp5 GABAergic interneuron,H,46.0,50.26449309326928,49.58047494165836
Donor_338,microglial cell,H,46.0,57.344808905822916,54.579597732887066
Donor_338,oligodendrocyte,H,46.0,58.43953769058033,54.76404110511977
Donor_338,oligodendrocyte precursor cell,H,46.0,54.648116199824706,54.980356351478605
Donor_338,pericyte,H,46.0,57.9357946335233,63.952315311206455
Donor_338,perivascular macrophage,H,46.0,65.8071518594281,60.18038493185399
Donor_338,pvalb GABAergic interneuron,H,46.0,58.024378280475595,50.87602115581973
Donor_338,sst GABAergic interneuron,H,46.0,57.723897063957,46.943614618637085
Donor_338,vascular leptomeningeal cell,H,46.0,62.46678105432042,67.9157798390259
Donor_346,L2/3 intratelencephalic projecting glutamatergic neuron,H,22.0,42.04026237754715,31.990465857591992
Donor_346,L2/3-6 intratelencephalic projecting glutamatergic neuron,H,22.0,41.31483766851208,30.485097457462704
Donor_346,L5/6 near-projecting glutamatergic neuron,H,22.0,59.57726757608664,50.97094609629959
Donor_346,L6 corticothalamic-projecting glutamatergic cortical neuron,H,22.0,46.044257115251405,40.54478504929588
Donor_346,L6 intratelencephalic projecting glutamatergic neuron,H,22.0,46.94491845124567,39.140130425636386
Donor_346,L6b glutamatergic neuron of the primary motor cortex,H,22.0,51.97170458710092,44.26759746025243
Donor_346,VIP GABAergic interneuron,H,22.0,62.68544704123685,50.51430420114914
Donor_346,astrocyte,H,22.0,54.245376782388426,45.68412918621844
Donor_346,endothelial cell,H,22.0,54.77899266038693,47.67269822875288
Donor_346,lamp5 GABAergic interneuron,H,22.0,57.777621783148426,56.472072179939
Donor_346,microglial cell,H,22.0,56.45212235121983,46.75166698568014
Donor_346,oligodendrocyte,H,22.0,57.92202482740846,41.793840905005844
Donor_346,oligodendrocyte precursor cell,H,22.0,51.467363189519055,39.55874339659822
Donor_346,pericyte,H,22.0,50.60611364178543,57.1688785791795
Donor_346,pvalb GABAergic interneuron,H,22.0,58.777569839917454,42.86825907923176
Donor_346,sst GABAergic interneuron,H,22.0,55.13329360482755,48.852188561903674
Donor_346,vascular leptomeningeal cell,H,22.0,60.115745973498434,60.485915513685654
Donor_349,GABAergic neuron,H,30.0,48.697886584283985,51.01081781491362
Donor_349,L2/3 intratelencephalic projecting glutamatergic neuron,H,30.0,40.58069852210416,37.30246659025198
Donor_349,L2/3-6 intratelencephalic projecting glutamatergic neuron,H,30.0,40.00141015572734,38.80257120731016
Donor_349,L5/6 near-projecting glutamatergic neuron,H,30.0,53.099737180239785,52.643357109607265
Donor_349,L6 corticothalamic-projecting glutamatergic cortical neuron,H,30.0,45.453625409627904,41.376156749698914
Donor_349,L6 intratelencephalic projecting glutamatergic neuron,H,30.0,49.356619540160985,40.72563989487791
Donor_349,L6b glutamatergic neuron of the primary motor cortex,H,30.0,52.801866901305104,51.804212584656554
Donor_349,VIP GABAergic interneuron,H,30.0,45.250930371708975,48.30583798911782
Donor_349,astrocyte,H,30.0,35.679646894713805,43.55940599785421
Donor_349,endothelial cell,H,30.0,51.253884869126324,48.31474816791281
Donor_349,lamp5 GABAergic interneuron,H,30.0,54.233620355849595,54.94201736050562
Donor_349,microglial cell,H,30.0,55.29639370625207,57.057780430535544
Donor_349,oligodendrocyte,H,30.0,49.17646937818451,49.047116414067496
Donor_349,oligodendrocyte precursor cell,H,30.0,54.00091686196454,41.224168797133174
Donor_349,pericyte,H,30.0,57.060184563465796,54.50074123202243
Donor_349,pvalb GABAergic interneuron,H,30.0,46.79391393888189,40.26521764534577
Donor_349,sst GABAergic interneuron,H,30.0,48.845304399903966,42.68558400603271
Donor_349,vascular leptomeningeal cell,H,30.0,61.856685436568576,55.66641096466417
Donor_352,L2/3 intratelencephalic projecting glutamatergic neuron,M,63.0,56.990322208098576,58.71474179749676
Donor_352,VIP GABAergic interneuron,M,63.0,44.9052808463388,30.55345462436448
Donor_352,astrocyte,M,63.0,54.171742782992936,70.59140111932008
Donor_352,microglial cell,M,63.0,51.138578782788464,50.07022704911649
Donor_352,oligodendrocyte,M,63.0,57.58794355317549,54.68930437412159
Donor_352,oligodendrocyte precursor cell,M,63.0,58.646300111683665,59.52044836138743
Donor_352,sst GABAergic interneuron,M,63.0,48.946485510039345,45.11899753671889
Donor_354,L2/3 intratelencephalic projecting glutamatergic neuron,H,21.0,31.45938310641311,36.658092900446206
Donor_354,L2/3-6 intratelencephalic projecting glutamatergic neuron,H,21.0,36.132125418362854,17.179821005750746
Donor_354,astrocyte,H,21.0,58.83135997806944,36.02930271404864
Donor_354,microglial cell,H,21.0,62.08453854272964,48.79361367460807
Donor_354,oligodendrocyte,H,21.0,60.7209861214221,41.78363409651703
Donor_354,oligodendrocyte precursor cell,H,21.0,63.28572722716152,40.09894300005428
Donor_361,GABAergic neuron,H,56.0,61.91619738944465,56.906441379853106
Donor_361,L2/3 intratelencephalic projecting glutamatergic neuron,H,56.0,64.79886197124894,59.82291190035514
Donor_361,L2/3-6 intratelencephalic projecting glutamatergic neuron,H,56.0,64.17575999105031,63.943519728943926
Donor_361,L6 corticothalamic-projecting glutamatergic cortical neuron,H,56.0,55.7296066285654,59.393591259533245
Donor_361,L6 intratelencephalic projecting glutamatergic neuron,H,56.0,65.94715693699288,61.094085485109794
Donor_361,L6b glutamatergic neuron of the primary motor cortex,H,56.0,58.91726152071323,50.43741517574469
Donor_361,VIP GABAergic interneuron,H,56.0,58.62929354129156,54.62146190729859
Donor_361,astrocyte,H,56.0,65.13153399170639,55.87261683850808
Donor_361,endothelial cell,H,56.0,57.19278040731049,58.60444430428577
Donor_361,lamp5 GABAergic interneuron,H,56.0,56.7040706375804,57.0054980307335
Donor_361,microglial cell,H,56.0,67.12954647491311,56.94494290915051
Donor_361,oligodendrocyte,H,56.0,57.64826911473237,56.09367525044546
Donor_361,oligodendrocyte precursor cell,H,56.0,57.86760590876839,49.37729415017791
Donor_361,pericyte,H,56.0,55.87357877433688,61.2743479025084
Donor_361,pvalb GABAergic interneuron,H,56.0,55.11227521476066,57.95313603728901
Donor_361,sst GABAergic interneuron,H,56.0,60.385157161654504,61.578154306797245
Donor_361,vascular leptomeningeal cell,H,56.0,73.55664556854856,66.70051408637754
Donor_364,GABAergic neuron,H,28.0,50.93191802103378,54.874956555093675
Donor_364,L2/3 intratelencephalic projecting glutamatergic neuron,H,28.0,37.64603082596928,22.629574046965054
Donor_364,L2/3-6 intratelencephalic projecting glutamatergic neuron,H,28.0,42.715987285381296,32.945103826164356
Donor_364,L6 corticothalamic-projecting glutamatergic cortical neuron,H,28.0,46.080817798209495,45.43511959646458
Donor_364,L6 intratelencephalic projecting glutamatergic neuron,H,28.0,44.407572761589265,43.31964057881174
Donor_364,L6b glutamatergic neuron of the primary motor cortex,H,28.0,49.47714571039989,44.07462474826412
Donor_364,VIP GABAergic interneuron,H,28.0,54.619539640428364,48.45042842507903
Donor_364,astrocyte,H,28.0,57.92653146955253,45.216066765019264
Donor_364,endothelial cell,H,28.0,46.23941426292483,54.44670819030351
Donor_364,lamp5 GABAergic interneuron,H,28.0,46.49205506649912,53.07673567962266
Donor_364,microglial cell,H,28.0,55.51726664224164,51.708154430628994
Donor_364,oligodendrocyte,H,28.0,52.813085378681066,53.93907805358249
Donor_364,oligodendrocyte precursor cell,H,28.0,44.875752865059766,45.041087165269886
Donor_364,pericyte,H,28.0,55.24975086580678,52.0637237672497
Donor_364,perivascular macrophage,H,28.0,62.0832129730079,58.52730086101621
Donor_364,pvalb GABAergic interneuron,H,28.0,46.90046847248278,35.716780889871146
Donor_364,sst GABAergic interneuron,H,28.0,52.02441293881333,45.678579338818174
Donor_364,vascular leptomeningeal cell,H,28.0,73.76400050473583,57.61171530407543
Donor_366,L2/3 intratelencephalic projecting glutamatergic neuron,M,83.0,63.989691818761315,77.7631265241989
Donor_366,L2/3-6 intratelencephalic projecting glutamatergic neuron,M,83.0,69.12926431345309,73.33484696649815
Donor_366,VIP GABAergic interneuron,M,83.0,51.73115243758864,54.41914173391589
Donor_366,astrocyte,M,83.0,54.029778326682944,75.86570840281391
Donor_366,lamp5 GABAergic interneuron,M,83.0,52.171810227677184,52.52924189973072
Donor_366,microglial cell,M,83.0,47.6543144620792,53.48297076262143
Donor_366,oligodendrocyte,M,83.0,67.84745526927702,72.52912480344011
Donor_366,oligodendrocyte precursor cell,M,83.0,57.69269993736454,78.74677236273783
Donor_366,pvalb GABAergic interneuron,M,83.0,63.97755703037734,71.23420441508695
Donor_366,sst GABAergic interneuron,M,83.0,53.379249812114146,59.07981453894811
Donor_37,GABAergic neuron,H,63.0,66.69411869989209,67.9168968103103
Donor_37,L2/3 intratelencephalic projecting glutamatergic neuron,H,63.0,65.31655163336643,63.2833816454662
Donor_37,L2/3-6 intratelencephalic projecting glutamatergic neuron,H,63.0,66.74763285711052,63.19807868978558
Donor_37,L5/6 near-projecting glutamatergic neuron,H,63.0,67.89602501745202,64.108528555832
Donor_37,L6 corticothalamic-projecting glutamatergic cortical neuron,H,63.0,69.53959104093273,66.30536548069433
Donor_37,L6 intratelencephalic projecting glutamatergic neuron,H,63.0,60.66815631236402,63.53389825719137
Donor_37,L6b glutamatergic neuron of the primary motor cortex,H,63.0,65.07330964516925,72.10282170545938
Donor_37,VIP GABAergic interneuron,H,63.0,70.36762030472049,69.24966308213605
Donor_37,astrocyte,H,63.0,70.96168979421927,61.562655356213625
Donor_37,endothelial cell,H,63.0,56.175157229069285,48.91526840542757
Donor_37,lamp5 GABAergic interneuron,H,63.0,62.762882683649494,61.358316627548454
Donor_37,microglial cell,H,63.0,64.12995961557249,58.84121158827799
Donor_37,oligodendrocyte,H,63.0,67.66882952551352,55.42828815386467
Donor_37,oligodendrocyte precursor cell,H,63.0,61.98856044423934,58.86124986618668
Donor_37,pericyte,H,63.0,59.417298257722614,57.45648415578617
Donor_37,perivascular macrophage,H,63.0,66.60487266898888,61.116824029372175
Donor_37,pvalb GABAergic interneuron,H,63.0,59.02010951102562,59.081024235463246
Donor_37,sst GABAergic interneuron,H,63.0,61.40818365080783,69.75570813584662
Donor_37,vascular leptomeningeal cell,H,63.0,54.68925805615312,56.53594655414325
Donor_370,GABAergic neuron,M,49.0,44.951924701901866,49.82436957699424
Donor_370,L2/3 intratelencephalic projecting glutamatergic neuron,M,49.0,54.607566768137374,58.30340602506513
Donor_370,L2/3-6 intratelencephalic projecting glutamatergic neuron,M,49.0,50.68654634641635,54.152549309840765
Donor_370,L5/6 near-projecting glutamatergic neuron,M,49.0,50.73700712843339,52.60670724676036
Donor_370,L6 corticothalamic-projecting glutamatergic cortical neuron,M,49.0,47.6820396353942,54.09569995201871
Donor_370,L6 intratelencephalic projecting glutamatergic neuron,M,49.0,51.944345599907294,55.95559205703766
Donor_370,L6b glutamatergic neuron of the primary motor cortex,M,49.0,51.16353106491514,56.258723588261255
Donor_370,VIP GABAergic interneuron,M,49.0,43.05208544426973,48.421909155065265
Donor_370,astrocyte,M,49.0,49.830674905190975,60.014322084631445
Donor_370,endothelial cell,M,49.0,44.37145013055419,46.36713916840915
Donor_370,lamp5 GABAergic interneuron,M,49.0,50.55415101791079,54.32838121106224
Donor_370,microglial cell,M,49.0,45.31039640666945,60.084077740958755
Donor_370,oligodendrocyte,M,49.0,43.65093371930282,43.03795872285483
Donor_370,oligodendrocyte precursor cell,M,49.0,53.06322641118755,55.08259926276416
Donor_370,pericyte,M,49.0,49.88218861948094,42.11237809981132
Donor_370,pvalb GABAergic interneuron,M,49.0,43.54479531718504,51.616565871217766
Donor_370,smooth muscle cell,M,49.0,43.941706927357,34.91191521391792
Donor_370,sst GABAergic interneuron,M,49.0,43.577154938233384,47.3158175541221
Donor_372,L2/3 intratelencephalic projecting glutamatergic neuron,M,70.0,62.731045501569625,65.05201831277844
Donor_372,L2/3-6 intratelencephalic projecting glutamatergic neuron,M,70.0,69.03333752581526,67.88833834858059
Donor_372,L5/6 near-projecting glutamatergic neuron,M,70.0,49.333729689297776,58.67197006912249
Donor_372,L6 intratelencephalic projecting glutamatergic neuron,M,70.0,44.4411664218165,63.402091117070825
Donor_372,VIP GABAergic interneuron,M,70.0,66.33779998085583,56.012855366072436
Donor_372,astrocyte,M,70.0,54.249087154537385,68.82723887084734
Donor_372,lamp5 GABAergic interneuron,M,70.0,53.35401006189802,63.281542365327
Donor_372,microglial cell,M,70.0,44.91140616556149,60.58639200404309
Donor_372,oligodendrocyte,M,70.0,46.74655394621707,41.52240445719394
Donor_372,oligodendrocyte precursor cell,M,70.0,46.39313648164112,56.02161892785247
Donor_372,pericyte,M,70.0,43.834616564208915,46.60275464179625
Donor_372,pvalb GABAergic interneuron,M,70.0,61.71156821823892,59.88683362223141
Donor_388,L2/3 intratelencephalic projecting glutamatergic neuron,H,58.0,57.92273221775906,64.92570976190048
Donor_388,L2/3-6 intratelencephalic projecting glutamatergic neuron,H,58.0,67.277325688971,68.33601499249248
Donor_388,L5/6 near-projecting glutamatergic neuron,H,58.0,62.918045897776686,60.26037406576988
Donor_388,VIP GABAergic interneuron,H,58.0,56.53699084646618,63.49073622202091
Donor_388,astrocyte,H,58.0,65.40445912733415,65.60669880382044
Donor_388,lamp5 GABAergic interneuron,H,58.0,59.16112317661543,60.06727257736768
Donor_388,microglial cell,H,58.0,65.06782169546355,60.0810283298733
Donor_388,oligodendrocyte,H,58.0,62.62670618245045,68.04372636351317
Donor_388,oligodendrocyte precursor cell,H,58.0,60.68336078348502,52.929301193344536
Donor_388,pvalb GABAergic interneuron,H,58.0,61.31093384923513,65.21099648945612
Donor_388,sst GABAergic interneuron,H,58.0,58.63838495773284,54.80261469400231
Donor_394,GABAergic neuron,M,80.0,50.368529512953614,78.61000178556354
Donor_394,L2/3 intratelencephalic projecting glutamatergic neuron,M,80.0,59.478072785142565,69.41421543521658
Donor_394,L2/3-6 intratelencephalic projecting glutamatergic neuron,M,80.0,52.43821305379011,63.81431694256335
Donor_394,L5/6 near-projecting glutamatergic neuron,M,80.0,58.30372043166513,63.039516576610794
Donor_394,L6 corticothalamic-projecting glutamatergic cortical neuron,M,80.0,51.39393460551315,68.91960244950835
Donor_394,L6 intratelencephalic projecting glutamatergic neuron,M,80.0,56.91271697577591,67.22787650354255
Donor_394,L6b glutamatergic neuron of the primary motor cortex,M,80.0,54.453234002970106,64.10419453720594
Donor_394,VIP GABAergic interneuron,M,80.0,54.24887535697124,76.06099727559744
Donor_394,astrocyte,M,80.0,54.18903172015097,65.24615636816442
Donor_394,lamp5 GABAergic interneuron,M,80.0,58.18545638332261,62.85745612611612
Donor_394,microglial cell,M,80.0,45.766777052452845,72.26960022774522
Donor_394,oligodendrocyte,M,80.0,51.81671531176546,61.87991966807819
Donor_394,oligodendrocyte precursor cell,M,80.0,53.65046623835577,82.49082383306373
Donor_394,pvalb GABAergic interneuron,M,80.0,54.103968227732125,64.32850898831083
Donor_394,sst GABAergic interneuron,M,80.0,48.166031100076715,63.58892662922233
Donor_401,GABAergic neuron,M,47.0,40.58527472753844,37.212136470955144
Donor_401,L2/3 intratelencephalic projecting glutamatergic neuron,M,47.0,51.29031141186071,50.229668252373436
Donor_401,L2/3-6 intratelencephalic projecting glutamatergic neuron,M,47.0,44.45043176791941,52.49178264727967
Donor_401,VIP GABAergic interneuron,M,47.0,38.74984938709158,43.32678801797377
Donor_401,astrocyte,M,47.0,49.861636873995124,43.02509619743205
Donor_401,lamp5 GABAergic interneuron,M,47.0,36.15325874035451,46.75372428003338
Donor_401,microglial cell,M,47.0,46.33840789513239,35.61477946033139
Donor_401,oligodendrocyte,M,47.0,48.7665882553673,41.90606866949641
Donor_401,oligodendrocyte precursor cell,M,47.0,47.56894813437286,47.503555336600954
Donor_401,pvalb GABAergic interneuron,M,47.0,32.85128846836116,43.28124087241412
Donor_401,sst GABAergic interneuron,M,47.0,38.45752276387963,38.89758427563244
Donor_402,GABAergic neuron,H,55.0,61.61004661641967,56.51324932614149
Donor_402,L2/3 intratelencephalic projecting glutamatergic neuron,H,55.0,62.1248122959296,62.820536985380414
Donor_402,L2/3-6 intratelencephalic projecting glutamatergic neuron,H,55.0,57.97649166662478,58.77951570199123
Donor_402,L5/6 near-projecting glutamatergic neuron,H,55.0,63.64414180815068,59.437980010453565
Donor_402,L6 corticothalamic-projecting glutamatergic cortical neuron,H,55.0,59.207032832552834,56.953036056206734
Donor_402,L6 intratelencephalic projecting glutamatergic neuron,H,55.0,54.58652832290375,58.66761937599695
Donor_402,L6b glutamatergic neuron of the primary motor cortex,H,55.0,58.660598965872275,59.245529941875894
Donor_402,VIP GABAergic interneuron,H,55.0,62.259083146809836,56.41323125617958
Donor_402,astrocyte,H,55.0,60.37581081668859,52.70012408871054
Donor_402,endothelial cell,H,55.0,62.53075107297188,53.041766467736295
Donor_402,lamp5 GABAergic interneuron,H,55.0,54.546476555782846,57.53474490390167
Donor_402,microglial cell,H,55.0,63.79761517860004,56.27092334340994
Donor_402,oligodendrocyte,H,55.0,61.368466291112085,51.71880432747784
Donor_402,oligodendrocyte precursor cell,H,55.0,58.798283674570456,55.939469214244156
Donor_402,pvalb GABAergic interneuron,H,55.0,60.980285772602635,54.29562205132756
Donor_402,sst GABAergic interneuron,H,55.0,60.73907962456399,62.035434440513164
Donor_415,GABAergic neuron,M,63.0,50.30538972220495,47.303596550746306
Donor_415,L2/3 intratelencephalic projecting glutamatergic neuron,M,63.0,62.01815623080266,63.63209980605558
Donor_415,L2/3-6 intratelencephalic projecting glutamatergic neuron,M,63.0,62.95535262984925,69.4724455598878
Donor_415,L5/6 near-projecting glutamatergic neuron,M,63.0,50.38696071151163,62.519754834227136
Donor_415,L6 corticothalamic-projecting glutamatergic cortical neuron,M,63.0,60.82142624673708,65.18369656878784
Donor_415,L6 intratelencephalic projecting glutamatergic neuron,M,63.0,57.65523584891402,62.012810367780816
Donor_415,VIP GABAergic interneuron,M,63.0,55.38499222857338,58.52383547695115
Donor_415,astrocyte,M,63.0,56.21093191185368,58.412095800570945
Donor_415,endothelial cell,M,63.0,61.33591102164142,72.93834840510094
Donor_415,lamp5 GABAergic interneuron,M,63.0,58.504242554111954,52.73307923173043
Donor_415,microglial cell,M,63.0,44.96953205767432,49.831865335105356
Donor_415,oligodendrocyte,M,63.0,61.029237266595445,62.11258987015554
Donor_415,oligodendrocyte precursor cell,M,63.0,49.467302700827794,56.92612476842717
Donor_415,pvalb GABAergic interneuron,M,63.0,55.986630381620614,58.95111678808934
Donor_415,sst GABAergic interneuron,M,63.0,55.87931446736567,61.340511962108195
Donor_429,GABAergic neuron,M,49.0,65.97672992681683,60.90577698639099
Donor_429,L2/3 intratelencephalic projecting glutamatergic neuron,M,49.0,68.06052814859814,58.71721639002811
Donor_429,L2/3-6 intratelencephalic projecting glutamatergic neuron,M,49.0,72.9705127173958,56.96518903575689
Donor_429,L5/6 near-projecting glutamatergic neuron,M,49.0,66.10982111448973,60.497564936582215
Donor_429,L6 corticothalamic-projecting glutamatergic cortical neuron,M,49.0,65.25548247336951,57.91578299273632
Donor_429,L6 intratelencephalic projecting glutamatergic neuron,M,49.0,64.88892248823623,58.56347271111144
Donor_429,L6b glutamatergic neuron of the primary motor cortex,M,49.0,63.22484947639244,54.828769081948195
Donor_429,VIP GABAergic interneuron,M,49.0,62.398545250108384,54.41235188988044
Donor_429,astrocyte,M,49.0,51.81321077855112,58.741684465584136
Donor_429,lamp5 GABAergic interneuron,M,49.0,66.45520158472151,59.77201937401303
Donor_429,microglial cell,M,49.0,42.663744518335754,46.68926200419207
Donor_429,oligodendrocyte,M,49.0,59.576463930211055,45.523586789085876
Donor_429,oligodendrocyte precursor cell,M,49.0,54.2196914655062,58.778909711733185
Donor_429,pericyte,M,49.0,33.86192794143215,50.1172702730362
Donor_429,pvalb GABAergic interneuron,M,49.0,67.52676022410715,58.91936033782946
Donor_429,sst GABAergic interneuron,M,49.0,72.9340042327243,50.10204357019663
Donor_433,L2/3 intratelencephalic projecting glutamatergic neuron,M,64.0,45.27436883888935,59.67238454829181
Donor_433,VIP GABAergic interneuron,M,64.0,43.717673769055025,43.24922995331486
Donor_433,astrocyte,M,64.0,38.70264086710108,58.70926443296017
Donor_433,microglial cell,M,64.0,45.15095109754152,40.82488269453875
Donor_433,oligodendrocyte,M,64.0,47.62316944103226,61.80069781624263
Donor_433,oligodendrocyte precursor cell,M,64.0,39.97289191721142,56.95970432097823
Donor_456,GABAergic neuron,M,58.0,40.20709836540293,38.76986172165236
Donor_456,L2/3 intratelencephalic projecting glutamatergic neuron,M,58.0,53.954522420847766,52.77004525080143
Donor_456,L2/3-6 intratelencephalic projecting glutamatergic neuron,M,58.0,51.251932439367984,52.079073315810305
Donor_456,L5/6 near-projecting glutamatergic neuron,M,58.0,49.206607182152055,46.44008576687697
Donor_456,L6 corticothalamic-projecting glutamatergic cortical neuron,M,58.0,53.26206069868641,52.20666378244976
Donor_456,L6 intratelencephalic projecting glutamatergic neuron,M,58.0,49.59154286391219,51.821798438415684
Donor_456,L6b glutamatergic neuron of the primary motor cortex,M,58.0,50.777755845384156,44.79103000129578
Donor_456,VIP GABAergic interneuron,M,58.0,39.83153278524838,41.0850281023441
Donor_456,astrocyte,M,58.0,62.02048088982397,59.43358697570834
Donor_456,endothelial cell,M,58.0,42.91857566285407,42.11178498630331
Donor_456,lamp5 GABAergic interneuron,M,58.0,44.94433832075458,43.50505626542226
Donor_456,microglial cell,M,58.0,49.79709152026364,48.63822321047518
Donor_456,oligodendrocyte,M,58.0,47.81297231855716,49.29604768103614
Donor_456,oligodendrocyte precursor cell,M,58.0,46.728710129481144,57.9728519965693
Donor_456,pericyte,M,58.0,42.5279791738638,40.59354092198546
Donor_456,pvalb GABAergic interneuron,M,58.0,40.06758175269641,46.71047192261632
Donor_456,sst GABAergic interneuron,M,58.0,42.64210352401346,50.09756380284236
Donor_456,vascular leptomeningeal cell,M,58.0,53.30486100307665,43.993430503537
Donor_462,GABAergic neuron,H,60.0,56.632321918088984,60.01718872579197
Donor_462,L2/3 intratelencephalic projecting glutamatergic neuron,H,60.0,46.272658760618185,56.173138189266844
Donor_462,L2/3-6 intratelencephalic projecting glutamatergic neuron,H,60.0,57.59111764308313,62.19750886745286
Donor_462,L5/6 near-projecting glutamatergic neuron,H,60.0,57.70860768189165,54.055485966194325
Donor_462,L6 corticothalamic-projecting glutamatergic cortical neuron,H,60.0,51.34468327579461,54.23692637048491
Donor_462,L6 intratelencephalic projecting glutamatergic neuron,H,60.0,57.709772974633964,54.96915166213588
Donor_462,L6b glutamatergic neuron of the primary motor cortex,H,60.0,54.08438392279954,56.427955010530624
Donor_462,VIP GABAergic interneuron,H,60.0,63.16734744956124,56.26441118047243
Donor_462,astrocyte,H,60.0,67.61655040990777,64.39774204076689
Donor_462,endothelial cell,H,60.0,53.27821121924916,40.7200975309041
Donor_462,lamp5 GABAergic interneuron,H,60.0,56.941293978022664,58.696051844985945
Donor_462,microglial cell,H,60.0,59.31978981427534,69.57511196449867
Donor_462,oligodendrocyte,H,60.0,59.792198068342756,63.65099202264953
Donor_462,oligodendrocyte precursor cell,H,60.0,57.92429018798066,67.84810655904883
Donor_462,pericyte,H,60.0,53.1444711939349,54.88558136975641
Donor_462,pvalb GABAergic interneuron,H,60.0,54.01151462139949,52.271984361757475
Donor_462,smooth muscle cell,H,60.0,,
Donor_462,sst GABAergic interneuron,H,60.0,62.827742517138304,63.14910518167587
Donor_462,vascular leptomeningeal cell,H,60.0,70.06670094420164,61.9703976350842
Donor_468,L2/3 intratelencephalic projecting glutamatergic neuron,M,74.0,72.17655567238997,55.74571775052076
Donor_468,L2/3-6 intratelencephalic projecting glutamatergic neuron,M,74.0,62.62937977591145,62.529954162956045
Donor_468,VIP GABAergic interneuron,M,74.0,67.5939602847417,65.8556876044943
Donor_468,astrocyte,M,74.0,42.94488211880062,65.12157528192846
Donor_468,microglial cell,M,74.0,50.7348041404943,52.36215770354811
Donor_468,oligodendrocyte,M,74.0,58.56419045730443,62.530954550934624
Donor_468,oligodendrocyte precursor cell,M,74.0,57.39189721275285,76.70897227064258
Donor_468,sst GABAergic interneuron,M,74.0,55.37707030212265,61.461066098013475
Donor_472,GABAergic neuron,H,27.0,56.5169638485695,39.595990193545084
Donor_472,L2/3 intratelencephalic projecting glutamatergic neuron,H,27.0,32.71318394359373,20.40551601116713
Donor_472,L2/3-6 intratelencephalic projecting glutamatergic neuron,H,27.0,37.18437426784165,28.38742206392095
Donor_472,L5/6 near-projecting glutamatergic neuron,H,27.0,51.256301261532954,42.6731386593908
Donor_472,L6 corticothalamic-projecting glutamatergic cortical neuron,H,27.0,43.863953428659045,38.21032236279717
Donor_472,L6 intratelencephalic projecting glutamatergic neuron,H,27.0,42.16052917277686,35.24007355658589
Donor_472,L6b glutamatergic neuron of the primary motor cortex,H,27.0,45.190175421542364,41.44663944327041
Donor_472,VIP GABAergic interneuron,H,27.0,45.50976802219494,35.02879505251529
Donor_472,astrocyte,H,27.0,42.200451133728635,40.403135896470744
Donor_472,endothelial cell,H,27.0,50.33377861278102,51.83933054971479
Donor_472,lamp5 GABAergic interneuron,H,27.0,46.866324084117494,49.277698606957806
Donor_472,microglial cell,H,27.0,48.515601848916404,47.717163232450744
Donor_472,oligodendrocyte,H,27.0,39.1145506587116,39.31201666584923
Donor_472,oligodendrocyte precursor cell,H,27.0,42.76397417900485,37.86092839639877
Donor_472,pericyte,H,27.0,50.486966339585656,57.09297494082583
Donor_472,pvalb GABAergic interneuron,H,27.0,39.8994901952821,31.270474939397175
Donor_472,sst GABAergic interneuron,H,27.0,43.07552454431393,36.009047645947845
Donor_483,L2/3 intratelencephalic projecting glutamatergic neuron,M,79.0,63.740070840776454,68.85229056480853
Donor_483,L2/3-6 intratelencephalic projecting glutamatergic neuron,M,79.0,55.39622235141247,70.38761805182922
Donor_483,L5/6 near-projecting glutamatergic neuron,M,79.0,52.073270065277455,62.07559054043443
Donor_483,L6 corticothalamic-projecting glutamatergic cortical neuron,M,79.0,48.53686912714699,67.12578429051104
Donor_483,L6 intratelencephalic projecting glutamatergic neuron,M,79.0,50.497321703819,72.76732639090218
Donor_483,L6b glutamatergic neuron of the primary motor cortex,M,79.0,58.714730318980145,69.8720001425
Donor_483,VIP GABAergic interneuron,M,79.0,60.97799506430349,80.93828637260442
Donor_483,astrocyte,M,79.0,54.94885446308275,73.23808915135375
Donor_483,endothelial cell,M,79.0,49.07093021124541,64.44136304176519
Donor_483,lamp5 GABAergic interneuron,M,79.0,55.2321360572963,77.03342949463539
Donor_483,microglial cell,M,79.0,56.44060406364821,72.31377962175209
Donor_483,oligodendrocyte,M,79.0,58.55793517390081,67.08690364144044
Donor_483,oligodendrocyte precursor cell,M,79.0,51.71623977978982,76.40742742044756
Donor_483,pericyte,M,79.0,40.85061633395372,49.371879848659376
Donor_483,pvalb GABAergic interneuron,M,79.0,60.941574922908885,67.77783103923264
Donor_483,sst GABAergic interneuron,M,79.0,49.25575372679386,71.04814796534679
Donor_486,GABAergic neuron,M,51.0,38.01707325074371,46.799641257832995
Donor_486,L2/3 intratelencephalic projecting glutamatergic neuron,M,51.0,42.210505222874566,45.25507250270987
Donor_486,L2/3-6 intratelencephalic projecting glutamatergic neuron,M,51.0,44.92804955369278,41.87635693884586
Donor_486,L6 corticothalamic-projecting glutamatergic cortical neuron,M,51.0,47.927443210999336,46.627578905966885
Donor_486,L6 intratelencephalic projecting glutamatergic neuron,M,51.0,41.90201081627883,44.57012669475965
Donor_486,L6b glutamatergic neuron of the primary motor cortex,M,51.0,42.33627855655237,46.8230210895583
Donor_486,VIP GABAergic interneuron,M,51.0,36.20021680059188,35.05933256951418
Donor_486,astrocyte,M,51.0,27.96309860191339,49.667173525439395
Donor_486,endothelial cell,M,51.0,45.96497845745452,50.42438737990409
Donor_486,lamp5 GABAergic interneuron,M,51.0,37.596124766586634,42.500592497534484
Donor_486,microglial cell,M,51.0,40.72020479752322,46.725548678858644
Donor_486,oligodendrocyte,M,51.0,43.00930758911632,40.09995571397822
Donor_486,oligodendrocyte precursor cell,M,51.0,40.94351739916136,50.96327773364285
Donor_486,perivascular macrophage,M,51.0,39.226850863833576,39.2481652256961
Donor_486,pvalb GABAergic interneuron,M,51.0,42.3776769380254,35.138443159207014
Donor_486,sst GABAergic interneuron,M,51.0,36.82046179041686,41.80685033283789
Donor_494,GABAergic neuron,H,26.0,50.72861044649658,48.93156814761816
Donor_494,L2/3 intratelencephalic projecting glutamatergic neuron,H,26.0,40.73248126950841,28.405939095271016
Donor_494,L2/3-6 intratelencephalic projecting glutamatergic neuron,H,26.0,40.46199156452829,33.01204020903417
Donor_494,L5/6 near-projecting glutamatergic neuron,H,26.0,56.36608872980925,50.9013483568881
Donor_494,L6 corticothalamic-projecting glutamatergic cortical neuron,H,26.0,47.33067728369204,42.23835042212824
Donor_494,L6 intratelencephalic projecting glutamatergic neuron,H,26.0,50.418038553116325,41.22762863952796
Donor_494,L6b glutamatergic neuron of the primary motor cortex,H,26.0,55.65749827220936,50.73281379666053
Donor_494,VIP GABAergic interneuron,H,26.0,48.39723380700747,46.17383514337611
Donor_494,astrocyte,H,26.0,46.025161715290075,46.47159756805202
Donor_494,endothelial cell,H,26.0,53.901041148340305,48.31960824874636
Donor_494,lamp5 GABAergic interneuron,H,26.0,48.46150246880475,48.916051952259856
Donor_494,microglial cell,H,26.0,52.447709973602535,43.89645436822851
Donor_494,oligodendrocyte,H,26.0,47.60002525464402,37.226573659826165
Donor_494,oligodendrocyte precursor cell,H,26.0,48.27437957174863,37.93869076833357
Donor_494,pericyte,H,26.0,54.68444649584816,54.54069385198597
Donor_494,perivascular macrophage,H,26.0,63.75951685454124,56.459273213582094
Donor_494,pvalb GABAergic interneuron,H,26.0,44.951056570723324,41.7126980603003
Donor_494,sst GABAergic interneuron,H,26.0,48.46655532461808,40.422218818569135
Donor_494,vascular leptomeningeal cell,H,26.0,71.91741648174246,53.83537761776524
Donor_498,L2/3 intratelencephalic projecting glutamatergic neuron,M,24.0,36.68340672332668,22.575047995517973
Donor_498,L2/3-6 intratelencephalic projecting glutamatergic neuron,M,24.0,29.347411582144414,20.584722896461038
Donor_498,L6 intratelencephalic projecting glutamatergic neuron,M,24.0,32.97735837208711,39.10377803775097
Donor_498,VIP GABAergic interneuron,M,24.0,38.09522318678839,27.712982130610673
Donor_498,astrocyte,M,24.0,43.30575713902668,39.62506227531242
Donor_498,lamp5 GABAergic interneuron,M,24.0,40.95610253772004,36.49713783301062
Donor_498,microglial cell,M,24.0,45.29722979746878,47.971160641887465
Donor_498,oligodendrocyte,M,24.0,33.62193044021757,32.94295975642327
Donor_498,oligodendrocyte precursor cell,M,24.0,44.66423608593042,26.166647635755304
Donor_498,pvalb GABAergic interneuron,M,24.0,34.51439481605541,21.242996817950633
Donor_498,sst GABAergic interneuron,M,24.0,37.30444005659891,30.656331608188815
Donor_508,L2/3 intratelencephalic projecting glutamatergic neuron,H,44.0,48.167065281338544,55.35651837934557
Donor_508,L2/3-6 intratelencephalic projecting glutamatergic neuron,H,44.0,48.52748251772757,52.478535236526994
Donor_508,L5/6 near-projecting glutamatergic neuron,H,44.0,57.01906776604799,56.14464897886787
Donor_508,L6 corticothalamic-projecting glutamatergic cortical neuron,H,44.0,53.04685280145307,53.87785005838093
Donor_508,L6 intratelencephalic projecting glutamatergic neuron,H,44.0,42.90121020826631,49.43703659314293
Donor_508,L6b glutamatergic neuron of the primary motor cortex,H,44.0,57.517045718148765,56.42013612063866
Donor_508,VIP GABAergic interneuron,H,44.0,58.43341245300557,50.21361389550588
Donor_508,astrocyte,H,44.0,54.16833642218026,42.857630426253536
Donor_508,lamp5 GABAergic interneuron,H,44.0,50.20733057669999,49.22105642524919
Donor_508,microglial cell,H,44.0,53.91653195741793,46.94622682722566
Donor_508,oligodendrocyte,H,44.0,51.532654181969114,45.27555244733604
Donor_508,oligodendrocyte precursor cell,H,44.0,56.3328008043466,49.077732005356715
Donor_508,pvalb GABAergic interneuron,H,44.0,46.32205814279264,50.910051515857134
Donor_508,sst GABAergic interneuron,H,44.0,53.89272901329791,46.139533484981584
Donor_512,astrocyte,M,84.0,52.41728083185788,65.60095287932293
Donor_512,microglial cell,M,84.0,45.180507187318135,54.65970550673818
Donor_512,oligodendrocyte,M,84.0,53.233666854722685,61.2205788745633
Donor_512,oligodendrocyte precursor cell,M,84.0,50.93999637942804,72.5397056574061
Donor_514,GABAergic neuron,H,23.0,56.86407368808112,50.64136743758388
Donor_514,L2/3 intratelencephalic projecting glutamatergic neuron,H,23.0,42.13667613680192,32.10490517939117
Donor_514,L2/3-6 intratelencephalic projecting glutamatergic neuron,H,23.0,42.852078119641774,29.728598817976316
Donor_514,VIP GABAergic interneuron,H,23.0,54.85389525480345,44.02825929978864
Donor_514,astrocyte,H,23.0,51.94802467095571,27.664128710000007
Donor_514,endothelial cell,H,23.0,60.158625493229444,55.780479383000326
Donor_514,lamp5 GABAergic interneuron,H,23.0,55.57849372974776,54.42264618349122
Donor_514,microglial cell,H,23.0,54.165485798845914,48.799342518872095
Donor_514,oligodendrocyte,H,23.0,46.2757766343947,28.027573787160172
Donor_514,oligodendrocyte precursor cell,H,23.0,44.3205758869793,36.982987821815314
Donor_514,pericyte,H,23.0,56.44484283681748,51.74720039915637
Donor_514,pvalb GABAergic interneuron,H,23.0,55.460641393325226,39.580991849472674
Donor_514,sst GABAergic interneuron,H,23.0,53.347404899100056,39.29180350043452
Donor_514,vascular leptomeningeal cell,H,23.0,57.637917810594644,62.6428448949909
Donor_52,GABAergic neuron,H,42.0,58.558992471782865,61.07960340125794
Donor_52,L2/3 intratelencephalic projecting glutamatergic neuron,H,42.0,54.66304216305714,49.306628121991864
Donor_52,L2/3-6 intratelencephalic projecting glutamatergic neuron,H,42.0,53.94202190165324,48.229033690606606
Donor_52,L5/6 near-projecting glutamatergic neuron,H,42.0,61.31135756224072,57.7400241833067
Donor_52,L6 corticothalamic-projecting glutamatergic cortical neuron,H,42.0,58.627665032949174,58.543196186540534
Donor_52,L6 intratelencephalic projecting glutamatergic neuron,H,42.0,59.33807869294933,53.54004319620056
Donor_52,L6b glutamatergic neuron of the primary motor cortex,H,42.0,59.74807504304412,60.87778191542198
Donor_52,VIP GABAergic interneuron,H,42.0,57.962947918313944,54.3381838372885
Donor_52,astrocyte,H,42.0,62.567687083732125,60.614994991163364
Donor_52,endothelial cell,H,42.0,58.739464254757834,50.71477079230031
Donor_52,lamp5 GABAergic interneuron,H,42.0,60.402370662712165,60.134973152052396
Donor_52,microglial cell,H,42.0,61.294873940847374,54.18557752434509
Donor_52,oligodendrocyte,H,42.0,67.94788252243488,60.43317223617454
Donor_52,oligodendrocyte precursor cell,H,42.0,54.46642600193127,42.27404339803575
Donor_52,pericyte,H,42.0,56.15924427914165,55.90282305685539
Donor_52,pvalb GABAergic interneuron,H,42.0,54.65698483629274,56.66935376207929
Donor_52,sst GABAergic interneuron,H,42.0,60.93882970804661,53.641718260057324
Donor_521,GABAergic neuron,M,59.0,50.00543382002791,52.97685120461356
Donor_521,L2/3 intratelencephalic projecting glutamatergic neuron,M,59.0,53.51592826431949,55.32471299232584
Donor_521,L2/3-6 intratelencephalic projecting glutamatergic neuron,M,59.0,40.53338920232637,47.94183948235903
Donor_521,VIP GABAergic interneuron,M,59.0,48.33501587442028,48.76409081053695
Donor_521,astrocyte,M,59.0,43.4640658755226,59.01824332999133
Donor_521,lamp5 GABAergic interneuron,M,59.0,46.702180372590206,52.243413199614075
Donor_521,microglial cell,M,59.0,50.69192113105984,50.39377063392706
Donor_521,oligodendrocyte,M,59.0,49.932359965956856,60.79625658657862
Donor_521,oligodendrocyte precursor cell,M,59.0,51.437631612044186,49.041073248426386
Donor_521,pericyte,M,59.0,42.77000803444769,51.2674533447496
Donor_521,pvalb GABAergic interneuron,M,59.0,50.26536924219334,41.59145747068386
Donor_521,sst GABAergic interneuron,M,59.0,46.40742233690605,50.674698572859576
Donor_521,vascular leptomeningeal cell,M,59.0,44.458365882173425,37.85702077903642
Donor_523,GABAergic neuron,H,32.0,65.15012888603655,43.276716185423645
Donor_523,L2/3 intratelencephalic projecting glutamatergic neuron,H,32.0,45.16557781445668,24.029489977782
Donor_523,L2/3-6 intratelencephalic projecting glutamatergic neuron,H,32.0,54.946184071492105,43.721261378791944
Donor_523,L5/6 near-projecting glutamatergic neuron,H,32.0,57.309036235769156,57.139054034824966
Donor_523,L6 corticothalamic-projecting glutamatergic cortical neuron,H,32.0,59.97059875357122,51.68002634075006
Donor_523,L6 intratelencephalic projecting glutamatergic neuron,H,32.0,56.51861235638694,46.8658198917938
Donor_523,L6b glutamatergic neuron of the primary motor cortex,H,32.0,57.310552369791374,45.700405101773455
Donor_523,VIP GABAergic interneuron,H,32.0,54.1981872923475,46.92422306525392
Donor_523,astrocyte,H,32.0,54.731814290085765,43.76713508855157
Donor_523,endothelial cell,H,32.0,56.46450095721052,57.38684011746511
Donor_523,lamp5 GABAergic interneuron,H,32.0,56.19226974935333,46.665851590527424
Donor_523,microglial cell,H,32.0,57.13920601269133,52.06660654126015
Donor_523,oligodendrocyte,H,32.0,58.580799486763325,48.13102241406144
Donor_523,oligodendrocyte precursor cell,H,32.0,60.40619907981862,48.5701791715828
Donor_523,pericyte,H,32.0,57.53967800410085,64.82273381604634
Donor_523,pvalb GABAergic interneuron,H,32.0,61.17695988506794,51.821088563623675
Donor_523,sst GABAergic interneuron,H,32.0,56.563897127258016,52.836104018553385
Donor_537,GABAergic neuron,H,20.0,53.65717115821907,52.87705872912832
Donor_537,L2/3 intratelencephalic projecting glutamatergic neuron,H,20.0,50.962986387836665,26.99960777429913
Donor_537,L2/3-6 intratelencephalic projecting glutamatergic neuron,H,20.0,46.718789211079354,28.375691132193126
Donor_537,L6 corticothalamic-projecting glutamatergic cortical neuron,H,20.0,61.598872337765044,49.416709381845706
Donor_537,VIP GABAergic interneuron,H,20.0,57.8772186958478,43.82488721282087
Donor_537,astrocyte,H,20.0,62.64332259099314,44.89369913769629
Donor_537,endothelial cell,H,20.0,58.96110741031219,63.10879417154813
Donor_537,lamp5 GABAergic interneuron,H,20.0,54.388832414893805,56.543300560314655
Donor_537,microglial cell,H,20.0,66.42774995688956,59.3659921525178
Donor_537,oligodendrocyte,H,20.0,58.409175226647264,50.30326878167169
Donor_537,oligodendrocyte precursor cell,H,20.0,55.717734725781966,41.040596250196984
Donor_537,pericyte,H,20.0,58.00779620626566,59.45725449244483
Donor_537,pvalb GABAergic interneuron,H,20.0,47.32326113643213,49.586978440691354
Donor_537,sst GABAergic interneuron,H,20.0,53.353458894955466,42.30855782354872
Donor_544,GABAergic neuron,M,59.0,58.82009814097304,65.7168133995142
Donor_544,L2/3 intratelencephalic projecting glutamatergic neuron,M,59.0,64.54512984683198,57.16751652430417
Donor_544,L2/3-6 intratelencephalic projecting glutamatergic neuron,M,59.0,59.20970590034878,58.76562120253408
Donor_544,L5/6 near-projecting glutamatergic neuron,M,59.0,57.095028205201665,52.533251055904145
Donor_544,L6 corticothalamic-projecting glutamatergic cortical neuron,M,59.0,52.99188918862757,69.18114402750585
Donor_544,L6 intratelencephalic projecting glutamatergic neuron,M,59.0,53.880301582740344,65.11871683630022
Donor_544,L6b glutamatergic neuron of the primary motor cortex,M,59.0,62.96370029428784,64.76318147205833
Donor_544,VIP GABAergic interneuron,M,59.0,53.74245220101303,55.42251661712605
Donor_544,astrocyte,M,59.0,52.62336121692388,74.17134626109777
Donor_544,lamp5 GABAergic interneuron,M,59.0,57.336116072538104,68.09733470819381
Donor_544,microglial cell,M,59.0,51.41764275645819,57.94419999145006
Donor_544,oligodendrocyte,M,59.0,57.04962598899331,71.30452304430814
Donor_544,oligodendrocyte precursor cell,M,59.0,51.57755106548848,67.39308784650105
Donor_544,pvalb GABAergic interneuron,M,59.0,49.809172037802924,58.211031473556005
Donor_544,sst GABAergic interneuron,M,59.0,54.98271841445863,59.20439690438532
Donor_563,GABAergic neuron,H,55.0,56.31202005447154,61.745864617002695
Donor_563,L2/3 intratelencephalic projecting glutamatergic neuron,H,55.0,57.02392000046051,59.264258434109806
Donor_563,L2/3-6 intratelencephalic projecting glutamatergic neuron,H,55.0,53.06079656089193,53.04515547411799
Donor_563,L5/6 near-projecting glutamatergic neuron,H,55.0,63.62348494986901,59.99943291971468
Donor_563,L6 corticothalamic-projecting glutamatergic cortical neuron,H,55.0,55.260883716155796,62.735018847094004
Donor_563,L6 intratelencephalic projecting glutamatergic neuron,H,55.0,58.091863008437656,64.14723294138331
Donor_563,L6b glutamatergic neuron of the primary motor cortex,H,55.0,60.93890292686631,61.449680455518894
Donor_563,VIP GABAergic interneuron,H,55.0,63.49845106692852,59.59498149153798
Donor_563,astrocyte,H,55.0,51.83265308994025,50.92239203393531
Donor_563,endothelial cell,H,55.0,62.83829091462242,48.96090519042121
Donor_563,lamp5 GABAergic interneuron,H,55.0,57.73407523677134,58.774487564866085
Donor_563,microglial cell,H,55.0,54.14874716464531,47.83560451321607
Donor_563,oligodendrocyte,H,55.0,57.84624668709505,55.096860892146836
Donor_563,oligodendrocyte precursor cell,H,55.0,51.91314371990812,48.827323591259685
Donor_563,pericyte,H,55.0,59.94950018289743,58.8753090276704
Donor_563,pvalb GABAergic interneuron,H,55.0,52.4787213412588,55.29920682561113
Donor_563,sst GABAergic interneuron,H,55.0,52.54159752138837,49.112805474895225
Donor_565,GABAergic neuron,M,62.0,54.609038653579375,53.85559503087934
Donor_565,L2/3 intratelencephalic projecting glutamatergic neuron,M,62.0,54.24223560595266,58.64703043867895
Donor_565,L2/3-6 intratelencephalic projecting glutamatergic neuron,M,62.0,57.81477630302468,60.35327648328441
Donor_565,L5/6 near-projecting glutamatergic neuron,M,62.0,49.147187628824454,48.084816987532
Donor_565,L6 corticothalamic-projecting glutamatergic cortical neuron,M,62.0,43.88422752012544,56.30386744341139
Donor_565,L6 intratelencephalic projecting glutamatergic neuron,M,62.0,51.32750814977284,59.21968964929671
Donor_565,L6b glutamatergic neuron of the primary motor cortex,M,62.0,49.54328848185162,46.193502315297
Donor_565,VIP GABAergic interneuron,M,62.0,45.07198612699463,51.1997014678085
Donor_565,astrocyte,M,62.0,41.44142914066349,51.3828941977341
Donor_565,endothelial cell,M,62.0,28.610116894976336,61.24513035179662
Donor_565,lamp5 GABAergic interneuron,M,62.0,43.86036000019454,45.73771126232056
Donor_565,microglial cell,M,62.0,53.77758340540454,42.85796530163837
Donor_565,oligodendrocyte,M,62.0,44.96319782939468,59.86379357360916
Donor_565,oligodendrocyte precursor cell,M,62.0,37.577920003273555,63.10119109562799
Donor_565,pvalb GABAergic interneuron,M,62.0,43.02296080334468,51.87900702926108
Donor_565,sst GABAergic interneuron,M,62.0,48.54065686564709,57.24028799509016
Donor_591,L2/3 intratelencephalic projecting glutamatergic neuron,M,48.0,48.2047386058603,40.46015461477145
Donor_591,astrocyte,M,48.0,43.25357469107202,51.99345010766916
Donor_591,microglial cell,M,48.0,32.68467673633101,33.42383886506586
Donor_591,oligodendrocyte,M,48.0,41.8581281979646,40.587258320523325
Donor_591,oligodendrocyte precursor cell,M,48.0,38.56317337050961,46.287733294909934
Donor_591,sst GABAergic interneuron,M,48.0,32.112812322013475,28.87996188989313
Donor_61,GABAergic neuron,M,78.0,58.50457167499765,66.86761191081209
Donor_61,L2/3 intratelencephalic projecting glutamatergic neuron,M,78.0,68.75033410917078,70.46344252393024
Donor_61,L2/3-6 intratelencephalic projecting glutamatergic neuron,M,78.0,58.68935839750219,64.61441636859877
Donor_61,L6 corticothalamic-projecting glutamatergic cortical neuron,M,78.0,54.85805580858587,58.34936565760411
Donor_61,L6 intratelencephalic projecting glutamatergic neuron,M,78.0,57.1378385096431,65.2390892107795
Donor_61,VIP GABAergic interneuron,M,78.0,54.47578315296374,61.93427794461789
Donor_61,astrocyte,M,78.0,58.35045171445115,68.9902874904904
Donor_61,lamp5 GABAergic interneuron,M,78.0,53.665468744580025,69.7664176569544
Donor_61,microglial cell,M,78.0,58.507189534631976,67.54045899294525
Donor_61,oligodendrocyte,M,78.0,53.10598386433535,61.842943949980736
Donor_61,oligodendrocyte precursor cell,M,78.0,58.8654156216877,64.37055534922791
Donor_61,pvalb GABAergic interneuron,M,78.0,57.72593718121044,49.81398767352391
Donor_61,sst GABAergic interneuron,M,78.0,48.83486245403264,53.77736318150042
Donor_611,GABAergic neuron,H,45.0,61.644389683340286,59.77710482995926
Donor_611,L2/3 intratelencephalic projecting glutamatergic neuron,H,45.0,48.10189946325872,51.04252360918743
Donor_611,L2/3-6 intratelencephalic projecting glutamatergic neuron,H,45.0,52.94144788177554,55.49414864408455
Donor_611,L5/6 near-projecting glutamatergic neuron,H,45.0,58.3579681214915,54.73750548969212
Donor_611,VIP GABAergic interneuron,H,45.0,57.69571455280453,57.804856003904675
Donor_611,astrocyte,H,45.0,47.88256697618681,52.90145838913359
Donor_611,endothelial cell,H,45.0,52.46016402336109,45.613040401703906
Donor_611,lamp5 GABAergic interneuron,H,45.0,56.66741908133493,62.21128503075688
Donor_611,microglial cell,H,45.0,53.55904367107094,48.609250891410056
Donor_611,oligodendrocyte,H,45.0,54.90912366728799,49.87149442678372
Donor_611,oligodendrocyte precursor cell,H,45.0,48.50403116765219,50.59465004257082
Donor_611,pericyte,H,45.0,57.36220793694235,56.48200081691444
Donor_611,pvalb GABAergic interneuron,H,45.0,51.50715053446831,51.50930310090652
Donor_611,smooth muscle cell,H,45.0,,
Donor_611,sst GABAergic interneuron,H,45.0,57.08794365069408,52.0350141720758
Donor_611,vascular leptomeningeal cell,H,45.0,62.283878846258425,54.729242185519354
Donor_625,L2/3 intratelencephalic projecting glutamatergic neuron,M,66.0,74.92905160463931,67.52785123600941
Donor_625,L2/3-6 intratelencephalic projecting glutamatergic neuron,M,66.0,65.36913429554284,66.64233337412136
Donor_625,VIP GABAergic interneuron,M,66.0,51.698916206125894,62.9126655956548
Donor_625,astrocyte,M,66.0,59.60290444156246,83.57184553842416
Donor_625,microglial cell,M,66.0,58.44663095872933,75.60120914646278
Donor_625,oligodendrocyte,M,66.0,51.17278004456541,64.83407074995236
Donor_625,oligodendrocyte precursor cell,M,66.0,49.34588315621834,75.41464432625838
Donor_625,pvalb GABAergic interneuron,M,66.0,52.652257006562614,64.14261326390384
Donor_627,GABAergic neuron,M,66.0,51.7886585885425,42.32627882011864
Donor_627,L2/3 intratelencephalic projecting glutamatergic neuron,M,66.0,59.66242218307249,63.75116637805333
Donor_627,L2/3-6 intratelencephalic projecting glutamatergic neuron,M,66.0,57.556706120894816,62.68448152666657
Donor_627,L5/6 near-projecting glutamatergic neuron,M,66.0,47.15037225163775,58.11202813080483
Donor_627,L6 corticothalamic-projecting glutamatergic cortical neuron,M,66.0,50.08394383522006,55.78308565749579
Donor_627,L6 intratelencephalic projecting glutamatergic neuron,M,66.0,49.78402448651182,70.79211365554974
Donor_627,VIP GABAergic interneuron,M,66.0,47.137758031702575,56.64089187901318
Donor_627,astrocyte,M,66.0,50.31612473029464,54.21545072992829
Donor_627,endothelial cell,M,66.0,50.60509614098863,50.10931353883871
Donor_627,lamp5 GABAergic interneuron,M,66.0,51.602058619805476,55.46211452994393
Donor_627,microglial cell,M,66.0,46.93789482207913,44.08681192772708
Donor_627,oligodendrocyte,M,66.0,57.09254804338427,62.82189149827013
Donor_627,oligodendrocyte precursor cell,M,66.0,48.47494247360896,60.75193560119309
Donor_627,pericyte,M,66.0,53.55974274635289,54.461619634614365
Donor_627,pvalb GABAergic interneuron,M,66.0,48.68950141623735,56.74256145611479
Donor_627,sst GABAergic interneuron,M,66.0,58.679035365493526,62.42125045463586
Donor_628,GABAergic neuron,H,46.0,71.5330952360878,56.21893111917875
Donor_628,L2/3 intratelencephalic projecting glutamatergic neuron,H,46.0,70.70991315444451,56.1388282817762
Donor_628,L2/3-6 intratelencephalic projecting glutamatergic neuron,H,46.0,60.718249630879974,53.522585028087875
Donor_628,VIP GABAergic interneuron,H,46.0,65.87547281051637,67.7528613652374
Donor_628,astrocyte,H,46.0,60.188222511805655,41.34614953700758
Donor_628,lamp5 GABAergic interneuron,H,46.0,66.25565194927358,70.41884144323741
Donor_628,microglial cell,H,46.0,60.40311240140089,64.20260793499577
Donor_628,oligodendrocyte,H,46.0,75.3498493859886,61.55259869807719
Donor_628,oligodendrocyte precursor cell,H,46.0,55.25247664500208,43.01112446166385
Donor_628,pvalb GABAergic interneuron,H,46.0,69.75023054371681,45.78565715118598
Donor_632,GABAergic neuron,H,71.0,55.941935962181496,57.529999941952404
Donor_632,L2/3 intratelencephalic projecting glutamatergic neuron,H,71.0,58.39726973739748,66.21013060065617
Donor_632,VIP GABAergic interneuron,H,71.0,61.04524456824476,63.34212320449674
Donor_632,astrocyte,H,71.0,63.15038426537851,63.397930164834676
Donor_632,lamp5 GABAergic interneuron,H,71.0,58.01938531533433,60.95530323527081
Donor_632,microglial cell,H,71.0,62.17396564305515,65.12343674011994
Donor_632,oligodendrocyte,H,71.0,61.390127020329885,59.86635843416794
Donor_632,oligodendrocyte precursor cell,H,71.0,57.24203583637811,72.67747355160276
Donor_632,pvalb GABAergic interneuron,H,71.0,54.28599794233661,56.15835579682064
Donor_632,sst GABAergic interneuron,H,71.0,57.66117710138508,59.82419567031779
Donor_637,GABAergic neuron,M,49.0,52.04921282654726,50.80946449566638
Donor_637,L2/3 intratelencephalic projecting glutamatergic neuron,M,49.0,58.14869971982934,56.44395592137316
Donor_637,L2/3-6 intratelencephalic projecting glutamatergic neuron,M,49.0,59.09542598530852,56.40061522413929
Donor_637,L5/6 near-projecting glutamatergic neuron,M,49.0,56.08913470484288,60.04298450918098
Donor_637,L6 corticothalamic-projecting glutamatergic cortical neuron,M,49.0,53.066674499094134,58.43766591865837
Donor_637,L6 intratelencephalic projecting glutamatergic neuron,M,49.0,64.24770127916968,65.78293794568553
Donor_637,L6b glutamatergic neuron of the primary motor cortex,M,49.0,54.97119243785207,51.67318518120477
Donor_637,VIP GABAergic interneuron,M,49.0,50.07724627392792,47.81897976557945
Donor_637,astrocyte,M,49.0,57.48935286825006,53.79849632373025
Donor_637,endothelial cell,M,49.0,38.15904576386025,54.54255878296159
Donor_637,lamp5 GABAergic interneuron,M,49.0,54.64148058809497,53.422082386161854
Donor_637,microglial cell,M,49.0,43.04094877192628,55.39815427802803
Donor_637,oligodendrocyte,M,49.0,58.75877660740221,68.54430495520313
Donor_637,oligodendrocyte precursor cell,M,49.0,55.742205128678,53.95345165568091
Donor_637,pericyte,M,49.0,46.10313613612261,49.75984520970589
Donor_637,pvalb GABAergic interneuron,M,49.0,57.50436845617361,57.17490529073177
Donor_637,sst GABAergic interneuron,M,49.0,54.28662417927984,54.10814796994262
Donor_640,L2/3 intratelencephalic projecting glutamatergic neuron,M,45.0,36.39462503842845,44.36232473157486
Donor_640,L2/3-6 intratelencephalic projecting glutamatergic neuron,M,45.0,18.947721063523403,34.718081571460274
Donor_640,VIP GABAergic interneuron,M,45.0,40.5594665713893,39.75378572677126
Donor_640,astrocyte,M,45.0,35.2726770136506,40.81412567769378
Donor_640,microglial cell,M,45.0,34.41695643563826,32.19932757110245
Donor_640,oligodendrocyte,M,45.0,32.35432634859629,36.25052402389774
Donor_640,oligodendrocyte precursor cell,M,45.0,32.401084322190876,40.23033092379473
Donor_640,pvalb GABAergic interneuron,M,45.0,31.385304009638254,18.44263407538305
Donor_640,sst GABAergic interneuron,M,45.0,30.108286835544185,39.47216121648784
Donor_646,GABAergic neuron,H,58.0,49.94133166855276,60.13907807227803
Donor_646,L2/3 intratelencephalic projecting glutamatergic neuron,H,58.0,45.47128210425488,53.18706623038125
Donor_646,L2/3-6 intratelencephalic projecting glutamatergic neuron,H,58.0,48.752732011162095,56.17503529273753
Donor_646,L6 corticothalamic-projecting glutamatergic cortical neuron,H,58.0,55.5689474978365,51.613846281159
Donor_646,L6 intratelencephalic projecting glutamatergic neuron,H,58.0,54.903398185701775,47.20412642448975
Donor_646,VIP GABAergic interneuron,H,58.0,56.20947585908614,57.25174970757373
Donor_646,astrocyte,H,58.0,53.00277646346945,57.605854642185314
Donor_646,endothelial cell,H,58.0,58.22468918652497,52.65479743341313
Donor_646,lamp5 GABAergic interneuron,H,58.0,61.76139249433829,57.80555722149336
Donor_646,microglial cell,H,58.0,54.535253051359426,52.08300739186731
Donor_646,oligodendrocyte,H,58.0,44.47887139801365,43.27931357347767
Donor_646,oligodendrocyte precursor cell,H,58.0,45.57601887321874,53.19982379282515
Donor_646,pericyte,H,58.0,58.87440796703318,55.17064965834003
Donor_646,pvalb GABAergic interneuron,H,58.0,49.170380288760796,54.83774987104638
Donor_646,sst GABAergic interneuron,H,58.0,53.65374817208213,61.41774131076647
Donor_65,GABAergic neuron,M,61.0,53.87424373536665,39.33124478446502
Donor_65,L2/3 intratelencephalic projecting glutamatergic neuron,M,61.0,62.00146777203269,59.30945120547814
Donor_65,L2/3-6 intratelencephalic projecting glutamatergic neuron,M,61.0,61.385683208440945,58.7552173604173
Donor_65,L6 corticothalamic-projecting glutamatergic cortical neuron,M,61.0,57.69295958722409,57.84402471287723
Donor_65,L6 intratelencephalic projecting glutamatergic neuron,M,61.0,56.937990925086766,57.1347796277895
Donor_65,L6b glutamatergic neuron of the primary motor cortex,M,61.0,53.60207203554503,54.20493853569916
Donor_65,VIP GABAergic interneuron,M,61.0,47.41747373733359,49.13209746021609
Donor_65,astrocyte,M,61.0,34.97931361060578,51.44183019616108
Donor_65,lamp5 GABAergic interneuron,M,61.0,51.250310488998906,49.94501468346814
Donor_65,microglial cell,M,61.0,43.13822228001374,46.92854716638411
Donor_65,oligodendrocyte,M,61.0,55.15170360031229,59.6123998469428
Donor_65,oligodendrocyte precursor cell,M,61.0,56.08330749143718,60.872620098026005
Donor_65,pvalb GABAergic interneuron,M,61.0,49.95685326194883,63.945063109033086
Donor_65,sst GABAergic interneuron,M,61.0,51.85554177436043,54.6654467249369
Donor_650,L2/3 intratelencephalic projecting glutamatergic neuron,H,73.0,58.944815447580005,64.67708361342957
Donor_650,L2/3-6 intratelencephalic projecting glutamatergic neuron,H,73.0,61.37877569634792,64.10422064602793
Donor_650,L6 corticothalamic-projecting glutamatergic cortical neuron,H,73.0,59.794170622383675,61.51975390987188
Donor_650,L6 intratelencephalic projecting glutamatergic neuron,H,73.0,55.89470425169149,59.94645624510973
Donor_650,L6b glutamatergic neuron of the primary motor cortex,H,73.0,55.94182622383919,55.1327713589931
Donor_650,VIP GABAergic interneuron,H,73.0,65.02851997256626,58.214342146811894
Donor_650,astrocyte,H,73.0,61.313405810001875,63.72959270886264
Donor_650,endothelial cell,H,73.0,54.97453952131664,56.833381794530936
Donor_650,lamp5 GABAergic interneuron,H,73.0,58.990570917258225,57.21672952462451
Donor_650,microglial cell,H,73.0,70.31155773318193,62.884078836122335
Donor_650,oligodendrocyte,H,73.0,66.75786031671376,65.4789696776626
Donor_650,oligodendrocyte precursor cell,H,73.0,60.0706279437075,65.19801221416448
Donor_650,pericyte,H,73.0,57.73204433067116,58.509108922083975
Donor_650,pvalb GABAergic interneuron,H,73.0,60.935704895938535,59.38607123141762
Donor_650,sst GABAergic interneuron,H,73.0,59.34679380191273,63.52721453372425
Donor_651,L2/3 intratelencephalic projecting glutamatergic neuron,M,69.0,46.90754694133627,60.78748890346897
Donor_651,L2/3-6 intratelencephalic projecting glutamatergic neuron,M,69.0,36.736531939553785,71.32665915804097
Donor_651,VIP GABAergic interneuron,M,69.0,49.778634604003564,65.27544664667948
Donor_651,astrocyte,M,69.0,52.72500584265665,61.85055813680339
Donor_651,endothelial cell,M,69.0,54.530908279785265,58.424044274211596
Donor_651,lamp5 GABAergic interneuron,M,69.0,54.82880672495498,72.02662880813223
Donor_651,microglial cell,M,69.0,67.97175269787397,73.60315019660828
Donor_651,oligodendrocyte,M,69.0,48.056359686742425,67.2379235536624
Donor_651,oligodendrocyte precursor cell,M,69.0,56.679842518491284,70.86506984439384
Donor_651,pericyte,M,69.0,45.60332759373526,50.644286791481136
Donor_651,pvalb GABAergic interneuron,M,69.0,19.659122779302344,65.98789790260277
Donor_663,GABAergic neuron,M,38.0,49.19141563451202,45.72305906957274
Donor_663,L2/3 intratelencephalic projecting glutamatergic neuron,M,38.0,43.317681762591334,35.92159146646783
Donor_663,L2/3-6 intratelencephalic projecting glutamatergic neuron,M,38.0,36.59829803613823,40.283730482171066
Donor_663,VIP GABAergic interneuron,M,38.0,47.735675044822784,38.13832580369102
Donor_663,astrocyte,M,38.0,44.21044954662882,34.78610130913236
Donor_663,endothelial cell,M,38.0,44.721177973097596,29.615615939078417
Donor_663,lamp5 GABAergic interneuron,M,38.0,47.774317363854465,39.446280543227324
Donor_663,microglial cell,M,38.0,49.10738327469089,35.28398547988932
Donor_663,oligodendrocyte,M,38.0,58.79752659940499,42.90457741021044
Donor_663,oligodendrocyte precursor cell,M,38.0,46.09682117739148,32.83648341689242
Donor_663,pericyte,M,38.0,45.327315576049266,40.82352160008659
Donor_663,perivascular macrophage,M,38.0,37.816214989835636,41.24143084875434
Donor_663,pvalb GABAergic interneuron,M,38.0,48.75713129010532,42.61844568700327
Donor_663,smooth muscle cell,M,38.0,44.82507654621199,46.41126069873878
Donor_663,sst GABAergic interneuron,M,38.0,46.5551890680507,34.00060082234414
Donor_663,vascular leptomeningeal cell,M,38.0,51.76978276447771,50.28885188743262
Donor_666,GABAergic neuron,H,24.0,56.58986037395322,46.39091019788968
Donor_666,L2/3 intratelencephalic projecting glutamatergic neuron,H,24.0,36.70446910123825,11.915056738478945
Donor_666,L2/3-6 intratelencephalic projecting glutamatergic neuron,H,24.0,46.11242490899566,31.50601143356868
Donor_666,L5/6 near-projecting glutamatergic neuron,H,24.0,53.84344791458362,46.10490724594388
Donor_666,L6 corticothalamic-projecting glutamatergic cortical neuron,H,24.0,46.65653129119579,39.70587722536351
Donor_666,L6 intratelencephalic projecting glutamatergic neuron,H,24.0,47.59571714476648,37.40959634640952
Donor_666,VIP GABAergic interneuron,H,24.0,47.47213923967375,35.72253389110645
Donor_666,astrocyte,H,24.0,47.863080138332606,32.16387824618943
Donor_666,endothelial cell,H,24.0,58.483993233824236,51.06407624380742
Donor_666,lamp5 GABAergic interneuron,H,24.0,48.246729015367976,46.731312772741106
Donor_666,microglial cell,H,24.0,55.82285562146153,54.71556234027703
Donor_666,oligodendrocyte,H,24.0,46.45607536859552,28.37472249168485
Donor_666,oligodendrocyte precursor cell,H,24.0,48.28683406040317,37.60599105338243
Donor_666,pericyte,H,24.0,57.849949360136875,54.98248773726016
Donor_666,perivascular macrophage,H,24.0,73.10242664939429,73.88753332537574
Donor_666,pvalb GABAergic interneuron,H,24.0,46.31846779284015,41.32582098663284
Donor_666,sst GABAergic interneuron,H,24.0,47.747414491921916,35.298468312056286
Donor_666,vascular leptomeningeal cell,H,24.0,62.54404569113586,71.6973306781129
Donor_668,L2/3 intratelencephalic projecting glutamatergic neuron,H,51.0,53.13260191843162,57.338640350947806
Donor_668,L2/3-6 intratelencephalic projecting glutamatergic neuron,H,51.0,49.34489437827526,55.19405399744281
Donor_668,L5/6 near-projecting glutamatergic neuron,H,51.0,54.472252254420525,58.77099618648785
Donor_668,L6 corticothalamic-projecting glutamatergic cortical neuron,H,51.0,52.574448408163434,47.92771913654434
Donor_668,L6 intratelencephalic projecting glutamatergic neuron,H,51.0,53.04829978067544,54.09126117446203
Donor_668,L6b glutamatergic neuron of the primary motor cortex,H,51.0,58.55073171789107,58.14747526670437
Donor_668,VIP GABAergic interneuron,H,51.0,63.85548754135272,47.638424095635116
Donor_668,astrocyte,H,51.0,55.46142533475644,51.414529367500734
Donor_668,endothelial cell,H,51.0,52.68447376015641,46.369358979219136
Donor_668,lamp5 GABAergic interneuron,H,51.0,59.34488854114322,56.541201739502526
Donor_668,microglial cell,H,51.0,64.56502782727019,60.27555101374846
Donor_668,oligodendrocyte,H,51.0,60.54701809382893,51.899543472353706
Donor_668,oligodendrocyte precursor cell,H,51.0,58.53131411862159,50.47199279520338
Donor_668,pericyte,H,51.0,61.496768202659794,57.2841543466399
Donor_668,pvalb GABAergic interneuron,H,51.0,60.70828305853628,46.365080819733315
Donor_668,sst GABAergic interneuron,H,51.0,52.546579514663264,56.821626482286156
Donor_672,GABAergic neuron,H,57.0,54.34780194182569,59.04469140811399
Donor_672,L2/3 intratelencephalic projecting glutamatergic neuron,H,57.0,55.66642434146202,57.58691153889613
Donor_672,L2/3-6 intratelencephalic projecting glutamatergic neuron,H,57.0,55.35086311904041,56.637632618168794
Donor_672,L5/6 near-projecting glutamatergic neuron,H,57.0,55.047063967250075,63.2732197951932
Donor_672,L6 corticothalamic-projecting glutamatergic cortical neuron,H,57.0,56.57764151293732,56.57213633517863
Donor_672,L6 intratelencephalic projecting glutamatergic neuron,H,57.0,59.97786642962515,64.43426618752194
Donor_672,L6b glutamatergic neuron of the primary motor cortex,H,57.0,61.58747440191449,66.52445655197258
Donor_672,VIP GABAergic interneuron,H,57.0,57.12705561085878,59.38118764088358
Donor_672,astrocyte,H,57.0,55.82401854116801,59.48146891548835
Donor_672,endothelial cell,H,57.0,57.785224424916514,62.65756202593723
Donor_672,lamp5 GABAergic interneuron,H,57.0,52.8721686310145,54.13125472819197
Donor_672,microglial cell,H,57.0,61.546542440692896,73.72312211960586
Donor_672,oligodendrocyte,H,57.0,72.88899457328111,52.795403747227226
Donor_672,oligodendrocyte precursor cell,H,57.0,58.81791450743378,58.22787516576692
Donor_672,pericyte,H,57.0,60.41526116395287,61.58296033719238
Donor_672,pvalb GABAergic interneuron,H,57.0,53.96199343173938,62.51492395825566
Donor_672,sst GABAergic interneuron,H,57.0,45.959220507146846,51.681231903842075
Donor_675,GABAergic neuron,H,53.0,55.922729131336574,58.46808047058536
Donor_675,L2/3 intratelencephalic projecting glutamatergic neuron,H,53.0,60.521407816034056,62.0495592988884
Donor_675,L2/3-6 intratelencephalic projecting glutamatergic neuron,H,53.0,58.6009756608268,62.32342103429933
Donor_675,L5/6 near-projecting glutamatergic neuron,H,53.0,59.706416649221566,59.08575741123902
Donor_675,L6 corticothalamic-projecting glutamatergic cortical neuron,H,53.0,54.98200760599549,58.24864504191738
Donor_675,L6 intratelencephalic projecting glutamatergic neuron,H,53.0,57.15495718825569,63.21712871686929
Donor_675,L6b glutamatergic neuron of the primary motor cortex,H,53.0,58.82061625158395,65.48610752156208
Donor_675,VIP GABAergic interneuron,H,53.0,63.3360389849244,72.72395793249848
Donor_675,astrocyte,H,53.0,61.41000889803523,61.93829698189267
Donor_675,endothelial cell,H,53.0,59.498544281785236,57.84139602298437
Donor_675,lamp5 GABAergic interneuron,H,53.0,59.7009712630653,68.30042276510105
Donor_675,microglial cell,H,53.0,58.385956273960474,54.92850783341599
Donor_675,oligodendrocyte,H,53.0,59.83814315495735,62.3227732266692
Donor_675,oligodendrocyte precursor cell,H,53.0,57.322920819242,52.43186727036742
Donor_675,pericyte,H,53.0,56.73308806759947,62.858583843055875
Donor_675,pvalb GABAergic interneuron,H,53.0,59.94764107337207,56.00304090675448
Donor_675,sst GABAergic interneuron,H,53.0,54.35069533591755,58.99067605793433
Donor_675,vascular leptomeningeal cell,H,53.0,63.548184360723106,62.70158917431205
Donor_676,GABAergic neuron,M,36.0,44.83073841313191,20.024549402414998
Donor_676,L2/3 intratelencephalic projecting glutamatergic neuron,M,36.0,37.78714516411193,35.75943318702865
Donor_676,L2/3-6 intratelencephalic projecting glutamatergic neuron,M,36.0,37.7035773442873,32.549846638069596
Donor_676,L6 corticothalamic-projecting glutamatergic cortical neuron,M,36.0,46.368243647565684,40.82090378863204
Donor_676,VIP GABAergic interneuron,M,36.0,42.13293836211762,32.83394439559811
Donor_676,astrocyte,M,36.0,39.48530071189823,42.74896362061223
Donor_676,endothelial cell,M,36.0,47.81609359182277,49.864054820867686
Donor_676,microglial cell,M,36.0,56.692884050408075,63.359288844962734
Donor_676,oligodendrocyte,M,36.0,45.53509431246877,43.87445858056498
Donor_676,oligodendrocyte precursor cell,M,36.0,42.95980935872324,44.3472967488917
Donor_676,pericyte,M,36.0,48.411897154340494,45.806798128906664
Donor_676,pvalb GABAergic interneuron,M,36.0,49.949109151705,33.03317492214537
Donor_676,sst GABAergic interneuron,M,36.0,50.409990116607496,39.2611304948114
Donor_680,GABAergic neuron,M,63.0,40.154023896305546,53.400308153841436
Donor_680,L2/3 intratelencephalic projecting glutamatergic neuron,M,63.0,45.917508643164965,53.25740888985423
Donor_680,L2/3-6 intratelencephalic projecting glutamatergic neuron,M,63.0,39.398908939987514,54.56708756588356
Donor_680,L6 corticothalamic-projecting glutamatergic cortical neuron,M,63.0,37.8932000950672,45.63754752737075
Donor_680,VIP GABAergic interneuron,M,63.0,34.59491839648719,38.752546040253215
Donor_680,astrocyte,M,63.0,34.8858632812793,53.778067160122234
Donor_680,lamp5 GABAergic interneuron,M,63.0,35.61245751340599,35.5687668374304
Donor_680,microglial cell,M,63.0,36.38978645279331,56.25541439609585
Donor_680,oligodendrocyte,M,63.0,43.851226349181566,53.166234896664776
Donor_680,oligodendrocyte precursor cell,M,63.0,45.34653795564511,48.82248938449722
Donor_680,pericyte,M,63.0,37.72570410322517,42.101902669698916
Donor_680,pvalb GABAergic interneuron,M,63.0,34.604612198438176,46.78898634045072
Donor_680,sst GABAergic interneuron,M,63.0,34.63622835290834,45.38755324556653
Donor_684,L2/3-6 intratelencephalic projecting glutamatergic neuron,M,59.0,55.83205356728318,62.54962369280561
Donor_684,VIP GABAergic interneuron,M,59.0,51.883193620476646,44.34552929047459
Donor_684,astrocyte,M,59.0,50.79242058910411,58.091238400605505
Donor_684,microglial cell,M,59.0,53.44916489422476,65.66727261336416
Donor_684,oligodendrocyte,M,59.0,54.44966372449152,53.33377704367589
Donor_684,oligodendrocyte precursor cell,M,59.0,43.89593493440991,59.03894988275678
Donor_684,sst GABAergic interneuron,M,59.0,47.12870563213711,62.69336052425109
Donor_691,L2/3-6 intratelencephalic projecting glutamatergic neuron,H,48.0,60.32848861311646,63.88335546160221
Donor_691,L6 corticothalamic-projecting glutamatergic cortical neuron,H,48.0,58.752597907295744,60.82294778198303
Donor_691,L6 intratelencephalic projecting glutamatergic neuron,H,48.0,53.18292556012793,67.98203471740821
Donor_691,L6b glutamatergic neuron of the primary motor cortex,H,48.0,57.72209512935573,62.46475304946235
Donor_691,astrocyte,H,48.0,51.0322674965513,54.38617993307874
Donor_691,microglial cell,H,48.0,54.69435198986972,55.11277102135746
Donor_691,oligodendrocyte,H,48.0,56.86694257932506,50.075257907755415
Donor_691,oligodendrocyte precursor cell,H,48.0,56.94953591023541,61.9382502118961
Donor_691,sst GABAergic interneuron,H,48.0,58.343756874550394,65.35887645519932
Donor_693,GABAergic neuron,H,63.0,66.11613413309948,68.57694576530157
Donor_693,L2/3 intratelencephalic projecting glutamatergic neuron,H,63.0,54.04335022814296,53.01528452441996
Donor_693,L2/3-6 intratelencephalic projecting glutamatergic neuron,H,63.0,57.52278361513929,57.832402767235166
Donor_693,VIP GABAergic interneuron,H,63.0,63.61158038966653,67.34915347804385
Donor_693,astrocyte,H,63.0,59.72107890506042,59.59973670910415
Donor_693,lamp5 GABAergic interneuron,H,63.0,64.50463212058479,66.47907856497534
Donor_693,oligodendrocyte,H,63.0,52.77902715282003,55.98202616896568
Donor_693,oligodendrocyte precursor cell,H,63.0,60.61933819737898,60.19825654263948
Donor_696,GABAergic neuron,H,31.0,58.211146157184224,47.039828959664725
Donor_696,L2/3 intratelencephalic projecting glutamatergic neuron,H,31.0,47.69457101751105,38.990121378964204
Donor_696,L2/3-6 intratelencephalic projecting glutamatergic neuron,H,31.0,50.206808553579386,47.74992152593271
Donor_696,VIP GABAergic interneuron,H,31.0,55.152937964716145,57.891074485652766
Donor_696,astrocyte,H,31.0,61.698657457921456,41.37788112177432
Donor_696,endothelial cell,H,31.0,63.017340916441306,54.560821292929035
Donor_696,lamp5 GABAergic interneuron,H,31.0,56.473102704167886,51.87354233894277
Donor_696,microglial cell,H,31.0,62.423261645998835,50.39130146769013
Donor_696,oligodendrocyte,H,31.0,60.79757579644996,30.954442075001317
Donor_696,oligodendrocyte precursor cell,H,31.0,59.56280250368043,45.077609792603084
Donor_696,pericyte,H,31.0,58.14929983669459,52.13533381199843
Donor_696,pvalb GABAergic interneuron,H,31.0,64.10080873065468,51.74337073515148
Donor_696,sst GABAergic interneuron,H,31.0,58.14871475979213,47.24208246072463
Donor_696,vascular leptomeningeal cell,H,31.0,68.33619367454622,65.18215922831719
Donor_697,GABAergic neuron,M,65.0,51.700411674201334,52.32781353173384
Donor_697,L2/3 intratelencephalic projecting glutamatergic neuron,M,65.0,63.81879346092664,74.86169356435622
Donor_697,L2/3-6 intratelencephalic projecting glutamatergic neuron,M,65.0,65.3901807660817,69.46796453413802
Donor_697,L6 corticothalamic-projecting glutamatergic cortical neuron,M,65.0,55.84951558465224,65.04449705463345
Donor_697,L6 intratelencephalic projecting glutamatergic neuron,M,65.0,59.9352653959901,73.8875748753125
Donor_697,L6b glutamatergic neuron of the primary motor cortex,M,65.0,51.279237224406195,64.07990698464454
Donor_697,VIP GABAergic interneuron,M,65.0,57.37470760446551,61.15738371211559
Donor_697,astrocyte,M,65.0,60.94366995966742,72.22424789752694
Donor_697,endothelial cell,M,65.0,51.47307918361376,55.4481261410109
Donor_697,lamp5 GABAergic interneuron,M,65.0,54.502754367130045,54.07743649479041
Donor_697,microglial cell,M,65.0,54.608134073878674,67.96525345940726
Donor_697,oligodendrocyte,M,65.0,53.16628259615875,67.88088713185888
Donor_697,oligodendrocyte precursor cell,M,65.0,54.739055720846125,70.85797363072955
Donor_697,pericyte,M,65.0,41.75998616093215,51.710703205510484
Donor_697,pvalb GABAergic interneuron,M,65.0,48.010936689011196,63.1820550770741
Donor_697,sst GABAergic interneuron,M,65.0,55.06484010169765,59.6898291163746
Donor_698,GABAergic neuron,M,85.0,64.29363811856035,70.16602017706072
Donor_698,L2/3 intratelencephalic projecting glutamatergic neuron,M,85.0,77.06932918085474,77.71707490579627
Donor_698,L2/3-6 intratelencephalic projecting glutamatergic neuron,M,85.0,59.16900372114125,79.3375414380096
Donor_698,VIP GABAergic interneuron,M,85.0,71.20476740935297,77.65968922567225
Donor_698,astrocyte,M,85.0,66.94513887493976,72.8731920680761
Donor_698,lamp5 GABAergic interneuron,M,85.0,73.11760345381083,72.62722214201838
Donor_698,microglial cell,M,85.0,67.36882850125667,80.37502942785929
Donor_698,oligodendrocyte,M,85.0,60.670395472791874,64.50647039551663
Donor_698,oligodendrocyte precursor cell,M,85.0,66.56224117300059,80.30577180631815
Donor_698,pvalb GABAergic interneuron,M,85.0,70.42135786278794,60.78811408692492
Donor_698,sst GABAergic interneuron,M,85.0,68.96172415395036,66.59600849007016
Donor_698,vascular leptomeningeal cell,M,85.0,56.84831964515757,64.71473329197686
Donor_715,L2/3 intratelencephalic projecting glutamatergic neuron,H,30.0,46.88870531319178,39.38485638402159
Donor_715,L2/3-6 intratelencephalic projecting glutamatergic neuron,H,30.0,43.22301958197641,35.06775415727131
Donor_715,L5/6 near-projecting glutamatergic neuron,H,30.0,53.351432560064914,47.088774749288724
Donor_715,L6 corticothalamic-projecting glutamatergic cortical neuron,H,30.0,47.00043541504945,46.06253628821932
Donor_715,L6 intratelencephalic projecting glutamatergic neuron,H,30.0,45.8753366721279,45.04016938102687
Donor_715,L6b glutamatergic neuron of the primary motor cortex,H,30.0,48.563045253631465,54.367981430234266
Donor_715,VIP GABAergic interneuron,H,30.0,50.70534595055245,47.75421936136563
Donor_715,astrocyte,H,30.0,43.49709730583042,42.25154548324912
Donor_715,endothelial cell,H,30.0,56.62269968700233,55.628637499057575
Donor_715,lamp5 GABAergic interneuron,H,30.0,53.619029356288195,54.54863006235631
Donor_715,microglial cell,H,30.0,51.81261502790104,49.19853465777007
Donor_715,oligodendrocyte,H,30.0,44.320297534960766,47.72918205896778
Donor_715,oligodendrocyte precursor cell,H,30.0,48.60159571664313,46.97050532211365
Donor_715,pericyte,H,30.0,55.654678899537615,61.20394317277892
Donor_715,pvalb GABAergic interneuron,H,30.0,45.01575948522608,45.65405203324597
Donor_715,sst GABAergic interneuron,H,30.0,47.0517101662122,48.31537048190435
Donor_718,GABAergic neuron,M,69.0,54.030368800001156,62.56444872484438
Donor_718,L2/3 intratelencephalic projecting glutamatergic neuron,M,69.0,64.49642476206265,68.15107647883387
Donor_718,L2/3-6 intratelencephalic projecting glutamatergic neuron,M,69.0,68.54686711510259,72.91221929286658
Donor_718,L5/6 near-projecting glutamatergic neuron,M,69.0,63.284302049108106,66.48173625311935
Donor_718,L6 corticothalamic-projecting glutamatergic cortical neuron,M,69.0,61.66973038704454,65.54034911256731
Donor_718,L6 intratelencephalic projecting glutamatergic neuron,M,69.0,60.68310818137,66.61527560675991
Donor_718,VIP GABAergic interneuron,M,69.0,44.76134800641917,69.2118018154186
Donor_718,astrocyte,M,69.0,48.89934838148209,76.09583489682717
Donor_718,endothelial cell,M,69.0,48.04050361089657,60.37251209608918
Donor_718,lamp5 GABAergic interneuron,M,69.0,60.257055670667775,68.73767037026433
Donor_718,microglial cell,M,69.0,60.47200489635518,47.199234445171896
Donor_718,oligodendrocyte,M,69.0,54.580947623712845,57.52594076688497
Donor_718,oligodendrocyte precursor cell,M,69.0,58.981510804705486,69.18344669896241
Donor_718,pvalb GABAergic interneuron,M,69.0,50.431824960753644,61.09002627030878
Donor_718,sst GABAergic interneuron,M,69.0,58.33505542611903,65.30564784105889
Donor_72,GABAergic neuron,M,59.0,57.28344226889137,66.3043667049897
Donor_72,L2/3 intratelencephalic projecting glutamatergic neuron,M,59.0,72.9898690587034,66.1235467365982
Donor_72,L2/3-6 intratelencephalic projecting glutamatergic neuron,M,59.0,71.25905767969084,62.97953307403991
Donor_72,L6 corticothalamic-projecting glutamatergic cortical neuron,M,59.0,59.71999572980874,65.53578381654573
Donor_72,L6 intratelencephalic projecting glutamatergic neuron,M,59.0,66.97641038375433,63.97268875079759
Donor_72,L6b glutamatergic neuron of the primary motor cortex,M,59.0,75.7221033355151,61.07270726250177
Donor_72,VIP GABAergic interneuron,M,59.0,54.47038519700559,62.97875390901331
Donor_72,astrocyte,M,59.0,59.9999494943435,46.106702043973186
Donor_72,lamp5 GABAergic interneuron,M,59.0,67.31333674085433,71.20871483016856
Donor_72,microglial cell,M,59.0,42.98494918018308,56.09137887126812
Donor_72,oligodendrocyte,M,59.0,53.608431385593825,47.82089803539522
Donor_72,oligodendrocyte precursor cell,M,59.0,59.01455472455572,71.33954945319641
Donor_72,pvalb GABAergic interneuron,M,59.0,64.54981616676054,58.867608466396824
Donor_72,sst GABAergic interneuron,M,59.0,59.10019600338482,57.103192961083444
Donor_727,L2/3 intratelencephalic projecting glutamatergic neuron,H,67.0,64.46697574904329,66.24706489070807
Donor_727,L2/3-6 intratelencephalic projecting glutamatergic neuron,H,67.0,63.37904020782414,65.2675285946481
Donor_727,L5/6 near-projecting glutamatergic neuron,H,67.0,64.83102037299362,68.26562725385153
Donor_727,L6 corticothalamic-projecting glutamatergic cortical neuron,H,67.0,60.191376579661146,59.22233276189394
Donor_727,L6 intratelencephalic projecting glutamatergic neuron,H,67.0,57.81690385048645,56.55847106078128
Donor_727,L6b glutamatergic neuron of the primary motor cortex,H,67.0,57.86420590788392,54.35171389549994
Donor_727,VIP GABAergic interneuron,H,67.0,65.38219910014652,49.89120005171678
Donor_727,astrocyte,H,67.0,56.42776534051055,60.14437051904032
Donor_727,endothelial cell,H,67.0,56.63665277432454,57.956775288614665
Donor_727,lamp5 GABAergic interneuron,H,67.0,56.31499944314792,62.763230859403315
Donor_727,microglial cell,H,67.0,47.55979811118319,55.51904648897759
Donor_727,oligodendrocyte,H,67.0,56.434573976144726,58.356570611797814
Donor_727,oligodendrocyte precursor cell,H,67.0,57.59047731174556,67.96544274917927
Donor_727,pericyte,H,67.0,55.980582725937936,56.40215251518307
Donor_727,pvalb GABAergic interneuron,H,67.0,58.626407804118465,63.53254522788458
Donor_727,sst GABAergic interneuron,H,67.0,68.98333928418865,65.28758116235699
Donor_737,GABAergic neuron,H,30.0,56.96396585015026,45.30688825905633
Donor_737,L2/3 intratelencephalic projecting glutamatergic neuron,H,30.0,45.76629251960358,28.769151009338763
Donor_737,L2/3-6 intratelencephalic projecting glutamatergic neuron,H,30.0,52.80896145912135,43.36769271941684
Donor_737,L5/6 near-projecting glutamatergic neuron,H,30.0,64.61445186146585,51.46230298023581
Donor_737,L6 corticothalamic-projecting glutamatergic cortical neuron,H,30.0,60.71681757908059,50.14983097466523
Donor_737,L6 intratelencephalic projecting glutamatergic neuron,H,30.0,55.78139816194307,44.91699566173603
Donor_737,L6b glutamatergic neuron of the primary motor cortex,H,30.0,59.683536862894044,48.04884608463257
Donor_737,VIP GABAergic interneuron,H,30.0,55.32842297891419,41.077954209370965
Donor_737,astrocyte,H,30.0,54.42466057841479,49.737304833657326
Donor_737,endothelial cell,H,30.0,54.33039134959793,51.78813352576209
Donor_737,lamp5 GABAergic interneuron,H,30.0,60.043773404324064,47.476945811619906
Donor_737,microglial cell,H,30.0,58.0876838440283,42.353031110280774
Donor_737,oligodendrocyte,H,30.0,58.65372200143014,41.239713962585355
Donor_737,oligodendrocyte precursor cell,H,30.0,56.98857224554487,42.69105546075273
Donor_737,pericyte,H,30.0,56.137829257005116,53.6564953938376
Donor_737,perivascular macrophage,H,30.0,63.28047752265942,54.520453702486165
Donor_737,pvalb GABAergic interneuron,H,30.0,55.1666961752506,48.74236625360731
Donor_737,sst GABAergic interneuron,H,30.0,56.76074505887216,46.60306115724265
Donor_738,L2/3 intratelencephalic projecting glutamatergic neuron,M,80.0,81.82545903195813,77.35663614273291
Donor_738,L2/3-6 intratelencephalic projecting glutamatergic neuron,M,80.0,84.3647318220658,82.49951387925958
Donor_738,L6 intratelencephalic projecting glutamatergic neuron,M,80.0,47.809020827466405,71.94550278158589
Donor_738,VIP GABAergic interneuron,M,80.0,64.78322431892173,65.47039354406223
Donor_738,astrocyte,M,80.0,41.55309299483571,57.39629566608805
Donor_738,endothelial cell,M,80.0,32.657420525919264,51.89435842658136
Donor_738,lamp5 GABAergic interneuron,M,80.0,66.05036899219252,74.79936334698641
Donor_738,microglial cell,M,80.0,54.81829804202015,65.40008714024185
Donor_738,oligodendrocyte,M,80.0,56.52059047870294,80.8574090444767
Donor_738,oligodendrocyte precursor cell,M,80.0,54.138536125288084,87.94711845666185
Donor_738,pvalb GABAergic interneuron,M,80.0,67.04130282849249,70.96554077626057
Donor_738,sst GABAergic interneuron,M,80.0,58.851129864213036,62.70118851656382
Donor_746,GABAergic neuron,H,51.0,64.24723652602002,55.07675891647894
Donor_746,L2/3 intratelencephalic projecting glutamatergic neuron,H,51.0,57.969840855595656,62.14689220659612
Donor_746,L2/3-6 intratelencephalic projecting glutamatergic neuron,H,51.0,59.6450255779064,61.45994625075487
Donor_746,L5/6 near-projecting glutamatergic neuron,H,51.0,66.99708719761104,62.259303187119414
Donor_746,L6 corticothalamic-projecting glutamatergic cortical neuron,H,51.0,62.381353433769405,63.21079312916876
Donor_746,L6 intratelencephalic projecting glutamatergic neuron,H,51.0,64.90396643657968,63.83381751869575
Donor_746,L6b glutamatergic neuron of the primary motor cortex,H,51.0,65.41947294049446,61.33148230296676
Donor_746,VIP GABAergic interneuron,H,51.0,61.76985274025664,55.238247765489135
Donor_746,astrocyte,H,51.0,64.49674374539495,60.39529715378766
Donor_746,endothelial cell,H,51.0,57.303898385571316,44.87688846368072
Donor_746,lamp5 GABAergic interneuron,H,51.0,60.13117634152731,64.42882289014864
Donor_746,microglial cell,H,51.0,56.8271559332231,54.24628710830515
Donor_746,oligodendrocyte,H,51.0,61.00389854224982,55.05070386417725
Donor_746,oligodendrocyte precursor cell,H,51.0,59.63855133755895,54.92800927530993
Donor_746,pericyte,H,51.0,56.482132019084304,62.77032996712603
Donor_746,pvalb GABAergic interneuron,H,51.0,65.08325395549907,64.14469576594003
Donor_746,sst GABAergic interneuron,H,51.0,59.21606333596698,51.6762103679265
Donor_746,vascular leptomeningeal cell,H,51.0,65.76885451704142,54.88424121138191
Donor_751,astrocyte,H,23.0,51.07834363665553,33.49117667361641
Donor_751,endothelial cell,H,23.0,52.89305673668016,53.08647928868888
Donor_751,oligodendrocyte,H,23.0,52.93026097293931,25.85995118905568
Donor_751,oligodendrocyte precursor cell,H,23.0,50.74628309075319,37.21021945923568
Donor_751,pericyte,H,23.0,55.207401497340975,60.1187743590952
Donor_751,smooth muscle cell,H,23.0,,
Donor_751,vascular leptomeningeal cell,H,23.0,56.81588448345019,54.63109381358332
Donor_752,GABAergic neuron,H,20.0,57.77506926813646,51.50995660131318
Donor_752,L2/3 intratelencephalic projecting glutamatergic neuron,H,20.0,31.85541051020837,18.923714862979814
Donor_752,L2/3-6 intratelencephalic projecting glutamatergic neuron,H,20.0,34.225354470983,24.71423591792881
Donor_752,VIP GABAergic interneuron,H,20.0,56.20471710943289,45.61515290683973
Donor_752,astrocyte,H,20.0,52.89391259396748,43.061826489799465
Donor_752,endothelial cell,H,20.0,55.909977918904325,40.59886646119099
Donor_752,lamp5 GABAergic interneuron,H,20.0,58.727849189584106,58.23159921868912
Donor_752,microglial cell,H,20.0,56.36231121140204,43.06722059119578
Donor_752,oligodendrocyte,H,20.0,50.76929062393948,30.46955240608593
Donor_752,oligodendrocyte precursor cell,H,20.0,52.822353009730335,38.03265084705548
Donor_752,pericyte,H,20.0,54.811219568270516,49.15099238618641
Donor_752,perivascular macrophage,H,20.0,70.0392482709004,58.39759461285533
Donor_752,pvalb GABAergic interneuron,H,20.0,52.07966005915508,36.7513284688998
Donor_752,smooth muscle cell,H,20.0,,
Donor_752,sst GABAergic interneuron,H,20.0,49.244041483730044,37.4530620305461
Donor_752,vascular leptomeningeal cell,H,20.0,63.498268699822454,56.691044201250826
Donor_754,oligodendrocyte,H,36.0,56.23931518741065,48.28471732222724
Donor_760,L2/3-6 intratelencephalic projecting glutamatergic neuron,M,72.0,78.23466745356004,84.41798675708
Donor_760,astrocyte,M,72.0,56.95517717165757,82.99623195189326
Donor_760,oligodendrocyte,M,72.0,49.96747372620154,58.87748218037031
Donor_760,oligodendrocyte precursor cell,M,72.0,61.71717421207502,91.23101932158295
Donor_762,L2/3 intratelencephalic projecting glutamatergic neuron,M,66.0,63.26793664030136,60.21675656844127
Donor_762,L2/3-6 intratelencephalic projecting glutamatergic neuron,M,66.0,50.50389300882111,59.17784542066393
Donor_762,L6 corticothalamic-projecting glutamatergic cortical neuron,M,66.0,50.621557693401904,63.49647726778251
Donor_762,VIP GABAergic interneuron,M,66.0,54.99434640756503,52.00154650787737
Donor_762,astrocyte,M,66.0,48.43407230738901,65.89985466690892
Donor_762,oligodendrocyte,M,66.0,42.994679106649116,59.57495026532247
Donor_762,oligodendrocyte precursor cell,M,66.0,49.9667784301417,67.61204482925082
Donor_762,pvalb GABAergic interneuron,M,66.0,56.43460865384916,60.82811266395264
Donor_776,GABAergic neuron,M,38.0,46.852097501234184,30.860251516000186
Donor_776,L2/3 intratelencephalic projecting glutamatergic neuron,M,38.0,50.40177226623407,39.01095856928363
Donor_776,L2/3-6 intratelencephalic projecting glutamatergic neuron,M,38.0,48.647863605806634,43.10131295937943
Donor_776,L6 corticothalamic-projecting glutamatergic cortical neuron,M,38.0,43.93390188244836,38.86720108713128
Donor_776,VIP GABAergic interneuron,M,38.0,37.817910847629484,46.08785236485151
Donor_776,astrocyte,M,38.0,43.83612655884669,27.994144730026356
Donor_776,lamp5 GABAergic interneuron,M,38.0,41.13699377890743,31.90962081329546
Donor_776,microglial cell,M,38.0,47.80864081219241,45.1415234459021
Donor_776,oligodendrocyte,M,38.0,58.24688924993606,47.78391916303707
Donor_776,oligodendrocyte precursor cell,M,38.0,53.59375447213851,35.93841635970028
Donor_776,pvalb GABAergic interneuron,M,38.0,41.71141490041123,35.15068661090195
Donor_776,sst GABAergic interneuron,M,38.0,38.010137204663984,40.587468505928726
Donor_776,vascular leptomeningeal cell,M,38.0,48.83924595993225,44.265389822554106
Donor_777,L2/3 intratelencephalic projecting glutamatergic neuron,M,61.0,58.702091036151856,58.36830952395549
Donor_777,L2/3-6 intratelencephalic projecting glutamatergic neuron,M,61.0,53.173810703002815,51.80774163259873
Donor_777,VIP GABAergic interneuron,M,61.0,49.7280423525458,45.076174071751154
Donor_777,astrocyte,M,61.0,51.640639524102426,61.37555402067775
Donor_777,endothelial cell,M,61.0,49.098969730020734,53.26976196895269
Donor_777,oligodendrocyte,M,61.0,41.907801438966246,55.648433224992566
Donor_777,oligodendrocyte precursor cell,M,61.0,49.344870122778595,58.460803443988034
Donor_777,pericyte,M,61.0,50.681718592483946,48.26183446406327
Donor_777,pvalb GABAergic interneuron,M,61.0,34.141782998515524,58.34663247673426
Donor_791,GABAergic neuron,M,64.0,50.87853362575869,55.69923395497544
Donor_791,L2/3 intratelencephalic projecting glutamatergic neuron,M,64.0,55.377674968956136,52.14896129523312
Donor_791,L2/3-6 intratelencephalic projecting glutamatergic neuron,M,64.0,48.444490518356524,48.40049582461816
Donor_791,L6 corticothalamic-projecting glutamatergic cortical neuron,M,64.0,47.58925577100983,51.89649724357941
Donor_791,VIP GABAergic interneuron,M,64.0,44.07846138598122,50.66006454928493
Donor_791,astrocyte,M,64.0,49.69665487062399,58.5284099170765
Donor_791,lamp5 GABAergic interneuron,M,64.0,49.68919309688741,55.06954544975666
Donor_791,microglial cell,M,64.0,55.92441011717939,61.75928934084552
Donor_791,oligodendrocyte,M,64.0,49.134420432170984,57.209932711435464
Donor_791,oligodendrocyte precursor cell,M,64.0,44.93039150724131,64.36079086300073
Donor_791,pvalb GABAergic interneuron,M,64.0,38.15925555999382,43.77979229759566
Donor_791,sst GABAergic interneuron,M,64.0,46.92286385579699,49.86453843539948
Donor_799,GABAergic neuron,H,55.0,61.77053383113782,64.21996917464317
Donor_799,L2/3 intratelencephalic projecting glutamatergic neuron,H,55.0,53.68246037038497,56.64676354147821
Donor_799,L2/3-6 intratelencephalic projecting glutamatergic neuron,H,55.0,62.02678846422306,60.13839069211885
Donor_799,L5/6 near-projecting glutamatergic neuron,H,55.0,69.05249824137914,55.6199031765708
Donor_799,L6 corticothalamic-projecting glutamatergic cortical neuron,H,55.0,63.64722831911439,62.5300957897402
Donor_799,L6 intratelencephalic projecting glutamatergic neuron,H,55.0,56.97401491016059,52.751327022315415
Donor_799,VIP GABAergic interneuron,H,55.0,64.30708547380036,58.393987011319574
Donor_799,astrocyte,H,55.0,54.15378590997672,57.70177213076509
Donor_799,endothelial cell,H,55.0,61.22571525528275,47.21194663829101
Donor_799,lamp5 GABAergic interneuron,H,55.0,58.963294850896474,64.7696105263332
Donor_799,microglial cell,H,55.0,51.32350177878819,57.046018083415674
Donor_799,oligodendrocyte,H,55.0,53.765126845126865,52.61129938926067
Donor_799,oligodendrocyte precursor cell,H,55.0,56.839589453105596,53.89986904870034
Donor_799,pericyte,H,55.0,57.14096324125709,54.45854182620226
Donor_799,pvalb GABAergic interneuron,H,55.0,60.90030904315149,55.670772601052725
Donor_799,sst GABAergic interneuron,H,55.0,61.91675711970035,59.04640875573254
Donor_799,vascular leptomeningeal cell,H,55.0,63.04260965086506,55.47211841734526
Donor_805,GABAergic neuron,M,42.0,39.90904042320903,39.997092785269935
Donor_805,L2/3 intratelencephalic projecting glutamatergic neuron,M,42.0,36.902378755863296,38.74133447859133
Donor_805,L2/3-6 intratelencephalic projecting glutamatergic neuron,M,42.0,37.782924316541305,41.36972619117432
Donor_805,L5/6 near-projecting glutamatergic neuron,M,42.0,39.870819826164094,38.525982514934725
Donor_805,L6 corticothalamic-projecting glutamatergic cortical neuron,M,42.0,35.49897497736683,36.93358838947188
Donor_805,L6 intratelencephalic projecting glutamatergic neuron,M,42.0,36.420597528818845,43.12505300566716
Donor_805,L6b glutamatergic neuron of the primary motor cortex,M,42.0,36.769058047576095,34.63600349333675
Donor_805,VIP GABAergic interneuron,M,42.0,36.93801019017299,39.027529447953334
Donor_805,astrocyte,M,42.0,48.7957548923249,42.629380924211205
Donor_805,endothelial cell,M,42.0,42.40038714220321,42.818215361090175
Donor_805,lamp5 GABAergic interneuron,M,42.0,37.3445429679394,45.288052484946874
Donor_805,microglial cell,M,42.0,41.89385951305748,40.095712479436344
Donor_805,oligodendrocyte,M,42.0,38.04331908555068,38.3355123664315
Donor_805,oligodendrocyte precursor cell,M,42.0,39.503132593402995,39.52692805512774
Donor_805,pericyte,M,42.0,41.11435169529719,34.59582105885203
Donor_805,perivascular macrophage,M,42.0,34.73732206366713,36.28970367734285
Donor_805,pvalb GABAergic interneuron,M,42.0,39.41455338573399,38.45996752212814
Donor_805,sst GABAergic interneuron,M,42.0,33.6962836936311,40.97299141812702
Donor_805,vascular leptomeningeal cell,M,42.0,50.214326388731216,46.793655866022235
Donor_808,GABAergic neuron,M,80.0,46.30018479754408,62.58439330888605
Donor_808,L2/3 intratelencephalic projecting glutamatergic neuron,M,80.0,57.82908833094449,65.00905213254205
Donor_808,L2/3-6 intratelencephalic projecting glutamatergic neuron,M,80.0,59.45055732265709,65.4810483335504
Donor_808,L6 corticothalamic-projecting glutamatergic cortical neuron,M,80.0,56.73161764044265,66.13558735846902
Donor_808,L6 intratelencephalic projecting glutamatergic neuron,M,80.0,59.99100460818494,61.864509852227535
Donor_808,VIP GABAergic interneuron,M,80.0,43.78944407177212,64.89059162839197
Donor_808,astrocyte,M,80.0,48.56473318929271,65.3317275323484
Donor_808,lamp5 GABAergic interneuron,M,80.0,44.28014562026199,52.30428532532678
Donor_808,microglial cell,M,80.0,49.25649475063135,74.08627398894448
Donor_808,oligodendrocyte,M,80.0,48.14931936331826,58.58096144431207
Donor_808,oligodendrocyte precursor cell,M,80.0,56.19827471746648,65.18379128668425
Donor_808,pvalb GABAergic interneuron,M,80.0,50.66582337495874,58.90271345285449
Donor_808,sst GABAergic interneuron,M,80.0,48.42266918783202,63.37347038743141
Donor_81,GABAergic neuron,H,48.0,56.89144336220944,59.20662313400159
Donor_81,L2/3 intratelencephalic projecting glutamatergic neuron,H,48.0,53.99695045252636,62.0668755379211
Donor_81,L2/3-6 intratelencephalic projecting glutamatergic neuron,H,48.0,56.169878618293566,64.32878029167684
Donor_81,L5/6 near-projecting glutamatergic neuron,H,48.0,56.772016904828966,62.21884649943888
Donor_81,L6 corticothalamic-projecting glutamatergic cortical neuron,H,48.0,54.61319237662735,57.953794124382924
Donor_81,L6 intratelencephalic projecting glutamatergic neuron,H,48.0,51.702501195709544,58.93671514218229
Donor_81,L6b glutamatergic neuron of the primary motor cortex,H,48.0,65.0542541094944,66.67198076318029
Donor_81,VIP GABAergic interneuron,H,48.0,55.465923569470455,63.78990972670315
Donor_81,astrocyte,H,48.0,43.21324597173567,49.38000996571823
Donor_81,endothelial cell,H,48.0,54.996790194004014,61.414332867639466
Donor_81,lamp5 GABAergic interneuron,H,48.0,53.92351913419492,57.569747968619374
Donor_81,microglial cell,H,48.0,50.92161190817863,53.36055382822506
Donor_81,oligodendrocyte,H,48.0,39.18504080804893,47.570030228999606
Donor_81,oligodendrocyte precursor cell,H,48.0,43.8085263028502,51.83351203463648
Donor_81,pvalb GABAergic interneuron,H,48.0,52.0766503014062,70.76174033780579
Donor_81,sst GABAergic interneuron,H,48.0,47.85024879710107,67.4943022962028
Donor_830,L2/3 intratelencephalic projecting glutamatergic neuron,H,52.0,53.61218227204452,52.710429696558414
Donor_830,L2/3-6 intratelencephalic projecting glutamatergic neuron,H,52.0,44.74519441700808,52.87611830263387
Donor_830,L5/6 near-projecting glutamatergic neuron,H,52.0,52.15618707881068,50.69566965464816
Donor_830,L6 corticothalamic-projecting glutamatergic cortical neuron,H,52.0,60.9132415565536,52.6259561351822
Donor_830,L6 intratelencephalic projecting glutamatergic neuron,H,52.0,55.6937860530175,60.06079726583174
Donor_830,VIP GABAergic interneuron,H,52.0,58.315299297059354,55.68740806259022
Donor_830,astrocyte,H,52.0,53.903482506620776,45.48629924982853
Donor_830,endothelial cell,H,52.0,57.2481726523679,52.206456155049764
Donor_830,lamp5 GABAergic interneuron,H,52.0,53.96179996249268,51.252335644303585
Donor_830,microglial cell,H,52.0,58.095422829485805,43.303201077235684
Donor_830,oligodendrocyte,H,52.0,51.79023454082152,48.089096314076535
Donor_830,oligodendrocyte precursor cell,H,52.0,64.17734617549837,40.900051443151675
Donor_830,pericyte,H,52.0,61.31290319854989,58.09620026177666
Donor_830,pvalb GABAergic interneuron,H,52.0,58.300463046675134,52.97880923933205
Donor_830,sst GABAergic interneuron,H,52.0,68.33733504003413,52.154311259173774
Donor_839,GABAergic neuron,M,76.0,60.078064903517564,63.51868842237077
Donor_839,L2/3 intratelencephalic projecting glutamatergic neuron,M,76.0,66.87867297810055,74.82084891744798
Donor_839,L2/3-6 intratelencephalic projecting glutamatergic neuron,M,76.0,69.7686709475443,70.37405522262398
Donor_839,L5/6 near-projecting glutamatergic neuron,M,76.0,66.06231683551613,66.71250724214688
Donor_839,L6 corticothalamic-projecting glutamatergic cortical neuron,M,76.0,62.14320985758525,69.37461974720506
Donor_839,L6 intratelencephalic projecting glutamatergic neuron,M,76.0,67.73574185662576,71.74492997039229
Donor_839,VIP GABAergic interneuron,M,76.0,54.50383725175541,60.53039267295728
Donor_839,astrocyte,M,76.0,53.60137993600797,61.1098256946684
Donor_839,endothelial cell,M,76.0,47.183942964526445,50.52621023322857
Donor_839,lamp5 GABAergic interneuron,M,76.0,57.364180346372045,65.8859296873065
Donor_839,microglial cell,M,76.0,49.38783880551776,56.083101503524674
Donor_839,oligodendrocyte,M,76.0,54.737878395152755,65.9463938968413
Donor_839,oligodendrocyte precursor cell,M,76.0,47.221041281319685,66.50879808905808
Donor_839,pvalb GABAergic interneuron,M,76.0,60.09627013427854,64.58168156184956
Donor_839,sst GABAergic interneuron,M,76.0,55.551854154781545,69.39740186013006
Donor_84,GABAergic neuron,H,27.0,53.865999512830605,50.72217602973802
Donor_84,L2/3 intratelencephalic projecting glutamatergic neuron,H,27.0,58.81561508498615,45.03849638051589
Donor_84,L2/3-6 intratelencephalic projecting glutamatergic neuron,H,27.0,54.688578361605884,47.20084278704123
Donor_84,L5/6 near-projecting glutamatergic neuron,H,27.0,61.37646313238353,59.618761955946226
Donor_84,L6 intratelencephalic projecting glutamatergic neuron,H,27.0,54.88973024414419,49.318523174140225
Donor_84,L6b glutamatergic neuron of the primary motor cortex,H,27.0,59.71670610709438,50.0805111285744
Donor_84,VIP GABAergic interneuron,H,27.0,51.91965587718795,52.12550992947771
Donor_84,astrocyte,H,27.0,45.62909645618147,46.687392719719334
Donor_84,endothelial cell,H,27.0,57.43636550744333,49.48784257873157
Donor_84,lamp5 GABAergic interneuron,H,27.0,56.19178243206948,53.96537363943759
Donor_84,microglial cell,H,27.0,53.77323455906859,48.62567676516923
Donor_84,oligodendrocyte,H,27.0,61.468662894568205,42.84272537603392
Donor_84,oligodendrocyte precursor cell,H,27.0,53.40717829615728,33.379079955991116
Donor_84,pericyte,H,27.0,56.02000609787872,57.38478230331391
Donor_84,pvalb GABAergic interneuron,H,27.0,60.991643873908494,47.77269733595787
Donor_84,sst GABAergic interneuron,H,27.0,57.33476926697339,51.75734170666956
Donor_84,vascular leptomeningeal cell,H,27.0,57.70969646618979,63.371811714874354
Donor_848,GABAergic neuron,M,66.0,51.41603539176987,53.167401378743875
Donor_848,L2/3 intratelencephalic projecting glutamatergic neuron,M,66.0,61.27606902734623,52.65508339856159
Donor_848,L2/3-6 intratelencephalic projecting glutamatergic neuron,M,66.0,40.71952374252648,60.86002525340248
Donor_848,L6 intratelencephalic projecting glutamatergic neuron,M,66.0,42.906153380066044,63.3551229515806
Donor_848,VIP GABAergic interneuron,M,66.0,41.563567662293686,64.53323031187094
Donor_848,astrocyte,M,66.0,29.609166459112302,52.36309382412652
Donor_848,lamp5 GABAergic interneuron,M,66.0,50.87164670130475,63.804854409602015
Donor_848,microglial cell,M,66.0,48.17666337346945,38.463330290924
Donor_848,oligodendrocyte,M,66.0,36.91551809380013,46.80589455037779
Donor_848,oligodendrocyte precursor cell,M,66.0,21.280706561854718,56.48960563834662
Donor_848,pvalb GABAergic interneuron,M,66.0,36.07232471054191,52.045740448862084
Donor_848,sst GABAergic interneuron,M,66.0,51.277088809144026,53.73135741753768
Donor_871,GABAergic neuron,H,28.0,61.32273009632326,58.95499687266862
Donor_871,L2/3 intratelencephalic projecting glutamatergic neuron,H,28.0,38.177837486364936,30.985840176004388
Donor_871,L2/3-6 intratelencephalic projecting glutamatergic neuron,H,28.0,52.788696644332795,43.09919481608814
Donor_871,L5/6 near-projecting glutamatergic neuron,H,28.0,54.08696927658392,57.15811896783638
Donor_871,L6 corticothalamic-projecting glutamatergic cortical neuron,H,28.0,49.02648862927272,44.950581696036245
Donor_871,L6 intratelencephalic projecting glutamatergic neuron,H,28.0,45.97172781520507,49.84331801869601
Donor_871,L6b glutamatergic neuron of the primary motor cortex,H,28.0,56.30975165884806,54.017641105265575
Donor_871,VIP GABAergic interneuron,H,28.0,53.06455768638074,49.74984922828929
Donor_871,astrocyte,H,28.0,52.716102859511125,44.878199857273344
Donor_871,endothelial cell,H,28.0,56.21172961511623,48.82633593403246
Donor_871,lamp5 GABAergic interneuron,H,28.0,59.10480121465234,62.453975290859866
Donor_871,microglial cell,H,28.0,52.70816549850725,51.416714986903955
Donor_871,oligodendrocyte,H,28.0,56.740355278315015,44.286869750168705
Donor_871,oligodendrocyte precursor cell,H,28.0,49.59403500986725,48.05138276631664
Donor_871,perivascular macrophage,H,28.0,62.48224298768292,67.71225927874066
Donor_871,pvalb GABAergic interneuron,H,28.0,62.59114700482731,52.728334530251416
Donor_871,sst GABAergic interneuron,H,28.0,53.825463069890034,50.70237504476612
Donor_871,vascular leptomeningeal cell,H,28.0,61.35629557729873,60.70862358355613
Donor_894,L2/3 intratelencephalic projecting glutamatergic neuron,M,53.0,44.44874709561112,54.57413140263733
Donor_894,L2/3-6 intratelencephalic projecting glutamatergic neuron,M,53.0,37.52089668631479,47.24820401042964
Donor_894,VIP GABAergic interneuron,M,53.0,47.85361118296803,43.95292171218395
Donor_894,astrocyte,M,53.0,38.25306661669795,49.18057470887841
Donor_894,lamp5 GABAergic interneuron,M,53.0,35.647427322235586,50.26402243015844
Donor_894,microglial cell,M,53.0,51.5024200399058,42.22659959411618
Donor_894,oligodendrocyte,M,53.0,46.72824846852317,53.149821956005795
Donor_894,oligodendrocyte precursor cell,M,53.0,53.055560925190726,53.22289365488798
Donor_894,pvalb GABAergic interneuron,M,53.0,33.5275397793682,47.6942122737852
Donor_894,sst GABAergic interneuron,M,53.0,50.01450739145925,47.050232535253166
Donor_899,GABAergic neuron,H,35.0,49.12445881327212,48.27168245026429
Donor_899,L2/3 intratelencephalic projecting glutamatergic neuron,H,35.0,51.98035677917114,27.553365483658872
Donor_899,L2/3-6 intratelencephalic projecting glutamatergic neuron,H,35.0,41.5663286905629,47.352455475348336
Donor_899,L5/6 near-projecting glutamatergic neuron,H,35.0,48.9331785585042,47.941473421646606
Donor_899,L6 corticothalamic-projecting glutamatergic cortical neuron,H,35.0,48.974649204359956,53.035661683148774
Donor_899,L6 intratelencephalic projecting glutamatergic neuron,H,35.0,52.07172273675136,43.19193801369937
Donor_899,VIP GABAergic interneuron,H,35.0,47.40830433764885,51.53843073030527
Donor_899,astrocyte,H,35.0,56.3489748149942,46.177009752308095
Donor_899,endothelial cell,H,35.0,62.057755830657364,54.33683524152923
Donor_899,lamp5 GABAergic interneuron,H,35.0,48.07016102637298,51.363090582191575
Donor_899,microglial cell,H,35.0,56.711101896820516,54.02900545942458
Donor_899,oligodendrocyte,H,35.0,46.82530036812767,38.50220103027601
Donor_899,oligodendrocyte precursor cell,H,35.0,56.89955182281474,45.823650390973235
Donor_899,pvalb GABAergic interneuron,H,35.0,47.113902869757545,42.08859611686537
Donor_899,sst GABAergic interneuron,H,35.0,48.54893368193094,51.48296877643694
Donor_899,vascular leptomeningeal cell,H,35.0,63.69707257055086,64.8088495615517
Donor_907,GABAergic neuron,M,35.0,60.80793498560578,53.87659750332185
Donor_907,L2/3 intratelencephalic projecting glutamatergic neuron,M,35.0,62.992262036639076,50.13620317813754
Donor_907,L2/3-6 intratelencephalic projecting glutamatergic neuron,M,35.0,69.89693590974261,53.92314107127252
Donor_907,L6 corticothalamic-projecting glutamatergic cortical neuron,M,35.0,59.543585413537144,60.18860239693449
Donor_907,VIP GABAergic interneuron,M,35.0,63.192273286550396,49.905516154609515
Donor_907,astrocyte,M,35.0,68.54489245170399,49.08218597146981
Donor_907,endothelial cell,M,35.0,48.0013321795961,55.607815687936814
Donor_907,lamp5 GABAergic interneuron,M,35.0,60.87602063523386,57.42373849551165
Donor_907,microglial cell,M,35.0,50.37750270344179,47.198150382389265
Donor_907,oligodendrocyte,M,35.0,60.789969191349016,66.02521411705
Donor_907,oligodendrocyte precursor cell,M,35.0,56.11525619662457,58.79673484208192
Donor_907,pericyte,M,35.0,53.870879066866706,43.85370772839871
Donor_907,pvalb GABAergic interneuron,M,35.0,65.07929201950833,56.61263263093104
Donor_907,sst GABAergic interneuron,M,35.0,62.465986254459025,45.61423612687538
Donor_907,vascular leptomeningeal cell,M,35.0,44.49325192504933,57.48864126702825
Donor_908,GABAergic neuron,H,40.0,61.372466161221304,60.18221431740415
Donor_908,L2/3 intratelencephalic projecting glutamatergic neuron,H,40.0,47.30804657124557,45.376935659484445
Donor_908,L2/3-6 intratelencephalic projecting glutamatergic neuron,H,40.0,48.43555071604099,44.38655535507152
Donor_908,L5/6 near-projecting glutamatergic neuron,H,40.0,65.15302057475502,56.39849611918755
Donor_908,L6 corticothalamic-projecting glutamatergic cortical neuron,H,40.0,52.17191237427988,51.90544877149897
Donor_908,L6 intratelencephalic projecting glutamatergic neuron,H,40.0,59.5242979577132,58.050398773823765
Donor_908,L6b glutamatergic neuron of the primary motor cortex,H,40.0,60.17148624102202,59.75912567079297
Donor_908,VIP GABAergic interneuron,H,40.0,59.58450134137789,51.048563695150065
Donor_908,astrocyte,H,40.0,59.926360171629604,45.75344941782764
Donor_908,endothelial cell,H,40.0,63.56187524854692,50.20290693336818
Donor_908,lamp5 GABAergic interneuron,H,40.0,55.53419771392604,62.12426457549682
Donor_908,microglial cell,H,40.0,51.50256587999469,58.503140963279314
Donor_908,oligodendrocyte,H,40.0,56.28868305698872,44.233136332978475
Donor_908,oligodendrocyte precursor cell,H,40.0,58.71345948616395,48.11220172588438
Donor_908,pvalb GABAergic interneuron,H,40.0,58.85860283206598,47.24533514272892
Donor_908,sst GABAergic interneuron,H,40.0,57.55876222023727,55.96633596986824
Donor_909,GABAergic neuron,M,71.0,53.76602189794458,54.727233197635705
Donor_909,L2/3 intratelencephalic projecting glutamatergic neuron,M,71.0,52.321415502004655,55.671073859114394
Donor_909,L2/3-6 intratelencephalic projecting glutamatergic neuron,M,71.0,51.558769645343645,52.02947433008552
Donor_909,L6 corticothalamic-projecting glutamatergic cortical neuron,M,71.0,46.7392036813338,57.129817068434726
Donor_909,L6 intratelencephalic projecting glutamatergic neuron,M,71.0,38.756124545554826,53.37819756358803
Donor_909,VIP GABAergic interneuron,M,71.0,49.59247785070336,46.33039119983172
Donor_909,astrocyte,M,71.0,45.85019069184836,56.50012450785059
Donor_909,endothelial cell,M,71.0,50.2384080306388,45.639314230418584
Donor_909,lamp5 GABAergic interneuron,M,71.0,58.748400835327836,51.31489944428125
Donor_909,microglial cell,M,71.0,48.32206062332247,58.88682547430945
Donor_909,oligodendrocyte,M,71.0,46.16356676461323,56.76113914399053
Donor_909,oligodendrocyte precursor cell,M,71.0,43.34506513784968,52.27580601675601
Donor_909,pericyte,M,71.0,52.98788377621595,63.82851406387124
Donor_909,perivascular macrophage,M,71.0,42.829735689181014,44.262630096545124
Donor_909,pvalb GABAergic interneuron,M,71.0,47.30926135879757,44.983347472650706
Donor_909,sst GABAergic interneuron,M,71.0,51.815610860991406,63.29728681609356
Donor_912,L2/3 intratelencephalic projecting glutamatergic neuron,M,83.0,66.86008185966558,65.75775997640116
Donor_912,L2/3-6 intratelencephalic projecting glutamatergic neuron,M,83.0,60.2614848786735,75.7090572030233
Donor_912,VIP GABAergic interneuron,M,83.0,70.18870371212975,72.48219341205692
Donor_912,astrocyte,M,83.0,52.11662248059188,71.04559603416644
Donor_912,endothelial cell,M,83.0,50.95909692344744,56.80352766296664
Donor_912,lamp5 GABAergic interneuron,M,83.0,47.86971564180277,70.74051386768502
Donor_912,oligodendrocyte,M,83.0,62.228415504456216,69.11691966681038
Donor_912,oligodendrocyte precursor cell,M,83.0,61.4222001303084,72.0041925840294
Donor_912,pericyte,M,83.0,51.31341826977,56.696541286032954
Donor_912,pvalb GABAergic interneuron,M,83.0,53.786467353327396,75.60247524610554
Donor_915,GABAergic neuron,H,29.0,58.187661465367206,52.99849546618223
Donor_915,L2/3 intratelencephalic projecting glutamatergic neuron,H,29.0,41.056992671146574,38.81410599681665
Donor_915,L2/3-6 intratelencephalic projecting glutamatergic neuron,H,29.0,43.7257910528285,37.795713363573846
Donor_915,L5/6 near-projecting glutamatergic neuron,H,29.0,56.23813595187613,53.502013642565814
Donor_915,L6 corticothalamic-projecting glutamatergic cortical neuron,H,29.0,49.348869238960305,53.241223046131836
Donor_915,L6 intratelencephalic projecting glutamatergic neuron,H,29.0,46.808960087770245,47.45794079399262
Donor_915,L6b glutamatergic neuron of the primary motor cortex,H,29.0,54.32818391843885,51.21109889882667
Donor_915,VIP GABAergic interneuron,H,29.0,53.05682798699158,49.6562420560421
Donor_915,astrocyte,H,29.0,42.57811062509519,44.89708664974597
Donor_915,endothelial cell,H,29.0,55.69177086235708,54.28570154996685
Donor_915,lamp5 GABAergic interneuron,H,29.0,49.55903302602261,55.99799744348826
Donor_915,microglial cell,H,29.0,47.210209692354006,51.82846244259889
Donor_915,oligodendrocyte,H,29.0,53.43898227827019,47.24972049576219
Donor_915,oligodendrocyte precursor cell,H,29.0,53.05940224702228,51.3205424181252
Donor_915,pericyte,H,29.0,60.2581406725458,60.91900265424149
Donor_915,pvalb GABAergic interneuron,H,29.0,57.88350384473463,49.05890695854958
Donor_915,sst GABAergic interneuron,H,29.0,57.13533685772735,43.93755408666653
Donor_915,vascular leptomeningeal cell,H,29.0,76.00299065407755,69.3595557184421
Donor_922,GABAergic neuron,H,54.0,63.03666125714732,62.68506613729802
Donor_922,L2/3 intratelencephalic projecting glutamatergic neuron,H,54.0,55.705397521547134,55.95713968035564
Donor_922,L2/3-6 intratelencephalic projecting glutamatergic neuron,H,54.0,56.864223992153555,58.22701176490844
Donor_922,L5/6 near-projecting glutamatergic neuron,H,54.0,64.27477688569041,60.79684297335983
Donor_922,L6 corticothalamic-projecting glutamatergic cortical neuron,H,54.0,63.56399606357364,53.40306207779352
Donor_922,L6 intratelencephalic projecting glutamatergic neuron,H,54.0,56.443134841831245,54.46773961864713
Donor_922,L6b glutamatergic neuron of the primary motor cortex,H,54.0,61.32454577582046,60.13170602427284
Donor_922,VIP GABAergic interneuron,H,54.0,63.41569437618264,59.91954369372218
Donor_922,astrocyte,H,54.0,65.91651438824677,59.64242394007379
Donor_922,endothelial cell,H,54.0,56.90222371052695,51.4877248709159
Donor_922,lamp5 GABAergic interneuron,H,54.0,65.2447115594513,58.667843347018696
Donor_922,microglial cell,H,54.0,67.88252754003015,59.42555374042135
Donor_922,oligodendrocyte,H,54.0,60.29808546682269,54.58769924219548
Donor_922,oligodendrocyte precursor cell,H,54.0,58.110162409584326,51.722991355905236
Donor_922,pericyte,H,54.0,56.70652248315297,60.34449000391153
Donor_922,pvalb GABAergic interneuron,H,54.0,64.26726957801672,66.78894608447433
Donor_922,sst GABAergic interneuron,H,54.0,65.43702050960094,59.585280924361655
Donor_922,vascular leptomeningeal cell,H,54.0,68.5986334380931,63.71607706415137
Donor_93,GABAergic neuron,H,31.0,57.55290832201325,60.590145816609514
Donor_93,L2/3 intratelencephalic projecting glutamatergic neuron,H,31.0,37.58754779603996,32.994898371456486
Donor_93,L2/3-6 intratelencephalic projecting glutamatergic neuron,H,31.0,39.20144893853962,35.98852269805015
Donor_93,L5/6 near-projecting glutamatergic neuron,H,31.0,53.606491171419165,52.69663061950059
Donor_93,L6 corticothalamic-projecting glutamatergic cortical neuron,H,31.0,50.25240434896166,48.918794419277454
Donor_93,L6 intratelencephalic projecting glutamatergic neuron,H,31.0,44.129806581472494,43.90181534482336
Donor_93,L6b glutamatergic neuron of the primary motor cortex,H,31.0,53.45303090477604,51.10778104330314
Donor_93,VIP GABAergic interneuron,H,31.0,55.577329133905764,48.75462544557948
Donor_93,astrocyte,H,31.0,58.10623354015699,52.95175516252433
Donor_93,endothelial cell,H,31.0,55.091188305560124,48.34320878027593
Donor_93,lamp5 GABAergic interneuron,H,31.0,51.02166968107787,53.649088350184044
Donor_93,microglial cell,H,31.0,61.130246480352945,45.603137265911045
Donor_93,oligodendrocyte,H,31.0,49.86795542235921,42.5214112030676
Donor_93,oligodendrocyte precursor cell,H,31.0,52.714588158748654,47.364028009302004
Donor_93,pericyte,H,31.0,54.49977792314616,56.29433293630958
Donor_93,perivascular macrophage,H,31.0,69.05562352100903,58.650938994960164
Donor_93,pvalb GABAergic interneuron,H,31.0,51.55740265804954,44.46020504191567
Donor_93,sst GABAergic interneuron,H,31.0,46.09310175547701,45.62115720403045
Donor_93,vascular leptomeningeal cell,H,31.0,65.13253185630137,54.99260015426913
Donor_931,GABAergic neuron,M,80.0,58.43707476911116,64.08551908043535
Donor_931,L2/3 intratelencephalic projecting glutamatergic neuron,M,80.0,61.232657058241756,70.88441020374825
Donor_931,L2/3-6 intratelencephalic projecting glutamatergic neuron,M,80.0,68.2106554902465,68.54425567840737
Donor_931,L6 corticothalamic-projecting glutamatergic cortical neuron,M,80.0,60.6276470940268,65.67438586559568
Donor_931,L6 intratelencephalic projecting glutamatergic neuron,M,80.0,64.89683186463594,72.72695329354846
Donor_931,VIP GABAergic interneuron,M,80.0,55.484847969080576,60.6447928096394
Donor_931,astrocyte,M,80.0,56.74075034689993,75.72319843718304
Donor_931,lamp5 GABAergic interneuron,M,80.0,58.04268435475507,66.3975055332569
Donor_931,microglial cell,M,80.0,52.39611819248714,74.39394983340588
Donor_931,oligodendrocyte,M,80.0,50.98132375469679,63.83560703667659
Donor_931,oligodendrocyte precursor cell,M,80.0,52.98042535851274,79.76509387730164
Donor_931,pvalb GABAergic interneuron,M,80.0,57.59939547313073,69.63032535786101
Donor_931,sst GABAergic interneuron,M,80.0,59.332537378912576,62.29740402651373
Donor_932,GABAergic neuron,M,62.0,43.91567774213073,61.894828714080255
Donor_932,L2/3 intratelencephalic projecting glutamatergic neuron,M,62.0,51.89911559498707,60.48070953240375
Donor_932,L2/3-6 intratelencephalic projecting glutamatergic neuron,M,62.0,53.29245945740805,62.01140827793374
Donor_932,L6 corticothalamic-projecting glutamatergic cortical neuron,M,62.0,45.85247379451269,62.091146600578625
Donor_932,L6 intratelencephalic projecting glutamatergic neuron,M,62.0,50.81837138145003,64.62143729110164
Donor_932,VIP GABAergic interneuron,M,62.0,51.579987465316364,62.930084003439376
Donor_932,astrocyte,M,62.0,49.07560083330991,55.744025716685336
Donor_932,lamp5 GABAergic interneuron,M,62.0,48.649059107416846,54.831989184816074
Donor_932,microglial cell,M,62.0,43.691212768917445,53.52089631076764
Donor_932,oligodendrocyte,M,62.0,42.647927171841744,60.67791142436501
Donor_932,oligodendrocyte precursor cell,M,62.0,48.411836780289605,65.69443634731108
Donor_932,pvalb GABAergic interneuron,M,62.0,43.37895526152829,54.713351618706405
Donor_932,sst GABAergic interneuron,M,62.0,46.41739529781448,61.759059406252575
Donor_934,GABAergic neuron,H,40.0,68.28144368546359,57.134518887292714
Donor_934,L2/3 intratelencephalic projecting glutamatergic neuron,H,40.0,54.48604858576636,46.61024338345178
Donor_934,L2/3-6 intratelencephalic projecting glutamatergic neuron,H,40.0,52.7115774294376,47.82511816316924
Donor_934,L5/6 near-projecting glutamatergic neuron,H,40.0,68.26649644484833,66.69792850638818
Donor_934,L6 corticothalamic-projecting glutamatergic cortical neuron,H,40.0,55.32964918800326,46.43007572882668
Donor_934,L6 intratelencephalic projecting glutamatergic neuron,H,40.0,58.487254521513556,60.04116898257419
Donor_934,VIP GABAergic interneuron,H,40.0,57.23861969250088,56.129647605449506
Donor_934,astrocyte,H,40.0,46.788925666724225,49.70038660514127
Donor_934,endothelial cell,H,40.0,57.28189650493351,56.3625650653605
Donor_934,lamp5 GABAergic interneuron,H,40.0,70.59814768442175,61.46585544165171
Donor_934,oligodendrocyte,H,40.0,55.16487006417164,55.115728375587054
Donor_934,oligodendrocyte precursor cell,H,40.0,53.03665857523603,49.71251708631149
Donor_934,pericyte,H,40.0,59.20912255516731,60.80282337677555
Donor_934,pvalb GABAergic interneuron,H,40.0,67.0141307258255,55.72037775861698
Donor_934,sst GABAergic interneuron,H,40.0,52.44426486208479,66.86602024930603
Donor_934,vascular leptomeningeal cell,H,40.0,65.38125147128748,61.74001448283241
Donor_94,GABAergic neuron,M,66.0,45.386870398264925,46.87790746830704
Donor_94,L2/3 intratelencephalic projecting glutamatergic neuron,M,66.0,57.18709613245175,55.079755727847015
Donor_94,L2/3-6 intratelencephalic projecting glutamatergic neuron,M,66.0,58.30965445715004,58.49560677901717
Donor_94,VIP GABAergic interneuron,M,66.0,46.05810207048894,52.020036655742935
Donor_94,astrocyte,M,66.0,50.85650716605501,62.01711426516003
Donor_94,lamp5 GABAergic interneuron,M,66.0,39.87066637665245,50.88374145087284
Donor_94,microglial cell,M,66.0,34.19422171606665,51.38781756401432
Donor_94,oligodendrocyte,M,66.0,57.401220864151256,59.16538179477426
Donor_94,oligodendrocyte precursor cell,M,66.0,37.58957238515542,67.84395506531347
Donor_94,perivascular macrophage,M,66.0,39.0053818647461,39.12134615889952
Donor_94,pvalb GABAergic interneuron,M,66.0,39.307142868328995,46.764717320842955
Donor_94,sst GABAergic interneuron,M,66.0,46.514294021424355,47.853042668078494
Donor_946,GABAergic neuron,M,42.0,52.418833938926014,51.398930593509846
Donor_946,L2/3 intratelencephalic projecting glutamatergic neuron,M,42.0,51.43102906611316,49.799185783278844
Donor_946,L2/3-6 intratelencephalic projecting glutamatergic neuron,M,42.0,44.80284855936088,42.392091655192324
Donor_946,L5/6 near-projecting glutamatergic neuron,M,42.0,46.63155775370015,50.02772335501278
Donor_946,L6 corticothalamic-projecting glutamatergic cortical neuron,M,42.0,50.54954870103833,53.28268508994506
Donor_946,L6 intratelencephalic projecting glutamatergic neuron,M,42.0,50.919776957188816,47.38444663000776
Donor_946,VIP GABAergic interneuron,M,42.0,52.01599022439326,45.679428469219175
Donor_946,astrocyte,M,42.0,43.64258690925019,51.107956444909455
Donor_946,lamp5 GABAergic interneuron,M,42.0,47.081884769118645,56.128863873974
Donor_946,microglial cell,M,42.0,55.87243308945569,46.72137050131868
Donor_946,oligodendrocyte,M,42.0,48.96725847914347,43.106567361183274
Donor_946,oligodendrocyte precursor cell,M,42.0,49.00406598714532,44.97557523644895
Donor_946,pvalb GABAergic interneuron,M,42.0,44.31865824792138,48.00527538291115
Donor_946,sst GABAergic interneuron,M,42.0,53.305812320839834,52.55584561580693
Donor_957,GABAergic neuron,M,31.0,50.44751075051877,43.013269333929536
Donor_957,L2/3 intratelencephalic projecting glutamatergic neuron,M,31.0,41.86928504271548,39.416724433312474
Donor_957,L2/3-6 intratelencephalic projecting glutamatergic neuron,M,31.0,43.95217896421091,35.4093426651266
Donor_957,L6 corticothalamic-projecting glutamatergic cortical neuron,M,31.0,42.98932933010092,35.36292424014671
Donor_957,VIP GABAergic interneuron,M,31.0,50.17037366106787,33.38072360834158
Donor_957,astrocyte,M,31.0,49.39369960423343,43.455059917080504
Donor_957,endothelial cell,M,31.0,35.11478284874751,38.233699440951355
Donor_957,lamp5 GABAergic interneuron,M,31.0,39.2726963585991,39.16789355699327
Donor_957,microglial cell,M,31.0,37.647312766614576,42.57786481392286
Donor_957,oligodendrocyte,M,31.0,41.33624879168201,39.336306925150126
Donor_957,oligodendrocyte precursor cell,M,31.0,42.69435005153526,29.660923201080216
Donor_957,pericyte,M,31.0,36.9806651762901,42.723594494832255
Donor_957,pvalb GABAergic interneuron,M,31.0,50.464201968141765,41.701824593979104
Donor_957,sst GABAergic interneuron,M,31.0,50.90752866426909,34.40123146044491
Donor_959,GABAergic neuron,H,23.0,62.4305017625322,56.341050559380996
Donor_959,L2/3 intratelencephalic projecting glutamatergic neuron,H,23.0,38.85293236491644,19.648822187881336
Donor_959,L2/3-6 intratelencephalic projecting glutamatergic neuron,H,23.0,53.52446427776177,23.90109629022575
Donor_959,VIP GABAergic interneuron,H,23.0,59.982833623326265,38.966724278489245
Donor_959,astrocyte,H,23.0,49.27068267768197,33.375347692921714
Donor_959,endothelial cell,H,23.0,55.25978507316529,48.15285377396502
Donor_959,lamp5 GABAergic interneuron,H,23.0,63.855330420348025,52.25532261451751
Donor_959,microglial cell,H,23.0,58.49955047470637,46.05139833656864
Donor_959,oligodendrocyte,H,23.0,50.629078566266415,42.457668180237384
Donor_959,oligodendrocyte precursor cell,H,23.0,49.12201584272214,37.187785196985075
Donor_959,pericyte,H,23.0,59.18536167634589,55.274130789783484
Donor_959,pvalb GABAergic interneuron,H,23.0,59.217471570907925,39.08073176190919
Donor_959,sst GABAergic interneuron,H,23.0,55.769987352520204,34.0046688967537
Donor_960,GABAergic neuron,H,71.0,55.924282730492216,63.09478680232495
Donor_960,L2/3 intratelencephalic projecting glutamatergic neuron,H,71.0,62.188865519681265,65.69604681301458
Donor_960,L2/3-6 intratelencephalic projecting glutamatergic neuron,H,71.0,62.5864697729241,68.34468562870968
Donor_960,L5/6 near-projecting glutamatergic neuron,H,71.0,56.14606354620595,65.42688279766494
Donor_960,L6 corticothalamic-projecting glutamatergic cortical neuron,H,71.0,62.60395434577632,55.60152649163759
Donor_960,VIP GABAergic interneuron,H,71.0,59.380579975700435,69.38814395632808
Donor_960,astrocyte,H,71.0,67.6310699934333,67.12213359546938
Donor_960,endothelial cell,H,71.0,66.22225645834916,71.47855058302738
Donor_960,lamp5 GABAergic interneuron,H,71.0,55.003137396545185,64.41522539072126
Donor_960,microglial cell,H,71.0,69.70726429481897,73.24115193912522
Donor_960,oligodendrocyte,H,71.0,64.30818712860962,68.13424489424197
Donor_960,oligodendrocyte precursor cell,H,71.0,65.42275110976603,66.90508577049977
Donor_960,pvalb GABAergic interneuron,H,71.0,58.24056745291236,64.45768216093083
Donor_960,sst GABAergic interneuron,H,71.0,59.18825737634143,71.67375999019798
Donor_961,GABAergic neuron,H,83.0,69.86970536257637,71.02980303163136
Donor_961,L2/3 intratelencephalic projecting glutamatergic neuron,H,83.0,65.1831388004412,72.32168409174642
Donor_961,L2/3-6 intratelencephalic projecting glutamatergic neuron,H,83.0,75.32411605875765,73.47230405239415
Donor_961,L5/6 near-projecting glutamatergic neuron,H,83.0,71.9616182023562,69.45214860047504
Donor_961,L6 corticothalamic-projecting glutamatergic cortical neuron,H,83.0,73.91324025149557,72.95388153214385
Donor_961,VIP GABAergic interneuron,H,83.0,67.94210229709672,73.25582117128371
Donor_961,astrocyte,H,83.0,65.75238470169265,71.36032637402306
Donor_961,endothelial cell,H,83.0,61.77204212722873,57.85447066781733
Donor_961,lamp5 GABAergic interneuron,H,83.0,72.90115671199834,67.86072461554112
Donor_961,microglial cell,H,83.0,62.26680180896439,68.18586474699802
Donor_961,oligodendrocyte,H,83.0,63.51501978545114,70.81102171304639
Donor_961,oligodendrocyte precursor cell,H,83.0,59.20280282956895,69.05451214139057
Donor_961,pericyte,H,83.0,56.86597991118267,64.86267713125842
Donor_961,pvalb GABAergic interneuron,H,83.0,72.23175350876411,75.81440704086266
Donor_961,sst GABAergic interneuron,H,83.0,70.45103595736117,76.54289973641136
Donor_961,vascular leptomeningeal cell,H,83.0,72.75017502014462,66.29676500676676
Donor_968,GABAergic neuron,M,62.0,71.12735687970512,59.96388890412992
Donor_968,L2/3 intratelencephalic projecting glutamatergic neuron,M,62.0,62.06409570253054,65.20692103441075
Donor_968,VIP GABAergic interneuron,M,62.0,66.9061296651189,64.34735833364188
Donor_968,astrocyte,M,62.0,52.27837043752561,63.82170297588097
Donor_968,lamp5 GABAergic interneuron,M,62.0,62.0718202237034,56.40679082403442
Donor_968,microglial cell,M,62.0,64.66815005728336,55.16549560793229
Donor_968,oligodendrocyte,M,62.0,54.57797289395563,64.98694615427766
Donor_968,oligodendrocyte precursor cell,M,62.0,57.130434425698795,66.33817925937299
Donor_976,GABAergic neuron,H,50.0,65.6535298507488,63.66747211746262
Donor_976,L2/3 intratelencephalic projecting glutamatergic neuron,H,50.0,55.319165088063464,59.231542259416464
Donor_976,L2/3-6 intratelencephalic projecting glutamatergic neuron,H,50.0,58.539505639867485,51.77802807731746
Donor_976,L5/6 near-projecting glutamatergic neuron,H,50.0,61.78306562217973,57.942835693704296
Donor_976,L6 corticothalamic-projecting glutamatergic cortical neuron,H,50.0,59.35395962709124,54.8555368640009
Donor_976,L6 intratelencephalic projecting glutamatergic neuron,H,50.0,61.34535363754308,60.49327208544485
Donor_976,L6b glutamatergic neuron of the primary motor cortex,H,50.0,65.69709252952329,62.931616524067366
Donor_976,VIP GABAergic interneuron,H,50.0,59.63484925759426,61.90609421863477
Donor_976,astrocyte,H,50.0,57.41813255060359,55.76191626999578
Donor_976,endothelial cell,H,50.0,60.96298897753228,55.12573645170191
Donor_976,lamp5 GABAergic interneuron,H,50.0,64.26410224767119,64.83937873437964
Donor_976,microglial cell,H,50.0,50.7951574492755,51.291098973420304
Donor_976,oligodendrocyte,H,50.0,57.98421836561545,56.25190635132252
Donor_976,oligodendrocyte precursor cell,H,50.0,49.958821480464906,51.560405861275065
Donor_976,pericyte,H,50.0,57.90549780283537,59.60171485702289
Donor_976,pvalb GABAergic interneuron,H,50.0,60.2845997952979,55.230469089792194
Donor_976,sst GABAergic interneuron,H,50.0,65.57061266440165,60.197557339240305
Donor_989,GABAergic neuron,H,41.0,59.830973791371875,57.80481858515678
Donor_989,L2/3 intratelencephalic projecting glutamatergic neuron,H,41.0,57.19334523464768,56.463764318182754
Donor_989,L2/3-6 intratelencephalic projecting glutamatergic neuron,H,41.0,52.55173529557013,50.360154094489474
Donor_989,L5/6 near-projecting glutamatergic neuron,H,41.0,59.40981953108564,53.35084369423802
Donor_989,L6 intratelencephalic projecting glutamatergic neuron,H,41.0,53.93245808114719,57.12362544516115
Donor_989,L6b glutamatergic neuron of the primary motor cortex,H,41.0,57.88666606524995,54.265846418621045
Donor_989,VIP GABAergic interneuron,H,41.0,55.93847855546888,48.142539219243346
Donor_989,endothelial cell,H,41.0,60.16183801708665,51.87742720379639
Donor_989,lamp5 GABAergic interneuron,H,41.0,50.04594542307858,48.911307652607846
Donor_989,microglial cell,H,41.0,54.430385118975025,54.30180045298722
Donor_989,oligodendrocyte,H,41.0,69.22651752742647,66.3692452475973
Donor_989,oligodendrocyte precursor cell,H,41.0,66.45345989640666,47.229137793720554
Donor_989,pvalb GABAergic interneuron,H,41.0,56.85777683159695,51.98619739091397
Donor_989,sst GABAergic interneuron,H,41.0,69.70485700834826,62.18869732027662
Donor_99,GABAergic neuron,H,51.0,59.62177337982804,59.18798389024337
Donor_99,L2/3 intratelencephalic projecting glutamatergic neuron,H,51.0,57.57893524480997,52.32087710085028
Donor_99,L2/3-6 intratelencephalic projecting glutamatergic neuron,H,51.0,59.834112135868445,55.554657892797835
Donor_99,VIP GABAergic interneuron,H,51.0,57.00787581266067,53.961346889281714
Donor_99,astrocyte,H,51.0,65.78276238972445,58.25762310088337
Donor_99,endothelial cell,H,51.0,52.02462831335498,52.09412415589012
Donor_99,lamp5 GABAergic interneuron,H,51.0,51.06107844609534,55.85545450399123
Donor_99,microglial cell,H,51.0,63.41359193069516,53.74535187997465
Donor_99,oligodendrocyte,H,51.0,62.531046226616915,58.18560641153725
Donor_99,oligodendrocyte precursor cell,H,51.0,51.97979246852698,45.9401814410529
Donor_99,pvalb GABAergic interneuron,H,51.0,58.4948594018457,56.245405030223566
Donor_99,sst GABAergic interneuron,H,51.0,50.17388082496411,57.57065822425719
Donor_992,L2/3 intratelencephalic projecting glutamatergic neuron,H,57.0,76.85870682916365,62.17309240429296
Donor_992,VIP GABAergic interneuron,H,57.0,81.74456977667896,67.6659953588286
Donor_992,astrocyte,H,57.0,72.18940903579637,62.21038651998904
Donor_992,endothelial cell,H,57.0,66.12561398219526,62.66502316798394
Donor_992,microglial cell,H,57.0,60.68481355548995,58.26622395767034
Donor_992,oligodendrocyte,H,57.0,65.15935289422465,56.65221677772637
Donor_992,oligodendrocyte precursor cell,H,57.0,65.90100923761801,56.35777037414184
Donor_992,pericyte,H,57.0,65.04903813426012,70.38205909813101
Donor_992,pvalb GABAergic interneuron,H,57.0,68.87191798116453,66.94541271394024
Donor_992,sst GABAergic interneuron,H,57.0,75.66227415973151,59.83808385480121
Donor_992,vascular leptomeningeal cell,H,57.0,67.43066047149341,63.79996740620405
